well	0	1200	2400	3600	4800	6000	7200	8400	9600	10800	12000	13200	14400	15600	16800	18000	19200	20400	21600	22800	24000	25200	26400	27600	28800	30000	31200	32400	33600	34800	36000	37200	38400	39600	40800	42000	43200	44400	45600	46800	48000	49200	50400	51600	52800	54000	55200	56400	57600	58800	60000	61200	62400	63600	64800	66000	67200	68400	69600	70800	72000	Summary
A1	0.049619999999999984	0.06005999999999999	0.05963333333333334	0.06384666666666668	0.07652666666666666	0.08008666666666667	0.08274666666666666	0.08834	0.08882	0.08820666666666668	0.09178666666666667	0.09326666666666669	0.09544000000000004	0.0956266666666667	0.10061333333333336	0.10244666666666669	0.10511999999999999	0.10608666666666666	0.10781333333333332	0.10899333333333332	0.11180666666666665	0.11761333333333335	0.12491333333333335	0.13903333333333334	0.15356	0.17036	0.19012	0.22503333333333334	0.27958	0.31716	0.35414	0.41361333333333333	0.4881466666666666	0.55168	0.5807599999999999	0.6025400000000001	0.6349	0.6483666666666668	0.6245999999999999	0.6237666666666667	0.6196733333333333	0.5621066666666666	0.4932333333333333	0.44666666666666666	0.42316666666666664	0.4118666666666667	0.4172133333333333	0.42190666666666665	0.4316533333333334	0.44897333333333334	0.47214	0.49939999999999996	0.5356666666666666	0.5785666666666667	0.6211666666666666	0.6607666666666667	0.7049533333333333	0.7441	0.7786066666666667	0.8083466666666667	0.8253533333333334	Growth with alanine supplementation, no spermine treatment.
A2	0.00560666666666666	0.011073333333333329	0.01712666666666666	0.01728	0.018426666666666668	0.015106666666666674	0.01100666666666667	0.006480000000000002	0.009000000000000003	0.010826666666666668	0.010926666666666663	0.010806666666666664	0.013079999999999998	0.014586666666666664	0.01515333333333333	0.015426666666666667	0.016859999999999997	0.014326666666666665	0.01455333333333333	0.012473333333333331	0.012886666666666663	0.013293333333333329	0.015773333333333327	0.013853333333333323	0.01525999999999999	0.016519999999999996	0.016459999999999992	0.01254666666666666	0.013973333333333332	0.012713333333333332	0.010093333333333326	0.011626666666666664	0.01712666666666666	0.018639999999999997	0.022	0.0248	0.021640000000000003	0.018086666666666674	0.012493333333333339	0.011480000000000008	0.010806666666666676	0.013040000000000006	0.012486666666666674	0.012586666666666673	0.008633333333333337	0.00961333333333334	0.009780000000000006	0.00838666666666667	0.010413333333333335	0.012726666666666669	0.01031333333333333	0.00895333333333333	0.011386666666666661	0.010786666666666661	0.010246666666666664	0.010786666666666667	0.010333333333333338	0.009580000000000005	0.009046666666666675	0.008266666666666672	0.007333333333333336	Media control
A3	0.03658000000000001	0.040300000000000016	0.041146666666666665	0.046713333333333336	0.05237333333333334	0.04865333333333334	0.05842666666666666	0.058440000000000006	0.052779999999999994	0.05252666666666665	0.056399999999999985	0.04668666666666666	0.04785999999999999	0.04860666666666666	0.04584666666666666	0.03914666666666667	0.04238666666666667	0.032246666666666673	0.028453333333333337	0.032240000000000005	0.03681333333333333	0.03729333333333333	0.0514	0.06445999999999999	0.07034666666666667	0.08002666666666666	0.0871	0.09907999999999999	0.12824	0.21303999999999998	0.3468	0.5294266666666667	0.7714533333333333	1.0413333333333334	1.2891533333333334	1.5027933333333334	1.6590799999999999	1.7283666666666666	1.66468	1.4022933333333332	1.1297533333333334	0.8808399999999998	0.65018	0.50222	0.5298866666666667	0.5658533333333333	0.59842	0.64532	0.6989266666666667	0.75254	0.8019733333333333	0.8475933333333334	0.8901999999999999	0.9374266666666667	0.98824	1.0366533333333332	1.0849199999999999	1.1381800000000002	1.1867733333333335	1.2243333333333335	1.2473733333333334	Growth with low glutamate supplementation, no spermine treatment.
A4	0.016359999999999996	0.02454	0.02388666666666667	0.02447333333333334	0.028253333333333342	0.029113333333333342	0.024286666666666668	0.021519999999999994	0.01989999999999999	0.020006666666666662	0.020579999999999998	0.017226666666666668	0.026120000000000004	0.02604666666666667	0.033666666666666664	0.04050666666666667	0.05212666666666667	0.04610666666666667	0.05299333333333334	0.05384	0.058473333333333335	0.06335333333333333	0.07636000000000001	0.08553999999999999	0.09684666666666666	0.11622666666666667	0.16644	0.24213999999999997	0.37448	0.55904	0.78462	1.0016466666666666	1.2227533333333334	1.4014133333333334	1.5424333333333333	1.6368533333333333	1.71356	1.7565866666666665	1.7758599999999998	1.6684733333333335	1.3920533333333334	1.1159599999999998	0.8524800000000001	0.60182	0.47210666666666673	0.5086933333333333	0.54512	0.5873999999999999	0.6327866666666667	0.67708	0.7343533333333333	0.7927733333333333	0.8447000000000001	0.8979466666666667	0.95462	1.0000133333333334	1.04626	1.0932600000000001	1.1349533333333333	1.1634733333333336	1.1821933333333334	Growth with high glutamate supplementation, no spermine treatment.
A5	0.0026933333333333366	0.0046533333333333374	0.0033066666666666687	0.005720000000000003	0.00874666666666667	0.009733333333333339	0.007773333333333338	0.007773333333333338	0.004013333333333336	0.0009866666666666691	0.00040000000000000034	0.00040000000000000034	0.00272	0.005273333333333336	0.007300000000000001	0.010693333333333332	0.015746666666666666	0.013426666666666665	0.019753333333333335	0.02809333333333333	0.039433333333333334	0.05026666666666667	0.07890666666666667	0.10326666666666666	0.13480666666666669	0.15952666666666665	0.19466666666666665	0.22519999999999998	0.2693133333333333	0.2949533333333333	0.32259999999999994	0.3409333333333333	0.35769999999999996	0.36374	0.38253333333333334	0.40108	0.42786	0.45228	0.46698666666666666	0.48314666666666667	0.49664666666666674	0.5062599999999999	0.46632666666666667	0.40646000000000004	0.33524	0.26659333333333335	0.19045333333333336	0.16352000000000003	0.16112	0.16752000000000003	0.1808066666666667	0.19715333333333335	0.20726666666666665	0.22993333333333332	0.2522666666666667	0.27619333333333335	0.30443333333333333	0.34334	0.37552	0.4061866666666667	0.4205866666666667	Growth with high glutamate supplementation and spermine treatment.
A7	0.018793333333333335	0.01704666666666667	0.014413333333333334	0.015773333333333337	0.01163333333333334	0.013733333333333337	0.01114	0.014413333333333334	0.013713333333333327	0.01372666666666666	0.013526666666666659	0.012426666666666664	0.012986666666666669	0.013386666666666675	0.014866666666666672	0.01784666666666667	0.022486666666666672	0.018653333333333334	0.022279999999999994	0.0288	0.034973333333333335	0.04398666666666667	0.06666000000000001	0.08677333333333334	0.10848666666666666	0.12319333333333334	0.14190666666666668	0.15426	0.17812	0.19084	0.21002666666666667	0.2196266666666667	0.2348333333333333	0.23839333333333332	0.2499533333333333	0.2597733333333333	0.2799333333333333	0.29198666666666667	0.29666000000000003	0.29896	0.30174666666666666	0.27346	0.23719333333333337	0.20217999999999997	0.17176	0.14639333333333335	0.14408	0.15464666666666665	0.16829333333333332	0.18097999999999997	0.19823333333333332	0.21589999999999998	0.23225333333333334	0.2551866666666666	0.28364666666666666	0.3108666666666666	0.3391266666666667	0.38132666666666665	0.41378666666666664	0.4378	0.45604666666666666	Growth with high glutamate supplementation and spermine treatment.
A8	0.014333333333333326	0.009986666666666661	0.012706666666666663	0.014646666666666669	0.016153333333333336	0.02196666666666667	0.024160000000000004	0.023513333333333337	0.023913333333333342	0.024273333333333334	0.023400000000000004	0.02750666666666667	0.03167333333333334	0.03195333333333333	0.03322	0.037566666666666665	0.039773333333333334	0.039439999999999996	0.043573333333333325	0.045753333333333326	0.04804	0.05373333333333334	0.06340666666666667	0.07358666666666666	0.08843333333333334	0.10578666666666667	0.13203333333333334	0.16966	0.24880000000000005	0.34866	0.4707066666666666	0.64476	0.8475333333333334	1.0374533333333333	1.21002	1.3260800000000001	1.3961	1.3957000000000002	1.38186	1.35754	1.341273333333333	1.1338266666666668	0.9457799999999998	0.7458066666666666	0.5498133333333334	0.38719333333333333	0.4067	0.43608	0.4627333333333333	0.49862666666666666	0.5312333333333333	0.5525800000000001	0.5757066666666667	0.59844	0.6163466666666666	0.6317200000000001	0.6551133333333333	0.6808866666666666	0.7090533333333333	0.7311866666666667	0.7436933333333333	Baseline growth with no supplementation or treatment.
A10	0.0044399999999999995	0.008860000000000002	0.008420000000000006	0.007900000000000008	0.01007333333333334	0.011486666666666673	0.007560000000000006	0.0071933333333333346	0.005853333333333338	0.005473333333333335	0.006160000000000004	0.0071066666666666665	0.007753333333333334	0.008373333333333326	0.007339999999999997	0.006606666666666661	0.006793333333333334	0.006559999999999999	0.008873333333333339	0.010513333333333336	0.012300000000000005	0.013053333333333339	0.014066666666666672	0.011346666666666672	0.011573333333333347	0.010146666666666675	0.00931333333333334	0.009960000000000007	0.012500000000000006	0.010460000000000007	0.01036666666666668	0.010680000000000018	0.009413333333333352	0.01079333333333335	0.012520000000000009	0.01376	0.015279999999999988	0.014739999999999986	0.010919999999999985	0.01085999999999998	0.010213333333333319	0.008826666666666655	0.008439999999999993	0.00902666666666666	0.009893333333333332	0.008713333333333333	0.00968	0.009920000000000002	0.012673333333333332	0.011466666666666663	0.01313333333333333	0.011680000000000001	0.012526666666666669	0.009860000000000008	0.009946666666666677	0.008920000000000011	0.011813333333333348	0.012006666666666676	0.013793333333333347	0.014926666666666682	0.015813333333333346	Media control
A11	0.02991999999999998	0.028426666666666645	0.031499999999999986	0.03381999999999998	0.03493333333333332	0.03667999999999999	0.038273333333333326	0.03682666666666666	0.035859999999999996	0.03651333333333333	0.036660000000000005	0.03960000000000001	0.042286666666666674	0.04778	0.05224000000000001	0.05913333333333335	0.06356	0.07326000000000002	0.09482	0.13042	0.15423333333333333	0.16681333333333334	0.19075333333333333	0.20115333333333335	0.20632666666666669	0.20006000000000004	0.1998666666666667	0.18166666666666667	0.17026666666666668	0.14695333333333335	0.14047333333333334	0.13801999999999998	0.13820666666666667	0.13368	0.13320666666666667	0.1353933333333333	0.15292666666666668	0.16524666666666668	0.17264666666666667	0.18220666666666668	0.19831333333333334	0.20209333333333332	0.20578666666666665	0.21381999999999998	0.22024666666666665	0.22824	0.23986000000000002	0.2633466666666667	0.2846533333333333	0.3095133333333333	0.33831333333333335	0.36376	0.4019466666666666	0.45242666666666675	0.50924	0.5676066666666666	0.633	0.6906266666666667	0.7433266666666667	0.7835066666666666	0.8048266666666667	Growth with alanine supplementation and spermine treatment.
A12	0.03265333333333333	0.02712	0.030266666666666664	0.031206666666666667	0.029479999999999996	0.032173333333333325	0.03326666666666665	0.03115333333333332	0.03171333333333332	0.02893333333333333	0.025500000000000002	0.027613333333333333	0.027160000000000007	0.029313333333333337	0.033859999999999994	0.04068666666666666	0.04572666666666666	0.05551999999999999	0.07032000000000001	0.09720000000000001	0.11454	0.13116666666666668	0.14608	0.15394	0.15539333333333333	0.1542533333333333	0.15022666666666665	0.14237333333333332	0.13807333333333333	0.12516	0.11999333333333335	0.12034	0.12938666666666668	0.12991999999999998	0.13112666666666667	0.13750666666666667	0.14484666666666665	0.14517333333333332	0.15258666666666668	0.16329333333333335	0.17091333333333333	0.17506666666666665	0.18268666666666666	0.1937	0.20516666666666664	0.21859333333333328	0.23634	0.2601133333333333	0.2802933333333333	0.30027333333333334	0.32413333333333333	0.34950666666666663	0.37648000000000004	0.40902666666666665	0.44996	0.49291999999999997	0.5368733333333333	0.58374	0.6322866666666667	0.6696066666666667	0.68894	Growth with spermine treatment, no supplementation.
B1	0.000933333333333336	0.0026200000000000056	0.004266666666666674	0.00822666666666667	0.010053333333333336	0.011279999999999995	0.011346666666666661	0.011786666666666662	0.01044	0.010839999999999999	0.0113	0.01846666666666667	0.023240000000000004	0.02411333333333334	0.025640000000000013	0.026260000000000016	0.022200000000000015	0.02043333333333335	0.02308666666666668	0.027140000000000008	0.03309333333333334	0.04072	0.056546666666666655	0.07278666666666667	0.09383333333333332	0.11505333333333334	0.14432666666666666	0.21130666666666667	0.33353333333333335	0.4197333333333334	0.46479333333333334	0.52466	0.5604866666666666	0.5281066666666667	0.49900666666666665	0.5397266666666666	0.5780933333333332	0.5573400000000001	0.53362	0.5302733333333334	0.4989933333333333	0.44670000000000004	0.43678	0.44832	0.47953333333333326	0.52244	0.5771933333333333	0.6397133333333334	0.7066533333333334	0.7733933333333333	0.8321799999999999	0.8905733333333334	0.9484200000000002	1.0030933333333334	1.0559733333333334	1.1088933333333333	1.15492	1.2002866666666665	1.2369333333333334	1.2618	1.28106	Growth with high glutamate supplementation, no spermine treatment.
B3	0.0022533333333333294	0.0043999999999999985	0.006919999999999998	0.006919999999999998	0.006919999999999998	0.0047400000000000055	0.004680000000000001	0.004193333333333332	0.006393333333333334	0.0073666666666666655	0.008866666666666662	0.010526666666666667	0.010359999999999998	0.009266666666666668	0.011273333333333335	0.01212666666666667	0.011239999999999995	0.015266666666666668	0.01859333333333333	0.02267333333333333	0.025526666666666663	0.03021333333333333	0.031173333333333324	0.03665333333333332	0.04019999999999999	0.04585999999999999	0.05127999999999999	0.06363333333333333	0.0739	0.08588	0.10568	0.13493333333333332	0.17214666666666667	0.22199999999999998	0.30148	0.38498	0.51756	0.6303866666666667	0.78054	0.9407666666666665	1.0701533333333333	1.1731666666666665	1.3329133333333334	1.4661066666666667	1.5454466666666666	1.6224866666666666	1.6102533333333333	1.4090666666666667	1.1755733333333334	0.9490733333333333	0.74264	0.58058	0.5641466666666666	0.5586666666666666	0.5838466666666667	0.6210666666666667	0.6815333333333334	0.7442000000000001	0.8118866666666668	0.8536666666666667	0.8762533333333333	Growth with alanine supplementation, no spermine treatment.
B4	0.0	0.0	0.0	0.0019733333333333382	0.003433333333333338	0.003433333333333338	0.003433333333333338	0.004220000000000007	0.002246666666666669	0.0007866666666666688	0.002146666666666669	0.002146666666666669	0.0035199999999999954	0.005959999999999993	0.00842666666666666	0.010246666666666664	0.014366666666666661	0.012206666666666666	0.014993333333333336	0.020999999999999998	0.02859333333333333	0.03457333333333334	0.05118	0.06341999999999999	0.07398666666666666	0.08124666666666665	0.09327999999999999	0.10437999999999999	0.12056	0.13200000000000003	0.14450000000000002	0.1538466666666667	0.16331333333333337	0.16611333333333336	0.17511333333333337	0.18865333333333334	0.21870000000000003	0.23296666666666663	0.22611999999999996	0.21217333333333332	0.18785333333333332	0.14687999999999998	0.11846000000000001	0.11426	0.11868666666666668	0.13227333333333333	0.14550000000000002	0.17098000000000002	0.19304666666666667	0.21270000000000003	0.23801333333333335	0.26581333333333335	0.28412000000000004	0.3138066666666667	0.35372	0.3893733333333333	0.43396	0.48109999999999997	0.5223533333333333	0.5512333333333332	0.5708733333333333	Growth with high glutamate supplementation and spermine treatment.
B5	0.0	0.0017399999999999972	0.008046666666666664	0.010026666666666661	0.010026666666666661	0.01047333333333333	0.008733333333333333	0.0029866666666666652	0.0013533333333333342	0.0027066666666666684	0.00368	0.01117333333333334	0.011373333333333341	0.012780000000000008	0.01159333333333334	0.01096666666666667	0.003966666666666663	0.017393333333333327	0.018639999999999997	0.01847333333333333	0.01768	0.018373333333333335	0.004286666666666666	0.0012866666666666638	0.005953333333333333	0.012206666666666666	0.012186666666666656	0.012799999999999995	0.013093333333333328	0.008453333333333335	0.0032600000000000016	0.004553333333333342	0.003900000000000009	0.006540000000000007	0.007433333333333331	0.0068000000000000005	0.0044399999999999995	0.005700000000000005	0.004086666666666672	0.0048266666666666735	0.007266666666666671	0.011120000000000008	0.01096666666666667	0.018120000000000004	0.019060000000000004	0.016193333333333337	0.014433333333333336	0.015160000000000007	0.010020000000000006	0.010480000000000007	0.01100666666666667	0.008813333333333334	0.011946666666666661	0.009453333333333324	0.00842666666666666	0.009293333333333325	0.014413333333333323	0.009919999999999995	0.01452	0.017926666666666664	0.017066666666666667	Media control
B6	0.0067666666666666596	0.012746666666666656	0.012746666666666656	0.012179999999999991	0.012186666666666656	0.008873333333333327	0.002893333333333331	0.0011866666666666636	0.0018133333333333278	0.0030799999999999994	0.005959999999999998	0.005959999999999998	0.011320000000000002	0.014806666666666673	0.01896000000000001	0.021313333333333344	0.026886666666666677	0.021506666666666674	0.024813333333333343	0.030593333333333333	0.036653333333333336	0.045146666666666675	0.08280666666666667	0.11442666666666668	0.15766666666666668	0.17652666666666667	0.19428666666666666	0.20414000000000004	0.26087333333333335	0.28089333333333333	0.28321999999999997	0.28619333333333336	0.28914	0.25204	0.2292933333333333	0.23251999999999998	0.25788	0.25666	0.25862666666666667	0.25932666666666665	0.27652666666666664	0.26494000000000006	0.2577866666666667	0.23618	0.22454000000000002	0.22125333333333336	0.21821333333333331	0.23142000000000001	0.23943999999999996	0.25214	0.2665066666666666	0.2845333333333333	0.31638666666666665	0.3747533333333333	0.44378666666666666	0.5194733333333333	0.6110733333333334	0.6908200000000001	0.75614	0.8055266666666668	0.8327466666666666	Growth with alanine supplementation and spermine treatment.
B7	0.017413333333333343	0.014986666666666672	0.009233333333333338	0.0034800000000000026	0.0028200000000000005	0.002979999999999999	0.004886666666666667	0.006280000000000003	0.006633333333333336	0.006046666666666667	0.005426666666666668	0.003520000000000001	0.0022799999999999986	0.0019266666666666655	0.0015266666666666705	0.000933333333333336	0.000933333333333336	0.0007800000000000029	0.0007800000000000029	0.0	0.002686666666666665	0.002686666666666665	0.002686666666666665	0.002686666666666665	0.002686666666666665	0.0	0.0	0.0	0.0	0.0009533333333333283	0.0009533333333333283	0.0009533333333333283	0.0017066666666666619	0.0017066666666666619	0.0007533333333333336	0.0007533333333333336	0.001466666666666666	0.0007133333333333325	0.0007133333333333325	0.0007133333333333325	0.0007133333333333325	0.0	0.0	0.0	0.0	0.0014599999999999947	0.0014599999999999947	0.0014599999999999947	0.0014599999999999947	0.0014599999999999947	0.0	0.0	0.0	0.0	0.0	0.0	0.0	0.0	0.0	0.0	0.0	Media control
B8	0.013413333333333327	0.0077666666666666604	0.009986666666666663	0.010426666666666667	0.004853333333333332	0.0075866666666666634	0.012199999999999999	0.01419333333333333	0.013593333333333336	0.014633333333333332	0.01376	0.016706666666666665	0.01577333333333334	0.02003333333333333	0.023060000000000004	0.026706666666666667	0.025453333333333338	0.03124	0.03453333333333333	0.03679333333333334	0.04074000000000001	0.04619333333333334	0.051026666666666665	0.06016666666666668	0.07421333333333335	0.09524666666666667	0.12689333333333336	0.17426	0.25704000000000005	0.37274	0.4794666666666666	0.6101	0.7486533333333333	0.8721133333333333	0.95098	1.0047599999999999	1.0305	1.0216600000000002	0.9005600000000001	0.77062	0.6715733333333334	0.5679466666666666	0.4676	0.4614866666666667	0.4741533333333333	0.4884933333333333	0.5029999999999999	0.53538	0.5775133333333333	0.6328866666666666	0.6896533333333333	0.7517199999999999	0.8118066666666668	0.8733000000000001	0.9308466666666668	0.9856999999999999	1.0411733333333335	1.1002266666666667	1.1469733333333332	1.1827866666666667	1.2078333333333333	Growth with high glutamate supplementation, no spermine treatment.
B9	0.01378666666666667	0.008800000000000002	0.012280000000000008	0.01618000000000001	0.013726666666666675	0.019286666666666674	0.022460000000000008	0.02289333333333334	0.021093333333333342	0.02025333333333334	0.015220000000000006	0.01836666666666667	0.019833333333333335	0.023693333333333323	0.025519999999999994	0.027926666666666662	0.02795333333333333	0.029459999999999993	0.03129333333333333	0.035353333333333334	0.04392	0.05409333333333334	0.06942666666666668	0.08694666666666666	0.11267333333333333	0.14564666666666667	0.18135333333333334	0.22841999999999998	0.31195999999999996	0.41559999999999997	0.5005866666666667	0.6101	0.7313933333333333	0.8130333333333335	0.8462799999999999	0.8156399999999999	0.7877	0.6866	0.57172	0.47264	0.45077333333333325	0.3960666666666667	0.38644	0.39422666666666667	0.4089333333333333	0.4177133333333334	0.4335	0.45468000000000003	0.48857333333333336	0.5309266666666667	0.5784933333333334	0.6262399999999999	0.6785266666666667	0.7235	0.7622466666666667	0.80518	0.8430133333333334	0.8792866666666667	0.9123933333333334	0.9397866666666665	0.9514533333333333	Growth with low glutamate supplementation, no spermine treatment.
B10	0.026959999999999994	0.024206666666666658	0.026059999999999993	0.025019999999999987	0.025253333333333322	0.02653999999999999	0.028013333333333328	0.02528666666666666	0.02496	0.02755333333333333	0.027039999999999998	0.030119999999999997	0.03130666666666666	0.03494	0.0324	0.03623333333333333	0.034699999999999995	0.04074	0.04559999999999999	0.05417999999999999	0.06223333333333333	0.07507333333333333	0.10519333333333333	0.14391333333333337	0.1905866666666667	0.21222000000000002	0.2297466666666667	0.2240666666666667	0.21776666666666672	0.19257333333333335	0.17959333333333333	0.16724	0.1570266666666667	0.13498000000000002	0.12392666666666667	0.12369333333333335	0.12978666666666666	0.13642666666666664	0.14832666666666666	0.16018666666666664	0.16785333333333333	0.17829333333333333	0.18444666666666668	0.1972	0.2111866666666667	0.23346	0.25262	0.28260666666666673	0.3025333333333333	0.32871333333333336	0.35463333333333336	0.38134	0.40574666666666664	0.44316666666666665	0.48328	0.5285466666666666	0.5766600000000001	0.6231866666666667	0.6692266666666666	0.7025866666666667	0.7148066666666666	Growth with spermine treatment, no supplementation.
B11	0.04701999999999999	0.03996666666666666	0.04403999999999999	0.04231999999999998	0.035093333333333324	0.02899999999999999	0.02771333333333333	0.022386666666666666	0.02312	0.025293333333333327	0.0243	0.03014	0.03188666666666667	0.03556	0.03660000000000001	0.039333333333333345	0.03714000000000001	0.04228000000000001	0.04432000000000001	0.04434000000000001	0.04869333333333334	0.05139333333333333	0.05237333333333334	0.055353333333333345	0.06350666666666667	0.07066	0.08112666666666665	0.09404666666666665	0.11724666666666665	0.1496333333333333	0.18161333333333335	0.22622	0.3387266666666666	0.47626	0.6123066666666667	0.6812133333333332	0.7151666666666666	0.6624466666666666	0.5959866666666667	0.5049866666666667	0.45511333333333337	0.4274333333333334	0.4063466666666667	0.36262	0.33252666666666664	0.33193999999999996	0.33081999999999995	0.3387866666666667	0.3493533333333333	0.36411333333333334	0.3752533333333334	0.3934000000000001	0.41798666666666673	0.4489866666666667	0.49724	0.5619866666666666	0.6260600000000001	0.6941866666666667	0.7680266666666666	0.8204066666666666	0.8389666666666666	Growth with alanine supplementation, no spermine treatment.
B12	0.020666666666666667	0.019033333333333336	0.02769333333333333	0.033306666666666665	0.03443999999999999	0.03305333333333332	0.038486666666666655	0.037093333333333325	0.038433333333333326	0.03883333333333333	0.03774000000000001	0.03609333333333334	0.03580000000000001	0.03853333333333334	0.040400000000000005	0.04396666666666667	0.04650666666666667	0.05142	0.05504	0.0603	0.0665	0.07460666666666667	0.08664000000000001	0.09664000000000002	0.11387333333333334	0.13631333333333334	0.16364666666666666	0.2008933333333333	0.2862333333333333	0.39574	0.5125533333333333	0.6319400000000001	0.7609666666666667	0.8283200000000001	0.8143666666666668	0.7092066666666667	0.6011266666666667	0.4739933333333333	0.36324666666666666	0.29717333333333334	0.3097933333333333	0.3223666666666667	0.3322866666666667	0.33954	0.3593866666666667	0.3837933333333333	0.4022	0.42623333333333335	0.4544133333333333	0.47907333333333335	0.5045533333333333	0.5370066666666666	0.57164	0.6058666666666667	0.6420399999999999	0.6788000000000001	0.7138333333333333	0.7457	0.7828266666666666	0.8131666666666666	0.8266600000000001	Baseline growth with no supplementation or treatment.
C1	0.00082666666666667	0.00082666666666667	0.000413333333333335	0.0011199999999999988	0.0020266666666666653	0.0034466666666666647	0.007719999999999999	0.014866666666666667	0.019880000000000002	0.026480000000000004	0.0317	0.03758666666666667	0.038020000000000005	0.040573333333333336	0.04256	0.04472	0.045320000000000006	0.04991333333333333	0.05690666666666666	0.06770000000000001	0.08151333333333333	0.09292	0.10782666666666667	0.12348666666666668	0.14079333333333333	0.17157333333333333	0.22756666666666664	0.31898666666666664	0.4696133333333333	0.6719933333333333	0.8704733333333333	1.03298	1.1673466666666665	1.2531666666666665	1.2995666666666668	1.3270266666666666	1.3988733333333332	1.4085800000000002	1.27798	1.0961733333333332	0.9264333333333333	0.72466	0.57996	0.576	0.6090733333333332	0.6561199999999999	0.7087133333333333	0.7674533333333333	0.8205333333333332	0.8763933333333334	0.92798	0.9790533333333332	1.02424	1.0666733333333334	1.1145533333333333	1.1512133333333334	1.1913399999999998	1.2394666666666665	1.2849733333333333	1.31784	1.3428799999999999	Growth with low glutamate supplementation, no spermine treatment.
C2	0.009720000000000001	0.010286666666666671	0.0076733333333333376	0.006500000000000001	0.00788666666666667	0.004773333333333335	0.004206666666666664	0.004253333333333331	0.003826666666666667	0.004506666666666664	0.005046666666666666	0.009266666666666673	0.012740000000000007	0.015493333333333342	0.01716000000000001	0.019840000000000007	0.020780000000000003	0.024933333333333342	0.03056666666666667	0.039900000000000005	0.048773333333333335	0.05848	0.07100666666666666	0.08372666666666666	0.09367333333333333	0.10105333333333333	0.11300666666666666	0.12450666666666668	0.1388333333333333	0.15149333333333334	0.16739333333333334	0.18114000000000002	0.19304666666666667	0.1990066666666667	0.18322666666666665	0.16400666666666666	0.1450533333333333	0.12229999999999999	0.09785999999999999	0.09811333333333333	0.10219333333333333	0.10098	0.10596000000000001	0.11696000000000002	0.12783333333333333	0.13996	0.15459333333333333	0.17531333333333332	0.19467333333333334	0.20689333333333332	0.22504	0.24699333333333331	0.26452	0.2886533333333333	0.3243133333333333	0.36093333333333333	0.40264	0.45170666666666665	0.5055933333333333	0.55304	0.57768	Growth with high glutamate supplementation and spermine treatment.
C3	0.007326666666666659	0.007353333333333328	0.005786666666666665	0.005220000000000008	0.005220000000000008	0.0018600000000000062	0.004500000000000004	0.006873333333333337	0.007773333333333332	0.012146666666666672	0.015966666666666678	0.019746666666666683	0.02398000000000001	0.027186666666666682	0.030173333333333347	0.03306666666666668	0.034620000000000005	0.037226666666666686	0.04127333333333335	0.04579333333333334	0.05010666666666667	0.05769333333333333	0.06675333333333332	0.08213333333333331	0.09827999999999996	0.12291999999999996	0.16296	0.21879333333333334	0.29014	0.40254	0.54596	0.7003133333333333	0.8637266666666668	1.0431000000000001	1.1969400000000001	1.30376	1.41798	1.4869466666666666	1.54116	1.5774666666666666	1.6318533333333334	1.3994066666666665	1.1799333333333333	0.9434066666666666	0.7081266666666667	0.46366666666666667	0.47503333333333336	0.5004866666666666	0.5161333333333333	0.5290933333333333	0.54694	0.5647	0.5786466666666668	0.6044466666666667	0.6411666666666667	0.6788466666666666	0.7184133333333333	0.7577999999999999	0.7939066666666668	0.8194266666666667	0.8330333333333334	Baseline growth with no supplementation or treatment.
C4	0.01581333333333333	0.011259999999999997	0.008366666666666665	0.00547333333333333	0.0012933333333333297	0.0015733333333333322	0.004379999999999995	0.00494666666666666	0.005219999999999991	0.005479999999999996	0.004279999999999995	0.0014733333333333321	0.0010333333333333362	0.0007600000000000051	0.0006800000000000084	0.0018800000000000095	0.002686666666666676	0.0025600000000000067	0.0031133333333333403	0.004473333333333334	0.004020000000000001	0.004339999999999999	0.006640000000000002	0.008493333333333335	0.0065800000000000025	0.0058333333333333345	0.005440000000000012	0.004086666666666678	0.0030333333333333436	0.0035666666666666737	0.003980000000000006	0.0032933333333333313	0.00305333333333333	0.0021266666666666656	0.001926666666666671	0.002406666666666668	0.0034200000000000007	0.0030733333333333333	0.0037466666666666646	0.0035866666666666603	0.0033866666666666654	0.0023266666666666657	0.004393333333333332	0.0032933333333333313	0.0031200000000000004	0.0031466666666666644	0.0034799999999999944	0.001246666666666657	0.001246666666666657	0.001246666666666657	0.0017933333333333245	0.0043533333333333315	0.004160000000000002	0.004733333333333334	0.004853333333333337	0.0036533333333333418	0.0007600000000000051	0.0014800000000000034	0.0009066666666666723	0.0007866666666666688	0.0014399999999999968	Media control
C5	0.03613333333333332	0.020099999999999996	0.01806666666666666	0.016033333333333327	0.0	0.0021399999999999974	0.0037266666666666616	0.004813333333333325	0.007846666666666658	0.009719999999999996	0.010393333333333333	0.009180000000000004	0.01236000000000001	0.013253333333333344	0.01631333333333334	0.01842000000000001	0.023673333333333334	0.019406666666666666	0.020433333333333338	0.02289333333333334	0.027440000000000003	0.03262000000000001	0.04526000000000001	0.053893333333333335	0.05924	0.06638000000000001	0.08232666666666667	0.10279333333333333	0.13340000000000002	0.18337333333333333	0.24638	0.32283333333333336	0.4212933333333334	0.5403466666666666	0.6916666666666667	0.8164066666666667	0.98486	1.0871333333333333	1.2054266666666666	1.2983666666666667	1.4255666666666666	1.5001933333333333	1.5982600000000002	1.5917933333333334	1.4319000000000002	1.1972466666666668	0.9380333333333333	0.7001799999999999	0.5186999999999999	0.47046666666666664	0.46895333333333333	0.48361333333333334	0.50998	0.5504	0.6014733333333334	0.6662933333333333	0.7318466666666668	0.7923866666666667	0.84856	0.8888266666666667	0.90958	Growth with alanine supplementation, no spermine treatment.
C6	0.050919999999999986	0.03495333333333332	0.03667333333333332	0.041206666666666655	0.02556666666666666	0.02319999999999999	0.023719999999999998	0.025013333333333332	0.025759999999999998	0.023326666666666673	0.024440000000000007	0.020413333333333332	0.02239333333333333	0.02212	0.026893333333333335	0.03186666666666667	0.040926666666666674	0.04031333333333334	0.056100000000000004	0.08715999999999999	0.12471999999999998	0.14471333333333333	0.19724666666666665	0.2309466666666667	0.25644666666666666	0.23898666666666668	0.24242666666666665	0.21546000000000004	0.20355333333333334	0.18267333333333333	0.18638	0.19233333333333333	0.19268	0.18039999999999998	0.17033333333333334	0.17126	0.16712	0.17154	0.17994666666666667	0.18936666666666666	0.19766666666666666	0.20928	0.22712666666666664	0.2428	0.2657	0.2930533333333334	0.32059333333333334	0.34596	0.38208000000000003	0.41942	0.46490666666666663	0.5092933333333334	0.5617866666666667	0.6105533333333334	0.6517066666666667	0.6979133333333334	0.7466733333333333	0.7932	0.8389200000000001	0.8812066666666667	0.8977266666666667	Growth with spermine treatment, no supplementation.
C7	0.045680000000000005	0.02525333333333334	0.022840000000000003	0.02042666666666667	0.0	0.0007933333333333348	0.006260000000000004	0.007413333333333339	0.010266666666666674	0.011946666666666671	0.01458666666666667	0.011346666666666661	0.01614666666666666	0.01958666666666666	0.02304666666666666	0.026446666666666657	0.031246666666666666	0.02616	0.027926666666666666	0.03440666666666667	0.038000000000000006	0.04479333333333334	0.06346	0.07875333333333334	0.09396666666666667	0.12285333333333333	0.16296666666666665	0.21919999999999998	0.32658	0.46546000000000004	0.5920266666666667	0.7222866666666666	0.8609533333333333	0.9689533333333333	1.0586733333333334	1.1426333333333332	1.2505533333333334	1.2826066666666667	1.17254	0.9998999999999999	0.8361066666666666	0.6335	0.4802933333333333	0.44848	0.4686199999999999	0.48941333333333337	0.51284	0.5453466666666666	0.5841933333333333	0.62364	0.6733733333333334	0.7282	0.7819933333333333	0.8401666666666665	0.8936466666666666	0.9445466666666666	0.9887266666666668	1.0275666666666665	1.0575466666666666	1.08554	1.0964866666666666	Growth with high glutamate supplementation, no spermine treatment.
C8	0.000933333333333336	0.000933333333333336	0.000933333333333336	0.000933333333333336	0.000933333333333336	0.0	0.0	0.0	0.0	0.0	0.0	0.0	0.0	0.0	0.0	0.0	0.0	0.0	0.0	0.0	0.0	0.0	0.0	0.0	0.0	0.0	0.0	0.0	0.0	0.0	0.0	0.0	0.0	0.0	0.0	0.0	0.0	0.0	0.0005733333333333313	0.0005733333333333313	0.0005733333333333313	0.0005733333333333313	0.002486666666666665	0.0019133333333333335	0.0019133333333333335	0.0019133333333333335	0.0019133333333333335	0.0	0.0	0.0	0.0	0.0010666666666666659	0.0010666666666666659	0.0010666666666666659	0.0010666666666666659	0.0010666666666666659	0.0	0.0	0.0	0.0	0.0	Media control
C9	0.00716666666666666	0.004459999999999997	0.008579999999999999	0.011320000000000002	0.010926666666666673	0.012186666666666674	0.01780000000000001	0.01819333333333334	0.021353333333333342	0.023933333333333334	0.0248	0.024846666666666663	0.026713333333333332	0.028133333333333326	0.03142	0.037066666666666664	0.041133333333333334	0.047779999999999996	0.06923333333333333	0.11417333333333332	0.15933999999999998	0.17435333333333333	0.20336666666666664	0.22120666666666663	0.22211333333333333	0.19788666666666668	0.20045333333333332	0.18214000000000002	0.17052	0.15138000000000001	0.15116666666666667	0.14707999999999996	0.14725333333333332	0.13813333333333333	0.12904	0.1217	0.13226000000000002	0.14162000000000002	0.15294000000000002	0.16100000000000003	0.18035333333333337	0.1953266666666667	0.21108000000000002	0.2302866666666667	0.2546933333333333	0.27525333333333335	0.29438000000000003	0.32004	0.34485333333333335	0.3775666666666667	0.4185133333333334	0.46166	0.5106066666666667	0.55968	0.6128066666666667	0.6581400000000001	0.7022533333333334	0.7465466666666666	0.7957333333333334	0.8311066666666667	0.8499133333333333	Growth with spermine treatment, no supplementation.
C10	0.013059999999999993	0.009673333333333325	0.013686666666666658	0.015486666666666657	0.015199999999999991	0.01200666666666666	0.015853333333333323	0.014786666666666665	0.01532	0.01631333333333333	0.018079999999999995	0.019479999999999997	0.021266666666666663	0.025399999999999995	0.027979999999999994	0.030853333333333333	0.032940000000000004	0.038180000000000006	0.043859999999999996	0.04914	0.05569333333333333	0.06615333333333333	0.07909333333333332	0.09403333333333333	0.11608666666666667	0.1473	0.18144666666666667	0.23634666666666665	0.3379466666666667	0.4540133333333333	0.5591333333333333	0.64288	0.7189266666666666	0.74824	0.7433466666666667	0.6740733333333333	0.6140266666666667	0.5320466666666668	0.44754666666666665	0.37338666666666664	0.3698533333333333	0.3746933333333334	0.3896066666666667	0.40917999999999993	0.43116666666666664	0.45703999999999995	0.49178	0.5272066666666666	0.5702333333333333	0.6239333333333333	0.6804133333333333	0.73328	0.7912666666666667	0.8462466666666668	0.89732	0.9473266666666665	0.9954599999999999	1.0338266666666667	1.0720866666666669	1.1039466666666669	1.1132466666666667	Growth with high glutamate supplementation, no spermine treatment.
C11	0.014313333333333334	0.011446666666666666	0.01349333333333333	0.01561333333333333	0.01586666666666666	0.015399999999999992	0.02376666666666665	0.02475333333333332	0.030493333333333324	0.03175333333333333	0.031760000000000004	0.03405333333333334	0.03784000000000001	0.040533333333333345	0.051519999999999996	0.06302666666666665	0.06828666666666665	0.07764	0.08792	0.09732	0.10356000000000001	0.11044666666666667	0.12116	0.12686	0.13389333333333334	0.14251333333333333	0.14724666666666666	0.14635333333333334	0.14655333333333334	0.14167999999999997	0.13779333333333332	0.13596000000000003	0.13256666666666667	0.12236	0.11754666666666666	0.11070666666666665	0.10604666666666666	0.10127333333333333	0.10612666666666666	0.10609333333333333	0.10955333333333335	0.11436666666666666	0.12160666666666664	0.13155999999999998	0.14268666666666668	0.15343333333333334	0.16392	0.17919333333333334	0.19139333333333333	0.20233333333333334	0.21559333333333336	0.23558666666666667	0.25344	0.2778466666666667	0.31028	0.34474	0.38047333333333333	0.41988000000000003	0.45774666666666664	0.48808666666666667	0.50334	Growth with low glutamate supplementation and spermine treatment.
C12	0.015053333333333346	0.011140000000000011	0.014186666666666676	0.016786666666666672	0.014419999999999999	0.013773333333333327	0.018206666666666656	0.017513333333333318	0.018133333333333324	0.01923333333333333	0.01847999999999999	0.01929333333333333	0.021660000000000002	0.02705333333333333	0.03647999999999999	0.04536666666666666	0.049746666666666654	0.05701999999999998	0.06647999999999998	0.07491999999999999	0.08162	0.08680666666666666	0.09242	0.09012	0.08825333333333334	0.08537333333333333	0.08772666666666666	0.08713333333333333	0.09259333333333333	0.09283999999999999	0.09293333333333331	0.08874	0.08746666666666666	0.08446000000000001	0.08404666666666667	0.0860266666666667	0.09870666666666668	0.11131333333333333	0.12694666666666668	0.13939333333333334	0.15591333333333332	0.16992666666666664	0.18424666666666667	0.19538	0.20794666666666664	0.22527333333333335	0.24008	0.25945333333333337	0.28725333333333336	0.32091333333333333	0.35391333333333336	0.39394666666666667	0.43616	0.4734866666666667	0.51974	0.5697599999999999	0.6221533333333333	0.67352	0.7307866666666667	0.7745666666666666	0.79508	Growth with alanine supplementation and spermine treatment.
D2	0.017099999999999994	0.01994666666666666	0.013273333333333331	0.007493333333333335	0.007933333333333337	0.004940000000000005	0.002093333333333336	0.0032533333333333416	0.004973333333333341	0.0072666666666666765	0.009766666666666673	0.013160000000000005	0.01688	0.019473333333333332	0.02428666666666666	0.02861333333333334	0.03359333333333334	0.03888000000000001	0.05026000000000001	0.05836000000000001	0.06531333333333333	0.07188666666666667	0.07987999999999999	0.08042666666666667	0.08293999999999999	0.08271999999999999	0.0838	0.08464666666666666	0.08833333333333333	0.09192	0.09769333333333333	0.10268666666666666	0.10973333333333332	0.11415333333333333	0.12069333333333332	0.1312333333333333	0.1433333333333333	0.15509999999999996	0.16851333333333332	0.18446666666666664	0.20079333333333332	0.21713333333333332	0.23227333333333333	0.2535733333333333	0.28692666666666666	0.3124733333333333	0.34319333333333335	0.38570000000000004	0.4331333333333333	0.46720000000000006	0.51608	0.5670933333333333	0.6133066666666667	0.6578466666666666	0.7130666666666665	0.7635	0.8196866666666667	0.87462	0.9286933333333334	0.9678133333333333	0.9926066666666667	Growth with spermine treatment, no supplementation.
D3	0.01859333333333333	0.0115	0.012766666666666666	0.014539999999999997	0.006740000000000001	0.006546666666666668	0.0044399999999999995	0.0031733333333333336	0.001773333333333338	0.0003733333333333366	0.0009533333333333338	0.0009533333333333338	0.0014733333333333321	0.0016066666666666618	0.001953333333333329	0.0013733333333333319	0.0020866666666666646	0.0015666666666666663	0.0010599999999999997	0.0007133333333333325	0.0011933333333333297	0.0004799999999999971	0.0004799999999999971	0.0004799999999999971	0.0008999999999999952	0.0004599999999999993	0.0004599999999999993	0.0004599999999999993	0.0004599999999999993	6.666666666667042e-05	2.6666666666669282e-05	2.6666666666669282e-05	2.6666666666669282e-05	2.6666666666669282e-05	8.666666666666267e-05	8.666666666666267e-05	8.666666666666267e-05	8.666666666666267e-05	8.666666666666267e-05	0.0	0.0	0.0	0.0	0.0	0.0	0.0	0.0	0.0	0.0	0.0	0.0	0.0	0.0	0.0	0.0	0.00033999999999999585	0.00033999999999999585	0.00033999999999999585	0.00033999999999999585	0.00033999999999999585	0.0	Media control
D4	0.029539999999999993	0.021533333333333328	0.02101333333333333	0.021286666666666666	0.011266666666666664	0.007206666666666672	0.004860000000000003	0.006420000000000004	0.007140000000000002	0.006853333333333339	0.007720000000000005	0.00821333333333334	0.009173333333333339	0.01094666666666667	0.012760000000000004	0.014366666666666672	0.017600000000000005	0.021960000000000007	0.026986666666666676	0.03375333333333334	0.04530666666666667	0.06066666666666667	0.08570000000000001	0.12072000000000001	0.16566	0.20098000000000002	0.2436333333333333	0.28862	0.38789333333333337	0.48366	0.5683133333333333	0.62648	0.6818200000000001	0.6946266666666666	0.7101933333333333	0.7431266666666667	0.8350466666666666	0.8913266666666667	0.9411866666666666	0.8538666666666666	0.7647266666666666	0.63236	0.51874	0.39669333333333334	0.40750000000000003	0.42413333333333336	0.44636666666666674	0.47984	0.5093866666666667	0.5449133333333334	0.5785933333333333	0.6125133333333332	0.6483866666666667	0.6929000000000001	0.7330333333333334	0.7704666666666667	0.81296	0.85632	0.8985466666666667	0.9327400000000001	0.9536199999999999	Baseline growth with no supplementation or treatment.
D5	0.03829333333333333	0.02602666666666666	0.023853333333333327	0.021679999999999994	0.008979999999999988	0.006619999999999992	0.005779999999999996	0.008386666666666659	0.010379999999999995	0.010100000000000003	0.010913333333333336	0.00914666666666667	0.010406666666666675	0.01212000000000001	0.015160000000000012	0.017746666666666678	0.024693333333333345	0.02204666666666668	0.026553333333333345	0.03321333333333334	0.04424000000000001	0.057640000000000004	0.08244	0.10551333333333335	0.1322	0.16348	0.19956666666666667	0.24723333333333333	0.34690000000000004	0.44497333333333333	0.51936	0.5808933333333333	0.6462733333333333	0.6713266666666666	0.6927066666666667	0.7265066666666666	0.80934	0.8331933333333333	0.8454666666666666	0.8529866666666667	0.8065866666666667	0.6908533333333333	0.61394	0.5340733333333333	0.4588	0.44942666666666664	0.45823333333333327	0.47097999999999995	0.4875	0.5079266666666666	0.5262333333333332	0.5581933333333333	0.5869199999999999	0.6200199999999999	0.6586333333333333	0.6929733333333334	0.7281666666666666	0.7723466666666667	0.80838	0.8334266666666666	0.8524799999999999	Baseline growth with no supplementation or treatment.
D6	0.0416	0.02779333333333333	0.026206666666666666	0.024619999999999996	0.006113333333333332	0.0046999999999999984	0.0	0.0	0.0	0.0	0.00010000000000000009	0.00010000000000000009	0.000980000000000003	0.0018933333333333358	0.0027800000000000047	0.004473333333333334	0.006726666666666664	0.0058466666666666615	0.007153333333333334	0.01203333333333333	0.017713333333333338	0.023906666666666677	0.037126666666666676	0.054186666666666675	0.06956666666666667	0.08038666666666666	0.09644666666666664	0.11086	0.1293733333333333	0.14341333333333334	0.16296000000000002	0.17875333333333338	0.19916	0.21364	0.2382533333333333	0.26212	0.28857999999999995	0.30519999999999997	0.28004666666666667	0.24544666666666667	0.2054666666666667	0.16114	0.12070666666666667	0.12114	0.12276000000000001	0.13337333333333334	0.14601333333333336	0.16052000000000002	0.18036000000000002	0.20346000000000003	0.2313066666666667	0.2637333333333333	0.29572666666666664	0.3303733333333333	0.37072666666666665	0.4134333333333333	0.4561533333333333	0.51608	0.5696399999999999	0.6149666666666667	0.6427266666666667	Growth with high glutamate supplementation and spermine treatment.
D7	0.057126666666666694	0.03198000000000001	0.032920000000000005	0.034253333333333344	0.01015333333333333	0.008013333333333334	0.008100000000000007	0.008673333333333344	0.008573333333333344	0.006746666666666679	0.008846666666666675	0.007046666666666662	0.009946666666666664	0.01340666666666666	0.01750666666666666	0.02134666666666666	0.029906666666666665	0.027119999999999995	0.03094666666666666	0.03676666666666666	0.0449	0.05311333333333333	0.07526000000000001	0.09227333333333335	0.11472666666666667	0.14115333333333333	0.17346666666666669	0.219	0.31882	0.42344	0.48616666666666664	0.5658866666666666	0.6359933333333332	0.6585133333333333	0.6579933333333333	0.6815333333333333	0.7143533333333333	0.6775466666666666	0.61024	0.54972	0.5032466666666667	0.42698	0.4111733333333333	0.41963999999999996	0.43932000000000004	0.46539333333333327	0.49968	0.5422466666666667	0.5973133333333334	0.65172	0.7110133333333333	0.76366	0.8155333333333333	0.8655066666666666	0.9158866666666666	0.9557266666666667	0.9966066666666666	1.0425466666666667	1.0778066666666668	1.1055199999999998	1.1264666666666667	Growth with low glutamate supplementation, no spermine treatment.
D8	0.024893333333333323	0.014926666666666666	0.01983333333333333	0.023606666666666665	0.01577333333333334	0.020706666666666672	0.02397333333333334	0.024746666666666674	0.025706666666666673	0.02636	0.027986666666666667	0.02970666666666666	0.031893333333333336	0.035993333333333336	0.040080000000000005	0.044853333333333335	0.047266666666666665	0.05163333333333333	0.06064666666666665	0.07512666666666665	0.09176666666666666	0.10097333333333332	0.11801333333333333	0.12913333333333332	0.14235333333333333	0.14495333333333332	0.1541533333333333	0.15508	0.16854666666666668	0.16879333333333332	0.17478	0.18177333333333331	0.18849333333333335	0.18684666666666666	0.19237333333333334	0.19510666666666668	0.21113999999999997	0.22119999999999998	0.23064666666666667	0.23583999999999997	0.2488	0.25776	0.24324666666666667	0.22396666666666665	0.211	0.19307333333333332	0.17064	0.17707333333333333	0.18957333333333332	0.20046	0.21891333333333335	0.23148	0.25110666666666664	0.27558666666666665	0.30182	0.33104666666666666	0.37098000000000003	0.41180666666666677	0.45549999999999996	0.4949533333333333	0.5123	Growth with low glutamate supplementation and spermine treatment.
D9	0.0	0.0	0.0015600000000000002	0.003273333333333328	0.005853333333333327	0.009826666666666655	0.012406666666666654	0.013479999999999987	0.014353333333333324	0.018199999999999994	0.019786666666666664	0.0237	0.026606666666666667	0.029640000000000007	0.03014	0.03174	0.03359333333333332	0.037793333333333325	0.043453333333333316	0.04611333333333332	0.054279999999999995	0.062053333333333335	0.07968	0.10090000000000002	0.1324066666666667	0.17096666666666668	0.20960666666666672	0.25726666666666664	0.3697533333333333	0.47326666666666667	0.5431866666666667	0.6136333333333333	0.6490866666666667	0.6194533333333333	0.5778399999999999	0.51278	0.4518466666666667	0.41150666666666663	0.36469333333333337	0.33174666666666663	0.3506	0.36578666666666665	0.3774533333333333	0.39644	0.42031333333333337	0.44936	0.48475999999999997	0.5288999999999999	0.5867733333333334	0.6466266666666668	0.7040933333333333	0.76234	0.8198466666666666	0.8680933333333334	0.9166133333333333	0.9667133333333334	1.0199066666666667	1.0671266666666668	1.1124533333333333	1.1491333333333333	1.1655933333333333	Growth with high glutamate supplementation, no spermine treatment.
D10	0.0005733333333333313	0.00042666666666666406	0.0011866666666666664	0.0036999999999999976	0.005453333333333333	0.009586666666666665	0.013886666666666669	0.018480000000000003	0.01889333333333334	0.022720000000000008	0.024766666666666676	0.027660000000000007	0.02958666666666667	0.033120000000000004	0.03362	0.03312	0.030833333333333334	0.030933333333333334	0.032453333333333334	0.035653333333333335	0.041760000000000005	0.04955333333333334	0.057740000000000014	0.06764	0.07858666666666667	0.09126666666666669	0.10592666666666668	0.1276266666666667	0.16777333333333333	0.21404666666666666	0.25660666666666665	0.3058333333333333	0.3753066666666667	0.44745333333333337	0.51664	0.54742	0.5736266666666667	0.5590066666666667	0.5409333333333334	0.5057866666666666	0.48938	0.46032666666666666	0.44067333333333336	0.39724000000000004	0.3602133333333334	0.34624	0.33799999999999997	0.34287999999999996	0.34833333333333333	0.3641866666666667	0.37995333333333325	0.39712	0.4072066666666666	0.4307333333333333	0.45813333333333334	0.4989533333333334	0.5546866666666667	0.6214466666666667	0.6870533333333333	0.7435333333333334	0.7738533333333333	Growth with alanine supplementation, no spermine treatment.
D11	0.010753333333333337	0.014140000000000005	0.012733333333333336	0.013686666666666666	0.011719999999999998	0.01127333333333333	0.00786	0.00878666666666667	0.007506666666666667	0.008240000000000003	0.007466666666666666	0.006393333333333329	0.006619999999999992	0.006213333333333332	0.007399999999999995	0.006313333333333332	0.007779999999999998	0.007033333333333331	0.006693333333333329	0.004693333333333338	0.006386666666666668	0.00586666666666667	0.00616666666666667	0.005986666666666673	0.006893333333333335	0.005360000000000009	0.004286666666666672	0.004953333333333343	0.006500000000000001	0.007533333333333336	0.007866666666666666	0.0076733333333333376	0.007506666666666667	0.007293333333333335	0.0067599999999999995	0.008573333333333332	0.010166666666666662	0.010013333333333336	0.010393333333333343	0.011293333333333344	0.011360000000000009	0.011460000000000008	0.01303333333333333	0.013559999999999994	0.012993333333333329	0.01313333333333333	0.013519999999999999	0.01186666666666667	0.012513333333333331	0.014606666666666662	0.01545333333333333	0.015846666666666665	0.019099999999999995	0.01913333333333333	0.017533333333333328	0.015406666666666662	0.013719999999999993	0.0116	0.01121333333333333	0.011933333333333329	0.01256666666666666	Media control
D12	0.017613333333333342	0.014126666666666673	0.010560000000000003	0.008853333333333333	0.007046666666666662	0.008919999999999994	0.011419999999999996	0.013326666666666664	0.012686666666666662	0.014660000000000001	0.014806666666666668	0.016753333333333332	0.0186	0.02311333333333334	0.02658	0.030893333333333328	0.0336	0.03823333333333333	0.04421333333333331	0.04827333333333333	0.05386666666666666	0.05804666666666667	0.06136666666666666	0.06014666666666668	0.062373333333333336	0.06130000000000001	0.06296666666666668	0.06539333333333334	0.06861999999999999	0.07039333333333334	0.07260666666666667	0.07215333333333335	0.06828666666666668	0.06793333333333336	0.06594	0.06381333333333335	0.06696666666666666	0.07015333333333333	0.07189333333333334	0.07659333333333336	0.08486000000000002	0.08830000000000002	0.09431333333333333	0.09975999999999999	0.10643333333333331	0.11333333333333331	0.12295999999999999	0.13538666666666666	0.15083333333333332	0.16464666666666666	0.17677333333333334	0.19102666666666668	0.2101	0.22859333333333334	0.24925333333333333	0.27652666666666664	0.30994	0.34198000000000006	0.38147333333333333	0.41719333333333336	0.4334866666666666	Growth with low glutamate supplementation and spermine treatment.
E1	0.011759999999999998	0.016473333333333333	0.015546666666666667	0.014360000000000006	0.015726666666666677	0.01365333333333335	0.011880000000000012	0.013140000000000013	0.015460000000000002	0.018713333333333325	0.01905333333333332	0.020746666666666656	0.02213333333333332	0.022826666666666655	0.02409333333333332	0.02454666666666666	0.024686666666666662	0.02607333333333333	0.029546666666666672	0.03158666666666668	0.034980000000000004	0.03933333333333334	0.04444000000000001	0.046393333333333335	0.04969333333333333	0.055459999999999995	0.05958666666666668	0.061780000000000015	0.06512	0.06764666666666667	0.06938666666666667	0.07343333333333332	0.07579999999999999	0.07898666666666666	0.08213999999999999	0.08437333333333333	0.08668666666666666	0.09586	0.09869333333333333	0.10374666666666665	0.11209333333333334	0.12114666666666667	0.12584	0.13740666666666665	0.15150666666666665	0.16818	0.18553333333333333	0.20786666666666664	0.22705333333333333	0.25444666666666665	0.28298	0.3142666666666667	0.3501266666666667	0.39605999999999997	0.4414133333333334	0.48124	0.5332	0.5877199999999999	0.6397333333333333	0.6792333333333332	0.7105733333333334	Growth with low glutamate supplementation and spermine treatment.
E2	0.0	0.0	0.0	0.0	0.0	0.0	0.0	0.0	0.0	0.0	0.0	0.0	0.0	0.0	0.0	0.0	0.0	0.0	0.0	0.0	0.0	0.0	0.0	0.0	0.0	0.0	0.0	0.0	0.0	0.0	0.0	0.0	0.0	0.0	0.0	0.0	0.0	0.0	0.0	0.0	0.0	0.0	0.0	0.0	0.0	0.0	0.0	0.0	0.0	0.0	0.0	0.0	0.0	0.0	0.0	0.0	0.0	0.0	0.0	0.0	0.0	Media control
E3	0.031853333333333324	0.021386666666666658	0.016739999999999994	0.012093333333333327	0.002333333333333332	0.002160000000000001	0.004239999999999999	0.006633333333333336	0.008540000000000002	0.012986666666666674	0.01365333333333334	0.016073333333333346	0.01881333333333334	0.019613333333333337	0.018226666666666662	0.02198	0.025299999999999996	0.027046666666666663	0.03462	0.041760000000000005	0.05123333333333333	0.059353333333333334	0.07579333333333332	0.09149333333333334	0.11237333333333333	0.14293333333333333	0.18768	0.2449533333333333	0.4078666666666667	0.5992933333333333	0.7805666666666667	0.9546066666666666	1.13794	1.2256533333333333	1.28594	1.3337133333333333	1.41426	1.4256600000000001	1.3152666666666666	1.1294333333333335	0.9547066666666668	0.7402933333333334	0.5771866666666667	0.5258666666666667	0.5491066666666666	0.5822066666666667	0.6303866666666667	0.6782666666666667	0.7423866666666668	0.8078933333333334	0.8767533333333335	0.9384866666666667	0.99946	1.0534466666666666	1.1082	1.1503133333333333	1.2006466666666669	1.2421466666666667	1.2822533333333332	1.3141933333333333	1.3324666666666665	Growth with high glutamate supplementation, no spermine treatment.
E4	0.026906666666666662	0.014479999999999998	0.013453333333333331	0.014180000000000003	0.00175333333333334	0.003586666666666677	0.0046866666666666775	0.0060000000000000105	0.0056133333333333365	0.009086666666666677	0.009953333333333337	0.011493333333333338	0.01313333333333334	0.015453333333333341	0.015446666666666664	0.016300000000000002	0.017959999999999997	0.02016666666666666	0.022339999999999992	0.02556	0.03051333333333333	0.03605333333333333	0.04269333333333333	0.05105333333333334	0.06185333333333334	0.07463333333333336	0.0946	0.12053333333333334	0.16394666666666666	0.22343333333333332	0.2929866666666666	0.3687066666666667	0.47763999999999995	0.5980733333333333	0.6990000000000001	0.7617333333333334	0.88018	0.9023	0.9055266666666666	0.8632133333333334	0.7905466666666666	0.6394533333333333	0.5452266666666667	0.4389066666666667	0.37876666666666664	0.3737866666666667	0.3774266666666667	0.3829066666666667	0.3931466666666667	0.40051333333333333	0.4225533333333333	0.4505466666666667	0.49148000000000003	0.5332866666666667	0.5864400000000001	0.6324933333333334	0.6848466666666666	0.7263266666666667	0.7718933333333333	0.8085133333333333	0.8269466666666666	Growth with alanine supplementation, no spermine treatment.
E5	0.014893333333333337	0.007446666666666668	0.007446666666666668	0.007446666666666668	0.0	0.0	0.0	1.9999999999997796e-05	0.0003933333333333344	0.0014133333333333387	0.0019466666666666688	0.002413333333333334	0.0035533333333333363	0.004046666666666665	0.005719999999999998	0.008406666666666673	0.011960000000000009	0.017500000000000005	0.039186666666666675	0.05677333333333334	0.07432666666666668	0.08816666666666667	0.1038	0.10156000000000001	0.10142000000000002	0.09674	0.09677333333333334	0.09396	0.09653333333333333	0.09796	0.10743333333333334	0.11382	0.11752	0.11678666666666666	0.12093333333333334	0.12150666666666665	0.12186666666666665	0.12400666666666664	0.13274666666666665	0.13946666666666668	0.14776666666666666	0.15888	0.17883999999999997	0.19551333333333334	0.21592000000000003	0.24079333333333333	0.27020666666666665	0.2935	0.3248666666666667	0.36167333333333335	0.3999533333333333	0.43735333333333337	0.48600666666666664	0.52692	0.5759133333333334	0.6271866666666667	0.68058	0.7382000000000001	0.8031066666666666	0.8492200000000001	0.8752400000000001	Growth with alanine supplementation and spermine treatment.
E6	0.03257333333333332	0.016879999999999996	0.016879999999999996	0.016893333333333326	0.0023733333333333328	0.002733333333333332	0.002560000000000001	0.00440666666666667	0.006593333333333335	0.007393333333333335	0.011786666666666673	0.013886666666666669	0.016306666666666664	0.018846666666666668	0.020133333333333336	0.01982666666666667	0.02240666666666667	0.025373333333333338	0.02718666666666667	0.03232666666666666	0.03989999999999999	0.046306666666666656	0.055146666666666656	0.06855333333333333	0.08427333333333333	0.10124	0.13246	0.17516666666666664	0.23614000000000002	0.3207	0.43340000000000006	0.5577133333333333	0.6951799999999999	0.8646333333333333	1.0274266666666665	1.1363933333333331	1.25816	1.3166066666666667	1.3406066666666667	1.3503000000000003	1.3956933333333332	1.40936	1.2413	1.0488533333333332	0.84688	0.6364933333333334	0.43238000000000004	0.4488133333333334	0.4685266666666667	0.4929333333333334	0.51678	0.5340199999999999	0.5556599999999999	0.5856333333333333	0.6214533333333334	0.6575666666666666	0.6959733333333332	0.7358133333333333	0.7772066666666666	0.8102133333333332	0.82914	Baseline growth with no supplementation or treatment.
E7	0.03697333333333332	0.019226666666666663	0.02189333333333333	0.023546666666666667	0.007793333333333335	0.010446666666666665	0.011613333333333331	0.010766666666666664	0.010346666666666665	0.010600000000000004	0.01094666666666667	0.012186666666666674	0.014473333333333343	0.017553333333333344	0.019260000000000006	0.021313333333333344	0.024106666666666672	0.02805333333333333	0.04768666666666666	0.07464666666666667	0.09588666666666668	0.11205333333333334	0.14169333333333334	0.15559333333333333	0.15871333333333335	0.15801333333333334	0.16391333333333333	0.15302	0.14750666666666665	0.14089333333333331	0.14198	0.14181333333333335	0.14013333333333333	0.1334866666666667	0.13023333333333334	0.13098666666666667	0.13284	0.13638	0.14380666666666667	0.15384	0.16782	0.18395999999999998	0.19996666666666668	0.22086666666666668	0.24234	0.2670533333333333	0.29209999999999997	0.32597333333333334	0.35505333333333333	0.39392	0.4339733333333333	0.47454	0.5142666666666666	0.5617866666666667	0.60546	0.6432466666666666	0.68708	0.7403466666666667	0.78534	0.8219933333333334	0.84956	Growth with spermine treatment, no supplementation.
E8	0.004653333333333343	0.00467333333333334	0.007726666666666671	0.01232666666666667	0.015333333333333332	0.019200000000000002	0.02116	0.021493333333333337	0.019880000000000002	0.01916	0.019339999999999996	0.020833333333333325	0.022739999999999993	0.025413333333333326	0.02673333333333333	0.02636	0.026653333333333327	0.028539999999999992	0.02921999999999999	0.030919999999999993	0.035259999999999986	0.03903999999999999	0.04615999999999999	0.05302	0.06092000000000001	0.06924000000000001	0.08030666666666668	0.09253333333333333	0.11389999999999997	0.14279999999999998	0.17788666666666667	0.2218	0.28346	0.39088	0.5185066666666667	0.6154933333333333	0.7539666666666667	0.8638866666666667	0.96998	1.0489	1.11504	1.13368	1.1683333333333334	1.1083466666666668	0.9431800000000001	0.80504	0.6623866666666667	0.5112	0.40084666666666663	0.39758666666666664	0.41235999999999995	0.43001999999999996	0.4602933333333333	0.5035000000000001	0.5680933333333333	0.6316666666666666	0.7039266666666667	0.7692866666666667	0.8337199999999999	0.8726533333333333	0.8937066666666666	Growth with alanine supplementation, no spermine treatment.
E9	0.0019333333333333314	0.0023333333333333374	0.004326666666666668	0.006306666666666666	0.009093333333333332	0.01356	0.015139999999999997	0.016293333333333333	0.016619999999999996	0.016519999999999996	0.01641999999999999	0.01783333333333332	0.019839999999999986	0.023533333333333323	0.02797333333333333	0.03222	0.037093333333333325	0.04342	0.054339999999999986	0.06663999999999999	0.07984	0.0891	0.10081999999999999	0.10602	0.10650000000000001	0.10822000000000001	0.10830666666666666	0.10251333333333332	0.1028	0.10236	0.09992666666666668	0.10676000000000001	0.10830000000000002	0.10068000000000002	0.09606666666666666	0.09169333333333334	0.08358666666666667	0.08098666666666665	0.08334	0.08562	0.09059999999999999	0.09493999999999998	0.09739333333333332	0.10180666666666667	0.10895999999999999	0.11510000000000001	0.12300666666666667	0.13632	0.15102666666666667	0.16294666666666666	0.18004	0.19672	0.22041333333333335	0.24458000000000002	0.2747333333333334	0.30422666666666665	0.33904666666666666	0.37326666666666664	0.40914	0.43811333333333335	0.4537066666666666	Growth with low glutamate supplementation and spermine treatment.
E10	0.0008533333333333338	0.001153333333333334	0.003713333333333338	0.008466666666666667	0.014739999999999998	0.020039999999999995	0.024666666666666663	0.02700666666666666	0.02775333333333333	0.027606666666666668	0.02766	0.02976666666666667	0.03151333333333333	0.033806666666666665	0.035679999999999996	0.03889333333333333	0.04078666666666666	0.04515333333333332	0.053133333333333324	0.06454	0.0799	0.09159333333333333	0.11212666666666667	0.12666666666666665	0.13948666666666668	0.14918000000000003	0.15945333333333334	0.15838000000000002	0.16787333333333337	0.16883333333333334	0.16818666666666665	0.17432666666666666	0.18123999999999998	0.1807933333333333	0.18760666666666664	0.19243333333333332	0.20427999999999996	0.20469999999999997	0.19468666666666667	0.1832133333333333	0.1727933333333333	0.15343333333333334	0.13804666666666665	0.12980666666666665	0.12581333333333333	0.12469333333333332	0.12223333333333335	0.12843333333333334	0.14126666666666665	0.15028666666666665	0.16202666666666668	0.17407333333333336	0.19294666666666668	0.21054666666666672	0.23438000000000003	0.2622933333333334	0.29274666666666666	0.3222466666666667	0.35111333333333333	0.3742	0.3846266666666667	Growth with high glutamate supplementation and spermine treatment.
E11	0.0028866666666666763	0.002040000000000006	0.003966666666666671	0.006553333333333336	0.011766666666666665	0.017839999999999995	0.019139999999999997	0.019966666666666667	0.023046666666666667	0.020640000000000002	0.018826666666666665	0.02439333333333333	0.024699999999999993	0.023693333333333334	0.02371999999999999	0.023233333333333328	0.020859999999999997	0.024713333333333327	0.02977333333333332	0.034733333333333324	0.04282666666666666	0.04974666666666666	0.05992666666666666	0.06470666666666666	0.07423333333333335	0.08276000000000001	0.09782666666666666	0.11685333333333334	0.1623	0.21453333333333333	0.27514666666666665	0.4071933333333334	0.5593066666666666	0.7268933333333333	0.8663000000000001	0.8729733333333334	0.7971666666666666	0.6724333333333333	0.5153933333333334	0.37429333333333337	0.35212000000000004	0.3356	0.34175333333333335	0.34199999999999997	0.3438933333333333	0.3547733333333333	0.37195999999999996	0.39738666666666667	0.42657333333333336	0.45868666666666674	0.49475333333333343	0.5309866666666666	0.5694400000000001	0.6095333333333334	0.6587933333333333	0.7047666666666667	0.7557400000000001	0.8064199999999999	0.8520333333333333	0.8856933333333334	0.9102866666666667	Growth with low glutamate supplementation, no spermine treatment.
E12	0.0	0.0	6.666666666667042e-05	6.666666666667042e-05	0.0012200000000000045	0.0012200000000000045	0.0012200000000000045	0.001153333333333334	0.0011733333333333318	0.0013999999999999956	0.0013999999999999956	0.002066666666666661	0.0027799999999999934	0.002759999999999996	0.001379999999999998	0.001379999999999998	0.0007133333333333325	0.0	0.0	0.00010666666666666602	0.00010666666666666602	0.00010666666666666602	0.00010666666666666602	0.0009866666666666691	0.000880000000000003	0.000880000000000003	0.000880000000000003	0.000880000000000003	0.0	0.0	0.0	0.0003066666666666662	0.0003066666666666662	0.0003066666666666662	0.0003066666666666662	0.0003066666666666662	0.0	0.0	0.0	0.0	0.0	0.0	0.0	0.0	0.0	0.0	0.0	0.0	0.0	0.0	0.0	0.0	0.0	0.0	0.0	0.0	0.0	0.0	0.0	0.0	0.0	Media control
F1	0.008939999999999998	0.009153333333333336	0.005940000000000001	0.003493333333333337	0.004660000000000009	0.003946666666666682	0.005273333333333341	0.006460000000000005	0.00892	0.010373333333333328	0.011033333333333329	0.013386666666666663	0.016173333333333335	0.018126666666666662	0.022093333333333326	0.02574666666666666	0.028586666666666666	0.03281333333333333	0.03742666666666668	0.042346666666666685	0.04604000000000001	0.05199333333333335	0.056820000000000016	0.06101333333333334	0.06805333333333334	0.07296	0.07334666666666666	0.07622	0.07704	0.07712666666666668	0.08220666666666668	0.09237333333333334	0.09898	0.10764666666666667	0.11474	0.12245333333333334	0.1325066666666667	0.1444	0.16085333333333335	0.17534666666666668	0.19139333333333336	0.20142666666666664	0.21436000000000002	0.22656666666666667	0.24972666666666665	0.27736	0.31103333333333333	0.3519866666666666	0.40031333333333324	0.44710666666666665	0.49074	0.5414066666666666	0.5913266666666666	0.6386800000000001	0.6867533333333333	0.74456	0.79514	0.8501799999999999	0.9036933333333333	0.9467733333333334	0.9673933333333334	Growth with spermine treatment, no supplementation.
F2	0.008686666666666665	0.009419999999999993	0.010739999999999991	0.010553333333333328	0.01091999999999999	0.010626666666666663	0.008239999999999997	0.005093333333333333	0.005039999999999994	0.004686666666666661	0.0043133333333333305	0.006219999999999998	0.007986666666666664	0.007819999999999999	0.00895333333333333	0.010633333333333333	0.012360000000000005	0.015206666666666674	0.01988000000000001	0.024673333333333353	0.032353333333333345	0.04440000000000001	0.06018666666666668	0.07944666666666668	0.1079	0.1463866666666667	0.19643333333333335	0.31195333333333336	0.5143733333333333	0.7146133333333333	0.87164	1.0126933333333334	1.1026933333333333	1.11026	1.07884	1.0699066666666668	1.0717933333333334	0.9854733333333334	0.8363533333333333	0.7210533333333332	0.6161933333333334	0.5030466666666666	0.45944666666666667	0.48869999999999997	0.5288666666666666	0.5733133333333333	0.6224533333333333	0.6827799999999999	0.7370933333333334	0.7929	0.8479333333333333	0.9079200000000001	0.9636866666666666	1.0148	1.0629466666666667	1.11104	1.1557400000000002	1.2057733333333336	1.2506866666666667	1.2829933333333332	1.3060133333333332	Growth with high glutamate supplementation, no spermine treatment.
F3	0.010799999999999994	0.01253999999999999	0.008313333333333325	0.005459999999999998	0.00944666666666667	0.011213333333333348	0.011313333333333352	0.013246666666666684	0.015480000000000011	0.01508666666666667	0.014513333333333333	0.01701333333333333	0.01959333333333333	0.021453333333333335	0.025226666666666668	0.030699999999999998	0.03568	0.041106666666666666	0.056319999999999995	0.06812	0.07777333333333333	0.08713333333333331	0.10357333333333334	0.1040533333333333	0.10471333333333332	0.10605333333333333	0.11013999999999999	0.10297333333333332	0.10400666666666666	0.10431333333333334	0.10436666666666668	0.10400666666666666	0.10694000000000001	0.10705333333333333	0.1132	0.12221333333333333	0.12988	0.14132	0.15864666666666666	0.16845333333333332	0.17690666666666666	0.1896733333333333	0.19882666666666665	0.20506666666666667	0.22586666666666666	0.24786666666666662	0.2725066666666667	0.30250666666666665	0.3413666666666667	0.37897333333333333	0.41981333333333337	0.4677666666666667	0.5142800000000001	0.5610466666666667	0.61746	0.6758133333333334	0.7345466666666667	0.7979866666666666	0.8650333333333332	0.9131133333333332	0.9384066666666666	Growth with alanine supplementation and spermine treatment.
F4	0.0011866666666666636	0.0011866666666666636	0.0011866666666666636	0.0011866666666666636	0.0011866666666666636	0.0	0.0	0.0	0.0	0.0	0.0	0.0	0.0	0.0	0.0	0.0	0.0	0.0	8.00000000000023e-05	8.666666666666823e-05	8.666666666666823e-05	8.666666666666823e-05	0.000506666666666672	0.0008266666666666645	0.0009066666666666667	0.0009066666666666667	0.0009066666666666667	0.00048666666666666303	0.00030000000000000583	0.0002133333333333376	0.0002133333333333376	0.0002133333333333376	0.0002133333333333376	0.0	0.0	0.0	0.00045333333333333337	0.0007599999999999996	0.0007599999999999996	0.0007599999999999996	0.0007599999999999996	0.0003066666666666662	0.0	0.0	0.0	0.0	0.0	0.0	0.0005333333333333356	0.0005333333333333356	0.0005333333333333356	0.0005333333333333356	0.001046666666666668	0.0005133333333333323	0.000599999999999995	0.000599999999999995	0.000599999999999995	8.666666666666267e-05	8.666666666666267e-05	0.0	0.0	Media control
F5	0.01150666666666666	0.016539999999999992	0.014666666666666658	0.01399333333333333	0.015846666666666658	0.012486666666666663	0.01061333333333333	0.01237333333333333	0.013513333333333327	0.014233333333333337	0.016400000000000005	0.017660000000000002	0.019940000000000006	0.022886666666666673	0.027906666666666663	0.03228666666666667	0.038180000000000006	0.04610666666666667	0.053726666666666666	0.06457333333333334	0.07964666666666667	0.09758	0.12268000000000001	0.15518	0.19424666666666665	0.2333866666666667	0.2921533333333334	0.3681866666666667	0.5249733333333333	0.6711600000000001	0.78086	0.84314	0.8939200000000002	0.85564	0.8142466666666668	0.8017066666666667	0.8350000000000002	0.7996066666666668	0.7265733333333334	0.6480266666666668	0.5798800000000001	0.49524	0.46690666666666675	0.4775533333333334	0.5035733333333334	0.53122	0.5625	0.5969933333333334	0.6407800000000001	0.6866200000000001	0.73238	0.7744333333333333	0.8246466666666666	0.8676466666666668	0.90876	0.9457133333333335	0.9953666666666667	1.0318933333333333	1.0767333333333333	1.1143999999999998	1.1349733333333334	Growth with low glutamate supplementation, no spermine treatment.
F6	0.000599999999999995	0.0014466666666666627	0.0011466666666666652	0.0008466666666666678	0.0008466666666666678	0.0008466666666666678	0.0	0.0	0.0	0.0	0.0	0.0	0.0	0.0	0.0	0.0	0.0008066666666666667	0.0021066666666666677	0.0043533333333333315	0.008359999999999996	0.014139999999999996	0.021299999999999996	0.03354	0.05004666666666666	0.06960000000000001	0.09473333333333334	0.1254	0.15959333333333334	0.2233	0.29691333333333336	0.35095333333333334	0.39762	0.4531266666666666	0.5026466666666666	0.54814	0.5546133333333334	0.5825666666666667	0.5767800000000001	0.53088	0.4558133333333333	0.4364733333333334	0.39387333333333335	0.36574666666666666	0.3446133333333333	0.34049333333333337	0.33934666666666663	0.3426866666666667	0.35999333333333333	0.37417333333333336	0.3964866666666667	0.4277733333333334	0.47174666666666665	0.5262333333333333	0.5922866666666666	0.6641266666666666	0.72828	0.7877866666666666	0.8383333333333333	0.8991933333333334	0.9475999999999999	0.9728866666666667	Growth with alanine supplementation, no spermine treatment.
F7	0.007306666666666667	0.011846666666666662	0.01592666666666666	0.01929999999999999	0.021866666666666656	0.020366666666666654	0.019586666666666662	0.01908666666666667	0.020846666666666673	0.02378666666666667	0.02525333333333334	0.025720000000000003	0.028326666666666667	0.027873333333333326	0.02735333333333333	0.027213333333333332	0.028826666666666667	0.030360000000000005	0.03548666666666667	0.04072	0.048819999999999995	0.05713999999999999	0.06878	0.08166666666666667	0.09688	0.11921333333333332	0.15467999999999998	0.20689333333333332	0.31426	0.4694933333333333	0.6132933333333332	0.71462	0.8032266666666666	0.8618666666666668	0.8622799999999999	0.8100333333333334	0.7887066666666668	0.7601800000000001	0.70946	0.6139933333333333	0.5685733333333334	0.5165133333333333	0.46280666666666664	0.40851333333333334	0.40187333333333336	0.4045066666666667	0.4182666666666667	0.4330733333333333	0.4578133333333333	0.49012666666666665	0.5241333333333333	0.5579866666666666	0.5981733333333332	0.6318266666666666	0.6679666666666667	0.70694	0.7512866666666668	0.7950533333333334	0.8485733333333334	0.8966799999999999	0.9156066666666666	Baseline growth with no supplementation or treatment.
F8	0.006980000000000003	0.007866666666666671	0.009433333333333332	0.013106666666666666	0.016153333333333336	0.017033333333333338	0.0185	0.020666666666666673	0.0211	0.02038	0.020533333333333327	0.02152666666666666	0.02289333333333332	0.025286666666666652	0.029946666666666642	0.03491999999999998	0.038673333333333317	0.04461999999999998	0.051993333333333315	0.05905333333333333	0.06414	0.06953333333333334	0.07178666666666667	0.07139333333333334	0.06938666666666667	0.06846	0.06768666666666666	0.06768	0.07055333333333333	0.07225333333333335	0.07362666666666669	0.07914666666666667	0.08392666666666666	0.08854	0.09724	0.10358	0.11022666666666665	0.11901999999999999	0.12527333333333332	0.13354666666666665	0.14551333333333333	0.15782000000000002	0.16755333333333333	0.18408666666666668	0.19725333333333334	0.21990666666666664	0.24435333333333334	0.27092666666666665	0.3007066666666667	0.33331333333333335	0.36572	0.4010533333333333	0.4465666666666667	0.48595333333333335	0.53222	0.58428	0.6359	0.6867733333333333	0.74378	0.78992	0.8095000000000001	Growth with spermine treatment, no supplementation.
F9	0.0001600000000000046	8.00000000000023e-05	8.00000000000023e-05	8.00000000000023e-05	0.0	0.0	0.0	0.0	0.0	0.0	0.0	0.0	0.0	0.0	0.0	0.0	0.0	0.0	0.0	0.0	0.0	0.0	0.0	0.0	0.0	0.0	0.0	0.0	0.0	0.0	0.0	0.0	0.0	0.0	0.0	0.0	0.0	0.0	0.0	0.0	0.0	0.0	0.0	0.0	0.0	0.0	0.0	0.0	0.0	0.0	0.0	0.0	0.0	0.0	0.0	0.0	0.0	0.0	0.0	0.0	0.0	Media control
F10	0.0069399999999999965	0.006439999999999996	0.010786666666666661	0.01574666666666666	0.017999999999999995	0.021999999999999992	0.02316666666666666	0.02264666666666666	0.022053333333333324	0.025146666666666657	0.026379999999999994	0.030406666666666655	0.03415333333333332	0.03822666666666665	0.038819999999999986	0.04149333333333332	0.04190666666666666	0.04537333333333332	0.050073333333333324	0.05469999999999999	0.06057999999999999	0.06489333333333333	0.06798666666666667	0.06810666666666668	0.06848666666666667	0.06672000000000002	0.07027333333333334	0.07006000000000001	0.07291333333333334	0.07331333333333334	0.07380666666666667	0.07292666666666668	0.07308	0.07253333333333334	0.07428666666666668	0.07627333333333335	0.07772	0.07982	0.08194666666666667	0.08777333333333333	0.09207333333333331	0.09949333333333334	0.10640666666666668	0.11594666666666667	0.12153333333333334	0.13117333333333334	0.14037333333333332	0.15691333333333332	0.17188666666666666	0.18802666666666665	0.20840666666666668	0.22865333333333332	0.2478466666666667	0.2740066666666666	0.30877999999999994	0.3433333333333333	0.38288666666666665	0.42728666666666665	0.46527333333333337	0.49372000000000005	0.5115866666666667	Growth with low glutamate supplementation and spermine treatment.
F11	0.010340000000000005	0.013080000000000003	0.014540000000000003	0.019233333333333335	0.02016	0.01955333333333333	0.021873333333333328	0.026459999999999994	0.02613333333333333	0.029059999999999996	0.0293	0.028826666666666667	0.02945333333333333	0.031766666666666665	0.03285333333333333	0.03349333333333333	0.035219999999999994	0.0382	0.041639999999999996	0.04606	0.051526666666666665	0.05825333333333334	0.06524666666666668	0.07416666666666669	0.08654666666666667	0.10853333333333334	0.13106666666666666	0.17228	0.2649066666666667	0.40430666666666665	0.5224866666666668	0.61954	0.6742799999999999	0.68078	0.5975266666666667	0.4937266666666667	0.4065266666666666	0.3464333333333333	0.28932	0.2709266666666667	0.28256000000000003	0.30183333333333334	0.31587333333333334	0.3251266666666667	0.33296000000000003	0.34947333333333336	0.3612866666666667	0.3801066666666667	0.40382666666666667	0.43134666666666666	0.45216	0.47744666666666663	0.5025266666666667	0.5221399999999999	0.5452933333333333	0.5726	0.60394	0.6361600000000001	0.66866	0.6950533333333333	0.7125	Baseline growth with no supplementation or treatment.
F12	0.0189	0.015453333333333338	0.015506666666666674	0.01679333333333334	0.01640000000000001	0.016753333333333335	0.01952	0.02084666666666667	0.020626666666666665	0.020073333333333332	0.018993333333333334	0.02079333333333334	0.02217333333333334	0.02647333333333335	0.03034666666666668	0.034200000000000015	0.03755333333333334	0.04295333333333334	0.047553333333333336	0.05282666666666667	0.058666666666666666	0.061806666666666676	0.06428	0.06456000000000002	0.06585333333333335	0.06582666666666669	0.06675333333333335	0.06576666666666667	0.06745999999999999	0.06754666666666667	0.06659999999999999	0.06436	0.06281333333333333	0.06161333333333332	0.06236666666666666	0.06214666666666666	0.06858666666666666	0.07455333333333333	0.08156000000000001	0.08742666666666668	0.09750666666666667	0.10691333333333333	0.11810666666666667	0.12870666666666666	0.14089333333333331	0.15153999999999998	0.16454	0.17723333333333333	0.19359333333333334	0.21345999999999998	0.24046000000000003	0.26217333333333337	0.2937466666666667	0.3218	0.35863333333333336	0.39174	0.4366533333333333	0.4845933333333333	0.5336933333333334	0.5687533333333332	0.5944066666666666	Growth with high glutamate supplementation and spermine treatment.
G1	0.010246666666666664	0.013819999999999995	0.015259999999999996	0.020373333333333334	0.025419999999999998	0.02874666666666667	0.026780000000000005	0.026433333333333343	0.025520000000000004	0.022486666666666665	0.02099333333333333	0.022419999999999995	0.02566666666666666	0.027119999999999995	0.02967333333333333	0.03349333333333333	0.03670000000000001	0.038866666666666674	0.03844000000000001	0.039473333333333346	0.03719333333333334	0.0339	0.03010666666666666	0.028126666666666668	0.02368	0.020146666666666674	0.016793333333333337	0.014473333333333343	0.013473333333333337	0.01283333333333333	0.012999999999999994	0.013453333333333335	0.01479333333333333	0.01426	0.014479999999999998	0.014666666666666661	0.014873333333333327	0.01475333333333333	0.014773333333333328	0.013973333333333327	0.013273333333333331	0.013406666666666667	0.012066666666666665	0.011319999999999997	0.012466666666666671	0.012513333333333343	0.012333333333333345	0.013180000000000015	0.013373333333333348	0.012540000000000006	0.012373333333333337	0.012499999999999994	0.012366666666666665	0.0125	0.012886666666666675	0.013180000000000008	0.012820000000000008	0.012973333333333342	0.011326666666666674	0.009793333333333338	0.010153333333333337	Media control
G2	0.01130666666666667	0.01116	0.008939999999999995	0.007793333333333333	0.010639999999999993	0.006646666666666662	0.009419999999999994	0.011113333333333336	0.012959999999999994	0.015246666666666658	0.017413333333333326	0.019919999999999993	0.024106666666666655	0.02677999999999999	0.029553333333333327	0.03339333333333333	0.03728	0.04220666666666668	0.04968000000000001	0.057173333333333354	0.06721333333333335	0.07876	0.09720666666666666	0.11714666666666665	0.14482	0.1785466666666667	0.22625333333333333	0.29921333333333333	0.45819333333333334	0.5790933333333333	0.6578799999999999	0.7148133333333333	0.7615933333333333	0.71308	0.67538	0.6513866666666667	0.6656133333333333	0.6198533333333334	0.5701733333333333	0.5349333333333333	0.5203533333333333	0.4792466666666667	0.47674666666666665	0.48347999999999997	0.5029666666666667	0.5288333333333333	0.5586133333333333	0.5894	0.6292333333333333	0.67502	0.7159933333333334	0.7512599999999999	0.7922066666666667	0.8346800000000002	0.8666266666666667	0.91482	0.9633400000000002	1.0084133333333334	1.0496266666666665	1.0856733333333335	1.0968133333333332	Baseline growth with no supplementation or treatment.
G3	0.002053333333333335	0.00441333333333333	0.005733333333333329	0.006046666666666667	0.0068000000000000005	0.006226666666666663	0.00504	0.004813333333333336	0.007399999999999995	0.008706666666666658	0.009313333333333323	0.011019999999999992	0.014066666666666654	0.016239999999999987	0.02073333333333332	0.023753333333333328	0.02649999999999999	0.029826666666666658	0.03289999999999999	0.035153333333333335	0.04101333333333333	0.0475	0.05218666666666667	0.059966666666666654	0.06731999999999998	0.06842666666666666	0.06987333333333332	0.0712333333333333	0.07207333333333331	0.07249333333333333	0.0783	0.08431333333333332	0.09233333333333332	0.096	0.10602	0.11312666666666664	0.11969333333333332	0.12613333333333332	0.1388933333333333	0.14869333333333332	0.1619133333333333	0.17608666666666667	0.19644666666666666	0.21286	0.23548666666666668	0.26293333333333335	0.2874933333333333	0.3206	0.35855333333333334	0.39948	0.4483133333333333	0.5038400000000001	0.5500666666666667	0.60366	0.6604466666666666	0.71146	0.7706	0.8326733333333334	0.8925266666666667	0.9367933333333334	0.9610333333333333	Growth with spermine treatment, no supplementation.
G4	0.006593333333333335	0.009500000000000003	0.008933333333333335	0.0073666666666666655	0.008079999999999999	0.00586666666666667	0.0030866666666666707	0.0017866666666666697	0.0033533333333333358	0.0033066666666666743	0.00493333333333334	0.0068000000000000005	0.010520000000000002	0.011586666666666667	0.015113333333333322	0.01792	0.021306666666666668	0.026279999999999998	0.04469333333333333	0.06720666666666666	0.09238666666666666	0.10862666666666665	0.12860666666666667	0.13454000000000002	0.13597333333333333	0.12937333333333334	0.13414666666666664	0.13014666666666663	0.13056666666666666	0.12954666666666664	0.1336133333333333	0.13622666666666666	0.13754666666666665	0.13442	0.1373666666666667	0.1361466666666667	0.13319333333333336	0.13421333333333335	0.13622	0.13635333333333333	0.14240666666666665	0.15219333333333332	0.16216666666666665	0.17608666666666667	0.19612000000000002	0.21631333333333336	0.23752666666666666	0.26244666666666666	0.28840666666666664	0.31716	0.35650000000000004	0.3960866666666667	0.44198666666666664	0.49137333333333333	0.5408066666666667	0.5920266666666667	0.6519533333333334	0.7071066666666667	0.7685333333333333	0.8175333333333332	0.8376199999999999	Growth with alanine supplementation and spermine treatment.
G5	0.019339999999999996	0.019973333333333333	0.016426666666666662	0.015859999999999996	0.018659999999999993	0.01640666666666667	0.015406666666666674	0.015786666666666678	0.01537333333333334	0.013966666666666683	0.014553333333333345	0.01702	0.020620000000000006	0.021566666666666668	0.02435333333333332	0.02591999999999999	0.028646666666666664	0.030999999999999993	0.03631333333333333	0.04258666666666667	0.05468666666666666	0.07198666666666667	0.10604666666666666	0.15303999999999998	0.23187333333333332	0.33573333333333333	0.4317466666666666	0.5355866666666667	0.6922666666666666	0.7791866666666667	0.7800933333333333	0.7476066666666666	0.6678466666666666	0.5132399999999999	0.39430666666666664	0.3279066666666667	0.30311333333333335	0.30555333333333334	0.31533999999999995	0.3372733333333333	0.3717666666666667	0.4091333333333333	0.44472666666666666	0.4947466666666667	0.5407	0.5919133333333333	0.6469866666666666	0.7063866666666666	0.7650666666666667	0.8247199999999999	0.8831199999999999	0.9364266666666665	0.9972266666666666	1.0556333333333332	1.1160866666666667	1.1655266666666668	1.2156933333333335	1.2584266666666668	1.2965133333333334	1.3235733333333335	1.3405799999999999	Growth with high glutamate supplementation, no spermine treatment.
G6	0.010086666666666666	0.013826666666666664	0.014006666666666659	0.01529999999999999	0.01968666666666665	0.02018666666666665	0.02058666666666666	0.022626666666666666	0.024546666666666668	0.024446666666666672	0.026293333333333335	0.02789999999999999	0.030206666666666653	0.03211333333333331	0.03705333333333331	0.04025333333333332	0.04360666666666666	0.049699999999999994	0.05388666666666666	0.059519999999999997	0.06781999999999999	0.08191999999999999	0.0999	0.12822666666666666	0.16576000000000002	0.21645333333333333	0.26376	0.31803333333333333	0.45422	0.5760533333333333	0.6620533333333334	0.7562	0.8336266666666667	0.8124466666666667	0.7890400000000001	0.7461733333333334	0.6814466666666666	0.60554	0.53684	0.4714333333333333	0.4500133333333333	0.44315333333333334	0.4515866666666666	0.4634733333333333	0.48453333333333337	0.5102066666666667	0.5409666666666666	0.5787133333333333	0.6279533333333334	0.6768466666666667	0.7259133333333334	0.7772266666666667	0.8294133333333333	0.8810266666666667	0.9305266666666666	0.9871000000000001	1.0444066666666667	1.1020933333333331	1.1568133333333332	1.2060399999999998	1.2284466666666665	Growth with low glutamate supplementation, no spermine treatment.
G7	0.008940000000000003	0.010226666666666667	0.01293333333333333	0.01624666666666666	0.017533333333333324	0.015433333333333321	0.01455999999999999	0.01392666666666666	0.013399999999999995	0.013079999999999998	0.013233333333333324	0.014486666666666658	0.017013333333333325	0.019646666666666656	0.023206666666666653	0.026379999999999994	0.029053333333333327	0.031499999999999986	0.03365333333333333	0.03535333333333333	0.03637999999999999	0.03755333333333332	0.03930666666666666	0.04151333333333333	0.04238666666666667	0.045040000000000004	0.04488666666666667	0.043480000000000005	0.04333333333333333	0.04379333333333334	0.04370666666666668	0.04774666666666667	0.05088666666666668	0.0526	0.05628	0.06135999999999999	0.06542666666666666	0.07078	0.07409333333333333	0.08054666666666667	0.08403333333333333	0.08958	0.09703333333333335	0.11128666666666667	0.12335333333333334	0.13502666666666668	0.15053333333333335	0.16286666666666666	0.17700666666666667	0.2003733333333333	0.22277999999999992	0.24271333333333328	0.27338666666666667	0.3048133333333333	0.33621999999999996	0.37458	0.41502	0.4549533333333334	0.50302	0.53918	0.5544	Growth with low glutamate supplementation and spermine treatment.
G8	0.008859999999999996	0.01076666666666667	0.014113333333333328	0.018986666666666662	0.022393333333333338	0.023773333333333334	0.024699999999999993	0.02604666666666667	0.02652	0.02713999999999999	0.027133333333333325	0.028206666666666658	0.030513333333333326	0.03292666666666665	0.04052666666666665	0.049419999999999985	0.05609333333333333	0.06475999999999998	0.07663333333333332	0.08285333333333333	0.08771999999999999	0.09031333333333333	0.09178666666666666	0.08993333333333334	0.08550666666666665	0.08052	0.08078666666666667	0.07824	0.07887333333333332	0.08331333333333334	0.08756666666666667	0.09282666666666665	0.09680666666666667	0.10076	0.10415999999999999	0.11083999999999998	0.11174666666666666	0.11735999999999998	0.12523333333333334	0.1343666666666667	0.1405533333333333	0.15826	0.17197333333333334	0.18196666666666667	0.19589333333333334	0.21776666666666672	0.23439333333333331	0.25872666666666666	0.28936666666666666	0.31795333333333337	0.34774000000000005	0.38517333333333337	0.4277666666666667	0.47009333333333336	0.51936	0.5692	0.6204400000000001	0.6738733333333334	0.7264600000000001	0.7680400000000001	0.79274	Growth with alanine supplementation and spermine treatment.
G9	0.00673333333333333	0.00895333333333333	0.010466666666666655	0.014213333333333317	0.017679999999999984	0.017353333333333325	0.016999999999999994	0.01738666666666667	0.01652666666666667	0.015826666666666666	0.01694666666666666	0.019126666666666663	0.021386666666666665	0.023086666666666665	0.026859999999999995	0.031593333333333334	0.03491333333333334	0.0397	0.04598	0.05218666666666667	0.05733333333333333	0.06351333333333334	0.06650666666666667	0.06792666666666666	0.06931333333333334	0.07064666666666668	0.07033333333333333	0.06980666666666668	0.07056	0.06939333333333333	0.06758000000000002	0.06852666666666667	0.07139333333333335	0.07227333333333333	0.07593333333333334	0.08249333333333334	0.08832000000000001	0.09508666666666668	0.10340666666666669	0.11209333333333334	0.11763333333333334	0.12963333333333332	0.14062000000000002	0.15788666666666665	0.17079333333333332	0.19044	0.20947333333333332	0.22876666666666665	0.24889999999999998	0.2783333333333333	0.3099466666666667	0.3465	0.3959533333333333	0.44118	0.4821533333333333	0.5284133333333333	0.5765933333333333	0.6216333333333333	0.6791533333333333	0.7331	0.7567999999999999	Growth with alanine supplementation and spermine treatment.
G10	0.0034800000000000052	0.004233333333333339	0.002906666666666663	0.0015933333333333299	0.0015933333333333299	0.002273333333333333	0.0035399999999999932	0.005506666666666665	0.00726666666666666	0.009046666666666665	0.010326666666666661	0.009766666666666668	0.00872666666666667	0.006540000000000007	0.005113333333333331	0.0035666666666666624	0.002446666666666664	0.0015133333333333277	0.0029399999999999925	0.003986666666666666	0.005413333333333331	0.00729333333333333	0.008386666666666664	0.007786666666666664	0.008433333333333331	0.007666666666666666	0.007553333333333334	0.007046666666666668	0.008100000000000007	0.007633333333333342	0.007240000000000008	0.006726666666666675	0.006773333333333342	0.005933333333333341	0.005933333333333341	0.007193333333333346	0.006380000000000013	0.006526666666666686	0.0071666666666666875	0.007373333333333348	0.007093333333333352	0.007853333333333351	0.007840000000000008	0.0075466666666666685	0.006853333333333339	0.00776	0.007013333333333332	0.006466666666666665	0.006959999999999999	0.007633333333333337	0.0073266666666666706	0.007519999999999999	0.008133333333333331	0.007400000000000001	0.0068933333333333294	0.00577333333333333	0.006033333333333335	0.005153333333333338	0.006253333333333333	0.0072399999999999964	0.0064599999999999935	Media control
G11	0.014793333333333335	0.016353333333333338	0.018966666666666673	0.023713333333333343	0.025660000000000006	0.025673333333333336	0.02512000000000001	0.026726666666666676	0.027146666666666673	0.027966666666666674	0.028806666666666675	0.031606666666666665	0.03376666666666666	0.03578666666666666	0.03782	0.042413333333333324	0.04753333333333333	0.0516	0.057679999999999995	0.06526666666666667	0.07525333333333334	0.08171333333333333	0.09148666666666669	0.09652666666666669	0.10415333333333335	0.10936666666666668	0.11625333333333336	0.11926666666666667	0.13132	0.13393333333333332	0.13391999999999998	0.13666666666666666	0.1398333333333333	0.13789333333333334	0.14283333333333334	0.14759333333333333	0.15665999999999997	0.16556666666666667	0.17300666666666667	0.17795333333333332	0.18311333333333332	0.17801333333333336	0.17402	0.16986666666666667	0.16383333333333333	0.16294	0.1671733333333333	0.17430666666666667	0.18205999999999997	0.19331333333333336	0.20196666666666668	0.21156000000000003	0.2240333333333333	0.23906	0.26019333333333333	0.2816533333333333	0.3061933333333333	0.33007333333333333	0.35839333333333334	0.37966	0.38994	Growth with high glutamate supplementation and spermine treatment.
G12	0.006060000000000005	0.0057533333333333325	0.005326666666666669	0.006906666666666667	0.00928666666666667	0.0076333333333333305	0.008100000000000007	0.010266666666666669	0.009960000000000002	0.0069799999999999975	0.0070666666666666655	0.008139999999999991	0.007553333333333329	0.00832	0.011386666666666666	0.012019999999999992	0.01399999999999999	0.01611999999999999	0.01665999999999999	0.01803333333333333	0.01956	0.02328666666666667	0.02818000000000001	0.036440000000000014	0.04724000000000002	0.06163333333333335	0.07889333333333334	0.10795333333333335	0.16894666666666666	0.26726666666666665	0.3941533333333333	0.54134	0.6986866666666666	0.8441733333333332	0.9378933333333332	0.9003466666666666	0.8106066666666667	0.6671400000000001	0.50276	0.34728666666666663	0.2817866666666667	0.2462333333333333	0.24735999999999997	0.24460666666666664	0.2462733333333333	0.2601266666666667	0.27074	0.2802866666666667	0.2979866666666667	0.3147066666666667	0.33214	0.35914	0.38727333333333325	0.41391333333333336	0.4476866666666666	0.48525999999999997	0.5264800000000001	0.56782	0.6097733333333333	0.6427133333333334	0.6627	Growth with alanine supplementation, no spermine treatment.
H1	0.001733333333333331	0.001733333333333331	0.001053333333333331	0.0003733333333333311	0.001486666666666664	0.0031933333333333314	0.0031933333333333314	0.003206666666666669	0.004506666666666664	0.005393333333333328	0.005339999999999995	0.008379999999999993	0.011946666666666656	0.014619999999999994	0.016953333333333327	0.01857333333333333	0.019840000000000003	0.02330666666666667	0.029060000000000002	0.03751333333333335	0.048893333333333344	0.06476000000000001	0.09298666666666666	0.13724666666666668	0.18538	0.21528666666666663	0.2486733333333333	0.2756733333333333	0.2938933333333333	0.29599333333333333	0.30484	0.30193333333333333	0.29389333333333334	0.27453999999999995	0.26442	0.2656466666666667	0.2682733333333333	0.27037333333333335	0.2746733333333333	0.28357333333333334	0.2966133333333333	0.3133666666666667	0.3354866666666666	0.36306000000000005	0.39330666666666664	0.42295333333333335	0.4566133333333333	0.48550000000000004	0.5159133333333334	0.54812	0.5843933333333334	0.62024	0.6566866666666666	0.6957599999999999	0.7339266666666666	0.76774	0.80418	0.8460733333333333	0.8816266666666668	0.9089733333333335	0.9268733333333333	Baseline growth with no supplementation or treatment.
H2	0.001479999999999998	0.001479999999999998	0.000739999999999999	0.0	0.0010133333333333327	0.0030133333333333344	0.005306666666666665	0.007779999999999998	0.012339999999999995	0.015546666666666658	0.017533333333333324	0.019759999999999993	0.02230666666666666	0.02233999999999999	0.02341333333333332	0.025313333333333327	0.02653999999999999	0.02742666666666666	0.0305	0.034053333333333345	0.03945333333333334	0.048920000000000005	0.06068666666666667	0.07470666666666667	0.09403999999999998	0.11910666666666665	0.1536133333333333	0.20287333333333332	0.2981733333333333	0.4768933333333333	0.6633800000000001	0.8673933333333335	1.0976933333333334	1.2728000000000002	1.3295800000000002	1.3716666666666668	1.3876733333333333	1.2668333333333333	1.0410533333333332	0.8448133333333333	0.6531133333333333	0.45722666666666656	0.36260666666666663	0.39091999999999993	0.42750666666666665	0.46473333333333333	0.5116333333333334	0.56192	0.6105533333333334	0.65452	0.7011533333333333	0.7454799999999999	0.7897066666666667	0.8290599999999999	0.8685466666666667	0.90306	0.9414200000000001	0.9733133333333333	1.0049066666666666	1.0316333333333334	1.0482133333333334	Growth with low glutamate supplementation, no spermine treatment.
H3	0.005813333333333337	0.005013333333333331	0.007393333333333324	0.009473333333333328	0.009719999999999996	0.008939999999999993	0.008379999999999999	0.0071	0.006293333333333329	0.004393333333333327	0.004299999999999998	0.003846666666666665	0.00407333333333334	0.004253333333333336	0.005873333333333336	0.0071	0.007119999999999999	0.007966666666666667	0.009986666666666671	0.011626666666666674	0.01654666666666667	0.023246666666666672	0.030373333333333336	0.035473333333333336	0.041673333333333326	0.045	0.04820666666666666	0.05050666666666666	0.054159999999999986	0.0561	0.05857333333333333	0.05976666666666667	0.062073333333333335	0.06434666666666666	0.06794666666666667	0.0722	0.07659333333333332	0.07713999999999997	0.07934	0.08222666666666664	0.08530666666666666	0.09105333333333332	0.09996666666666668	0.10730666666666666	0.11441333333333334	0.12552666666666668	0.1367066666666667	0.15000666666666668	0.1689266666666667	0.18466666666666667	0.20135999999999998	0.22130666666666668	0.24917333333333333	0.27054	0.3040466666666667	0.34098	0.37844	0.41464	0.45920666666666665	0.49316000000000004	0.5096400000000001	Growth with low glutamate supplementation and spermine treatment.
H4	0.0006933333333333291	0.0006933333333333291	0.00034666666666666456	0.0	0.0	0.001366666666666666	0.001366666666666666	0.0028866666666666598	0.0030199999999999893	0.0034599999999999965	0.0024666666666666613	0.003006666666666663	0.0024333333333333316	0.003133333333333338	0.00467333333333333	0.00766	0.010660000000000003	0.015286666666666676	0.022486666666666672	0.02908666666666667	0.03840666666666667	0.04950666666666667	0.06495333333333334	0.08303333333333332	0.11053333333333333	0.15548	0.22442666666666664	0.3378866666666666	0.54004	0.7158	0.7896933333333334	0.8096666666666668	0.7380933333333333	0.5615466666666666	0.3955066666666667	0.31542000000000003	0.2752133333333333	0.27632	0.28812000000000004	0.3144266666666667	0.3515066666666667	0.38731333333333334	0.43188666666666664	0.4801066666666666	0.5333333333333334	0.5831266666666666	0.6295666666666666	0.6814666666666667	0.7383066666666667	0.7950666666666666	0.84886	0.9063266666666667	0.9567133333333334	1.00894	1.058406666666667	1.1007000000000002	1.13814	1.17878	1.216346666666667	1.24316	1.26028	Growth with low glutamate supplementation, no spermine treatment.
H5	0.017626666666666662	0.022506666666666657	0.02113999999999999	0.016153333333333325	0.014839999999999987	0.01303999999999999	0.0066799999999999915	0.005659999999999987	0.005613333333333315	0.005373333333333325	0.00557999999999999	0.005566666666666659	0.00497333333333333	0.008073333333333339	0.012853333333333328	0.016479999999999995	0.020259999999999993	0.026826666666666672	0.04034666666666666	0.049486666666666665	0.05852666666666667	0.07012666666666667	0.07633333333333334	0.07561333333333334	0.07651333333333334	0.07958000000000001	0.08072666666666665	0.08662666666666666	0.09025999999999998	0.0927	0.09561333333333333	0.09864666666666666	0.09811333333333334	0.10316666666666667	0.11270666666666669	0.12228000000000001	0.13165333333333334	0.14689999999999998	0.15524	0.16514666666666666	0.17512666666666665	0.19015333333333334	0.20100666666666664	0.22550666666666666	0.2524533333333333	0.2835866666666666	0.31578666666666666	0.35068666666666665	0.3793266666666667	0.4095466666666666	0.44404000000000005	0.48280666666666666	0.5268933333333333	0.57134	0.6221266666666667	0.6690400000000001	0.71612	0.76228	0.8129466666666666	0.8485199999999999	0.86852	Growth with spermine treatment, no supplementation.
H6	0.0037199999999999954	0.0038866666666666607	0.0034066666666666607	0.004199999999999998	0.006293333333333329	0.009986666666666661	0.01408666666666667	0.016326666666666673	0.017126666666666672	0.019406666666666676	0.019253333333333345	0.019840000000000003	0.01984666666666667	0.02045333333333333	0.019373333333333333	0.01883333333333333	0.016966666666666668	0.01724	0.015826666666666666	0.013939999999999998	0.014000000000000002	0.013600000000000001	0.012200000000000006	0.010506666666666675	0.012800000000000011	0.012893333333333345	0.013240000000000007	0.014093333333333341	0.01606000000000001	0.015913333333333335	0.015313333333333328	0.01346	0.012646666666666667	0.012726666666666664	0.010720000000000002	0.008933333333333338	0.009586666666666665	0.009459999999999996	0.010019999999999996	0.010653333333333325	0.012593333333333328	0.012713333333333332	0.011646666666666661	0.010433333333333327	0.010733333333333327	0.00994666666666666	0.009966666666666657	0.010673333333333323	0.010573333333333329	0.011406666666666666	0.012333333333333335	0.01262666666666667	0.012473333333333341	0.011566666666666675	0.011006666666666675	0.010060000000000008	0.009826666666666678	0.010473333333333345	0.010693333333333343	0.009500000000000008	0.010146666666666675	Media control
H7	0.013093333333333335	0.017153333333333333	0.01657999999999999	0.01771333333333332	0.023893333333333322	0.02447333333333332	0.02423999999999999	0.024086666666666662	0.02368	0.021900000000000003	0.021673333333333333	0.022766666666666668	0.025353333333333332	0.027246666666666662	0.03100666666666666	0.034519999999999995	0.03603333333333332	0.039879999999999985	0.04687333333333332	0.05171333333333332	0.05669999999999999	0.06379333333333333	0.07036666666666666	0.07241333333333333	0.07338666666666666	0.07368	0.07390666666666665	0.07192000000000001	0.07217333333333334	0.07533333333333334	0.08016666666666668	0.08564666666666668	0.08868666666666666	0.09306	0.0962	0.10133999999999999	0.10654666666666665	0.11769999999999999	0.12479333333333331	0.13528666666666667	0.14225333333333331	0.15384	0.16411333333333333	0.17856666666666668	0.19515333333333335	0.2159866666666667	0.24077333333333337	0.2678866666666667	0.29508666666666666	0.3241733333333333	0.36013999999999996	0.3911933333333333	0.43022666666666665	0.47851333333333324	0.526	0.57358	0.62646	0.6809333333333333	0.7362399999999999	0.7853	0.8102	Growth with alanine supplementation and spermine treatment.
H8	0.013933333333333336	0.021573333333333333	0.02285999999999999	0.025533333333333318	0.03329333333333332	0.03295333333333332	0.030039999999999983	0.03144666666666666	0.03037999999999999	0.028439999999999993	0.029493333333333323	0.03094666666666666	0.032173333333333325	0.03496666666666666	0.03828666666666665	0.04129999999999999	0.04399333333333332	0.04661999999999999	0.05075333333333333	0.05527333333333333	0.06028	0.06709333333333332	0.07346666666666665	0.07811333333333334	0.08142666666666667	0.08374	0.08598666666666667	0.08362	0.08373333333333333	0.08313333333333334	0.08198666666666668	0.08076666666666668	0.08162666666666667	0.08146	0.08052	0.0793	0.07842666666666666	0.07695999999999999	0.07483333333333334	0.07340666666666668	0.07589333333333334	0.07924	0.08789333333333335	0.09284666666666667	0.10271333333333335	0.1108666666666667	0.11853333333333335	0.1268266666666667	0.1468266666666667	0.1603733333333333	0.17853999999999998	0.19851333333333332	0.22360666666666665	0.24479333333333334	0.27291999999999994	0.30316	0.33944	0.3734133333333333	0.41181999999999996	0.44584	0.4622	Growth with high glutamate supplementation and spermine treatment.
H9	0.006106666666666666	0.008860000000000002	0.00855333333333333	0.010259999999999997	0.014279999999999998	0.012453333333333339	0.012419999999999997	0.01600666666666667	0.017986666666666668	0.01816666666666667	0.020246666666666663	0.02310666666666667	0.027466666666666674	0.03084666666666667	0.03372	0.03509333333333334	0.036153333333333336	0.03626	0.0368	0.041106666666666666	0.04651333333333333	0.051993333333333336	0.05804666666666667	0.06624666666666666	0.07679333333333334	0.09346666666666667	0.11535333333333335	0.14582666666666666	0.21498	0.3000333333333334	0.36838000000000004	0.4292866666666667	0.48719333333333326	0.5108533333333333	0.47917333333333334	0.4338533333333333	0.38288	0.32594666666666666	0.2632066666666667	0.23653333333333335	0.23493333333333336	0.24361333333333332	0.25274	0.2663666666666667	0.28457333333333334	0.30802	0.3346733333333334	0.3661466666666667	0.40049999999999997	0.43883333333333335	0.4837066666666667	0.52894	0.5798333333333334	0.63316	0.6845533333333333	0.7350533333333333	0.7854333333333333	0.8387333333333332	0.8956733333333332	0.94384	0.96562	Growth with alanine supplementation, no spermine treatment.
H10	0.015893333333333332	0.01745333333333333	0.02060666666666667	0.025913333333333333	0.02952	0.02571333333333333	0.026800000000000008	0.029886666666666672	0.03214666666666667	0.03262666666666667	0.03484666666666667	0.03732666666666666	0.04138666666666666	0.043726666666666664	0.047799999999999995	0.05239333333333333	0.05721333333333334	0.064	0.07631999999999999	0.08970666666666667	0.11495333333333332	0.13759333333333335	0.18704666666666667	0.2523266666666667	0.3723533333333333	0.49152666666666667	0.5794933333333333	0.6408266666666667	0.7084199999999999	0.6792133333333333	0.5814999999999999	0.5074066666666666	0.4270933333333334	0.32341333333333333	0.2649533333333333	0.26437333333333335	0.26781999999999995	0.28018666666666664	0.2974266666666667	0.3124133333333333	0.3343733333333333	0.3687533333333334	0.40282	0.4383666666666667	0.4784933333333333	0.52596	0.5711933333333332	0.6197266666666666	0.6690400000000001	0.7196333333333333	0.7649066666666667	0.81268	0.8621933333333333	0.9069800000000001	0.9557733333333334	1.0014533333333333	1.0455333333333334	1.0860733333333332	1.1259933333333332	1.15242	1.16638	Growth with low glutamate supplementation, no spermine treatment.
H11	0.00014666666666666718	0.00014666666666666718	0.003340000000000004	0.006586666666666669	0.008026666666666665	0.011239999999999995	0.0127	0.009786666666666666	0.007166666666666666	0.007666666666666666	0.005726666666666669	0.005906666666666666	0.008066666666666666	0.010286666666666671	0.00994000000000001	0.009853333333333342	0.008653333333333341	0.00846	0.0063	0.005126666666666668	0.005253333333333343	0.004813333333333341	0.00330666666666668	0.004206666666666681	0.004273333333333346	0.004406666666666681	0.004406666666666681	0.0043800000000000115	0.003033333333333338	0.0038666666666666736	0.004053333333333331	0.004826666666666662	0.004553333333333331	0.005893333333333334	0.00467333333333333	0.0032133333333333293	0.003799999999999992	0.00494666666666665	0.004126666666666651	0.004173333333333312	0.004813333333333314	0.0038733333333333233	0.0026999999999999915	0.0037866666666666548	0.004773333333333324	0.004559999999999992	0.005053333333333321	0.006426666666666659	0.006	0.0055733333333333355	0.005786666666666667	0.005459999999999998	0.0057933333333333335	0.004979999999999996	0.005293333333333328	0.0060533333333333324	0.00619333333333334	0.0062733333333333365	0.005853333333333338	0.005020000000000008	0.0055	Media control
H12	0.03536	0.037053333333333334	0.037040000000000003	0.04282000000000001	0.053700000000000005	0.06148666666666667	0.06845333333333334	0.07808666666666667	0.0814	0.07693333333333333	0.08008	0.08139333333333335	0.07834666666666666	0.07869333333333334	0.08232666666666666	0.08259999999999999	0.0829	0.08683999999999999	0.08685999999999999	0.09339333333333334	0.09928000000000001	0.11746666666666668	0.15118	0.20350000000000001	0.27782	0.3761933333333333	0.45409333333333335	0.5272133333333333	0.6347466666666667	0.6985666666666666	0.6769733333333334	0.6324	0.5643066666666666	0.4470133333333333	0.34503333333333336	0.3078466666666667	0.30556666666666665	0.3175	0.33498	0.3557066666666667	0.37870666666666664	0.40169333333333335	0.42698	0.4552466666666667	0.4829533333333333	0.5143666666666666	0.5519000000000001	0.5932466666666667	0.6286066666666666	0.6752066666666667	0.7179399999999999	0.75806	0.7974533333333333	0.8394533333333334	0.8756266666666667	0.91418	0.95272	0.98852	1.0241333333333333	1.0522733333333334	1.06488	Growth with high glutamate supplementation, no spermine treatment.
