well	0	1200	2400	3600	4800	6000	7200	8400	9600	10800	12000	13200	14400	15600	16800	18000	19200	20400	21600	22800	24000	25200	26400	27600	28800	30000	31200	32400	33600	34800	36000	37200	38400	39600	40800	42000	43200	44400	45600	46800	48000	49200	50400	51600	52800	54000	55200	56400	57600	58800	60000	61200	62400	63600	64800	66000	67200	68400	69600	70800	72000	Summary
A1	0.06983333333333332	0.02423333333333333	0.05996666666666664	0.07643333333333335	0.06770000000000001	0.09090000000000001	0.08763333333333331	0.07776666666666665	0.0897333333333333	0.09566666666666668	0.09330000000000002	0.0845666666666667	0.09566666666666665	0.09713333333333338	0.10653333333333337	0.09423333333333336	0.10949999999999999	0.10483333333333333	0.11049999999999996	0.11136666666666667	0.10286666666666669	0.11539999999999997	0.1189	0.13953333333333331	0.14786666666666673	0.17346666666666663	0.18803333333333333	0.20290000000000002	0.2383333333333333	0.32243333333333335	0.44620000000000004	0.3759333333333333	0.3877999999999999	0.5357000000000001	0.6950999999999999	0.7638666666666667	0.5213333333333333	0.49670000000000003	0.6975	0.7624333333333333	0.6450333333333333	0.5171666666666667	0.4762333333333333	0.40966666666666673	0.4180666666666667	0.4122	0.3996666666666666	0.4197333333333334	0.4364	0.44153333333333333	0.4609333333333333	0.4862666666666666	0.5355666666666667	0.5727	0.6228666666666667	0.6754333333333333	0.6992666666666667	0.7335666666666666	0.7936333333333333	0.8186	0.8479666666666666	Growth with alanine supplementation, no spermine treatment.
A2	0.0008333333333333248	0.0	0.02636666666666665	0.02733333333333335	0.03109999999999999	0.001600000000000018	0.00573333333333334	0.009766666666666673	0.00683333333333333	0.00846666666666665	0.014200000000000018	0.014866666666666667	0.010266666666666646	0.006233333333333341	0.019833333333333314	0.021733333333333354	0.017699999999999994	0.011633333333333329	0.013399999999999995	0.0071666666666666545	0.022866666666666674	0.007300000000000001	0.01369999999999999	0.015433333333333327	0.01956666666666665	0.013266666666666649	0.014333333333333337	0.020000000000000018	0.015133333333333304	0.0	0.0204	0.008033333333333337	0.0068999999999999895	0.022799999999999987	0.027499999999999997	0.027966666666666667	0.024833333333333346	0.020900000000000002	0.007000000000000006	0.009733333333333344	0.0	0.019766666666666682	0.017533333333333345	0.018166666666666664	0.0069666666666666766	0.0005000000000000004	0.0	0.02243333333333336	0.01899999999999999	0.0	0.010633333333333328	0.01156666666666667	0.010366666666666663	0.012199999999999989	0.012166666666666659	0.007633333333333325	0.00886666666666669	0.013066666666666671	0.00993333333333335	0.00839999999999999	0.004966666666666675	Media control
A3	0.045533333333333356	0.018199999999999994	0.055433333333333334	0.03680000000000003	0.049766666666666626	0.07336666666666669	0.046499999999999986	0.03683333333333336	0.08566666666666664	0.04983333333333331	0.04506666666666667	0.04523333333333332	0.0562	0.037099999999999994	0.05569999999999997	0.04880000000000001	0.03143333333333334	0.022700000000000026	0.053299999999999986	0.0050000000000000044	0.029833333333333323	0.05036666666666667	0.04556666666666667	0.0557	0.07553333333333331	0.09513333333333332	0.07980000000000001	0.09396666666666667	0.09106666666666668	0.13543333333333332	0.24093333333333333	0.5038	0.7627666666666667	1.0042	1.3455666666666666	1.5903333333333334	1.7429	1.8309666666666666	1.7856333333333334	1.692	1.2719	0.4309666666666667	0.4682666666666667	0.5410666666666666	0.5387	0.5321	0.5693	0.6480999999999999	0.7039	0.7732	0.8001333333333334	0.8373666666666667	0.8952666666666667	0.932	0.9862333333333333	1.0362666666666667	1.0914333333333333	1.1373333333333333	1.1733333333333333	1.2525333333333335	1.2792333333333334	Growth with low glutamate supplementation, no spermine treatment.
A4	0.033633333333333335	0.0	0.014533333333333315	0.04090000000000002	0.03036666666666668	0.03656666666666669	0.0189	0.018833333333333313	0.016766666666666652	0.016533333333333317	0.028466666666666668	0.019433333333333358	0.021699999999999997	0.0	0.061	0.028099999999999986	0.057533333333333325	0.05590000000000003	0.058099999999999985	0.03090000000000001	0.06253333333333333	0.061766666666666636	0.07906666666666667	0.08249999999999999	0.0959333333333334	0.1084333333333333	0.11829999999999999	0.1759666666666667	0.3335666666666667	0.47443333333333326	0.7701333333333333	1.0411	1.3038666666666667	1.4186999999999999	1.5799666666666667	1.6634333333333333	1.7462	1.7759666666666667	1.8022333333333334	1.7951	1.7598	1.2092666666666667	0.3938666666666667	0.4217666666666666	0.4777	0.5065000000000001	0.5607	0.5768000000000001	0.6039	0.6890999999999999	0.7334333333333334	0.7821666666666667	0.8631666666666666	0.896	0.9487333333333334	0.9996666666666666	1.0655333333333334	1.0901333333333334	1.1272333333333333	1.1837333333333335	1.2081333333333335	Growth with high glutamate supplementation, no spermine treatment.
A5	0.006733333333333341	0.0	0.0	0.009800000000000003	0.0	0.01880000000000001	0.015133333333333332	0.004933333333333345	0.0	0.0	0.0	0.0	0.0020000000000000018	0.0	0.0116	0.012766666666666676	0.010133333333333328	0.01896666666666666	0.02526666666666666	0.0	0.04440000000000002	0.051833333333333315	0.07566666666666669	0.07943333333333333	0.1432	0.16620000000000001	0.20953333333333332	0.19926666666666665	0.2551333333333333	0.2958666666666666	0.3867666666666666	0.33773333333333333	0.3375	0.3468	0.3796999999999999	0.4169666666666667	0.4317	0.43023333333333336	0.4807	0.5018	0.49049999999999994	0.5125000000000001	0.49773333333333336	0.5287666666666667	0.30213333333333336	0.19116666666666665	0.1564	0.15450000000000003	0.1480666666666667	0.16746666666666668	0.17916666666666667	0.1884	0.22093333333333334	0.22980000000000003	0.21803333333333333	0.2925	0.3000666666666667	0.3405666666666667	0.371	0.41256666666666664	0.4534	Growth with high glutamate supplementation and spermine treatment.
A7	0.013166666666666674	0.03323333333333332	0.001166666666666677	0.024499999999999994	0.0	0.019966666666666688	0.01253333333333334	0.011666666666666659	0.011533333333333312	0.016366666666666668	0.016466666666666657	0.0126	0.010666666666666658	0.006033333333333335	0.019166666666666693	0.018466666666666687	0.01999999999999999	0.025566666666666654	0.029233333333333333	0.0	0.036599999999999994	0.05260000000000001	0.056433333333333335	0.0743	0.11336666666666667	0.1371666666666667	0.16116666666666668	0.12996666666666665	0.16786666666666664	0.17513333333333334	0.25646666666666673	0.22476666666666664	0.22589999999999996	0.21586666666666665	0.25116666666666665	0.27426666666666666	0.28256666666666663	0.275	0.31666666666666665	0.31143333333333334	0.2976333333333333	0.2940666666666667	0.2889333333333334	0.17523333333333332	0.13010000000000002	0.12256666666666666	0.14196666666666669	0.1621	0.16366666666666665	0.1829333333333333	0.1908	0.2054	0.24836666666666665	0.252	0.2647	0.30546666666666666	0.3477	0.3844666666666666	0.3933	0.4757	0.46776666666666666	Growth with high glutamate supplementation and spermine treatment.
A8	0.014099999999999988	0.021733333333333327	0.0	0.0	0.027700000000000002	0.023800000000000016	0.029266666666666663	0.029066666666666657	0.01096666666666668	0.024466666666666664	0.025800000000000045	0.03106666666666663	0.0247	0.0315	0.04530000000000001	0.027200000000000002	0.03739999999999999	0.046433333333333326	0.04253333333333334	0.04363333333333333	0.04786666666666664	0.04830000000000001	0.05786666666666668	0.07100000000000004	0.09199999999999997	0.09876666666666667	0.12253333333333333	0.14463333333333336	0.20223333333333332	0.28013333333333335	0.4944666666666667	0.6218333333333332	0.7548666666666666	1.0725	1.294	1.4440666666666668	1.4846666666666666	1.3351666666666668	1.4225999999999999	1.292	1.3748666666666667	1.3630666666666666	1.2538333333333334	0.3853666666666667	0.35176666666666667	0.375	0.3831	0.4407333333333333	0.4829	0.4986666666666667	0.5082666666666666	0.5625666666666667	0.6037666666666667	0.5896333333333333	0.6143000000000001	0.6219333333333333	0.6521	0.6806333333333333	0.7066	0.7431666666666666	0.7627666666666667	Baseline growth with no supplementation or treatment.
A10	0.011099999999999999	0.0	0.0	0.02210000000000001	0.008900000000000019	0.008500000000000008	0.010866666666666663	0.0070666666666666655	0.0024666666666666726	0.0070666666666666655	0.0018000000000000238	0.00896666666666665	0.01050000000000001	0.007199999999999984	0.010300000000000004	0.004899999999999988	0.003799999999999998	0.00683333333333333	0.008133333333333354	0.009133333333333327	0.016466666666666685	0.011999999999999983	0.01576666666666668	0.011900000000000022	0.01419999999999999	0.002866666666666684	0.013133333333333358	0.008633333333333326	0.007733333333333342	0.01743333333333333	0.015566666666666673	0.002933333333333371	0.008166666666666683	0.00930000000000003	0.011099999999999999	0.022466666666666663	0.01156666666666667	0.014366666666666639	0.01689999999999997	0.00839999999999999	0.0033666666666666567	0.011266666666666647	0.011133333333333328	0.009966666666666651	0.006466666666666676	0.0063	0.015600000000000003	0.00523333333333334	0.01479999999999998	0.007666666666666683	0.02006666666666665	0.009566666666666668	0.013566666666666671	0.007533333333333336	0.011900000000000022	0.006733333333333341	0.010000000000000009	0.008433333333333348	0.02200000000000002	0.012866666666666665	0.01566666666666669	Media control
A11	0.025799999999999976	0.03453333333333332	0.02893333333333331	0.027066666666666656	0.04116666666666666	0.03739999999999999	0.0401	0.037666666666666654	0.03503333333333333	0.03393333333333334	0.03256666666666666	0.043366666666666664	0.03840000000000002	0.04973333333333335	0.04736666666666667	0.06003333333333333	0.06566666666666668	0.07286666666666669	0.07186666666666666	0.09586666666666668	0.1678333333333333	0.24366666666666667	0.19193333333333332	0.13476666666666667	0.21556666666666668	0.21983333333333335	0.26953333333333335	0.16060000000000002	0.1338	0.12456666666666666	0.16283333333333336	0.15296666666666664	0.1282	0.1215333333333333	0.12550000000000003	0.1402	0.1506	0.13913333333333333	0.20920000000000002	0.18710000000000002	0.1772	0.1984	0.21966666666666665	0.2281	0.20556666666666668	0.21736666666666668	0.2305333333333333	0.25963333333333327	0.2862	0.32299999999999995	0.32389999999999997	0.35483333333333333	0.4036333333333334	0.4134333333333333	0.5139333333333334	0.5763	0.6388999999999999	0.6954666666666667	0.7404	0.8020666666666666	0.8398	Growth with alanine supplementation and spermine treatment.
A12	0.02096666666666666	0.04683333333333334	0.027666666666666673	0.019166666666666665	0.03669999999999998	0.02566666666666667	0.038199999999999984	0.04113333333333333	0.024633333333333313	0.026133333333333314	0.028466666666666668	0.024300000000000016	0.02396666666666669	0.03519999999999998	0.023866666666666675	0.039233333333333315	0.047033333333333316	0.05810000000000001	0.06039999999999998	0.07283333333333336	0.11323333333333332	0.18143333333333336	0.14479999999999998	0.14353333333333332	0.1474	0.15253333333333333	0.1887	0.13909999999999997	0.12339999999999998	0.10813333333333333	0.1310333333333333	0.12413333333333335	0.11326666666666671	0.12513333333333332	0.15336666666666668	0.13369999999999996	0.13016666666666665	0.14516666666666667	0.16183333333333336	0.155	0.17076666666666665	0.1837	0.1832666666666667	0.18259999999999998	0.19309999999999997	0.22583333333333333	0.24103333333333332	0.25039999999999996	0.2713333333333333	0.3119666666666666	0.3267333333333333	0.3409333333333333	0.36970000000000003	0.3982	0.4468333333333334	0.4894666666666666	0.5456	0.5845	0.6179666666666667	0.6811666666666667	0.7322	Growth with spermine treatment, no supplementation.
B1	0.0	0.0	0.00466666666666668	0.008433333333333348	0.008233333333333342	0.019799999999999984	0.009133333333333327	0.010799999999999976	0.008766666666666673	0.01043333333333335	0.013066666666666671	0.011133333333333328	0.013099999999999973	0.04460000000000003	0.034300000000000025	0.017433333333333356	0.01876666666666668	0.016199999999999992	0.024300000000000016	0.025466666666666693	0.030700000000000005	0.03903333333333334	0.045966666666666656	0.06243333333333331	0.1046	0.1119	0.14426666666666668	0.15206666666666666	0.2088	0.4395	0.7230333333333333	0.5752666666666667	0.37736666666666663	0.5081333333333333	0.6186333333333333	0.5611333333333334	0.42976666666666663	0.5809666666666666	0.6999666666666666	0.5148666666666667	0.44253333333333333	0.41303333333333336	0.42456666666666665	0.4385	0.4652666666666666	0.5002333333333334	0.5690999999999999	0.6391	0.7122666666666666	0.7778666666666667	0.8349333333333333	0.9028	0.9330333333333334	1.0042333333333333	1.0671	1.1082999999999998	1.1672	1.1976333333333333	1.2343666666666668	1.2939333333333334	1.2915333333333334	Growth with high glutamate supplementation, no spermine treatment.
B3	0.0	0.0	0.011266666666666647	0.010733333333333345	0.0126	0.0	0.0	0.0003666666666666818	0.010433333333333322	0.010166666666666657	0.01100000000000001	0.004866666666666658	0.00786666666666666	0.018733333333333352	0.009333333333333305	0.005533333333333362	0.014899999999999997	0.01213333333333333	0.01429999999999998	0.02946666666666667	0.022166666666666668	0.0353	0.026400000000000007	0.03773333333333331	0.03426666666666664	0.04956666666666665	0.05303333333333335	0.0547	0.06483333333333333	0.09603333333333333	0.10089999999999999	0.11293333333333333	0.15369999999999998	0.21109999999999998	0.2821	0.3501666666666666	0.5103333333333334	0.5712	0.8740000000000001	0.8462333333333333	1.1009333333333333	1.3114666666666666	1.2181333333333333	1.3890666666666667	1.6449666666666667	1.7669	1.7081666666666666	1.6033333333333333	1.3278999999999999	0.6390333333333333	0.5994333333333334	0.5756666666666667	0.5711666666666667	0.5176	0.5568666666666666	0.5720333333333334	0.7015666666666667	0.7572666666666668	0.8199333333333333	0.8702000000000001	0.9104666666666668	Growth with alanine supplementation, no spermine treatment.
B4	0.0	0.0	0.0	0.0	0.0	0.00986666666666669	0.007300000000000001	0.0	0.0	0.003933333333333344	0.0	0.0	0.0068000000000000005	0.0	0.010799999999999976	0.012199999999999989	0.012333333333333335	0.015900000000000025	0.02059999999999998	0.0	0.026133333333333342	0.042366666666666636	0.0538666666666667	0.05050000000000002	0.08303333333333332	0.08733333333333329	0.09519999999999998	0.09016666666666664	0.11066666666666669	0.13853333333333334	0.16823333333333335	0.1524	0.1526666666666667	0.1574	0.18586666666666668	0.18223333333333333	0.1974	0.22036666666666666	0.3076333333333333	0.2572	0.148	0.12766666666666665	0.09876666666666667	0.10276666666666665	0.11510000000000004	0.12700000000000003	0.14979999999999996	0.1667	0.16890000000000002	0.24250000000000002	0.23733333333333337	0.24806666666666666	0.2932666666666667	0.30789999999999995	0.3340333333333333	0.3857666666666667	0.4476333333333333	0.47153333333333325	0.5308333333333334	0.5697333333333333	0.5920333333333333	Growth with high glutamate supplementation and spermine treatment.
B5	0.0	0.0	0.0	0.008699999999999986	0.03153333333333333	0.009899999999999992	0.0	0.002233333333333337	0.0	0.002799999999999997	0.0017333333333333367	0.006766666666666671	0.007099999999999995	0.037466666666666704	0.003799999999999998	0.008766666666666673	0.0008333333333333248	0.003966666666666646	0.0024666666666666726	0.07093333333333332	0.015000000000000013	0.0	0.0	0.005933333333333346	0.0004999999999999727	0.0	0.023333333333333345	0.031266666666666665	0.0058333333333333015	0.0035666666666666624	0.0014666666666666717	0.00013333333333337416	0.005299999999999999	0.012300000000000005	0.0002999999999999947	0.014666666666666661	0.004599999999999993	0.002133333333333348	0.0005000000000000004	0.0066000000000000225	0.006599999999999995	0.008300000000000002	0.014333333333333337	0.019766666666666682	0.005833333333333329	0.042366666666666664	0.013000000000000012	0.0	0.01096666666666668	0.009466666666666679	0.016666666666666663	0.015300000000000008	0.002633333333333321	0.0	0.025133333333333313	0.0041999999999999815	0.010166666666666685	0.006966666666666649	0.025599999999999984	0.0026666666666666783	0.027200000000000002	Media control
B6	0.008633333333333326	0.0	0.016566666666666646	0.029899999999999982	0.008633333333333326	0.0058	3.333333333332966e-05	0.0	0.0	9.999999999998899e-05	0.008933333333333321	0.006366666666666687	0.014399999999999996	0.0	0.026900000000000007	0.026366666666666677	0.02713333333333337	0.02616666666666667	0.02786666666666665	0.0	0.04290000000000002	0.056033333333333324	0.05646666666666669	0.07033333333333333	0.1883	0.20100000000000004	0.2722333333333333	0.15076666666666666	0.15913333333333332	0.23756666666666668	0.4846666666666667	0.37233333333333335	0.16240000000000002	0.17400000000000002	0.25229999999999997	0.29916666666666664	0.25859999999999994	0.17853333333333335	0.30079999999999996	0.24619999999999997	0.30900000000000005	0.2621	0.2645333333333334	0.2428666666666667	0.21043333333333333	0.20096666666666668	0.2039	0.2481	0.22766666666666666	0.27646666666666664	0.24106666666666668	0.2674	0.3199333333333333	0.31779999999999997	0.4357333333333333	0.5329	0.6125666666666667	0.6983666666666667	0.7758	0.8344666666666667	0.8595	Growth with alanine supplementation and spermine treatment.
B7	0.028766666666666676	0.012133333333333343	0.0052666666666666695	0.0	0.0	0.0	0.008833333333333332	0.006066666666666665	0.009533333333333338	0.0069666666666666766	0.0017666666666666664	0.005899999999999989	0.002966666666666673	0.0	0.0007666666666666655	0.0	0.0039000000000000146	0.0	0.0	0.0	0.0	0.0	0.013433333333333325	0.0	0.0	0.0	0.0	0.0	0.0	0.0	0.0	0.004766666666666641	0.0	0.0	0.003766666666666668	0.0	0.0	0.0	0.0035666666666666624	0.0	0.0	0.0	0.0	0.0	0.0	0.0	0.0	0.007299999999999973	0.0	0.0	0.0	0.0	0.0	0.0	0.0	0.0	0.0	0.0	0.0	0.0	0.0	Media control
B8	0.00399999999999999	0.029533333333333328	0.0	0.0012999999999999956	0.015100000000000002	0.006200000000000011	0.0016666666666666496	0.01366666666666666	0.024366666666666675	0.025066666666666654	0.003200000000000036	0.006866666666666632	0.009300000000000003	0.039099999999999996	0.02040000000000003	0.024499999999999994	0.021999999999999992	0.027533333333333326	0.03283333333333335	0.04933333333333334	0.04096666666666665	0.033300000000000024	0.04726666666666668	0.060100000000000015	0.07349999999999998	0.08666666666666667	0.10353333333333337	0.15243333333333334	0.21833333333333332	0.31033333333333335	0.5005666666666667	0.6820333333333333	0.6860666666666666	0.8714999999999998	1.0031	1.1178666666666668	1.0763666666666665	0.9549666666666666	1.0002	0.9589000000000001	0.5123666666666666	0.42666666666666664	0.4597333333333333	0.4820666666666667	0.4571666666666667	0.4818	0.49	0.5314333333333333	0.5546	0.6190666666666667	0.6924666666666666	0.7668666666666667	0.8152666666666667	0.8649333333333334	0.9195000000000001	0.9999333333333332	1.0546	1.0895333333333332	1.1423	1.2147666666666666	1.2336666666666667	Growth with high glutamate supplementation, no spermine treatment.
B9	0.0	0.030233333333333334	0.008466666666666678	0.005299999999999999	0.017400000000000027	0.019500000000000017	0.01796666666666666	0.03626666666666667	0.021166666666666667	0.019566666666666677	0.010500000000000037	0.01376666666666665	0.011099999999999999	0.03689999999999999	0.026900000000000007	0.029799999999999965	0.022900000000000004	0.02313333333333334	0.037033333333333335	0.034433333333333316	0.03896666666666668	0.04319999999999999	0.06596666666666667	0.08790000000000003	0.1111	0.12656666666666666	0.17183333333333334	0.23083333333333333	0.26643333333333336	0.3464333333333333	0.5442666666666667	0.6900333333333334	0.6557666666666667	0.8140000000000001	0.9529000000000001	0.9524666666666667	0.8562666666666666	0.5025666666666667	0.6742999999999999	0.4474	0.37806666666666666	0.36086666666666667	0.3932333333333333	0.4007666666666666	0.39926666666666666	0.41700000000000004	0.4344	0.4371333333333334	0.4797	0.5051666666666667	0.5864666666666666	0.6461666666666667	0.6749666666666667	0.7184333333333334	0.7666000000000001	0.8113333333333334	0.8399	0.8896333333333334	0.9076	0.9479666666666666	0.9768666666666667	Growth with low glutamate supplementation, no spermine treatment.
B10	0.025599999999999998	0.029333333333333336	0.024933333333333307	0.015566666666666645	0.034866666666666685	0.020399999999999974	0.0305	0.031366666666666654	0.022933333333333333	0.021233333333333326	0.01876666666666668	0.04346666666666665	0.028799999999999992	0.03833333333333333	0.027166666666666672	0.036933333333333346	0.030766666666666664	0.04796666666666666	0.030666666666666648	0.05736666666666668	0.061233333333333306	0.07366666666666669	0.08823333333333333	0.09486666666666668	0.2079666666666667	0.25483333333333336	0.3070333333333334	0.19640000000000002	0.18250000000000002	0.17956666666666668	0.22333333333333336	0.18106666666666668	0.13149999999999998	0.12073333333333336	0.12849999999999998	0.1131	0.12580000000000002	0.1303333333333333	0.1512	0.16169999999999998	0.1726	0.1851	0.16866666666666666	0.2034	0.19246666666666667	0.2363666666666667	0.25503333333333333	0.28003333333333336	0.2992	0.34240000000000004	0.33599999999999997	0.38593333333333335	0.4096333333333334	0.4327333333333333	0.46443333333333336	0.5231	0.5864999999999999	0.6359666666666667	0.6733	0.6970666666666666	0.7533	Growth with spermine treatment, no supplementation.
B11	0.0266	0.060433333333333325	0.06103333333333333	0.025166666666666643	0.04696666666666666	0.017999999999999988	0.024300000000000016	0.03056666666666666	0.018733333333333324	0.020333333333333342	0.021666666666666667	0.03516666666666665	0.02560000000000001	0.04793333333333333	0.029066666666666685	0.04003333333333334	0.04036666666666666	0.0392666666666667	0.036966666666666675	0.054766666666666686	0.050233333333333324	0.04046666666666668	0.06103333333333333	0.05046666666666666	0.05966666666666667	0.06513333333333335	0.08123333333333332	0.0968	0.10279999999999997	0.12426666666666664	0.18113333333333334	0.24316666666666664	0.25670000000000004	0.3258333333333333	0.6868	0.8688	0.9234	0.6012333333333333	0.49560000000000004	0.4232	0.5365	0.46840000000000004	0.35186666666666666	0.35719999999999996	0.31776666666666664	0.31786666666666663	0.3179333333333333	0.3489333333333333	0.3516	0.35760000000000003	0.37070000000000003	0.3917333333333334	0.4046333333333334	0.44233333333333336	0.48053333333333337	0.5257000000000001	0.633	0.7283666666666666	0.7626999999999999	0.8211666666666666	0.8948999999999999	Growth with alanine supplementation, no spermine treatment.
B12	0.0	0.028233333333333333	0.04686666666666667	0.020066666666666677	0.04329999999999998	0.028066666666666656	0.033899999999999986	0.03993333333333332	0.04723333333333332	0.03633333333333333	0.03476666666666667	0.035900000000000015	0.0344666666666667	0.03899999999999998	0.034866666666666685	0.04843333333333333	0.04523333333333332	0.05230000000000001	0.051699999999999996	0.05943333333333334	0.06653333333333333	0.07153333333333334	0.08329999999999999	0.09223333333333333	0.11960000000000001	0.11653333333333335	0.15769999999999998	0.19549999999999998	0.22890000000000002	0.3058333333333333	0.5432333333333333	0.7052333333333334	0.7795666666666667	0.8258333333333334	0.9509666666666667	0.88	0.6354666666666666	0.25376666666666664	0.2854333333333333	0.3153	0.3262666666666667	0.3050999999999999	0.3168666666666667	0.3483	0.3649	0.3625333333333334	0.4043333333333334	0.43889999999999996	0.44033333333333324	0.48506666666666665	0.5034333333333333	0.5276333333333334	0.5663	0.6026	0.6582333333333333	0.6745666666666666	0.7084999999999999	0.7501	0.7777666666666667	0.8175666666666667	0.8602	Baseline growth with no supplementation or treatment.
C1	0.002066666666666675	0.0	0.0	0.0	0.0	0.005599999999999994	0.004533333333333334	0.007099999999999995	0.021366666666666673	0.03573333333333334	0.030666666666666675	0.037533333333333335	0.03319999999999998	0.05080000000000001	0.03790000000000002	0.043433333333333324	0.047466666666666685	0.043999999999999984	0.053800000000000014	0.06086666666666665	0.0784	0.10143333333333335	0.11306666666666665	0.11083333333333337	0.1354	0.1567	0.18796666666666664	0.2669666666666667	0.3907999999999999	0.5925	0.9098333333333333	1.1998666666666666	1.2593666666666667	1.2033333333333334	1.2643333333333333	1.3389333333333333	1.4318666666666666	1.3966666666666667	1.5625666666666667	1.3128666666666666	0.6859333333333334	0.5228333333333333	0.5479666666666667	0.5537	0.5893666666666666	0.6661333333333334	0.6881999999999999	0.7832	0.8166666666666667	0.8830666666666667	0.9315333333333332	0.9674999999999999	1.0411333333333332	1.0720333333333334	1.109	1.1437	1.2068999999999999	1.2244333333333333	1.2726666666666668	1.3496333333333332	1.3712333333333333	Growth with low glutamate supplementation, no spermine treatment.
C2	0.013066666666666671	0.0	0.022466666666666663	0.0028333333333333544	0.0	0.007199999999999984	0.006933333333333347	0.0068999999999999895	0.0	0.0002333333333333354	0.005066666666666664	0.010333333333333333	0.009599999999999997	0.021100000000000035	0.017600000000000005	0.01883333333333334	0.018666666666666665	0.022999999999999993	0.025800000000000017	0.03836666666666669	0.046999999999999986	0.06533333333333333	0.06736666666666666	0.07433333333333333	0.101	0.11059999999999998	0.11506666666666668	0.10426666666666665	0.13410000000000002	0.1585	0.18223333333333333	0.17836666666666667	0.1837666666666667	0.20283333333333334	0.21803333333333333	0.2120333333333333	0.09946666666666668	0.08766666666666664	0.10806666666666664	0.10426666666666667	0.08983333333333335	0.10073333333333337	0.10806666666666667	0.10199999999999998	0.12916666666666668	0.14483333333333334	0.1551	0.16870000000000002	0.17516666666666666	0.23276666666666665	0.24163333333333334	0.2162	0.2594333333333333	0.2849333333333333	0.3204	0.36229999999999996	0.39449999999999996	0.44253333333333333	0.4934666666666666	0.5657333333333333	0.6317333333333333	Growth with high glutamate supplementation and spermine treatment.
C3	0.007833333333333317	0.0	0.02096666666666666	0.0001333333333333464	0.0	0.005000000000000032	0.0	0.004166666666666652	0.013333333333333336	0.011866666666666664	0.009500000000000008	0.0218666666666667	0.023266666666666685	0.032233333333333364	0.0330333333333333	0.025533333333333352	0.03680000000000003	0.03773333333333337	0.03999999999999998	0.0460666666666667	0.04576666666666668	0.05939999999999998	0.05929999999999999	0.07793333333333333	0.09136666666666662	0.12266666666666662	0.14013333333333333	0.18249999999999997	0.27813333333333334	0.3705333333333334	0.47940000000000005	0.7021333333333333	0.8996000000000001	1.0499	1.1876	1.3762666666666667	1.4713333333333334	1.4337	1.621	1.5324333333333333	1.6473333333333333	1.6528666666666667	1.7056333333333333	0.45876666666666666	0.4350666666666667	0.4647	0.47646666666666665	0.4833333333333334	0.5156000000000001	0.5623333333333334	0.5429333333333334	0.5412666666666667	0.5725666666666667	0.6043999999999999	0.6320666666666667	0.6719333333333334	0.7248666666666668	0.7609666666666666	0.8022333333333334	0.829	0.8524666666666667	Baseline growth with no supplementation or treatment.
C4	0.01446666666666667	0.022766666666666657	0.004599999999999993	0.0	0.0	0.0	0.0018666666666666554	0.006000000000000005	0.014033333333333314	0.0028333333333333266	0.001366666666666655	0.0031666666666666787	0.0	0.0	0.0006333333333333468	0.0	0.002766666666666695	0.006000000000000005	0.004033333333333333	0.0	0.0027666666666666673	0.009566666666666668	0.0037333333333333385	0.0056333333333333235	0.01150000000000001	0.01203333333333334	0.0	0.0	0.003666666666666707	0.004733333333333339	0.006766666666666671	0.0026666666666666505	0.002066666666666661	0.0002333333333333354	0.0035333333333333328	0.002133333333333348	0.0016666666666666774	0.004466666666666647	0.005299999999999999	0.001799999999999996	0.005500000000000005	0.0008666666666666545	0.0034666666666666734	0.0	0.01213333333333333	0.0	0.0	0.003599999999999992	0.0016666666666666496	0.0009666666666666435	0.0	0.0	0.00633333333333333	0.014466666666666683	0.0	0.0028666666666666563	0.0006000000000000172	0.00033333333333335213	0.0	0.003599999999999992	0.0	Media control
C5	0.010166666666666671	0.08016666666666664	0.0	0.0	0.0	0.0	0.0	0.010699999999999987	0.00793333333333332	0.005433333333333318	0.015166666666666662	0.00936666666666669	0.014066666666666672	0.0018666666666666831	0.021333333333333343	0.019633333333333336	0.02466666666666667	0.02460000000000001	0.028133333333333316	0.0	0.024766666666666687	0.036966666666666675	0.04733333333333334	0.05403333333333335	0.0632	0.06793333333333332	0.0637	0.08303333333333335	0.13376666666666664	0.16553333333333334	0.22096666666666667	0.31356666666666666	0.3980666666666666	0.5160333333333333	0.6578333333333333	0.8162333333333333	1.0701666666666667	1.0217666666666667	1.3583	1.1692	1.4077000000000002	1.5348666666666666	1.6577666666666668	1.7314333333333334	1.6595333333333333	1.3753666666666666	0.7353999999999999	0.48449999999999993	0.4353666666666667	0.47026666666666667	0.46796666666666664	0.4942333333333333	0.4769333333333333	0.5086666666666667	0.6021000000000001	0.6700666666666667	0.7496	0.8010333333333334	0.8364333333333334	0.9047999999999999	0.9509333333333334	Growth with alanine supplementation, no spermine treatment.
C6	0.007133333333333325	0.10503333333333331	0.030266666666666664	0.0252	0.01573333333333332	0.029799999999999993	0.02683333333333332	0.01843333333333333	0.02780000000000002	0.022199999999999998	0.03353333333333333	0.014666666666666689	0.023999999999999994	0.007666666666666655	0.03209999999999999	0.03216666666666668	0.038533333333333364	0.04886666666666667	0.05296666666666666	0.029033333333333328	0.1111	0.19383333333333333	0.23666666666666666	0.15293333333333334	0.29169999999999996	0.27960000000000007	0.32133333333333336	0.14936666666666665	0.17013333333333333	0.15686666666666668	0.22006666666666666	0.2169333333333333	0.16790000000000002	0.1999	0.1586	0.15866666666666668	0.1666	0.17253333333333334	0.1792	0.18069999999999997	0.20070000000000002	0.21370000000000003	0.21403333333333333	0.23726666666666665	0.26993333333333336	0.2790666666666667	0.32820000000000005	0.3508	0.37496666666666667	0.3967666666666667	0.45966666666666667	0.5149	0.5782333333333333	0.5969	0.6592333333333333	0.7035	0.7206666666666667	0.8092666666666667	0.8407	0.8918666666666667	0.9321	Growth with spermine treatment, no supplementation.
C7	0.01206666666666667	0.10213333333333334	0.0	0.0	0.0	0.0	0.0	0.003966666666666674	0.02733333333333335	0.00576666666666667	0.014266666666666677	0.00839999999999999	0.017166666666666663	0.0111333333333333	0.029766666666666663	0.03146666666666667	0.0257	0.03416666666666665	0.03513333333333335	0.004333333333333328	0.0403	0.05810000000000001	0.05213333333333334	0.0691	0.09766666666666668	0.11676666666666666	0.13416666666666666	0.19656666666666667	0.2696666666666666	0.37883333333333336	0.6536666666666667	0.8285666666666667	0.8293999999999999	0.9209666666666666	1.0721666666666665	1.1936666666666667	1.2771666666666666	1.2492	1.4605666666666666	1.2324333333333333	0.6433333333333333	0.4139666666666666	0.4302333333333333	0.44753333333333334	0.46640000000000004	0.4842666666666666	0.5146666666666667	0.5342	0.5646666666666667	0.6289333333333333	0.6785	0.7119	0.7828666666666666	0.8388	0.8978999999999999	0.9693666666666666	0.9793000000000001	1.0373666666666668	1.0597	1.0920999999999998	1.1192666666666666	Growth with high glutamate supplementation, no spermine treatment.
C8	0.0	0.0	0.00466666666666668	0.0	0.0	0.0	0.0	0.0	0.0	0.0	0.0	0.0	0.0	0.0	0.0	0.0	0.0	0.0	0.0	0.0	0.0	0.0	0.0	0.0	0.0	0.0	0.0	0.0	0.0	0.0	0.0	0.0	0.0	0.0	0.0	0.0	0.0	0.0	0.0	0.0	0.0028666666666666563	0.0	0.0	0.0	0.009566666666666668	0.0	0.0	0.0	0.0	0.0	0.0	0.0	0.0	0.005333333333333329	0.0	0.0	0.0	0.0	0.0	0.0	0.0	Media control
C9	0.0	0.013533333333333314	0.008766666666666673	0.0	0.020600000000000007	0.013700000000000018	0.01156666666666667	0.015066666666666673	0.028066666666666684	0.02256666666666665	0.029500000000000026	0.024466666666666637	0.0194	0.028299999999999992	0.03190000000000001	0.036599999999999994	0.04089999999999999	0.04763333333333333	0.048633333333333334	0.06513333333333332	0.14386666666666667	0.2656	0.27346666666666664	0.1237	0.21019999999999997	0.23306666666666664	0.27013333333333334	0.15233333333333335	0.13653333333333334	0.11863333333333329	0.17496666666666663	0.17443333333333333	0.15126666666666666	0.11609999999999995	0.1195	0.12936666666666666	0.12896666666666667	0.1145666666666667	0.16890000000000002	0.16630000000000003	0.18596666666666667	0.16926666666666668	0.21133333333333335	0.2437666666666667	0.24506666666666668	0.28200000000000003	0.2913	0.3141333333333333	0.33940000000000003	0.37336666666666674	0.40606666666666663	0.45486666666666664	0.5188666666666667	0.5551333333333334	0.6181	0.6514333333333333	0.7204999999999999	0.7455333333333334	0.7757000000000001	0.8395666666666667	0.8973666666666668	Growth with spermine treatment, no supplementation.
C10	0.0014999999999999875	0.016933333333333342	0.02843333333333331	0.0	0.02156666666666665	0.010499999999999982	0.015500000000000014	0.012466666666666654	0.019233333333333325	0.01623333333333335	0.01316666666666666	0.02046666666666666	0.021299999999999986	0.02623333333333333	0.02516666666666667	0.033833333333333326	0.033366666666666656	0.03566666666666668	0.03666666666666668	0.05136666666666667	0.06223333333333331	0.05976666666666666	0.06843333333333332	0.08896666666666667	0.11606666666666665	0.13693333333333332	0.17003333333333334	0.22449999999999998	0.25970000000000004	0.3905666666666666	0.6449333333333334	0.7503666666666666	0.7501	0.6784333333333333	0.7707999999999999	0.7915000000000001	0.7259	0.4037333333333334	0.3782	0.3609	0.369	0.35509999999999997	0.38606666666666667	0.4024	0.43546666666666667	0.46686666666666665	0.4650333333333333	0.5154333333333333	0.5761000000000001	0.6126	0.682	0.7335333333333334	0.7978333333333334	0.8404333333333333	0.9025333333333333	0.9569	0.9888999999999999	1.0478666666666667	1.0811000000000002	1.0943666666666667	1.1481999999999999	Growth with high glutamate supplementation, no spermine treatment.
C11	0.005566666666666664	0.014333333333333337	0.031766666666666665	0.0	0.01579999999999998	0.016166666666666663	0.015600000000000003	0.02943333333333331	0.041833333333333306	0.020733333333333326	0.044866666666666666	0.02190000000000003	0.029466666666666697	0.053299999999999986	0.03966666666666668	0.05833333333333332	0.07683333333333331	0.087	0.0796	0.08643333333333336	0.10973333333333332	0.12383333333333332	0.11819999999999997	0.11403333333333335	0.13999999999999999	0.13823333333333335	0.159	0.16129999999999997	0.13770000000000002	0.1355333333333333	0.13923333333333335	0.13463333333333335	0.14186666666666667	0.12853333333333333	0.11856666666666668	0.08819999999999997	0.11056666666666665	0.10766666666666663	0.10523333333333337	0.09469999999999998	0.11246666666666669	0.11039999999999997	0.12496666666666667	0.12929999999999997	0.1309	0.16223333333333334	0.1660333333333333	0.1787	0.18173333333333333	0.20726666666666668	0.22323333333333334	0.22073333333333336	0.24500000000000002	0.28169999999999995	0.2965333333333333	0.3452666666666667	0.3828999999999999	0.4173	0.4603666666666667	0.4935666666666667	0.5346	Growth with low glutamate supplementation and spermine treatment.
C12	0.001966666666666672	0.02253333333333335	0.026266666666666688	0.002966666666666673	0.017199999999999993	0.014966666666666656	0.010699999999999987	0.023033333333333322	0.025133333333333313	0.01373333333333332	0.018066666666666675	0.01620000000000002	0.019266666666666626	0.029200000000000004	0.025566666666666682	0.045033333333333314	0.06333333333333332	0.06369999999999998	0.05109999999999998	0.06193333333333334	0.09233333333333332	0.10553333333333334	0.09720000000000001	0.07703333333333331	0.09	0.08083333333333334	0.09620000000000001	0.08279999999999998	0.08879999999999999	0.08703333333333332	0.10813333333333333	0.09743333333333332	0.08326666666666666	0.06783333333333336	0.08066666666666669	0.09309999999999999	0.09536666666666668	0.0931666666666667	0.13123333333333334	0.14369999999999997	0.17126666666666665	0.15760000000000002	0.17576666666666668	0.20129999999999998	0.21530000000000002	0.2269333333333333	0.22043333333333334	0.26239999999999997	0.2753333333333333	0.3121666666666667	0.36593333333333333	0.3887333333333333	0.4274	0.47550000000000003	0.5232333333333333	0.5525666666666667	0.62	0.6775	0.7374666666666667	0.7800666666666667	0.8389	Growth with alanine supplementation and spermine treatment.
D2	0.033366666666666656	0.0	0.018766666666666654	0.014233333333333348	0.0	0.004466666666666674	0.0022000000000000075	0.003799999999999998	0.0	0.005800000000000027	0.013066666666666671	0.013666666666666688	0.01629999999999998	0.016966666666666658	0.024400000000000005	0.026033333333333325	0.03773333333333334	0.037933333333333374	0.04186666666666666	0.05083333333333334	0.08293333333333333	0.07823333333333332	0.07269999999999999	0.07473333333333335	0.09079999999999999	0.08566666666666667	0.09079999999999999	0.0716	0.08013333333333333	0.0950333333333333	0.10410000000000003	0.10873333333333332	0.10046666666666668	0.1051	0.13026666666666667	0.12619999999999998	0.1414333333333333	0.15316666666666665	0.1656	0.18909999999999996	0.19326666666666667	0.2212	0.23479999999999998	0.2473	0.2648	0.2997666666666666	0.3879666666666667	0.3625333333333334	0.40090000000000003	0.4773333333333333	0.5369333333333334	0.5583	0.6069333333333333	0.6559666666666666	0.7083999999999999	0.7596333333333333	0.8343999999999999	0.8591	0.9369000000000001	0.9830666666666666	1.03	Growth with spermine treatment, no supplementation.
D3	0.0	0.045999999999999985	0.0009666666666666712	0.010533333333333339	0.00633333333333333	0.008866666666666662	0.007000000000000006	0.0	0.0	0.0	0.0018666666666666831	0.0	0.002899999999999986	0.0	0.002599999999999991	0.002533333333333332	0.0017333333333333367	0.0	0.0035666666666666624	0.0	0.0	0.0	0.0023999999999999855	0.0	0.0	0.0	0.0020999999999999908	0.00020000000000000573	0.0	0.0	0.0	0.0001333333333333464	0.0	0.0	0.0	0.0	0.00043333333333331336	0.0	0.0	0.0	0.0	0.0	0.0	0.0	0.0	0.0	0.0	0.0	0.0	0.0	0.0	0.0	0.0	0.0	0.0	0.0	0.0	0.0016999999999999793	0.0	0.0	0.0	Media control
D4	0.002599999999999991	0.05813333333333334	0.026233333333333303	0.018100000000000005	0.0	0.003966666666666674	0.008033333333333337	0.005933333333333346	0.006366666666666659	0.007800000000000001	0.007566666666666666	0.0066000000000000225	0.010266666666666674	0.008833333333333332	0.0126	0.016433333333333328	0.01566666666666669	0.01830000000000001	0.024999999999999994	0.034400000000000014	0.04156666666666667	0.04949999999999999	0.07606666666666667	0.10180000000000003	0.15956666666666666	0.21666666666666665	0.2742	0.2526666666666667	0.31506666666666666	0.38449999999999995	0.7130333333333334	0.7530333333333333	0.6759333333333334	0.6059	0.6612	0.7770666666666667	0.8308666666666666	0.8406	1.0655	0.9426	1.0263666666666666	0.39426666666666665	0.39490000000000003	0.4036666666666666	0.37450000000000006	0.41613333333333336	0.44830000000000003	0.47806666666666675	0.5148333333333334	0.5418666666666666	0.5638666666666666	0.6259333333333333	0.6464666666666666	0.6844333333333333	0.7212333333333334	0.7864333333333333	0.8266	0.8336333333333333	0.8968999999999999	0.9380333333333333	0.9975666666666666	Baseline growth with no supplementation or treatment.
D5	0.010866666666666663	0.07436666666666666	0.02099999999999999	0.013033333333333313	0.0	0.0	0.010866666666666636	0.009200000000000014	0.008833333333333332	0.013033333333333313	0.00996666666666668	0.009466666666666679	0.013266666666666677	0.0	0.01933333333333334	0.018533333333333346	0.024666666666666698	0.0262	0.03473333333333334	0.006100000000000022	0.04106666666666667	0.057966666666666666	0.08133333333333334	0.10173333333333334	0.1301	0.15643333333333334	0.1914	0.23773333333333332	0.2821666666666667	0.3684333333333334	0.6547666666666667	0.6817666666666666	0.6096666666666666	0.5898333333333333	0.6953333333333334	0.7800333333333334	0.7886666666666666	0.7786666666666666	1.004	0.8146	0.8413999999999999	0.8262666666666667	0.5466666666666666	0.42533333333333334	0.4300333333333333	0.4420666666666666	0.44989999999999997	0.4998	0.4693666666666666	0.4937666666666666	0.5246666666666666	0.5520333333333333	0.5913333333333333	0.6291666666666667	0.6374	0.6901666666666667	0.7451000000000001	0.7630333333333333	0.8051333333333334	0.8583	0.8703333333333334	Baseline growth with no supplementation or treatment.
D6	0.007933333333333334	0.09253333333333333	0.0070666666666666655	0.023499999999999993	0.0	0.0	0.0	0.0	0.0	0.0	0.0	0.0	0.0005000000000000004	0.0	0.004400000000000015	0.004566666666666663	0.004433333333333345	0.00896666666666665	0.011266666666666647	0.0	0.011100000000000027	0.028833333333333322	0.03736666666666669	0.042233333333333345	0.06609999999999999	0.09639999999999999	0.10573333333333332	0.09146666666666664	0.1225333333333333	0.1381666666666667	0.1889666666666667	0.17593333333333336	0.1892	0.20149999999999998	0.2402	0.26136666666666664	0.29899999999999993	0.3085333333333333	0.3338	0.32330000000000003	0.13560000000000003	0.12600000000000003	0.10863333333333333	0.11216666666666666	0.12113333333333334	0.13776666666666665	0.13410000000000002	0.1617	0.1753666666666667	0.19366666666666668	0.23696666666666663	0.2496	0.3009333333333333	0.3375	0.35363333333333324	0.4102	0.4513666666666667	0.5144666666666666	0.5511	0.6532666666666667	0.6779999999999999	Growth with high glutamate supplementation and spermine treatment.
D7	0.0	0.13563333333333338	0.014366666666666666	0.009899999999999992	0.004699999999999982	0.006666666666666682	0.015133333333333332	0.003666666666666679	0.010333333333333361	0.007566666666666666	0.006166666666666681	0.006000000000000005	0.01416666666666666	0.0013333333333332975	0.02206666666666668	0.023466666666666663	0.026499999999999996	0.033366666666666656	0.04413333333333333	0.008133333333333326	0.0426	0.05560000000000001	0.07403333333333334	0.0852	0.11886666666666668	0.12766666666666668	0.16786666666666666	0.20616666666666666	0.24676666666666666	0.34653333333333336	0.6267666666666667	0.6909666666666666	0.5197999999999999	0.6453666666666666	0.6970666666666667	0.7393666666666666	0.6883666666666667	0.6375000000000001	0.8094666666666667	0.5130333333333333	0.4028333333333334	0.3857666666666666	0.4051333333333333	0.42813333333333325	0.43400000000000005	0.4451666666666666	0.48416666666666663	0.5355	0.5995666666666667	0.6468333333333334	0.7204999999999999	0.7562	0.8319666666666666	0.8627999999999999	0.9062000000000001	0.9703666666666667	1.0081	1.0311666666666666	1.0672000000000001	1.1359	1.1466666666666667	Growth with low glutamate supplementation, no spermine treatment.
D8	0.0	0.06223333333333331	0.0	0.012400000000000022	0.024533333333333324	0.01886666666666667	0.02306666666666668	0.02466666666666667	0.02873333333333336	0.02839999999999998	0.02366666666666667	0.02633333333333332	0.032799999999999996	0.03733333333333333	0.03933333333333336	0.04416666666666669	0.04676666666666665	0.05666666666666664	0.04939999999999997	0.061166666666666675	0.0892333333333333	0.11916666666666667	0.13986666666666664	0.09543333333333334	0.14636666666666667	0.14483333333333334	0.1852666666666667	0.15286666666666668	0.14143333333333333	0.151	0.21216666666666667	0.18650000000000003	0.1828	0.17639999999999997	0.18460000000000001	0.20393333333333333	0.21413333333333331	0.19646666666666665	0.25656666666666667	0.23489999999999997	0.25116666666666665	0.24009999999999995	0.26126666666666665	0.30136666666666667	0.1623333333333333	0.1547666666666667	0.17526666666666665	0.1716333333333333	0.1892	0.19449999999999998	0.21726666666666664	0.22970000000000002	0.2639	0.25203333333333333	0.2926333333333333	0.3396666666666667	0.36086666666666667	0.41003333333333336	0.4517	0.4967666666666667	0.5581333333333334	Growth with low glutamate supplementation and spermine treatment.
D9	0.0	0.0	0.0	0.0	0.007800000000000001	0.008566666666666639	0.012899999999999995	0.019866666666666644	0.012899999999999995	0.01316666666666666	0.012933333333333324	0.03213333333333335	0.02779999999999999	0.03246666666666667	0.027700000000000002	0.028100000000000014	0.03463333333333332	0.03579999999999997	0.04173333333333332	0.04869999999999999	0.05639999999999998	0.04793333333333333	0.07663333333333333	0.08060000000000003	0.13683333333333333	0.16250000000000003	0.20546666666666671	0.2694333333333333	0.27380000000000004	0.3751333333333333	0.7249333333333333	0.7230333333333333	0.6190333333333333	0.6260333333333333	0.5524	0.5767666666666666	0.5149666666666667	0.29373333333333335	0.3213666666666667	0.3507	0.3427	0.3502333333333333	0.388	0.3973	0.40903333333333336	0.4376333333333334	0.4696	0.5332333333333333	0.5743	0.6297333333333333	0.7270000000000001	0.7688666666666667	0.8205666666666667	0.8655333333333334	0.9172666666666667	0.9682333333333333	1.0114666666666665	1.0710666666666668	1.1315000000000002	1.1533666666666667	1.1948666666666665	Growth with high glutamate supplementation, no spermine treatment.
D10	0.0006999999999999923	0.0007333333333333358	0.0	0.0	0.004500000000000004	0.013266666666666649	0.009500000000000008	0.020666666666666667	0.02150000000000002	0.027466666666666667	0.015333333333333338	0.028633333333333344	0.03090000000000001	0.035966666666666675	0.037099999999999994	0.033	0.03113333333333332	0.02840000000000001	0.02453333333333335	0.037599999999999995	0.0406	0.04713333333333333	0.05893333333333334	0.06350000000000003	0.07853333333333334	0.09010000000000001	0.10186666666666669	0.12233333333333335	0.1368	0.18703333333333333	0.29083333333333333	0.3332333333333333	0.3351333333333333	0.38293333333333335	0.5344000000000001	0.6515666666666667	0.6791666666666666	0.4890333333333333	0.5139666666666667	0.46129999999999993	0.5612	0.5034333333333333	0.40700000000000003	0.3687	0.3630333333333333	0.3440333333333333	0.3183	0.3371333333333333	0.3275	0.3874333333333333	0.3713000000000001	0.3975666666666666	0.4159666666666666	0.41333333333333333	0.43786666666666674	0.48893333333333333	0.5345666666666667	0.6200666666666667	0.692	0.7716666666666667	0.8169666666666666	Growth with alanine supplementation, no spermine treatment.
D11	0.008866666666666675	0.01073333333333333	0.014566666666666672	0.027666666666666673	0.0018333333333333257	0.01363333333333333	0.0008999999999999841	0.012333333333333335	0.010600000000000026	0.006466666666666676	0.007233333333333314	0.004566666666666663	0.00846666666666665	0.00523333333333334	0.007599999999999996	0.00520000000000001	0.010499999999999982	0.0030333333333333323	0.01256666666666667	0.003866666666666657	0.003500000000000003	0.0005000000000000282	0.011499999999999982	0.00996666666666668	0.0053666666666666585	0.002600000000000019	0.005033333333333334	0.0038333333333333552	0.004599999999999993	0.008700000000000013	0.010333333333333306	0.010200000000000015	0.005500000000000005	0.0036333333333333495	0.00786666666666666	0.009266666666666645	0.007533333333333336	0.014566666666666672	0.0116	0.007100000000000023	0.011166666666666686	0.01203333333333334	0.014899999999999997	0.0121	0.014966666666666628	0.013800000000000007	0.009200000000000014	0.015600000000000003	0.014033333333333342	0.006699999999999984	0.017033333333333317	0.019666666666666666	0.01983333333333334	0.016000000000000014	0.022966666666666635	0.017199999999999993	0.011666666666666659	0.009200000000000014	0.007566666666666666	0.012366666666666665	0.01526666666666665	Media control
D12	0.02166666666666668	0.017433333333333342	0.009866666666666662	0.0	0.0038333333333333275	0.01313333333333333	0.00839999999999999	0.019233333333333325	0.012500000000000011	0.013366666666666666	0.009933333333333322	0.01826666666666668	0.01996666666666666	0.022233333333333327	0.02260000000000001	0.03250000000000003	0.035599999999999965	0.04153333333333331	0.03576666666666667	0.04576666666666665	0.06239999999999998	0.05590000000000003	0.06949999999999998	0.05666666666666667	0.062366666666666654	0.056300000000000044	0.06703333333333333	0.06413333333333335	0.065	0.07450000000000001	0.0724333333333333	0.07590000000000002	0.07520000000000002	0.06273333333333336	0.05516666666666667	0.07066666666666666	0.06593333333333334	0.06456666666666666	0.07850000000000001	0.07110000000000002	0.0793666666666667	0.08943333333333334	0.1059	0.09569999999999998	0.10116666666666663	0.1066	0.12279999999999999	0.1404	0.1438333333333333	0.1633	0.18383333333333332	0.19186666666666669	0.20103333333333337	0.21509999999999999	0.2586666666666666	0.2763	0.2951666666666667	0.33740000000000003	0.38216666666666665	0.4188666666666666	0.4737666666666666	Growth with low glutamate supplementation and spermine treatment.
E1	0.01496666666666667	0.0	0.02886666666666665	0.02356666666666668	0.010333333333333333	0.009033333333333365	0.006833333333333358	0.018500000000000016	0.01469999999999999	0.016633333333333333	0.02063333333333331	0.02309999999999998	0.020199999999999996	0.02316666666666667	0.023566666666666652	0.024099999999999983	0.02943333333333331	0.02246666666666669	0.023866666666666675	0.0305	0.04146666666666668	0.039633333333333354	0.03943333333333332	0.04563333333333333	0.05603333333333335	0.051233333333333325	0.05613333333333334	0.06826666666666667	0.06626666666666667	0.06700000000000003	0.06793333333333332	0.06876666666666667	0.07696666666666666	0.0865	0.07883333333333334	0.08386666666666664	0.08453333333333335	0.08813333333333334	0.09806666666666666	0.1247	0.0980333333333333	0.10979999999999998	0.12986666666666666	0.14333333333333337	0.14816666666666664	0.15586666666666665	0.1803	0.21323333333333336	0.2301	0.2598333333333333	0.2518	0.3172666666666667	0.3559000000000001	0.3865333333333333	0.4391333333333334	0.4814666666666666	0.5440333333333334	0.5550333333333333	0.6463333333333333	0.7117333333333333	0.7415333333333334	Growth with low glutamate supplementation and spermine treatment.
E2	0.0	0.0	0.0	0.0	0.0	0.0	0.0	0.0	0.0	0.0	0.0	0.0	0.0	0.0	0.0	0.0	0.0	0.0	0.0	0.0	0.0	0.0	0.0	0.0	0.0	0.0	0.0	0.0	0.0	0.0	0.0	0.0	0.0	0.0	0.0	0.0	0.0	0.0	0.0	0.0	0.0	0.0	0.0	0.0	0.0	0.0	0.0	0.0	0.0	0.0	0.0	0.0	0.0	0.0	0.0	0.0	0.0	0.0	0.0	0.0	0.0	Media control
E3	0.023233333333333328	0.052333333333333315	0.008133333333333326	0.0	0.0	0.0	0.0035333333333333328	0.007266666666666671	0.010399999999999993	0.011966666666666681	0.009533333333333338	0.025766666666666688	0.010599999999999998	0.02250000000000002	0.02566666666666667	0.013533333333333314	0.018833333333333313	0.02936666666666668	0.039099999999999996	0.034400000000000014	0.0514	0.05453333333333335	0.07673333333333332	0.0797	0.11659999999999998	0.12990000000000002	0.15893333333333334	0.22953333333333334	0.30343333333333333	0.4029666666666666	0.9444666666666668	1.1160666666666668	1.1359000000000001	1.1736333333333333	1.3196333333333332	1.3830333333333333	1.4175	1.3747666666666665	1.5763666666666667	1.3766333333333332	0.8310666666666667	0.4883333333333334	0.5011333333333333	0.5043	0.5610999999999999	0.5744666666666667	0.6045333333333333	0.6666333333333334	0.7452	0.8005	0.8950666666666668	0.9320666666666667	1.0109333333333335	1.0538666666666665	1.1053666666666666	1.165	1.2058333333333333	1.2214999999999998	1.3055333333333334	1.3128666666666666	1.3655333333333333	Growth with high glutamate supplementation, no spermine treatment.
E4	0.005133333333333337	0.06213333333333332	0.0	0.0	0.0	0.0087666666666667	0.0	0.009166666666666684	0.005500000000000005	0.006566666666666665	0.00683333333333333	0.017366666666666697	0.013499999999999984	0.013200000000000017	0.014766666666666678	0.01843333333333333	0.01733333333333331	0.01776666666666668	0.02149999999999999	0.02579999999999999	0.029299999999999993	0.03343333333333334	0.04253333333333334	0.049199999999999994	0.059	0.07110000000000002	0.08743333333333336	0.10643333333333332	0.14903333333333332	0.18866666666666668	0.2881666666666667	0.3848666666666667	0.45419999999999994	0.5276333333333334	0.7333333333333333	0.8903333333333333	0.8895000000000001	0.7678666666666667	1.1198666666666666	0.8439333333333333	0.9064666666666668	0.6779333333333334	0.4045333333333333	0.36440000000000006	0.3728	0.3748666666666667	0.3772333333333333	0.3796333333333334	0.38259999999999994	0.4002	0.4260666666666667	0.4140666666666667	0.48983333333333334	0.5225666666666667	0.6048666666666667	0.6351	0.6798333333333333	0.7201	0.7843333333333333	0.8122666666666667	0.8629333333333333	Growth with alanine supplementation, no spermine treatment.
E5	0.0	0.03723333333333334	0.0	0.0	0.0	0.0	0.0	0.0	0.0	9.999999999998899e-05	0.0018666666666666831	0.005100000000000021	0.0026666666666666505	0.002333333333333326	0.0058	0.004333333333333328	0.013466666666666682	0.01610000000000003	0.020100000000000007	0.033499999999999974	0.11276666666666668	0.10139999999999999	0.10386666666666669	0.08929999999999999	0.11166666666666666	0.1015666666666667	0.10070000000000001	0.08046666666666666	0.08946666666666667	0.09760000000000002	0.11443333333333336	0.10783333333333334	0.12783333333333333	0.12140000000000001	0.11610000000000001	0.11076666666666665	0.12856666666666663	0.13069999999999998	0.1232	0.1268	0.15446666666666667	0.16216666666666665	0.1722	0.17876666666666668	0.2266	0.23783333333333334	0.2642	0.29656666666666665	0.3258333333333333	0.34306666666666674	0.3946666666666666	0.4482333333333334	0.48796666666666666	0.5128333333333334	0.5863333333333334	0.5992333333333334	0.6932	0.7443333333333333	0.7797999999999999	0.8744333333333334	0.9237666666666667	Growth with alanine supplementation and spermine treatment.
E6	0.0	0.0814333333333333	0.0	0.002966666666666673	0.0	6.666666666665932e-05	0.008833333333333332	0.001799999999999996	0.0021000000000000185	0.009233333333333343	0.010999999999999982	0.012833333333333335	0.023766666666666686	0.0126	0.021333333333333315	0.0237	0.019266666666666682	0.022233333333333355	0.025499999999999995	0.03616666666666665	0.032766666666666666	0.044966666666666655	0.06009999999999999	0.057533333333333325	0.08036666666666667	0.09979999999999997	0.12356666666666666	0.14493333333333333	0.21363333333333334	0.29389999999999994	0.40466666666666673	0.5463666666666667	0.7084333333333334	0.8351999999999999	0.9812333333333333	1.2519333333333333	1.3603333333333334	1.2532666666666668	1.4440333333333333	1.2734666666666667	1.3719333333333334	1.4088	1.4802333333333333	1.5123666666666666	0.4331666666666667	0.40970000000000006	0.39893333333333325	0.4283	0.4918	0.5153333333333334	0.5082666666666666	0.5209666666666667	0.5475333333333333	0.578	0.6235333333333334	0.6581333333333333	0.7000666666666666	0.7281	0.7700333333333333	0.8227333333333333	0.8651	Baseline growth with no supplementation or treatment.
E7	0.0	0.09243333333333331	0.0	0.003700000000000009	0.013333333333333336	0.008266666666666672	0.01366666666666666	0.013266666666666649	0.009533333333333338	0.009099999999999997	0.006166666666666681	0.014933333333333354	0.014999999999999986	0.01573333333333335	0.020533333333333348	0.02156666666666668	0.023466666666666663	0.025266666666666687	0.029699999999999976	0.040266666666666645	0.11973333333333333	0.1582666666666667	0.1314666666666667	0.11053333333333337	0.18846666666666664	0.18923333333333334	0.17386666666666667	0.12796666666666667	0.14003333333333332	0.13399999999999998	0.16166666666666665	0.1408	0.1334	0.13920000000000002	0.12560000000000002	0.12843333333333334	0.1245333333333333	0.1371666666666667	0.14846666666666666	0.1433	0.16556666666666667	0.1747	0.20706666666666665	0.2291666666666667	0.2233333333333333	0.2700666666666667	0.2820666666666667	0.33063333333333333	0.3544	0.39269999999999994	0.41546666666666665	0.47640000000000005	0.5308999999999999	0.5572333333333334	0.5913333333333333	0.6530666666666667	0.6947666666666668	0.7198333333333334	0.7764	0.8576666666666667	0.8780333333333333	Growth with spermine treatment, no supplementation.
E8	0.0	0.008133333333333354	0.007000000000000006	0.008233333333333342	0.01526666666666665	0.022999999999999993	0.02316666666666667	0.026333333333333347	0.018033333333333346	0.016933333333333328	0.014933333333333326	0.01956666666666665	0.02723333333333333	0.025499999999999995	0.026466666666666666	0.028299999999999992	0.02616666666666667	0.025366666666666676	0.02696666666666664	0.03589999999999999	0.03169999999999998	0.03466666666666668	0.047066666666666646	0.04586666666666667	0.07150000000000001	0.06600000000000003	0.07416666666666669	0.08866666666666664	0.10120000000000001	0.13263333333333333	0.1728333333333333	0.2186666666666667	0.2641	0.3207666666666667	0.4409333333333333	0.7099333333333333	0.8567999999999999	0.7490333333333334	1.0131333333333332	0.9905333333333333	1.2404	1.2514	1.0797333333333332	1.1063333333333332	1.1638000000000002	0.9404666666666668	0.42556666666666665	0.38903333333333334	0.3930666666666667	0.4078666666666666	0.38869999999999993	0.40926666666666667	0.46290000000000003	0.4813666666666666	0.5592333333333334	0.6047333333333333	0.7322333333333333	0.7807666666666667	0.8426666666666667	0.8860333333333332	0.9269000000000001	Growth with alanine supplementation, no spermine treatment.
E9	0.0	0.004833333333333328	0.0	0.006833333333333358	0.009966666666666651	0.009899999999999992	0.018766666666666654	0.022333333333333344	0.014733333333333348	0.01573333333333332	0.011533333333333312	0.018266666666666653	0.021833333333333316	0.021799999999999986	0.02576666666666666	0.03	0.04046666666666668	0.04306666666666667	0.046166666666666634	0.05740000000000001	0.08459999999999998	0.10196666666666668	0.10906666666666667	0.09246666666666667	0.11600000000000002	0.1106	0.10436666666666666	0.11766666666666667	0.09290000000000001	0.08703333333333332	0.11203333333333335	0.10216666666666668	0.10549999999999998	0.12706666666666666	0.09473333333333336	0.07393333333333332	0.07909999999999998	0.08363333333333334	0.08653333333333332	0.08173333333333332	0.0857	0.0905	0.10853333333333329	0.10823333333333335	0.094	0.10776666666666668	0.12626666666666667	0.13923333333333332	0.14776666666666669	0.16056666666666666	0.1813	0.18586666666666665	0.2247	0.23116666666666666	0.27903333333333336	0.3021333333333333	0.33663333333333334	0.37216666666666665	0.40526666666666666	0.45013333333333333	0.48149999999999993	Growth with low glutamate supplementation and spermine treatment.
E10	0.00033333333333333826	0.0	0.003599999999999992	0.0015000000000000013	0.013133333333333358	0.024099999999999983	0.031366666666666654	0.030099999999999988	0.02463333333333334	0.024833333333333346	0.02783333333333332	0.030633333333333346	0.030366666666666653	0.03516666666666668	0.03356666666666666	0.039299999999999974	0.04000000000000001	0.046433333333333326	0.04463333333333333	0.05539999999999998	0.07919999999999999	0.09703333333333333	0.12323333333333333	0.1031	0.1580666666666667	0.1519	0.16113333333333332	0.17170000000000002	0.1544666666666667	0.1527	0.19936666666666666	0.1659333333333333	0.16846666666666665	0.18516666666666665	0.18726666666666666	0.1971333333333333	0.2	0.1926	0.24439999999999998	0.18936666666666666	0.14706666666666665	0.14263333333333333	0.1405	0.14759999999999998	0.11243333333333333	0.10586666666666666	0.1226666666666667	0.1349	0.1353	0.14343333333333333	0.17003333333333331	0.1677666666666667	0.19360000000000002	0.19553333333333336	0.23779999999999998	0.25803333333333334	0.2869333333333334	0.3331666666666666	0.3478	0.38530000000000003	0.40236666666666665	Growth with high glutamate supplementation and spermine treatment.
E11	0.0	0.004233333333333353	0.005966666666666676	0.0	0.009633333333333327	0.012933333333333324	0.030299999999999994	0.03633333333333333	0.006500000000000006	0.013766666666666677	0.02833333333333332	0.01826666666666668	0.027266666666666634	0.03433333333333333	0.015300000000000008	0.023300000000000015	0.018399999999999972	0.02483333333333332	0.022466666666666663	0.03456666666666666	0.04859999999999998	0.043200000000000016	0.06529999999999997	0.05706666666666668	0.08546666666666666	0.07250000000000004	0.09083333333333335	0.10793333333333333	0.1324	0.1806	0.2997333333333333	0.352	0.41100000000000003	0.7926333333333334	0.9411666666666666	1.1376666666666666	1.0490333333333333	0.4443666666666667	0.4136	0.3175	0.3524666666666667	0.34353333333333336	0.3335	0.33099999999999996	0.3482666666666666	0.3537	0.353	0.3878999999999999	0.4169333333333333	0.47540000000000004	0.4996333333333334	0.5135666666666667	0.5682333333333334	0.5981000000000001	0.6676666666666666	0.7001	0.7598666666666667	0.7981	0.8529666666666667	0.9210666666666666	0.9281666666666668	Growth with low glutamate supplementation, no spermine treatment.
E12	0.0	0.0	0.0	0.0	0.00033333333333335213	0.0	0.00576666666666667	0.0	0.0	0.0	9.999999999998899e-05	0.0068999999999999895	0.0	0.003333333333333327	0.0035666666666666624	0.0	0.0	0.0	0.0	0.0	0.0	0.0005333333333333301	0.0	0.0	0.0	0.004400000000000015	0.0	0.0	0.0	0.0	0.0	0.0	0.0	0.001533333333333331	0.0	0.0	0.0	0.0	0.0	0.0	0.0	0.0	0.0	0.0	0.0	0.0	0.0	0.0	0.0	0.0	0.0	0.0	0.0	0.0	0.0	0.0	0.0	0.0	0.0	0.0	0.0	Media control
F1	0.016066666666666674	0.0	0.012566666666666643	0.001066666666666688	0.0	0.0038333333333333552	0.005833333333333357	0.009000000000000008	0.007699999999999985	0.005933333333333318	0.016133333333333333	0.0131	0.012300000000000005	0.01946666666666666	0.01986666666666667	0.02589999999999998	0.032933333333333314	0.030566666666666686	0.03366666666666668	0.04100000000000001	0.048966666666666686	0.05753333333333335	0.049033333333333345	0.06343333333333334	0.06513333333333335	0.06993333333333332	0.09273333333333333	0.07356666666666667	0.06536666666666666	0.07950000000000002	0.07403333333333331	0.09316666666666668	0.09896666666666668	0.11620000000000003	0.11253333333333332	0.11736666666666667	0.12863333333333335	0.13753333333333334	0.16646666666666668	0.17200000000000001	0.1996333333333333	0.20110000000000003	0.21776666666666664	0.21663333333333334	0.23666666666666666	0.26066666666666666	0.31689999999999996	0.3559333333333333	0.385	0.4414333333333333	0.5023	0.5508666666666666	0.5741	0.6383333333333333	0.6910333333333334	0.7390666666666666	0.7912333333333333	0.8631333333333332	0.8912333333333333	0.9662333333333334	1.0066333333333333	Growth with spermine treatment, no supplementation.
F2	0.010099999999999998	0.008333333333333345	0.006566666666666637	0.011999999999999983	0.016699999999999993	0.009166666666666684	0.010166666666666657	0.005099999999999993	6.666666666665932e-05	0.0009666666666666712	0.008899999999999991	0.00839999999999999	0.003233333333333338	0.009599999999999997	0.009800000000000003	0.008066666666666666	0.014066666666666644	0.011633333333333357	0.01823333333333335	0.02403333333333335	0.03143333333333334	0.03803333333333336	0.05003333333333332	0.07846666666666666	0.10296666666666668	0.12773333333333334	0.18030000000000004	0.24246666666666666	0.3287	0.6805666666666667	1.1398333333333333	1.1815	1.0276	1.0339666666666667	1.1305666666666667	1.1776666666666666	1.0244	0.9829333333333333	1.0434	0.6989666666666666	0.43206666666666665	0.44789999999999996	0.45863333333333334	0.4776666666666667	0.48096666666666665	0.5783333333333333	0.6487333333333334	0.6808666666666667	0.7233666666666667	0.7826	0.8499000000000001	0.9277666666666666	0.9560333333333334	1.0233	1.0614333333333335	1.1054666666666666	1.1685	1.1965	1.2468000000000001	1.3115999999999999	1.3300333333333334	Growth with high glutamate supplementation, no spermine treatment.
F3	0.02333333333333333	0.0	0.007333333333333303	0.008699999999999986	0.0022000000000000075	0.009066666666666695	0.01993333333333336	0.01616666666666669	0.009200000000000014	0.011866666666666664	0.020233333333333325	0.01796666666666666	0.013300000000000006	0.021699999999999997	0.02476666666666666	0.029533333333333356	0.03683333333333333	0.040666666666666657	0.04660000000000003	0.051899999999999974	0.1056	0.09583333333333333	0.08893333333333334	0.09339999999999998	0.1341	0.10799999999999996	0.09913333333333335	0.09563333333333335	0.11383333333333331	0.09826666666666667	0.1131666666666667	0.10066666666666665	0.09589999999999999	0.11203333333333335	0.11293333333333336	0.11373333333333333	0.1314	0.14096666666666666	0.15036666666666665	0.17013333333333333	0.20036666666666667	0.1804333333333333	0.18323333333333333	0.2142	0.2159	0.23156666666666664	0.2844333333333333	0.29323333333333335	0.33740000000000003	0.3659	0.4258666666666667	0.4724666666666667	0.4974333333333333	0.5771666666666667	0.5984666666666666	0.6597000000000001	0.7545333333333333	0.7892	0.8708333333333333	0.9156666666666666	0.9949333333333332	Growth with alanine supplementation and spermine treatment.
F4	0.0	0.0	0.005933333333333318	0.0	0.0	0.0	0.0	0.0	0.0	0.0	0.0	0.0	0.0	0.0	0.0	0.0	0.0	0.0	0.0	0.0	0.00040000000000001146	3.333333333332966e-05	0.0	0.0	0.0021000000000000185	0.001999999999999974	0.0004333333333333411	0.0	0.0	0.0	0.001066666666666688	0.0	0.0	0.0	0.0	0.0	0.0	0.0	0.002266666666666667	0.001533333333333331	0.0	0.0	0.0	0.0	0.0	0.0	0.0	0.0	0.0	0.0	0.0026666666666666783	0.0	0.0	0.0	0.0025666666666666615	0.0	0.00043333333333331336	0.0	0.0	0.0	0.0	Media control
F5	0.01556666666666666	0.0	0.02639999999999998	0.02516666666666667	0.006199999999999983	0.012200000000000016	0.009266666666666645	0.009599999999999997	0.01580000000000001	0.014999999999999986	0.0179	0.012866666666666693	0.02043333333333333	0.02210000000000001	0.026400000000000007	0.03263333333333332	0.03796666666666665	0.04233333333333336	0.05156666666666668	0.06603333333333333	0.07073333333333331	0.0922	0.1177	0.14123333333333335	0.19153333333333336	0.23323333333333332	0.2875333333333333	0.3134	0.4350666666666667	0.5717	1.0171666666666668	1.0184666666666666	0.8619000000000001	0.7464666666666666	0.8256	0.8257666666666666	0.8115000000000001	0.7992	0.9129333333333334	0.6486333333333333	0.4606	0.4187666666666666	0.4584666666666667	0.48973333333333335	0.5069666666666667	0.5138333333333333	0.5488666666666666	0.5967	0.6461333333333333	0.6794333333333333	0.7327666666666667	0.7780666666666667	0.8255	0.8564	0.9304999999999999	0.9477666666666668	0.9836333333333334	1.0102666666666666	1.1046666666666667	1.1131333333333333	1.1719666666666666	Growth with low glutamate supplementation, no spermine treatment.
F6	0.0014999999999999875	0.0	0.0	0.004233333333333339	0.0	0.0	0.0	0.0	0.0	0.0	0.0	0.0	0.0	0.0	0.0	0.0	0.0	0.0	0.004033333333333333	0.006500000000000006	0.011233333333333317	0.02003333333333332	0.02890000000000001	0.03983333333333333	0.06770000000000001	0.09376666666666666	0.11780000000000002	0.15456666666666666	0.19316666666666668	0.23866666666666667	0.4123	0.48586666666666667	0.4247666666666666	0.4265	0.5162	0.6598999999999999	0.7133333333333334	0.4571333333333333	0.5662666666666667	0.4872666666666666	0.4304	0.33799999999999997	0.3604333333333334	0.3532666666666667	0.34663333333333335	0.3247333333333333	0.3174	0.3547	0.36996666666666667	0.4331666666666667	0.3956333333333334	0.4289666666666666	0.5111333333333333	0.5898333333333333	0.7056	0.7259	0.7881666666666667	0.8319	0.8873666666666667	0.9583333333333334	1.0301999999999998	Growth with alanine supplementation, no spermine treatment.
F7	0.0013999999999999985	0.0017333333333333367	0.030266666666666664	0.024433333333333307	0.021799999999999986	0.018266666666666653	0.014566666666666672	0.022766666666666657	0.020533333333333348	0.01930000000000001	0.027066666666666683	0.029266666666666663	0.030099999999999988	0.022866666666666674	0.032333333333333325	0.02479999999999999	0.026666666666666672	0.02940000000000001	0.03093333333333334	0.04000000000000001	0.05043333333333333	0.052833333333333315	0.06989999999999999	0.07253333333333334	0.09820000000000001	0.11486666666666664	0.1289	0.18156666666666668	0.24986666666666665	0.3592666666666666	0.6517	0.9050666666666666	0.9005666666666667	0.7565000000000001	0.8023	0.9449000000000001	0.9071333333333335	0.6393333333333333	0.6498666666666667	0.6596666666666666	0.6912999999999999	0.42979999999999996	0.41223333333333334	0.3895666666666667	0.39113333333333333	0.4198333333333333	0.39659999999999995	0.4254	0.4583666666666667	0.4651666666666666	0.5435333333333333	0.5581666666666666	0.5954333333333334	0.6276333333333333	0.6661	0.7118	0.7388666666666667	0.7903	0.8493666666666667	0.8849333333333332	0.9793999999999999	Baseline growth with no supplementation or treatment.
F8	0.0019000000000000128	0.0070666666666666655	0.016966666666666658	0.01150000000000001	0.009733333333333316	0.020266666666666683	0.022300000000000014	0.021366666666666673	0.018833333333333313	0.020566666666666678	0.022433333333333333	0.018699999999999994	0.02213333333333331	0.023799999999999988	0.02739999999999998	0.034399999999999986	0.041999999999999954	0.046999999999999986	0.04256666666666667	0.057133333333333314	0.07126666666666667	0.07730000000000004	0.07243333333333332	0.06953333333333334	0.06839999999999999	0.0693	0.06726666666666667	0.0678	0.06566666666666668	0.06836666666666666	0.08366666666666667	0.0757666666666667	0.07466666666666666	0.09326666666666666	0.09226666666666666	0.10673333333333332	0.11926666666666666	0.10636666666666666	0.1265	0.1362333333333333	0.13800000000000004	0.16063333333333332	0.1662	0.18803333333333333	0.18489999999999998	0.22066666666666665	0.22646666666666668	0.27946666666666664	0.3102666666666667	0.31776666666666664	0.3695666666666667	0.38950000000000007	0.4415	0.4869333333333334	0.5453333333333333	0.5665	0.6208333333333333	0.7018	0.7450333333333334	0.7997000000000001	0.8515333333333333	Growth with spermine treatment, no supplementation.
F9	0.0	0.00040000000000001146	0.0	0.0	0.0	0.0	0.0	0.0	0.0	0.0	0.0	0.0	0.0	0.0	0.0	0.0	0.0	0.0	0.0	0.0	0.0	0.0	0.0	0.0	0.0	0.0	0.0	0.0	0.0	0.0	0.0	0.0	0.0	0.0	0.0	0.0	0.0	0.0	0.0	0.0	0.0	0.0	0.0	0.0	0.0	0.0	0.0	0.0	0.0	0.0	0.0	0.0	0.0	0.0	0.0	0.0	0.0	0.0	0.0	0.0	0.0	Media control
F10	0.0	0.012399999999999994	0.009899999999999992	0.009899999999999992	0.021733333333333327	0.02479999999999999	0.02366666666666667	0.029899999999999982	0.01573333333333332	0.019133333333333336	0.021833333333333316	0.039133333333333326	0.036066666666666664	0.03586666666666663	0.03786666666666666	0.04219999999999999	0.0421	0.04943333333333333	0.03793333333333332	0.05519999999999997	0.06570000000000001	0.06523333333333334	0.07883333333333331	0.059500000000000025	0.07066666666666668	0.0663	0.06713333333333335	0.07	0.07726666666666668	0.0696	0.08056666666666668	0.06913333333333335	0.07246666666666668	0.07286666666666669	0.07036666666666669	0.07783333333333331	0.07790000000000002	0.0824	0.08009999999999998	0.08086666666666667	0.08846666666666667	0.10703333333333334	0.10389999999999999	0.1172	0.11543333333333333	0.13616666666666669	0.13496666666666665	0.15209999999999999	0.16319999999999998	0.1981333333333333	0.21103333333333335	0.2156666666666667	0.254	0.2644333333333333	0.29410000000000003	0.3418333333333333	0.3895333333333333	0.4267666666666666	0.46220000000000006	0.5161	0.5317666666666667	Growth with low glutamate supplementation and spermine treatment.
F11	0.0	0.008733333333333343	0.03423333333333334	0.022433333333333333	0.007300000000000001	0.023466666666666663	0.013366666666666666	0.031199999999999978	0.03403333333333333	0.030233333333333334	0.021833333333333343	0.027999999999999997	0.032399999999999984	0.031666666666666676	0.033366666666666656	0.03340000000000001	0.03343333333333334	0.03559999999999999	0.040299999999999975	0.04826666666666665	0.050600000000000006	0.05553333333333335	0.06293333333333334	0.07393333333333335	0.08323333333333335	0.09519999999999998	0.11743333333333333	0.1728666666666667	0.18660000000000002	0.2893	0.5583333333333333	0.8144333333333333	0.7637666666666667	0.6718666666666666	0.563	0.5908333333333333	0.39816666666666667	0.2447666666666667	0.23586666666666667	0.2625333333333334	0.3052666666666667	0.3062	0.3029333333333334	0.3322333333333333	0.3327333333333333	0.35153333333333336	0.34536666666666666	0.38550000000000006	0.3913	0.4268333333333333	0.4701333333333334	0.48296666666666666	0.48956666666666665	0.5177333333333333	0.5522333333333334	0.5682	0.5987333333333333	0.6261	0.6744333333333334	0.7133333333333334	0.7307	Baseline growth with no supplementation or treatment.
F12	0.012266666666666662	0.02083333333333333	0.02830000000000002	0.00360000000000002	0.01253333333333334	0.018699999999999994	0.01886666666666667	0.030066666666666658	0.01743333333333333	0.019166666666666693	0.017599999999999977	0.016100000000000003	0.02466666666666667	0.026433333333333364	0.026066666666666682	0.039100000000000024	0.035466666666666674	0.043933333333333324	0.043200000000000016	0.05306666666666668	0.06209999999999999	0.06183333333333335	0.07313333333333333	0.058900000000000036	0.06543333333333334	0.06350000000000003	0.0683	0.07300000000000001	0.06353333333333333	0.0605	0.07196666666666668	0.06873333333333334	0.06826666666666664	0.05233333333333334	0.052766666666666656	0.06596666666666665	0.07250000000000001	0.06716666666666668	0.08453333333333335	0.0826	0.101	0.10183333333333333	0.11756666666666668	0.13156666666666664	0.13856666666666667	0.154	0.16276666666666664	0.17080000000000004	0.19656666666666664	0.20203333333333337	0.23579999999999998	0.2621	0.30580000000000007	0.30513333333333337	0.3599	0.37606666666666666	0.4462666666666667	0.47133333333333327	0.5297000000000001	0.5995999999999999	0.6215666666666667	Growth with high glutamate supplementation and spermine treatment.
G1	0.007999999999999993	0.010833333333333348	0.013566666666666644	0.028700000000000003	0.015199999999999991	0.03356666666666669	0.036066666666666664	0.030200000000000005	0.01886666666666667	0.013466666666666682	0.028999999999999998	0.020899999999999974	0.022733333333333328	0.025999999999999995	0.029700000000000004	0.03626666666666667	0.03366666666666665	0.04183333333333336	0.04203333333333337	0.04053333333333334	0.03413333333333332	0.03883333333333336	0.030433333333333312	0.025566666666666654	0.02156666666666665	0.024233333333333357	0.01660000000000003	0.012766666666666676	0.008799999999999975	0.00996666666666668	0.019233333333333325	0.013399999999999995	0.013600000000000001	0.011066666666666669	0.016666666666666663	0.016566666666666674	0.014499999999999985	0.014533333333333315	0.0121	0.016066666666666674	0.016666666666666663	0.010499999999999982	0.01103333333333334	0.012766666666666676	0.009366666666666662	0.012933333333333324	0.01623333333333335	0.011266666666666703	0.011866666666666692	0.013600000000000001	0.013899999999999996	0.012066666666666642	0.01043333333333335	0.012499999999999983	0.012933333333333352	0.014566666666666672	0.014000000000000012	0.011900000000000022	0.010699999999999987	0.013700000000000018	0.00633333333333333	Media control
G2	0.0131	0.0007333333333333497	0.02886666666666665	0.0	0.001999999999999974	0.007366666666666688	0.014966666666666656	0.008899999999999991	0.013866666666666666	0.01046666666666668	0.016599999999999976	0.02639999999999998	0.019733333333333325	0.026400000000000007	0.031399999999999983	0.02996666666666667	0.040266666666666645	0.03893333333333335	0.045833333333333365	0.05603333333333335	0.06733333333333333	0.07773333333333338	0.08913333333333331	0.10356666666666664	0.14826666666666663	0.16703333333333334	0.21610000000000004	0.25776666666666664	0.34209999999999996	0.5130666666666667	0.9619333333333333	0.8206	0.6517000000000001	0.6267666666666666	0.7469666666666667	0.7193666666666667	0.6321	0.5317333333333334	0.6979	0.5181666666666667	0.4709666666666667	0.45589999999999997	0.4588333333333333	0.4923666666666666	0.5056666666666667	0.5046333333333333	0.5533333333333333	0.5881666666666667	0.6412666666666668	0.6596	0.7038	0.7822666666666667	0.7930333333333334	0.8176	0.8643333333333334	0.9161666666666668	0.9420000000000001	1.034	1.0602	1.0897	1.1222333333333334	Baseline growth with no supplementation or treatment.
G3	0.0	0.0	0.010266666666666674	0.011799999999999977	0.006599999999999995	0.0015666666666666884	0.003766666666666668	0.00739999999999999	0.005866666666666659	0.005466666666666675	0.014499999999999985	0.010299999999999976	0.010433333333333322	0.014399999999999996	0.020699999999999996	0.02536666666666665	0.03276666666666664	0.025533333333333352	0.028133333333333316	0.03733333333333333	0.040733333333333316	0.04403333333333337	0.05483333333333332	0.06056666666666666	0.06076666666666666	0.0796333333333333	0.08079999999999998	0.060366666666666624	0.06779999999999997	0.06756666666666666	0.08383333333333334	0.0829	0.08940000000000001	0.09786666666666666	0.10766666666666663	0.10216666666666666	0.13299999999999998	0.12493333333333331	0.13069999999999998	0.13986666666666664	0.16596666666666668	0.18199999999999997	0.1910333333333333	0.20156666666666667	0.24166666666666667	0.2480333333333333	0.29513333333333336	0.32826666666666665	0.3243666666666667	0.4072	0.4378000000000001	0.49976666666666664	0.5724333333333333	0.602	0.6383333333333333	0.7057666666666667	0.7837	0.8275	0.8977	0.9487	1.0050333333333334	Growth with spermine treatment, no supplementation.
G4	0.010066666666666682	0.0	0.012833333333333308	0.014533333333333343	0.007233333333333342	0.002233333333333337	0.0035666666666666624	0.0017666666666666664	0.0006333333333333468	0.0007333333333333358	0.010066666666666668	0.003333333333333355	0.009899999999999992	0.009966666666666651	0.01933333333333334	0.015399999999999997	0.020966666666666633	0.023933333333333362	0.026900000000000007	0.04419999999999999	0.10746666666666665	0.1335333333333333	0.14983333333333335	0.10810000000000003	0.14409999999999998	0.1371333333333333	0.14069999999999996	0.11683333333333334	0.13196666666666665	0.12409999999999999	0.13923333333333335	0.1356	0.13716666666666666	0.14503333333333335	0.1307	0.12360000000000002	0.15033333333333337	0.13106666666666666	0.13026666666666667	0.1358	0.1336333333333333	0.151	0.16133333333333333	0.1792	0.18566666666666665	0.20323333333333335	0.25116666666666665	0.2623	0.28526666666666667	0.3102666666666667	0.3330333333333334	0.3949333333333333	0.4590000000000001	0.48319999999999996	0.5397666666666666	0.5799666666666667	0.6421	0.7151	0.7828333333333333	0.8155333333333333	0.8870999999999999	Growth with alanine supplementation and spermine treatment.
G5	0.024366666666666675	0.009366666666666662	0.029233333333333306	0.01253333333333334	0.006633333333333324	0.02153333333333335	0.023366666666666647	0.017966666666666686	0.007533333333333364	0.008533333333333337	0.01946666666666666	0.016333333333333366	0.020900000000000002	0.019866666666666644	0.026533333333333353	0.02419999999999997	0.030266666666666636	0.02873333333333336	0.0335	0.0383	0.050766666666666654	0.06163333333333332	0.08923333333333333	0.12	0.20859999999999998	0.2857333333333333	0.4558	0.6085333333333334	0.6000666666666666	0.7278	1.0691333333333333	0.8904	0.6130666666666666	0.4376333333333333	0.32899999999999996	0.29610000000000003	0.29573333333333335	0.28106666666666663	0.31366666666666665	0.34119999999999995	0.3450333333333333	0.4054	0.45353333333333334	0.5005000000000001	0.5191666666666667	0.5951333333333333	0.6351666666666667	0.7096	0.7758666666666666	0.8161666666666666	0.8885333333333334	0.9334333333333333	1.0016	1.0424	1.1201666666666668	1.1805666666666665	1.2357	1.2488000000000001	1.2932333333333335	1.3338333333333334	1.371	Growth with high glutamate supplementation, no spermine treatment.
G6	0.015	0.001533333333333331	0.01736666666666667	0.020233333333333325	0.01589999999999997	0.02146666666666666	0.023466666666666636	0.01986666666666667	0.022233333333333355	0.026100000000000012	0.03106666666666666	0.022966666666666663	0.029099999999999987	0.030266666666666636	0.037633333333333324	0.04059999999999997	0.04766666666666666	0.0451	0.047033333333333344	0.0681	0.06153333333333333	0.07583333333333334	0.08660000000000001	0.11753333333333332	0.158	0.2031666666666667	0.2635	0.34006666666666663	0.35406666666666664	0.4293666666666667	0.8841	0.8726666666666666	0.7700666666666667	0.8248000000000001	0.8165	0.7782	0.7556333333333334	0.5557333333333333	0.5011666666666668	0.4369666666666666	0.4347	0.4286	0.44863333333333333	0.46686666666666665	0.4791333333333333	0.4941333333333333	0.5339	0.577	0.6206666666666667	0.6678666666666666	0.7403333333333334	0.7783666666666667	0.8223333333333334	0.8772333333333334	0.9288	0.9984000000000001	1.0258666666666667	1.1052	1.1637666666666666	1.2172333333333332	1.2719999999999998	Growth with low glutamate supplementation, no spermine treatment.
G7	0.0	0.009266666666666673	0.02616666666666667	0.015699999999999992	0.013533333333333314	0.016566666666666646	0.015699999999999992	0.015666666666666662	0.011333333333333334	0.010366666666666663	0.013933333333333325	0.014100000000000001	0.0164333333333333	0.017600000000000005	0.022999999999999993	0.027099999999999985	0.031899999999999984	0.032299999999999995	0.03096666666666667	0.03523333333333331	0.03786666666666666	0.04039999999999999	0.03743333333333332	0.03683333333333333	0.04400000000000001	0.04890000000000003	0.04476666666666665	0.050699999999999995	0.036066666666666664	0.036966666666666675	0.04816666666666666	0.0470666666666667	0.05026666666666668	0.05626666666666666	0.05266666666666667	0.05673333333333333	0.06546666666666665	0.07566666666666666	0.0766	0.07943333333333333	0.0733	0.09773333333333334	0.09309999999999999	0.10433333333333336	0.1167	0.14456666666666668	0.15806666666666672	0.15146666666666667	0.18186666666666665	0.17836666666666662	0.2152666666666667	0.2748999999999999	0.26349999999999996	0.2815333333333333	0.3317333333333333	0.37240000000000006	0.4319333333333333	0.45530000000000004	0.48373333333333335	0.5314000000000001	0.6127333333333334	Growth with low glutamate supplementation and spermine treatment.
G8	0.0	0.010166666666666657	0.023966666666666664	0.019700000000000023	0.016733333333333295	0.024366666666666675	0.02720000000000003	0.030866666666666653	0.024333333333333318	0.023466666666666663	0.02673333333333333	0.030299999999999994	0.030833333333333324	0.029699999999999976	0.035	0.03879999999999997	0.06829999999999997	0.0753	0.06306666666666666	0.07833333333333331	0.09816666666666668	0.09940000000000002	0.09963333333333332	0.07603333333333331	0.0857	0.08889999999999998	0.07726666666666668	0.07469999999999999	0.0773666666666667	0.07296666666666668	0.09206666666666666	0.09946666666666668	0.09596666666666664	0.10366666666666666	0.09286666666666665	0.11183333333333331	0.11646666666666664	0.12936666666666666	0.10820000000000002	0.12093333333333331	0.15120000000000003	0.16213333333333332	0.16029999999999997	0.19673333333333337	0.18950000000000003	0.20116666666666663	0.2317666666666667	0.2696666666666666	0.2798666666666667	0.3111666666666667	0.3543666666666667	0.37470000000000003	0.41859999999999997	0.46703333333333336	0.5241333333333333	0.5660000000000001	0.6210333333333333	0.6678000000000001	0.7232333333333334	0.7913	0.8289333333333333	Growth with alanine supplementation and spermine treatment.
G9	0.004800000000000013	0.003866666666666657	0.01633333333333331	0.014966666666666656	0.012366666666666637	0.023533333333333323	0.021199999999999997	0.014700000000000019	0.01319999999999999	0.014300000000000007	0.019233333333333325	0.017699999999999994	0.020299999999999985	0.02410000000000001	0.02560000000000001	0.027733333333333332	0.036566666666666636	0.04396666666666668	0.040700000000000014	0.04953333333333332	0.05913333333333334	0.06760000000000002	0.06969999999999998	0.0716	0.06450000000000003	0.06623333333333334	0.07453333333333334	0.07636666666666667	0.07003333333333334	0.06186666666666668	0.07	0.06870000000000001	0.0673	0.07476666666666668	0.07620000000000002	0.0744	0.08700000000000002	0.10010000000000002	0.10389999999999999	0.11003333333333334	0.11600000000000002	0.13043333333333332	0.1278	0.1639	0.16496666666666665	0.2023333333333333	0.1949666666666667	0.22603333333333334	0.25906666666666667	0.2614333333333333	0.303	0.3421333333333334	0.3841	0.4418333333333333	0.5086999999999999	0.5291333333333333	0.5469999999999999	0.6154	0.6827333333333333	0.7339	0.8167333333333333	Growth with alanine supplementation and spermine treatment.
G10	0.008700000000000013	0.0	0.0	0.003766666666666668	0.0020666666666666333	0.002133333333333348	0.0	0.003400000000000014	0.01009999999999997	0.011899999999999994	0.010933333333333323	0.008900000000000019	0.009800000000000003	0.007300000000000001	0.0067000000000000115	0.0	0.0017666666666666386	0.002066666666666661	0.001700000000000007	0.0020333333333333314	0.007133333333333325	0.007000000000000006	0.009199999999999986	0.011099999999999999	0.007500000000000007	0.004133333333333322	0.010233333333333344	0.0053666666666666585	0.010533333333333339	0.004966666666666675	0.00940000000000002	0.007900000000000018	0.0033999999999999864	0.007966666666666677	0.00520000000000001	0.00520000000000001	0.007900000000000018	0.009700000000000014	0.0039000000000000146	0.005933333333333374	0.008400000000000019	0.008933333333333321	0.00830000000000003	0.007700000000000012	0.005866666666666659	0.006933333333333319	0.005466666666666675	0.012833333333333335	0.003966666666666674	0.0031333333333333213	0.009399999999999992	0.00883333333333336	0.011300000000000004	0.004933333333333317	0.006199999999999983	0.00573333333333334	0.0063	0.005700000000000011	0.006233333333333341	0.001799999999999996	0.011233333333333317	Media control
G11	0.004699999999999996	0.018066666666666675	0.028433333333333338	0.025866666666666677	0.01776666666666668	0.028433333333333338	0.02779999999999999	0.028499999999999998	0.023100000000000037	0.025800000000000017	0.03053333333333333	0.031899999999999984	0.03270000000000001	0.037099999999999994	0.036599999999999994	0.04063333333333333	0.04206666666666667	0.05566666666666664	0.0627	0.056933333333333336	0.07103333333333334	0.08000000000000002	0.1056	0.095	0.10580000000000003	0.09623333333333337	0.11813333333333334	0.13166666666666668	0.12943333333333332	0.12086666666666668	0.1565	0.1312	0.13159999999999997	0.14316666666666664	0.13670000000000002	0.1468	0.1559	0.15539999999999998	0.18849999999999997	0.18123333333333333	0.18400000000000002	0.18063333333333334	0.18119999999999997	0.16300000000000003	0.16126666666666664	0.16323333333333334	0.15046666666666664	0.17673333333333333	0.18416666666666665	0.19693333333333332	0.20200000000000004	0.20673333333333335	0.21999999999999997	0.2321333333333333	0.2593	0.27713333333333334	0.3124	0.32730000000000004	0.35483333333333333	0.3786999999999999	0.41873333333333335	Growth with high glutamate supplementation and spermine treatment.
G12	0.0021333333333333204	0.0030000000000000027	0.020033333333333375	0.001466666666666644	0.0	0.01003333333333331	0.014900000000000024	0.011766666666666675	0.0038000000000000256	0.010833333333333306	0.00849999999999998	0.0	0.012200000000000016	0.009166666666666656	0.00789999999999999	0.012333333333333335	0.015333333333333338	0.01536666666666664	0.01906666666666665	0.01849999999999999	0.015033333333333343	0.022200000000000025	0.022999999999999993	0.03770000000000001	0.04296666666666668	0.056333333333333374	0.07620000000000002	0.09496666666666667	0.12399999999999997	0.18826666666666667	0.36129999999999995	0.5678	0.7294	0.8599333333333333	0.9749999999999999	1.0887333333333333	1.0364	0.5416666666666667	0.41123333333333334	0.2576666666666666	0.26683333333333337	0.25903333333333334	0.21416666666666664	0.23346666666666663	0.2633	0.25306666666666666	0.26736666666666664	0.2834333333333333	0.28653333333333336	0.3110333333333334	0.3415666666666667	0.35096666666666665	0.37059999999999993	0.4215333333333333	0.4517	0.47476666666666667	0.5198333333333334	0.5584666666666667	0.6276333333333334	0.6584	0.6845333333333333	Growth with alanine supplementation, no spermine treatment.
H1	0.0034000000000000002	0.0	0.0018666666666666554	0.0	0.0	0.0	0.005566666666666664	0.010399999999999993	0.0	6.666666666668708e-05	0.006499999999999978	0.009999999999999981	0.010133333333333328	0.015199999999999991	0.0179	0.01986666666666667	0.02166666666666664	0.01823333333333335	0.02153333333333335	0.03523333333333334	0.048633333333333334	0.06393333333333337	0.07513333333333333	0.10086666666666666	0.17636666666666664	0.26993333333333336	0.3046	0.22466666666666668	0.2677999999999999	0.3113666666666667	0.3610333333333333	0.3151	0.26890000000000003	0.25326666666666664	0.27116666666666667	0.26426666666666665	0.26449999999999996	0.27503333333333335	0.2664	0.2816666666666667	0.28576666666666667	0.30899999999999994	0.34023333333333333	0.3501666666666667	0.39226666666666665	0.4236333333333333	0.4602333333333334	0.4884666666666667	0.5184666666666667	0.5367000000000001	0.5757000000000001	0.6212666666666666	0.6698333333333334	0.6977	0.7189333333333333	0.7710666666666667	0.8120999999999999	0.8389000000000001	0.8799	0.9284	0.9488333333333334	Baseline growth with no supplementation or treatment.
H2	0.003699999999999995	0.0	0.0	0.0	0.0	0.0	0.005066666666666664	0.010000000000000009	0.011466666666666653	0.012366666666666665	0.022799999999999987	0.02109999999999998	0.01993333333333333	0.02260000000000001	0.025099999999999983	0.022966666666666635	0.02646666666666664	0.029433333333333367	0.028733333333333333	0.029533333333333328	0.03833333333333333	0.044233333333333374	0.056433333333333335	0.07606666666666664	0.08836666666666665	0.10843333333333333	0.14089999999999997	0.18176666666666666	0.24859999999999996	0.33466666666666667	0.5849333333333333	1.0345	1.1142	1.2686666666666668	1.4861666666666666	1.4604666666666668	1.3184	1.3246333333333333	1.3487	0.8819666666666666	0.3315666666666667	0.33719999999999994	0.3661333333333333	0.36926666666666663	0.4088666666666667	0.4731333333333333	0.5201333333333333	0.5522666666666667	0.6037666666666667	0.6603	0.7163	0.7399666666666667	0.7854333333333333	0.8253999999999999	0.8814333333333333	0.9130666666666667	0.9373999999999999	0.9580000000000001	1.0172	1.0409	1.0710333333333333	Growth with low glutamate supplementation, no spermine treatment.
H3	0.0	0.011766666666666675	0.0055333333333333345	0.007766666666666644	0.011899999999999966	0.01040000000000002	0.013000000000000012	0.00163333333333332	0.004966666666666675	0.005499999999999977	0.006366666666666659	0.003500000000000003	0.001166666666666677	0.002700000000000008	0.006633333333333352	0.0072666666666666435	0.0116	0.007300000000000001	0.002799999999999997	0.010866666666666691	0.01736666666666667	0.019800000000000012	0.031899999999999984	0.0363	0.046500000000000014	0.042866666666666664	0.050799999999999984	0.04853333333333332	0.05233333333333334	0.057999999999999996	0.06113333333333332	0.0605	0.06090000000000001	0.05830000000000002	0.06953333333333331	0.07249999999999998	0.07849999999999999	0.08216666666666667	0.08026666666666665	0.07226666666666662	0.08349999999999999	0.09293333333333331	0.09756666666666666	0.10899999999999999	0.11683333333333337	0.12019999999999997	0.1284666666666667	0.15313333333333334	0.16490000000000002	0.18333333333333335	0.21480000000000002	0.20716666666666664	0.23659999999999998	0.2646333333333334	0.32266666666666666	0.3216333333333333	0.3746999999999999	0.4212666666666667	0.4519333333333334	0.5036666666666667	0.5444666666666667	Growth with low glutamate supplementation and spermine treatment.
H4	0.0017333333333333228	0.0	0.0	0.0	0.0	0.0	0.0	0.00683333333333333	0.0	0.007599999999999968	0.0006666666666666488	0.0022000000000000353	0.0018666666666666554	0.002700000000000008	0.004733333333333312	0.00416666666666668	0.009899999999999992	0.01680000000000001	0.01770000000000002	0.02786666666666668	0.040166666666666656	0.042899999999999994	0.06340000000000001	0.07320000000000002	0.1051	0.13056666666666664	0.18039999999999998	0.28813333333333335	0.41793333333333327	0.6723999999999999	1.1413333333333333	1.0592	0.6576	0.5178	0.31453333333333333	0.2586	0.229	0.25716666666666665	0.31676666666666664	0.32006666666666667	0.3176	0.3605333333333334	0.4425666666666667	0.4958	0.5429333333333333	0.5587	0.6266666666666667	0.6915333333333333	0.728	0.8024333333333332	0.8429	0.9104666666666665	0.9605	1.0153333333333334	1.0543666666666667	1.1040333333333334	1.1578000000000002	1.1719666666666668	1.2025333333333332	1.2575666666666665	1.2918666666666667	Growth with low glutamate supplementation, no spermine treatment.
H5	0.02543333333333332	0.012766666666666676	0.011733333333333318	0.03716666666666665	0.018599999999999978	0.0005000000000000004	0.006199999999999983	0.0027333333333333376	0.0053666666666666585	0.013499999999999956	0.0002666666666666373	0.005000000000000032	0.003766666666666668	0.005299999999999999	0.010533333333333311	0.01576666666666668	0.02889999999999998	0.021900000000000003	0.0242	0.04336666666666669	0.08336666666666664	0.0746	0.06710000000000002	0.08220000000000002	0.07440000000000002	0.07976666666666665	0.07909999999999998	0.08243333333333333	0.08793333333333334	0.10389999999999999	0.09793333333333334	0.09129999999999999	0.097	0.1031	0.10123333333333334	0.12320000000000003	0.13900000000000004	0.14486666666666664	0.14996666666666664	0.17746666666666666	0.1649	0.18853333333333333	0.19476666666666664	0.22509999999999997	0.23173333333333335	0.2874	0.32326666666666665	0.3504333333333333	0.3861	0.4062333333333332	0.4306	0.4743666666666666	0.5229	0.5799333333333333	0.6266666666666667	0.6528333333333334	0.7283	0.7574666666666666	0.8153333333333334	0.8574666666666667	0.9061666666666666	Growth with spermine treatment, no supplementation.
H6	0.009299999999999989	0.0	0.0	0.0008333333333333248	0.0068999999999999895	0.013266666666666677	0.010466666666666652	0.01846666666666666	0.02133333333333337	0.018100000000000005	0.01726666666666668	0.021866666666666673	0.017699999999999994	0.02426666666666666	0.018133333333333335	0.020299999999999985	0.016466666666666685	0.014999999999999986	0.014933333333333354	0.01949999999999999	0.01323333333333332	0.007033333333333336	0.015300000000000008	0.012933333333333352	0.012500000000000011	0.004766666666666669	0.018500000000000016	0.01576666666666668	0.014666666666666661	0.01676666666666668	0.014600000000000002	0.017766666666666653	0.012766666666666648	0.005400000000000016	0.012700000000000017	0.014999999999999986	0.007733333333333342	0.0038333333333333275	0.008666666666666656	0.01206666666666667	0.017799999999999983	0.010899999999999993	0.013533333333333342	0.009266666666666673	0.006733333333333313	0.011733333333333318	0.012399999999999994	0.009599999999999997	0.009366666666666662	0.010266666666666646	0.011233333333333345	0.016566666666666674	0.014233333333333348	0.010833333333333334	0.009500000000000008	0.0067000000000000115	0.013766666666666677	0.009500000000000008	0.009666666666666685	0.012733333333333346	0.007800000000000001	Media control
H7	0.0218	0.0	0.021866666666666673	0.020299999999999985	0.018933333333333302	0.02746666666666664	0.03090000000000001	0.02476666666666666	0.019133333333333336	0.018166666666666664	0.025433333333333336	0.02200000000000002	0.023633333333333312	0.02460000000000001	0.03109999999999999	0.03489999999999999	0.0408	0.04119999999999999	0.03216666666666665	0.05033333333333331	0.06986666666666666	0.065	0.06613333333333332	0.06763333333333332	0.0832	0.0801	0.06986666666666666	0.0676	0.06876666666666667	0.07326666666666667	0.08136666666666667	0.0856666666666667	0.09176666666666666	0.09616666666666665	0.08846666666666667	0.10323333333333334	0.10136666666666666	0.11746666666666664	0.12219999999999998	0.1442333333333333	0.13870000000000002	0.15383333333333335	0.15229999999999996	0.18013333333333337	0.19560000000000002	0.2109666666666667	0.2367666666666667	0.2564666666666666	0.3040666666666667	0.33116666666666666	0.34696666666666665	0.3822	0.4362999999999999	0.45933333333333326	0.5263333333333333	0.5884	0.6196333333333334	0.6742	0.7237333333333333	0.7987	0.8649333333333333	Growth with alanine supplementation and spermine treatment.
H8	0.020100000000000007	0.0	0.02946666666666667	0.038199999999999984	0.026533333333333298	0.033466666666666645	0.0388	0.02776666666666666	0.023633333333333312	0.03356666666666666	0.028133333333333316	0.029100000000000015	0.0330333333333333	0.03090000000000001	0.039699999999999985	0.04209999999999997	0.04569999999999999	0.048100000000000004	0.044366666666666665	0.052833333333333315	0.06276666666666667	0.0683	0.07313333333333333	0.07843333333333333	0.0847	0.08600000000000002	0.08486666666666665	0.0847	0.08966666666666667	0.07286666666666666	0.08656666666666665	0.0818666666666667	0.07896666666666668	0.08356666666666665	0.07716666666666666	0.08573333333333333	0.07716666666666666	0.07286666666666666	0.07919999999999999	0.06983333333333333	0.07510000000000003	0.07003333333333334	0.08529999999999999	0.09593333333333334	0.1131	0.09986666666666669	0.1193666666666667	0.1260666666666667	0.13426666666666667	0.15456666666666663	0.19986666666666666	0.18709999999999996	0.2169	0.23413333333333333	0.2800333333333333	0.30579999999999996	0.3277333333333333	0.3681	0.4155333333333334	0.4499	0.4978333333333333	Growth with high glutamate supplementation and spermine treatment.
H9	0.0030000000000000027	0.0	0.024533333333333324	0.013766666666666677	0.001466666666666644	0.01153333333333334	0.020100000000000007	0.015400000000000025	0.013599999999999973	0.0194	0.021433333333333332	0.02100000000000002	0.02579999999999999	0.027900000000000008	0.041200000000000014	0.03833333333333333	0.03536666666666666	0.03266666666666668	0.03320000000000001	0.04173333333333332	0.04103333333333334	0.056900000000000006	0.059699999999999975	0.060600000000000015	0.07200000000000001	0.08203333333333332	0.10963333333333333	0.14306666666666668	0.17003333333333337	0.22436666666666666	0.42780000000000007	0.5349	0.4848	0.47456666666666664	0.5139	0.5460999999999999	0.37650000000000006	0.2582	0.2197	0.22923333333333337	0.23240000000000002	0.24313333333333334	0.2502	0.2631	0.27486666666666665	0.3005333333333333	0.3341666666666667	0.3674333333333334	0.3963666666666667	0.43223333333333325	0.4723	0.5258333333333333	0.5918	0.6225333333333333	0.6867	0.7389333333333333	0.7827999999999999	0.8443	0.8744333333333333	0.9532	1.0236333333333334	Growth with alanine supplementation, no spermine treatment.
H10	0.0	0.016966666666666658	0.04553333333333334	0.02476666666666666	0.01576666666666668	0.026533333333333325	0.035	0.026499999999999996	0.030200000000000032	0.031200000000000006	0.03783333333333333	0.03739999999999999	0.037599999999999995	0.0426	0.05149999999999999	0.049533333333333346	0.05776666666666666	0.06056666666666666	0.06670000000000001	0.08543333333333333	0.1111333333333333	0.12470000000000003	0.1868	0.17990000000000003	0.3327	0.43753333333333333	0.7248333333333333	0.7826666666666667	0.6197333333333332	0.6393666666666666	0.7755	0.5788000000000001	0.29410000000000003	0.24926666666666666	0.23780000000000004	0.2571	0.2865	0.29119999999999996	0.26649999999999996	0.2996333333333333	0.34330000000000005	0.3614333333333333	0.40099999999999997	0.4384	0.46996666666666664	0.5210333333333333	0.5620666666666666	0.6383333333333333	0.6645666666666667	0.7126333333333333	0.7676000000000001	0.8150333333333333	0.8647	0.9034333333333334	0.9601999999999999	0.9915333333333334	1.059	1.0931	1.1238333333333332	1.1629	1.1911333333333334	Growth with low glutamate supplementation, no spermine treatment.
H11	0.0	0.0	0.0007333333333333358	0.0	0.015966666666666685	0.016233333333333322	0.007199999999999984	0.01679999999999998	0.007300000000000029	0.0014000000000000123	0.0031333333333333213	0.009699999999999986	0.007099999999999995	0.008200000000000013	0.012200000000000016	0.014233333333333348	0.007966666666666677	0.006666666666666654	0.0022000000000000075	0.011233333333333317	0.003433333333333344	0.0021000000000000185	0.007300000000000029	0.0	0.003700000000000009	0.007933333333333348	0.002433333333333343	0.007966666666666705	0.0	0.0035666666666666624	0.0011999999999999789	0.0066000000000000225	0.008899999999999991	0.003866666666666657	0.0022000000000000075	0.00789999999999999	0.0005000000000000004	0.0015999999999999903	0.006799999999999973	0.007933333333333292	0.003799999999999998	0.0007333333333333081	0.004799999999999999	0.0021000000000000185	0.0020666666666666333	0.009233333333333316	0.005666666666666653	0.0037333333333333385	0.004566666666666663	0.008933333333333321	0.007100000000000023	0.0035333333333333328	0.004799999999999999	0.0029333333333333156	0.010599999999999998	0.0030333333333333323	0.005099999999999993	0.008600000000000024	0.0036333333333333495	0.010999999999999982	0.0009333333333333416	Media control
H12	0.04003333333333331	0.03330000000000001	0.030133333333333373	0.041766666666666646	0.03996666666666668	0.06893333333333332	0.0877	0.06906666666666667	0.0766	0.08813333333333331	0.08549999999999999	0.06536666666666666	0.08480000000000001	0.08316666666666667	0.07289999999999999	0.08723333333333333	0.08353333333333332	0.08616666666666664	0.08466666666666667	0.09259999999999999	0.08733333333333335	0.11620000000000003	0.11560000000000001	0.1756	0.26116666666666666	0.34893333333333343	0.4878	0.6074666666666666	0.5650999999999999	0.6267666666666667	0.8866	0.8069	0.49950000000000006	0.3422333333333333	0.2863	0.30013333333333336	0.297	0.31356666666666666	0.3308333333333333	0.34596666666666664	0.3875333333333334	0.4006333333333334	0.42856666666666665	0.44576666666666664	0.4724	0.5288666666666666	0.5391666666666666	0.5856333333333333	0.6334333333333333	0.6791333333333334	0.7056666666666667	0.7721666666666667	0.7992999999999999	0.8340333333333333	0.8761	0.9156666666666666	0.9530333333333333	0.9920666666666665	1.0267333333333335	1.0551000000000001	1.0937333333333332	Growth with high glutamate supplementation, no spermine treatment.
