well	0	1200	2400	3600	4800	6000	7200	8400	9600	10800	12000	13200	14400	15600	16800	18000	19200	20400	21600	22800	24000	25200	26400	27600	28800	30000	31200	32400	33600	34800	36000	37200	38400	39600	40800	42000	43200	44400	45600	46800	48000	49200	50400	51600	52800	54000	55200	56400	57600	58800	60000	61200	62400	63600	64800	66000	67200	68400	69600	70800	72000	Summary
A1	0.040260000000000004	0.03352000000000001	0.025640000000000007	0.018960000000000005	0.015840000000000003	0.015699999999999992	0.019353333333333323	0.019046666666666656	0.018053333333333327	0.020746666666666663	0.023766666666666676	0.027880000000000005	0.031953333333333334	0.035173333333333334	0.03185333333333333	0.02770666666666665	0.025186666666666652	0.023813333333333325	0.024719999999999992	0.028566666666666664	0.03323333333333334	0.03778000000000001	0.041420000000000005	0.043153333333333335	0.04454	0.04718666666666666	0.04846666666666666	0.05247333333333333	0.05620666666666665	0.06172	0.06431333333333333	0.06728666666666666	0.07445333333333333	0.07981999999999999	0.08317333333333332	0.0869	0.09328666666666666	0.09577333333333334	0.10324666666666667	0.11264	0.12041333333333333	0.12919333333333333	0.13696666666666668	0.14307333333333333	0.15006	0.16079333333333334	0.17096666666666666	0.18494666666666665	0.20299999999999999	0.23080666666666666	0.2628866666666666	0.29452666666666666	0.32197333333333333	0.34984666666666664	0.36772	0.38528	0.40035333333333334	0.4327	0.4660333333333333	0.49638666666666664	0.5136933333333333	Growth with alanine supplementation, no spermine treatment.
A2	0.018339999999999995	0.019639999999999998	0.022	0.023280000000000002	0.023439999999999996	0.027619999999999995	0.026233333333333324	0.02588666666666666	0.02633333333333332	0.02576666666666666	0.025766666666666667	0.024339999999999994	0.02339333333333333	0.02285333333333333	0.02589333333333333	0.025226666666666658	0.025966666666666666	0.025473333333333337	0.023360000000000002	0.02214666666666667	0.021193333333333342	0.02270000000000001	0.026460000000000004	0.030673333333333337	0.0315	0.031906666666666667	0.03446666666666666	0.031213333333333326	0.03168666666666666	0.02742	0.028633333333333327	0.02776666666666666	0.02575333333333333	0.02251999999999999	0.027393333333333318	0.025019999999999987	0.023846666666666648	0.02821333333333332	0.030126666666666652	0.027079999999999983	0.030673333333333313	0.028473333333333316	0.02760666666666665	0.027653333333333325	0.028939999999999994	0.02915333333333333	0.030926666666666665	0.03216666666666666	0.03404	0.03444666666666667	0.035826666666666666	0.033326666666666664	0.029533333333333328	0.026606666666666657	0.023279999999999995	0.019679999999999993	0.022093333333333333	0.023760000000000003	0.02639333333333334	0.030746666666666672	0.030973333333333342	Media control
A3	0.015620000000000012	0.013740000000000007	0.013440000000000002	0.011673333333333336	0.012119999999999997	0.013979999999999992	0.018919999999999992	0.01419333333333333	0.014173333333333333	0.01978	0.01648666666666667	0.016606666666666676	0.024040000000000006	0.026840000000000003	0.019753333333333335	0.02574666666666666	0.023426666666666658	0.025119999999999996	0.0305	0.03424666666666667	0.03673333333333334	0.04075333333333334	0.03694000000000001	0.032380000000000006	0.0347	0.03578666666666667	0.03766	0.042826666666666666	0.048086666666666666	0.050793333333333336	0.05335333333333333	0.058679999999999996	0.06048	0.06495333333333334	0.07398666666666667	0.08209999999999999	0.08258	0.08964666666666667	0.09516666666666665	0.10043333333333333	0.10528666666666667	0.12117333333333331	0.13178666666666666	0.14407333333333333	0.15758	0.17119333333333334	0.18604666666666664	0.20722000000000002	0.22892	0.25532666666666665	0.28346	0.3170266666666667	0.35318	0.39127333333333325	0.4241933333333333	0.4686066666666667	0.5088733333333334	0.55738	0.6091866666666667	0.6584333333333334	0.6826000000000001	Growth with low glutamate supplementation, no spermine treatment.
A4	0.022699999999999998	0.01924	0.01712	0.012393333333333334	0.015840000000000003	0.01936	0.021339999999999998	0.01705333333333333	0.023093333333333327	0.020179999999999993	0.014986666666666665	0.015366666666666667	0.01976	0.013839999999999996	0.01525333333333333	0.02178666666666666	0.021766666666666656	0.02831999999999999	0.03371999999999999	0.03194666666666666	0.03323333333333332	0.03773333333333332	0.03583999999999999	0.034779999999999985	0.04113999999999999	0.03810666666666666	0.04091999999999999	0.04050666666666665	0.043946666666666655	0.04155333333333332	0.04607333333333333	0.048639999999999996	0.05005999999999999	0.05297333333333334	0.06170666666666667	0.06667999999999999	0.0696	0.07578666666666667	0.08204666666666667	0.08577333333333334	0.08986666666666668	0.09935333333333334	0.10676666666666668	0.11603333333333335	0.12676000000000004	0.14031333333333335	0.15442666666666666	0.1728	0.19173999999999997	0.21346666666666664	0.23603999999999997	0.26332666666666665	0.29300000000000004	0.3272333333333334	0.36535333333333336	0.4075866666666667	0.4456333333333333	0.49261999999999995	0.5397266666666667	0.5773933333333334	0.59806	Growth with high glutamate supplementation, no spermine treatment.
A5	0.021159999999999995	0.016446666666666665	0.010579999999999997	0.004713333333333331	0.001193333333333335	0.001193333333333335	0.0033733333333333393	0.006700000000000006	0.006760000000000005	0.005946666666666672	0.006060000000000005	0.00388	0.0005533333333333334	0.0012266666666666648	0.0008466666666666622	0.0007333333333333303	0.0007333333333333303	0.0007333333333333303	0.0008666666666666712	0.005773333333333336	0.005773333333333336	0.0078066666666666675	0.00911333333333334	0.01346	0.008553333333333335	0.008553333333333335	0.01492	0.01736666666666666	0.0163	0.0163	0.02079333333333333	0.017679999999999994	0.01805333333333333	0.017046666666666654	0.024159999999999987	0.022199999999999987	0.025206666666666662	0.026673333333333327	0.030566666666666666	0.029759999999999998	0.03476666666666666	0.03504666666666666	0.03899333333333332	0.04455333333333332	0.04791333333333332	0.05171333333333332	0.056220000000000006	0.06149333333333333	0.06562	0.07377333333333333	0.08448666666666668	0.09491333333333334	0.10422000000000001	0.11559333333333335	0.14274	0.15327333333333332	0.16375333333333333	0.17930666666666667	0.19411333333333333	0.19204666666666667	0.19913333333333333	Growth with high glutamate supplementation and spermine treatment.
A6	0.019219999999999998	0.018953333333333332	0.015533333333333338	0.009926666666666672	0.008206666666666673	0.006626666666666675	0.0036800000000000053	0.005060000000000004	0.006040000000000006	0.006286666666666674	0.006420000000000004	0.009006666666666673	0.005440000000000006	0.004460000000000003	0.00272	0.0026133333333333343	0.0005866666666666687	0.002353333333333335	0.005519999999999997	0.011646666666666661	0.015153333333333324	0.020166666666666656	0.024726666666666654	0.024913333333333326	0.02340666666666666	0.02013333333333333	0.02178	0.02108666666666667	0.02454	0.021713333333333334	0.02572666666666667	0.02463333333333333	0.024426666666666663	0.021059999999999995	0.0258	0.024039999999999995	0.02196666666666667	0.019653333333333328	0.02242666666666666	0.02123999999999999	0.023566666666666663	0.024706666666666655	0.02649333333333333	0.02905333333333333	0.030253333333333337	0.030473333333333335	0.03194000000000001	0.034293333333333335	0.03352	0.03561333333333332	0.04172666666666666	0.047953333333333334	0.052559999999999996	0.05843333333333334	0.07004000000000002	0.07311333333333334	0.07571333333333334	0.08150666666666669	0.08707333333333334	0.08626666666666667	0.08967333333333333	Growth with low glutamate supplementation and spermine treatment.
A7	0.01129333333333334	0.009553333333333336	0.00564666666666667	0.0017400000000000026	0.0020600000000000006	0.002246666666666669	0.002246666666666669	0.00821333333333334	0.00821333333333334	0.007733333333333342	0.01143333333333334	0.013846666666666679	0.008326666666666677	0.011246666666666677	0.009666666666666674	0.006846666666666673	0.006486666666666668	0.009526666666666666	0.01183333333333333	0.021153333333333323	0.024493333333333322	0.032193333333333324	0.03636666666666666	0.03578666666666667	0.030540000000000005	0.028666666666666674	0.026500000000000003	0.028413333333333336	0.03476	0.03518666666666666	0.04176	0.04466666666666667	0.04205333333333333	0.03578666666666666	0.04107333333333333	0.04141333333333332	0.04204666666666666	0.04888666666666667	0.05911333333333334	0.06431333333333335	0.07076000000000002	0.07726000000000002	0.08244666666666667	0.09073333333333333	0.09796666666666667	0.10433999999999999	0.11240666666666668	0.12045333333333333	0.12747333333333333	0.13807333333333333	0.15072666666666668	0.16494	0.17868	0.19359333333333334	0.20698	0.22188	0.2369466666666667	0.25683333333333336	0.2758866666666667	0.2939066666666667	0.3047466666666667	Growth with high glutamate supplementation and spermine treatment.
A9	0.0015199999999999992	0.0015199999999999992	0.0018333333333333368	0.0010733333333333372	0.00410666666666667	0.00649333333333334	0.008673333333333344	0.009593333333333337	0.012453333333333339	0.013560000000000006	0.013540000000000002	0.014353333333333329	0.015559999999999996	0.012766666666666659	0.009819999999999995	0.010213333333333335	0.009873333333333335	0.00931333333333334	0.013573333333333343	0.01668000000000001	0.018546666666666666	0.02060666666666667	0.02340666666666666	0.026099999999999995	0.027726666666666656	0.027619999999999995	0.02998666666666666	0.030586666666666668	0.02954	0.030113333333333336	0.0329	0.034140000000000004	0.037173333333333336	0.039233333333333335	0.048626666666666665	0.054433333333333334	0.060886666666666665	0.06644666666666667	0.07572666666666665	0.07659999999999997	0.08369999999999998	0.08932666666666667	0.09706666666666666	0.10605333333333333	0.11499333333333332	0.12136	0.12945333333333334	0.13712	0.14385333333333333	0.15386	0.16786000000000004	0.18225333333333332	0.19664666666666666	0.21390000000000003	0.2366	0.2513066666666667	0.26664666666666664	0.28498666666666667	0.30176	0.31040666666666666	0.3178933333333333	Growth with high glutamate supplementation and spermine treatment.
A10	0.002933333333333332	0.0015466666666666628	0.0015466666666666628	0.0015466666666666628	0.00507333333333333	0.007839999999999996	0.010899999999999998	0.012173333333333324	0.013273333333333326	0.01147999999999999	0.010199999999999982	0.008493333333333315	0.007679999999999987	0.007046666666666651	0.004099999999999987	0.004533333333333334	0.003613333333333335	0.0038133333333333352	0.005673333333333336	0.007260000000000005	0.007706666666666667	0.008266666666666672	0.010626666666666673	0.01126000000000001	0.010726666666666673	0.008360000000000006	0.010246666666666671	0.009706666666666669	0.010220000000000002	0.009673333333333334	0.011619999999999997	0.011999999999999993	0.010333333333333328	0.008593333333333331	0.010986666666666662	0.01157333333333333	0.011566666666666664	0.013346666666666663	0.014746666666666658	0.015519999999999996	0.015879999999999995	0.016186666666666665	0.017926666666666664	0.019513333333333327	0.018673333333333327	0.018459999999999994	0.018353333333333322	0.01689999999999999	0.014213333333333328	0.013279999999999991	0.015859999999999992	0.01661333333333333	0.016146666666666663	0.016119999999999995	0.01728	0.01498666666666667	0.015546666666666663	0.015986666666666666	0.015860000000000003	0.014426666666666666	0.014313333333333334	Media control
A11	0.014559999999999995	0.01242666666666667	0.01714	0.019440000000000002	0.02039333333333334	0.022946666666666678	0.024586666666666673	0.01907333333333334	0.01873333333333334	0.017773333333333335	0.016619999999999996	0.015826666666666666	0.01748666666666666	0.016373333333333323	0.014639999999999992	0.014006666666666667	0.014419999999999999	0.015780000000000006	0.01664000000000001	0.01997333333333335	0.021546666666666676	0.022546666666666677	0.023580000000000007	0.025273333333333342	0.023880000000000005	0.025000000000000005	0.029259999999999998	0.032459999999999996	0.03391999999999999	0.03904666666666666	0.04316	0.047020000000000006	0.053333333333333344	0.06150666666666667	0.07094	0.07639333333333334	0.0866	0.09015333333333334	0.09639333333333334	0.09940666666666667	0.10901999999999998	0.11341333333333334	0.12394000000000001	0.13303333333333334	0.1442	0.15556	0.16951333333333332	0.18559333333333333	0.20550666666666667	0.22738	0.25272666666666666	0.2764666666666667	0.3006	0.3271133333333333	0.36273333333333335	0.39164000000000004	0.42262666666666665	0.4579000000000001	0.4948666666666667	0.5177733333333333	0.5308999999999999	Growth with alanine supplementation and spermine treatment.
A12	0.016780000000000007	0.02024666666666667	0.020833333333333336	0.02332666666666667	0.031140000000000008	0.03218666666666667	0.034473333333333335	0.03758	0.03754666666666667	0.03512	0.03256666666666667	0.031900000000000005	0.03361333333333334	0.03963333333333334	0.03841333333333334	0.03553333333333334	0.03525333333333334	0.03281333333333333	0.028699999999999996	0.032966666666666665	0.03214	0.03306666666666667	0.03490666666666667	0.037880000000000004	0.03332	0.03520666666666668	0.03780666666666667	0.04183333333333333	0.04019333333333333	0.044413333333333326	0.04678666666666666	0.04606666666666667	0.04712666666666668	0.05208	0.05581333333333334	0.06198	0.06988666666666668	0.07408	0.07856666666666667	0.08059333333333332	0.08335333333333332	0.08501999999999998	0.08953333333333333	0.09419999999999999	0.10146666666666668	0.10691333333333333	0.11417333333333332	0.12157333333333334	0.12938	0.14065333333333332	0.154	0.16748	0.18355333333333335	0.20103333333333334	0.22612000000000002	0.2484	0.2718066666666667	0.29966666666666664	0.3303466666666667	0.3494066666666667	0.36268	Growth with spermine treatment, no supplementation.
B1	0.0023866666666666645	0.0014333333333333338	0.0018066666666666704	0.003466666666666665	0.005126666666666668	0.008173333333333333	0.011113333333333331	0.011799999999999995	0.011126666666666668	0.011393333333333335	0.010300000000000007	0.01186666666666667	0.015460000000000002	0.019826666666666663	0.019039999999999994	0.01972666666666666	0.01891333333333333	0.018219999999999997	0.022953333333333336	0.024480000000000002	0.02773333333333334	0.03081333333333334	0.032740000000000005	0.027666666666666666	0.030646666666666666	0.03376	0.03292666666666666	0.03585999999999999	0.04068	0.04693333333333333	0.050173333333333334	0.05713999999999999	0.064	0.07021333333333332	0.07346666666666665	0.07985333333333333	0.08523333333333333	0.09201999999999999	0.10148666666666666	0.11490666666666667	0.12590666666666667	0.1431666666666667	0.15796000000000002	0.17515333333333336	0.19228	0.21207333333333334	0.2333733333333333	0.25789333333333336	0.2826266666666667	0.31050666666666665	0.34198666666666666	0.3751133333333333	0.4107266666666667	0.44822000000000006	0.48635333333333336	0.5316733333333333	0.57942	0.6339866666666667	0.6913933333333333	0.7410666666666665	0.76632	Growth with high glutamate supplementation, no spermine treatment.
B2	0.0	0.0	0.000880000000000003	0.005120000000000002	0.006019999999999998	0.01035999999999999	0.015513333333333329	0.01712666666666666	0.01843333333333333	0.025346666666666674	0.027446666666666685	0.03226000000000001	0.042113333333333336	0.04629333333333334	0.056493333333333326	0.06508666666666665	0.06628666666666665	0.06803333333333332	0.0754	0.06682666666666666	0.06797333333333333	0.07356	0.0724	0.06885333333333334	0.07244	0.07290666666666665	0.06604666666666666	0.06921333333333332	0.06912666666666664	0.07383999999999999	0.07395333333333334	0.07896666666666666	0.07325333333333332	0.06965999999999997	0.06171333333333331	0.06383999999999998	0.057566666666666655	0.06731333333333331	0.07764666666666666	0.0879	0.09067333333333331	0.10523333333333333	0.10562666666666667	0.11011333333333333	0.11547999999999999	0.11581333333333332	0.12108666666666668	0.13326666666666667	0.1418	0.15120666666666666	0.16898666666666667	0.18894666666666665	0.2138533333333333	0.24224666666666667	0.26208	0.31124	0.35207333333333335	0.41662	0.5130333333333332	0.6164066666666667	0.6496333333333333	Growth with low glutamate supplementation and spermine treatment.
B3	0.0	0.0	0.0	0.0004200000000000037	0.0004200000000000037	0.0004200000000000037	0.0004200000000000037	0.0004200000000000037	0.0	0.0	0.0	0.0006866666666666632	0.0030533333333333246	0.005099999999999993	0.006773333333333326	0.008086666666666659	0.010006666666666664	0.008973333333333333	0.011640000000000001	0.009966666666666669	0.011933333333333334	0.012640000000000002	0.01472	0.011713333333333326	0.012759999999999988	0.016486666666666656	0.017526666666666652	0.018853333333333316	0.020886666666666654	0.02643999999999999	0.02573333333333332	0.027026666666666654	0.030953333333333326	0.03967999999999999	0.04069333333333332	0.044779999999999986	0.04664666666666665	0.05135333333333332	0.05224666666666664	0.05839999999999997	0.06271333333333332	0.07397333333333331	0.07798666666666666	0.08435333333333332	0.09168	0.09855333333333334	0.10584666666666669	0.11736666666666666	0.12791999999999998	0.14070666666666667	0.15564666666666666	0.17266666666666666	0.18997333333333333	0.21072666666666665	0.22482000000000002	0.24943999999999997	0.26825333333333334	0.29594000000000004	0.32237333333333335	0.35186666666666666	0.3646333333333333	Growth with alanine supplementation, no spermine treatment.
B4	0.0	0.0	0.0	0.00136	0.00136	0.0052666666666666695	0.00838666666666667	0.00838666666666667	0.008806666666666668	0.010039999999999999	0.006133333333333329	0.005553333333333332	0.00580666666666666	0.0044066666666666586	0.005539999999999995	0.005539999999999995	0.0029999999999999914	0.004173333333333329	0.0057933333333333335	0.003426666666666667	0.003426666666666667	0.005546666666666672	0.004120000000000007	0.002300000000000002	0.002300000000000002	0.004320000000000002	0.004273333333333329	0.00905333333333333	0.010533333333333334	0.012953333333333327	0.014733333333333331	0.014519999999999995	0.014379999999999993	0.015313333333333328	0.016706666666666665	0.016959999999999992	0.018799999999999994	0.01874666666666667	0.021246666666666664	0.025473333333333337	0.026746666666666676	0.03183333333333334	0.03332666666666667	0.036293333333333344	0.0362	0.03817333333333334	0.03940666666666668	0.04376000000000001	0.0473	0.05182666666666667	0.05664	0.06328666666666667	0.07038	0.07779333333333334	0.09015333333333334	0.09888666666666668	0.10329333333333332	0.1117	0.1199266666666667	0.12233333333333336	0.12742	Growth with high glutamate supplementation and spermine treatment.
B5	0.01170666666666666	0.01286	0.01286	0.01286	0.012020000000000003	0.007380000000000003	0.006833333333333335	0.008100000000000001	0.011199999999999998	0.009446666666666664	0.007566666666666666	0.004366666666666663	0.003739999999999999	0.0011333333333333306	0.002586666666666665	0.002586666666666665	0.002586666666666665	0.0021733333333333327	0.0016800000000000038	0.0009733333333333371	0.0009733333333333371	0.0009733333333333371	0.00165333333333334	0.00238666666666667	0.002700000000000008	0.0032200000000000063	0.005320000000000003	0.004486666666666661	0.005199999999999999	0.005773333333333325	0.005686666666666657	0.003813333333333324	0.00454666666666666	0.0030999999999999917	0.001859999999999995	0.001426666666666665	0.0015133333333333387	0.0012400000000000022	0.002493333333333336	0.002666666666666667	0.002666666666666667	0.004586666666666661	0.004053333333333331	0.002973333333333328	0.004453333333333326	0.004453333333333326	0.0030799999999999938	0.003953333333333331	0.00378	0.0037933333333333374	0.0071066666666666665	0.006853333333333334	0.007959999999999995	0.009993333333333332	0.011320000000000002	0.008693333333333341	0.008086666666666676	0.006340000000000012	0.004306666666666676	0.0009200000000000041	0.0004666666666666708	Media control
B6	0.0	0.0	0.0011066666666666668	0.0011066666666666668	0.0011066666666666668	0.0011066666666666668	0.0011066666666666668	0.0	0.0	0.002360000000000001	0.002360000000000001	0.004126666666666673	0.007866666666666666	0.007866666666666666	0.005506666666666665	0.00929333333333333	0.009466666666666661	0.009553333333333336	0.01406	0.017966666666666666	0.01709333333333333	0.020366666666666654	0.020326666666666653	0.021493333333333326	0.02154666666666666	0.021733333333333327	0.023420000000000003	0.02366666666666667	0.024560000000000005	0.02475333333333334	0.027086666666666676	0.02693333333333333	0.03170666666666667	0.029459999999999997	0.03564	0.039979999999999995	0.04558666666666667	0.052213333333333334	0.06830666666666667	0.07916000000000001	0.09174666666666667	0.10700666666666667	0.11895333333333333	0.12903333333333333	0.14113333333333333	0.15469333333333335	0.1681	0.18629333333333334	0.20604	0.22901333333333335	0.25512666666666667	0.28361333333333333	0.31107999999999997	0.3420533333333333	0.37184000000000006	0.4035533333333333	0.4350533333333333	0.4733466666666667	0.5091133333333333	0.5400466666666667	0.5576333333333333	Growth with alanine supplementation and spermine treatment.
B7	0.004053333333333337	0.004533333333333339	0.006873333333333334	0.011419999999999996	0.011579999999999997	0.013186666666666663	0.014506666666666657	0.012626666666666658	0.006873333333333326	0.009893333333333327	0.010053333333333326	0.011366666666666669	0.01044666666666667	0.01206666666666667	0.01315333333333334	0.01425333333333334	0.01373333333333333	0.014573333333333332	0.014119999999999999	0.011893333333333329	0.011433333333333323	0.010933333333333323	0.010206666666666652	0.01002666666666665	0.009379999999999982	0.01074666666666666	0.010999999999999992	0.011693333333333333	0.010040000000000004	0.010746666666666677	0.009380000000000005	0.008486666666666675	0.008473333333333338	0.01422666666666667	0.016553333333333337	0.015593333333333338	0.01654666666666667	0.01628666666666667	0.01129333333333334	0.008593333333333342	0.010560000000000009	0.009500000000000003	0.008806666666666668	0.00955333333333334	0.008866666666666672	0.009160000000000001	0.009226666666666671	0.010893333333333338	0.013233333333333337	0.01323333333333333	0.00994666666666667	0.010020000000000001	0.008700000000000003	0.005693333333333333	0.0046533333333333374	0.007513333333333328	0.008560000000000002	0.010346666666666665	0.014879999999999999	0.020406666666666667	0.020666666666666673	Media control
B8	0.009173333333333334	0.006066666666666665	0.006066666666666665	0.006066666666666665	0.0027733333333333277	0.004259999999999997	0.005379999999999996	0.005433333333333323	0.006973333333333326	0.005679999999999996	0.004193333333333327	0.0015933333333333299	0.002360000000000001	0.0008199999999999985	0.0029133333333333346	0.0031533333333333357	0.0031866666666666653	0.005146666666666666	0.009453333333333331	0.010499999999999992	0.013286666666666658	0.018426666666666657	0.02010666666666666	0.02006	0.023146666666666666	0.0258	0.027566666666666673	0.031186666666666668	0.03466	0.03731333333333334	0.041639999999999996	0.04606	0.04907333333333333	0.05233333333333332	0.05842666666666666	0.06409333333333332	0.07346666666666665	0.08352666666666667	0.09864666666666667	0.11376	0.12936	0.14518666666666666	0.16316666666666663	0.18065333333333328	0.1978933333333333	0.21793999999999997	0.2405933333333333	0.26383999999999996	0.2896333333333333	0.32008	0.35224	0.38153333333333334	0.41612666666666664	0.45619999999999994	0.5064	0.5489666666666666	0.6023466666666666	0.6557066666666665	0.705	0.7357866666666666	0.7600733333333334	Growth with high glutamate supplementation, no spermine treatment.
B9	0.0020133333333333227	0.0012266666666666593	0.0012266666666666593	0.0012266666666666593	0.00021999999999999797	0.00021999999999999797	0.0	0.0	0.0	0.0	0.0	0.0	0.00015999999999999904	0.0005866666666666631	0.001999999999999996	0.001999999999999996	0.001999999999999996	0.0018799999999999984	0.003520000000000001	0.0021066666666666677	0.0021066666666666677	0.0036600000000000022	0.004500000000000004	0.0042933333333333434	0.00636000000000001	0.010520000000000012	0.014126666666666676	0.01834666666666667	0.02456	0.030353333333333333	0.03473999999999999	0.03987999999999999	0.04449333333333333	0.04441333333333333	0.049466666666666666	0.05397333333333333	0.06120666666666665	0.07018666666666666	0.08546666666666666	0.09807999999999999	0.11356	0.13190666666666667	0.15042666666666665	0.16919333333333333	0.19005333333333332	0.20994000000000002	0.22955333333333333	0.25398	0.2807533333333333	0.31022000000000005	0.34378000000000003	0.37725333333333333	0.41618666666666665	0.458	0.5114599999999999	0.5672466666666667	0.6423466666666666	0.7239666666666666	0.80024	0.8578266666666666	0.9022533333333334	Growth with low glutamate supplementation, no spermine treatment.
B10	0.03438000000000001	0.03260666666666667	0.02548000000000001	0.02124000000000001	0.01693333333333334	0.015046666666666675	0.014426666666666676	0.016153333333333342	0.01461333333333334	0.017453333333333338	0.01396	0.012566666666666665	0.014606666666666662	0.014913333333333334	0.014700000000000001	0.015206666666666674	0.015440000000000014	0.01792000000000002	0.022500000000000013	0.02315333333333335	0.024486666666666677	0.02650666666666667	0.024119999999999996	0.02271333333333333	0.021339999999999998	0.02224	0.024099999999999993	0.027259999999999996	0.028560000000000002	0.03110666666666667	0.03306	0.033620000000000004	0.03533333333333334	0.038926666666666665	0.04145999999999999	0.042053333333333325	0.04659999999999999	0.048333333333333325	0.049013333333333325	0.05476666666666665	0.058779999999999985	0.06265333333333332	0.06685999999999999	0.07231333333333333	0.07556	0.08238	0.08839333333333332	0.09701333333333333	0.10798666666666665	0.12153999999999998	0.13442666666666667	0.14822666666666667	0.16364	0.17967333333333332	0.19183333333333336	0.21222	0.2337266666666667	0.25666	0.2795066666666667	0.3018733333333333	0.3116	Growth with spermine treatment, no supplementation.
B11	0.0387	0.041926666666666675	0.042260000000000006	0.048060000000000005	0.043113333333333344	0.04300666666666667	0.03686666666666667	0.03567333333333334	0.03221333333333334	0.033273333333333335	0.0304	0.03176666666666667	0.03592666666666666	0.03771333333333333	0.04021999999999999	0.041806666666666666	0.03893999999999999	0.03612	0.029940000000000005	0.02795333333333334	0.025206666666666672	0.027766666666666672	0.02702	0.031173333333333338	0.0303	0.03328	0.03308	0.03454	0.0346	0.036846666666666666	0.037219999999999996	0.03654	0.03985333333333334	0.039626666666666664	0.03964	0.04035333333333334	0.044020000000000004	0.04651333333333334	0.05399333333333334	0.06358666666666665	0.07085999999999999	0.07839333333333333	0.08578	0.09697333333333333	0.10705999999999997	0.121	0.13247333333333333	0.14653333333333332	0.15730666666666665	0.16962000000000002	0.18172666666666668	0.19784666666666667	0.21558000000000002	0.23659333333333335	0.2507933333333333	0.27588	0.29864666666666667	0.32394	0.34724666666666665	0.37389333333333336	0.38338	Growth with alanine supplementation, no spermine treatment.
B12	0.011680000000000006	0.010646666666666669	0.012133333333333333	0.011286666666666664	0.013039999999999996	0.01386666666666666	0.01313333333333333	0.01824	0.023766666666666676	0.02226000000000001	0.02354666666666667	0.02820000000000001	0.02721333333333334	0.026813333333333335	0.027513333333333334	0.027033333333333336	0.026653333333333334	0.025753333333333333	0.028860000000000004	0.03222666666666667	0.035780000000000006	0.03928666666666667	0.04362666666666667	0.04486	0.046239999999999996	0.04670666666666666	0.04810666666666666	0.05047333333333333	0.05409333333333333	0.05741333333333333	0.060786666666666656	0.06224666666666667	0.06734666666666668	0.06722000000000002	0.06807333333333335	0.07252	0.07696666666666667	0.07978	0.08874666666666667	0.09881333333333334	0.10893333333333333	0.12164	0.13219333333333333	0.14423999999999998	0.15760666666666667	0.16987333333333332	0.18407333333333334	0.19885333333333333	0.21486	0.2344133333333333	0.25599999999999995	0.27588	0.29985333333333336	0.32709333333333335	0.35158	0.38024	0.4102066666666667	0.44180666666666674	0.47320666666666666	0.5015266666666667	0.514	Baseline growth with no supplementation or treatment.
C1	0.0030266666666666662	0.002153333333333332	0.0021266666666666712	0.00344666666666667	0.002826666666666669	0.003193333333333334	0.005093333333333336	0.008019999999999996	0.008086666666666664	0.011073333333333333	0.011439999999999997	0.013226666666666664	0.016099999999999996	0.01838666666666667	0.016740000000000005	0.019666666666666676	0.020913333333333343	0.020380000000000016	0.023473333333333346	0.02782000000000001	0.030093333333333343	0.032713333333333344	0.03420000000000001	0.036886666666666665	0.04312666666666666	0.05077999999999998	0.058566666666666656	0.06831999999999999	0.07547999999999999	0.08311333333333333	0.09231333333333333	0.10337999999999999	0.11989999999999998	0.13637333333333332	0.15056666666666668	0.16231333333333334	0.17769333333333331	0.18758	0.20264666666666664	0.22202666666666665	0.24472666666666668	0.2693066666666667	0.2987	0.3301533333333333	0.36638000000000004	0.4013933333333333	0.4400733333333333	0.48255333333333333	0.5280466666666668	0.5772266666666667	0.6383266666666667	0.7010933333333333	0.7695066666666667	0.8439599999999998	0.9304533333333334	1.0070533333333334	1.0814599999999999	1.1627866666666666	1.2355133333333335	1.2826466666666665	1.3163399999999998	Growth with low glutamate supplementation, no spermine treatment.
C2	0.010526666666666667	0.010280000000000003	0.01519333333333334	0.021333333333333336	0.024793333333333334	0.024859999999999993	0.02969333333333333	0.02997999999999999	0.030566666666666666	0.02885333333333333	0.02834000000000001	0.027106666666666668	0.028460000000000003	0.02960666666666666	0.03014	0.03250666666666665	0.03595333333333332	0.03835999999999999	0.03809333333333333	0.03928	0.043533333333333334	0.04355333333333335	0.041760000000000005	0.039406666666666666	0.04142666666666667	0.04239999999999999	0.039486666666666656	0.042959999999999984	0.047099999999999996	0.051093333333333324	0.04971333333333333	0.05169999999999999	0.05242	0.052793333333333324	0.05018666666666666	0.050593333333333323	0.053593333333333326	0.05514	0.060386666666666665	0.06544666666666667	0.06860666666666666	0.07492666666666667	0.07844	0.08175333333333333	0.08732	0.09263333333333335	0.09841333333333334	0.10699333333333334	0.11554666666666666	0.12454666666666667	0.13460666666666668	0.14675333333333335	0.16024666666666668	0.17428000000000002	0.19111333333333333	0.20821333333333336	0.22252	0.23824666666666666	0.25433333333333336	0.2654866666666667	0.27240000000000003	Growth with high glutamate supplementation and spermine treatment.
C3	0.002819999999999995	0.002819999999999995	0.0021799999999999957	0.0024799999999999987	0.003300000000000003	0.001760000000000006	0.0040333333333333445	0.004226666666666673	0.004793333333333339	0.005886666666666674	0.005886666666666674	0.0047800000000000065	0.007273333333333343	0.007973333333333337	0.006213333333333332	0.007566666666666661	0.00958666666666665	0.01151333333333332	0.01213999999999999	0.012226666666666658	0.015793333333333333	0.017280000000000007	0.01378000000000001	0.01537333333333334	0.023520000000000003	0.02646666666666666	0.026606666666666657	0.033913333333333316	0.03924666666666665	0.04231999999999998	0.05001333333333332	0.06102666666666665	0.07101333333333332	0.08079999999999998	0.08809333333333332	0.09411999999999998	0.10110666666666665	0.10979333333333333	0.12126666666666666	0.13501999999999997	0.14939333333333332	0.16945333333333332	0.18564666666666665	0.20339333333333331	0.22325999999999996	0.2417133333333333	0.2594266666666667	0.28132666666666667	0.30250000000000005	0.32478666666666667	0.3522666666666667	0.38206666666666667	0.4143533333333333	0.4461666666666666	0.48019999999999996	0.50892	0.5268133333333334	0.52808	0.5149133333333333	0.49480666666666673	0.4829333333333333	Baseline growth with no supplementation or treatment.
C4	0.0038533333333333254	0.0026066666666666625	0.0028266666666666635	0.0034466666666666647	0.0027266666666666663	0.0027266666666666663	0.0027266666666666663	0.0021733333333333327	0.0008733333333333315	0.0018600000000000005	0.0056266666666666635	0.009739999999999999	0.011593333333333327	0.014393333333333324	0.013719999999999993	0.014273333333333332	0.013113333333333333	0.01234	0.012473333333333341	0.013300000000000006	0.01226666666666667	0.011386666666666666	0.011460000000000003	0.009486666666666666	0.009486666666666666	0.006866666666666671	0.004793333333333339	0.005166666666666669	0.005320000000000008	0.004626666666666673	0.005253333333333337	0.006946666666666673	0.005320000000000008	0.005540000000000001	0.0045666666666666685	0.006240000000000001	0.0057933333333333335	0.006406666666666666	0.006026666666666669	0.00712666666666667	0.006173333333333341	0.004926666666666674	0.006713333333333344	0.0068400000000000075	0.005906666666666676	0.00632666666666667	0.007966666666666667	0.005646666666666661	0.006140000000000001	0.006346666666666667	0.0039133333333333355	0.0037733333333333395	0.0034466666666666756	0.002166666666666672	0.0017933333333333356	0.0034066666666666746	0.0066133333333333435	0.007813333333333339	0.009700000000000004	0.011880000000000002	0.011466666666666658	Media control
C5	0.005693333333333333	0.005199999999999999	0.01062	0.013019999999999999	0.01456	0.01583333333333333	0.014893333333333337	0.008193333333333335	0.004793333333333333	0.0021799999999999988	0.0035733333333333394	0.006833333333333335	0.008433333333333338	0.01129333333333334	0.013560000000000006	0.018993333333333334	0.02561333333333334	0.0316	0.032013333333333345	0.03560000000000001	0.036626666666666675	0.03740666666666667	0.039180000000000006	0.04498666666666666	0.051206666666666664	0.05440666666666667	0.05264	0.05461333333333333	0.05882666666666667	0.059793333333333344	0.06442	0.07284666666666666	0.08118	0.08808	0.09894	0.10533333333333332	0.11616666666666667	0.12534	0.13601999999999997	0.14416666666666667	0.15693333333333334	0.16801333333333332	0.18302	0.20146666666666668	0.22191333333333332	0.2417933333333333	0.26306666666666667	0.28576666666666667	0.30746	0.3304266666666667	0.3559466666666667	0.3842666666666667	0.41320000000000007	0.44542000000000004	0.4850533333333334	0.5230733333333334	0.5616200000000001	0.6052000000000001	0.6520066666666667	0.68674	0.7062666666666667	Growth with alanine supplementation, no spermine treatment.
C6	0.013013333333333339	0.013013333333333339	0.006506666666666669	0.0	0.0	0.0	0.0	0.0014466666666666627	0.0014466666666666627	0.003766666666666668	0.004060000000000003	0.006466666666666671	0.005020000000000008	0.005020000000000008	0.0027000000000000023	0.003733333333333333	0.003586666666666666	0.005553333333333332	0.007219999999999993	0.007219999999999993	0.00696666666666666	0.007839999999999991	0.00709999999999999	0.006506666666666666	0.006866666666666665	0.006693333333333334	0.008040000000000009	0.009686666666666677	0.014800000000000008	0.017293333333333338	0.020706666666666672	0.021433333333333332	0.025006666666666667	0.02182	0.026180000000000002	0.030419999999999996	0.03514666666666667	0.03831333333333333	0.046786666666666664	0.054099999999999995	0.06050666666666667	0.06760666666666666	0.07591333333333333	0.08589333333333334	0.09429333333333334	0.10191333333333334	0.11177999999999999	0.12395333333333333	0.13476	0.14795333333333333	0.16418666666666665	0.18149333333333334	0.19884	0.21951333333333337	0.25178	0.2718733333333333	0.29113333333333336	0.3148666666666667	0.33753333333333335	0.34474666666666665	0.35701333333333335	Growth with spermine treatment, no supplementation.
C7	0.002573333333333333	0.002573333333333333	0.0012866666666666664	0.0	0.002579999999999999	0.002579999999999999	0.0030399999999999984	0.0030399999999999984	0.0034799999999999996	0.0009000000000000008	0.0026066666666666625	0.0038600000000000023	0.003986666666666671	0.00354666666666667	0.00354666666666667	0.002386666666666676	0.0006733333333333369	0.002793333333333331	0.004159999999999992	0.004479999999999989	0.007719999999999982	0.012093333333333312	0.011146666666666648	0.013686666666666653	0.019399999999999983	0.02006666666666666	0.024	0.031213333333333336	0.03902000000000001	0.04372666666666668	0.05456000000000001	0.05908666666666666	0.06895333333333334	0.07490666666666665	0.08397333333333332	0.08921333333333333	0.10098666666666667	0.10792666666666668	0.12031333333333334	0.13011333333333336	0.1436	0.15758	0.17338666666666666	0.18907333333333334	0.21072666666666667	0.22788	0.24824666666666664	0.27401333333333333	0.3021333333333333	0.33353333333333335	0.3713266666666667	0.41022	0.4478	0.48843333333333333	0.53876	0.58494	0.6306066666666666	0.6922533333333334	0.7560666666666667	0.8013866666666667	0.8323666666666668	Growth with high glutamate supplementation, no spermine treatment.
C8	0.0	0.0	0.0	0.0	0.0	0.0	0.0	0.0	0.0	0.0	0.0	0.0	0.0	0.0	0.0	0.0	0.0	0.0	0.0	0.0	0.0	0.0	0.0	0.0	0.0	0.0	0.0	0.0	0.0	0.0	0.0	0.0	0.0	0.0	0.0	0.0	0.0	0.0	0.0	0.0	0.0	0.0	0.0	0.0	0.0	0.0	0.0	0.0	0.0	0.0	0.0	0.0	0.0	0.0	0.0	0.0	0.0	0.0	0.0	0.0	0.0	Media control
C9	0.007999999999999997	0.009179999999999994	0.005179999999999995	0.0011799999999999977	0.0032333333333333268	0.0032333333333333268	0.0020533333333333293	0.002786666666666654	0.002786666666666654	0.0007333333333333248	0.0007333333333333248	0.0007333333333333248	0.0	0.0016666666666666663	0.0016666666666666663	0.002626666666666666	0.002626666666666666	0.007086666666666663	0.006846666666666662	0.00934666666666666	0.009593333333333325	0.012246666666666656	0.008586666666666659	0.007679999999999998	0.005766666666666665	0.007799999999999996	0.005826666666666663	0.006706666666666661	0.011239999999999995	0.012053333333333333	0.010699999999999998	0.012220000000000003	0.01415333333333334	0.00993333333333334	0.009806666666666668	0.012113333333333332	0.012346666666666667	0.012266666666666665	0.016406666666666663	0.020179999999999997	0.02136	0.025606666666666666	0.027906666666666663	0.02967333333333333	0.03259333333333333	0.03332	0.034493333333333334	0.037520000000000005	0.03899333333333334	0.04232	0.045939999999999995	0.04977333333333333	0.05228666666666667	0.05704	0.057120000000000004	0.05942666666666667	0.058586666666666676	0.05898666666666667	0.05688	0.05636666666666666	0.05611333333333333	Growth with spermine treatment, no supplementation.
C10	0.014893333333333337	0.01623333333333334	0.010320000000000005	0.00440666666666667	0.007293333333333335	0.004586666666666667	0.004506666666666664	0.004506666666666664	0.004506666666666664	0.0016199999999999993	0.005246666666666666	0.005433333333333334	0.005433333333333334	0.009933333333333332	0.014486666666666665	0.010713333333333335	0.009266666666666668	0.013020000000000004	0.010060000000000008	0.007133333333333341	0.014006666666666672	0.017326666666666674	0.017260000000000005	0.020093333333333335	0.022800000000000004	0.02148	0.02582	0.03	0.03562	0.04386666666666667	0.05022	0.05736	0.06371333333333333	0.06946666666666665	0.07642	0.08945333333333332	0.09881999999999999	0.11299333333333332	0.13003333333333333	0.14792666666666668	0.16384	0.18487333333333336	0.20422	0.22527333333333335	0.24711999999999995	0.27026	0.29577333333333333	0.3247933333333334	0.3562666666666667	0.38874000000000003	0.4263066666666667	0.46330666666666664	0.50512	0.5493133333333333	0.5894733333333333	0.63874	0.6952666666666667	0.7506600000000001	0.8094266666666666	0.8657933333333334	0.88872	Growth with high glutamate supplementation, no spermine treatment.
C11	0.02446	0.02790666666666667	0.03033333333333333	0.032806666666666665	0.03336	0.030106666666666664	0.02563333333333333	0.023660000000000004	0.025206666666666672	0.023399999999999997	0.027066666666666662	0.02812	0.02901333333333333	0.030353333333333326	0.03093333333333333	0.036193333333333334	0.03515333333333333	0.03845333333333333	0.0386	0.04066666666666667	0.03574000000000001	0.03774666666666667	0.03264666666666667	0.027320000000000004	0.024480000000000002	0.029146666666666664	0.02546666666666666	0.026913333333333324	0.03069333333333333	0.032813333333333326	0.030526666666666664	0.034926666666666675	0.03908666666666667	0.03776	0.03927333333333334	0.04286	0.043326666666666666	0.04374	0.04904666666666667	0.051313333333333336	0.05177333333333334	0.05621999999999999	0.059933333333333325	0.06251999999999999	0.06822666666666666	0.07435333333333333	0.08101333333333334	0.08885333333333334	0.09792000000000001	0.10951333333333335	0.11686	0.12744000000000003	0.13509333333333334	0.14361333333333334	0.15252000000000002	0.16536	0.17386666666666667	0.18718666666666667	0.20012666666666665	0.20876666666666668	0.21302000000000004	Growth with low glutamate supplementation and spermine treatment.
C12	0.020200000000000003	0.02518666666666667	0.025173333333333336	0.025406666666666668	0.028080000000000004	0.02712666666666667	0.024313333333333336	0.02108000000000001	0.018226666666666676	0.016760000000000004	0.017906666666666675	0.01660000000000001	0.019253333333333334	0.02185333333333333	0.020233333333333332	0.02397333333333333	0.02391333333333333	0.02477333333333333	0.0249	0.026366666666666667	0.022899999999999997	0.024266666666666666	0.024346666666666666	0.023880000000000002	0.024379999999999995	0.03118666666666666	0.03044666666666666	0.03237333333333332	0.03433333333333333	0.03777333333333333	0.03528666666666667	0.03914666666666667	0.039006666666666676	0.0392	0.039433333333333334	0.04716	0.04768666666666667	0.05558	0.06310666666666667	0.07135333333333334	0.07445333333333334	0.08612	0.09255333333333333	0.10146	0.10906666666666667	0.11815333333333333	0.13163333333333332	0.14419333333333334	0.15728	0.17431333333333335	0.19044	0.20461999999999997	0.22531333333333334	0.24711333333333335	0.25336	0.27909999999999996	0.30578666666666665	0.3288466666666666	0.3542066666666666	0.3901266666666666	0.39771999999999996	Growth with alanine supplementation and spermine treatment.
D1	0.02161333333333334	0.02360666666666667	0.03176666666666667	0.04009333333333334	0.04290666666666667	0.04481999999999999	0.04562000000000001	0.041833333333333333	0.03914666666666666	0.04018666666666667	0.03998666666666668	0.03994000000000001	0.04012	0.040900000000000006	0.04068	0.0382	0.03636666666666667	0.03428	0.030566666666666666	0.027106666666666668	0.026853333333333333	0.029446666666666666	0.03229333333333334	0.03674000000000001	0.040780000000000004	0.04594666666666668	0.04571333333333334	0.04960666666666667	0.05055333333333334	0.052073333333333326	0.05133333333333333	0.05404	0.05044666666666666	0.049	0.04814666666666667	0.05068000000000002	0.052146666666666674	0.05948000000000002	0.06606000000000001	0.07313333333333334	0.07635333333333334	0.08274000000000001	0.08663333333333334	0.09085333333333334	0.09674000000000002	0.10555333333333335	0.11516666666666667	0.12618000000000001	0.13660666666666665	0.14733999999999997	0.15686666666666665	0.16659333333333332	0.17621333333333333	0.18918666666666667	0.19454	0.20978666666666665	0.22479999999999997	0.24225333333333335	0.2623733333333333	0.28728666666666663	0.29455333333333333	Growth with alanine supplementation and spermine treatment.
D2	0.010746666666666665	0.012439999999999996	0.020853333333333328	0.025826666666666664	0.028113333333333324	0.028393333333333326	0.029993333333333323	0.027466666666666657	0.02901999999999999	0.03138	0.0334	0.03264	0.03134	0.030386666666666663	0.030386666666666663	0.028506666666666663	0.028993333333333336	0.029353333333333342	0.03010000000000001	0.029453333333333342	0.031213333333333343	0.03398000000000001	0.034480000000000004	0.034673333333333334	0.03488000000000001	0.03576666666666667	0.035593333333333324	0.03778666666666667	0.03904666666666666	0.04199333333333333	0.04428	0.047299999999999995	0.04977333333333332	0.05284666666666667	0.057686666666666664	0.06028	0.06471333333333333	0.07028	0.07638	0.08151333333333335	0.08923333333333333	0.09752000000000001	0.10439333333333334	0.11207333333333333	0.12062666666666666	0.12956666666666666	0.13858	0.15127333333333332	0.16244666666666668	0.17495333333333332	0.18614666666666668	0.19832	0.20983999999999997	0.22518	0.25243333333333334	0.2706266666666667	0.28664666666666666	0.3065866666666667	0.3271866666666666	0.33242666666666665	0.34124666666666664	Growth with spermine treatment, no supplementation.
D3	0.0026600000000000013	0.0053599999999999984	0.0063	0.0063	0.00723333333333333	0.005593333333333328	0.0031333333333333296	0.0025866666666666594	0.0025866666666666594	0.001653333333333329	0.0006333333333333302	0.00039333333333333164	0.0	0.0	0.0	0.0	0.0	0.0	0.0	0.0	0.0	0.0	0.0	0.0	0.0	0.0	0.0	0.0	0.0	0.0	0.0	0.0	0.0	0.0	0.0	0.0	0.0	0.0	0.0	0.0	0.0	0.00014000000000000123	0.00014000000000000123	0.00014000000000000123	0.00014000000000000123	0.00014000000000000123	0.0	0.0	0.0	0.0	0.0	0.0	0.0	0.0	0.0	0.0	0.0	0.0	0.0	0.0	0.0	Media control
D4	0.006519999999999998	0.006026666666666666	0.005999999999999997	0.007259999999999997	0.009486666666666666	0.011919999999999997	0.0157	0.019739999999999997	0.022213333333333328	0.025786666666666663	0.029519999999999998	0.030619999999999998	0.0298	0.02881333333333333	0.029666666666666664	0.02874666666666667	0.030373333333333336	0.030106666666666664	0.03153333333333333	0.031113333333333326	0.033406666666666654	0.035446666666666654	0.04039333333333332	0.047659999999999994	0.05212	0.059593333333333345	0.06586	0.0717	0.07486	0.08280666666666667	0.08746666666666665	0.09334666666666666	0.09939999999999999	0.10557999999999998	0.11335333333333333	0.12200666666666667	0.13208666666666663	0.14593333333333333	0.16096666666666665	0.17519999999999997	0.19158666666666666	0.2113666666666667	0.22800000000000004	0.24786000000000002	0.27064666666666665	0.29328000000000004	0.31677333333333335	0.34558	0.37538666666666665	0.4080533333333333	0.4432333333333333	0.48045333333333334	0.5194066666666666	0.5607133333333334	0.5989066666666667	0.6463533333333333	0.6954800000000001	0.7459066666666667	0.8009266666666667	0.8507133333333334	0.87194	Baseline growth with no supplementation or treatment.
D5	0.0	0.0	0.00116	0.00116	0.00116	0.0026133333333333343	0.0037866666666666717	0.0044733333333333404	0.005493333333333339	0.006546666666666673	0.005200000000000005	0.0047400000000000055	0.0040933333333333325	0.004573333333333335	0.003520000000000001	0.004813333333333336	0.004553333333333331	0.0051400000000000005	0.006573333333333336	0.0072800000000000035	0.008346666666666669	0.012286666666666668	0.01478000000000001	0.018406666666666672	0.02396666666666667	0.02986666666666667	0.03304	0.03971333333333333	0.045706666666666666	0.05037333333333334	0.05588	0.06212666666666666	0.06162000000000001	0.05965999999999999	0.06255999999999999	0.06637333333333333	0.06870666666666667	0.08193999999999999	0.09670000000000001	0.11158666666666668	0.12579333333333334	0.14643333333333336	0.1628	0.1829866666666667	0.20339333333333337	0.22473333333333337	0.24590666666666666	0.26970666666666665	0.29266000000000003	0.31798666666666664	0.34530666666666665	0.3773666666666667	0.40974000000000005	0.4466800000000001	0.48097333333333336	0.5243333333333334	0.5667800000000001	0.61456	0.6631666666666666	0.70846	0.7285466666666667	Baseline growth with no supplementation or treatment.
D6	0.0	0.0	0.0013066666666666671	0.0013066666666666671	0.0017000000000000014	0.0017000000000000014	0.0017000000000000014	0.0003933333333333344	0.0003933333333333344	0.0	0.0	0.0	0.0	0.0	0.0	0.0	0.0	0.0	0.0	0.0012866666666666692	0.0012866666666666692	0.005280000000000002	0.007166666666666671	0.01104	0.012593333333333335	0.013753333333333334	0.012419999999999997	0.011586666666666662	0.010820000000000001	0.00845333333333333	0.00952666666666666	0.011033333333333329	0.013686666666666663	0.011659999999999986	0.016359999999999993	0.019319999999999993	0.02124666666666667	0.02557333333333333	0.03368666666666667	0.03864	0.044366666666666665	0.051626666666666654	0.05737333333333332	0.06405333333333332	0.07057333333333334	0.07647333333333332	0.08274000000000001	0.09035333333333333	0.0972	0.10645333333333333	0.11720666666666665	0.12821333333333335	0.13946	0.15299333333333334	0.16602	0.17831333333333335	0.19063333333333335	0.20614666666666664	0.22173333333333334	0.23464666666666661	0.2429333333333333	Growth with high glutamate supplementation and spermine treatment.
D7	0.0	0.0	0.00012666666666666382	0.00012666666666666382	0.0018466666666666631	0.0018466666666666631	0.0018466666666666631	0.0017199999999999993	0.0017199999999999993	0.0	0.0003466666666666618	0.0003466666666666618	0.00035333333333332774	0.00035333333333332774	0.00035333333333332774	6.666666666665932e-06	6.666666666665932e-06	0.0010066666666666668	0.006593333333333329	0.009333333333333327	0.01343999999999999	0.02041333333333332	0.025266666666666653	0.026126666666666652	0.02863999999999999	0.030146666666666662	0.03174	0.03677333333333334	0.04304000000000001	0.050986666666666666	0.06266000000000001	0.07392666666666667	0.08285333333333333	0.09100666666666665	0.10435333333333333	0.11847333333333332	0.13330666666666666	0.15252666666666664	0.17663333333333334	0.20037333333333335	0.22522000000000003	0.25246	0.28048666666666666	0.31127333333333335	0.3428266666666667	0.37496	0.41070666666666666	0.4478933333333333	0.4867733333333333	0.5323933333333334	0.5822866666666666	0.6394	0.6979599999999999	0.7603733333333333	0.8262599999999999	0.90098	0.9851466666666667	1.0782733333333332	1.1949266666666667	1.2952866666666667	1.3382266666666667	Growth with low glutamate supplementation, no spermine treatment.
D8	0.0	0.0	0.0	0.0	0.0	0.0	0.0	0.0	0.0	0.0	0.0	0.0	0.0	0.0	0.0	0.0	0.0	0.0	0.0	0.00032666666666666955	0.00032666666666666955	0.0014466666666666684	0.0027333333333333376	0.004606666666666676	0.005193333333333339	0.005193333333333339	0.00871333333333334	0.01007333333333334	0.012220000000000003	0.014473333333333338	0.018926666666666668	0.019946666666666668	0.023933333333333327	0.025873333333333325	0.03137999999999999	0.03331999999999999	0.039133333333333326	0.04141333333333333	0.046893333333333335	0.051173333333333335	0.058953333333333344	0.06332000000000002	0.07157333333333334	0.07883333333333334	0.08714666666666666	0.09369999999999999	0.10242666666666667	0.11099333333333332	0.12268666666666665	0.13500666666666666	0.1493533333333333	0.1634	0.17838	0.19270666666666666	0.2118866666666667	0.2284266666666667	0.2455866666666667	0.26538000000000006	0.2858266666666667	0.2982266666666667	0.30712	Growth with low glutamate supplementation and spermine treatment.
D9	0.0	0.0	0.0	0.002226666666666666	0.005346666666666666	0.005346666666666666	0.005346666666666666	0.005346666666666666	0.0050066666666666705	0.0048799999999999955	0.006219999999999992	0.006219999999999992	0.006219999999999992	0.004333333333333323	0.005619999999999997	0.004280000000000001	0.004280000000000001	0.00498666666666667	0.00498666666666667	0.0031	0.004080000000000003	0.00674666666666667	0.009333333333333332	0.0132	0.013246666666666667	0.015139999999999992	0.01965333333333332	0.020573333333333325	0.021146666666666664	0.026093333333333336	0.030126666666666673	0.030766666666666675	0.03707333333333334	0.046366666666666674	0.05393333333333335	0.06174	0.07358666666666669	0.08084000000000001	0.08712	0.09586000000000001	0.10641333333333333	0.11570666666666667	0.1288466666666667	0.14363333333333336	0.15997333333333336	0.17850000000000002	0.19826666666666667	0.22274666666666665	0.24884000000000003	0.2760666666666666	0.30438	0.3360133333333334	0.36773333333333336	0.40404	0.45352	0.49672	0.5400266666666667	0.5872133333333334	0.6388933333333333	0.6710333333333333	0.6900266666666666	Growth with high glutamate supplementation, no spermine treatment.
D10	0.004159999999999997	0.004159999999999997	0.007220000000000004	0.009120000000000007	0.010420000000000007	0.009046666666666675	0.010160000000000008	0.008673333333333333	0.007773333333333338	0.008906666666666663	0.010733333333333327	0.012493333333333329	0.012319999999999992	0.01290666666666665	0.013893333333333324	0.014566666666666662	0.014673333333333333	0.01681333333333334	0.017820000000000006	0.01837333333333334	0.020240000000000005	0.022766666666666664	0.023653333333333325	0.026139999999999997	0.027846666666666665	0.02911999999999999	0.030433333333333323	0.032413333333333336	0.034126666666666666	0.038713333333333336	0.04216666666666667	0.046366666666666674	0.04969333333333334	0.05306666666666667	0.056053333333333344	0.06128000000000002	0.06702666666666668	0.07470000000000002	0.08228000000000002	0.09134	0.10069333333333334	0.10938666666666667	0.11810666666666667	0.12945333333333334	0.14065333333333335	0.15340000000000004	0.16882666666666668	0.18662666666666666	0.20284	0.22060666666666667	0.24020000000000002	0.2605533333333333	0.28159333333333336	0.30591999999999997	0.32649999999999996	0.35308	0.38062666666666667	0.4120533333333333	0.44523333333333326	0.4773533333333334	0.4918666666666667	Growth with alanine supplementation, no spermine treatment.
D11	0.0008333333333333304	0.004999999999999999	0.009946666666666663	0.012693333333333326	0.013833333333333326	0.013773333333333328	0.01076666666666666	0.008859999999999996	0.010066666666666663	0.012913333333333336	0.014060000000000003	0.01562666666666667	0.014466666666666673	0.013006666666666675	0.010806666666666668	0.011253333333333334	0.010746666666666665	0.011446666666666664	0.011459999999999994	0.011826666666666666	0.012433333333333333	0.013766666666666668	0.014000000000000007	0.014246666666666675	0.015426666666666675	0.015126666666666672	0.014220000000000007	0.013366666666666669	0.014160000000000002	0.013979999999999998	0.014553333333333331	0.01425333333333333	0.014146666666666663	0.01361999999999999	0.012866666666666665	0.012286666666666663	0.011413333333333327	0.012006666666666662	0.012733333333333336	0.012646666666666667	0.012986666666666669	0.014213333333333338	0.01460000000000001	0.01304000000000001	0.013400000000000006	0.012433333333333341	0.012306666666666674	0.011146666666666666	0.010533333333333334	0.009920000000000003	0.009213333333333337	0.00884666666666667	0.009186666666666673	0.011140000000000006	0.01090666666666667	0.011960000000000004	0.011806666666666668	0.012760000000000002	0.010973333333333335	0.010886666666666666	0.011466666666666667	Media control
D12	0.004599999999999998	0.006386666666666668	0.01064	0.009953333333333333	0.014913333333333334	0.014193333333333332	0.01706666666666666	0.019319999999999997	0.028106666666666662	0.03185333333333333	0.03684	0.03886666666666667	0.038446666666666664	0.03454666666666666	0.030646666666666662	0.029093333333333325	0.02660666666666666	0.025486666666666657	0.027200000000000002	0.029186666666666673	0.029393333333333337	0.031106666666666664	0.03254	0.03206666666666667	0.03070666666666666	0.030786666666666657	0.030699999999999995	0.03152666666666666	0.03307999999999999	0.035519999999999996	0.03779333333333333	0.04087333333333333	0.043046666666666664	0.045099999999999994	0.04816666666666666	0.05204666666666665	0.05555333333333332	0.06020666666666665	0.06473333333333334	0.06926666666666667	0.07420666666666667	0.08011333333333334	0.08484000000000001	0.09194000000000002	0.09844000000000001	0.10461333333333334	0.11318666666666669	0.12222666666666666	0.13105333333333333	0.14182	0.15283333333333332	0.16218666666666665	0.17376666666666668	0.18586	0.20174666666666669	0.21576	0.2328666666666667	0.25046	0.27121333333333336	0.28562666666666664	0.29480666666666666	Growth with low glutamate supplementation and spermine treatment.
E1	0.013279999999999995	0.015973333333333332	0.02178	0.027033333333333333	0.02810666666666667	0.029720000000000003	0.02966	0.03221333333333334	0.03500666666666667	0.03790666666666667	0.03834666666666668	0.03770000000000001	0.03514000000000001	0.033600000000000005	0.03016000000000001	0.027720000000000005	0.02598666666666667	0.02406	0.02444666666666666	0.023926666666666666	0.025413333333333333	0.02718666666666667	0.028873333333333327	0.02966	0.033839999999999995	0.03808666666666666	0.04245333333333333	0.05018666666666667	0.05699333333333334	0.06551333333333334	0.07311333333333334	0.07805999999999999	0.07698666666666668	0.0737	0.07010666666666668	0.0678	0.06652666666666666	0.07056	0.07709999999999999	0.08155333333333334	0.08317333333333334	0.08978	0.09431333333333333	0.09719333333333333	0.10257999999999998	0.10851333333333332	0.11308666666666667	0.11957999999999999	0.12826666666666667	0.1367	0.14720666666666665	0.15849333333333332	0.17013333333333333	0.18372666666666665	0.19508	0.2090466666666667	0.22396000000000002	0.24043333333333336	0.25747333333333333	0.27468666666666663	0.28209333333333336	Growth with low glutamate supplementation and spermine treatment.
E2	5.333333333333301e-05	5.333333333333301e-05	2.6666666666666504e-05	0.0	0.0	0.0	0.0	0.0	0.0	0.0	0.0	0.0	0.0	0.0	0.0	0.0	0.0	0.0	0.0	0.0	0.0	0.0	0.0	0.0	0.0	0.0	0.0	0.0	0.0	0.0	0.0	0.0	0.0	0.0	0.0	0.0	0.0	0.0	0.0	0.0	0.0	0.0	0.0	0.0	0.0	0.0	0.0	0.0	0.0	0.0	0.0	0.0	0.0	0.0	0.0	0.0	0.0	0.0	0.0	0.0	0.0	Media control
E3	0.002573333333333333	0.002573333333333333	0.0012866666666666664	0.00046666666666666525	0.0006199999999999984	0.0014599999999999973	0.0017866666666666643	0.0018933333333333302	0.001426666666666665	0.0021333333333333343	0.0026333333333333373	0.003966666666666671	0.0064266666666666725	0.00958666666666667	0.014713333333333333	0.017206666666666665	0.020139999999999998	0.023893333333333332	0.02750666666666667	0.026606666666666678	0.02862666666666668	0.031320000000000014	0.03081333333333334	0.030613333333333336	0.032626666666666665	0.03474666666666666	0.03468	0.03852666666666667	0.042013333333333326	0.04655999999999999	0.050206666666666656	0.05603999999999998	0.058586666666666655	0.06273333333333334	0.06616666666666667	0.07261999999999999	0.07583333333333334	0.08484	0.09404666666666668	0.10588666666666668	0.11596	0.13106	0.14469333333333334	0.15993999999999997	0.17714666666666665	0.19676	0.21926	0.2452466666666667	0.2730533333333333	0.3030133333333333	0.3363933333333333	0.37029999999999996	0.4044	0.4425866666666667	0.46778	0.5082266666666666	0.5552866666666667	0.6059333333333333	0.6601466666666667	0.7197333333333333	0.7437266666666666	Growth with high glutamate supplementation, no spermine treatment.
E4	0.009626666666666667	0.006740000000000001	0.006006666666666665	0.009806666666666663	0.008453333333333332	0.00983333333333333	0.012639999999999993	0.015593333333333329	0.012806666666666657	0.015933333333333324	0.02119333333333333	0.025126666666666665	0.029066666666666664	0.032946666666666666	0.033113333333333335	0.031246666666666662	0.029479999999999996	0.025693333333333335	0.024166666666666666	0.024946666666666673	0.02810666666666668	0.03028000000000001	0.032753333333333336	0.03499333333333334	0.03906666666666667	0.04206666666666666	0.04451999999999999	0.05034666666666667	0.053533333333333336	0.055459999999999995	0.05676666666666665	0.06065999999999999	0.061726666666666666	0.06525333333333333	0.06924666666666665	0.07347999999999999	0.07955333333333334	0.08802	0.09680666666666668	0.10586666666666666	0.11542000000000001	0.12372000000000001	0.13123333333333334	0.14052	0.15128666666666665	0.16314	0.17614000000000002	0.19092666666666666	0.20597333333333334	0.22295333333333334	0.2400533333333333	0.25988	0.28198	0.3050866666666667	0.33024	0.3592266666666667	0.3880866666666667	0.41547333333333336	0.44754666666666665	0.47253333333333336	0.4824866666666666	Growth with alanine supplementation, no spermine treatment.
E5	0.00017333333333333645	0.00017333333333333645	8.666666666666823e-05	0.0	0.0012199999999999989	0.0012533333333333342	0.0022133333333333336	0.002733333333333332	0.0032333333333333324	0.003326666666666672	0.0034400000000000043	0.003120000000000006	0.003980000000000006	0.00437333333333334	0.005946666666666667	0.008126666666666671	0.011353333333333337	0.013026666666666669	0.014133333333333331	0.014413333333333334	0.014786666666666665	0.014966666666666666	0.015793333333333336	0.01782000000000001	0.017880000000000007	0.020953333333333334	0.023539999999999995	0.026159999999999996	0.028639999999999992	0.030666666666666655	0.02996666666666666	0.02838666666666666	0.02669999999999999	0.024259999999999997	0.024913333333333336	0.02452666666666667	0.024706666666666672	0.026673333333333337	0.028946666666666676	0.02976	0.032126666666666664	0.035486666666666666	0.03657999999999999	0.039639999999999995	0.04410666666666666	0.04868	0.053393333333333334	0.06116000000000001	0.06828666666666668	0.07517333333333334	0.08495333333333334	0.09527333333333335	0.10764666666666664	0.12491333333333332	0.14382666666666669	0.16531333333333334	0.18839999999999998	0.2154266666666667	0.24534666666666669	0.27207333333333333	0.28422000000000003	Growth with alanine supplementation and spermine treatment.
E7	0.0	0.0	0.0	0.0	0.0	0.0	0.0	0.0	0.0	0.0	0.0	0.0	0.0	0.0	0.0	0.0	0.0	0.0	0.0	0.0	0.0	0.0	0.0	0.0	0.0	0.0	0.00048000000000000267	0.0010066666666666724	0.0010066666666666724	0.0010066666666666724	0.0010066666666666724	0.0017866666666666697	0.0032133333333333345	0.0035733333333333337	0.006766666666666666	0.008659999999999996	0.012453333333333334	0.01469333333333333	0.020233333333333332	0.023973333333333336	0.02971333333333334	0.0345	0.04169333333333333	0.05003333333333333	0.05922666666666667	0.06881999999999999	0.08026666666666667	0.09053333333333334	0.10000666666666669	0.11138666666666668	0.12411333333333334	0.13674	0.15236	0.17102666666666666	0.19020666666666666	0.2111066666666667	0.23220666666666667	0.25602	0.27868666666666664	0.2970466666666667	0.30728	Growth with spermine treatment, no supplementation.
E8	0.001773333333333338	0.0010000000000000037	0.0015866666666666696	0.0014733333333333347	0.0012933333333333351	0.0012933333333333351	0.0012933333333333351	0.0005933333333333346	0.0006200000000000094	0.0008533333333333393	0.0019466666666666742	0.003006666666666674	0.006020000000000003	0.01005333333333333	0.014126666666666671	0.01824	0.021526666666666666	0.024420000000000004	0.026246666666666668	0.02516	0.027140000000000004	0.02735333333333334	0.028513333333333342	0.02943333333333334	0.031186666666666675	0.029373333333333335	0.029073333333333333	0.029633333333333328	0.030119999999999997	0.03211333333333333	0.03532666666666666	0.04107333333333333	0.04186666666666668	0.04338666666666667	0.046000000000000006	0.05036	0.05184666666666669	0.06028666666666667	0.07090666666666667	0.08144	0.09019999999999999	0.10280666666666667	0.11183333333333331	0.11973333333333333	0.12892666666666666	0.13864	0.14860666666666666	0.15961333333333333	0.17281333333333332	0.18659333333333333	0.20407333333333333	0.22343333333333332	0.24492000000000003	0.26863333333333334	0.2883733333333333	0.31654	0.3463	0.37992	0.41622666666666663	0.45336	0.4682933333333333	Growth with alanine supplementation, no spermine treatment.
E9	0.0005066666666666663	0.0005066666666666663	0.00025333333333333317	0.0	0.0	0.0	0.0	0.0	0.0	0.00016666666666666495	0.00016666666666666495	0.00016666666666666495	0.00016666666666666495	0.00016666666666666495	0.0	0.000326666666666664	0.0009533333333333338	0.0022399999999999976	0.004566666666666663	0.004566666666666663	0.005906666666666666	0.007499999999999995	0.008379999999999999	0.009339999999999998	0.01212666666666667	0.013333333333333336	0.014393333333333341	0.01749333333333334	0.01866000000000001	0.020733333333333336	0.02370666666666667	0.027593333333333338	0.027626666666666678	0.029506666666666674	0.03224000000000001	0.035400000000000015	0.037266666666666684	0.044306666666666675	0.05148666666666667	0.05926	0.06629999999999998	0.07546666666666665	0.08259333333333334	0.09055333333333333	0.09868666666666667	0.10730000000000002	0.11640666666666669	0.12701333333333334	0.13791333333333333	0.14883333333333332	0.16153333333333333	0.17461333333333334	0.18768	0.20175333333333337	0.20919333333333334	0.22526000000000002	0.24158	0.26070000000000004	0.2812266666666667	0.30633999999999995	0.31517333333333336	Growth with low glutamate supplementation and spermine treatment.
E10	0.002226666666666666	0.001113333333333333	0.001113333333333333	0.001113333333333333	0.0001666666666666705	0.0001666666666666705	0.0001666666666666705	0.0001666666666666705	0.0001666666666666705	0.0	0.0	0.00044000000000000706	0.001586666666666675	0.0024600000000000065	0.002753333333333341	0.0034133333333333403	0.003799999999999998	0.0033799999999999998	0.003513333333333335	0.004493333333333333	0.004660000000000003	0.004473333333333334	0.005213333333333336	0.006560000000000005	0.007460000000000006	0.00878	0.01098	0.013453333333333328	0.013826666666666659	0.014413333333333328	0.01538	0.01745333333333333	0.01859333333333333	0.02080666666666666	0.02399333333333333	0.02693999999999999	0.029426666666666663	0.03172666666666667	0.03421333333333333	0.03739333333333333	0.04092	0.04434	0.04854666666666667	0.05367333333333333	0.058126666666666674	0.06284000000000001	0.06948666666666667	0.0759	0.08235333333333333	0.08971333333333334	0.09984666666666667	0.1065	0.11490000000000003	0.12300666666666668	0.13335333333333335	0.14202000000000004	0.15284000000000003	0.16475333333333336	0.17943333333333333	0.18994	0.19515333333333335	Growth with high glutamate supplementation and spermine treatment.
E11	0.009499999999999998	0.005999999999999997	0.005086666666666665	0.004173333333333332	0.0013333333333333335	0.003093333333333337	0.003093333333333337	0.003093333333333337	0.003093333333333337	0.0036800000000000027	0.0015066666666666672	0.0021733333333333353	0.005153333333333338	0.006886666666666671	0.006926666666666667	0.008393333333333336	0.008586666666666664	0.0077066666666666585	0.009039999999999989	0.009346666666666661	0.012613333333333329	0.015726666666666663	0.018660000000000003	0.021866666666666673	0.026046666666666673	0.027466666666666667	0.029960000000000007	0.03374666666666667	0.03626	0.03962	0.04375333333333333	0.04807333333333332	0.05314666666666666	0.05823999999999999	0.06550666666666667	0.07448666666666667	0.08297333333333333	0.09218666666666667	0.10355333333333334	0.11544666666666666	0.12776666666666667	0.14389333333333335	0.16102	0.18280000000000002	0.20536	0.2297533333333333	0.2584066666666667	0.28680666666666665	0.31383333333333335	0.34238	0.3697533333333333	0.39788666666666667	0.4303666666666667	0.466	0.5104466666666666	0.5618799999999999	0.6107466666666667	0.66326	0.7256333333333334	0.7738466666666667	0.7924266666666666	Growth with low glutamate supplementation, no spermine treatment.
E12	0.0005066666666666663	0.00025333333333333317	0.00025333333333333317	0.00025333333333333317	0.0	0.0	0.0	0.0	0.0	0.0	0.0	0.0	0.0	0.0	0.0	0.0	0.0	0.0	0.0	0.0	0.0	0.0	0.0	0.0	0.0	0.0	0.0	0.0	0.0	0.0	0.0	0.0	0.0	0.0	0.0	0.0	0.0	0.0	0.0	0.0	0.0	0.0	0.0	0.0	0.0	0.0	0.0	0.0	0.0	0.0	0.0	0.0	0.0	0.0	0.0	0.0	0.0	0.0	0.0	0.0	0.0	Media control
F1	0.006559999999999991	0.005713333333333329	0.017219999999999996	0.021733333333333334	0.01966666666666667	0.020180000000000007	0.018520000000000005	0.00893333333333334	0.006146666666666673	0.009306666666666675	0.011706666666666674	0.01580000000000001	0.016900000000000005	0.018640000000000007	0.01734	0.01514	0.013246666666666665	0.012239999999999997	0.013026666666666664	0.015026666666666674	0.017413333333333343	0.021166666666666674	0.024493333333333343	0.030800000000000004	0.0326	0.03686666666666666	0.03973333333333333	0.04466666666666665	0.045613333333333325	0.05319333333333333	0.059933333333333325	0.06739999999999999	0.07074666666666665	0.07486	0.07810666666666667	0.08453999999999999	0.08794666666666667	0.09988000000000001	0.11179999999999998	0.12471333333333331	0.13501333333333335	0.14952000000000001	0.16129333333333332	0.1739733333333333	0.18846000000000002	0.20327333333333333	0.21858666666666665	0.23382	0.24982666666666664	0.2673	0.2866666666666667	0.3082733333333333	0.3326133333333333	0.3590066666666667	0.37296	0.4017666666666667	0.43316	0.46627333333333326	0.4992533333333333	0.5389666666666667	0.5538733333333333	Growth with spermine treatment, no supplementation.
F3	0.001733333333333331	0.0008666666666666655	0.0017599999999999977	0.0035466666666666645	0.0037533333333333307	0.004073333333333329	0.005939999999999992	0.0070533333333333255	0.007326666666666657	0.011413333333333326	0.016013333333333327	0.01740666666666666	0.019126666666666663	0.020906666666666667	0.02067333333333333	0.019166666666666665	0.019179999999999996	0.018213333333333328	0.018226666666666662	0.01580666666666667	0.01780666666666667	0.01974	0.021913333333333333	0.023333333333333338	0.027146666666666663	0.028786666666666665	0.028780000000000007	0.031006666666666672	0.03275333333333332	0.03526	0.037386666666666665	0.04178	0.042486666666666666	0.04449333333333334	0.047006666666666676	0.05092000000000001	0.05227333333333334	0.05996	0.06794666666666667	0.07472666666666668	0.08234	0.09376	0.10367333333333333	0.11326	0.12656666666666666	0.14015999999999998	0.15564	0.17188666666666666	0.19023333333333334	0.20715333333333336	0.22645333333333334	0.24716	0.26994	0.29840666666666665	0.32462	0.35978666666666664	0.39716666666666667	0.4362733333333333	0.47412666666666664	0.5108333333333333	0.5256666666666667	Growth with alanine supplementation and spermine treatment.
F4	0.009093333333333328	0.011113333333333333	0.01630666666666667	0.020953333333333338	0.022520000000000005	0.02290000000000001	0.021920000000000002	0.020533333333333334	0.018866666666666664	0.01917333333333333	0.019133333333333332	0.020486666666666667	0.02170666666666667	0.023726666666666674	0.023073333333333338	0.02306666666666667	0.022520000000000002	0.021253333333333332	0.020166666666666666	0.02008666666666667	0.020246666666666666	0.01998	0.019453333333333333	0.019133333333333332	0.019646666666666663	0.019786666666666664	0.01866	0.019746666666666662	0.019993333333333325	0.019919999999999993	0.01976666666666666	0.02085999999999999	0.019506666666666662	0.019013333333333333	0.017866666666666663	0.0178	0.016573333333333336	0.01786	0.018746666666666665	0.019686666666666665	0.019219999999999994	0.02029999999999999	0.019733333333333325	0.019019999999999995	0.01894666666666666	0.018959999999999998	0.018819999999999996	0.01920666666666666	0.019673333333333327	0.01943333333333333	0.019353333333333327	0.019339999999999996	0.019039999999999994	0.01900666666666666	0.018039999999999994	0.018046666666666666	0.017906666666666668	0.017953333333333335	0.01772666666666667	0.018733333333333334	0.018826666666666665	Media control
F5	0.005213333333333325	0.004599999999999998	0.008413333333333337	0.010926666666666671	0.009846666666666674	0.007953333333333337	0.00947333333333333	0.007773333333333329	0.009226666666666666	0.010606666666666664	0.013353333333333328	0.0123	0.012300000000000005	0.009633333333333337	0.011120000000000001	0.00937333333333334	0.01145333333333334	0.010833333333333337	0.012926666666666664	0.013633333333333336	0.01724666666666667	0.018933333333333333	0.023913333333333335	0.026846666666666675	0.030760000000000003	0.033453333333333335	0.04006	0.04222666666666667	0.046246666666666665	0.04940666666666667	0.05417333333333334	0.05843333333333334	0.06925333333333335	0.07881333333333333	0.09007333333333334	0.09935333333333335	0.11060666666666667	0.11795333333333333	0.12885333333333332	0.1392733333333333	0.1546266666666667	0.16874	0.18836000000000003	0.2089266666666667	0.23410000000000003	0.2606	0.28984666666666664	0.32142666666666664	0.3527666666666666	0.3869066666666667	0.4230666666666667	0.4615600000000001	0.5016666666666667	0.5488933333333333	0.6089066666666667	0.6582600000000001	0.7142999999999999	0.7743866666666668	0.83368	0.8713599999999999	0.89998	Growth with low glutamate supplementation, no spermine treatment.
F6	0.0	0.0	0.0	0.0	0.0	0.0	0.0	0.0	0.0	0.0	0.0	0.0	0.0	0.0	0.0	0.0	0.0	0.0	0.0011599999999999944	0.0018333333333333313	0.0018333333333333313	0.0027466666666666638	0.00324666666666667	0.0031933333333333423	0.0026933333333333366	0.0034866666666666657	0.004573333333333329	0.006226666666666663	0.007013333333333332	0.009573333333333328	0.011659999999999998	0.012546666666666668	0.014079999999999992	0.015653333333333325	0.016813333333333336	0.0198	0.02284666666666667	0.026413333333333334	0.03147333333333334	0.03748666666666666	0.04397333333333333	0.05089999999999999	0.059126666666666675	0.06830666666666667	0.079	0.08920000000000002	0.10104666666666669	0.11226	0.12471999999999998	0.1385	0.15398666666666666	0.17138000000000003	0.19169333333333333	0.21239333333333335	0.2292866666666667	0.25351333333333337	0.27949999999999997	0.3046733333333333	0.33225333333333334	0.35942666666666667	0.36934000000000006	Growth with alanine supplementation, no spermine treatment.
F7	0.0	0.0	0.0	0.0	0.0	0.0	0.0	0.0	3.333333333333521e-05	3.333333333333521e-05	0.0006066666666666665	0.0018400000000000027	0.0036466666666666704	0.005846666666666667	0.008139999999999998	0.010793333333333332	0.013126666666666658	0.013653333333333323	0.01561999999999999	0.017119999999999996	0.018993333333333327	0.01986	0.023166666666666676	0.024173333333333342	0.025913333333333333	0.027226666666666666	0.033513333333333326	0.04040666666666666	0.047953333333333334	0.05669333333333333	0.06539999999999999	0.06880666666666665	0.07386	0.07887333333333332	0.08485333333333334	0.09176	0.10192666666666668	0.10931333333333333	0.11905333333333332	0.12956666666666666	0.14183333333333334	0.15448	0.17032666666666668	0.18686666666666668	0.205	0.2244	0.24458666666666667	0.26604	0.28836	0.31104	0.33494666666666667	0.36146	0.38941333333333333	0.4196533333333333	0.44964666666666664	0.48145333333333334	0.5166	0.5548133333333333	0.5948133333333333	0.6298466666666667	0.6488799999999999	Baseline growth with no supplementation or treatment.
F8	0.0	0.0	0.0	0.0	0.0	0.0	0.0	0.0	0.0	0.0	0.0	0.0	0.0	0.0	0.0	0.0	0.0	0.0	0.000539999999999996	0.000539999999999996	0.0015066666666666618	0.001999999999999996	0.003926666666666662	0.004239999999999999	0.005653333333333327	0.006279999999999991	0.008273333333333322	0.009613333333333317	0.012706666666666649	0.015439999999999992	0.01933999999999999	0.022666666666666658	0.02589333333333333	0.028173333333333335	0.03140666666666666	0.03663333333333334	0.04216666666666667	0.048813333333333334	0.05710666666666666	0.067	0.07694666666666666	0.08844666666666667	0.10358	0.12078000000000003	0.13792666666666667	0.15559333333333333	0.17525333333333332	0.1937	0.21264000000000002	0.23386666666666667	0.2571866666666667	0.2819333333333333	0.30913999999999997	0.3375933333333333	0.36043333333333333	0.39152	0.42412666666666665	0.4575133333333333	0.4947666666666667	0.5326466666666667	0.54722	Growth with spermine treatment, no supplementation.
F9	0.0025066666666666627	0.0017733333333333295	0.0017733333333333295	0.0017733333333333295	0.0010399999999999964	0.00014666666666666718	0.00014666666666666718	0.00014666666666666718	0.00014666666666666718	0.00014666666666666718	0.0	0.0	0.0	0.0	0.0	0.0	0.0	0.0	0.0	0.0	0.0	0.0	0.0	0.0	0.0	0.0	0.0	0.0	0.0	0.0	0.0	0.0	0.0	0.0	0.0	0.0	0.0	0.0	0.0	0.0	0.0	0.0	0.0	0.0	0.0	0.0	0.0	0.0	0.0	0.0	0.0	0.0	0.0	0.0	0.0	0.0	0.0	0.0	0.0	0.0	0.0	Media control
F10	0.0	0.0	0.0	0.0	0.0	0.0	0.0	0.0	0.0	0.0	0.0	0.0	0.0	0.0	0.0	0.0	0.0	0.0	0.0	0.0	0.0	0.0	0.0	0.0004933333333333346	0.0004933333333333346	0.0004933333333333346	0.0004933333333333346	0.000993333333333335	0.0005266666666666697	0.00072666666666667	0.0009000000000000064	0.0012733333333333375	0.0017533333333333346	0.0017266666666666652	0.00305333333333333	0.003639999999999993	0.005306666666666659	0.006486666666666668	0.008513333333333335	0.010313333333333341	0.012800000000000006	0.01482000000000001	0.017286666666666672	0.02017333333333334	0.021986666666666675	0.024640000000000013	0.026986666666666676	0.029820000000000006	0.033313333333333334	0.03679333333333333	0.04118666666666666	0.04568	0.05082	0.05514666666666666	0.06445333333333333	0.07068	0.07732000000000001	0.08395333333333332	0.09261333333333333	0.09608	0.09879333333333333	Growth with low glutamate supplementation and spermine treatment.
F11	0.00040000000000000034	0.001413333333333333	0.003353333333333333	0.003353333333333333	0.0045866666666666694	0.006826666666666667	0.00800666666666667	0.007273333333333337	0.008346666666666669	0.009433333333333335	0.008846666666666673	0.009006666666666673	0.010086666666666674	0.01215333333333334	0.011820000000000002	0.012526666666666669	0.013000000000000001	0.014033333333333333	0.014966666666666666	0.017673333333333336	0.018833333333333334	0.020853333333333328	0.022179999999999995	0.023379999999999995	0.02546666666666666	0.028639999999999992	0.03223999999999999	0.03554666666666666	0.03949333333333333	0.042359999999999995	0.04491333333333333	0.04538	0.049659999999999996	0.05378000000000001	0.05957333333333333	0.06560666666666667	0.07579333333333334	0.08035333333333332	0.08576	0.09040666666666666	0.09713333333333332	0.10271333333333332	0.11214666666666666	0.12087999999999999	0.13011333333333336	0.13965333333333332	0.15040666666666666	0.16275333333333333	0.17710666666666666	0.19332666666666665	0.21160666666666667	0.23010666666666663	0.2503533333333333	0.27127333333333337	0.31364000000000003	0.33884	0.36606	0.39566666666666667	0.4279066666666666	0.43499333333333334	0.44799333333333335	Baseline growth with no supplementation or treatment.
F12	0.0033866666666666654	0.0031333333333333326	0.0029733333333333335	0.0019466666666666688	0.0028533333333333353	0.004206666666666664	0.008126666666666666	0.00726	0.008600000000000002	0.008966666666666668	0.008139999999999998	0.006359999999999999	0.010646666666666665	0.013519999999999994	0.016306666666666664	0.021226666666666665	0.023453333333333333	0.023799999999999995	0.025239999999999995	0.02504666666666666	0.02341333333333333	0.02314666666666666	0.024286666666666665	0.023733333333333335	0.026086666666666668	0.028613333333333334	0.03086	0.031553333333333336	0.03298	0.03340666666666667	0.03383333333333334	0.03581333333333334	0.03670000000000001	0.03843333333333334	0.040626666666666665	0.04438666666666667	0.046706666666666674	0.05287333333333334	0.05927333333333333	0.06531333333333335	0.07084000000000001	0.07853333333333333	0.08422666666666667	0.09082666666666667	0.0977	0.10471333333333335	0.11272	0.12178	0.13046666666666668	0.14085999999999999	0.15257333333333334	0.16348666666666667	0.17706	0.19066	0.20288	0.21944	0.23629333333333333	0.25292	0.2716466666666667	0.2893	0.2956066666666667	Growth with high glutamate supplementation and spermine treatment.
G1	0.007273333333333329	0.007113333333333333	0.006573333333333331	0.007433333333333328	0.008459999999999995	0.006759999999999997	0.008259999999999993	0.01038666666666666	0.00968666666666666	0.00744666666666666	0.008753333333333327	0.00653333333333333	0.007213333333333324	0.008126666666666657	0.011166666666666662	0.013093333333333327	0.016406666666666656	0.018473333333333328	0.022386666666666662	0.023859999999999996	0.026793333333333336	0.028300000000000002	0.028966666666666675	0.02644000000000001	0.02683333333333333	0.023813333333333332	0.01946666666666666	0.016486666666666656	0.014666666666666656	0.010399999999999993	0.007279999999999992	0.006553333333333328	0.005653333333333332	0.006053333333333336	0.006173333333333336	0.006173333333333339	0.005220000000000008	0.00394666666666667	0.002926666666666669	0.0017000000000000014	0.004019999999999998	0.0043133333333333305	0.004613333333333328	0.005686666666666659	0.006113333333333323	0.005359999999999992	0.006473333333333326	0.007626666666666662	0.008453333333333332	0.009226666666666671	0.00892666666666667	0.009200000000000003	0.009086666666666668	0.007506666666666667	0.008006666666666662	0.007733333333333328	0.007599999999999998	0.0071	0.007766666666666669	0.007046666666666673	0.0072533333333333425	Media control
G2	0.0038133333333333296	0.0034533333333333334	0.005006666666666662	0.006846666666666656	0.007393333333333321	0.008813333333333322	0.00829333333333332	0.008586666666666656	0.007046666666666659	0.008006666666666658	0.006933333333333328	0.00809333333333333	0.007393333333333326	0.009246666666666658	0.007786666666666661	0.007913333333333328	0.0069866666666666575	0.005553333333333327	0.0033266666666666583	0.0027199999999999976	0.002353333333333338	0.004740000000000008	0.0062066666666666746	0.010320000000000015	0.013353333333333342	0.019093333333333334	0.024466666666666664	0.03120666666666666	0.036146666666666646	0.044	0.050939999999999985	0.057853333333333326	0.06789333333333332	0.07785333333333333	0.08725333333333334	0.09721333333333333	0.10778000000000001	0.11492666666666666	0.12362666666666666	0.13426	0.14466	0.15813333333333332	0.17521333333333333	0.19428666666666666	0.21525333333333335	0.23843999999999999	0.2606133333333333	0.2846466666666667	0.31005333333333335	0.3355666666666667	0.36188666666666663	0.3903	0.42034666666666665	0.4512266666666666	0.4879466666666666	0.5266733333333333	0.56972	0.6150599999999999	0.6641066666666667	0.7023066666666666	0.7224933333333333	Baseline growth with no supplementation or treatment.
G3	0.0060133333333333315	0.0037066666666666663	0.0032266666666666667	0.002746666666666667	0.0006133333333333324	0.00237333333333333	0.00237333333333333	0.00237333333333333	0.00237333333333333	0.0022333333333333315	0.00023999999999999854	0.002426666666666663	0.00383333333333333	0.0061266666666666605	0.0074666666666666605	0.008473333333333333	0.007426666666666665	0.006019999999999998	0.004433333333333331	0.003466666666666665	0.0025599999999999985	0.0028466666666666723	0.004466666666666672	0.00830000000000001	0.012353333333333345	0.018093333333333343	0.02402666666666667	0.03136666666666667	0.03546666666666667	0.04062	0.04615999999999999	0.051013333333333334	0.05285333333333333	0.05625333333333332	0.06009333333333332	0.06631333333333334	0.07102	0.08130666666666667	0.09198666666666666	0.10386	0.11259999999999999	0.12587333333333334	0.13815333333333335	0.15122666666666668	0.16677333333333333	0.18326000000000003	0.20167333333333332	0.22118666666666664	0.24247333333333332	0.2668666666666667	0.2935266666666666	0.32188	0.3536466666666666	0.3896866666666666	0.41358666666666666	0.4503533333333333	0.48802	0.5264200000000001	0.5652866666666666	0.6081066666666667	0.6246933333333333	Growth with spermine treatment, no supplementation.
G4	0.0	0.0	0.0	0.00043333333333333277	0.00043333333333333277	0.00043333333333333277	0.00043333333333333277	0.00043333333333333277	0.0	0.0	0.0	0.0	0.0	0.0	0.0	0.0005933333333333401	0.0008933333333333432	0.0008933333333333432	0.002906666666666674	0.00495333333333334	0.005279999999999998	0.006926666666666662	0.009093333333333332	0.009479999999999999	0.010173333333333331	0.01321333333333333	0.01854666666666666	0.024053333333333326	0.027846666666666665	0.032799999999999996	0.03759333333333333	0.03978000000000001	0.044033333333333334	0.04925333333333334	0.05493333333333335	0.06018000000000001	0.06738666666666668	0.07312666666666666	0.08111333333333334	0.09021333333333333	0.10164	0.11182666666666666	0.12485333333333334	0.14063333333333333	0.15721333333333334	0.17471333333333333	0.19416000000000003	0.21262666666666669	0.23209333333333335	0.25343333333333334	0.27559999999999996	0.2983133333333333	0.3240333333333333	0.34994	0.37596	0.4058	0.4370066666666667	0.47009333333333336	0.5051333333333334	0.5343133333333334	0.5473466666666668	Growth with alanine supplementation and spermine treatment.
G6	0.012333333333333335	0.009580000000000002	0.007433333333333339	0.005593333333333342	0.002840000000000009	0.0026800000000000044	0.0026800000000000044	0.0014933333333333354	0.0	0.0	0.0	0.0	0.0	0.0	0.0	0.0	0.0005866666666666687	0.0006599999999999995	0.002439999999999992	0.002439999999999992	0.003159999999999996	0.004286666666666661	0.0064533333333333335	0.0070600000000000055	0.010073333333333333	0.013206666666666662	0.01623333333333333	0.020406666666666663	0.025013333333333332	0.03015333333333333	0.033460000000000004	0.03782666666666667	0.04212	0.04529333333333333	0.05031333333333334	0.05890000000000001	0.06546666666666667	0.07353333333333334	0.08439333333333335	0.09550666666666666	0.10759333333333335	0.12094	0.13612666666666667	0.15234666666666669	0.1691	0.18686000000000003	0.20560666666666666	0.2226	0.2406	0.25874	0.2763666666666667	0.29132	0.29131333333333337	0.2866133333333334	0.2848466666666667	0.28831333333333337	0.28138	0.3137533333333334	0.3179333333333333	0.3152466666666667	0.33187999999999995	Growth with low glutamate supplementation, no spermine treatment.
G7	0.0011733333333333318	0.0011733333333333318	0.0005866666666666659	0.0	0.0	0.0	0.0	0.0	0.00025333333333333317	0.00025333333333333317	0.00025333333333333317	0.00025333333333333317	0.00025333333333333317	0.0	0.0	0.00034000000000000143	0.001820000000000005	0.0033266666666666666	0.006766666666666666	0.008653333333333336	0.010240000000000004	0.010253333333333337	0.01117333333333334	0.009386666666666682	0.009233333333333343	0.009300000000000003	0.010693333333333332	0.012713333333333332	0.01578666666666666	0.01892	0.023020000000000002	0.026286666666666673	0.027013333333333344	0.027753333333333345	0.028986666666666678	0.03245333333333334	0.03388666666666666	0.039813333333333326	0.04674666666666666	0.05419999999999999	0.06026666666666667	0.06886666666666666	0.07542	0.08306	0.09062666666666666	0.09843333333333333	0.10723333333333333	0.11643999999999999	0.125	0.13570666666666664	0.14612666666666665	0.15717333333333333	0.16894	0.1828533333333333	0.1832133333333333	0.19627999999999995	0.21094666666666667	0.22791333333333333	0.24668666666666667	0.2757866666666667	0.28446	Growth with low glutamate supplementation and spermine treatment.
G8	0.0	0.0	0.0	0.0	0.0	0.0	0.0	0.0	0.0	0.0	0.0	0.0	0.0	0.0	0.0	0.0	0.0	0.0	0.0	0.0	0.0	0.0	0.0	0.0	0.0	0.0	0.0	0.0	0.0	0.0	0.0	0.0	0.0	0.0	0.0	0.0	0.0	0.0008000000000000007	0.0019199999999999994	0.0035333333333333328	0.0067	0.010086666666666666	0.014840000000000002	0.02112	0.027346666666666665	0.03323333333333333	0.040073333333333336	0.046099999999999995	0.05149999999999999	0.05940666666666666	0.06790666666666666	0.07757333333333333	0.08841999999999998	0.09937333333333331	0.10427333333333333	0.11754	0.13158666666666669	0.14793333333333333	0.1665066666666667	0.1881866666666667	0.19614000000000004	Growth with alanine supplementation and spermine treatment.
G9	0.0	0.0	0.0	0.0	0.0003866666666666685	0.0003866666666666685	0.0003866666666666685	0.0003866666666666685	0.0003866666666666685	0.0	0.0	0.0	0.0	0.0	0.0	0.0	0.0	0.0	0.0	0.0	0.00010000000000000009	0.00010000000000000009	0.0006866666666666688	0.001246666666666668	0.002799999999999997	0.004593333333333327	0.005086666666666656	0.005913333333333321	0.006813333333333321	0.006533333333333324	0.0069866666666666575	0.008519999999999995	0.010559999999999991	0.013033333333333324	0.016326666666666656	0.01929999999999999	0.02355999999999999	0.026659999999999996	0.03081333333333333	0.03540666666666667	0.04030666666666667	0.04591333333333334	0.053153333333333344	0.06038000000000001	0.06834000000000001	0.07821333333333334	0.08848666666666667	0.09864666666666666	0.11039333333333332	0.12263333333333333	0.13457333333333332	0.1471	0.16239333333333333	0.17668	0.19138	0.2089	0.22880000000000003	0.24888	0.2723066666666666	0.29301999999999995	0.30279333333333336	Growth with alanine supplementation and spermine treatment.
G10	0.001093333333333335	0.001093333333333335	0.0013333333333333335	0.0016933333333333327	0.0037000000000000006	0.004806666666666667	0.0053399999999999975	0.006626666666666664	0.006906666666666661	0.007033333333333325	0.008273333333333327	0.009739999999999993	0.009506666666666663	0.010499999999999999	0.01011333333333333	0.009366666666666662	0.009366666666666667	0.009193333333333331	0.0075466666666666685	0.006866666666666671	0.006006666666666665	0.005526666666666663	0.004826666666666662	0.005873333333333325	0.006399999999999989	0.007033333333333325	0.005606666666666654	0.005193333333333322	0.004773333333333324	0.004593333333333327	0.004706666666666659	0.005579999999999996	0.006019999999999998	0.005533333333333329	0.004486666666666661	0.004559999999999997	0.004060000000000003	0.003960000000000003	0.004613333333333342	0.004926666666666679	0.004546666666666682	0.004653333333333348	0.00499333333333335	0.004940000000000016	0.005820000000000014	0.00619333333333334	0.0070666666666666655	0.006826666666666659	0.00657333333333332	0.005873333333333319	0.00507333333333333	0.004720000000000002	0.00397333333333334	0.0036000000000000086	0.002740000000000009	0.0028600000000000014	0.0028600000000000014	0.0031399999999999983	0.0031266666666666665	0.003760000000000002	0.003413333333333335	Media control
G11	0.0014933333333333354	0.0018266666666666709	0.0029333333333333407	0.0029333333333333407	0.0024333333333333403	0.0037466666666666733	0.00498666666666667	0.006513333333333332	0.00962	0.011933333333333341	0.012293333333333345	0.011420000000000013	0.010606666666666681	0.008760000000000013	0.006553333333333339	0.0049666666666666635	0.0047066666666666646	0.004493333333333333	0.004026666666666667	0.005206666666666676	0.006186666666666685	0.0067866666666666796	0.0070066666666666775	0.008733333333333348	0.009460000000000001	0.010893333333333328	0.012166666666666664	0.01399333333333333	0.015133333333333327	0.017153333333333333	0.01852666666666667	0.01986	0.020999999999999998	0.022473333333333328	0.024366666666666658	0.026859999999999988	0.03047999999999999	0.03357999999999999	0.03799333333333333	0.04276666666666666	0.04746666666666666	0.05231333333333332	0.05997333333333334	0.06648	0.07396	0.08227333333333334	0.09054666666666666	0.09746666666666666	0.10613333333333333	0.11457333333333333	0.12393333333333331	0.13520000000000001	0.1477133333333333	0.15998	0.17568	0.19005999999999998	0.20617999999999997	0.22258	0.24140666666666669	0.2549	0.26267333333333337	Growth with high glutamate supplementation and spermine treatment.
G12	0.008126666666666674	0.007066666666666671	0.005800000000000002	0.004166666666666668	0.002346666666666666	0.0011266666666666647	0.00036666666666666515	0.0	0.0	0.0	0.0	0.0017799999999999982	0.0033199999999999953	0.007219999999999993	0.009606666666666657	0.01393999999999999	0.015799999999999998	0.019233333333333335	0.018653333333333338	0.02048000000000001	0.01906000000000001	0.018760000000000006	0.01728	0.017246666666666667	0.016746666666666667	0.018146666666666665	0.01840666666666666	0.01859333333333333	0.020586666666666663	0.021446666666666662	0.022259999999999995	0.02324	0.025846666666666664	0.026539999999999998	0.028779999999999993	0.02912666666666667	0.03164	0.03190666666666666	0.03423333333333334	0.03604666666666666	0.03978666666666666	0.042926666666666655	0.04797333333333333	0.05287333333333333	0.05785333333333333	0.06328666666666667	0.06999999999999999	0.07748666666666666	0.08510666666666666	0.09547999999999998	0.10522000000000001	0.11534666666666668	0.12601333333333337	0.13595333333333334	0.14754666666666666	0.15940000000000001	0.17161333333333334	0.18510666666666667	0.2023	0.21468000000000004	0.22168666666666667	Growth with alanine supplementation, no spermine treatment.
H1	0.007800000000000001	0.007800000000000001	0.0039000000000000007	0.0	0.0	0.0	0.0	0.0	0.0	0.0	0.0	0.0	0.0	0.0	0.0	0.0	0.0	0.0	0.0	0.0	0.0	0.0	0.0	0.0	0.0	0.0001066666666666688	0.0008466666666666651	0.003226666666666661	0.006726666666666659	0.01107999999999999	0.016919999999999984	0.02241333333333332	0.026413333333333334	0.030413333333333337	0.03443333333333334	0.03965333333333334	0.045120000000000014	0.052026666666666666	0.058606666666666675	0.06562000000000001	0.07102	0.07909333333333335	0.08679333333333335	0.09594666666666667	0.10703333333333334	0.11903999999999999	0.1332533333333333	0.14634666666666668	0.1608733333333333	0.17600666666666664	0.19236666666666666	0.20724	0.22630666666666666	0.24694666666666665	0.2692866666666667	0.29361333333333334	0.31932	0.34659999999999996	0.3744866666666667	0.3968266666666667	0.4079933333333333	Baseline growth with no supplementation or treatment.
H3	0.0	0.0	0.0	0.0	0.0	0.0	0.0	0.0	0.0	0.0	0.0	0.0	0.0	0.0	0.0	0.0	0.0	0.0	0.0	0.0	0.0	0.0	5.9999999999998944e-05	0.0027533333333333355	0.0032600000000000016	0.006020000000000003	0.012366666666666675	0.016506666666666676	0.018520000000000002	0.024326666666666674	0.031046666666666674	0.03408666666666667	0.04322	0.05173333333333334	0.05908	0.06384666666666666	0.07171333333333332	0.07561999999999999	0.08223333333333331	0.09026666666666665	0.10040666666666667	0.10953333333333333	0.12222	0.13477333333333333	0.14862666666666663	0.1632	0.18014000000000002	0.19610666666666665	0.21250666666666668	0.23132000000000003	0.25214	0.27376	0.2976933333333333	0.3240333333333333	0.35467333333333334	0.38356666666666667	0.41545333333333334	0.4480933333333333	0.48175999999999997	0.5055533333333333	0.5193466666666666	Growth with low glutamate supplementation and spermine treatment.
H5	0.0026400000000000035	0.0013200000000000017	0.0013200000000000017	0.0015466666666666712	0.0004200000000000037	0.0032000000000000028	0.004286666666666672	0.005140000000000006	0.006060000000000005	0.006640000000000002	0.0055333333333333345	0.006346666666666667	0.0059666666666666705	0.00629333333333334	0.006673333333333337	0.0050000000000000044	0.003100000000000003	0.002626666666666666	0.0011533333333333285	0.0	0.0	0.0	0.0011800000000000033	0.0025933333333333364	0.003300000000000003	0.005540000000000001	0.012026666666666663	0.017646666666666665	0.02338	0.02858666666666667	0.033046666666666676	0.03328666666666668	0.036460000000000006	0.039333333333333345	0.04474	0.050006666666666665	0.05895333333333332	0.06363999999999999	0.07023333333333331	0.07720666666666667	0.08578666666666665	0.09253333333333333	0.10247999999999999	0.11411333333333333	0.12686666666666663	0.14085999999999999	0.15548	0.17086666666666667	0.18646666666666664	0.20436	0.22283999999999998	0.24311999999999995	0.2651933333333333	0.2896333333333333	0.3192933333333333	0.3453466666666667	0.37539333333333336	0.4083333333333333	0.44182	0.4649933333333333	0.4809266666666666	Growth with spermine treatment, no supplementation.
H6	0.008093333333333336	0.008240000000000003	0.006633333333333338	0.002940000000000004	0.004613333333333336	0.006093333333333328	0.0064999999999999945	0.007333333333333325	0.009746666666666659	0.010386666666666655	0.010119999999999995	0.011106666666666659	0.010193333333333327	0.009913333333333324	0.009299999999999992	0.010053333333333326	0.008386666666666664	0.00845333333333333	0.007079999999999992	0.006339999999999996	0.00673333333333333	0.00899999999999999	0.008706666666666663	0.010633333333333333	0.012353333333333332	0.013166666666666665	0.01147333333333333	0.011626666666666664	0.011833333333333335	0.011733333333333328	0.010719999999999997	0.013246666666666667	0.0124	0.011133333333333328	0.01097333333333334	0.010620000000000008	0.008686666666666676	0.010233333333333339	0.010993333333333345	0.011126666666666674	0.01077333333333334	0.012740000000000007	0.012286666666666678	0.011106666666666671	0.010220000000000002	0.009660000000000002	0.0078066666666666675	0.007899999999999996	0.00922	0.008540000000000002	0.009146666666666674	0.010200000000000004	0.010753333333333337	0.010613333333333341	0.01196666666666667	0.012853333333333333	0.01130000000000001	0.011253333333333343	0.011413333333333336	0.01126666666666667	0.011659999999999998	Media control
H7	0.002340000000000003	0.005013333333333333	0.0051600000000000005	0.005579999999999999	0.006966666666666665	0.004866666666666663	0.002673333333333333	0.002979999999999999	0.002513333333333334	0.0025466666666666693	0.0037466666666666703	0.003800000000000009	0.0045600000000000085	0.005180000000000007	0.0037933333333333374	0.0037533333333333364	0.004066666666666668	0.003693333333333332	0.005333333333333329	0.006813333333333333	0.007800000000000007	0.009673333333333334	0.01129333333333334	0.01116666666666668	0.012433333333333341	0.012699999999999994	0.014693333333333326	0.01649333333333332	0.019266666666666647	0.021279999999999986	0.024619999999999993	0.02572666666666667	0.028513333333333342	0.030533333333333346	0.03426666666666668	0.03793333333333334	0.04186666666666667	0.04583333333333333	0.05146666666666666	0.057319999999999996	0.06482666666666667	0.07292666666666667	0.0816	0.09128	0.10142666666666666	0.11303333333333332	0.1265133333333333	0.14065999999999998	0.15658	0.17456666666666668	0.19382666666666665	0.21497333333333338	0.24144000000000002	0.26913333333333334	0.29533333333333334	0.32694	0.36094666666666664	0.39425333333333334	0.4287866666666666	0.46038666666666667	0.47463999999999995	Growth with alanine supplementation and spermine treatment.
H8	0.002180000000000004	0.0037866666666666717	0.004900000000000004	0.004900000000000004	0.004900000000000004	0.00534	0.007246666666666668	0.009793333333333331	0.012666666666666665	0.01552	0.014640000000000004	0.012573333333333336	0.011073333333333334	0.010240000000000004	0.009713333333333334	0.01035333333333333	0.012166666666666664	0.012793333333333334	0.015433333333333327	0.015633333333333325	0.016139999999999998	0.015513333333333329	0.01575333333333333	0.013986666666666675	0.013813333333333339	0.013779999999999997	0.015793333333333333	0.017273333333333328	0.017926666666666657	0.020059999999999995	0.02124	0.021566666666666668	0.024073333333333335	0.02585333333333334	0.026906666666666672	0.029053333333333337	0.031146666666666666	0.031113333333333333	0.03362666666666666	0.03593999999999999	0.03938666666666667	0.04190666666666666	0.045079999999999995	0.048639999999999996	0.05276666666666665	0.056533333333333324	0.06175333333333333	0.06608	0.07055999999999998	0.07596666666666667	0.08098666666666668	0.08631333333333333	0.09366	0.10105333333333336	0.11181333333333335	0.1214	0.13204666666666667	0.14335333333333336	0.15554666666666667	0.16288666666666668	0.16802000000000003	Growth with high glutamate supplementation and spermine treatment.
H9	0.0	0.0	0.0	0.0	0.0	0.0	0.0	0.0	0.0	0.0	0.0	0.0	0.0	0.0	0.0	0.0	0.0	0.0	0.0	0.0	0.0	0.0	0.0	0.0	0.0	0.0	0.0	0.000273333333333331	0.001653333333333329	0.004366666666666663	0.007173333333333332	0.011079999999999996	0.014399999999999996	0.015573333333333333	0.016326666666666663	0.019559999999999994	0.02076	0.021700000000000004	0.02499333333333334	0.02830666666666668	0.030666666666666682	0.03671333333333335	0.043173333333333355	0.04948000000000001	0.05576000000000001	0.06255333333333334	0.06858666666666666	0.07674666666666666	0.08495333333333333	0.09427333333333332	0.10349333333333333	0.11435999999999999	0.12639333333333333	0.13940000000000002	0.1528	0.16912	0.18794	0.20762	0.23078666666666664	0.25154	0.2616733333333333	Growth with alanine supplementation, no spermine treatment.
H10	0.008153333333333328	0.008186666666666667	0.011153333333333338	0.011153333333333338	0.0077333333333333395	0.006420000000000006	0.0029666666666666704	0.0	0.0005066666666666663	0.0011200000000000042	0.003326666666666672	0.004146666666666676	0.005546666666666677	0.006800000000000012	0.007573333333333337	0.007746666666666668	0.009566666666666663	0.011813333333333325	0.013306666666666661	0.01716666666666667	0.019906666666666673	0.022906666666666676	0.02468666666666668	0.02737333333333335	0.03100000000000001	0.035253333333333345	0.04050666666666668	0.04681333333333334	0.05363333333333333	0.059853333333333335	0.06676666666666667	0.0703	0.07592	0.08319333333333331	0.09232666666666665	0.09963999999999999	0.11279999999999998	0.12442	0.13605333333333333	0.14664666666666665	0.16078666666666663	0.17579333333333333	0.19335333333333332	0.21319999999999997	0.23606	0.26137333333333335	0.28776666666666667	0.31720666666666664	0.3490333333333333	0.37959333333333334	0.41337333333333326	0.4501799999999999	0.4868733333333333	0.5253	0.5733	0.62108	0.67128	0.72798	0.7844666666666666	0.8264799999999999	0.8512333333333333	Growth with low glutamate supplementation, no spermine treatment.
H11	0.0008466666666666678	0.002300000000000002	0.0027000000000000053	0.002393333333333339	0.002393333333333339	0.0021600000000000035	0.0010200000000000014	0.001206666666666667	0.002413333333333334	0.00324666666666667	0.003613333333333341	0.004480000000000012	0.004566666666666675	0.003860000000000008	0.004313333333333336	0.0049266666666666625	0.004286666666666661	0.003533333333333327	0.004766666666666658	0.004206666666666664	0.00490666666666667	0.005566666666666669	0.007246666666666674	0.006233333333333346	0.006520000000000009	0.005773333333333336	0.00606666666666667	0.0056133333333333365	0.006113333333333332	0.006393333333333334	0.00606666666666667	0.0060599999999999985	0.004959999999999992	0.004133333333333327	0.003746666666666654	0.0035999999999999865	0.002639999999999987	0.00411999999999999	0.004573333333333323	0.005666666666666658	0.006826666666666659	0.007493333333333329	0.006793333333333329	0.006299999999999989	0.005339999999999995	0.004053333333333331	0.0034066666666666633	0.0029266666666666664	0.003193333333333337	0.0029533333333333356	0.003653333333333336	0.00388	0.005093333333333333	0.005820000000000003	0.006220000000000003	0.005540000000000001	0.004766666666666669	0.004586666666666667	0.004573333333333335	0.00470666666666667	0.006040000000000001	Media control
H12	0.015326666666666664	0.017926666666666664	0.022479999999999997	0.0257	0.027700000000000002	0.03154	0.034146666666666665	0.030959999999999994	0.029319999999999992	0.030513333333333326	0.028519999999999997	0.025653333333333334	0.02523333333333333	0.025879999999999997	0.024973333333333327	0.02387999999999999	0.024459999999999992	0.027413333333333335	0.030313333333333338	0.03308000000000001	0.03642000000000001	0.037880000000000004	0.03922	0.03922666666666667	0.04250666666666667	0.046786666666666664	0.05386666666666666	0.05929333333333333	0.06422666666666667	0.07006666666666667	0.07252	0.07656	0.08350666666666666	0.09276	0.10389999999999999	0.11140666666666665	0.11714	0.11816666666666667	0.11945333333333334	0.11644666666666667	0.12078666666666667	0.12640666666666667	0.13675333333333334	0.14851333333333333	0.1618133333333333	0.17632666666666666	0.19252	0.20972666666666667	0.22994666666666666	0.25438	0.28198	0.31210666666666664	0.3473533333333333	0.3850733333333333	0.4286266666666666	0.47352	0.5233733333333334	0.5724866666666667	0.6225400000000001	0.6598	0.6800266666666668	Growth with high glutamate supplementation, no spermine treatment.
