well	0	1200	2400	3600	4800	6000	7200	8400	9600	10800	12000	13200	14400	15600	16800	18000	19200	20400	21600	22800	24000	25200	26400	27600	28800	30000	31200	32400	33600	34800	36000	37200	38400	39600	40800	42000	43200	44400	45600	46800	48000	49200	50400	51600	52800	54000	55200	56400	57600	58800	60000	61200	62400	63600	64800	66000	67200	68400	69600	70800	72000	Summary
A1	0.05796000000000001	0.049920000000000006	0.041473333333333334	0.03087333333333333	0.022159999999999992	0.022653333333333324	0.025233333333333323	0.02574666666666665	0.02683333333333332	0.03417333333333332	0.03661333333333332	0.04043999999999999	0.04433333333333332	0.050739999999999987	0.053133333333333324	0.05497333333333332	0.05778666666666667	0.06303333333333334	0.06770666666666666	0.07082666666666668	0.07760666666666667	0.08403333333333333	0.08775999999999999	0.09251333333333335	0.09786666666666669	0.10236	0.10705333333333336	0.11162000000000001	0.11440666666666668	0.11794000000000002	0.12313333333333334	0.12854000000000002	0.1376666666666667	0.14809999999999998	0.15780666666666668	0.1690333333333333	0.17943333333333333	0.18793333333333334	0.1964266666666667	0.20735333333333333	0.2200533333333333	0.23216	0.24652	0.26432666666666665	0.28383333333333327	0.29960000000000003	0.32041333333333333	0.34198	0.36568	0.3867733333333333	0.4112733333333334	0.43481999999999993	0.46104666666666666	0.48768666666666666	0.51888	0.5529733333333333	0.5907133333333333	0.6281933333333334	0.66862	0.70296	0.71806	Caffeine treatment without arginine supplementation.
A2	0.030159999999999992	0.024766666666666666	0.020539999999999996	0.016239999999999994	0.014866666666666667	0.009459999999999996	0.012713333333333326	0.013466666666666655	0.01593333333333332	0.013353333333333323	0.017473333333333323	0.01693999999999999	0.015293333333333325	0.013259999999999994	0.014773333333333328	0.010566666666666663	0.007960000000000005	0.0061400000000000066	0.0030666666666666733	0.0006866666666666743	0.002093333333333336	0.0036399999999999987	0.005693333333333333	0.00779333333333333	0.00958666666666666	0.012780000000000003	0.014013333333333333	0.01432	0.01730666666666667	0.015500000000000003	0.015573333333333333	0.018080000000000002	0.017246666666666667	0.014660000000000001	0.01784666666666667	0.017073333333333336	0.017073333333333336	0.019613333333333337	0.022686666666666667	0.02425333333333333	0.021953333333333335	0.020640000000000002	0.021880000000000004	0.020186666666666676	0.019393333333333335	0.02178	0.021213333333333334	0.01883999999999999	0.015859999999999992	0.015033333333333326	0.013733333333333325	0.012479999999999986	0.012086666666666657	0.013366666666666655	0.011719999999999986	0.010473333333333317	0.011833333333333324	0.010193333333333327	0.010239999999999994	0.010419999999999995	0.00988	Media control
A3	0.04247999999999999	0.04108666666666666	0.03954666666666666	0.03775999999999999	0.03756666666666666	0.04639999999999999	0.051153333333333315	0.05141333333333333	0.04966666666666667	0.05686666666666666	0.05910000000000001	0.06381333333333335	0.06914000000000001	0.08026000000000001	0.08573333333333333	0.09315999999999999	0.10001333333333333	0.11024	0.11916	0.13080666666666668	0.14595333333333332	0.16114666666666666	0.17699333333333334	0.19461333333333336	0.21470666666666668	0.2325266666666667	0.2575	0.28314666666666666	0.3079	0.33483333333333337	0.3633266666666667	0.39578	0.4319533333333334	0.47311999999999993	0.5106266666666667	0.5604733333333334	0.6100199999999999	0.6602866666666667	0.7092400000000001	0.7681066666666666	0.8304599999999999	0.8985933333333334	0.9722266666666666	1.0503266666666666	1.1335533333333334	1.2099666666666669	1.2851666666666666	1.3572866666666668	1.4315133333333334	1.4996066666666668	1.5625933333333333	1.6205533333333335	1.6756999999999997	1.7383400000000002	1.7749400000000002	1.82228	1.87178	1.9299666666666666	1.9645333333333332	2.01244	2.04352	Low arginine supplementation without caffeine treatment.
A4	0.026499999999999996	0.025286666666666662	0.02444666666666666	0.022399999999999993	0.02414666666666666	0.028099999999999997	0.03453333333333333	0.03919333333333334	0.044446666666666676	0.04990666666666667	0.04734	0.049813333333333334	0.04974	0.05296000000000001	0.05461333333333333	0.06646	0.07285333333333334	0.0893	0.09766	0.11054666666666665	0.11821333333333332	0.13282666666666668	0.13729333333333332	0.14829333333333333	0.15972666666666668	0.17090666666666668	0.18298	0.20156666666666667	0.23048000000000002	0.2533933333333333	0.29390666666666665	0.32572000000000007	0.3590133333333333	0.3865	0.43950666666666666	0.46819333333333335	0.51034	0.5500466666666666	0.6128399999999999	0.6667866666666666	0.7190799999999999	0.7734733333333332	0.8383266666666668	0.8861266666666667	0.9331333333333334	1.0000666666666667	1.0687466666666667	1.1358066666666666	1.2033733333333334	1.2743266666666666	1.3411333333333333	1.4259533333333334	1.4889800000000002	1.55218	1.59806	1.6511	1.6911200000000002	1.7427066666666668	1.7875133333333335	1.8321	1.85378	High arginine supplementation without caffeine treatment.
A5	0.05013999999999998	0.048866666666666655	0.03797333333333333	0.030606666666666664	0.02814666666666667	0.03062	0.03879333333333333	0.04534666666666666	0.05112666666666667	0.05907333333333333	0.06445333333333333	0.06581333333333335	0.07070666666666667	0.07701333333333334	0.0807	0.08607999999999998	0.09052666666666667	0.09816666666666665	0.10032666666666665	0.11102666666666665	0.11725999999999999	0.12869999999999998	0.13706666666666667	0.14853333333333335	0.15770666666666666	0.17052	0.18125333333333332	0.19679333333333332	0.2194333333333333	0.23539333333333334	0.26131333333333334	0.28507333333333335	0.3103666666666666	0.33161333333333337	0.3695	0.3960533333333333	0.42877333333333334	0.4673	0.5170333333333333	0.56364	0.6076733333333333	0.6556733333333333	0.7045399999999999	0.7496733333333333	0.79512	0.8532733333333333	0.91422	0.97852	1.04738	1.1201133333333333	1.1984266666666668	1.2896733333333334	1.3637866666666667	1.4390466666666668	1.4976533333333335	1.5560333333333334	1.5998466666666666	1.6546733333333337	1.7065000000000001	1.7589333333333332	1.7801733333333332	Negative control with alanine supplementation without caffeine.
A6	0.050939999999999985	0.05174666666666666	0.050993333333333335	0.04376666666666666	0.04400666666666667	0.04308	0.04373333333333333	0.04052666666666666	0.045206666666666666	0.04637333333333333	0.04633333333333333	0.05135333333333333	0.05320666666666666	0.057093333333333315	0.06121999999999998	0.06447999999999998	0.06346666666666666	0.07108666666666666	0.06854666666666667	0.07340666666666666	0.07686	0.08295999999999999	0.08058666666666667	0.08585333333333332	0.08630666666666667	0.08848	0.09079333333333334	0.09513333333333333	0.09957333333333333	0.10067333333333335	0.10451333333333332	0.10871333333333336	0.11340666666666668	0.11555333333333333	0.1232	0.12919333333333333	0.1343933333333333	0.14236	0.15069333333333332	0.1618	0.1724133333333333	0.1844333333333333	0.19537999999999997	0.21025333333333332	0.22206	0.23379333333333338	0.24700000000000003	0.26250000000000007	0.27754	0.29295333333333334	0.31096666666666667	0.3290533333333333	0.34830666666666665	0.3696466666666666	0.3940133333333333	0.4193933333333334	0.44434666666666667	0.46897333333333335	0.49816000000000005	0.5213733333333332	0.5300933333333333	High arginine supplementation with caffeine treatment.
A7	0.016606666666666676	0.018746666666666682	0.012786666666666679	0.010860000000000003	0.010193333333333342	0.017240000000000005	0.017993333333333333	0.02516666666666667	0.027633333333333336	0.03710666666666666	0.03982666666666666	0.05029999999999999	0.054179999999999985	0.06232	0.06578666666666666	0.07208	0.07632000000000001	0.08549333333333334	0.09212000000000001	0.10352000000000001	0.11256	0.12352666666666667	0.13480666666666666	0.14898666666666666	0.16247333333333333	0.18048	0.19756666666666667	0.21867999999999999	0.24232666666666666	0.26491333333333333	0.29046000000000005	0.3182333333333333	0.34761333333333333	0.3760866666666667	0.41248666666666667	0.44904	0.4879866666666667	0.53024	0.5776266666666666	0.6296733333333333	0.6817866666666667	0.7366066666666666	0.7973199999999999	0.85764	0.9162866666666666	0.9823599999999999	1.0533333333333332	1.1217866666666665	1.1969400000000001	1.2721533333333332	1.3410866666666668	1.4074466666666665	1.4692866666666666	1.5335933333333334	1.5888533333333335	1.6388533333333335	1.68918	1.7511666666666668	1.7948866666666667	1.83418	1.8681066666666666	Negative control with alanine supplementation without caffeine.
A8	0.022419999999999995	0.023346666666666665	0.019800000000000005	0.013993333333333335	0.013760000000000005	0.01352000000000001	0.014960000000000006	0.021580000000000005	0.027760000000000007	0.033220000000000006	0.04148	0.04590000000000001	0.04846666666666667	0.05462666666666667	0.06079333333333333	0.06532	0.07156666666666667	0.0801	0.08778000000000001	0.09562	0.10811333333333333	0.12228666666666665	0.13315333333333332	0.1476866666666667	0.16363333333333333	0.17787999999999998	0.19332666666666667	0.2129	0.23415999999999998	0.25515333333333334	0.2800333333333333	0.3056933333333333	0.3328933333333333	0.3623333333333333	0.3979933333333333	0.43144666666666665	0.4669466666666667	0.5054933333333334	0.5484666666666667	0.5951866666666665	0.6441133333333333	0.6969533333333333	0.7532733333333332	0.8090933333333332	0.8641266666666667	0.9255599999999999	0.9916733333333333	1.0587133333333334	1.1306266666666667	1.2044666666666666	1.2707933333333332	1.3410466666666667	1.4031733333333332	1.46852	1.5238800000000001	1.5809466666666667	1.6289333333333336	1.6876200000000001	1.7346666666666668	1.7773066666666666	1.8038866666666666	Baseline condition with no supplementation or treatment.
A9	0.004979999999999996	0.007106666666666661	0.006800000000000003	0.005420000000000008	0.007906666666666673	0.007506666666666667	0.010706666666666665	0.017166666666666663	0.020519999999999993	0.021899999999999996	0.02518	0.02684000000000001	0.028806666666666675	0.03176666666666668	0.038833333333333345	0.04354000000000001	0.04796666666666667	0.054259999999999996	0.06636	0.07428000000000001	0.08711333333333333	0.09918666666666667	0.11405333333333337	0.12980666666666668	0.15065333333333336	0.17138	0.1929266666666667	0.21118	0.22374	0.24023333333333335	0.2536733333333333	0.27585333333333334	0.2999333333333333	0.3327133333333333	0.3584133333333333	0.3956666666666666	0.4314866666666667	0.4700333333333333	0.5042866666666667	0.5480466666666667	0.5949533333333334	0.6456133333333334	0.7010533333333334	0.7663933333333335	0.8352666666666668	0.90036	0.9666133333333333	1.0366533333333332	1.1096666666666668	1.1799666666666666	1.251353333333333	1.3119866666666666	1.3845733333333332	1.4535200000000001	1.5198399999999999	1.576986666666667	1.6378133333333333	1.6924200000000003	1.7435666666666667	1.7846266666666666	1.8142466666666663	Negative control with alanine supplementation without caffeine.
A10	0.0008000000000000062	0.001606666666666673	0.0012066666666666697	0.0008066666666666667	0.0008066666666666667	0.0017066666666666675	0.0011066666666666668	0.0011066666666666668	0.0011066666666666668	0.0033733333333333337	0.004013333333333336	0.004713333333333336	0.005053333333333338	0.005446666666666672	0.004013333333333336	0.002473333333333333	0.0015666666666666663	0.001699999999999996	0.0013066666666666615	0.0008466666666666622	0.0008466666666666622	0.0008466666666666622	0.0003733333333333311	0.00043999999999999595	0.00016666666666666495	0.00016666666666666495	0.00017999999999999684	0.00017999999999999684	0.00011333333333333196	1.3333333333331865e-05	1.3333333333331865e-05	0.00045333333333332784	0.00045333333333332784	0.00045333333333332784	0.00045333333333332784	0.00045333333333332784	0.0	0.0006599999999999995	0.0006599999999999995	0.0006599999999999995	0.0006599999999999995	0.0006599999999999995	0.0	0.0	0.0	0.0	0.0009866666666666635	0.002106666666666662	0.002106666666666662	0.002106666666666662	0.0028533333333333245	0.003726666666666656	0.003033333333333321	0.003033333333333321	0.003033333333333321	0.00245999999999999	0.000599999999999995	0.0001733333333333309	0.0007000000000000006	0.0012266666666666704	0.0010533333333333395	Media control
A11	0.04037333333333334	0.04322666666666668	0.04427333333333334	0.04488	0.04748000000000001	0.042673333333333334	0.04121333333333334	0.041020000000000015	0.042453333333333336	0.04402666666666667	0.049400000000000006	0.05218666666666667	0.05547333333333333	0.05702666666666667	0.06122666666666667	0.06600666666666667	0.07096	0.07470666666666667	0.07827333333333333	0.07896	0.08148666666666667	0.08371999999999999	0.08868666666666666	0.09359999999999999	0.10182	0.10812	0.11658666666666666	0.12150666666666665	0.12992666666666666	0.1377	0.1438	0.1507	0.16005333333333333	0.16732	0.17243333333333333	0.18206666666666665	0.19248	0.20076666666666668	0.21086666666666667	0.2231866666666667	0.23642666666666665	0.2490333333333333	0.26598	0.28326	0.30227333333333334	0.32054	0.3406666666666666	0.3613	0.38442	0.40892	0.43147333333333326	0.4561	0.48338666666666663	0.5116666666666667	0.5402466666666668	0.5753333333333334	0.6153	0.65456	0.6962733333333333	0.7317466666666667	0.7496933333333333	Negative control with alanine supplementation and caffeine treatment.
A12	0.05041333333333333	0.0586	0.062406666666666666	0.06439333333333333	0.07237333333333333	0.07058666666666666	0.06966000000000001	0.06912666666666667	0.07150666666666668	0.07024666666666668	0.07354666666666668	0.07645333333333335	0.07872000000000001	0.08204666666666668	0.08792000000000003	0.09163333333333334	0.09280000000000002	0.09616666666666668	0.0971	0.10029999999999999	0.10281999999999998	0.10654666666666665	0.10802666666666667	0.11198000000000001	0.11291333333333334	0.11740666666666669	0.12410666666666667	0.13065333333333334	0.14068	0.15153333333333333	0.1613	0.16957333333333333	0.17821333333333333	0.18260666666666667	0.19218666666666667	0.19726000000000002	0.2052	0.21466666666666664	0.23020000000000002	0.24332666666666664	0.25710666666666665	0.27072666666666667	0.28741999999999995	0.29869333333333337	0.31045333333333336	0.3285933333333333	0.3465533333333333	0.3624533333333333	0.37951999999999997	0.40026666666666666	0.4169533333333334	0.44066666666666665	0.4606733333333334	0.48292	0.502	0.5235466666666666	0.5444333333333333	0.5696733333333334	0.59364	0.6137333333333332	0.6260733333333334	Low arginine supplementation with caffeine treatment.
B1	0.012873333333333337	0.01988	0.02018666666666667	0.017793333333333345	0.01759333333333334	0.019	0.014640000000000004	0.016026666666666668	0.01897333333333333	0.02809333333333333	0.032606666666666666	0.03689333333333333	0.042913333333333324	0.050919999999999986	0.05339333333333333	0.05829333333333333	0.06386666666666667	0.06921999999999999	0.08143333333333333	0.08957333333333332	0.10465333333333333	0.11398666666666668	0.1267066666666667	0.13572	0.15006	0.16292	0.18628	0.20760666666666666	0.22482666666666667	0.24990666666666667	0.2746	0.30104	0.3321666666666667	0.3673733333333334	0.39694	0.4343466666666667	0.47158000000000005	0.5100333333333334	0.5496133333333334	0.5968600000000001	0.64876	0.7050866666666666	0.76188	0.8267533333333332	0.8961733333333333	0.9610066666666667	1.0267333333333333	1.0969000000000002	1.1663666666666668	1.23164	1.30028	1.36136	1.4209	1.4776866666666666	1.5284	1.57578	1.6236133333333336	1.6775133333333332	1.7190733333333335	1.7546933333333332	1.7804066666666665	High arginine supplementation without caffeine treatment.
B2	0.02820000000000001	0.024640000000000006	0.02883333333333334	0.026653333333333334	0.026199999999999994	0.030293333333333332	0.03317333333333333	0.027306666666666663	0.02879333333333333	0.02929333333333333	0.025973333333333327	0.02699999999999999	0.029973333333333324	0.03389999999999999	0.03637333333333333	0.04175333333333333	0.04818666666666667	0.05675333333333334	0.06206666666666667	0.06882666666666667	0.07396666666666667	0.07655333333333333	0.07936000000000001	0.08089333333333334	0.08252666666666666	0.08580000000000002	0.09093333333333334	0.09368000000000001	0.10126666666666669	0.10578000000000001	0.11525333333333335	0.12202000000000002	0.13216666666666668	0.1385	0.15088666666666667	0.15889333333333333	0.17027333333333333	0.18149333333333334	0.19896666666666668	0.21503333333333333	0.2297933333333333	0.24402	0.25752	0.27148666666666665	0.2869733333333333	0.3045	0.3253733333333333	0.3459	0.36613999999999997	0.38563333333333333	0.40831333333333325	0.43414	0.45914666666666665	0.48524666666666666	0.51228	0.5416133333333333	0.5679533333333333	0.5994933333333333	0.6331	0.6627	0.6757000000000001	High arginine supplementation with caffeine treatment.
B3	0.010159999999999997	0.011940000000000001	0.016773333333333335	0.020573333333333332	0.023780000000000003	0.02407333333333333	0.027553333333333326	0.02862666666666665	0.029013333333333318	0.03359333333333332	0.03727333333333332	0.04083999999999999	0.04395333333333332	0.04947999999999999	0.05249333333333332	0.055453333333333334	0.058866666666666664	0.06533333333333334	0.07186666666666668	0.07784666666666669	0.08628666666666666	0.09203333333333333	0.09644	0.10171333333333335	0.10766666666666666	0.11318000000000002	0.12361333333333333	0.1343	0.14126666666666665	0.1513	0.16213333333333332	0.17216	0.18390666666666666	0.19678	0.20686666666666667	0.21937333333333334	0.23259333333333335	0.24485333333333337	0.26048666666666664	0.27763333333333334	0.2964733333333333	0.31524	0.33364000000000005	0.35572666666666664	0.3796533333333333	0.40162000000000003	0.42877333333333334	0.45705999999999997	0.48712	0.5192733333333333	0.5544733333333334	0.5889800000000001	0.6273266666666666	0.6664266666666666	0.70694	0.7479133333333333	0.7899533333333333	0.8332733333333333	0.88148	0.9223399999999999	0.9406000000000001	Caffeine treatment without arginine supplementation.
B4	0.007880000000000009	0.0050000000000000044	0.007440000000000002	0.013653333333333333	0.01114	0.013613333333333333	0.015473333333333334	0.016393333333333336	0.012646666666666672	0.018546666666666673	0.018800000000000004	0.024693333333333338	0.03042000000000001	0.03814	0.045413333333333326	0.054599999999999996	0.06343333333333331	0.07268	0.0857	0.09572666666666667	0.11145333333333333	0.12288666666666667	0.13961333333333334	0.15511333333333335	0.17384666666666668	0.19012666666666667	0.21340000000000003	0.2353066666666667	0.24996000000000002	0.27199333333333336	0.2902666666666667	0.31761999999999996	0.3503333333333333	0.3932	0.4221866666666667	0.47189333333333333	0.5155	0.5597466666666666	0.59088	0.6361666666666667	0.6920999999999999	0.7490733333333334	0.8095266666666667	0.8900666666666666	0.9727333333333334	1.0451066666666666	1.1185266666666667	1.1875866666666668	1.2565133333333334	1.3275866666666665	1.3921333333333332	1.4422333333333333	1.5105	1.57272	1.6304200000000002	1.6912399999999999	1.7591	1.8215666666666668	1.8806333333333334	1.9286999999999999	1.95518	Negative control with alanine supplementation without caffeine.
B5	0.003726666666666667	0.0030733333333333333	0.0055266666666666684	0.0055266666666666684	0.005406666666666671	0.002986666666666671	0.0039000000000000033	0.0028133333333333344	0.0028133333333333344	0.0022799999999999986	0.004493333333333333	0.00401333333333333	0.005166666666666658	0.0055933333333333226	0.007719999999999988	0.007739999999999992	0.007886666666666663	0.0077666666666666665	0.00904666666666667	0.007066666666666671	0.007119999999999999	0.008879999999999999	0.007166666666666671	0.007293333333333335	0.008646666666666669	0.008040000000000002	0.007453333333333334	0.008153333333333328	0.007013333333333338	0.005513333333333337	0.004733333333333339	0.004493333333333338	0.003806666666666669	0.003993333333333332	0.005219999999999997	0.004593333333333327	0.003813333333333324	0.0034799999999999944	0.002973333333333328	0.0026599999999999957	0.0031933333333333314	0.0025933333333333364	0.0028400000000000035	0.002466666666666667	0.002353333333333335	0.002406666666666668	0.0029933333333333314	0.002573333333333333	0.002573333333333333	0.0017733333333333323	0.001746666666666663	0.0015133333333333277	0.0017666666666666607	0.0036733333333333284	0.004433333333333328	0.0035999999999999977	0.003293333333333337	0.0028466666666666697	0.0018533333333333347	0.002006666666666668	0.002006666666666668	Media control
B6	0.01718	0.015466666666666667	0.01405333333333334	0.016886666666666668	0.02024666666666667	0.02626	0.03317333333333333	0.03670666666666666	0.03612666666666667	0.03955333333333333	0.03827333333333333	0.03817333333333332	0.03758666666666666	0.03959333333333332	0.03929999999999999	0.042219999999999994	0.04344666666666667	0.045066666666666665	0.04290666666666666	0.04612666666666666	0.046400000000000004	0.052000000000000005	0.054266666666666664	0.06007333333333333	0.06552666666666666	0.07218	0.07667333333333334	0.08493333333333333	0.08977333333333334	0.09115333333333334	0.09727333333333335	0.10227333333333335	0.10678666666666667	0.11301333333333334	0.12288000000000002	0.12901333333333334	0.13687333333333335	0.14703999999999998	0.15751333333333334	0.16801999999999997	0.17989333333333332	0.1926333333333333	0.20532	0.2199533333333333	0.23490000000000003	0.25075333333333333	0.26698000000000005	0.28396000000000005	0.30176	0.3198533333333333	0.3391066666666666	0.3613933333333333	0.3846266666666666	0.4077466666666666	0.4324333333333333	0.4608133333333333	0.4895666666666667	0.5188133333333333	0.5527200000000001	0.5810133333333334	0.5928133333333333	Negative control with alanine supplementation and caffeine treatment.
B7	0.018686666666666667	0.014906666666666669	0.01253333333333333	0.01228666666666665	0.008999999999999985	0.007806666666666656	0.007439999999999991	0.005213333333333325	0.001959999999999995	0.002233333333333326	0.002233333333333326	0.002233333333333326	0.002233333333333326	0.0014133333333333276	0.00027999999999999694	0.00027999999999999694	0.00027999999999999694	0.00027999999999999694	2.6666666666669282e-05	0.0001466666666666727	0.0001466666666666727	0.0001466666666666727	0.0021733333333333383	0.002146666666666669	0.0023333333333333374	0.0023333333333333374	0.0023333333333333374	0.0003666666666666707	0.0016600000000000059	0.0013533333333333342	0.0013533333333333342	0.0013533333333333342	0.002353333333333335	0.0023466666666666636	0.0023466666666666636	0.002886666666666665	0.004253333333333331	0.0036266666666666613	0.0034733333333333283	0.0034733333333333283	0.0031066666666666578	0.0017399999999999916	0.0013066666666666615	0.0008866666666666634	0.0017933333333333302	0.002306666666666668	0.0031666666666666675	0.004046666666666665	0.004759999999999998	0.005233333333333335	0.004546666666666666	0.004046666666666665	0.003586666666666666	0.0028133333333333344	0.002153333333333329	0.002893333333333331	0.004039999999999993	0.005026666666666657	0.005026666666666657	0.004959999999999992	0.005626666666666652	Media control
B8	0.022779999999999995	0.022726666666666662	0.03218	0.04151333333333333	0.04346	0.0415	0.044180000000000004	0.04682	0.04814	0.048799999999999996	0.05032000000000001	0.053200000000000004	0.05438666666666667	0.05612666666666668	0.06433333333333334	0.07084	0.07792666666666667	0.08395999999999999	0.0948	0.10211999999999999	0.11483333333333332	0.12756666666666666	0.14575333333333332	0.16200666666666666	0.18269333333333332	0.2009	0.22294666666666668	0.24274	0.26088	0.28307333333333334	0.30795333333333336	0.33589333333333327	0.3678933333333333	0.40695333333333333	0.44227333333333335	0.48270666666666673	0.5241466666666666	0.5681533333333334	0.6099066666666667	0.6594666666666666	0.7153333333333334	0.7738133333333334	0.8319133333333333	0.8978133333333334	0.9667666666666668	1.0377399999999999	1.1046533333333333	1.1742333333333335	1.2474466666666668	1.3191066666666669	1.3832333333333335	1.4436866666666668	1.5162533333333332	1.58338	1.64344	1.7037266666666668	1.7637333333333332	1.81478	1.8656866666666665	1.9086466666666666	1.9290266666666667	High arginine supplementation without caffeine treatment.
B9	0.011460000000000003	0.009526666666666673	0.013040000000000006	0.014993333333333341	0.017860000000000008	0.01596000000000001	0.015780000000000006	0.018760000000000006	0.021240000000000002	0.019540000000000002	0.022720000000000008	0.02670000000000001	0.027206666666666674	0.03250666666666667	0.03725333333333334	0.04508	0.053066666666666665	0.05993999999999999	0.06728	0.07653999999999998	0.08451333333333333	0.09326666666666665	0.1040933333333333	0.11390666666666664	0.1258333333333333	0.13788	0.15106666666666663	0.16492	0.17915999999999999	0.19369333333333333	0.2095933333333333	0.22959333333333332	0.25115333333333334	0.2759733333333333	0.29835333333333336	0.3266066666666666	0.35470666666666667	0.3846333333333333	0.4120666666666667	0.44538666666666665	0.48273333333333335	0.5224133333333334	0.5640133333333333	0.6114933333333333	0.6626066666666667	0.71058	0.7600533333333332	0.8097533333333333	0.8630266666666666	0.9205466666666666	0.9761533333333332	1.0282066666666665	1.0897133333333333	1.14788	1.2078399999999998	1.2676466666666666	1.3349133333333332	1.38962	1.4538066666666667	1.5006466666666667	1.5201666666666667	Low arginine supplementation without caffeine treatment.
B10	0.05511333333333333	0.04524666666666666	0.05155333333333334	0.057600000000000005	0.054840000000000014	0.04927333333333334	0.05163333333333335	0.04620000000000001	0.042773333333333344	0.03998666666666668	0.04386000000000001	0.04618666666666667	0.04955333333333334	0.052166666666666674	0.056486666666666664	0.061886666666666666	0.06777999999999999	0.07232666666666666	0.07571333333333333	0.08092	0.08618666666666666	0.0927	0.10022666666666666	0.10691999999999999	0.11804	0.12369999999999999	0.1320466666666667	0.14026666666666668	0.15178666666666668	0.15633999999999998	0.16808	0.17815999999999999	0.18937333333333334	0.20074	0.21725333333333335	0.23116666666666666	0.24796	0.2625866666666667	0.2797866666666667	0.29564666666666667	0.3119466666666667	0.32681333333333334	0.34448	0.36242	0.38307333333333327	0.40636	0.4303066666666666	0.45760000000000006	0.4851	0.5111800000000001	0.5418333333333333	0.5763999999999999	0.6097066666666666	0.6447266666666667	0.6805466666666666	0.7197933333333333	0.7588	0.8022	0.8467333333333332	0.8854866666666666	0.9037933333333334	Low arginine supplementation with caffeine treatment.
B11	0.05223333333333333	0.034806666666666666	0.03935333333333334	0.04462000000000001	0.030700000000000005	0.031213333333333336	0.03197333333333334	0.028440000000000014	0.024053333333333343	0.024806666666666678	0.02592000000000001	0.029986666666666672	0.030733333333333328	0.03346666666666666	0.03368666666666666	0.037766666666666664	0.04022	0.042466666666666666	0.043633333333333336	0.04604	0.04724666666666666	0.04925999999999999	0.053026666666666666	0.055400000000000005	0.06464	0.06836	0.07182666666666668	0.07484666666666666	0.08000666666666666	0.07848	0.08235999999999999	0.08724	0.09393333333333334	0.09842	0.10397333333333333	0.11032666666666668	0.11694000000000002	0.1213266666666667	0.1274066666666667	0.13418666666666668	0.14242666666666665	0.14905333333333332	0.1586	0.16834	0.17967333333333335	0.19102	0.20356666666666667	0.21625999999999998	0.231	0.24584	0.26033333333333336	0.27446000000000004	0.29188666666666674	0.30996666666666667	0.32870666666666665	0.3495933333333333	0.3735	0.39418	0.4165933333333333	0.4343666666666667	0.4421733333333334	Caffeine treatment without arginine supplementation.
B12	0.02937333333333334	0.028160000000000008	0.03092666666666667	0.03851333333333333	0.039693333333333324	0.04376666666666666	0.04574	0.04760666666666667	0.04788666666666667	0.049926666666666675	0.05170666666666668	0.05629333333333334	0.06194000000000001	0.06824666666666668	0.07476000000000002	0.08541333333333334	0.09704000000000002	0.10876666666666668	0.11824000000000001	0.13248000000000001	0.14323999999999998	0.15704666666666667	0.17024666666666666	0.18517999999999998	0.20007333333333338	0.21916666666666673	0.23710666666666672	0.2592333333333333	0.2876	0.31311333333333335	0.34208	0.3705733333333333	0.4011133333333333	0.4299666666666666	0.4718066666666667	0.5067	0.5499799999999999	0.5945666666666667	0.6477	0.6970266666666667	0.7487266666666667	0.8017466666666667	0.8596400000000001	0.9150733333333333	0.9749733333333334	1.0439933333333333	1.1163733333333332	1.1866133333333333	1.2579799999999999	1.3305266666666666	1.3993133333333334	1.4578666666666666	1.5247133333333334	1.58824	1.6423200000000002	1.7015866666666668	1.7510733333333335	1.8011533333333332	1.8552399999999998	1.9029733333333332	1.9198733333333333	Baseline condition with no supplementation or treatment.
C1	0.009100000000000002	0.010646666666666665	0.014660000000000001	0.016713333333333337	0.01651333333333334	0.017320000000000002	0.02530000000000001	0.03176666666666668	0.037093333333333346	0.045333333333333344	0.050926666666666676	0.050293333333333336	0.05503333333333334	0.06402	0.07039333333333334	0.07871333333333333	0.08694666666666666	0.09448000000000001	0.10673333333333332	0.11793333333333333	0.13507333333333332	0.14850666666666668	0.16786666666666666	0.18746000000000002	0.21246	0.2346	0.26716	0.29782666666666663	0.3208466666666666	0.3511066666666666	0.37834	0.41037999999999997	0.4462066666666667	0.4878333333333334	0.51634	0.5639266666666666	0.6082799999999999	0.6538533333333334	0.6937733333333334	0.7459	0.7998800000000001	0.8580266666666667	0.91698	0.9906533333333332	1.0658933333333331	1.1314066666666664	1.2000333333333333	1.2667	1.3332866666666665	1.3974199999999999	1.4595	1.50754	1.5669	1.6203866666666666	1.6671400000000003	1.7178200000000001	1.766433333333333	1.8180133333333335	1.8526733333333332	1.8836533333333332	1.9093666666666667	Low arginine supplementation without caffeine treatment.
C2	0.01253333333333333	0.01703999999999999	0.021146666666666657	0.02093333333333333	0.020693333333333324	0.02719999999999999	0.031439999999999996	0.03222666666666666	0.036773333333333325	0.04539333333333333	0.04524666666666666	0.045473333333333324	0.050053333333333325	0.05513999999999999	0.05677333333333333	0.061253333333333326	0.06538666666666666	0.07094	0.07877333333333333	0.08831333333333333	0.09985333333333332	0.10890666666666667	0.11872666666666667	0.13284	0.148	0.1616	0.1819	0.20430666666666664	0.22334666666666667	0.24530666666666665	0.2704	0.29647999999999997	0.32632666666666665	0.3558533333333333	0.38570000000000004	0.42036666666666667	0.45732	0.4935733333333333	0.5353933333333333	0.58232	0.6312	0.6836866666666668	0.73808	0.8006333333333334	0.8679533333333334	0.9317466666666666	1.0046733333333333	1.0767	1.1503866666666667	1.2209600000000003	1.2937	1.3565	1.42532	1.4876866666666666	1.5410799999999998	1.5995599999999999	1.6504333333333332	1.7080333333333335	1.7537933333333335	1.7948733333333333	1.8202466666666666	Negative control with alanine supplementation without caffeine.
C3	0.008119999999999999	0.008739999999999998	0.009093333333333332	0.007493333333333329	0.011819999999999997	0.017673333333333326	0.022833333333333327	0.027926666666666655	0.03329333333333333	0.036913333333333326	0.03659333333333333	0.03906	0.041793333333333335	0.04664	0.04753333333333334	0.052293333333333324	0.056966666666666665	0.06535333333333333	0.07382666666666667	0.08658666666666667	0.09874666666666668	0.11191333333333334	0.12216	0.13609333333333334	0.14856666666666665	0.16102	0.17733333333333334	0.19602	0.21628666666666668	0.23494	0.26371333333333336	0.28696	0.3185266666666666	0.34665999999999997	0.3825266666666667	0.4120733333333333	0.44837333333333335	0.48403333333333326	0.5327866666666667	0.5816533333333334	0.6309333333333333	0.68208	0.73406	0.7859266666666667	0.8457733333333334	0.91382	0.9862533333333333	1.05878	1.13426	1.2008533333333333	1.2684733333333333	1.3478	1.4188666666666667	1.4796266666666666	1.54818	1.6098933333333334	1.6506933333333333	1.7088333333333334	1.75408	1.7836200000000002	1.80912	Baseline condition with no supplementation or treatment.
C4	0.0003866666666666685	0.006173333333333336	0.005980000000000002	0.005786666666666667	0.005786666666666667	0.005786666666666667	0.00014666666666666718	0.00014666666666666718	0.0009199999999999986	0.0021066666666666677	0.0021066666666666677	0.001960000000000001	0.001960000000000001	0.0011866666666666692	0.0	0.0	0.0	0.0	0.0	0.0	0.0	0.0	0.0	0.0	0.0	0.0	0.0	0.0	0.0	0.0004933333333333289	0.0004933333333333289	0.0004933333333333289	0.0004933333333333289	0.0004933333333333289	0.0	0.0	0.0	0.0	0.0	0.0	0.0	0.0	0.0	0.0	0.0	0.0	0.0	0.0	0.0	0.0	0.0	0.0	0.0	0.0	0.0	0.0	0.0	0.0019333333333333314	0.0019333333333333314	0.0019333333333333314	0.003866666666666663	Media control
C5	0.02413333333333333	0.021606666666666663	0.01790666666666666	0.014066666666666661	0.017893333333333327	0.02131333333333333	0.027639999999999998	0.03142	0.036320000000000005	0.03897333333333334	0.039540000000000006	0.043186666666666665	0.04375333333333334	0.044079999999999994	0.043239999999999994	0.042859999999999995	0.042333333333333334	0.045426666666666664	0.04870000000000001	0.055580000000000004	0.06402666666666666	0.07151333333333333	0.07907333333333333	0.08618666666666666	0.09129333333333332	0.09734000000000001	0.10526666666666666	0.11278000000000002	0.12158	0.1302	0.14162666666666665	0.15183333333333332	0.16302666666666668	0.17132	0.18216666666666667	0.19214	0.20336666666666664	0.21616666666666667	0.2338733333333333	0.25188	0.26760666666666666	0.28479333333333334	0.30279333333333336	0.32222666666666666	0.34276666666666666	0.36501333333333336	0.38856666666666667	0.4138466666666667	0.43986000000000003	0.46604	0.4949866666666667	0.5296000000000001	0.5616133333333333	0.5929400000000001	0.62718	0.66426	0.6986933333333334	0.7371133333333334	0.7810666666666666	0.8171133333333334	0.8330533333333333	Caffeine treatment without arginine supplementation.
C6	0.0359	0.034126666666666666	0.029153333333333337	0.02998666666666666	0.03354666666666666	0.03698	0.04465333333333333	0.05054666666666666	0.05030666666666668	0.05135333333333334	0.049293333333333335	0.04921333333333333	0.04982666666666666	0.05169333333333333	0.05343999999999999	0.05697999999999999	0.05656666666666667	0.05890666666666666	0.06042666666666667	0.06250666666666667	0.06538000000000001	0.06921999999999999	0.07344666666666666	0.07941333333333334	0.08518666666666667	0.09043999999999999	0.09859333333333334	0.10517333333333334	0.11075333333333333	0.11777333333333333	0.12535333333333334	0.13479333333333335	0.1450266666666667	0.15465333333333334	0.1617	0.17225333333333334	0.18075333333333332	0.19102000000000002	0.19797333333333333	0.20838	0.2208133333333333	0.23453333333333332	0.24886	0.26871333333333336	0.28736	0.3013733333333334	0.31658000000000003	0.33138000000000006	0.34864	0.36641333333333337	0.3851866666666667	0.3986133333333334	0.42178666666666664	0.44416666666666665	0.4693933333333334	0.49577333333333334	0.5279666666666667	0.5529133333333334	0.58352	0.6086133333333332	0.6187733333333334	Low arginine supplementation with caffeine treatment.
C7	0.006133333333333335	0.005126666666666668	0.0030666666666666676	0.0010066666666666668	0.0044800000000000005	0.00928	0.016719999999999995	0.022033333333333332	0.02779333333333333	0.027486666666666666	0.02798666666666667	0.027540000000000002	0.03376	0.03446	0.03986666666666667	0.044599999999999994	0.04942	0.048833333333333326	0.0551	0.062060000000000004	0.06964	0.07878666666666667	0.09006666666666667	0.10428666666666668	0.11681333333333335	0.13518000000000002	0.15158666666666668	0.17186	0.19496666666666668	0.21881333333333336	0.24588000000000002	0.2721333333333333	0.29917333333333335	0.3248266666666667	0.3592066666666667	0.38861999999999997	0.4252666666666666	0.46518	0.5138066666666667	0.5632133333333333	0.6096866666666667	0.6597266666666667	0.71234	0.76416	0.8118066666666666	0.86822	0.9250733333333333	0.9847666666666667	1.0449199999999998	1.1044133333333332	1.1662266666666667	1.2375666666666667	1.3043666666666667	1.3652133333333334	1.4237333333333333	1.4806333333333335	1.51712	1.5611266666666668	1.6046066666666667	1.6428800000000003	1.6613866666666666	High arginine supplementation without caffeine treatment.
C8	0.0	0.0	0.0	0.0	0.0	0.00040000000000000034	0.0013466666666666683	0.0013466666666666683	0.0017000000000000014	0.0017000000000000014	0.0013000000000000012	0.00035333333333333327	0.00035333333333333327	0.0	0.0	0.0005066666666666663	0.0005066666666666663	0.0005066666666666663	0.0005066666666666663	0.0005799999999999972	7.333333333333081e-05	0.0006999999999999951	0.0006999999999999951	0.0006999999999999951	0.0006266666666666643	0.0006266666666666643	0.0	0.0	0.0	0.0010333333333333362	0.0013400000000000022	0.0013400000000000022	0.0013400000000000022	0.0013400000000000022	0.0016199999999999993	0.0015933333333333299	0.0015933333333333299	0.0015933333333333299	0.0015933333333333299	0.000813333333333327	0.0010399999999999964	0.002493333333333331	0.003153333333333325	0.003153333333333325	0.0026199999999999947	0.002113333333333328	0.0006599999999999939	0.0	0.0	0.0	2.666666666666373e-05	2.666666666666373e-05	2.666666666666373e-05	2.666666666666373e-05	2.666666666666373e-05	0.0	0.0	0.0	0.0	0.0	0.0	Media control
C9	0.007740000000000002	0.00944666666666667	0.008420000000000002	0.005633333333333335	0.010220000000000002	0.010560000000000003	0.01376	0.016460000000000002	0.02012	0.01906	0.021320000000000006	0.021360000000000007	0.02332666666666667	0.02592666666666667	0.030073333333333334	0.03402	0.041146666666666665	0.04354	0.04934	0.05294	0.05785333333333333	0.059886666666666664	0.06609333333333334	0.07324666666666665	0.08135333333333332	0.089	0.09834666666666665	0.10791999999999997	0.11377999999999999	0.1248133333333333	0.13363333333333333	0.14429333333333333	0.15757333333333334	0.17283333333333334	0.18391333333333332	0.1985866666666667	0.21230666666666664	0.22527333333333335	0.23692666666666665	0.2522666666666667	0.2698733333333333	0.2879333333333333	0.3072533333333333	0.32827333333333336	0.3490266666666667	0.36838	0.3902333333333333	0.4131733333333333	0.4399066666666667	0.4679266666666667	0.4958333333333333	0.5242866666666667	0.5573533333333333	0.59188	0.62884	0.6697666666666666	0.7112533333333333	0.7522599999999999	0.7964866666666667	0.8324466666666666	0.8491666666666665	Low arginine supplementation with caffeine treatment.
C10	0.012833333333333335	0.013506666666666667	0.012453333333333335	0.011399999999999999	0.015279999999999998	0.013913333333333333	0.017513333333333332	0.017399999999999992	0.018653333333333334	0.018306666666666666	0.020759999999999994	0.020866666666666665	0.023513333333333337	0.02562666666666667	0.030186666666666667	0.036486666666666674	0.04244	0.04786666666666666	0.056393333333333316	0.06381999999999999	0.07350666666666665	0.08381999999999999	0.09862666666666667	0.1101	0.12482	0.14145999999999997	0.1591466666666667	0.17344666666666667	0.1894266666666667	0.21086	0.22656	0.24574	0.27115333333333336	0.30014	0.3204133333333334	0.35398666666666667	0.38936000000000004	0.42506666666666665	0.45330666666666664	0.49210666666666664	0.5387066666666667	0.5909933333333333	0.64638	0.71088	0.7768133333333334	0.8333999999999999	0.8917666666666667	0.9505800000000001	1.0159600000000002	1.0856000000000001	1.1538733333333333	1.1879000000000002	1.2517266666666669	1.3180066666666665	1.3705466666666666	1.4219533333333332	1.5031399999999997	1.56262	1.6055133333333333	1.6455466666666667	1.6761933333333332	High arginine supplementation without caffeine treatment.
C11	0.03483333333333333	0.03708	0.03780666666666667	0.03591333333333334	0.04115333333333333	0.04412666666666667	0.04604000000000001	0.047586666666666666	0.04846666666666667	0.045686666666666674	0.04440666666666668	0.044693333333333335	0.04100000000000001	0.04246666666666667	0.04646000000000001	0.05253333333333334	0.05858000000000001	0.06338666666666667	0.0661	0.07043999999999999	0.07186	0.07440666666666665	0.07806666666666666	0.08212	0.08503333333333334	0.09042666666666668	0.09524666666666667	0.10187333333333334	0.11100000000000002	0.12201333333333335	0.1326	0.13989333333333334	0.14789333333333335	0.1569066666666667	0.16620666666666667	0.17506000000000002	0.18832	0.2010866666666667	0.21866	0.23624666666666666	0.2523266666666667	0.2671866666666667	0.28646	0.2985333333333334	0.31293333333333334	0.3311133333333333	0.3529733333333333	0.3704133333333333	0.39065999999999995	0.41126666666666667	0.4334533333333333	0.4568466666666667	0.48561333333333334	0.51866	0.55358	0.5899666666666666	0.6283533333333333	0.6694333333333333	0.70862	0.7402733333333333	0.7587533333333333	High arginine supplementation with caffeine treatment.
C12	0.03187333333333333	0.027239999999999997	0.028826666666666667	0.03247333333333333	0.03217333333333333	0.03252666666666667	0.038880000000000005	0.03968666666666666	0.04052666666666667	0.039486666666666656	0.03928666666666666	0.03803333333333333	0.03896000000000001	0.03954666666666666	0.042260000000000006	0.047053333333333336	0.050419999999999986	0.05258666666666665	0.05399999999999999	0.057079999999999985	0.05767999999999999	0.06090666666666665	0.06514666666666666	0.06853999999999999	0.07239333333333332	0.07778666666666666	0.08212666666666667	0.08709333333333333	0.09352	0.10107333333333335	0.10706	0.11455333333333333	0.12461333333333333	0.1343466666666667	0.1429466666666667	0.15396000000000004	0.16492	0.1733066666666667	0.18182	0.1936466666666667	0.20508666666666664	0.21610666666666667	0.22923999999999997	0.2442733333333333	0.2593333333333333	0.2754933333333333	0.2928533333333333	0.3124733333333333	0.33374000000000004	0.35490666666666665	0.37549333333333335	0.3965066666666667	0.4210933333333333	0.44698000000000004	0.4756	0.5072666666666666	0.5441933333333334	0.5783533333333333	0.61458	0.6438733333333333	0.6585933333333334	Negative control with alanine supplementation and caffeine treatment.
D1	0.025893333333333334	0.028653333333333336	0.028126666666666668	0.025419999999999998	0.02556666666666667	0.02338	0.023546666666666667	0.02372	0.025100000000000004	0.029220000000000003	0.03278666666666667	0.03234	0.031746666666666666	0.033339999999999995	0.034506666666666665	0.035786666666666675	0.039226666666666674	0.04431333333333334	0.049893333333333345	0.054066666666666686	0.06176	0.06561333333333334	0.07006000000000001	0.07758000000000001	0.08558666666666667	0.09295333333333335	0.10613333333333334	0.11918	0.12932666666666665	0.14114	0.15297333333333332	0.16396666666666665	0.17612	0.18695333333333333	0.19619333333333333	0.21025333333333335	0.22535333333333335	0.24042666666666665	0.25650666666666666	0.2763333333333334	0.2941733333333333	0.3122466666666667	0.33218000000000003	0.3555666666666667	0.37878666666666666	0.4031933333333334	0.43111333333333335	0.45970666666666665	0.4908133333333334	0.5243866666666667	0.5607	0.5959666666666668	0.6374466666666667	0.6828799999999999	0.7309133333333333	0.7810466666666667	0.83522	0.89008	0.94694	0.9943333333333335	1.0167933333333334	Negative control with alanine supplementation and caffeine treatment.
D2	0.04191999999999999	0.04151333333333333	0.03887333333333333	0.032153333333333325	0.028220000000000002	0.030513333333333337	0.029626666666666662	0.027106666666666657	0.028533333333333334	0.03312	0.035539999999999995	0.03856	0.03939333333333332	0.04187999999999999	0.04297999999999999	0.04356666666666666	0.044533333333333334	0.04848666666666667	0.05058	0.05524666666666668	0.060706666666666666	0.06487333333333332	0.06722666666666667	0.07326	0.07765999999999999	0.08252666666666668	0.08996666666666667	0.09917333333333334	0.10803333333333334	0.11364	0.12461333333333333	0.13298666666666667	0.14168	0.14697333333333334	0.15940666666666667	0.16635333333333333	0.17592666666666665	0.18618666666666667	0.20240666666666668	0.21705999999999998	0.22954666666666665	0.24202666666666667	0.25561333333333336	0.2662	0.27867333333333333	0.29444000000000004	0.3123666666666667	0.3292	0.34816	0.36556	0.38427999999999995	0.4127733333333333	0.43549333333333334	0.4592933333333333	0.48651999999999995	0.5156333333333333	0.5376333333333333	0.5682400000000001	0.6038600000000001	0.63258	0.6446333333333334	Low arginine supplementation with caffeine treatment.
D3	0.005419999999999997	0.0035599999999999963	0.004280000000000001	0.008279999999999992	0.009446666666666659	0.012579999999999997	0.012579999999999997	0.011899999999999994	0.008146666666666668	0.005233333333333335	0.0017533333333333346	0.0028799999999999937	0.004093333333333321	0.005099999999999988	0.006559999999999988	0.00988666666666666	0.01091333333333333	0.011946666666666666	0.012159999999999994	0.013926666666666665	0.011686666666666656	0.01153333333333333	0.009766666666666668	0.010720000000000007	0.011120000000000001	0.011386666666666679	0.011246666666666677	0.012313333333333343	0.013233333333333342	0.011360000000000009	0.011713333333333336	0.01206666666666667	0.01134	0.012093333333333334	0.01670666666666667	0.015493333333333336	0.014606666666666667	0.014706666666666668	0.012046666666666667	0.007800000000000001	0.0078066666666666675	0.007166666666666666	0.006953333333333334	0.006280000000000003	0.005253333333333337	0.005360000000000004	0.005966666666666676	0.006040000000000006	0.006300000000000005	0.0064999999999999945	0.0064199999999999926	0.00753333333333332	0.007673333333333321	0.008173333333333315	0.008039999999999986	0.007893333333333318	0.006953333333333323	0.005699999999999988	0.005359999999999992	0.005559999999999993	0.00441333333333333	Media control
D4	0.021959999999999997	0.018179999999999995	0.015733333333333335	0.012406666666666667	0.011206666666666665	0.012159999999999994	0.016133333333333326	0.018799999999999994	0.022253333333333337	0.026006666666666668	0.028753333333333343	0.03296666666666668	0.03634666666666667	0.040400000000000005	0.04503333333333334	0.04890666666666667	0.052779999999999994	0.05835999999999999	0.06621333333333332	0.07341333333333333	0.08638666666666665	0.09703999999999999	0.11155999999999999	0.12532666666666667	0.14097333333333334	0.15597333333333335	0.17622666666666667	0.19432	0.21106666666666665	0.23167333333333334	0.25222	0.27913333333333334	0.30844000000000005	0.34121333333333337	0.3681866666666666	0.40645333333333333	0.44315999999999994	0.48106666666666664	0.5162666666666665	0.5604133333333332	0.6073133333333333	0.6605266666666667	0.7152933333333333	0.7799600000000001	0.8495000000000001	0.9135333333333333	0.9747066666666665	1.0402200000000001	1.10746	1.17484	1.2418200000000001	1.3025	1.3755333333333335	1.4431333333333334	1.5035200000000002	1.5694666666666666	1.6326466666666666	1.6834466666666668	1.7349666666666663	1.7792133333333333	1.7963533333333335	Baseline condition with no supplementation or treatment.
D5	0.011293333333333332	0.012713333333333332	0.014113333333333335	0.014633333333333332	0.016379999999999995	0.02006	0.025960000000000004	0.0304	0.03712	0.044973333333333344	0.046820000000000014	0.049626666666666666	0.05195333333333334	0.05650000000000001	0.06048	0.06677999999999999	0.07385333333333334	0.08446666666666666	0.0928	0.10576	0.12030666666666667	0.13577333333333333	0.15045333333333333	0.16746666666666665	0.1830133333333333	0.1996	0.21770666666666666	0.23876	0.26526	0.28953999999999996	0.32304666666666665	0.35435333333333335	0.38920666666666665	0.4185	0.46180666666666664	0.49642	0.5404266666666666	0.5866866666666667	0.6440133333333333	0.6999000000000001	0.7558666666666667	0.8136333333333333	0.8709933333333334	0.9287266666666667	0.9868466666666666	1.0533333333333332	1.1214866666666667	1.1957066666666667	1.26878	1.34176	1.4165266666666667	1.4951599999999998	1.5623933333333333	1.62466	1.68168	1.7418799999999997	1.7841533333333335	1.8377333333333332	1.8877466666666667	1.9292333333333331	1.9474733333333334	Baseline condition with no supplementation or treatment.
D6	0.014393333333333331	0.016393333333333333	0.010820000000000001	0.007613333333333333	0.012726666666666669	0.022440000000000005	0.025593333333333336	0.03370666666666667	0.03942666666666668	0.04303333333333335	0.04093333333333334	0.04645333333333334	0.04886666666666667	0.05415333333333332	0.06147999999999998	0.07386	0.08426666666666664	0.09658666666666665	0.10820666666666667	0.12472666666666665	0.13784000000000002	0.15467999999999998	0.17256666666666667	0.19377333333333333	0.2151866666666667	0.24026	0.26443333333333335	0.28955333333333333	0.31377333333333335	0.3427733333333334	0.3683133333333334	0.4051333333333334	0.4445666666666668	0.4870933333333333	0.5232000000000001	0.5758333333333334	0.6217933333333333	0.66988	0.7118733333333334	0.7588	0.8410333333333334	0.9473933333333333	1.05168	1.1643733333333333	1.2713999999999999	1.3515533333333334	1.54426	1.7179000000000002	1.85714	1.9981133333333332	1.7479266666666669	1.3621733333333332	1.0008666666666666	0.6796666666666666	0.36777333333333334	0.43743333333333334	0.48250666666666664	0.5114333333333334	0.5295	0.5325133333333334	0.5141533333333334	Negative control with alanine supplementation without caffeine.
D7	0.008153333333333335	0.01532	0.015226666666666666	0.018599999999999988	0.023659999999999987	0.02872666666666666	0.028339999999999994	0.033506666666666664	0.036693333333333335	0.04142666666666667	0.043186666666666665	0.04828	0.05264	0.05673999999999999	0.06236666666666666	0.06956	0.07536000000000001	0.08293333333333333	0.09236	0.10266	0.11524000000000001	0.12758666666666668	0.14318666666666666	0.16148666666666667	0.18015333333333333	0.19906000000000001	0.22228666666666666	0.24538	0.26494666666666666	0.2909333333333334	0.3149	0.34667333333333333	0.3803533333333334	0.41688666666666674	0.44856666666666667	0.49274000000000007	0.5322666666666667	0.5771999999999999	0.6184066666666667	0.6659933333333334	0.7187666666666666	0.7796266666666667	0.8418599999999999	0.9156600000000001	0.9943666666666667	1.069	1.1454933333333333	1.2228666666666668	1.30186	1.3808733333333332	1.4618666666666666	1.5317666666666665	1.6304466666666666	1.7253933333333336	1.8102933333333333	1.8757333333333335	1.93594	1.9910066666666666	2.0469866666666667	2.0965800000000003	2.1359266666666663	Low arginine supplementation without caffeine treatment.
D8	0.006280000000000003	0.008346666666666669	0.00914	0.010746666666666672	0.01664666666666667	0.025420000000000005	0.03248	0.04152	0.05457333333333333	0.06877333333333333	0.08341999999999998	0.09966	0.11309333333333331	0.13176	0.14597333333333334	0.16843333333333332	0.18192666666666665	0.19786	0.20445333333333332	0.21235333333333334	0.21880000000000002	0.23095333333333334	0.23353333333333337	0.23942666666666668	0.24661333333333335	0.24854666666666664	0.2548933333333333	0.27068666666666663	0.2890666666666667	0.30690666666666666	0.33776	0.3654866666666667	0.39028	0.4147133333333334	0.4438066666666667	0.46137999999999996	0.48895999999999995	0.5166933333333333	0.55398	0.5959666666666666	0.6302733333333335	0.6555933333333334	0.6815733333333334	0.6940866666666666	0.7141866666666667	0.7457666666666667	0.7770266666666666	0.8273533333333333	0.8769666666666666	0.91686	0.9604199999999998	1.0183666666666666	1.05538	1.1122333333333334	1.1943733333333335	1.2689533333333334	1.3581933333333331	1.4805	1.6149266666666666	1.7169333333333334	1.7790866666666667	High arginine supplementation with caffeine treatment.
D9	0.026173333333333337	0.02652	0.031766666666666665	0.03834666666666666	0.04391333333333334	0.04715333333333334	0.05031333333333334	0.05342000000000001	0.05574666666666668	0.05706	0.06167999999999999	0.06702666666666665	0.07218	0.07669999999999999	0.08296666666666666	0.09509999999999999	0.1021	0.11552666666666664	0.12682666666666667	0.13685333333333333	0.14571333333333333	0.15962666666666667	0.16964666666666667	0.18658	0.20665999999999998	0.22770666666666664	0.2528133333333333	0.2764333333333333	0.30133333333333334	0.33049333333333336	0.3577466666666667	0.39187333333333335	0.43026	0.4702	0.5073066666666667	0.5551999999999999	0.6025733333333333	0.6552066666666667	0.70358	0.7560666666666667	0.8123266666666666	0.8741933333333334	0.9412200000000001	1.0147933333333334	1.0914733333333335	1.1672066666666665	1.23824	1.30802	1.38356	1.4616733333333332	1.52888	1.58286	1.653633333333333	1.7177	1.766	1.8110399999999998	1.8584600000000002	1.9063400000000001	1.9595333333333333	2.0127533333333334	2.047833333333333	High arginine supplementation without caffeine treatment.
D10	0.02537333333333334	0.02520000000000001	0.028846666666666677	0.033066666666666675	0.03693333333333334	0.039493333333333346	0.04233333333333335	0.04416000000000001	0.047026666666666675	0.048819999999999995	0.05289999999999999	0.05858666666666666	0.06155999999999999	0.06654	0.07080666666666667	0.07514000000000001	0.07759999999999999	0.08094666666666667	0.08222666666666666	0.08489333333333332	0.08797333333333332	0.09204666666666667	0.09754666666666667	0.1011	0.10666	0.11234666666666666	0.12039333333333332	0.12693333333333331	0.13781333333333334	0.14795333333333333	0.15966666666666668	0.16935333333333333	0.18244	0.19132	0.20082666666666665	0.21020000000000003	0.22217333333333333	0.23318666666666665	0.2474	0.2619666666666667	0.2762266666666667	0.2906733333333333	0.30604	0.32237333333333335	0.3411133333333333	0.36242666666666673	0.38418	0.40936000000000006	0.43554000000000004	0.4639333333333333	0.49124	0.52424	0.5565333333333333	0.5927199999999999	0.62996	0.6695	0.70812	0.75096	0.7962733333333334	0.8333333333333334	0.8525333333333334	Caffeine treatment without arginine supplementation.
D11	0.003586666666666666	0.003586666666666666	0.001793333333333333	0.0	0.0	0.0016066666666666673	0.0016066666666666673	0.0016066666666666673	0.0016066666666666673	0.0016066666666666673	0.0	0.0	0.0	0.0	0.0	0.0	0.0	0.0	0.0	0.0	0.0	0.0	0.0	0.00022000000000000353	0.00022000000000000353	0.00022000000000000353	0.00022000000000000353	0.000606666666666672	0.0003866666666666685	0.0003866666666666685	0.0003866666666666685	0.0003866666666666685	0.0	0.0	0.0	0.0	0.0	0.0	0.0	0.0	0.0	0.0	0.0	0.0	0.0	0.0	0.0	0.0	0.0	0.0	0.0	0.0	0.0	0.0	0.0	0.0	0.0	0.0	0.0	0.0	0.0	Media control
D12	0.027213333333333332	0.026653333333333327	0.02944	0.0336	0.03722666666666667	0.041766666666666674	0.04468000000000001	0.045086666666666664	0.044340000000000004	0.046179999999999985	0.046686666666666654	0.050693333333333326	0.053766666666666664	0.056519999999999994	0.0578	0.06008666666666666	0.062139999999999994	0.06132666666666666	0.06111333333333333	0.05889333333333333	0.05804666666666667	0.05587333333333333	0.058626666666666674	0.06146	0.06641333333333332	0.07187333333333332	0.07841333333333332	0.08388	0.09038666666666664	0.09708666666666665	0.10230666666666668	0.10854666666666668	0.11656	0.12438666666666665	0.13145999999999997	0.14087333333333332	0.1502533333333333	0.15992666666666666	0.16963333333333336	0.18110666666666667	0.19328666666666666	0.20612666666666665	0.21955999999999998	0.23644666666666664	0.2532933333333333	0.27046000000000003	0.28824666666666665	0.3071933333333333	0.32511999999999996	0.34576	0.36448	0.3826666666666667	0.40242000000000006	0.4236933333333333	0.4460333333333333	0.4728133333333332	0.5018733333333333	0.5313933333333333	0.56156	0.5854	0.5965133333333335	High arginine supplementation with caffeine treatment.
E1	0.02303333333333333	0.026813333333333328	0.02836666666666666	0.028439999999999993	0.03010666666666666	0.027519999999999996	0.02848666666666667	0.032220000000000006	0.03800000000000001	0.04504000000000001	0.05336666666666667	0.05624	0.05790666666666666	0.05997999999999999	0.058186666666666664	0.054046666666666666	0.05164666666666669	0.05197333333333334	0.053193333333333336	0.056506666666666684	0.06255999999999999	0.06621333333333332	0.06943999999999999	0.07398	0.07766666666666666	0.08245333333333335	0.09319333333333334	0.1044	0.11138666666666666	0.11979999999999999	0.12659333333333334	0.13350666666666666	0.14014	0.14823333333333333	0.15511333333333333	0.16773333333333335	0.17987333333333336	0.19238666666666668	0.2050866666666667	0.22145333333333336	0.23673333333333332	0.25318666666666667	0.27080000000000004	0.2912466666666667	0.31188666666666665	0.3290133333333333	0.3469733333333333	0.36518666666666666	0.3859933333333333	0.4081066666666667	0.4332	0.45598666666666665	0.4835866666666666	0.5118	0.5422133333333333	0.5780866666666666	0.6187199999999999	0.65854	0.7025999999999999	0.7393933333333332	0.7543933333333334	High arginine supplementation with caffeine treatment.
E2	0.0	0.0	0.0	0.0	0.0	0.0	0.0	0.0	0.0	0.0	0.0	0.0	0.0	0.0	0.0	0.0	0.0	0.0	0.0	0.0	0.0	0.0	0.0	0.0	0.0	0.0	0.0	0.0	0.0	0.0	0.0	0.0	0.0	0.0	0.0	0.0	0.0	0.0	0.0	0.0	0.0	0.0	0.0	0.0	0.0	0.0	0.0	0.0	0.0	0.0	0.0	0.0	0.0	0.0	0.0	0.0	0.0	0.0	0.0	0.0	0.0	Media control
E3	0.012253333333333333	0.014026666666666665	0.01707333333333333	0.02081333333333333	0.023586666666666662	0.021993333333333327	0.023279999999999988	0.026519999999999995	0.027673333333333335	0.031626666666666664	0.03778666666666667	0.04284	0.047946666666666665	0.05508	0.06107333333333333	0.06816666666666667	0.07537999999999999	0.08374666666666666	0.09614	0.10604	0.12261333333333332	0.1348933333333333	0.15206666666666666	0.17085333333333333	0.19434666666666664	0.2159333333333333	0.24681333333333333	0.27510666666666667	0.30124666666666666	0.33182	0.36180666666666667	0.39817333333333327	0.43785999999999997	0.4801266666666667	0.5202199999999999	0.5712066666666666	0.6217466666666667	0.6753866666666667	0.7330533333333333	0.79484	0.8578800000000001	0.9249533333333334	0.9957533333333334	1.0707866666666666	1.14878	1.22378	1.2941866666666666	1.36826	1.4378466666666667	1.5066466666666667	1.5710466666666665	1.6310200000000001	1.6892066666666667	1.7503133333333334	1.7968199999999999	1.8541933333333334	1.8961666666666666	1.9425866666666667	1.9765000000000001	2.011906666666667	2.0254400000000006	High arginine supplementation without caffeine treatment.
E4	0.014993333333333326	0.011106666666666664	0.012893333333333326	0.013073333333333326	0.008046666666666664	0.01091333333333333	0.013619999999999993	0.01684	0.022273333333333332	0.026846666666666665	0.030366666666666663	0.0317	0.03234666666666666	0.03269999999999999	0.03249333333333333	0.03212666666666667	0.030940000000000002	0.03198666666666668	0.03334000000000001	0.035200000000000016	0.03903333333333334	0.04071333333333334	0.04342666666666667	0.04815333333333333	0.05300666666666666	0.057473333333333335	0.06701333333333333	0.07474666666666666	0.07802666666666666	0.08362	0.08838666666666666	0.09423333333333332	0.10095999999999998	0.11028666666666664	0.11517999999999998	0.12324666666666664	0.13050666666666666	0.13788666666666666	0.14295333333333332	0.15176	0.16144	0.17171333333333333	0.18279333333333334	0.19826666666666667	0.21394000000000002	0.22632000000000002	0.2393066666666667	0.25284000000000006	0.26648666666666665	0.2811866666666667	0.2968266666666667	0.30888	0.32708666666666664	0.3474933333333333	0.36974	0.3942333333333333	0.4242866666666667	0.4510666666666666	0.47844	0.5007066666666666	0.51166	Caffeine treatment without arginine supplementation.
E5	0.0030466666666666585	0.002646666666666664	0.006606666666666661	0.008826666666666655	0.00968666666666666	0.01035999999999999	0.014553333333333324	0.015639999999999994	0.017773333333333335	0.020486666666666663	0.021873333333333335	0.023266666666666668	0.023866666666666665	0.02619999999999999	0.02941333333333333	0.031566666666666666	0.033519999999999994	0.037180000000000005	0.040433333333333335	0.04457333333333333	0.051806666666666654	0.05788	0.06388	0.07118666666666666	0.07699333333333334	0.08329333333333336	0.09154666666666667	0.09914	0.10590666666666668	0.11327333333333334	0.12300000000000003	0.13307333333333335	0.14342000000000002	0.15237333333333333	0.16310666666666668	0.17157333333333333	0.17966	0.18890666666666664	0.20036666666666667	0.21211333333333332	0.22451333333333334	0.23870666666666668	0.25431333333333334	0.27222	0.29188000000000003	0.3109133333333333	0.33066666666666666	0.351	0.37394	0.39852	0.42517999999999995	0.4532999999999999	0.4822733333333333	0.5113533333333333	0.54106	0.5735466666666666	0.6074466666666667	0.6443666666666668	0.6839066666666667	0.7168733333333334	0.7324333333333334	Negative control with alanine supplementation and caffeine treatment.
E6	0.009260000000000018	0.008086666666666681	0.010413333333333347	0.011993333333333338	0.015093333333333337	0.016339999999999993	0.018899999999999993	0.021153333333333323	0.023486666666666666	0.0254	0.0268	0.03072666666666667	0.03246666666666667	0.03578666666666667	0.03938	0.04356	0.047599999999999996	0.053046666666666666	0.05991333333333333	0.06818666666666666	0.07952666666666666	0.09118666666666667	0.10286	0.11534666666666668	0.12679333333333334	0.13832666666666668	0.15268	0.16726000000000002	0.18218666666666666	0.19973999999999997	0.21965999999999997	0.24372666666666665	0.26854666666666666	0.2959466666666667	0.32286	0.35178000000000004	0.3815133333333333	0.41337999999999997	0.44442000000000004	0.4822733333333334	0.5258066666666668	0.57118	0.62236	0.6814133333333333	0.7432533333333333	0.8022066666666667	0.8639133333333333	0.9297066666666666	0.9931466666666667	1.0610666666666666	1.1271866666666666	1.19472	1.2607933333333334	1.3324866666666666	1.3957000000000002	1.46032	1.5160466666666665	1.56676	1.6114066666666667	1.647093333333333	1.6619599999999999	Baseline condition with no supplementation or treatment.
E7	0.006700000000000006	0.007880000000000003	0.01129333333333334	0.013860000000000006	0.016533333333333337	0.01916000000000001	0.020920000000000005	0.023200000000000005	0.025593333333333336	0.026773333333333326	0.02749999999999999	0.03224	0.03411333333333333	0.037059999999999996	0.04083333333333333	0.04345333333333333	0.04376666666666666	0.04645999999999999	0.050073333333333324	0.05345333333333333	0.057499999999999996	0.06211333333333333	0.06539333333333333	0.07062666666666666	0.07511333333333332	0.08078666666666667	0.08765333333333333	0.09620666666666668	0.10182666666666666	0.10926666666666666	0.11608	0.12340666666666666	0.1311	0.14011333333333334	0.14818666666666663	0.15763999999999997	0.1662	0.1761333333333333	0.18546	0.19706666666666667	0.21007333333333333	0.22351333333333331	0.23845333333333332	0.2555266666666666	0.2726266666666667	0.2895466666666666	0.30952666666666667	0.32965333333333335	0.34918666666666665	0.36976	0.38996	0.4111866666666666	0.4337999999999999	0.46167333333333327	0.49051333333333336	0.5245933333333334	0.5570733333333334	0.58938	0.6238066666666666	0.6526133333333334	0.6628266666666666	Low arginine supplementation with caffeine treatment.
E8	0.010940000000000005	0.009106666666666674	0.012286666666666673	0.016173333333333338	0.017553333333333337	0.020633333333333344	0.024546666666666668	0.026413333333333334	0.029086666666666667	0.031933333333333334	0.0337	0.03722	0.041146666666666665	0.04478666666666666	0.04871999999999999	0.05286	0.057533333333333325	0.06170666666666667	0.06537333333333332	0.07027333333333333	0.07434666666666667	0.07964	0.08318	0.08805333333333334	0.09240666666666666	0.09888	0.10375999999999999	0.11125333333333334	0.12104666666666666	0.12934666666666667	0.14118000000000003	0.15064666666666668	0.16002	0.16718000000000002	0.18107333333333334	0.18808000000000002	0.19890000000000002	0.21115333333333336	0.22975333333333334	0.24467999999999995	0.25931333333333334	0.27386	0.28972666666666663	0.30182666666666663	0.31693333333333334	0.33753333333333335	0.36100666666666664	0.38494666666666666	0.40831333333333336	0.4332933333333333	0.4607799999999999	0.4991466666666667	0.5295333333333334	0.5644866666666667	0.59884	0.6338733333333334	0.65862	0.6955133333333332	0.7350199999999999	0.76836	0.7832333333333333	Caffeine treatment without arginine supplementation.
E9	0.008240000000000003	0.009466666666666674	0.011346666666666672	0.013613333333333338	0.015293333333333336	0.02069333333333334	0.022406666666666665	0.024813333333333326	0.027986666666666653	0.031653333333333325	0.03293999999999998	0.03631999999999999	0.04012666666666666	0.046606666666666664	0.04803999999999999	0.0516	0.059253333333333325	0.06530666666666667	0.06425333333333334	0.07471333333333334	0.07494666666666668	0.08352000000000001	0.08522	0.09101333333333333	0.09242666666666667	0.10425999999999999	0.1071	0.11879333333333333	0.14976666666666666	0.16288666666666668	0.19668	0.20784666666666665	0.22225999999999999	0.21908	0.2598533333333333	0.25482	0.2731	0.28929333333333335	0.33945333333333333	0.36276	0.3791333333333334	0.39602	0.41648666666666667	0.4099666666666667	0.4068333333333333	0.4363933333333333	0.47236666666666666	0.5095666666666666	0.5475733333333334	0.5962533333333333	0.6554399999999999	0.7882066666666666	0.8626133333333333	0.9488666666666667	1.05002	1.1494333333333333	1.18336	1.2519733333333334	1.32154	1.3603	1.3627333333333334	High arginine supplementation with caffeine treatment.
E10	0.015159999999999996	0.012993333333333324	0.01589999999999999	0.01810666666666666	0.018853333333333323	0.018626666666666663	0.02228666666666667	0.02446666666666667	0.02721333333333334	0.030426666666666675	0.03522666666666667	0.03925333333333333	0.04398666666666666	0.04919333333333333	0.05572666666666667	0.06265333333333334	0.06788000000000001	0.07380666666666667	0.08369333333333333	0.08886666666666668	0.10099333333333334	0.11067333333333333	0.12580666666666668	0.13889333333333334	0.15944666666666665	0.17706666666666665	0.20037333333333335	0.2195333333333333	0.23700666666666664	0.25888	0.27449333333333337	0.30054	0.3290333333333333	0.3644666666666666	0.38743333333333335	0.42998666666666663	0.4685066666666667	0.5100466666666666	0.53836	0.5809799999999999	0.6317600000000001	0.6858466666666667	0.7407333333333334	0.8176066666666667	0.89706	0.9635399999999998	1.0364866666666666	1.1169799999999999	1.1986599999999998	1.2849533333333334	1.3733133333333334	1.4454333333333333	1.5249400000000002	1.5903066666666668	1.65486	1.7221	1.79408	1.84592	1.92414	1.9842599999999997	1.9973133333333333	Negative control with alanine supplementation without caffeine.
E11	0.02657333333333333	0.02625333333333333	0.02788	0.02962	0.031006666666666665	0.03076666666666667	0.03318	0.03598666666666667	0.0392	0.04184	0.04514666666666666	0.04905333333333333	0.052966666666666676	0.0581	0.0639	0.07264666666666666	0.07999999999999999	0.08984666666666666	0.09957333333333333	0.11023333333333332	0.12190666666666665	0.13737333333333332	0.15266666666666667	0.16776000000000002	0.18823333333333334	0.20819333333333337	0.2263133333333333	0.24464000000000002	0.2700866666666667	0.2911466666666667	0.3175866666666667	0.3443466666666667	0.37336	0.4013466666666667	0.4369199999999999	0.46773333333333333	0.5025733333333333	0.5399866666666667	0.5830733333333333	0.6265266666666667	0.6707066666666666	0.7191466666666667	0.7710199999999999	0.8197466666666667	0.8691133333333333	0.93158	0.9927666666666667	1.0579133333333335	1.12474	1.19768	1.2637	1.3407666666666667	1.4085999999999999	1.4714933333333333	1.5320933333333333	1.5961733333333332	1.6469533333333335	1.6958533333333334	1.7599	1.80808	1.8204933333333333	Low arginine supplementation without caffeine treatment.
E12	0.0	0.0	0.0	0.0	0.0	0.0	0.0	0.0	0.00018000000000000237	0.00018000000000000237	0.00018000000000000237	0.00018000000000000237	0.00023333333333333816	0.0010000000000000037	0.0010466666666666762	0.0015933333333333437	0.002106666666666676	0.00205333333333334	0.0014066666666666728	0.00136	0.0009133333333333326	0.00040000000000000034	0.0009266666666666645	0.0006266666666666643	0.001413333333333333	0.001313333333333333	0.001313333333333333	0.0007866666666666688	0.0007866666666666688	0.0	0.0	0.0	0.00025333333333333875	0.00025333333333333875	0.00038666666666667404	0.00038666666666667404	0.0010933333333333407	0.000886666666666669	0.000886666666666669	0.0007533333333333336	0.0007533333333333336	4.666666666666708e-05	0.0	0.0	0.00035333333333333327	0.00035333333333333327	0.00035333333333333327	0.00035333333333333327	0.00035333333333333327	0.00025333333333333317	0.00026666666666666505	0.00026666666666666505	0.00028666666666666283	0.00028666666666666283	3.333333333332966e-05	0.0002599999999999991	0.00045333333333333337	0.0004333333333333356	0.0004333333333333356	0.0004333333333333356	0.00019333333333333426	Media control
F1	0.014973333333333328	0.014913333333333329	0.019746666666666662	0.02491999999999999	0.025706666666666662	0.025699999999999994	0.029286666666666666	0.02938	0.030160000000000003	0.033800000000000004	0.03570666666666667	0.03684	0.037226666666666665	0.039599999999999996	0.04302666666666667	0.04508666666666667	0.048566666666666675	0.05495333333333334	0.06159333333333335	0.06624666666666668	0.07496	0.08087333333333332	0.08598	0.0917	0.10024666666666666	0.10883333333333334	0.12017333333333333	0.13254	0.14128666666666664	0.15166	0.16205333333333333	0.17570666666666668	0.19056	0.20641333333333334	0.21859333333333333	0.23557333333333333	0.2529533333333333	0.26926666666666665	0.2848466666666667	0.3029133333333333	0.32109333333333334	0.33996666666666664	0.36106000000000005	0.3857466666666667	0.41146666666666665	0.43511333333333335	0.4597933333333334	0.48608666666666667	0.5137533333333334	0.5453866666666667	0.57808	0.6062066666666667	0.6421466666666666	0.68236	0.7216533333333334	0.7646266666666668	0.8154199999999999	0.8596999999999999	0.9018200000000001	0.9374733333333334	0.9543133333333333	Low arginine supplementation with caffeine treatment.
F2	0.005399999999999999	0.005853333333333333	0.006926666666666662	0.006666666666666659	0.00852666666666666	0.012053333333333322	0.017059999999999992	0.020746666666666663	0.026546666666666663	0.02850666666666667	0.029686666666666667	0.029413333333333336	0.029426666666666667	0.030980000000000008	0.03832000000000001	0.0478	0.056979999999999996	0.06635333333333333	0.07599999999999998	0.08511999999999999	0.09552666666666666	0.10461333333333334	0.1157	0.12958	0.14674666666666666	0.16495333333333334	0.1899	0.21560666666666667	0.2385066666666667	0.2648066666666667	0.28945999999999994	0.3182666666666667	0.34804	0.38234666666666667	0.4129933333333334	0.45296666666666674	0.49277333333333334	0.53652	0.5789533333333334	0.62708	0.6807066666666667	0.7377933333333334	0.7997266666666667	0.86804	0.9365600000000001	0.9998799999999999	1.0663466666666668	1.1301266666666667	1.1947466666666666	1.26484	1.3354133333333333	1.38842	1.4514200000000002	1.5130866666666667	1.5624533333333335	1.6195599999999999	1.6831200000000002	1.7415866666666666	1.7983533333333335	1.8512133333333332	1.8723333333333332	High arginine supplementation without caffeine treatment.
F3	0.025773333333333325	0.02776666666666666	0.03047333333333333	0.03219333333333333	0.03314666666666667	0.03297333333333334	0.032200000000000006	0.033580000000000006	0.03555333333333334	0.03782666666666667	0.040726666666666675	0.04340000000000001	0.044486666666666674	0.04692000000000001	0.04847333333333335	0.04858666666666668	0.04922000000000001	0.05148666666666667	0.05567999999999999	0.05904	0.06545333333333334	0.06911333333333333	0.07380666666666666	0.07787333333333332	0.08364666666666666	0.09135333333333333	0.10153333333333334	0.11336666666666666	0.12158666666666666	0.13291999999999998	0.13920666666666665	0.15093333333333334	0.16038	0.17000666666666667	0.174	0.18704666666666664	0.19688666666666665	0.20764666666666667	0.21701333333333334	0.22905999999999999	0.24337999999999999	0.25969333333333333	0.2761133333333333	0.30000666666666664	0.32533999999999996	0.34368	0.36292666666666673	0.38360000000000005	0.4053866666666667	0.4294866666666667	0.4571666666666667	0.4781000000000001	0.5087666666666667	0.5418533333333333	0.5781400000000001	0.6170933333333333	0.6658066666666667	0.7101466666666666	0.7564599999999999	0.7945666666666666	0.81258	Negative control with alanine supplementation and caffeine treatment.
F4	0.0034066666666666633	0.006080000000000002	0.008420000000000006	0.00871333333333334	0.009186666666666676	0.005993333333333345	0.005240000000000011	0.004380000000000006	0.004893333333333338	0.006306666666666666	0.008146666666666668	0.00842	0.008026666666666672	0.00848000000000001	0.008293333333333347	0.006240000000000012	0.004393333333333344	0.0038600000000000023	0.003973333333333334	0.0026533333333333352	0.0035533333333333307	0.0032066666666666632	0.0026533333333333352	0.001599999999999996	0.0015533333333333289	0.0012799999999999977	0.0027266666666666663	0.003926666666666667	0.003606666666666669	0.003460000000000002	0.0037266666666666724	0.003053333333333336	0.002999999999999997	0.002999999999999997	0.0028133333333333287	0.0033199999999999953	0.003739999999999999	0.003700000000000003	0.004333333333333339	0.006000000000000005	0.006480000000000002	0.007033333333333331	0.007833333333333331	0.008586666666666659	0.008379999999999993	0.008139999999999991	0.00796666666666666	0.007479999999999992	0.007466666666666666	0.0071066666666666665	0.006806666666666672	0.005920000000000009	0.00582666666666668	0.006553333333333339	0.007200000000000007	0.007433333333333336	0.00818666666666667	0.007786666666666664	0.007360000000000005	0.007286666666666675	0.006640000000000007	Media control
F5	0.0309	0.03530666666666667	0.03715999999999999	0.03677333333333333	0.04026	0.04021333333333334	0.040440000000000004	0.040760000000000005	0.04448000000000001	0.04691333333333335	0.05346666666666668	0.058606666666666675	0.06366666666666668	0.07090000000000002	0.08091999999999999	0.09145333333333333	0.10395999999999998	0.11861999999999999	0.13232	0.14958	0.16715999999999998	0.18894666666666665	0.20976	0.23280666666666666	0.25592000000000004	0.28197333333333335	0.30462	0.33178	0.3646133333333333	0.3917066666666666	0.42888666666666664	0.4614866666666667	0.49644000000000005	0.5277133333333334	0.5804600000000001	0.6212466666666667	0.66994	0.7218133333333333	0.7949133333333334	0.8555933333333334	0.9124333333333332	0.9756600000000001	1.0422333333333333	1.0939	1.1448333333333334	1.2144933333333334	1.2821666666666667	1.352	1.4164066666666666	1.4863333333333333	1.5448799999999998	1.6257266666666665	1.6816666666666666	1.751513333333333	1.8016733333333335	1.8656466666666667	1.8982866666666667	1.9621133333333334	2.0064266666666666	2.0568599999999995	2.0843999999999996	Low arginine supplementation without caffeine treatment.
F6	0.011953333333333349	0.013566666666666682	0.015213333333333343	0.017253333333333343	0.020760000000000008	0.018733333333333334	0.019499999999999997	0.020539999999999996	0.021933333333333326	0.021873333333333335	0.024026666666666658	0.027199999999999995	0.02920666666666667	0.031580000000000004	0.034646666666666666	0.03829333333333333	0.04121333333333333	0.046293333333333325	0.05050666666666666	0.055133333333333326	0.058986666666666666	0.06482666666666667	0.06705999999999998	0.07084666666666667	0.07621999999999998	0.08134666666666665	0.08581333333333332	0.09295333333333333	0.10128666666666666	0.10819333333333334	0.11752	0.12569999999999998	0.1352533333333333	0.14336	0.15398	0.16232666666666667	0.17138	0.18095999999999998	0.1935	0.20417999999999997	0.21658666666666665	0.23052	0.24605333333333332	0.26028666666666667	0.2762333333333334	0.2936866666666667	0.31111333333333335	0.32885333333333333	0.34812666666666664	0.3688133333333333	0.3903533333333333	0.41874	0.4444133333333333	0.47008666666666665	0.49677333333333334	0.5258333333333333	0.5549066666666667	0.58622	0.6211399999999999	0.6503933333333334	0.66408	Caffeine treatment without arginine supplementation.
F7	0.01635333333333334	0.016786666666666672	0.015333333333333329	0.013353333333333328	0.016139999999999995	0.015713333333333322	0.016859999999999986	0.017499999999999995	0.019373333333333326	0.019913333333333328	0.023106666666666654	0.027679999999999993	0.03176666666666666	0.035899999999999994	0.041526666666666656	0.04749333333333333	0.053093333333333326	0.060933333333333325	0.07042666666666668	0.08075333333333334	0.09192666666666667	0.10350666666666666	0.11486	0.12752666666666665	0.14132	0.15376666666666666	0.1687533333333333	0.1845733333333333	0.2002266666666667	0.2190933333333333	0.23912	0.2638	0.2904133333333333	0.31779999999999997	0.34192	0.3741266666666666	0.40537999999999996	0.43936000000000003	0.47280000000000005	0.51068	0.5567666666666666	0.6045	0.6555133333333334	0.7154266666666667	0.7798333333333334	0.8382466666666666	0.9016133333333333	0.9664733333333334	1.0327266666666666	1.0986133333333334	1.1653333333333333	1.22584	1.2921933333333333	1.3560266666666667	1.419493333333333	1.4839133333333332	1.5454466666666666	1.60772	1.6630800000000001	1.7067533333333333	1.73136	Baseline condition with no supplementation or treatment.
F8	0.004900000000000004	0.005880000000000008	0.005760000000000004	0.007906666666666673	0.011386666666666673	0.013153333333333333	0.015166666666666662	0.01707333333333333	0.01786666666666666	0.018706666666666656	0.021399999999999992	0.025053333333333327	0.028973333333333334	0.03266	0.03592	0.03880666666666667	0.04308000000000001	0.048400000000000006	0.05408666666666667	0.059266666666666676	0.06304000000000001	0.06786	0.06906000000000001	0.07138	0.07700666666666667	0.08388	0.09042000000000001	0.10180666666666667	0.11080000000000001	0.11942	0.13018000000000002	0.1379	0.14439333333333332	0.15320666666666666	0.16304	0.17030666666666666	0.17992666666666668	0.19156	0.20322666666666667	0.21446666666666667	0.22716000000000003	0.23979999999999996	0.2524266666666667	0.26702000000000004	0.28250000000000003	0.2987666666666667	0.3177333333333333	0.33732000000000006	0.35814	0.3802266666666667	0.40381999999999996	0.4310600000000001	0.45788666666666666	0.48613999999999996	0.5155133333333334	0.5493733333333333	0.5795466666666667	0.6138666666666667	0.6512533333333332	0.6831	0.6959866666666666	Low arginine supplementation with caffeine treatment.
F9	0.0007733333333333314	0.0010999999999999955	0.0012266666666666648	0.0012266666666666648	0.0012266666666666648	0.00045333333333333337	0.0006733333333333369	0.0005466666666666675	0.000980000000000003	0.001213333333333333	0.001213333333333333	0.0006666666666666655	0.0011866666666666692	0.0007933333333333348	0.0005600000000000049	0.000773333333333337	0.000993333333333335	0.00047333333333333114	0.0004799999999999971	0.000539999999999996	0.0015066666666666618	0.0012866666666666638	0.0023866666666666593	0.0023399999999999923	0.002493333333333331	0.001313333333333333	0.0017600000000000005	0.000660000000000005	0.0007066666666666721	0.0004933333333333346	0.0006266666666666698	0.0004733333333333367	0.0009666666666666712	0.0009200000000000041	0.001813333333333339	0.0016800000000000038	0.0017600000000000005	0.001266666666666666	0.001266666666666666	0.001426666666666665	0.0014733333333333376	0.0015200000000000046	0.0015200000000000046	0.0015200000000000046	0.0010733333333333372	0.0010266666666666647	0.0006066666666666665	0.0009999999999999953	0.0009999999999999953	0.0010333333333333306	0.0012199999999999989	0.0012199999999999989	0.00082666666666667	0.00082666666666667	0.0001866666666666683	0.0003866666666666685	0.0007533333333333391	0.0007533333333333391	0.0007533333333333391	0.0007533333333333391	0.0003666666666666707	Media control
F10	0.0066799999999999915	0.00617333333333332	0.00795999999999999	0.012186666666666662	0.01611333333333333	0.018106666666666667	0.02208666666666667	0.024606666666666666	0.026493333333333324	0.028366666666666658	0.032726666666666654	0.03755333333333332	0.041666666666666664	0.045253333333333326	0.04986666666666666	0.05285333333333333	0.05696	0.06114666666666666	0.06469333333333334	0.06788666666666668	0.07191333333333332	0.07515333333333334	0.07884666666666666	0.08239333333333335	0.08778666666666665	0.09430666666666668	0.10067333333333332	0.10765333333333334	0.11626666666666667	0.12410000000000002	0.13275333333333333	0.1413	0.15251333333333333	0.16248666666666667	0.17307333333333333	0.18414666666666665	0.19670666666666667	0.20854666666666666	0.22139999999999999	0.23402000000000003	0.24830000000000002	0.2630266666666667	0.27857333333333334	0.2981866666666667	0.32004	0.34043999999999996	0.36296666666666666	0.38582	0.40852000000000005	0.43311333333333335	0.46007333333333333	0.48583333333333334	0.51444	0.5447466666666666	0.57778	0.61292	0.65298	0.69512	0.7369800000000001	0.7705200000000001	0.7888333333333334	High arginine supplementation with caffeine treatment.
F11	0.03302000000000001	0.03608000000000001	0.036580000000000015	0.03762666666666668	0.041266666666666674	0.04442666666666668	0.04599333333333334	0.04924	0.05342	0.05951333333333333	0.06604666666666667	0.07510666666666665	0.08369333333333333	0.09290666666666665	0.10195333333333331	0.11102666666666665	0.12157333333333331	0.13410666666666665	0.14792	0.16177333333333332	0.17731999999999998	0.19312666666666667	0.21022	0.22823333333333334	0.24775999999999998	0.27060666666666666	0.29307999999999995	0.31867999999999996	0.3456	0.37682	0.40892	0.44455999999999996	0.48495999999999995	0.5268866666666667	0.5741466666666667	0.6221533333333333	0.67374	0.7286133333333333	0.7873066666666666	0.84526	0.9119933333333334	0.9859333333333333	1.0574866666666665	1.13408	1.2154133333333332	1.2894466666666666	1.3627133333333332	1.4353200000000002	1.5064733333333333	1.5764600000000002	1.6505200000000002	1.7162733333333335	1.78856	1.8574000000000002	1.9168533333333335	1.9788866666666667	2.032573333333333	2.062566666666666	2.1193666666666666	2.1696666666666666	2.1656133333333334	Baseline condition with no supplementation or treatment.
F12	0.03250666666666667	0.039913333333333335	0.049	0.05568666666666666	0.06503333333333333	0.06466000000000001	0.06595999999999999	0.06786666666666667	0.07386666666666668	0.07434	0.0752	0.07714666666666666	0.07779333333333334	0.0794	0.08393999999999999	0.08987333333333333	0.09874666666666666	0.10888	0.11901333333333333	0.12964666666666666	0.14128	0.15168666666666666	0.16364666666666666	0.1756733333333333	0.19139999999999996	0.21105333333333332	0.2320733333333333	0.25498666666666664	0.28242666666666666	0.3085733333333333	0.33614	0.36513333333333337	0.3962466666666667	0.42664	0.46449999999999997	0.5035066666666667	0.54502	0.5894333333333333	0.63884	0.6897333333333332	0.74622	0.8081733333333332	0.87264	0.9425266666666667	1.0138933333333333	1.0809333333333335	1.1521333333333332	1.2250666666666667	1.2977666666666665	1.3705466666666666	1.4470666666666667	1.5156466666666666	1.58904	1.6541000000000001	1.7108933333333334	1.7761600000000002	1.8355933333333332	1.8755400000000002	1.9375533333333337	1.9939933333333335	1.9976800000000001	Negative control with alanine supplementation without caffeine.
G1	0.019780000000000002	0.02063333333333333	0.021826666666666664	0.022466666666666663	0.022486666666666662	0.027393333333333325	0.023919999999999997	0.024166666666666663	0.025006666666666667	0.02844666666666667	0.03110666666666667	0.03741333333333334	0.04212666666666667	0.04426000000000001	0.03952000000000001	0.03542000000000001	0.031160000000000004	0.025473333333333337	0.023119999999999995	0.023039999999999998	0.023486666666666666	0.02141333333333334	0.02066	0.020820000000000005	0.02094666666666667	0.019573333333333342	0.020220000000000005	0.021126666666666676	0.019166666666666676	0.017746666666666678	0.016680000000000007	0.016086666666666676	0.015160000000000007	0.015166666666666672	0.015513333333333334	0.015746666666666666	0.016293333333333333	0.017300000000000003	0.01767333333333334	0.016880000000000006	0.017046666666666675	0.016933333333333345	0.01638666666666667	0.0169	0.018120000000000004	0.018459999999999997	0.017686666666666663	0.01814666666666666	0.01788666666666667	0.01716	0.01667333333333334	0.016720000000000006	0.016460000000000013	0.016506666666666676	0.01657333333333334	0.016540000000000006	0.01666	0.016506666666666663	0.016033333333333327	0.015573333333333323	0.01583333333333332	Media control
G2	0.034080000000000006	0.033253333333333336	0.03256666666666666	0.03318666666666666	0.035366666666666664	0.034193333333333326	0.0365	0.03774666666666667	0.03908666666666667	0.040066666666666674	0.04368666666666667	0.04787333333333334	0.053186666666666674	0.06016000000000001	0.06916000000000001	0.07722000000000001	0.0865	0.09591333333333334	0.10602	0.11612	0.12994666666666665	0.14119333333333334	0.15516000000000002	0.17216	0.19106666666666666	0.20925333333333335	0.23418	0.26014666666666664	0.28138666666666673	0.3077266666666667	0.33324000000000004	0.3638066666666667	0.39546000000000003	0.43410666666666664	0.4693933333333334	0.5134266666666667	0.5573133333333333	0.60656	0.6524733333333333	0.70684	0.7698266666666667	0.8379333333333333	0.9095466666666667	0.99006	1.06618	1.13928	1.2165466666666667	1.2866066666666665	1.3480066666666668	1.42684	1.4988533333333334	1.55992	1.62014	1.6937666666666664	1.7478333333333331	1.80516	1.8588999999999998	1.9242266666666665	1.9712733333333332	2.011333333333334	2.0360733333333334	Baseline condition with no supplementation or treatment.
G3	0.011580000000000007	0.009773333333333334	0.009446666666666662	0.009566666666666663	0.007826666666666666	0.009933333333333332	0.013000000000000006	0.015966666666666678	0.018826666666666676	0.02034666666666667	0.02134666666666667	0.021013333333333335	0.02024666666666667	0.020340000000000004	0.024620000000000003	0.028100000000000003	0.031200000000000006	0.03557333333333333	0.04148	0.04486000000000001	0.05104666666666667	0.05481333333333334	0.06046	0.06674	0.07450666666666665	0.08143333333333333	0.09245999999999999	0.10168666666666666	0.10774666666666666	0.11618666666666666	0.12204	0.13004666666666667	0.13888	0.15012666666666669	0.15699333333333335	0.17010666666666668	0.18221333333333334	0.19502	0.20387333333333335	0.21614	0.23004666666666668	0.2450333333333333	0.26088666666666666	0.28134	0.30234	0.32120000000000004	0.3409266666666667	0.3612266666666667	0.3827866666666667	0.40682	0.43079333333333336	0.4482800000000001	0.47556000000000004	0.5047866666666667	0.5358533333333334	0.56808	0.61022	0.6472666666666667	0.6856333333333333	0.7164333333333333	0.7332533333333332	Low arginine supplementation with caffeine treatment.
G4	0.007086666666666663	0.009253333333333325	0.01035333333333332	0.011719999999999986	0.01428666666666666	0.017593333333333322	0.019426666666666658	0.021113333333333328	0.024306666666666664	0.02699333333333333	0.030853333333333333	0.033653333333333334	0.03587333333333334	0.03696000000000001	0.03824	0.04050666666666667	0.04254666666666667	0.04490666666666667	0.046993333333333345	0.052026666666666666	0.05526666666666667	0.05838000000000001	0.061906666666666665	0.06814	0.07404666666666668	0.07952666666666668	0.08750666666666666	0.09663999999999999	0.10432000000000001	0.11340000000000001	0.12430666666666668	0.1342	0.14536000000000002	0.15658666666666665	0.16727999999999998	0.1785	0.18976666666666667	0.20196666666666668	0.21486	0.22776666666666667	0.24081999999999998	0.2559666666666667	0.26942	0.28467333333333333	0.2996	0.3177266666666667	0.33530000000000004	0.35706000000000004	0.37892000000000003	0.4025066666666667	0.42599333333333333	0.45653333333333335	0.48494000000000004	0.5159	0.5500133333333334	0.5885666666666667	0.6248733333333334	0.6648333333333334	0.7066733333333333	0.7405666666666666	0.75606	Negative control with alanine supplementation and caffeine treatment.
G5	0.023266666666666658	0.02495333333333332	0.02457333333333332	0.02211999999999999	0.024466666666666657	0.025933333333333326	0.02848666666666666	0.029393333333333334	0.03318666666666667	0.03697333333333334	0.042613333333333336	0.04677333333333334	0.05251333333333334	0.059340000000000004	0.0671	0.07736666666666667	0.08938666666666668	0.10218666666666668	0.11593333333333336	0.13130666666666668	0.1448066666666667	0.15958	0.17218666666666668	0.18994	0.21036666666666667	0.23242666666666664	0.2579866666666667	0.29006	0.32294	0.35456000000000004	0.3934666666666667	0.43100000000000005	0.46880000000000005	0.5062266666666667	0.55572	0.60082	0.6495066666666667	0.7019666666666666	0.76582	0.8235266666666667	0.87768	0.9372066666666665	1.00038	1.0594733333333335	1.12292	1.2000066666666664	1.2749	1.3504399999999999	1.42288	1.4949266666666667	1.5556733333333335	1.6317733333333333	1.6848800000000002	1.74382	1.7942933333333333	1.8649466666666665	1.9043133333333333	1.9651133333333335	2.0239533333333335	2.0765066666666665	2.0864	High arginine supplementation without caffeine treatment.
G6	0.016853333333333352	0.01674666666666668	0.009906666666666678	0.006206666666666671	0.009393333333333332	0.012406666666666667	0.014453333333333328	0.018279999999999998	0.021113333333333328	0.022753333333333337	0.026206666666666663	0.03152	0.035886666666666664	0.04104000000000001	0.04664666666666667	0.05327333333333334	0.05943333333333334	0.06765333333333333	0.07494666666666668	0.08595333333333333	0.09676666666666667	0.11168666666666667	0.12452	0.14098666666666665	0.15816000000000002	0.17694666666666667	0.19597333333333333	0.22081333333333336	0.24692666666666668	0.27187333333333336	0.30102	0.32912	0.35885333333333336	0.38798	0.42308	0.45674666666666663	0.49344	0.5313800000000001	0.57544	0.6199	0.6660466666666667	0.71486	0.7701933333333333	0.8275066666666667	0.8863733333333332	0.9529666666666667	1.0223733333333331	1.0891333333333333	1.1534866666666665	1.2276733333333332	1.2934733333333335	1.3674600000000001	1.4321933333333334	1.5046866666666667	1.5614933333333334	1.6324933333333334	1.6872466666666668	1.7519200000000001	1.80784	1.8577933333333334	1.8755000000000002	Low arginine supplementation without caffeine treatment.
G7	0.014300000000000002	0.015020000000000006	0.014360000000000008	0.014666666666666679	0.018666666666666682	0.01645333333333334	0.01824666666666667	0.017773333333333335	0.017346666666666666	0.02058666666666666	0.026879999999999994	0.03343333333333332	0.03897333333333332	0.04457999999999999	0.04795999999999999	0.04890666666666666	0.05122	0.053739999999999996	0.056946666666666666	0.05800666666666667	0.06255999999999999	0.06577999999999999	0.06716	0.06844	0.07326666666666667	0.0766	0.08154000000000002	0.08922666666666666	0.09441999999999999	0.10108000000000002	0.10591999999999999	0.11339999999999999	0.12227333333333332	0.13462666666666667	0.14307999999999998	0.15644666666666668	0.16782666666666665	0.18096	0.18992666666666666	0.20090666666666665	0.2149	0.22884000000000002	0.24390666666666663	0.26502	0.2875	0.30618666666666666	0.3264533333333333	0.34551999999999994	0.36544	0.3865666666666666	0.40956000000000004	0.43034	0.4581666666666667	0.48684000000000005	0.5168533333333334	0.5477733333333333	0.5864466666666667	0.6227666666666667	0.6613333333333333	0.69454	0.7128066666666667	High arginine supplementation with caffeine treatment.
G8	0.009433333333333339	0.01156666666666667	0.008326666666666666	0.006193333333333334	0.009286666666666665	0.010733333333333327	0.01190666666666666	0.015593333333333325	0.018806666666666656	0.019226666666666652	0.021079999999999988	0.022613333333333326	0.023713333333333336	0.02432	0.028000000000000004	0.031686666666666675	0.03524000000000001	0.039439999999999996	0.04496666666666666	0.05066666666666666	0.055799999999999995	0.06237999999999999	0.06799999999999999	0.07398	0.08082666666666667	0.08798000000000002	0.09624	0.10650666666666667	0.11300000000000002	0.12278	0.13202000000000003	0.14238	0.15127333333333334	0.16296666666666668	0.17058	0.1827666666666667	0.1926466666666667	0.20512000000000002	0.21672666666666668	0.22882666666666668	0.2432	0.25904000000000005	0.2764466666666667	0.29842	0.3224600000000001	0.3448666666666667	0.3693133333333333	0.3941	0.42106000000000005	0.44816666666666666	0.47454	0.49745999999999996	0.5300666666666667	0.56304	0.6000933333333333	0.6442933333333334	0.6943266666666668	0.7385666666666667	0.7841133333333333	0.8210600000000001	0.8378666666666668	Negative control with alanine supplementation and caffeine treatment.
G9	0.01947333333333335	0.020226666666666678	0.020906666666666674	0.02334	0.02615999999999999	0.026266666666666653	0.027873333333333323	0.03294666666666666	0.035679999999999996	0.03767333333333333	0.03743333333333333	0.04062666666666666	0.042733333333333325	0.04682666666666666	0.04986	0.05334000000000001	0.05882666666666667	0.06252	0.06652666666666666	0.06898666666666668	0.07249333333333334	0.07291333333333334	0.07476666666666668	0.07734666666666667	0.08326666666666667	0.09079333333333334	0.09890666666666666	0.10781333333333332	0.11466000000000001	0.12552666666666665	0.13515333333333335	0.14562	0.15672666666666668	0.16843333333333335	0.17533333333333334	0.18636666666666668	0.19728000000000004	0.20852666666666667	0.22000666666666668	0.23362666666666665	0.24794666666666662	0.2635666666666666	0.2814533333333333	0.30317999999999995	0.32599333333333336	0.3475	0.37016	0.39231333333333335	0.4156533333333333	0.44178666666666666	0.4701933333333333	0.49749333333333334	0.5311533333333334	0.5665333333333333	0.6023533333333333	0.6417400000000001	0.6864666666666667	0.73258	0.77862	0.8178533333333332	0.8392733333333332	Negative control with alanine supplementation and caffeine treatment.
G10	0.00934666666666667	0.008280000000000004	0.01159333333333334	0.01456	0.01538	0.017706666666666666	0.017153333333333333	0.016406666666666663	0.014840000000000002	0.012113333333333337	0.009353333333333335	0.009426666666666667	0.007053333333333333	0.006946666666666668	0.007140000000000002	0.008280000000000004	0.00792666666666667	0.009300000000000006	0.00898666666666667	0.008526666666666672	0.006433333333333335	0.00649333333333334	0.006826666666666673	0.0076266666666666705	0.008206666666666668	0.010033333333333333	0.01014666666666666	0.009353333333333325	0.00964	0.009286666666666665	0.008833333333333337	0.008060000000000012	0.008926666666666676	0.0077133333333333385	0.006433333333333341	0.00712666666666667	0.007200000000000001	0.007006666666666666	0.008406666666666663	0.009186666666666659	0.008746666666666663	0.008906666666666663	0.009213333333333323	0.008979999999999993	0.008633333333333326	0.008799999999999992	0.009439999999999987	0.009133333333333327	0.009453333333333324	0.00988666666666666	0.009893333333333327	0.01047333333333333	0.010933333333333328	0.01041333333333333	0.011373333333333329	0.01104	0.009646666666666665	0.009179999999999999	0.008960000000000001	0.008093333333333336	0.008173333333333333	Media control
G11	0.01985333333333335	0.020166666666666683	0.017366666666666683	0.01574000000000001	0.021240000000000002	0.024366666666666665	0.028013333333333324	0.02972666666666665	0.03167999999999999	0.03359333333333332	0.03539333333333333	0.03952666666666667	0.04421333333333334	0.05010666666666667	0.05392	0.056420000000000005	0.06156666666666667	0.06676000000000001	0.07264666666666668	0.07828666666666668	0.08575333333333332	0.09267333333333334	0.10138666666666667	0.11130666666666666	0.12306666666666666	0.13857333333333333	0.15598666666666666	0.17317333333333335	0.1889	0.2087466666666667	0.22675333333333336	0.24531999999999998	0.2672466666666667	0.29055333333333333	0.31351333333333337	0.34054666666666666	0.36926	0.3986666666666666	0.4311866666666667	0.4662866666666666	0.5030666666666667	0.5430266666666667	0.5899733333333333	0.6403800000000001	0.6949933333333334	0.74942	0.8068	0.8647533333333334	0.9210733333333334	0.9846066666666667	1.0490133333333334	1.1144733333333332	1.1820933333333334	1.2592533333333331	1.3232333333333333	1.3957000000000002	1.4709266666666667	1.54116	1.60706	1.6675333333333335	1.6954733333333334	Negative control with alanine supplementation without caffeine.
G12	0.016240000000000004	0.015206666666666669	0.014386666666666664	0.013259999999999994	0.01532	0.017419999999999998	0.02044666666666667	0.02068666666666667	0.022213333333333342	0.02452666666666667	0.02588666666666667	0.028559999999999995	0.03155999999999999	0.03629333333333332	0.03941333333333332	0.04228	0.04635333333333334	0.05145333333333333	0.05344666666666668	0.057386666666666676	0.06194000000000001	0.06614666666666666	0.06856666666666666	0.07370666666666667	0.07794	0.08329999999999999	0.09008666666666666	0.09932666666666666	0.10579999999999998	0.11551999999999998	0.12566	0.13419333333333333	0.14309999999999998	0.15424666666666667	0.16472	0.17374666666666666	0.18345333333333333	0.19353333333333333	0.20602666666666666	0.21884	0.23228666666666667	0.24825333333333335	0.26680000000000004	0.2841	0.3039466666666667	0.32567333333333337	0.3467266666666667	0.36784	0.39092	0.41518	0.44088666666666665	0.47120666666666666	0.49993333333333334	0.5311066666666667	0.5631866666666666	0.5978399999999999	0.6344399999999999	0.6756399999999999	0.7191933333333334	0.7550666666666667	0.7739800000000001	Caffeine treatment without arginine supplementation.
H1	0.005879999999999991	0.005173333333333324	0.009706666666666659	0.014686666666666659	0.016106666666666665	0.019413333333333328	0.02558	0.02790666666666667	0.03122666666666667	0.03548666666666667	0.038346666666666675	0.03829333333333334	0.03890666666666667	0.04164000000000001	0.04750000000000001	0.05478000000000001	0.062119999999999995	0.07171333333333334	0.08078	0.08946000000000001	0.09970666666666667	0.11091333333333335	0.12218	0.13599999999999998	0.1521266666666667	0.16921333333333335	0.19004000000000001	0.2125866666666667	0.23692666666666667	0.26072666666666666	0.2878	0.3118066666666667	0.3357	0.35914666666666667	0.3894733333333334	0.4168266666666667	0.4496133333333333	0.48735999999999996	0.5334533333333333	0.57816	0.6242266666666667	0.6731133333333333	0.7251866666666666	0.7774	0.83138	0.89046	0.9539066666666667	1.0215066666666668	1.0844666666666667	1.15318	1.2271133333333333	1.3028400000000002	1.3672	1.4387666666666665	1.5049533333333334	1.55776	1.61328	1.6780866666666667	1.7172533333333333	1.7447333333333332	1.7774533333333333	Baseline condition with no supplementation or treatment.
H2	0.016040000000000006	0.014513333333333328	0.014726666666666657	0.01564666666666666	0.014386666666666659	0.02031333333333333	0.025120000000000003	0.028286666666666675	0.03314666666666667	0.03816666666666667	0.03926666666666667	0.042313333333333335	0.04508666666666667	0.048459999999999996	0.05558	0.06595999999999999	0.07604	0.08733333333333333	0.09772	0.1099	0.12068666666666668	0.13229333333333332	0.14526	0.16249999999999998	0.18114666666666665	0.2022133333333333	0.22593999999999997	0.2529866666666667	0.2785666666666667	0.30590666666666666	0.33348000000000005	0.3616266666666667	0.39326000000000005	0.4279266666666667	0.4632533333333333	0.5049066666666666	0.5483933333333334	0.5961000000000001	0.6442733333333333	0.6968599999999999	0.7507666666666667	0.8124733333333334	0.8715866666666667	0.93618	1.00486	1.0762800000000001	1.1473466666666667	1.2182666666666668	1.2897266666666667	1.35794	1.4292733333333332	1.48584	1.5469	1.6161066666666666	1.6842933333333334	1.7289	1.79234	1.8510666666666666	1.8879933333333334	1.9133733333333336	1.9428333333333334	Low arginine supplementation without caffeine treatment.
H3	0.0014333333333333253	0.0009399999999999964	0.003466666666666662	0.004686666666666661	0.004759999999999998	0.0058933333333333286	0.008939999999999998	0.009306666666666668	0.013173333333333337	0.014393333333333336	0.014426666666666671	0.013059999999999999	0.012326666666666663	0.010799999999999999	0.012546666666666668	0.015866666666666668	0.018380000000000007	0.021326666666666678	0.02314000000000001	0.02616000000000001	0.02893333333333334	0.033566666666666675	0.03781333333333334	0.04221333333333334	0.047080000000000004	0.049713333333333345	0.053346666666666674	0.05740000000000001	0.06267333333333333	0.06695333333333334	0.07368	0.0794	0.08596	0.09233333333333334	0.09989333333333333	0.10874666666666666	0.11726666666666667	0.1272866666666667	0.13685333333333333	0.14713333333333334	0.15810000000000002	0.17046	0.18258666666666665	0.19699333333333335	0.21197333333333335	0.22729333333333335	0.24412666666666666	0.2607066666666667	0.27796666666666664	0.2949066666666667	0.3121066666666667	0.32894666666666666	0.34894000000000003	0.37026666666666674	0.3922466666666667	0.41555333333333333	0.44272	0.46913333333333335	0.49588	0.5191666666666667	0.5315533333333333	High arginine supplementation with caffeine treatment.
H4	0.0002466666666666673	0.0002466666666666673	0.0002466666666666673	0.0034866666666666657	0.006133333333333329	0.008586666666666664	0.012973333333333332	0.016546666666666664	0.016933333333333335	0.015033333333333333	0.01446666666666666	0.013019999999999993	0.013026666666666659	0.01691999999999999	0.02592666666666666	0.03534666666666666	0.04535999999999999	0.05604666666666667	0.0635	0.07178000000000001	0.07959333333333334	0.0898866666666667	0.09887333333333334	0.11077333333333335	0.12484000000000002	0.14041333333333333	0.15712666666666666	0.17826	0.2002533333333333	0.2216733333333333	0.24396	0.26759999999999995	0.2927	0.3181333333333333	0.3440133333333333	0.3735266666666666	0.4023266666666666	0.4329466666666667	0.46741333333333335	0.5070333333333334	0.5485200000000001	0.59736	0.6497866666666667	0.7057533333333332	0.7649933333333333	0.8297733333333334	0.8924266666666666	0.9594666666666667	1.0289666666666668	1.0951066666666667	1.1608866666666666	1.2263266666666666	1.29382	1.3620866666666667	1.4235266666666668	1.4843133333333334	1.5499800000000001	1.6093933333333332	1.6554000000000002	1.6980666666666664	1.7249733333333332	Low arginine supplementation without caffeine treatment.
H5	0.007726666666666676	0.008453333333333335	0.011113333333333326	0.013766666666666654	0.015279999999999983	0.012313333333333315	0.012439999999999984	0.012966666666666665	0.013633333333333336	0.015353333333333335	0.01872666666666667	0.020560000000000002	0.020486666666666663	0.02098	0.02256666666666667	0.028166666666666666	0.03278	0.03902666666666667	0.04536	0.0522	0.057153333333333334	0.06428666666666667	0.06937333333333334	0.07627333333333335	0.08538000000000001	0.09411333333333334	0.10522666666666666	0.11869999999999999	0.13151333333333332	0.1434333333333333	0.15624	0.16841999999999996	0.18244	0.19687333333333332	0.20929333333333333	0.22664666666666666	0.24294666666666664	0.2594666666666666	0.2741733333333333	0.29157333333333335	0.30801999999999996	0.32672	0.3456666666666667	0.3689133333333333	0.3920933333333333	0.41509333333333326	0.4396066666666666	0.4659466666666667	0.49262666666666666	0.5218466666666666	0.5531066666666666	0.5815466666666665	0.6167	0.6520066666666666	0.6868466666666666	0.7255133333333335	0.7699999999999999	0.8153133333333333	0.86198	0.9029666666666667	0.9260933333333332	Low arginine supplementation with caffeine treatment.
H6	0.009306666666666675	0.006280000000000008	0.006386666666666668	0.008166666666666666	0.0060533333333333324	0.010653333333333338	0.0124	0.014280000000000004	0.014293333333333335	0.016593333333333342	0.01468666666666667	0.015100000000000002	0.014626666666666671	0.015580000000000005	0.014966666666666666	0.014153333333333334	0.013393333333333335	0.012253333333333333	0.01004666666666667	0.007853333333333334	0.0076266666666666705	0.0069266666666666695	0.009160000000000001	0.010626666666666663	0.01005999999999999	0.012026666666666653	0.011413333333333326	0.009013333333333328	0.008406666666666668	0.010533333333333334	0.009280000000000005	0.011100000000000004	0.012053333333333333	0.011959999999999993	0.011279999999999995	0.010486666666666662	0.010499999999999987	0.008899999999999991	0.008179999999999993	0.00699999999999999	0.006226666666666658	0.005699999999999999	0.006133333333333329	0.005786666666666662	0.006573333333333331	0.006186666666666662	0.005433333333333329	0.005653333333333327	0.0055466666666666555	0.0056733333333333245	0.007893333333333318	0.008399999999999986	0.00813333333333332	0.007946666666666663	0.007573333333333326	0.00627333333333333	0.00560666666666666	0.007019999999999993	0.006919999999999987	0.006653333333333322	0.007759999999999989	Media control
H7	0.030853333333333337	0.03208666666666667	0.03294666666666667	0.034133333333333335	0.03586666666666667	0.030133333333333335	0.029446666666666666	0.031233333333333328	0.035886666666666664	0.03620666666666665	0.04133999999999999	0.04581333333333332	0.04901333333333332	0.04895999999999999	0.052379999999999996	0.05492666666666666	0.05720000000000001	0.0603	0.06458666666666665	0.06998666666666667	0.0738	0.07997999999999998	0.08293999999999999	0.0869	0.09140666666666666	0.09554000000000003	0.10088000000000001	0.10930666666666669	0.11834	0.1262	0.13562	0.14314	0.15185333333333334	0.15984666666666666	0.17084000000000002	0.1812266666666667	0.1926466666666667	0.20503999999999997	0.2198266666666667	0.23474666666666666	0.24792000000000006	0.262	0.27658666666666665	0.29013999999999995	0.30468	0.32284666666666667	0.34145333333333333	0.3617	0.38356	0.40488666666666673	0.42972	0.4605	0.48912666666666665	0.5226599999999999	0.5561133333333335	0.5904933333333334	0.6253066666666667	0.6653666666666667	0.7062333333333333	0.74286	0.7610666666666666	Negative control with alanine supplementation and caffeine treatment.
H8	0.005233333333333345	0.012426666666666674	0.020486666666666674	0.028113333333333344	0.03488666666666668	0.03679333333333334	0.03548666666666667	0.03541333333333334	0.03768666666666666	0.03974666666666666	0.04731999999999999	0.052473333333333316	0.05913333333333333	0.06367999999999999	0.07095999999999998	0.07646666666666666	0.08322	0.0891	0.09816666666666667	0.10618666666666665	0.11664	0.12799999999999997	0.14035999999999998	0.15408	0.1704466666666667	0.18702000000000002	0.20682	0.2291266666666667	0.24816000000000002	0.27266	0.29392000000000007	0.3215	0.3516533333333334	0.3873266666666667	0.4163	0.4583866666666667	0.4991266666666666	0.54104	0.5813466666666667	0.6278666666666667	0.68142	0.73758	0.8002466666666667	0.8722000000000001	0.94716	1.0198066666666665	1.0945533333333333	1.16784	1.24416	1.3209266666666666	1.39642	1.4515999999999998	1.5207466666666665	1.59024	1.6494733333333333	1.7025533333333336	1.7703666666666666	1.8335866666666667	1.8780733333333335	1.92014	1.9525466666666667	Negative control with alanine supplementation without caffeine.
H9	0.02289333333333334	0.024926666666666673	0.02666666666666668	0.028320000000000005	0.03132	0.033806666666666665	0.03281333333333333	0.03440666666666666	0.03584	0.03813333333333334	0.040933333333333335	0.04534666666666666	0.05063333333333333	0.05804666666666667	0.06217999999999999	0.06578000000000002	0.07294666666666667	0.07887999999999999	0.08252666666666666	0.08488666666666668	0.08777333333333334	0.08835333333333333	0.08842666666666668	0.09110666666666667	0.09736666666666667	0.10407333333333332	0.11162666666666668	0.12079333333333331	0.12888	0.1373666666666667	0.14655333333333334	0.15682000000000001	0.16788666666666668	0.17897333333333337	0.19013333333333335	0.2022266666666667	0.21444000000000002	0.22662666666666667	0.24228666666666668	0.25806666666666667	0.2750666666666667	0.29370666666666667	0.3141733333333333	0.3351	0.35679333333333335	0.37879999999999997	0.40356	0.4277733333333333	0.4528333333333333	0.47940666666666665	0.5089933333333334	0.5384733333333334	0.5721933333333333	0.6088933333333333	0.6477333333333333	0.6895399999999999	0.7345266666666667	0.7841	0.8320399999999999	0.8732133333333334	0.8964133333333333	Caffeine treatment without arginine supplementation.
H10	0.012573333333333348	0.013106666666666678	0.016326666666666677	0.020760000000000008	0.02424	0.02574666666666666	0.028293333333333327	0.030166666666666658	0.030819999999999997	0.03217333333333333	0.03423333333333334	0.03722666666666667	0.043473333333333336	0.050906666666666656	0.05628	0.061239999999999996	0.06970666666666665	0.07544	0.08060666666666667	0.08724666666666667	0.09413333333333333	0.10071333333333335	0.10736666666666668	0.11738666666666668	0.12924666666666668	0.14351333333333333	0.15726666666666667	0.17353333333333334	0.19	0.20866666666666664	0.22897333333333333	0.25	0.27292666666666665	0.2960933333333333	0.32245333333333337	0.3483266666666667	0.37716	0.40730666666666665	0.4441066666666666	0.48108666666666666	0.5192866666666667	0.5632666666666667	0.6126333333333334	0.65998	0.7124133333333333	0.76862	0.82642	0.8858933333333333	0.9488733333333332	1.0150066666666668	1.0863133333333335	1.1567733333333332	1.2305933333333332	1.3056133333333335	1.3690333333333333	1.43018	1.4942066666666665	1.5565000000000002	1.6073	1.6538733333333333	1.6858933333333332	Low arginine supplementation without caffeine treatment.
H11	0.003506666666666669	0.003506666666666669	0.0017533333333333346	0.0	0.0	0.0	0.0	0.0	0.0	0.0	0.00010000000000000009	0.00010000000000000009	0.00010000000000000009	0.00010000000000000009	0.00010000000000000009	0.0	0.0	0.0	0.0	0.0	6.666666666671484e-06	6.666666666671484e-06	6.666666666671484e-06	6.666666666671484e-06	6.666666666671484e-06	0.0	0.0	2.666666666666373e-05	2.666666666666373e-05	2.666666666666373e-05	2.666666666666373e-05	2.666666666666373e-05	0.0	0.0004333333333333356	0.0004333333333333356	0.0004333333333333356	0.0004333333333333356	0.0004333333333333356	0.0	0.0	0.0	0.0	0.0	0.0	0.0	0.0	0.0	0.0	0.0	0.0	0.0	0.0	0.0	0.0	0.0	0.0	0.0	0.0	0.0	0.0	0.0	Media control
H12	0.026660000000000007	0.02564666666666667	0.027166666666666662	0.029699999999999997	0.032740000000000005	0.03274	0.036866666666666666	0.03862666666666666	0.03979333333333333	0.04738666666666666	0.06068666666666667	0.06822	0.08084	0.09283333333333334	0.09899333333333332	0.10257999999999998	0.11359333333333335	0.12137333333333333	0.1278666666666667	0.13354666666666667	0.13744	0.13898666666666668	0.1421466666666667	0.15256666666666666	0.16549999999999998	0.18341999999999997	0.20464666666666664	0.22772666666666663	0.24857999999999997	0.27544	0.30110000000000003	0.32985333333333333	0.36172000000000004	0.3971666666666667	0.43168000000000006	0.47228666666666663	0.5163933333333334	0.5623533333333335	0.6107866666666667	0.6610400000000001	0.7148666666666668	0.7709933333333334	0.83112	0.8946799999999999	0.9611066666666666	1.0275333333333334	1.0924466666666668	1.15702	1.223	1.2910400000000002	1.3591466666666665	1.4226666666666667	1.4902733333333333	1.5598866666666669	1.6111066666666667	1.66556	1.72768	1.77992	1.8256933333333332	1.8759066666666668	1.8991599999999997	High arginine supplementation without caffeine treatment.
