well	0	1200	2400	3600	4800	6000	7200	8400	9600	10800	12000	13200	14400	15600	16800	18000	19200	20400	21600	22800	24000	25200	26400	27600	28800	30000	31200	32400	33600	34800	36000	37200	38400	39600	40800	42000	43200	44400	45600	46800	48000	49200	50400	51600	52800	54000	55200	56400	57600	58800	60000	61200	62400	63600	64800	66000	67200	68400	69600	70800	72000	Summary
A1	0.006493333333333333	0.006813333333333334	0.0073999999999999995	0.007153333333333317	0.00710666666666665	0.008033333333333318	0.009286666666666665	0.01283999999999999	0.01720666666666666	0.021113333333333317	0.02450666666666666	0.02786666666666666	0.028546666666666665	0.03196000000000001	0.03465333333333334	0.038633333333333325	0.04313999999999999	0.04444666666666666	0.05014000000000001	0.05656666666666668	0.06621333333333336	0.07364666666666668	0.08134666666666666	0.09103999999999997	0.09929999999999999	0.10564	0.11570666666666667	0.12743333333333334	0.14066	0.1444	0.15403999999999998	0.16705333333333336	0.18824	0.20342666666666667	0.22487333333333337	0.24594000000000002	0.27081333333333335	0.2945333333333333	0.31848666666666664	0.34434000000000003	0.3647933333333333	0.3908933333333333	0.41705333333333333	0.44838666666666666	0.4792133333333333	0.5049866666666667	0.53872	0.5711866666666667	0.60354	0.63896	0.6789733333333333	0.73068	0.7746066666666667	0.8270866666666666	0.8767866666666667	0.92876	0.9708333333333333	1.0194066666666666	1.06856	1.1192533333333332	1.1510799999999999	Growth with 50 mM (S)-lactic acid, no proline supplementation.
A2	0.02642666666666667	0.03148	0.035899999999999994	0.028186666666666665	0.02390666666666667	0.020066666666666667	0.023886666666666667	0.02543999999999999	0.026573333333333327	0.028079999999999994	0.02970666666666667	0.021400000000000002	0.013880000000000003	0.008860000000000007	0.014120000000000002	0.01846666666666666	0.01767333333333333	0.02314666666666666	0.018406666666666665	0.014899999999999997	0.011246666666666674	0.018113333333333332	0.02248	0.021173333333333332	0.013933333333333344	0.01597333333333334	0.019140000000000008	0.023266666666666675	0.015633333333333343	0.01334000000000001	0.010313333333333332	0.010753333333333328	0.008406666666666654	0.005993333333333323	0.01230666666666666	0.013306666666666661	0.01458000000000001	0.011433333333333332	0.010786666666666667	0.013673333333333324	0.010066666666666668	0.007933333333333339	0.006326666666666675	0.009253333333333336	0.010113333333333335	0.009153333333333319	0.006226666666666658	0.005226666666666657	0.005513333333333333	0.009193333333333331	0.00920666666666665	0.009046666666666656	0.0059733333333333305	0.005520000000000007	0.004153333333333333	0.008493333333333334	0.011000000000000001	0.010040000000000012	0.006293333333333345	0.007853333333333342	0.013213333333333327	Media control
A3	0.03187333333333333	0.03389999999999999	0.03481999999999999	0.039119999999999995	0.03020666666666666	0.02511333333333333	0.02082666666666666	0.02416666666666666	0.02308	0.02258666666666667	0.028200000000000003	0.029946666666666667	0.0381	0.04555333333333334	0.05700666666666667	0.055159999999999994	0.05635333333333333	0.061366666666666674	0.06960000000000001	0.07579333333333334	0.08243333333333333	0.09138	0.10129333333333335	0.11328	0.12480666666666666	0.14132666666666668	0.15577333333333335	0.17104	0.18275333333333332	0.19984	0.22016	0.24308666666666667	0.2687133333333333	0.3041066666666667	0.33559333333333335	0.36987333333333333	0.40142000000000005	0.44227333333333335	0.4832066666666666	0.5293266666666666	0.5758133333333333	0.6286466666666667	0.6852266666666668	0.7475200000000001	0.8020133333333334	0.87024	0.9338733333333332	1.00194	1.0755533333333334	1.13898	1.20576	1.2557133333333335	1.31334	1.37944	1.4385666666666665	1.4879466666666668	1.5346799999999998	1.5843999999999998	1.64502	1.6865333333333332	1.7062333333333335	Growth with 10 mM proline supplementation, no lactic acid.
A4	0.030039999999999994	0.030699999999999995	0.024086666666666662	0.02482000000000001	0.02914	0.04191333333333333	0.038359999999999984	0.03859999999999999	0.03781333333333333	0.04158666666666668	0.041066666666666675	0.04398	0.040233333333333315	0.04908666666666666	0.05473999999999999	0.06709333333333332	0.07215333333333332	0.08009999999999999	0.08913333333333333	0.10152666666666665	0.11363333333333332	0.12588	0.13885999999999998	0.15758	0.17674	0.19619333333333333	0.21450666666666665	0.23714	0.25831999999999994	0.27734	0.3003266666666667	0.3317866666666667	0.36988	0.41200666666666663	0.45526	0.5033066666666667	0.5512866666666667	0.6056733333333334	0.66244	0.72656	0.7884133333333333	0.8545133333333332	0.92326	0.9899533333333332	1.0606133333333332	1.12694	1.208173333333333	1.27734	1.349986666666667	1.4144133333333333	1.4798266666666666	1.5455466666666666	1.5925066666666667	1.6538733333333333	1.7063333333333333	1.7528133333333333	1.79988	1.8438333333333332	1.9001866666666667	1.9098999999999997	1.9062999999999999	Growth with 20 mM proline supplementation, no lactic acid.
A5	0.037133333333333345	0.03673333333333334	0.03405333333333333	0.04259333333333334	0.04046666666666667	0.03976	0.03478	0.03654666666666665	0.03990666666666667	0.04507999999999999	0.04268666666666666	0.04349999999999998	0.053026666666666666	0.057420000000000006	0.06026000000000001	0.06842666666666668	0.09106666666666668	0.10133333333333334	0.09917333333333335	0.10002666666666667	0.11258666666666668	0.11991333333333336	0.12462666666666666	0.13192	0.13498000000000002	0.14984666666666668	0.15891333333333335	0.17348666666666668	0.17626666666666668	0.1903	0.20004666666666662	0.22019333333333332	0.24016666666666664	0.2711066666666666	0.29617999999999994	0.32252	0.34548	0.3775733333333333	0.40585999999999994	0.43938666666666665	0.4719066666666667	0.50988	0.5538066666666667	0.6029133333333333	0.6497533333333333	0.7132266666666668	0.76226	0.8167666666666666	0.8736333333333334	0.9263666666666669	0.9853066666666667	1.0238866666666668	1.09012	1.1517733333333335	1.21472	1.2688666666666668	1.330226666666667	1.3922400000000001	1.4643733333333335	1.5208866666666667	1.5559	Growth with 20 mM alanine supplementation, no lactic acid.
A6	0.0	0.0	0.0	0.0	0.0	0.0	0.0	0.0	0.001213333333333344	0.0025000000000000022	0.0025000000000000022	0.0038799999999999855	0.0062399999999999956	0.011420000000000005	0.014160000000000006	0.01816	0.021733333333333327	0.02369999999999999	0.027206666666666657	0.03275999999999999	0.04125333333333333	0.04608	0.05182666666666666	0.05835333333333334	0.06618	0.07618000000000001	0.08561333333333333	0.09615333333333331	0.10153333333333332	0.1089	0.11801333333333335	0.13196	0.15103333333333332	0.17224000000000003	0.1908133333333333	0.21028666666666665	0.2321133333333333	0.2592733333333333	0.28156	0.30685333333333337	0.3291066666666667	0.35741333333333336	0.38754	0.42248	0.4524533333333333	0.4927266666666667	0.52996	0.5706666666666665	0.6094333333333334	0.6542666666666666	0.7057733333333335	0.7484866666666666	0.79892	0.8527066666666666	0.9062533333333332	0.9559999999999998	1.0114933333333334	1.0727399999999998	1.1403733333333332	1.19642	1.2337333333333331	Growth with 20 mM proline supplementation and 50 mM (S)-lactic acid.
A7	0.026246666666666654	0.02393333333333333	0.02024666666666666	0.015166666666666662	0.02231999999999998	0.024426666666666652	0.021413333333333322	0.013793333333333333	0.014153333333333332	0.021206666666666662	0.020906666666666657	0.027219999999999994	0.039920000000000004	0.04136000000000001	0.03949333333333333	0.038893333333333335	0.03864	0.040240000000000005	0.030786666666666674	0.035160000000000004	0.03251333333333333	0.03354666666666666	0.04109999999999999	0.04815333333333333	0.050286666666666674	0.05441333333333334	0.05561999999999998	0.06693999999999999	0.062179999999999985	0.07318666666666668	0.07354000000000001	0.08474666666666668	0.08933333333333333	0.10026000000000002	0.11062000000000001	0.12104	0.13293999999999997	0.15088	0.16695333333333331	0.19037333333333337	0.20478666666666667	0.22311333333333336	0.24036	0.2662933333333333	0.29177333333333333	0.3340666666666667	0.36468666666666666	0.39333333333333337	0.4219333333333333	0.4469666666666667	0.47863999999999995	0.4976866666666666	0.53314	0.5765199999999999	0.6196866666666666	0.66532	0.7080800000000002	0.75402	0.8051400000000001	0.8593333333333333	0.8955866666666665	Growth with 20 mM alanine supplementation, no lactic acid.
A8	0.02387333333333333	0.02055999999999999	0.014279999999999996	0.016366666666666668	0.020340000000000007	0.023113333333333336	0.025819999999999992	0.022499999999999982	0.02345999999999998	0.025933333333333326	0.03100000000000001	0.04805333333333334	0.06228	0.07157333333333334	0.06551333333333334	0.06445333333333333	0.07188666666666667	0.08627999999999998	0.09132000000000001	0.08322666666666668	0.0859866666666667	0.09547333333333334	0.1102	0.11440666666666667	0.118	0.12424000000000002	0.13391333333333333	0.14825333333333332	0.1646133333333333	0.18179333333333333	0.19786666666666666	0.21995333333333336	0.24613333333333332	0.2766866666666667	0.3052266666666667	0.3337133333333333	0.3587533333333333	0.39966000000000007	0.4403533333333334	0.49218000000000006	0.52934	0.5714	0.61854	0.6751533333333333	0.7351999999999999	0.8055333333333333	0.8696533333333334	0.9335533333333332	0.9890266666666667	1.0508666666666666	1.1221933333333334	1.1901	1.2556733333333334	1.3118333333333334	1.3725800000000001	1.423886666666667	1.4885000000000002	1.5420733333333334	1.5948533333333332	1.6222266666666665	1.6356133333333336	Baseline growth without any supplementation or treatment.
A9	0.008973333333333333	0.017759999999999995	0.025946666666666663	0.030933333333333323	0.046639999999999994	0.055779999999999996	0.06882	0.05996666666666666	0.06275999999999998	0.06253333333333332	0.06813333333333334	0.06595333333333334	0.06434666666666666	0.06070666666666665	0.06271333333333332	0.06538666666666666	0.07121999999999999	0.07514666666666667	0.07798666666666668	0.08426000000000002	0.08768666666666669	0.08610666666666666	0.08203333333333333	0.07824000000000002	0.07936666666666668	0.08327333333333335	0.09834666666666665	0.11791999999999998	0.12487999999999999	0.12822666666666666	0.12783333333333333	0.14028666666666667	0.15456666666666666	0.16578666666666667	0.1784933333333333	0.19118000000000002	0.20892	0.2328266666666667	0.2544866666666667	0.28481333333333336	0.3021066666666667	0.3243666666666667	0.34367333333333333	0.3755866666666667	0.40726666666666667	0.4392666666666667	0.47542	0.5135866666666666	0.5500599999999999	0.5841999999999999	0.62936	0.6847666666666666	0.7389733333333334	0.7921333333333335	0.8504466666666667	0.9085200000000001	0.9655999999999999	1.02644	1.08552	1.1443266666666665	1.17498	Growth with 20 mM alanine supplementation, no lactic acid.
A10	0.014713333333333337	0.01983333333333333	0.020266666666666665	0.017773333333333335	0.01351333333333333	0.014413333333333334	0.01290666666666665	0.008733333333333324	0.006699999999999993	0.00886666666666668	0.01597333333333335	0.013166666666666679	0.010946666666666669	0.011293333333333341	0.01890000000000001	0.023406666666666687	0.024413333333333353	0.028306666666666685	0.03383333333333333	0.040446666666666665	0.04391333333333333	0.04554666666666667	0.03847333333333334	0.043160000000000004	0.045506666666666674	0.0664	0.05872666666666668	0.047106666666666665	0.018833333333333323	0.008406666666666665	0.007699999999999985	0.018406666666666665	0.02111999999999999	0.028293333333333337	0.025186666666666673	0.032726666666666675	0.03558000000000001	0.03699333333333334	0.03524	0.024706666666666665	0.02380666666666667	0.027206666666666685	0.033080000000000026	0.03536000000000002	0.027860000000000013	0.022166666666666668	0.024759999999999994	0.02927333333333333	0.03954000000000001	0.03688666666666667	0.03768666666666667	0.02536666666666666	0.023500000000000004	0.016706666666666665	0.016219999999999995	0.01333999999999999	0.01595333333333332	0.021199999999999997	0.032993333333333326	0.03858	0.043539999999999995	Media control
A11	0.008946666666666658	0.020699999999999986	0.03103333333333332	0.034273333333333315	0.03504666666666665	0.04027999999999999	0.04320666666666668	0.04403333333333334	0.04406666666666667	0.04719999999999999	0.048073333333333336	0.051386666666666685	0.05610000000000002	0.06218000000000001	0.06606666666666668	0.06784000000000001	0.07391333333333334	0.07464000000000003	0.07803333333333334	0.08174666666666668	0.08961333333333332	0.09254666666666667	0.09947333333333334	0.10432666666666668	0.11477333333333335	0.11820000000000004	0.13166000000000003	0.1473066666666667	0.16303333333333334	0.17197333333333334	0.18159999999999998	0.19567333333333337	0.21708666666666665	0.22969333333333333	0.24835333333333334	0.26349333333333336	0.28481333333333336	0.30559333333333333	0.32694	0.35534	0.37620666666666663	0.3973733333333333	0.4178133333333333	0.44402666666666674	0.47126	0.49156666666666665	0.5210933333333334	0.5550066666666666	0.5786399999999999	0.6027533333333333	0.6290199999999999	0.6808333333333333	0.7244666666666667	0.7697066666666667	0.8101200000000001	0.8529066666666667	0.8962199999999999	0.9375666666666665	0.9821599999999998	1.0255466666666664	1.0570733333333333	Growth with 20 mM alanine supplementation and 50 mM (S)-lactic acid.
A12	0.006946666666666661	0.009399999999999992	0.010899999999999988	0.010639999999999991	0.012380000000000002	0.015780000000000006	0.020206666666666668	0.021333333333333333	0.02253333333333334	0.02453333333333334	0.024006666666666676	0.026620000000000005	0.02980000000000001	0.034413333333333344	0.03693333333333334	0.03840666666666667	0.04371333333333333	0.04624	0.04900000000000001	0.051780000000000014	0.057413333333333344	0.059646666666666674	0.06587333333333334	0.06946000000000001	0.07794	0.08259999999999999	0.09289333333333333	0.10474000000000001	0.11363333333333335	0.12597333333333335	0.13226666666666667	0.14260666666666666	0.15445333333333333	0.17266	0.18972000000000003	0.20496000000000003	0.22044666666666668	0.24305999999999997	0.26374000000000003	0.28914	0.30863999999999997	0.3303066666666667	0.35418	0.38596	0.41839333333333334	0.4583	0.4965266666666666	0.5327733333333333	0.56594	0.59662	0.63932	0.6864666666666667	0.7362666666666667	0.7885399999999999	0.83652	0.8900399999999999	0.9391533333333334	0.9881333333333333	1.0381933333333333	1.0969466666666665	1.1399066666666664	Growth with 10 mM proline supplementation and 50 mM (S)-lactic acid.
B1	0.028893333333333326	0.02018	0.015166666666666662	0.017653333333333316	0.023506666666666648	0.023433333333333316	0.025186666666666652	0.027906666666666653	0.03493999999999999	0.040780000000000004	0.04710666666666668	0.05346666666666668	0.05538000000000001	0.05412666666666668	0.05672	0.061166666666666654	0.06770666666666665	0.06951333333333332	0.07687333333333334	0.0877666666666667	0.09961333333333337	0.11274666666666666	0.12558	0.14043999999999998	0.15410000000000001	0.17144000000000004	0.19027333333333338	0.21196666666666666	0.23266	0.25076666666666664	0.2737066666666667	0.29932	0.33107333333333333	0.3606933333333333	0.3906066666666667	0.42270666666666673	0.4571133333333333	0.49953333333333333	0.54492	0.5981066666666667	0.64686	0.70406	0.76062	0.8201533333333334	0.8844133333333334	0.95262	1.0282533333333335	1.10002	1.1758066666666667	1.24046	1.3033733333333333	1.3647133333333332	1.4222066666666666	1.497353333333333	1.5582200000000002	1.6148933333333335	1.6538333333333333	1.6970066666666668	1.7477933333333333	1.78592	1.80888	Growth with 20 mM proline supplementation, no lactic acid.
B2	0.00544000000000001	0.010386666666666674	0.016700000000000003	0.020019999999999982	0.02177333333333332	0.023533333333333323	0.024920000000000008	0.028406666666666663	0.03250666666666666	0.03564666666666666	0.037906666666666665	0.042166666666666665	0.044680000000000004	0.050860000000000016	0.053920000000000017	0.059199999999999996	0.06390666666666665	0.06817999999999999	0.07407333333333334	0.08216666666666668	0.09264666666666667	0.10377999999999998	0.11547999999999999	0.12843999999999997	0.13969999999999996	0.15230666666666667	0.16764	0.1856	0.20465999999999998	0.21946666666666667	0.23820666666666668	0.25842	0.2831066666666667	0.3065933333333334	0.3298733333333334	0.35547333333333336	0.3840466666666667	0.4155666666666667	0.44742	0.48020666666666667	0.5129266666666666	0.5522266666666668	0.5940866666666668	0.64022	0.6884800000000001	0.7401200000000001	0.7929533333333335	0.8476866666666667	0.9026733333333333	0.9648599999999998	1.02654	1.09378	1.1501066666666666	1.21692	1.2788199999999998	1.3414599999999999	1.3872333333333333	1.4377733333333331	1.49226	1.54532	1.5753466666666667	Growth with 20 mM proline supplementation and 50 mM (S)-lactic acid.
B3	0.0	0.0	0.0	0.0	0.0	0.0	0.0	0.0001533333333333294	0.0015266666666666668	0.0032133333333333367	0.00490666666666667	0.009233333333333335	0.01198	0.016293333333333344	0.016986666666666678	0.01993333333333333	0.023206666666666664	0.025213333333333327	0.02914000000000001	0.03416666666666668	0.04148000000000002	0.04748	0.053913333333333334	0.06067333333333332	0.0669	0.07243999999999999	0.08074	0.09113333333333333	0.10262666666666669	0.10893333333333334	0.11814000000000001	0.12885333333333335	0.14450666666666667	0.15902666666666668	0.17350666666666667	0.19024	0.20754666666666666	0.2298	0.25105333333333335	0.27710666666666667	0.29539333333333334	0.32359333333333334	0.35632	0.40815333333333337	0.4720466666666667	0.5428533333333333	0.6370533333333334	0.73292	0.83744	0.9277933333333334	1.0097399999999999	1.0900133333333333	1.14764	1.2106866666666667	1.26182	1.31526	1.3545999999999998	1.39524	1.4417266666666666	1.4836200000000002	1.5074133333333333	Growth with 50 mM (S)-lactic acid, no proline supplementation.
B4	0.012106666666666663	0.01283333333333333	0.011853333333333327	0.009753333333333336	0.008406666666666665	0.008946666666666667	0.00979333333333333	0.012333333333333326	0.01781333333333333	0.01998666666666667	0.02673333333333334	0.028646666666666654	0.041433333333333315	0.041019999999999994	0.04287333333333334	0.050960000000000005	0.06878666666666666	0.0892	0.0924	0.08692666666666667	0.08333333333333336	0.08601333333333333	0.09702666666666666	0.10441333333333332	0.11324000000000001	0.12449333333333334	0.13943999999999998	0.15247333333333332	0.1650533333333333	0.17550666666666662	0.18559333333333336	0.19752	0.21384666666666666	0.23263999999999999	0.2520266666666667	0.27130666666666664	0.29105333333333333	0.31747333333333333	0.34474	0.37609333333333334	0.40158	0.43548000000000003	0.47222666666666674	0.51432	0.5569466666666667	0.6005066666666666	0.65174	0.6995399999999999	0.7472533333333332	0.7911133333333332	0.8408266666666666	0.8976466666666667	0.9581066666666667	1.0286733333333336	1.0985666666666667	1.1681133333333333	1.2191466666666666	1.2817999999999998	1.3472866666666665	1.417066666666667	1.454666666666667	Growth with 20 mM alanine supplementation, no lactic acid.
B5	0.002533333333333341	0.0012666666666666705	0.0	0.0	0.0	0.0	0.0	0.00048666666666666303	0.001059999999999996	0.001059999999999996	0.0005733333333333331	0.004053333333333335	0.004999999999999995	0.004999999999999995	0.0025199999999999854	0.0015733333333333248	0.002553333333333324	0.0009799999999999993	0.0023466666666666636	0.0020399999999999954	0.0020399999999999954	0.0006733333333333313	0.0	0.0	0.0016733333333333416	0.0016733333333333416	0.0016733333333333416	0.0022733333333333308	0.007526666666666663	0.012906666666666677	0.01506000000000001	0.01372000000000001	0.012079999999999999	0.011373333333333338	0.007460000000000004	0.00544	0.005253333333333342	0.005253333333333342	0.003920000000000007	0.00038666666666666477	0.005893333333333334	0.005506666666666669	0.005506666666666669	0.0	0.0	0.0	0.0	0.0017466666666666648	0.0017466666666666648	0.0017466666666666648	0.0	0.0	0.0023866666666666667	0.003246666666666657	0.003246666666666657	0.0008599999999999904	0.0	0.0014400000000000062	0.0014400000000000062	0.0015466666666666777	0.00021333333333334314	Media control
B6	0.001106666666666668	0.004653333333333347	0.006693333333333333	0.008953333333333341	0.008386666666666662	0.010240000000000008	0.012380000000000002	0.014866666666666658	0.01870666666666666	0.021453333333333324	0.023246666666666676	0.02377333333333334	0.024866666666666676	0.027873333333333344	0.030666666666666686	0.034866666666666685	0.03864666666666667	0.03939999999999999	0.041539999999999994	0.04587333333333333	0.05384	0.05862666666666666	0.06476	0.07165333333333335	0.07722666666666668	0.08052	0.08567333333333334	0.09468666666666668	0.10175333333333336	0.10350666666666668	0.10838666666666669	0.11790000000000002	0.13478000000000004	0.14440666666666666	0.15857333333333332	0.17219333333333334	0.19114	0.20885333333333334	0.22529333333333335	0.2457466666666667	0.26000666666666666	0.27828	0.29456666666666664	0.31451333333333337	0.3322	0.3487	0.3732599999999999	0.3977733333333333	0.4192333333333333	0.44015333333333334	0.4653266666666666	0.50056	0.5302133333333333	0.5625733333333333	0.5959533333333333	0.6295466666666667	0.6639333333333334	0.7007666666666666	0.7420866666666667	0.7815	0.80516	Growth with 20 mM alanine supplementation and 50 mM (S)-lactic acid.
B7	0.0018666666666666647	0.0009333333333333323	0.00624666666666666	0.00937999999999999	0.00937999999999999	0.0031333333333333304	0.0	0.0016533333333333307	0.0016533333333333307	0.0016533333333333307	0.0	0.0	0.0	0.0	0.0	0.0	0.0	0.0021266666666666747	0.0021266666666666747	0.0021266666666666747	0.0	0.0014199999999999953	0.0027866666666666504	0.0027866666666666504	0.001366666666666655	0.0	0.0	0.0	0.006700000000000002	0.014246666666666666	0.022073333333333334	0.017380000000000007	0.010066666666666677	0.00656000000000002	0.01102000000000001	0.012473333333333336	0.008573333333333322	0.0031466666666666496	0.001459999999999989	0.0010399999999999947	0.00805333333333332	0.00805333333333332	0.009306666666666658	0.0028733333333333297	0.006873333333333333	0.00896666666666666	0.007346666666666668	0.0033466666666666645	0.0	0.009839999999999996	0.012193333333333334	0.012193333333333334	0.006013333333333343	0.004693333333333345	0.005720000000000012	0.005220000000000012	0.004186666666666672	0.010126666666666673	0.006966666666666667	0.007719999999999995	0.0015066666666666562	Media control
B8	0.009440000000000004	0.01372666666666666	0.01514666666666666	0.02413333333333334	0.024240000000000022	0.025813333333333355	0.021453333333333335	0.02676666666666665	0.02975999999999998	0.03406666666666666	0.02563333333333334	0.03315333333333334	0.03497999999999999	0.037873333333333314	0.03401333333333332	0.031853333333333324	0.036186666666666666	0.03891333333333333	0.04635333333333334	0.05352666666666669	0.06015333333333334	0.06907333333333333	0.07696666666666667	0.08130666666666668	0.08460000000000001	0.08504	0.09734666666666668	0.11325333333333336	0.13154666666666667	0.14272666666666667	0.1563	0.17535333333333333	0.2023	0.22298666666666667	0.2520266666666667	0.27707999999999994	0.30811999999999995	0.3387933333333333	0.3709533333333333	0.40931333333333336	0.4429066666666667	0.47973333333333334	0.5197066666666667	0.5637533333333334	0.6110666666666668	0.6610666666666667	0.7198533333333333	0.78012	0.83536	0.8902333333333333	0.9531933333333334	1.0254	1.0901066666666666	1.1545333333333334	1.21628	1.2778533333333333	1.3236666666666668	1.3728733333333334	1.4244866666666667	1.4824599999999999	1.5160133333333334	Growth with 20 mM proline supplementation, no lactic acid.
B9	0.014240000000000003	0.01659333333333333	0.02188	0.025766666666666677	0.03377333333333335	0.03228000000000001	0.03292	0.03686666666666666	0.04772666666666666	0.05523333333333333	0.053233333333333334	0.057519999999999995	0.06368	0.07050666666666665	0.07041333333333333	0.07915333333333334	0.08598666666666666	0.09761333333333333	0.09862	0.10216000000000003	0.11578666666666666	0.13097333333333336	0.1455	0.14727333333333334	0.14963333333333334	0.15590666666666672	0.17494666666666667	0.20182000000000003	0.22854666666666668	0.24749333333333334	0.2653666666666667	0.2903533333333333	0.3237333333333333	0.35342	0.3894933333333333	0.4249133333333333	0.4706866666666667	0.51756	0.5667533333333333	0.62078	0.6734733333333334	0.7280666666666668	0.7880400000000001	0.8513533333333334	0.9155666666666668	0.9812333333333333	1.0565533333333332	1.1260866666666667	1.19146	1.2478333333333333	1.3156933333333332	1.3938333333333333	1.45024	1.5173666666666668	1.57388	1.6459866666666667	1.6875333333333333	1.7418733333333332	1.7888533333333332	1.8449933333333333	1.8661133333333335	Growth with 10 mM proline supplementation, no lactic acid.
B10	0.01354666666666667	0.0219	0.030233333333333324	0.03247333333333332	0.035446666666666654	0.04074666666666666	0.04584000000000001	0.04750000000000001	0.04850000000000001	0.050733333333333346	0.050840000000000024	0.054853333333333365	0.06013333333333335	0.06714666666666667	0.06896666666666666	0.07060666666666668	0.07691333333333335	0.08107333333333334	0.08676666666666667	0.09181333333333334	0.10154666666666667	0.10598	0.11440666666666666	0.11982666666666665	0.13117333333333334	0.13693333333333335	0.15309333333333336	0.1721066666666667	0.1902	0.2036733333333333	0.21519999999999997	0.23177333333333336	0.25452	0.27486000000000005	0.2972866666666667	0.31872666666666666	0.3414466666666667	0.3687933333333333	0.39707333333333333	0.4319733333333333	0.45970666666666665	0.48990666666666666	0.5217133333333334	0.5622266666666667	0.60536	0.6516333333333333	0.7001933333333333	0.74574	0.7932066666666667	0.8367533333333333	0.8913533333333334	0.9497666666666668	1.007	1.0711066666666667	1.1334533333333332	1.2055733333333332	1.2602866666666666	1.3183333333333331	1.37166	1.43068	1.4671399999999999	Growth with 10 mM proline supplementation and 50 mM (S)-lactic acid.
B11	0.004813333333333327	0.005299999999999985	0.005666666666666653	0.01497333333333331	0.028046666666666654	0.042179999999999995	0.04377333333333334	0.03553333333333334	0.026400000000000007	0.02673333333333334	0.029840000000000005	0.038086666666666665	0.04746666666666668	0.04911333333333334	0.04720000000000001	0.04250666666666667	0.05411333333333334	0.07134	0.07026666666666666	0.06688	0.05827999999999999	0.06198	0.07137333333333333	0.07972666666666668	0.09230666666666669	0.09476666666666671	0.10956	0.12814	0.1511	0.16064	0.17489999999999997	0.19257333333333335	0.22408666666666668	0.24169333333333332	0.26962	0.2946933333333333	0.3341133333333333	0.36909333333333333	0.4028733333333334	0.43914000000000003	0.47610666666666673	0.5139400000000001	0.55828	0.6030266666666667	0.6570266666666668	0.6951666666666667	0.7527933333333334	0.81004	0.86504	0.92712	0.98902	1.0718666666666667	1.1274	1.1890733333333332	1.2539533333333335	1.3187066666666667	1.3641533333333333	1.4076666666666666	1.4489933333333334	1.5020133333333334	1.53114	Growth with 50 mM (S)-lactic acid, no proline supplementation.
B12	0.008179999999999988	0.01776666666666665	0.02406666666666665	0.02507333333333332	0.026779999999999998	0.03511333333333334	0.03980666666666668	0.04066666666666668	0.04630000000000001	0.05143333333333334	0.05320666666666667	0.04548666666666667	0.04513333333333334	0.04331333333333334	0.04630000000000001	0.04607333333333335	0.05491333333333334	0.051806666666666674	0.05293333333333334	0.05661333333333334	0.07138	0.07628	0.08140666666666667	0.08429333333333333	0.09667333333333333	0.1025	0.11925999999999999	0.13897333333333334	0.16053333333333333	0.17384	0.18666666666666668	0.20420666666666665	0.22998666666666664	0.25156	0.27752	0.30319333333333337	0.33424666666666664	0.36812666666666666	0.40664000000000006	0.45280666666666675	0.4939733333333334	0.5333066666666667	0.5778133333333333	0.6321599999999999	0.6896266666666667	0.7401333333333332	0.8018933333333332	0.8716733333333333	0.93314	1.00412	1.0744866666666664	1.1652333333333333	1.2302	1.3033066666666666	1.37342	1.4498733333333333	1.50342	1.5576666666666668	1.6059599999999998	1.6631799999999999	1.697173333333333	Baseline growth without any supplementation or treatment.
C1	0.004666666666666662	0.006019999999999998	0.008786666666666665	0.011493333333333328	0.017119999999999996	0.0248	0.0306	0.03619333333333333	0.044799999999999986	0.046619999999999995	0.054593333333333334	0.06177333333333335	0.07792666666666667	0.08094	0.08460000000000001	0.08386	0.09396666666666668	0.09986000000000002	0.11086000000000001	0.12436666666666668	0.13834666666666667	0.15296666666666667	0.16679999999999998	0.18304666666666666	0.20154666666666668	0.22089333333333336	0.24339333333333335	0.2669066666666667	0.2922466666666667	0.3182333333333333	0.34359333333333336	0.37077333333333334	0.40262666666666663	0.4422133333333333	0.48079333333333335	0.5229466666666668	0.5664666666666668	0.6162266666666666	0.6664933333333333	0.71914	0.7718133333333332	0.8258466666666667	0.8841200000000001	0.9513666666666666	1.0202266666666666	1.09928	1.1710266666666664	1.2412933333333334	1.3089199999999999	1.367913333333333	1.4273866666666664	1.4850866666666664	1.5498333333333332	1.6195466666666667	1.6720466666666667	1.7189133333333333	1.7414133333333333	1.7724	1.8104133333333332	1.8499999999999999	1.869373333333333	Growth with 10 mM proline supplementation, no lactic acid.
C2	0.016226666666666667	0.023413333333333338	0.02366666666666666	0.026886666666666652	0.02180666666666664	0.02536666666666665	0.029353333333333325	0.03134	0.03137333333333333	0.032646666666666664	0.033440000000000004	0.04043333333333334	0.04754666666666668	0.05392666666666668	0.05365333333333335	0.05573333333333333	0.06570666666666665	0.07264666666666665	0.07967333333333333	0.08443333333333335	0.0949466666666667	0.10234666666666666	0.11101333333333334	0.12137333333333333	0.1330666666666667	0.14290666666666668	0.15554000000000004	0.16996666666666668	0.18712666666666666	0.19673333333333334	0.21097333333333335	0.22772	0.2540733333333333	0.2746933333333333	0.29740666666666665	0.31950666666666666	0.3459466666666667	0.37460000000000004	0.4035866666666667	0.43664	0.4664266666666667	0.5028933333333333	0.53932	0.58062	0.62168	0.6604533333333333	0.7139866666666667	0.7675866666666668	0.8224066666666667	0.8751933333333334	0.9320733333333333	0.9931466666666666	1.0519066666666665	1.11402	1.18212	1.2523933333333332	1.3145333333333333	1.3798066666666668	1.4336266666666664	1.4884199999999999	1.518246666666667	Growth with 20 mM alanine supplementation, no lactic acid.
C3	0.044126666666666675	0.04408	0.04593333333333333	0.04681999999999998	0.04420666666666665	0.04203333333333331	0.049686666666666664	0.060306666666666654	0.07357333333333332	0.07844666666666665	0.08694	0.10260000000000001	0.11768	0.12822666666666668	0.12708666666666668	0.1315333333333333	0.14703999999999998	0.16307999999999997	0.18090666666666666	0.19346666666666665	0.20911333333333335	0.22664666666666666	0.24708000000000005	0.2675733333333334	0.2890333333333333	0.3133066666666666	0.34323999999999993	0.37636666666666657	0.40999333333333327	0.44730000000000003	0.48490666666666665	0.5290199999999999	0.58024	0.6370933333333333	0.6978399999999999	0.7577400000000001	0.82468	0.8941666666666667	0.9666533333333334	1.0387066666666667	1.1095266666666668	1.18356	1.2634533333333333	1.3378533333333333	1.4102800000000002	1.47942	1.5646866666666666	1.624853333333333	1.678373333333333	1.7130599999999998	1.7614066666666666	1.8110133333333331	1.867473333333333	1.9426866666666667	1.9815866666666668	2.005993333333333	1.996133333333333	2.0304066666666665	2.0614266666666663	2.0947533333333332	2.09948	Baseline growth without any supplementation or treatment.
C4	0.00165333333333334	0.0017066666666666619	0.0008799999999999919	0.0013399999999999985	0.0004600000000000067	0.0004600000000000067	0.0	0.0	0.0	0.0	0.0	0.0021666666666666687	0.003366666666666666	0.003526666666666669	0.00136	0.00016000000000000272	0.0005333333333333393	0.0005333333333333393	0.0005333333333333393	0.0	0.0	0.0	0.00012666666666667306	0.00012666666666667306	0.0006933333333333421	0.001266666666666666	0.001266666666666666	0.000699999999999997	0.0015933333333333355	0.0015933333333333355	0.0015933333333333355	0.0010733333333333244	0.0010733333333333244	0.00346	0.002406666666666668	0.002406666666666668	1.9999999999992246e-05	0.0028399999999999905	0.004126666666666658	0.005873333333333332	0.0030333333333333414	0.0027333333333333376	0.0025933333333333364	0.0025933333333333364	0.0034200000000000064	0.005360000000000004	0.009220000000000006	0.009353333333333344	0.01074	0.009626666666666672	0.009240000000000007	0.007946666666666685	0.007606666666666678	0.007620000000000006	0.005953333333333329	0.005193333333333328	0.005533333333333325	0.0035599999999999985	0.005313333333333337	0.0035399999999999967	0.003679999999999989	Media control
C5	0.0022466666666666607	0.004239999999999994	0.005759999999999992	0.007853333333333332	0.008486666666666661	0.010873333333333327	0.014179999999999998	0.017733333333333334	0.02280666666666667	0.026586666666666658	0.029513333333333336	0.030539999999999994	0.031966666666666664	0.03607333333333332	0.04006666666666667	0.04473333333333334	0.04914666666666668	0.0478	0.05160666666666667	0.05810666666666667	0.07154	0.07992666666666666	0.08772666666666666	0.09592	0.10156	0.10181999999999998	0.11280666666666667	0.12802	0.14612000000000003	0.14504000000000003	0.15432	0.16833333333333333	0.19708	0.20320666666666667	0.22417333333333334	0.24572666666666665	0.28080666666666665	0.30715333333333333	0.33005999999999996	0.35948	0.38287333333333334	0.41287999999999997	0.4406333333333334	0.4735466666666666	0.5043666666666666	0.5197999999999999	0.5582266666666668	0.5965400000000001	0.6292000000000001	0.6595533333333333	0.69806	0.7648266666666667	0.81418	0.8650066666666666	0.91072	0.9563133333333332	0.9967	1.0403	1.09422	1.1462666666666665	1.1832266666666664	Growth with 50 mM (S)-lactic acid, no proline supplementation.
C6	0.003846666666666665	0.003573333333333336	0.0027866666666666686	0.0005466666666666767	3.333333333333891e-05	3.333333333333891e-05	0.0020733333333333346	0.0037399999999999933	0.007539999999999991	0.010719999999999988	0.01304666666666667	0.01430666666666667	0.016433333333333345	0.020906666666666684	0.024266666666666686	0.02826666666666668	0.032146666666666664	0.035966666666666654	0.040373333333333324	0.04690666666666666	0.05617333333333333	0.06392666666666667	0.07222666666666668	0.08102000000000002	0.08832666666666668	0.09838666666666666	0.10814000000000001	0.12188666666666668	0.12942	0.14014000000000001	0.1486866666666667	0.1645	0.18024666666666667	0.20080666666666666	0.22057333333333332	0.24382666666666666	0.2655066666666667	0.29208666666666666	0.3156933333333333	0.34457999999999994	0.36690666666666666	0.3956466666666667	0.42556666666666665	0.46271333333333337	0.49743333333333334	0.5403333333333333	0.5804266666666666	0.6242733333333333	0.6672333333333333	0.7104866666666667	0.7534933333333335	0.7938933333333335	0.8451133333333333	0.9007066666666667	0.9534866666666667	1.0029800000000002	1.0533333333333335	1.1052666666666668	1.1609866666666668	1.2143	1.252093333333333	Growth with 10 mM proline supplementation and 50 mM (S)-lactic acid.
C7	0.010113333333333335	0.013400000000000009	0.013546666666666679	0.019600000000000006	0.019719999999999998	0.023626666666666667	0.02344666666666667	0.02556000000000001	0.03108666666666667	0.037106666666666656	0.04087333333333332	0.04055333333333331	0.044053333333333326	0.04815999999999999	0.04469333333333333	0.04445999999999998	0.04943999999999999	0.053373333333333335	0.05835333333333335	0.06052666666666668	0.07598	0.07864666666666667	0.08839999999999999	0.09135333333333333	0.10088666666666664	0.10507999999999999	0.11975333333333331	0.1372733333333333	0.15378	0.17145333333333332	0.18617333333333333	0.20738	0.23093333333333335	0.26106	0.28862000000000004	0.31590666666666667	0.3404066666666667	0.37638	0.4142533333333333	0.45870666666666665	0.4925533333333334	0.5315466666666667	0.5766933333333333	0.6282266666666666	0.6797066666666666	0.743	0.8095533333333335	0.8708333333333332	0.9274999999999999	0.9805333333333333	1.0450733333333333	1.1104199999999997	1.1826733333333335	1.2477866666666666	1.3074533333333331	1.3636866666666665	1.4159133333333334	1.4648533333333331	1.506573333333333	1.5582333333333331	1.5903866666666664	Growth with 20 mM proline supplementation, no lactic acid.
C8	0.0	0.0	0.0	0.0	0.0	0.0	0.0	0.0	0.0	0.0	0.0	0.0	0.0	0.0	0.0	0.0	0.0	0.0	0.0	0.0	0.0	0.0	0.0	0.0	0.0	0.0	0.0	0.0	0.0	0.0	0.0	0.0	0.0	0.0	0.0	0.0	0.0	0.0	0.0	0.0	0.0	0.0	0.0	0.0	0.0	0.0	0.0	0.0	0.0	0.0	0.0	0.0	0.0	0.0	0.0	0.0	0.0	0.0	0.0	0.0	0.0	Media control
C9	0.0062266666666666625	0.010606666666666658	0.014633333333333337	0.01845333333333334	0.02365333333333335	0.02871333333333334	0.03367333333333333	0.035346666666666665	0.039786666666666665	0.04323333333333334	0.04540666666666667	0.04995333333333334	0.056	0.06310666666666667	0.06678666666666667	0.06987333333333334	0.07620666666666669	0.07944666666666668	0.08536666666666666	0.09090666666666665	0.10442	0.11365999999999998	0.12760666666666667	0.13704666666666668	0.15302666666666667	0.16314000000000003	0.18400000000000002	0.20743999999999999	0.23554	0.25793333333333335	0.27719333333333335	0.29916666666666664	0.32508000000000004	0.3482	0.3739733333333333	0.40183333333333326	0.43550666666666665	0.4779999999999999	0.5203066666666666	0.5684	0.6040666666666666	0.64636	0.6935666666666666	0.7487666666666667	0.8065066666666666	0.8566933333333333	0.9156533333333333	0.9719133333333333	1.03046	1.08052	1.1387866666666666	1.2052933333333333	1.27608	1.3369600000000001	1.3937466666666667	1.4406400000000001	1.4856666666666667	1.5294733333333335	1.5767	1.6241533333333333	1.65438	Growth with 10 mM proline supplementation and 50 mM (S)-lactic acid.
C10	0.017079999999999998	0.023666666666666655	0.027266666666666658	0.038373333333333315	0.047346666666666655	0.04877999999999999	0.049973333333333335	0.04323333333333334	0.0522	0.05100000000000001	0.055673333333333345	0.06388666666666667	0.06843333333333335	0.06541333333333334	0.05833333333333334	0.06587333333333334	0.07434666666666667	0.07924	0.0727	0.07138	0.07174666666666667	0.07654666666666667	0.08577333333333333	0.09176000000000002	0.10734000000000003	0.1129666666666667	0.13152666666666668	0.14864	0.16933333333333334	0.18254	0.19509999999999997	0.21487333333333333	0.24235333333333334	0.26832666666666666	0.29885333333333336	0.32669333333333334	0.35784666666666665	0.39155999999999996	0.42444	0.46713999999999994	0.5046066666666668	0.5455066666666667	0.5929466666666667	0.6483599999999999	0.7098266666666667	0.7671	0.8258266666666666	0.8839066666666667	0.9381733333333334	0.9914533333333333	1.0549199999999999	1.1200666666666665	1.1889666666666667	1.2520066666666667	1.3162533333333333	1.3775399999999998	1.4368866666666669	1.4845999999999997	1.5310266666666665	1.5827133333333332	1.6269733333333332	Growth with 20 mM proline supplementation, no lactic acid.
C11	0.028379999999999992	0.03171333333333332	0.0377	0.04186	0.04756666666666668	0.04954000000000002	0.053646666666666676	0.0535	0.05488666666666666	0.055053333333333336	0.05476666666666666	0.059893333333333326	0.06467999999999999	0.0705	0.07215333333333332	0.07374666666666667	0.07820000000000002	0.07909333333333336	0.08288666666666669	0.08689333333333336	0.09528000000000003	0.10160000000000002	0.11233333333333335	0.11910000000000003	0.13017333333333334	0.13576666666666667	0.15116	0.16969333333333333	0.1891866666666667	0.2041866666666667	0.21810000000000004	0.23341333333333336	0.25434666666666667	0.27044	0.29241999999999996	0.31402	0.3405066666666667	0.3680533333333333	0.39676666666666666	0.4293	0.458	0.4868666666666667	0.5166266666666667	0.5546933333333334	0.5955266666666666	0.6366866666666667	0.6796533333333333	0.72504	0.7725666666666666	0.8267466666666667	0.8853533333333333	0.9449866666666665	1.006	1.0631933333333332	1.1320866666666667	1.1881066666666666	1.2569333333333332	1.3129866666666665	1.3692799999999998	1.41824	1.45312	Growth with 20 mM proline supplementation and 50 mM (S)-lactic acid.
C12	0.01231333333333332	0.010413333333333316	0.010366666666666658	0.011726666666666663	0.013866666666666675	0.015506666666666677	0.019513333333333344	0.020666666666666677	0.022286666666666666	0.02275333333333333	0.022333333333333316	0.025293333333333317	0.028146666666666653	0.0322	0.031219999999999998	0.030546666666666666	0.032733333333333337	0.031393333333333336	0.03205333333333335	0.032660000000000015	0.03841333333333335	0.04016666666666668	0.04583333333333334	0.04576666666666667	0.05050666666666667	0.048466666666666686	0.058326666666666686	0.06906	0.08295333333333334	0.09122000000000001	0.09770000000000001	0.10291333333333334	0.11214666666666669	0.11760666666666669	0.12808666666666668	0.13475333333333336	0.14674	0.15855333333333335	0.1698666666666667	0.18330000000000002	0.1953666666666667	0.20676666666666665	0.21906	0.23479333333333333	0.2548266666666667	0.2732866666666667	0.28975333333333336	0.30607333333333336	0.3196666666666667	0.33754666666666666	0.35775333333333337	0.3831866666666666	0.4048666666666667	0.42829333333333336	0.45002000000000003	0.4756066666666667	0.4979333333333334	0.5257533333333334	0.5478466666666667	0.5785399999999999	0.5979866666666666	Growth with 20 mM alanine supplementation and 50 mM (S)-lactic acid.
D1	0.0018266666666666709	0.0018266666666666709	0.0018266666666666709	0.0016333333333333293	0.004999999999999995	0.008333333333333331	0.01156666666666667	0.013160000000000005	0.017066666666666664	0.017653333333333337	0.01776000000000001	0.019340000000000013	0.021426666666666667	0.02530666666666666	0.02736666666666666	0.03036000000000001	0.03330000000000002	0.03279333333333335	0.03636	0.04106666666666666	0.045846666666666654	0.047966666666666664	0.05086666666666667	0.05661333333333334	0.06201333333333334	0.06686	0.07352666666666667	0.08204	0.09124666666666666	0.0971	0.10402666666666666	0.11117333333333333	0.12099333333333334	0.13198000000000001	0.14179333333333333	0.15444666666666665	0.16616666666666666	0.18179333333333333	0.19649333333333333	0.2137733333333333	0.2301133333333333	0.24617999999999998	0.26225333333333334	0.2818	0.3047266666666667	0.32568	0.34722666666666663	0.36829333333333336	0.39172	0.4149133333333333	0.44018666666666667	0.4657866666666666	0.49373333333333336	0.5219133333333333	0.5533133333333333	0.5822799999999999	0.6101466666666666	0.6415666666666667	0.6739133333333333	0.7091333333333333	0.7304066666666666	Growth with 20 mM alanine supplementation and 50 mM (S)-lactic acid.
D2	0.01664666666666667	0.013813333333333335	0.012386666666666657	0.013793333333333333	0.017153333333333336	0.020526666666666676	0.023713333333333336	0.027979999999999994	0.032539999999999986	0.03587999999999999	0.03871333333333332	0.04433333333333333	0.049353333333333325	0.05530666666666667	0.05908000000000002	0.06490666666666668	0.07223333333333333	0.07895333333333332	0.08849333333333333	0.09899333333333334	0.1099066666666667	0.12009333333333334	0.13168666666666665	0.14733333333333332	0.16287333333333331	0.18359999999999999	0.19956666666666667	0.21852000000000002	0.23702	0.2621866666666667	0.28536	0.3088933333333333	0.33168666666666663	0.36578666666666665	0.39146	0.4221533333333333	0.4446733333333333	0.4775466666666666	0.5102866666666667	0.5476466666666666	0.5882333333333333	0.6290266666666666	0.6729466666666667	0.7162866666666666	0.77074	0.8323	0.8907266666666667	0.9388866666666668	0.9946866666666665	1.05112	1.1150466666666665	1.1657333333333335	1.2224333333333333	1.2844066666666667	1.3506866666666666	1.4124933333333332	1.4570800000000002	1.50772	1.55288	1.5952399999999998	1.6099266666666667	Growth with 10 mM proline supplementation and 50 mM (S)-lactic acid.
D3	0.0	0.0028666666666666654	0.003580000000000009	0.007279999999999999	0.010493333333333335	0.01394	0.013033333333333333	0.008253333333333326	0.004833333333333319	0.002679999999999988	0.004399999999999987	0.0036599999999999875	0.005353333333333339	0.005993333333333341	0.008286666666666683	0.00964000000000001	0.008200000000000013	0.00831333333333333	0.007839999999999986	0.008953333333333322	0.01168666666666667	0.010006666666666672	0.007853333333333342	0.006220000000000003	0.005720000000000012	0.006659999999999999	0.007079999999999993	0.006839999999999985	0.004719999999999992	0.0007933333333333311	0.0001533333333333294	0.001046666666666668	0.001939999999999988	0.0017866666666666586	0.003313333333333316	0.004053333333333316	0.006059999999999982	0.0050866666666666465	0.004013333333333331	0.0048200000000000005	0.003673333333333343	0.005566666666666664	0.007620000000000006	0.011520000000000002	0.012213333333333345	0.010613333333333336	0.012300000000000005	0.009959999999999997	0.009539999999999993	0.007979999999999987	0.010673333333333321	0.010373333333333326	0.008233333333333323	0.008566666666666667	0.011166666666666658	0.011953333333333324	0.012126666666666655	0.008626666666666671	0.008880000000000018	0.007426666666666683	0.00833333333333334	Media control
D4	0.03450000000000001	0.03596000000000001	0.03870000000000002	0.044146666666666674	0.04576	0.04577333333333333	0.052700000000000004	0.05448666666666666	0.057033333333333325	0.056546666666666655	0.06233333333333332	0.06765999999999998	0.07211999999999998	0.07905999999999999	0.08865333333333332	0.10067333333333334	0.11383333333333334	0.13254666666666667	0.14807333333333336	0.16642	0.18272	0.20223999999999998	0.2213866666666667	0.23972000000000002	0.2586866666666667	0.27499333333333337	0.3010466666666667	0.32957333333333333	0.36596	0.3919533333333334	0.43057999999999996	0.46579999999999994	0.5104399999999999	0.5418066666666667	0.5920333333333333	0.6459400000000001	0.70486	0.76212	0.8182800000000001	0.8840533333333335	0.9451066666666667	1.0066999999999997	1.0792866666666665	1.15432	1.2356466666666666	1.3015133333333333	1.3789333333333333	1.4431933333333333	1.5193066666666668	1.5813466666666667	1.6380066666666666	1.70324	1.7411999999999999	1.8222333333333334	1.8909333333333336	1.96222	1.9924266666666668	2.0215266666666665	2.0615466666666666	2.0603266666666666	2.034133333333333	Baseline growth without any supplementation or treatment.
D5	0.015213333333333329	0.01534666666666667	0.016120000000000006	0.013580000000000009	0.018826666666666658	0.024953333333333317	0.03220666666666666	0.03281333333333333	0.030440000000000005	0.03692	0.036860000000000004	0.03904	0.041839999999999995	0.04848666666666666	0.05327333333333333	0.053799999999999994	0.059379999999999995	0.06706666666666666	0.07966666666666665	0.09598	0.11430666666666667	0.12394000000000001	0.13276666666666667	0.14449333333333336	0.15696000000000002	0.16974666666666668	0.18748	0.20994666666666664	0.23368666666666668	0.24629333333333334	0.2655	0.29063333333333335	0.32684666666666673	0.35278666666666664	0.38755333333333336	0.42354	0.4702	0.51826	0.5729000000000001	0.63354	0.6838266666666667	0.7378533333333334	0.79176	0.8573533333333332	0.9237466666666666	0.9806666666666667	1.0575866666666667	1.1317466666666667	1.2083533333333334	1.2729333333333333	1.342226666666667	1.4260066666666666	1.4937333333333334	1.5564866666666666	1.6231799999999998	1.6911066666666665	1.7650733333333335	1.82172	1.8452733333333333	1.8533733333333335	1.8469200000000001	Baseline growth without any supplementation or treatment.
D6	0.03430666666666666	0.036413333333333325	0.039886666666666654	0.04195333333333332	0.04018666666666667	0.0383	0.04482666666666666	0.03935999999999998	0.03609999999999999	0.030046666666666656	0.03771333333333333	0.04079333333333332	0.05343333333333333	0.05848666666666668	0.06619333333333334	0.06693333333333333	0.07329333333333334	0.07959999999999999	0.08070666666666665	0.08654666666666666	0.09372666666666667	0.09737333333333335	0.10533333333333333	0.11323333333333334	0.12276666666666668	0.13233333333333333	0.14232	0.15946000000000002	0.168	0.18075333333333332	0.19095333333333334	0.20927333333333334	0.22963333333333336	0.2528866666666667	0.27714	0.3009866666666667	0.32776	0.3613933333333333	0.39212	0.42733333333333334	0.45135333333333333	0.48285333333333336	0.51574	0.55978	0.6052533333333333	0.6589866666666667	0.7095733333333335	0.7579400000000001	0.8067000000000001	0.8528866666666666	0.9071066666666666	0.9621466666666665	1.0247466666666665	1.08992	1.1596	1.2253933333333331	1.29312	1.35416	1.41076	1.4638600000000002	1.4945199999999998	Growth with 20 mM alanine supplementation, no lactic acid.
D7	0.013606666666666678	0.012860000000000002	0.012586666666666668	0.013933333333333334	0.01855333333333335	0.021506666666666684	0.02582000000000001	0.03593333333333334	0.04246	0.04831333333333334	0.04391333333333334	0.04542666666666667	0.051113333333333344	0.059306666666666674	0.06597333333333334	0.07421333333333334	0.07758666666666668	0.08439333333333333	0.08920000000000002	0.10186666666666667	0.11736666666666667	0.12978	0.14533333333333331	0.15914666666666666	0.17478666666666665	0.19290666666666667	0.21354666666666666	0.23439333333333334	0.25133333333333335	0.27224	0.2951266666666667	0.3243133333333334	0.3582000000000001	0.39957333333333334	0.43953333333333333	0.47989333333333334	0.5218200000000001	0.5716866666666668	0.62334	0.6806466666666666	0.7317733333333334	0.7864466666666666	0.8439066666666667	0.9113600000000001	0.9773333333333335	1.0604000000000002	1.1299333333333335	1.1937666666666666	1.2636200000000002	1.3230466666666665	1.3907933333333335	1.4335866666666668	1.48716	1.5529933333333332	1.6207333333333331	1.6895466666666668	1.7378066666666667	1.7784466666666665	1.8071533333333332	1.8218666666666667	1.8190733333333335	Growth with 10 mM proline supplementation, no lactic acid.
D8	0.00017333333333334014	0.0012800000000000127	0.0012800000000000127	0.002133333333333348	0.005033333333333344	0.008446666666666677	0.012373333333333328	0.013413333333333333	0.01592	0.01690000000000001	0.016640000000000005	0.01805333333333335	0.021133333333333337	0.024073333333333335	0.025519999999999998	0.025440000000000008	0.028340000000000004	0.02811333333333334	0.02900000000000001	0.031006666666666672	0.038220000000000004	0.04176	0.04697333333333334	0.047946666666666665	0.05442666666666666	0.057406666666666654	0.06799999999999999	0.07997333333333331	0.09117333333333333	0.10343333333333332	0.10776000000000001	0.11496666666666668	0.11928000000000001	0.13363333333333335	0.13977333333333333	0.14509999999999998	0.14040666666666665	0.14476666666666668	0.14084	0.14620000000000002	0.1454	0.1510933333333333	0.14679999999999999	0.1462	0.14167333333333332	0.16829333333333332	0.1788533333333333	0.17364666666666664	0.16346	0.14775333333333332	0.15982	0.15506	0.17411333333333334	0.19099333333333335	0.21068	0.22850666666666666	0.2475333333333333	0.2676066666666666	0.28859999999999997	0.31018666666666667	0.32271333333333335	Growth with 20 mM proline supplementation and 50 mM (S)-lactic acid.
D9	0.012793333333333328	0.010539999999999994	0.010333333333333338	0.013320000000000007	0.022753333333333348	0.027413333333333335	0.028273333333333334	0.026313333333333338	0.028020000000000007	0.03886666666666668	0.04060666666666668	0.04568666666666668	0.04513333333333334	0.04937333333333333	0.05048666666666667	0.05430666666666668	0.06010666666666669	0.07151333333333336	0.06933333333333336	0.07987333333333334	0.08042	0.08775999999999999	0.09164	0.09754666666666667	0.10912666666666666	0.11964000000000001	0.14013333333333333	0.16263999999999998	0.18354	0.20643333333333333	0.2258266666666667	0.24903333333333336	0.27318	0.30446666666666666	0.3368066666666667	0.3718000000000001	0.4047733333333334	0.44413333333333327	0.48374	0.5338666666666666	0.5828000000000001	0.63526	0.6937666666666665	0.7572999999999999	0.8223733333333333	0.8923933333333333	0.9648866666666667	1.0381799999999999	1.1033266666666666	1.1688866666666666	1.23442	1.3115933333333334	1.3747800000000001	1.43666	1.5040133333333336	1.5764733333333334	1.6424	1.6901066666666666	1.7103	1.73932	1.7467466666666667	Growth with 20 mM proline supplementation, no lactic acid.
D11	0.0016400000000000026	0.004160000000000007	0.008500000000000008	0.008493333333333344	0.006833333333333348	0.00544000000000001	0.0059800000000000035	0.005119999999999995	0.002506666666666657	0.00037333333333331814	0.00043333333333331336	0.002359999999999992	0.0026133333333333286	0.0025533333333333332	0.0002933333333333306	0.0035200000000000045	0.0035200000000000045	0.0035200000000000045	0.00358	0.006019999999999998	0.006019999999999998	0.0030066666666666666	0.007873333333333335	0.011733333333333337	0.012206666666666671	0.00733333333333334	0.0054266666666666725	0.013159999999999996	0.018020000000000008	0.01992000000000001	0.01786666666666668	0.012279999999999994	0.01711333333333333	0.013973333333333338	0.020786666666666676	0.01792000000000001	0.02427333333333335	0.022920000000000013	0.024000000000000004	0.022733333333333338	0.022800000000000004	0.017633333333333334	0.013626666666666657	0.011759999999999993	0.014359999999999993	0.019853333333333324	0.015186666666666654	0.01487333333333333	0.004720000000000002	0.005666666666666671	0.0016466666666666667	0.0032933333333333334	0.0023733333333333384	0.013060000000000007	0.023520000000000003	0.026539999999999998	0.020833333333333332	0.008726666666666669	0.009786666666666674	0.006246666666666678	0.0076866666666666845	Media control
D12	0.0	0.0	0.0002066666666666698	0.0002066666666666698	0.0005266666666666753	0.00174000000000001	0.00413333333333335	0.005226666666666685	0.00688666666666668	0.00842000000000001	0.009206666666666669	0.013333333333333336	0.0184	0.024120000000000003	0.02639333333333334	0.026373333333333342	0.029860000000000015	0.030426666666666668	0.03375333333333335	0.03724666666666667	0.04572000000000001	0.05177333333333333	0.06084666666666667	0.0656	0.07414	0.07914666666666667	0.09207333333333334	0.10604000000000002	0.12085333333333333	0.13644	0.14817333333333335	0.16251333333333337	0.17858666666666667	0.19992666666666667	0.22047333333333333	0.23834000000000002	0.25636	0.28147333333333335	0.30702	0.33915333333333336	0.3696	0.4001666666666666	0.43116666666666664	0.4640866666666667	0.5045466666666667	0.5407333333333333	0.56896	0.58254	0.5935533333333334	0.61084	0.6419266666666666	0.6809266666666667	0.72372	0.7687400000000001	0.8111666666666667	0.85702	0.9014666666666665	0.9483266666666665	0.9942133333333333	1.0463333333333333	1.0843133333333332	Growth with 20 mM proline supplementation and 50 mM (S)-lactic acid.
E1	0.01380666666666667	0.013966666666666674	0.01588666666666667	0.01798666666666666	0.023173333333333313	0.026739999999999986	0.03131333333333333	0.034973333333333335	0.040026666666666676	0.04285333333333335	0.04505333333333334	0.04726666666666668	0.05093333333333333	0.05670666666666666	0.06309999999999999	0.07023333333333333	0.07736	0.08452666666666668	0.09216000000000002	0.10068666666666666	0.10945333333333333	0.12136000000000001	0.13314	0.14802666666666667	0.16016666666666668	0.17498000000000002	0.19146666666666665	0.21054666666666666	0.22968	0.24815333333333334	0.2680666666666667	0.29055333333333333	0.3146933333333333	0.3393933333333334	0.3683866666666667	0.39958	0.43178	0.46018000000000003	0.48432000000000003	0.5086533333333333	0.5393266666666667	0.5672533333333334	0.5775199999999999	0.5735333333333333	0.5725600000000001	0.5545399999999999	0.5906066666666666	0.6360666666666667	0.6734866666666667	0.7220666666666666	0.7711533333333334	0.8694133333333335	0.92416	0.9777933333333334	1.0283933333333335	1.07564	1.1241733333333332	1.1806866666666667	1.2363666666666668	1.2855066666666666	1.31426	Growth with 20 mM proline supplementation and 50 mM (S)-lactic acid.
E2	0.0	0.0	0.0	0.0	0.0	0.0	0.0	0.0	0.0	0.0	0.0	0.0	0.0	0.0	0.0	0.0	0.0	0.0	0.0	0.0	0.0	0.0	0.0	0.0	0.0	0.0	0.0	0.0	0.0	0.0	0.0	0.0	0.0	0.0	0.0	0.0	0.0	0.0	0.0	0.0	0.0	0.0	0.0	0.0	0.0	0.0	0.0	0.0	0.0	0.0	0.0	0.0	0.0	0.0	0.0	0.0	0.0	0.0	0.0	0.0	0.0	Media control
E3	0.011206666666666662	0.0062733333333333295	0.0032933333333333334	0.005126666666666678	0.011840000000000009	0.01750666666666668	0.02191333333333333	0.02487333333333332	0.026593333333333302	0.03061999999999998	0.030986666666666662	0.03396666666666668	0.03523333333333334	0.04040666666666667	0.04566666666666667	0.0541	0.06052666666666667	0.06672666666666667	0.07222666666666668	0.08025333333333333	0.09008666666666665	0.10119333333333332	0.11383999999999998	0.12782666666666667	0.14129999999999998	0.15421333333333334	0.1718333333333333	0.19101333333333334	0.21461333333333332	0.23088666666666668	0.25323333333333337	0.27732	0.3070266666666666	0.33269333333333334	0.3614866666666667	0.39464666666666665	0.4316466666666667	0.46851333333333334	0.5046866666666666	0.54342	0.5905600000000001	0.64322	0.7026866666666667	0.7603666666666666	0.8200599999999999	0.8770733333333333	0.94284	1.0139333333333334	1.0778533333333336	1.1465666666666667	1.2107533333333331	1.2848466666666667	1.3475933333333332	1.4247933333333334	1.4927933333333332	1.5693399999999997	1.6275066666666664	1.7036866666666668	1.7639333333333334	1.8134066666666666	1.8334266666666668	Growth with 20 mM proline supplementation, no lactic acid.
E4	0.012900000000000009	0.01022666666666668	0.010900000000000007	0.014246666666666666	0.01819333333333333	0.019540000000000002	0.021900000000000013	0.02578666666666667	0.030833333333333334	0.034280000000000005	0.03640000000000001	0.038060000000000004	0.04175333333333333	0.04866	0.05548666666666666	0.062273333333333326	0.06923333333333333	0.07704666666666667	0.08490666666666664	0.09435333333333333	0.10628666666666668	0.12104	0.13475333333333334	0.14888666666666667	0.16238666666666668	0.17682666666666666	0.19344666666666666	0.20897333333333334	0.22619333333333333	0.23825333333333332	0.2578466666666666	0.28013333333333335	0.3093066666666666	0.33330666666666664	0.36013333333333336	0.38877333333333336	0.4220933333333334	0.45815333333333336	0.49181333333333327	0.5239866666666666	0.5560733333333333	0.5947	0.6373866666666667	0.6859866666666666	0.7347466666666667	0.7700133333333333	0.8165666666666667	0.8741933333333334	0.9365733333333331	1.0056466666666666	1.0647066666666667	1.1482400000000001	1.2061333333333333	1.2789666666666666	1.3400333333333332	1.41522	1.47776	1.5365933333333333	1.5893800000000002	1.63336	1.6634666666666666	Growth with 50 mM (S)-lactic acid, no proline supplementation.
E5	0.003200000000000013	0.001760000000000007	0.0022333333333333324	0.003913333333333324	0.004959999999999983	0.005339999999999984	0.008466666666666659	0.01331999999999999	0.018199999999999994	0.02144666666666666	0.022866666666666684	0.02456000000000001	0.026686666666666675	0.03189333333333333	0.03615333333333332	0.04020666666666666	0.04473333333333334	0.049013333333333346	0.05477333333333334	0.061253333333333326	0.07042	0.08090666666666667	0.08952	0.09825333333333335	0.10498666666666667	0.11299333333333335	0.12628000000000003	0.13704	0.14819333333333334	0.15288666666666664	0.16414666666666666	0.17876666666666666	0.19687333333333334	0.21240666666666666	0.23286666666666667	0.25297333333333333	0.2762266666666667	0.2986533333333334	0.32184666666666667	0.34532	0.36354	0.3831	0.4044533333333334	0.4293533333333334	0.4575800000000001	0.48061333333333334	0.5078666666666667	0.5337266666666666	0.56574	0.5991133333333333	0.63244	0.6702733333333333	0.7030666666666666	0.7421000000000001	0.7766000000000001	0.8168199999999999	0.8570933333333333	0.9005933333333332	0.9471133333333333	0.99056	1.0209333333333335	Growth with 20 mM alanine supplementation and 50 mM (S)-lactic acid.
E6	0.014159999999999987	0.013233333333333324	0.014793333333333325	0.016173333333333345	0.018906666666666672	0.023386666666666677	0.02516	0.03308666666666666	0.03891333333333333	0.0452	0.04726666666666667	0.04852000000000001	0.055453333333333334	0.06256666666666667	0.07251333333333333	0.08566666666666667	0.09502666666666666	0.10439333333333332	0.11519333333333333	0.13483333333333333	0.15586	0.17188666666666666	0.18836	0.20320666666666667	0.21914	0.23833333333333337	0.26610666666666666	0.29754	0.32750666666666667	0.35224000000000005	0.3846866666666666	0.42208	0.47043999999999997	0.5114133333333334	0.5626866666666667	0.6120333333333333	0.6682666666666667	0.7261933333333334	0.7859866666666666	0.8513866666666666	0.9144666666666666	0.9833599999999999	1.0582533333333333	1.1346666666666667	1.2180266666666666	1.2852466666666666	1.3584399999999999	1.4308066666666666	1.505766666666667	1.5822399999999999	1.64204	1.7091666666666665	1.7619866666666664	1.8365	1.899986666666667	1.9674066666666665	2.0044	2.0358	2.064593333333333	2.0894266666666663	2.1089799999999994	Baseline growth without any supplementation or treatment.
E7	0.0027866666666666686	0.002093333333333331	0.0011066666666666631	0.0002933333333333306	0.00127333333333333	0.0031799999999999884	0.005506666666666669	0.00626666666666668	0.008786666666666693	0.013146666666666676	0.017686666666666656	0.02094666666666665	0.025526666666666652	0.029986666666666672	0.03634666666666667	0.04116000000000001	0.04717333333333334	0.05196666666666667	0.058033333333333326	0.06698	0.07735333333333332	0.08488	0.09676666666666667	0.10855999999999999	0.12273333333333332	0.13766	0.15246	0.17221333333333333	0.18530000000000002	0.20686666666666667	0.22330666666666665	0.24617999999999998	0.2692533333333333	0.3002466666666666	0.32927999999999996	0.3553666666666666	0.38173999999999997	0.41298666666666667	0.44376666666666664	0.48224666666666666	0.5152333333333333	0.5582266666666668	0.59576	0.6419866666666666	0.6849999999999999	0.74396	0.79	0.84214	0.8920866666666667	0.9488666666666665	1.0066933333333332	1.0604533333333332	1.1196599999999999	1.1822466666666667	1.23966	1.2976133333333333	1.3545733333333334	1.4066400000000001	1.4702533333333332	1.52086	1.5587333333333333	Growth with 10 mM proline supplementation and 50 mM (S)-lactic acid.
E8	0.005726666666666676	0.009660000000000007	0.012946666666666681	0.01487333333333334	0.017346666666666677	0.021179999999999994	0.024913333333333343	0.02659333333333333	0.030200000000000005	0.03347333333333333	0.037106666666666656	0.039266666666666644	0.04425999999999997	0.04957333333333332	0.05575333333333333	0.059773333333333345	0.06598666666666668	0.07057333333333335	0.07726000000000001	0.08604	0.09890666666666666	0.10878	0.11888000000000003	0.12885333333333335	0.14234000000000002	0.15744666666666665	0.17460666666666666	0.19547999999999996	0.21266	0.23233333333333328	0.2522	0.2779933333333333	0.30388666666666664	0.33096666666666663	0.35746666666666665	0.38692	0.41642	0.4529933333333333	0.48891999999999997	0.5277533333333334	0.5623466666666667	0.6006933333333334	0.6464599999999999	0.6944400000000001	0.7396933333333333	0.7815933333333334	0.8334199999999999	0.8871799999999999	0.9429933333333332	0.9933200000000001	1.0449266666666668	1.0996133333333333	1.15342	1.2145599999999999	1.2749133333333333	1.3340333333333334	1.3859000000000001	1.4389333333333332	1.4947999999999997	1.5477333333333332	1.5791133333333331	Growth with 50 mM (S)-lactic acid, no proline supplementation.
E9	0.01118000000000001	0.010233333333333339	0.00968	0.009613333333333335	0.009926666666666667	0.011273333333333349	0.014053333333333334	0.015780000000000006	0.01796666666666666	0.021493333333333347	0.025466666666666676	0.03014000000000001	0.03617333333333334	0.04333333333333334	0.050253333333333344	0.054313333333333345	0.059980000000000006	0.06188666666666667	0.06804666666666666	0.07562666666666666	0.0887	0.09868666666666666	0.11007333333333331	0.11997333333333333	0.13425333333333334	0.14567333333333335	0.1633	0.17989999999999998	0.19970666666666667	0.21398666666666666	0.23157333333333333	0.2509733333333333	0.27408666666666665	0.2916066666666666	0.3141133333333333	0.34117333333333333	0.37435333333333337	0.40637999999999996	0.43751333333333325	0.47295333333333334	0.5103133333333334	0.5499666666666667	0.5930866666666667	0.6386	0.6878466666666666	0.7264200000000001	0.78252	0.8442066666666667	0.9023	0.9661466666666666	1.0257933333333333	1.0997066666666668	1.1490733333333332	1.21256	1.28082	1.3465	1.3973666666666666	1.4577466666666667	1.51708	1.5758866666666667	1.60362	Growth with 20 mM proline supplementation and 50 mM (S)-lactic acid.
E10	0.015946666666666665	0.02123333333333333	0.02344666666666667	0.02864666666666668	0.034026666666666684	0.04270666666666668	0.043986666666666674	0.053146666666666655	0.051433333333333324	0.05225999999999998	0.04356666666666666	0.04430666666666666	0.052906666666666664	0.05433333333333334	0.05995333333333334	0.05848000000000001	0.06594666666666667	0.07815333333333334	0.08741333333333333	0.09672666666666667	0.10139999999999999	0.11165333333333333	0.12070666666666667	0.13104000000000002	0.1453866666666667	0.16330666666666668	0.1805	0.19713333333333335	0.20964000000000002	0.22848666666666664	0.24480666666666664	0.26800666666666667	0.29102000000000006	0.31990666666666673	0.3489466666666667	0.3749733333333334	0.40118666666666664	0.4315466666666667	0.4651133333333333	0.4994866666666667	0.5373466666666668	0.5752	0.62292	0.6688666666666666	0.7208799999999999	0.7782533333333334	0.8353533333333333	0.89674	0.9573999999999999	1.0205466666666665	1.08566	1.1414066666666667	1.2017399999999998	1.2661266666666666	1.3384866666666666	1.4058666666666666	1.4663333333333333	1.5295466666666666	1.5872466666666665	1.6440533333333336	1.67352	Growth with 20 mM alanine supplementation, no lactic acid.
E11	0.020319999999999994	0.031686666666666675	0.04038000000000002	0.09966666666666668	0.1271	0.1286	0.08368000000000002	0.12088	0.13022	0.15220666666666668	0.09393333333333333	0.0921	0.10102666666666665	0.10645333333333333	0.11192666666666666	0.10278	0.09701333333333333	0.10547333333333332	0.09512666666666665	0.10600666666666665	0.11081999999999999	0.11868666666666666	0.1341	0.14524666666666666	0.1649866666666667	0.18308000000000002	0.20544000000000004	0.23027333333333333	0.2534066666666667	0.27938666666666667	0.3019066666666667	0.32969333333333334	0.35590000000000005	0.38810000000000006	0.42304	0.45748666666666665	0.49277333333333334	0.5328333333333334	0.5841	0.64188	0.6983466666666667	0.75236	0.8115466666666666	0.8717533333333333	0.9438733333333332	1.010233333333333	1.0883266666666664	1.1571	1.2302533333333334	1.2912800000000002	1.3545133333333332	1.4165200000000002	1.4764133333333334	1.5330266666666665	1.5835933333333332	1.6272533333333332	1.6667933333333333	1.7226533333333336	1.7732599999999998	1.8134933333333334	1.8213666666666668	Growth with 10 mM proline supplementation, no lactic acid.
E12	0.0011466666666666663	0.0011466666666666663	0.0011466666666666663	0.002599999999999991	0.003919999999999989	0.003919999999999989	0.0013333333333333253	0.007999999999999998	0.012819999999999998	0.015806666666666663	0.015733333333333332	0.011799999999999996	0.010559999999999995	0.0052533333333333225	0.007793333333333337	0.007613333333333333	0.005513333333333333	0.005606666666666649	0.00402666666666666	0.0035199999999999954	0.003766666666666668	0.00836666666666667	0.00836666666666667	0.0046000000000000025	0.0	0.0	0.0	0.0	0.0007266666666666625	0.0007266666666666625	0.0007266666666666625	0.00044666666666666927	0.00044666666666666927	0.00044666666666666927	0.0	0.0	0.0	0.0	0.0	0.0	0.0	0.0022199999999999998	0.0046999999999999915	0.0046999999999999915	0.0024799999999999913	0.0	4.666666666666708e-05	0.0019266666666666692	0.0019266666666666692	0.0018800000000000021	0.0002466666666666728	0.0017133333333333445	0.0017133333333333445	0.0014666666666666717	0.0	0.0	0.0	0.0	0.0	0.0	0.0	Media control
F1	0.01913999999999999	0.014233333333333329	0.010520000000000002	0.009153333333333338	0.014673333333333325	0.01923999999999999	0.022813333333333335	0.025506666666666667	0.03032666666666667	0.03478666666666667	0.03795333333333334	0.04030000000000001	0.04243333333333333	0.04737333333333333	0.05313333333333333	0.0604	0.06759333333333335	0.07052666666666668	0.07836000000000001	0.08638666666666667	0.09842	0.10739333333333333	0.11747333333333332	0.12889333333333333	0.1404	0.14534666666666665	0.1616	0.17791333333333334	0.20071333333333333	0.20205333333333333	0.21953333333333333	0.23895333333333335	0.2743933333333333	0.28089333333333333	0.30482	0.32718	0.36424666666666666	0.39028	0.4191533333333333	0.45085333333333333	0.4831933333333333	0.5158200000000001	0.55252	0.5902	0.63096	0.6395733333333333	0.68264	0.7275999999999999	0.7717533333333333	0.8226333333333334	0.8707199999999999	0.9599799999999999	1.009693333333333	1.0637933333333331	1.1171933333333333	1.1834066666666665	1.2464066666666664	1.3072866666666665	1.3604333333333336	1.4171066666666665	1.45566	Growth with 10 mM proline supplementation and 50 mM (S)-lactic acid.
F2	0.017606666666666677	0.02233333333333334	0.024886666666666668	0.021953333333333325	0.02440666666666665	0.030406666666666648	0.03731333333333333	0.04130666666666666	0.04512666666666667	0.04795333333333334	0.05192000000000002	0.05533333333333335	0.059633333333333344	0.06497333333333334	0.07223333333333333	0.08156666666666666	0.09149333333333336	0.1005266666666667	0.11112666666666667	0.1222866666666667	0.13622	0.15072666666666668	0.16810666666666663	0.18625999999999998	0.205	0.21991333333333332	0.24326666666666666	0.2687133333333333	0.29934666666666665	0.32082	0.3492	0.37792000000000003	0.41456	0.4407933333333333	0.4773533333333333	0.51638	0.5642800000000001	0.6090466666666666	0.6588866666666667	0.71292	0.7705933333333332	0.8329533333333332	0.9039866666666665	0.9793	1.0578933333333334	1.1167066666666667	1.19224	1.2605666666666666	1.33402	1.4082	1.4768533333333334	1.56368	1.6252933333333333	1.6947933333333332	1.7610599999999998	1.8179066666666666	1.86594	1.9125533333333333	1.9512666666666665	1.975406666666667	1.9742266666666666	Growth with 20 mM proline supplementation, no lactic acid.
F3	0.007939999999999994	0.004539999999999993	0.002893333333333331	0.004793333333333334	0.008406666666666673	0.010640000000000002	0.013646666666666668	0.016439999999999993	0.02045999999999999	0.022586666666666654	0.02478666666666665	0.026999999999999996	0.029033333333333328	0.03337333333333333	0.03773333333333332	0.043666666666666666	0.048193333333333345	0.05472666666666668	0.05926000000000001	0.06495333333333334	0.06992	0.07726000000000001	0.08620666666666665	0.09455999999999998	0.10336666666666665	0.11508	0.12549999999999997	0.13737999999999997	0.14654666666666663	0.16312	0.1756333333333333	0.1903533333333333	0.20006	0.22195999999999996	0.2384533333333333	0.25864666666666664	0.2719466666666666	0.2890133333333333	0.30675333333333327	0.3250866666666667	0.3471933333333333	0.36668666666666666	0.39162	0.4192	0.45016000000000006	0.48554	0.5146400000000001	0.5434333333333333	0.5779200000000001	0.6091333333333334	0.6444200000000001	0.6710133333333334	0.7091599999999999	0.7490266666666666	0.7876266666666667	0.8298733333333334	0.8720733333333333	0.91772	0.9650666666666666	1.0073733333333335	1.03496	Growth with 20 mM alanine supplementation and 50 mM (S)-lactic acid.
F4	8.666666666666545e-05	8.666666666666545e-05	8.666666666666545e-05	0.0	0.0	0.0	0.0	0.0	0.0	0.0	0.0	0.0	0.0	0.0	0.0	0.0	0.0	0.0	0.0	0.0	0.0	0.0	0.0	0.0	0.0	0.0	0.0	0.0	0.0	0.0	0.0	0.0	0.0	0.0	0.0	0.0	0.0	0.0	0.0	0.0	0.0	0.0	0.0	0.0	0.0	0.0	0.0	0.0	0.0	0.0	0.0	0.0	0.0	0.0	0.0	0.0	0.0	0.0	0.0	0.0	0.0	Media control
F5	0.023773333333333323	0.015846666666666658	0.009926666666666658	0.005999999999999987	0.005273333333333324	0.006099999999999994	0.013446666666666662	0.02249333333333332	0.02901999999999998	0.034713333333333325	0.036500000000000005	0.04114666666666667	0.04678000000000001	0.054486666666666676	0.06166000000000002	0.07168666666666668	0.0867	0.10551999999999999	0.11975333333333334	0.13524	0.1493866666666667	0.16728666666666667	0.18466000000000002	0.20196000000000003	0.22015333333333334	0.24295999999999998	0.26611999999999997	0.29328666666666664	0.3193066666666667	0.3549333333333333	0.3890733333333333	0.4253466666666666	0.4613333333333333	0.5031	0.5489933333333333	0.59518	0.64606	0.7017000000000001	0.7654066666666667	0.8343999999999999	0.9091199999999998	0.9830733333333331	1.06028	1.1326866666666666	1.2140266666666666	1.29098	1.3723733333333332	1.4458866666666668	1.5216133333333335	1.5819266666666667	1.6527	1.7086999999999997	1.7604133333333334	1.8127533333333334	1.8558200000000002	1.93082	1.9443599999999999	2.0282466666666665	2.06184	2.0902266666666667	2.0464800000000003	Growth with 10 mM proline supplementation, no lactic acid.
F6	0.01894666666666667	0.020846666666666663	0.02594666666666666	0.030393333333333338	0.03535333333333335	0.04032	0.04538	0.05096666666666665	0.055106666666666644	0.05953333333333332	0.06437333333333332	0.06818666666666667	0.07497333333333335	0.08130000000000003	0.09075333333333335	0.09885333333333335	0.10684666666666669	0.11142666666666667	0.12063999999999998	0.13364666666666666	0.14909333333333333	0.1622066666666667	0.1769333333333333	0.19361333333333333	0.20956666666666668	0.2206	0.23989333333333332	0.26109333333333334	0.2869	0.3031466666666667	0.32794666666666666	0.35489333333333334	0.39082	0.41172666666666663	0.44436666666666663	0.4726866666666667	0.51052	0.5451666666666667	0.58334	0.6244733333333333	0.6655266666666667	0.7058533333333333	0.7532800000000001	0.7988466666666666	0.8492333333333333	0.8852733333333332	0.9392066666666666	0.9984999999999999	1.0504666666666667	1.1076933333333334	1.1650333333333334	1.2438266666666669	1.3026933333333333	1.3586266666666666	1.4096866666666665	1.4639266666666666	1.5041	1.5594666666666666	1.6125066666666668	1.65592	1.6693133333333334	Growth with 50 mM (S)-lactic acid, no proline supplementation.
F7	0.02045999999999999	0.025399999999999995	0.03115333333333334	0.03726666666666668	0.036420000000000015	0.04022000000000001	0.04778000000000001	0.05910666666666666	0.06574666666666666	0.06956666666666665	0.07240666666666666	0.07345999999999998	0.07847333333333333	0.08549333333333335	0.09688666666666668	0.10511333333333335	0.1136266666666667	0.12682666666666667	0.13810000000000003	0.15362	0.16552000000000003	0.18288666666666667	0.2002666666666667	0.21891333333333338	0.24004666666666666	0.25904	0.28564	0.31228666666666666	0.34365333333333337	0.3707933333333333	0.40336	0.43704666666666664	0.48025333333333337	0.51858	0.5650266666666667	0.6116266666666667	0.6699666666666667	0.7303000000000001	0.7843533333333333	0.8455533333333333	0.9066866666666668	0.9745533333333333	1.0430866666666667	1.11286	1.1914933333333333	1.25898	1.33528	1.4047733333333332	1.4779933333333333	1.5345466666666667	1.5983133333333333	1.6641266666666665	1.72518	1.777993333333333	1.8075799999999997	1.8579800000000002	1.8825933333333333	1.9564933333333332	1.9868933333333334	2.0047	1.9730933333333336	Baseline growth without any supplementation or treatment.
F8	0.013946666666666663	0.016979999999999995	0.02105333333333334	0.021826666666666678	0.02296666666666668	0.02453333333333334	0.026746666666666658	0.030153333333333327	0.03337999999999999	0.037826666666666675	0.04162666666666667	0.04469333333333334	0.04994666666666667	0.055453333333333334	0.06450666666666667	0.06947333333333333	0.07515333333333334	0.0798	0.08571333333333332	0.09432666666666667	0.10467333333333333	0.11789333333333334	0.13210666666666668	0.14499333333333334	0.15974666666666668	0.1764133333333333	0.19462666666666664	0.21369333333333332	0.2322	0.2591866666666667	0.28113333333333335	0.30463333333333337	0.3233266666666667	0.35429333333333335	0.3817466666666667	0.41430000000000006	0.4404266666666666	0.4773266666666666	0.5109533333333333	0.5528399999999999	0.5923599999999999	0.6360333333333333	0.6826733333333334	0.7335600000000001	0.7906999999999998	0.8580199999999999	0.9167200000000001	0.9707466666666668	1.0274933333333334	1.0780066666666668	1.14076	1.1960666666666666	1.26156	1.3225399999999998	1.3700666666666665	1.43018	1.4796466666666668	1.5428733333333333	1.5953	1.6382999999999999	1.6565733333333332	Growth with 10 mM proline supplementation and 50 mM (S)-lactic acid.
F9	0.0	0.0	0.0	0.0	0.0	0.0	0.0	0.0	0.0	0.0	0.0	0.0	0.0	0.0	0.0	0.0	0.0	0.0	0.0	0.0	0.0	0.0	0.0	0.0	0.0	0.0	0.0	0.0	0.0	0.0	0.0	0.0	0.0	0.0	0.0	0.0	0.0	0.0	0.0	0.0	0.0	0.0	0.0	0.0	0.0	0.0	0.0	0.0	0.0	0.0	0.0	0.0	0.0	0.0	0.0	0.0	0.0	0.0	0.0	0.0	0.0	Media control
F11	0.012419999999999995	0.012120000000000006	0.015946666666666682	0.014700000000000019	0.01623333333333335	0.01833333333333335	0.024746666666666677	0.025979999999999993	0.02851999999999998	0.029639999999999982	0.041	0.041833333333333333	0.04879333333333333	0.04481999999999999	0.051960000000000006	0.05208000000000001	0.05648	0.05703999999999998	0.061493333333333317	0.07023999999999998	0.07982	0.09122000000000001	0.10086666666666666	0.10918000000000001	0.12252	0.13774666666666666	0.15530666666666668	0.17167333333333332	0.18664	0.21078666666666668	0.2298733333333333	0.2551933333333333	0.2739333333333333	0.3097	0.3356066666666666	0.36471999999999993	0.38593999999999995	0.41663333333333336	0.4529000000000001	0.4938133333333334	0.54068	0.5861266666666667	0.6386133333333334	0.6886866666666666	0.7462399999999999	0.8150999999999998	0.87696	0.9353333333333332	1.0013533333333333	1.0628466666666665	1.1281466666666666	1.17602	1.24318	1.3135933333333334	1.3780599999999998	1.4412533333333333	1.4898600000000002	1.54462	1.59286	1.631293333333333	1.6464999999999999	Baseline growth without any supplementation or treatment.
F12	0.019753333333333328	0.02168666666666666	0.023880000000000002	0.019533333333333337	0.03196666666666668	0.05643333333333334	0.06404666666666668	0.06934666666666668	0.05685333333333334	0.05500666666666667	0.08959999999999997	0.08549999999999998	0.08772666666666666	0.05282	0.061993333333333345	0.07204666666666669	0.06824666666666668	0.06060666666666666	0.05592666666666665	0.05827333333333332	0.06541999999999999	0.06965333333333334	0.07383333333333335	0.07978000000000002	0.08702	0.09104666666666666	0.09967333333333332	0.10814000000000001	0.12017333333333335	0.12665333333333337	0.13770666666666667	0.15259333333333336	0.17176666666666665	0.18443333333333334	0.20367333333333335	0.22142000000000003	0.24320666666666668	0.26206666666666667	0.28473333333333334	0.30911333333333335	0.33381333333333335	0.3595266666666667	0.38777999999999996	0.41832	0.45134	0.47090000000000004	0.5057266666666667	0.5409666666666667	0.5787533333333333	0.6200133333333334	0.6665466666666667	0.7318533333333334	0.78518	0.84206	0.8994266666666667	0.96222	1.0196933333333333	1.0780200000000002	1.1359933333333334	1.1912266666666669	1.2280666666666666	Growth with 20 mM alanine supplementation, no lactic acid.
G1	0.01700666666666668	0.027833333333333335	0.04041999999999999	0.040253333333333315	0.028806666666666647	0.019473333333333315	0.01411333333333333	0.01800666666666666	0.016859999999999997	0.017619999999999997	0.017353333333333342	0.01723333333333334	0.017133333333333334	0.012639999999999993	0.010099999999999998	0.006033333333333335	0.005926666666666682	0.00392666666666668	0.003226666666666674	0.003086666666666673	0.004586666666666674	0.008393333333333345	0.009040000000000001	0.01032666666666667	0.008866666666666662	0.009613333333333326	0.007533333333333318	0.005446666666666655	0.006180000000000001	0.004926666666666672	0.00494	0.004426666666666672	0.006793333333333336	0.005346666666666676	0.004739999999999994	0.0036666666666666605	0.008180000000000002	0.009113333333333334	0.012019999999999994	0.011453333333333315	0.011593333333333308	0.013286666666666641	0.010053333333333312	0.007199999999999994	0.004626666666666668	0.006073333333333329	0.009073333333333322	0.008566666666666658	0.009386666666666663	0.009800000000000003	0.009886666666666663	0.011346666666666672	0.01079333333333334	0.011460000000000017	0.008926666666666666	0.00870666666666666	0.008839999999999978	0.011753333333333319	0.011466666666666653	0.011239999999999991	0.009893333333333318	Media control
G2	0.015199999999999997	0.016633333333333323	0.020626666666666668	0.019773333333333337	0.026580000000000003	0.03081333333333332	0.03357333333333332	0.03626666666666666	0.04052	0.04165333333333333	0.04228666666666667	0.04358666666666666	0.04760666666666666	0.057139999999999996	0.06771333333333333	0.07784	0.08605333333333333	0.09559333333333332	0.10583999999999999	0.11883999999999999	0.12937999999999997	0.14254666666666665	0.15683333333333335	0.1727466666666667	0.19010666666666667	0.21134	0.23501999999999998	0.26138	0.28352	0.3105266666666667	0.3351933333333334	0.35961333333333334	0.38599999999999995	0.42294000000000004	0.45981333333333335	0.5004066666666667	0.5334066666666667	0.5829333333333334	0.6302466666666667	0.68928	0.7433466666666667	0.7996333333333334	0.8595466666666667	0.9287266666666666	1.0030333333333334	1.0845200000000002	1.1469333333333334	1.21904	1.2900066666666667	1.3694600000000001	1.4328133333333335	1.4925599999999999	1.5492666666666668	1.6143600000000002	1.6751866666666668	1.7328733333333333	1.77576	1.8028666666666666	1.8407799999999999	1.8759466666666667	1.9041066666666666	Baseline growth without any supplementation or treatment.
G3	0.014533333333333337	0.017433333333333332	0.022359999999999994	0.026173333333333326	0.031846666666666655	0.03567999999999999	0.03983999999999999	0.043433333333333324	0.049453333333333314	0.05345333333333332	0.05661999999999998	0.059586666666666656	0.06380666666666666	0.07057333333333334	0.07868	0.08764000000000001	0.09558666666666667	0.10226	0.10987333333333334	0.12000666666666665	0.13118	0.1429133333333333	0.1558	0.16901333333333332	0.18310666666666667	0.19720666666666667	0.2143533333333333	0.23281333333333332	0.2515533333333333	0.27106	0.2881266666666667	0.30818	0.3301	0.3568733333333333	0.3828133333333333	0.4098733333333333	0.4362733333333333	0.47080000000000005	0.5049133333333333	0.5476466666666667	0.5886133333333333	0.6343	0.6785466666666666	0.7257600000000001	0.7737333333333334	0.8259533333333334	0.8799666666666667	0.9384733333333332	0.9964733333333333	1.0657266666666667	1.1331466666666665	1.2027933333333334	1.2645	1.3373933333333332	1.40482	1.4644399999999997	1.5088266666666668	1.5459333333333334	1.5915800000000002	1.63568	1.67154	Growth with 10 mM proline supplementation and 50 mM (S)-lactic acid.
G4	0.008300000000000007	0.005020000000000006	0.0017400000000000054	0.00031999999999999623	0.0019399999999999973	0.004679999999999999	0.009040000000000012	0.013033333333333341	0.018153333333333337	0.021853333333333325	0.025019999999999997	0.028219999999999995	0.03223999999999999	0.03757333333333332	0.044746666666666664	0.053006666666666674	0.06098666666666667	0.06839333333333332	0.07433999999999999	0.08180666666666665	0.08871333333333331	0.09831333333333332	0.11063333333333332	0.12314666666666667	0.13717333333333334	0.15090666666666666	0.1664866666666667	0.1819466666666667	0.19678666666666667	0.21319333333333335	0.22939333333333334	0.2473466666666667	0.26543333333333335	0.28730666666666665	0.30708	0.32914	0.3471066666666667	0.37056666666666666	0.39218000000000003	0.41758000000000006	0.44161333333333336	0.46849999999999997	0.4971133333333333	0.5255599999999999	0.5578333333333333	0.59212	0.6299666666666667	0.6676066666666666	0.7043066666666666	0.7436933333333333	0.7818466666666666	0.8236266666666667	0.8628	0.9100933333333333	0.9588199999999999	1.0126733333333333	1.0604600000000002	1.1138333333333335	1.1661466666666669	1.2153133333333335	1.2427066666666668	Growth with 20 mM alanine supplementation and 50 mM (S)-lactic acid.
G5	0.01603333333333333	0.011266666666666661	0.0068266666666666614	0.005606666666666667	0.008079999999999995	0.01094666666666666	0.01537333333333333	0.01740000000000001	0.019220000000000004	0.02371999999999999	0.02955333333333332	0.03855333333333333	0.04094	0.042473333333333335	0.04374666666666668	0.05217333333333334	0.06242	0.07802666666666666	0.08747333333333333	0.10147333333333335	0.10764666666666667	0.11908	0.13106666666666666	0.14698	0.16480666666666666	0.18267333333333333	0.20465333333333335	0.22778	0.25152	0.27522666666666673	0.3012266666666667	0.3307466666666667	0.3617666666666666	0.3978733333333333	0.43107999999999996	0.4676733333333334	0.5021399999999999	0.5449	0.5969466666666667	0.6538133333333334	0.7153133333333334	0.7694666666666666	0.8378466666666666	0.9087933333333332	0.9806666666666667	1.0563533333333333	1.1350999999999998	1.2166733333333333	1.29124	1.3520599999999998	1.41718	1.4781933333333335	1.5422333333333336	1.6037266666666667	1.6604533333333336	1.7220733333333333	1.7745266666666666	1.8261333333333332	1.8662466666666668	1.9115133333333334	1.93804	Growth with 20 mM proline supplementation, no lactic acid.
G6	0.023466666666666667	0.022666666666666672	0.027519999999999992	0.027993333333333325	0.02875999999999998	0.02643999999999999	0.030160000000000003	0.03542666666666666	0.041286666666666666	0.04670666666666667	0.05102000000000001	0.056573333333333344	0.06074666666666667	0.06822666666666667	0.07606666666666667	0.08631333333333334	0.09894666666666667	0.10802666666666667	0.11846000000000001	0.13172	0.14883333333333335	0.16632000000000002	0.18380000000000005	0.20194	0.22133999999999998	0.24042	0.26380000000000003	0.2900066666666667	0.32124	0.35086666666666666	0.38274	0.41644	0.4561	0.49628000000000005	0.5416733333333333	0.5883466666666667	0.6445733333333333	0.6997666666666666	0.7594	0.8244933333333333	0.8952266666666667	0.9628866666666666	1.0303066666666665	1.0980333333333334	1.1763866666666665	1.2607933333333332	1.3439599999999998	1.423713333333333	1.4881799999999998	1.54636	1.6099666666666668	1.6780866666666665	1.748333333333333	1.8145266666666666	1.8770266666666668	1.9387266666666665	1.9852800000000002	2.0405200000000003	2.062006666666667	2.0942133333333337	2.09826	Growth with 10 mM proline supplementation, no lactic acid.
G7	0.0035600000000000076	0.00733333333333334	0.011986666666666673	0.013166666666666669	0.013653333333333342	0.01528666666666668	0.01661333333333334	0.01850666666666666	0.019113333333333333	0.021133333333333337	0.023940000000000006	0.025293333333333324	0.028273333333333327	0.031060000000000004	0.03678666666666667	0.04208	0.045626666666666656	0.04746	0.0502	0.05602000000000001	0.06382	0.07192000000000001	0.08123333333333335	0.09061333333333337	0.10004666666666667	0.10817333333333333	0.11993999999999999	0.13228666666666664	0.14605333333333334	0.15649333333333335	0.16936000000000004	0.18284666666666669	0.20112	0.21654666666666667	0.23872666666666667	0.2613933333333333	0.2876666666666667	0.3125	0.33535333333333334	0.3609533333333333	0.39052	0.42102	0.45428666666666667	0.48586	0.5267266666666667	0.5637133333333334	0.6104133333333334	0.6549066666666666	0.6979933333333334	0.7465799999999999	0.7974800000000001	0.8608266666666666	0.91418	0.9756266666666665	1.0316466666666666	1.0828133333333332	1.13786	1.2084933333333332	1.279893333333333	1.337	1.3638599999999999	Growth with 20 mM proline supplementation and 50 mM (S)-lactic acid.
G8	0.0007000000000000015	0.0007000000000000015	0.0007000000000000015	0.0	0.0	0.0	0.0	0.00031999999999999623	0.0012199999999999989	0.0027799999999999956	0.004859999999999994	0.0057533333333333325	0.00842000000000001	0.010366666666666682	0.016220000000000002	0.019613333333333316	0.02229333333333332	0.022246666666666654	0.024286666666666668	0.02866	0.03350666666666668	0.039173333333333345	0.04532000000000002	0.051546666666666685	0.057780000000000005	0.06422000000000001	0.07384	0.08390000000000002	0.09392	0.10230666666666666	0.11291333333333335	0.12420000000000002	0.13803333333333334	0.14812666666666666	0.16177333333333335	0.17732666666666666	0.19346	0.20854666666666666	0.22243333333333334	0.24122	0.2624333333333333	0.2835733333333333	0.3045533333333333	0.3238733333333333	0.34297333333333335	0.3588266666666667	0.37945999999999996	0.40256	0.4211933333333333	0.4438	0.47079999999999994	0.50766	0.5384666666666668	0.56318	0.5917266666666666	0.6191066666666667	0.6546466666666667	0.6907133333333334	0.7309866666666668	0.7692333333333333	0.7938466666666667	Growth with 20 mM alanine supplementation and 50 mM (S)-lactic acid.
G9	0.0017733333333333305	0.003459999999999991	0.006919999999999991	0.008146666666666663	0.010040000000000002	0.010893333333333338	0.012006666666666665	0.013653333333333323	0.015166666666666653	0.01750666666666666	0.018526666666666664	0.019019999999999992	0.02066666666666665	0.022206666666666663	0.026480000000000014	0.027206666666666685	0.028286666666666672	0.024753333333333332	0.02602666666666667	0.02857333333333335	0.03499333333333335	0.03872666666666668	0.04236666666666667	0.04463333333333334	0.04871333333333333	0.04945333333333333	0.056033333333333324	0.0617	0.07033333333333333	0.07268666666666666	0.07766666666666668	0.08548666666666667	0.09467333333333335	0.09952000000000004	0.10780666666666668	0.11791333333333333	0.12971333333333332	0.13814666666666667	0.14517333333333335	0.1562	0.16886	0.18586	0.19973333333333332	0.21258	0.22619333333333333	0.23610000000000006	0.2523266666666667	0.26634	0.28598	0.3052066666666667	0.32471333333333335	0.34718	0.3640666666666667	0.38094	0.4000066666666667	0.4237	0.4460733333333333	0.47484666666666664	0.5004466666666666	0.53254	0.5490533333333333	Growth with 20 mM alanine supplementation and 50 mM (S)-lactic acid.
G10	0.009053333333333325	0.005953333333333329	0.003780000000000001	0.004933333333333336	0.007033333333333336	0.008500000000000008	0.010513333333333338	0.008746666666666672	0.00802	0.0064733333333333405	0.004920000000000008	0.004086666666666673	0.004379999999999995	0.006519999999999998	0.006759999999999998	0.004713333333333329	0.004879999999999986	0.00603999999999999	0.008660000000000001	0.00967333333333334	0.008320000000000013	0.005420000000000008	0.004333333333333346	0.0026133333333333377	0.0045200000000000145	0.004646666666666678	0.006206666666666666	0.005273333333333324	0.0029133333333333233	0.00236000000000001	0.00301333333333334	0.006460000000000003	0.005566666666666664	0.006700000000000002	0.005040000000000007	0.005853333333333331	0.004206666666666664	0.003999999999999994	0.004599999999999993	0.0044799999999999935	0.00674666666666666	0.005826666666666665	0.0051466666666666605	0.0030533333333333337	0.004640000000000005	0.0064333333333333464	0.007460000000000004	0.0048866666666666685	0.005040000000000007	0.0042333333333333485	0.007313333333333348	0.008153333333333337	0.011380000000000001	0.013060000000000007	0.015760000000000007	0.01635333333333334	0.015460000000000002	0.012453333333333325	0.008426666666666657	0.009459999999999988	0.01156666666666666	Media control
G11	0.004486666666666667	0.01582	0.028580000000000005	0.04520000000000001	0.04936666666666668	0.05406666666666668	0.05841333333333334	0.06301333333333334	0.06598666666666667	0.060473333333333344	0.05926666666666667	0.06350000000000001	0.07099333333333334	0.08068666666666667	0.07459333333333334	0.06761333333333336	0.05858000000000002	0.06124000000000001	0.06492666666666666	0.07280666666666666	0.07392	0.07972000000000001	0.07936666666666668	0.08438000000000001	0.09102	0.09911333333333334	0.11154000000000001	0.12200666666666667	0.1320066666666667	0.14525333333333335	0.15790666666666667	0.17589333333333332	0.19203333333333336	0.2139	0.23134000000000002	0.24802000000000002	0.26154	0.2815	0.3058666666666667	0.33304666666666666	0.35994666666666664	0.3864933333333333	0.41841333333333336	0.4492533333333333	0.4828733333333333	0.5240999999999999	0.5608599999999999	0.6019333333333333	0.6483866666666666	0.6959466666666666	0.7453133333333333	0.7807533333333332	0.8284466666666667	0.8750600000000001	0.93206	0.98782	1.0549600000000001	1.1231200000000001	1.19236	1.2515600000000002	1.2870333333333333	Growth with 20 mM alanine supplementation, no lactic acid.
G12	0.02158666666666667	0.02305333333333334	0.02561333333333334	0.026800000000000008	0.02830000000000001	0.031266666666666686	0.03601333333333335	0.03891333333333335	0.040420000000000005	0.04303999999999999	0.045666666666666654	0.05073333333333332	0.05559333333333332	0.06265333333333332	0.06899333333333332	0.07378	0.07991333333333332	0.08744	0.09509333333333332	0.10357333333333334	0.11205333333333334	0.12418666666666671	0.1365666666666667	0.14824666666666667	0.16341999999999998	0.18391333333333337	0.2025066666666667	0.22130666666666668	0.23290666666666668	0.2591866666666667	0.27797333333333335	0.3003266666666667	0.3166	0.3505666666666667	0.37777333333333335	0.40098666666666666	0.41487333333333337	0.44216666666666665	0.4745	0.5122466666666666	0.5534133333333333	0.5934933333333334	0.6383133333333334	0.6820533333333335	0.7304400000000001	0.7970333333333334	0.8441266666666666	0.8962333333333334	0.9478866666666667	0.9995466666666667	1.0542799999999999	1.0896533333333334	1.1461466666666666	1.1973266666666667	1.2605600000000001	1.3237533333333333	1.3941266666666667	1.4518533333333334	1.5076933333333333	1.5492266666666668	1.5747666666666669	Growth with 50 mM (S)-lactic acid, no proline supplementation.
H1	0.028333333333333325	0.022766666666666654	0.020659999999999998	0.018706666666666667	0.023246666666666676	0.024813333333333326	0.02754	0.027966666666666667	0.029186666666666677	0.030386666666666663	0.034986666666666666	0.04191999999999999	0.04924	0.05637333333333333	0.06281333333333333	0.07067333333333334	0.07465333333333334	0.07926000000000001	0.08537333333333334	0.09287333333333332	0.09838000000000001	0.10588000000000002	0.1180666666666667	0.13298000000000001	0.14550666666666665	0.15854000000000001	0.17395333333333332	0.19318000000000002	0.21125333333333332	0.22832666666666668	0.24619333333333335	0.26668	0.28936666666666666	0.3113066666666667	0.33768000000000004	0.36590666666666666	0.39810666666666666	0.434	0.46848	0.5034133333333333	0.5399133333333334	0.5831	0.6295133333333333	0.6739933333333332	0.7222333333333334	0.76342	0.8183333333333334	0.8738066666666665	0.9327733333333331	1.0000599999999997	1.0695133333333333	1.1525266666666665	1.2143333333333333	1.2738266666666667	1.3390866666666668	1.4036066666666667	1.4532266666666667	1.5038333333333334	1.5529466666666665	1.6067466666666668	1.629673333333333	Baseline growth without any supplementation or treatment.
H2	0.03806666666666666	0.03203333333333332	0.03049333333333333	0.027706666666666668	0.03558000000000001	0.03798000000000001	0.04414000000000001	0.043333333333333335	0.04888666666666666	0.05408666666666665	0.05938666666666665	0.06235333333333334	0.06897333333333333	0.07957333333333334	0.08644666666666667	0.09250666666666667	0.09958666666666667	0.10632666666666668	0.11307333333333332	0.12030666666666667	0.13188	0.1454133333333333	0.16096666666666662	0.17784666666666668	0.19327333333333332	0.20817333333333335	0.22915333333333332	0.25208	0.2771866666666667	0.2996933333333333	0.32799333333333336	0.35601333333333335	0.3889666666666667	0.4196066666666667	0.4550133333333333	0.49190666666666666	0.5304733333333332	0.5770333333333333	0.6236133333333332	0.6763133333333333	0.7315133333333333	0.7866333333333332	0.8523466666666666	0.9110266666666668	0.9824333333333333	1.0579866666666666	1.1408333333333334	1.2310733333333335	1.3144066666666667	1.3908933333333333	1.46448	1.5454266666666667	1.6230666666666667	1.6927933333333334	1.75852	1.8071733333333333	1.84426	1.8699666666666666	1.9247133333333333	1.9851133333333333	2.02844	Growth with 10 mM proline supplementation, no lactic acid.
H3	0.010166666666666671	0.007666666666666659	0.005293333333333321	0.004639999999999987	0.007580000000000003	0.010013333333333338	0.014840000000000011	0.0184	0.024353333333333328	0.027753333333333324	0.03058666666666666	0.03312000000000001	0.036840000000000005	0.04207333333333333	0.048379999999999986	0.05517333333333333	0.06142	0.06716	0.07227333333333331	0.07873999999999999	0.08624666666666665	0.09694666666666667	0.10936666666666665	0.12244666666666666	0.13480666666666666	0.14487333333333333	0.1602866666666667	0.17701333333333336	0.19602	0.20962666666666663	0.22542666666666666	0.2452466666666667	0.27030000000000004	0.2902733333333334	0.31274666666666673	0.3357733333333334	0.3652733333333334	0.3958000000000001	0.42964666666666673	0.47048	0.51348	0.5493333333333333	0.58628	0.6253933333333334	0.6637	0.6481199999999999	0.6552333333333333	0.6426733333333333	0.5848066666666667	0.4908599999999999	0.39741333333333334	0.3962266666666667	0.40073333333333333	0.42785999999999996	0.45892	0.48780666666666667	0.5196266666666666	0.5457333333333333	0.5755466666666665	0.6055799999999999	0.6275399999999999	Growth with 20 mM proline supplementation and 50 mM (S)-lactic acid.
H4	0.018533333333333332	0.01563333333333333	0.014893333333333328	0.01647333333333333	0.022180000000000005	0.023613333333333337	0.028839999999999994	0.03243333333333332	0.039853333333333324	0.04335333333333333	0.046586666666666665	0.050086666666666675	0.05570666666666668	0.06210666666666668	0.07118000000000001	0.08350666666666669	0.09762	0.10859333333333332	0.11657333333333332	0.12584	0.13714666666666667	0.15037999999999999	0.1661	0.18367999999999998	0.20274	0.21944	0.24502000000000002	0.27308	0.30382	0.32569333333333333	0.3534266666666667	0.3835133333333333	0.4202333333333333	0.44830666666666663	0.48474666666666666	0.5259733333333333	0.5771066666666668	0.6260333333333333	0.6764800000000001	0.7293799999999999	0.7856133333333334	0.8427000000000001	0.9032133333333334	0.9631600000000001	1.0322333333333333	1.08822	1.1681333333333332	1.2470733333333333	1.3179066666666666	1.382626666666667	1.4400133333333336	1.5269933333333334	1.5822666666666667	1.6586266666666667	1.69912	1.7495066666666668	1.77316	1.8290666666666668	1.893246666666667	1.9491800000000001	1.9791733333333337	Growth with 10 mM proline supplementation, no lactic acid.
H5	0.010093333333333334	0.005593333333333325	0.0012866666666666582	0.0029066666666666594	0.0056466666666666705	0.008879999999999999	0.012706666666666663	0.015633333333333322	0.019486666666666663	0.022353333333333326	0.024586666666666663	0.026686666666666675	0.02967333333333334	0.034140000000000004	0.04001333333333334	0.04637333333333334	0.05258666666666667	0.05799333333333332	0.06220666666666665	0.06807333333333332	0.07424666666666667	0.08317999999999999	0.09293333333333333	0.10301333333333333	0.11324000000000001	0.12217333333333334	0.13462000000000002	0.14768	0.16315333333333334	0.17439333333333332	0.18749333333333332	0.2034466666666667	0.22440000000000002	0.24367333333333333	0.26641333333333334	0.29030666666666666	0.31670666666666664	0.3416333333333333	0.36701333333333325	0.39677999999999997	0.42688	0.4566333333333333	0.4838133333333334	0.5152599999999999	0.5539666666666666	0.5942533333333333	0.6370333333333333	0.6807066666666667	0.7234400000000001	0.77086	0.8167133333333334	0.87396	0.9260333333333334	0.9795600000000001	1.0307533333333334	1.0843066666666668	1.13976	1.1962666666666668	1.2580466666666668	1.31978	1.3620733333333332	Growth with 10 mM proline supplementation and 50 mM (S)-lactic acid.
H6	0.005933333333333328	0.007433333333333343	0.010186666666666669	0.014793333333333334	0.014193333333333316	0.012339999999999999	0.01236000000000001	0.014126666666666676	0.014420000000000007	0.01277333333333334	0.010386666666666683	0.01170666666666668	0.009246666666666672	0.010426666666666667	0.0051533333333333336	0.0042200000000000015	0.0037533333333333307	0.0037533333333333307	0.005066666666666664	0.0024933333333333287	0.005100000000000003	0.006286666666666672	0.005106666666666676	0.0025000000000000022	0.00033333333333333365	0.00033333333333333365	0.00033333333333333365	0.0	0.0011733333333333411	0.0011733333333333411	0.0024866666666666835	0.0025533333333333332	0.0025533333333333332	0.002233333333333328	0.002459999999999999	0.002459999999999999	0.0040533333333333255	0.003813333333333326	0.008166666666666655	0.007626666666666661	0.007093333333333331	0.0027400000000000015	0.0017266666666666635	0.0027866666666666686	0.0032533333333333303	0.0032266666666666646	0.001493333333333328	0.0010266666666666664	0.001693333333333343	0.0016733333333333416	0.0023666666666666745	0.0006933333333333328	0.0036400000000000043	0.0052666666666666695	0.006626666666666679	0.008826666666666677	0.010680000000000004	0.015253333333333332	0.012306666666666669	0.009946666666666678	0.005826666666666674	Media control
H7	0.007033333333333336	0.00778666666666666	0.009286666666666657	0.011353333333333318	0.01239333333333333	0.013646666666666668	0.015539999999999998	0.017239999999999988	0.01786666666666666	0.019646666666666663	0.021573333333333344	0.023753333333333338	0.026693333333333336	0.02918000000000001	0.03446000000000001	0.038380000000000004	0.04119333333333333	0.04344666666666666	0.04614666666666667	0.0509	0.05507333333333334	0.06098666666666668	0.06759333333333335	0.07465333333333335	0.08208	0.08881333333333334	0.09721333333333333	0.10499333333333334	0.11528666666666669	0.12342666666666668	0.1336266666666667	0.14360000000000003	0.15610000000000002	0.16517333333333337	0.17732000000000003	0.19020666666666672	0.20495333333333335	0.21825333333333333	0.2308066666666667	0.24794666666666668	0.2658866666666667	0.2861466666666667	0.30584666666666666	0.3244466666666667	0.3452866666666667	0.3593266666666666	0.3840533333333333	0.4073666666666667	0.42948000000000003	0.45268	0.47926666666666673	0.5144733333333334	0.5396533333333333	0.5671266666666667	0.6004200000000001	0.6370666666666667	0.6733533333333334	0.7102333333333334	0.7506733333333333	0.7881066666666667	0.81154	Growth with 20 mM alanine supplementation and 50 mM (S)-lactic acid.
H8	0.0005199999999999927	0.0006066666666666674	0.0021066666666666733	0.0033866666666666676	0.0061933333333333285	0.008113333333333325	0.010973333333333316	0.012873333333333311	0.013433333333333316	0.015313333333333326	0.016173333333333335	0.018220000000000004	0.020893333333333337	0.023813333333333343	0.029026666666666673	0.03534666666666667	0.037793333333333325	0.04047999999999999	0.041079999999999985	0.04893333333333332	0.054240000000000003	0.06205333333333333	0.07056	0.08161999999999998	0.09274666666666666	0.10241333333333334	0.11314666666666669	0.12142666666666668	0.13162000000000004	0.14112666666666668	0.15486	0.1696	0.18790000000000004	0.20697333333333337	0.22825333333333334	0.25204	0.27402	0.29605333333333334	0.31624	0.34154666666666667	0.36878666666666665	0.39818000000000003	0.42697999999999997	0.4556466666666667	0.48632000000000003	0.5213933333333334	0.55662	0.5939666666666666	0.63728	0.68588	0.7377666666666666	0.7906733333333333	0.8469533333333333	0.90376	0.9628866666666668	1.0189666666666668	1.08602	1.1471	1.21554	1.2767400000000002	1.3209400000000002	Growth with 20 mM alanine supplementation, no lactic acid.
H9	0.005786666666666662	0.002893333333333331	0.0	0.0	0.0	0.0	0.0	0.0	0.0	0.00022000000000000722	0.00022000000000000722	0.0016933333333333522	0.004780000000000016	0.00794000000000003	0.012620000000000029	0.015660000000000035	0.019260000000000027	0.018666666666666682	0.022606666666666674	0.02812666666666666	0.03517333333333333	0.03991333333333333	0.047293333333333326	0.05617999999999999	0.06557999999999999	0.07224666666666667	0.08273333333333334	0.09389333333333333	0.10418000000000001	0.11135333333333335	0.12144	0.1358466666666667	0.15404000000000004	0.16678666666666667	0.18416000000000002	0.20034000000000005	0.22138666666666665	0.23873999999999998	0.25816	0.27953333333333336	0.3039133333333333	0.32932	0.3531933333333333	0.3790533333333334	0.4093866666666666	0.43798	0.4745533333333333	0.50872	0.5460466666666667	0.5873400000000001	0.6321866666666667	0.6843866666666667	0.7246199999999999	0.77108	0.8148599999999999	0.8646533333333334	0.9147266666666667	0.9704466666666667	1.02616	1.08154	1.1188199999999997	Growth with 50 mM (S)-lactic acid, no proline supplementation.
H10	0.008486666666666675	0.01236000000000001	0.020153333333333343	0.023053333333333342	0.02902	0.03835333333333333	0.05149999999999999	0.05283333333333334	0.04860666666666668	0.04404666666666668	0.05063999999999999	0.05578666666666666	0.06437333333333332	0.06577333333333334	0.07025333333333335	0.07756000000000002	0.08472666666666667	0.09043333333333332	0.09493999999999998	0.10746	0.12213999999999998	0.13861333333333337	0.15386	0.17071333333333336	0.18688000000000002	0.20451333333333335	0.22830000000000003	0.25296	0.2793466666666667	0.3001533333333333	0.32464000000000004	0.3533466666666667	0.3867066666666667	0.4183866666666667	0.45696000000000003	0.49804000000000004	0.5414866666666667	0.5847066666666667	0.6320600000000001	0.6860333333333335	0.7449466666666668	0.8054199999999999	0.8706266666666665	0.9327533333333333	1.0051866666666667	1.0730466666666667	1.1511866666666666	1.2228866666666667	1.2926133333333334	1.3609066666666667	1.4313533333333333	1.5068533333333332	1.555653333333333	1.6178133333333333	1.668726666666667	1.7300866666666668	1.7786599999999997	1.84248	1.9080599999999999	1.9515733333333334	1.9694200000000002	Growth with 10 mM proline supplementation, no lactic acid.
H11	0.0	0.0014533333333333436	0.00256666666666668	0.0026333333333333486	0.001180000000000005	0.0004133333333333396	0.0013266666666666704	0.0013266666666666704	0.0009799999999999993	0.0006333333333333283	0.0006333333333333283	0.0008866666666666559	0.0011133333333333273	0.0011133333333333273	0.0008599999999999997	0.0	0.0	0.0	0.0	0.0	0.0	0.0	0.0	0.0	0.0	0.0	0.0	0.0	0.0	0.0	0.0	0.0	0.0018933333333333302	0.0018933333333333302	0.0018933333333333302	0.0	0.0005133333333333286	0.002893333333333331	0.0047666666666666595	0.004253333333333331	0.0018733333333333286	0.0	0.0	0.0	0.0	0.0	0.000746666666666664	0.000926666666666659	0.003586666666666664	0.003746666666666667	0.006080000000000012	0.004786666666666671	0.0047800000000000065	0.002266666666666667	0.0009000000000000027	0.0	0.0	0.0013266666666666611	0.0013266666666666611	0.004226666666666656	0.00579999999999999	Media control
H12	0.012040000000000004	0.007573333333333335	0.011300000000000004	0.015600000000000011	0.02403333333333335	0.029966666666666687	0.041013333333333346	0.04934666666666668	0.04792	0.041306666666666665	0.041699999999999994	0.044233333333333326	0.04929333333333333	0.04838666666666666	0.04549333333333334	0.04581333333333335	0.04034666666666669	0.03564000000000001	0.033326666666666664	0.037239999999999995	0.044853333333333335	0.051720000000000016	0.058366666666666685	0.06848000000000001	0.08178666666666669	0.09541333333333335	0.11114000000000002	0.12687333333333334	0.14060666666666666	0.15425333333333335	0.16907333333333333	0.18959333333333336	0.21330000000000002	0.23950000000000002	0.2673733333333333	0.29558666666666666	0.32244	0.35133333333333333	0.3824	0.4189800000000001	0.46048	0.50056	0.54428	0.5926866666666667	0.6530733333333334	0.7113999999999999	0.77976	0.8437999999999999	0.9178866666666666	0.9977133333333335	1.0856466666666666	1.1786200000000002	1.26608	1.3616266666666668	1.4655933333333333	1.5506866666666668	1.6261266666666667	1.6860533333333334	1.7365266666666666	1.7634933333333336	1.768	Growth with 20 mM proline supplementation, no lactic acid.
