well	0	1200	2400	3600	4800	6000	7200	8400	9600	10800	12000	13200	14400	15600	16800	18000	19200	20400	21600	22800	24000	25200	26400	27600	28800	30000	31200	32400	33600	34800	36000	37200	38400	39600	40800	42000	43200	44400	45600	46800	48000	49200	50400	51600	52800	54000	55200	56400	57600	58800	60000	61200	62400	63600	64800	66000	67200	68400	69600	70800	72000	Summary
A1	0.010444242453517459	0.01133716019285118	0.012364458373108544	0.013475268677344799	0.01459927484798594	0.01566168064941482	0.017697275816654433	0.020553262130759132	0.02381184051044905	0.02692796360679067	0.029526058528757664	0.03166660096838487	0.03372417048633909	0.035976517441933795	0.03826402655485021	0.04043187786022559	0.04277601048855215	0.04576567477357437	0.049450910737721315	0.05354461206681099	0.05768327973590644	0.061647469393861	0.06564364391743056	0.06982982085761957	0.07412609823503759	0.07832472331140715	0.08228680330491728	0.08611574399391936	0.09000034109893387	0.09445454478570375	0.0997014800378804	0.10535770538361532	0.11117058153119462	0.11727941988775854	0.12399462819316313	0.1314019189977418	0.1391969323552339	0.14715800724815514	0.15568792352816974	0.16536387934514352	0.176241171915515	0.18794286905409568	0.20026474657002524	0.2135234897721155	0.22812361159369304	0.24318709733329086	0.25785898954564096	0.2723391597870385	0.28717803952960114	0.30312020533849293	0.32011583667755766	0.33761130123499594	0.35545268651278783	0.37399325034120956	0.393785244510836	0.4146184618273076	0.4361591194027238	0.4576137051800974	0.47914264005351453	0.5008487587847046	0.5227371290527032	No glutamine supplementation with acetic acid treatment.
A2	0.021521002374965133	0.020861180044838588	0.02016524402598746	0.019434821977606848	0.018685052496015833	0.017963820122532545	0.01716418345222112	0.016315313142209752	0.01556831895552013	0.014985561672145955	0.01454492378757903	0.014430808425225858	0.01472254419450413	0.015071593332957652	0.015376054087274249	0.015686377268181242	0.015994656380694194	0.016257588216363465	0.01648440953160035	0.016634248261941875	0.016654835426580004	0.01660911261139916	0.01659807886016525	0.016525563511972336	0.016184556837308368	0.01569934117892267	0.015176818007727997	0.01473231312223836	0.014416590225464801	0.01431648593621453	0.014453589295380737	0.014721310184531187	0.015018197806240382	0.015302032101534418	0.015548903223950826	0.015745540430866525	0.015837822513291362	0.015787578201040833	0.015693960641353453	0.015726387549095718	0.015914322676526073	0.01618064151229383	0.01646992166464354	0.016759346807145543	0.0170245141520602	0.01722486725391427	0.01730529729165646	0.017268662961681676	0.017197654229131915	0.017191627932508103	0.017239195699964346	0.01728282223543431	0.0173238792458382	0.01737490097691123	0.01742307666619716	0.01745550450176361	0.01744987201520331	0.01743826554256647	0.017424619332394264	0.01741370269968147	0.017409519354818798	Media control
A3	0.03798127002891448	0.04008212087186043	0.04230678569776424	0.0445897319375242	0.04690426813079613	0.049301204729890954	0.05313230331659647	0.05773808933834099	0.06238044819225835	0.066761049835688	0.07071765253743532	0.07435385644706846	0.07789787097173151	0.08170081453088315	0.08596326296522003	0.09107139799936217	0.09764379663533736	0.10608508082638644	0.11651509480767484	0.12878094861956338	0.14264114053655755	0.1579012911109144	0.1748949513366206	0.1936038925821055	0.21372720540233053	0.23573573540452042	0.259834426414292	0.2860519830381196	0.31391425940573797	0.34326421286809466	0.3753290202633969	0.41038035715073623	0.44856707619254427	0.4908871445879141	0.5359397423440186	0.5828765524558477	0.6328021325227523	0.6878670367252488	0.7496314977456948	0.8154263998258671	0.8840005796654259	0.9555183074734693	1.0287682800773048	1.104139470713192	1.1807097697869102	1.2557449320616056	1.3272983460477275	1.3970217148387443	1.4662107277319643	1.534495668752212	1.6016812100684648	1.6671944819152358	1.7294341956814443	1.7864146707163022	1.8433122654481684	1.900429040328902	1.9567310452704194	2.0131732766019326	2.06955308701974	2.125860290281313	2.182114319009057	Low glutamine supplementation without acetic acid treatment.
A4	0.028532969690423887	0.030874119998743135	0.03308937242889585	0.03526791900808089	0.03750467296448812	0.03983840594010359	0.04170072504769237	0.04393364434493932	0.047243261071474835	0.0513504325348865	0.05560008365658701	0.059627850167607396	0.06351855051345706	0.06733875400681393	0.0710025648707159	0.07466685263124186	0.07896876519305904	0.08514505009449837	0.09333003465203771	0.10348510571701519	0.11557300393212362	0.12931279554743083	0.14478103548778246	0.1620296630860905	0.18156315993727729	0.20322417948744764	0.2264352731786807	0.25120022520347474	0.27784816397942863	0.3078830371582938	0.3411040304847417	0.37629001394882977	0.41320557665250773	0.4523561667360894	0.4949342134888825	0.5409149747523051	0.5899563487338094	0.6423332395831916	0.698578346317366	0.7599435178171334	0.8257680081443471	0.8950470909872171	0.9675280752718056	1.0428385052077767	1.1207609186590572	1.1992797940903859	1.2767061080307633	1.3525972269123145	1.4276603913516366	1.5024073847526356	1.5743970229318474	1.6400258039573157	1.70132881211514	1.76038465232132	1.8181626563180802	1.8745985254025772	1.9251161603840217	1.9746628691649883	2.0235968720858573	2.072183042902256	2.1205289914223133	High glutamine supplementation without acetic acid treatment.
A5	0.03411878741060101	0.03252401110792815	0.031216624324658	0.030174756311709294	0.02931725142478119	0.02846296514540943	0.029278890967669193	0.030727759230633943	0.032634236889313245	0.034728744364247596	0.036521452398588984	0.037941176199760014	0.03942962220385306	0.0416302179447883	0.04462715359822317	0.0484224310149259	0.05320254590437237	0.059174342702995944	0.06601429817196153	0.07324980134459477	0.08058503363978263	0.08807100182036655	0.09589616156269641	0.10418952819806639	0.11289513299153169	0.1219078610928854	0.13143914461003608	0.14180330826135784	0.1531135726354397	0.16566882626531612	0.17949947844205705	0.1943371871112471	0.20990369548077467	0.226111711049608	0.24320451664329698	0.26102380125185437	0.27932757601752234	0.29792324490338856	0.3168276777727349	0.3366545074780552	0.35783907621206945	0.38017975323749054	0.40338042156045256	0.4275471550735793	0.45299632448462623	0.4800999579845334	0.5091093374895246	0.5402450242500193	0.5731563784129238	0.6078878955860963	0.6449517504480113	0.6841581553428222	0.7251945343141118	0.7678816083771716	0.8119059321674719	0.856979972912414	0.902913931122503	0.9487043504596088	0.9945917214561637	1.0406326616985873	1.086784990753503	Leucine supplementation without acetic acid treatment.
A6	0.007218497863584032	0.007352734201870768	0.007585395256880824	0.007883599153389584	0.008218726580799989	0.008600100715908244	0.009791124457845078	0.011260058659886517	0.012707304151241033	0.014061896712163091	0.015298353067786548	0.01625273410420799	0.01702570169022143	0.017832065744423004	0.018779342222771053	0.019843735225965314	0.021040325300726057	0.022467538469200656	0.024096325366974244	0.025840452209371055	0.02757323645685658	0.029248028055130347	0.030979077805061653	0.032849427674412415	0.03497301914635402	0.03733907091850818	0.03997269026524144	0.0428738314006627	0.04608680217730624	0.04994039065175806	0.05447606529759358	0.05942442163322148	0.06455965443867279	0.06977667613092683	0.07524958354830906	0.08104504081066458	0.08713316156944031	0.09344587212331694	0.10009009239870524	0.10740744103476516	0.11546854076953014	0.12419025058565743	0.13342409795476282	0.1433481095338744	0.15467147456646796	0.1668468713167402	0.17942665068532776	0.19226541698701963	0.20550845790299055	0.21962585226001885	0.23500712930004647	0.25129167585300494	0.26849200838840337	0.2863412455466437	0.3052391803839289	0.32499140934263687	0.34581363851830454	0.3667266244982385	0.3877162781547301	0.4087816163525543	0.429910766337279	High glutamine supplementation with acetic acid treatment.
A7	0.024411580093680548	0.02711074393597069	0.029607263107388183	0.031987714399586996	0.0344047298404061	0.03710003854640454	0.03864806105505105	0.0395224591735922	0.0405855295089273	0.04255138687762081	0.04538514903759435	0.04903914743342462	0.05330206430531292	0.05822172994549978	0.06371537302526895	0.06943903221645814	0.07521177169871071	0.0810438456031884	0.08700482773982145	0.09297027913845522	0.09882880025571047	0.10471515001426863	0.11118684233654082	0.11872436706453865	0.12734874413727032	0.13678093708923028	0.14695877089494608	0.15795396540623552	0.16984533497267743	0.1829027271537541	0.19701008452890012	0.2118379988800967	0.2273752741068869	0.24407630901778235	0.2621820404736801	0.2814030359525281	0.3016894855898541	0.32305324585691636	0.3458807563661336	0.37030891509921326	0.395927645358684	0.42247831953802856	0.4501219353248023	0.4793707369878399	0.5101306747396412	0.5421005209735947	0.5753894672481678	0.6102263561630439	0.6471251710220335	0.686667636899854	0.7285234497609903	0.7720036623504443	0.8171122439506369	0.864370476169124	0.9132322127278542	0.9629973678252884	1.0129817260299745	1.0628085793206117	1.1126374604492706	1.1624857139461928	1.212320476172924	Leucine supplementation without acetic acid treatment.
A8	0.021948026215560405	0.02427469012871164	0.026693964191749058	0.029186047645997006	0.03170575309240694	0.034182670543566336	0.03676486227463673	0.039259821406937796	0.04159934232361139	0.04380701282818032	0.046057438026408305	0.04842341951865884	0.05129822025167808	0.05532016071177396	0.06069311883663585	0.06733039612243416	0.07517953797095023	0.08446093073742392	0.09499525662676958	0.10612419532117423	0.11757135463691447	0.12931820578294115	0.14172281869285405	0.1550733927787426	0.1692922900087231	0.18421411000681043	0.20025480190535577	0.2179367136292322	0.2372649437599603	0.2584335987521044	0.28135992791155573	0.3058089421146961	0.33170286221996026	0.3591188876079943	0.38840831887853167	0.4196799410704364	0.45319161981184614	0.4891021634409326	0.5275578503442764	0.5690352648261983	0.6133022145357241	0.6600860140011319	0.7095391234484377	0.7620388089630384	0.8180141257832926	0.8767294129036366	0.9375815388618679	1.0002345298151938	1.0645447920205977	1.1306287783336295	1.1980167294239972	1.265618621939786	1.3325260588683487	1.3966375280484171	1.4580607723461965	1.518534073087826	1.5770876486909842	1.635608311279095	1.6937954113260396	1.7515739512769426	1.809041660871147	Baseline condition with no supplementation or treatment.
A9	0.016667597575976967	0.019387300484008673	0.021960284826361358	0.02442715713350451	0.02689116248771428	0.029576122745305904	0.03130454392277367	0.03222180428198801	0.03270774853887445	0.03330031155515464	0.03411013000220415	0.03520885796679152	0.03681150535937755	0.038946427980078004	0.04149502489116514	0.04441417356218833	0.047866595564542945	0.052015550369569036	0.05663399680604091	0.061424185731816794	0.06626222927786038	0.07137156983629199	0.0771405721438487	0.08343769279289424	0.08999887486198599	0.09658173557744747	0.1032275209608652	0.11001210904853814	0.11694846909836722	0.12431407187802386	0.1322061005962686	0.14059545939358084	0.149768837379586	0.16003141132241933	0.17171965494837765	0.18473079415972815	0.19883890648129618	0.21392448265716082	0.22984146839782593	0.2468877136611993	0.2650575706479621	0.2840614674254215	0.3038694206840354	0.32480221791365227	0.3470262477306912	0.3703884095952487	0.394823945773158	0.42044146289181833	0.44694228089295446	0.47481489283119127	0.5052507638294399	0.5380433206217967	0.5723279198131784	0.6076994039818098	0.6443045139880416	0.682280650272323	0.7217695804229958	0.7611172970221657	0.800487960904444	0.8399335036171649	0.8794080588153098	Leucine supplementation without acetic acid treatment.
A10	0.014702936350560733	0.015054960793446518	0.015378230683873532	0.01566995408042714	0.01594434535309291	0.0162467476719467	0.016402379880353632	0.016312618303710728	0.01585546906703677	0.015345351158950386	0.014905587465161916	0.014506865172532794	0.014152267505761729	0.01400873637074213	0.014103821062856422	0.014364913145350034	0.01481092101584013	0.015369915104910025	0.015983370138692398	0.016586283009830186	0.01697930447518035	0.016996393774559675	0.01680807694073399	0.01651492555448764	0.016030469627710296	0.015352323038758983	0.014628822672195632	0.014039769175549647	0.01370392244544872	0.013602734755587577	0.013630734014168758	0.013734289037391718	0.013893590161315429	0.014097336161892397	0.01434033996282437	0.01459715236989208	0.014820683878274624	0.014972772514395336	0.015085256294340516	0.015233144216918472	0.015425262711545292	0.015597149120054547	0.015706684619752855	0.015840560144073184	0.016062025147533854	0.016316065022663882	0.016538321427992397	0.01671953136378378	0.016911895533621626	0.01713914231643849	0.017340507180494923	0.017415016394960625	0.01736059290801444	0.01725917900903928	0.017162790580998184	0.017105647905795867	0.017137943638326887	0.017165827713672734	0.01719113757490135	0.01722805687645049	0.017289206759907087	Media control
A11	0.015101006911212748	0.015875499025369326	0.016509694044370447	0.01707060570032819	0.017657669828852328	0.01832312117751549	0.018240401550942975	0.01789797211001209	0.01764755274734572	0.017553371156020098	0.01764227651841535	0.017909923551293942	0.018190176900795527	0.018489437977668055	0.018963938586866173	0.019712605241979847	0.020585521295256808	0.02134102399782815	0.021954423852660866	0.02248670299412787	0.023042603072887875	0.023688600703092234	0.02432691059984782	0.025030080231658307	0.026058116462724996	0.027459714716659842	0.0290790396860548	0.03056719739347116	0.03172047246356398	0.03261554673313316	0.03340578897953343	0.03418387306464317	0.034943682605580687	0.03568562362836489	0.0365486956823388	0.03769296417390882	0.039146249601961884	0.040770177890401285	0.042413033936739127	0.04410084961678588	0.045871090493723524	0.04768734959359846	0.04949992651896702	0.051339894352059	0.05331748738734262	0.05538623042539169	0.05741601176022121	0.05935806581969923	0.061291773790732675	0.0633706181122655	0.06550095087914161	0.06750368761087666	0.06941567520346792	0.07148218200250493	0.07387471419231206	0.07660394116975633	0.07958871854015194	0.08252756009815009	0.08547451156732043	0.08846030288636009	0.09149428028123507	Leucine supplementation with acetic acid treatment.
A12	0.029099668847566686	0.03031186146535037	0.03153166113232014	0.032793371244106126	0.034092098928193294	0.03532754223165264	0.03668830490939521	0.038320574031037356	0.04030454658335705	0.04247896730378251	0.04473343483311085	0.04692110287620242	0.04900295122242128	0.05114770162820651	0.05351376904036399	0.056192681041963774	0.059105749490094055	0.062214265837443126	0.06567598280619263	0.06963028742360715	0.07419198944559162	0.07921939699008951	0.08471578982635768	0.09068743215935508	0.09724910224374088	0.10462889623004296	0.1127309563725973	0.12136813869640307	0.1302702944408728	0.13948936042892585	0.1496135260754775	0.16074164147400777	0.17281134579170981	0.18563537639759792	0.19887373688914536	0.2126573262465819	0.2272926409433909	0.24297262853447937	0.2595625212923196	0.276927481271811	0.29524330925834114	0.3146780088565727	0.335235786623146	0.35692525914691353	0.3795441991715878	0.40279839627714714	0.4268182841839746	0.45158294792155573	0.47671524334858495	0.5029075541948915	0.5323315605457349	0.5642986408454648	0.5979604465461738	0.6325429980769001	0.6677350420842131	0.7041085547642364	0.7441148558485028	0.7849295744839879	0.826077697538314	0.8674675469186612	0.9090805105517941	Low glutamine supplementation with acetic acid treatment.
B2	0.00781911815642269	0.008110403192279254	0.008476122267603383	0.008934237898544972	0.00948089440779343	0.010036409164576833	0.011153173510601057	0.01254277701063913	0.014306009270854233	0.016271089616668146	0.01798488528746266	0.019254158470734375	0.020205581088687363	0.020917640253687638	0.02137598920013726	0.021664699320007894	0.021983545361367228	0.022426101970300812	0.023059774358202393	0.023980284869589977	0.025304519761452128	0.027009764811803356	0.02908884447834117	0.03141925450718074	0.033987318876458165	0.03694900949976464	0.040274057491384595	0.04373821052620097	0.047263166662566476	0.0510188803354533	0.055449444507274626	0.060599293962400214	0.06629669491739823	0.07241521140731713	0.07887443120279822	0.08579855568557762	0.0932315880626294	0.10107912392743708	0.10952508561096469	0.11856252729841799	0.12813246756977406	0.13818989177769045	0.14871457461171136	0.16016366913603147	0.17396085781684562	0.1898018283002122	0.20624563622017392	0.22317155551081647	0.24056652138603196	0.2585760081187436	0.277529859896199	0.29791385099763923	0.3191442321479342	0.3406891672000901	0.36255726655460624	0.38476742812300657	0.40726732381262787	0.42970472339443033	0.4521393183194342	0.47458640588981826	0.49703193553413233	High glutamine supplementation with acetic acid treatment.
B3	0.004855728331610311	0.005570195267402952	0.006388028600127854	0.00735371546514314	0.008475288617579565	0.009619812144571239	0.01169346570607155	0.014126602694951007	0.017160763240175674	0.02072523977891162	0.024266259902289724	0.027378630021201274	0.03005128711335322	0.03243926390932614	0.03480008637684411	0.03740206579792028	0.04033250365643573	0.043625462239213944	0.047607757258813416	0.052595510362050846	0.05861258700519533	0.06545908079399454	0.07317119416798779	0.08159699081718412	0.09070360700751232	0.10076487722636447	0.1116837705136408	0.12318202287486918	0.1349852893551737	0.14725440943035192	0.16041354194110463	0.1743967666319588	0.18925120653352595	0.20479403167905363	0.22080003942243082	0.23733303518990603	0.25448113899338404	0.27207060479262474	0.2896076692012054	0.3070874725707045	0.32507000773415184	0.3448029381613761	0.365802003072837	0.38799299055805186	0.4124807713691149	0.43896996572789515	0.4680653738785104	0.499906719538671	0.5334752854109941	0.5680664495181572	0.6045424038110652	0.6457527131967897	0.6894143696043334	0.7336967024507379	0.7788681852901377	0.8250527677755011	0.8731609349507174	0.9214750947938912	0.9699966419533439	1.0187051749101743	1.0675466593065372	No glutamine supplementation with acetic acid treatment.
B4	0.01675486150359916	0.01654598140056938	0.01657837358311569	0.016778802813284404	0.01710373335940855	0.017658408139673138	0.02006279507258699	0.022872549074521235	0.02553750903274096	0.02806021368853931	0.030476010527797318	0.032377015237407575	0.03362815333665317	0.03463012506799891	0.035933424198561006	0.037785115955010426	0.04027614154384003	0.043450456909859075	0.04723505817676672	0.051659124545766794	0.05671547080471588	0.0622644575238332	0.06838791505109115	0.07496841819619884	0.08187072611115175	0.08909948672742618	0.09669428562834925	0.10469197882002498	0.11309599045040229	0.12219453443246442	0.1320039499237848	0.1422934749601445	0.15318526044142025	0.16495467990513446	0.1777183656128266	0.19138710447731894	0.20587948208855977	0.22124339140642837	0.2374920317757154	0.25481244381260937	0.2734180997490715	0.293498821577689	0.3150600289702697	0.3382101342913668	0.36301198370434956	0.38941635339500624	0.41763020235488324	0.44784745867886533	0.47965106911801464	0.51251881341111	0.5464325042644138	0.5843635937934335	0.638053082436158	0.6963244427645104	0.7520550989019725	0.8084965371637025	0.8706330164995276	0.9331456237624174	0.9963124782929927	1.06026338458913	1.1249707585396889	Leucine supplementation without acetic acid treatment.
B5	0.002449999999999994	0.009333333333333332	0.0063	0.007266666666666671	0.00683333333333333	0.0005999999999999894	0.01	0.009999999999999655	0.009999999999999887	0.00999999999999985	0.009999999999999882	0.009999999999999962	0.010000000000000035	0.009999999999999927	0.010000000000000103	0.009999999999999953	0.01000000000000046	0.01	0.0022000000000000075	0.002133333333333348	0.00026666666666666505	0.01	0.009999999999999731	0.009999999999999926	0.010000000000000023	0.00999999999999999	0.009999999999999978	0.01000000000000002	0.010000000000000007	0.009999999999999998	0.010000000000000004	0.009999999999999998	0.010000000000000002	0.01	0.01	0.01	0.01	0.01	0.010000000000000002	0.01	0.01	0.01	0.009999999999999998	0.01	0.009999999999999997	0.01	0.009999999999999998	0.01	0.01	0.01	0.01	0.009999999999999998	0.01	0.010000000000000002	0.01	0.009999999999999995	0.009999999999999998	0.009999999999999988	0.009999999999999967	0.009999999999999983	0.010000000000000016	Media control
B6	0.010248562372593284	0.010156932642465939	0.010036470888774183	0.009874558337616645	0.009646908342630165	0.00928415179019602	0.00811326037442201	0.006834854785942745	0.0057254962112928435	0.0047213437232518736	0.00353788367027391	0.002285716958073524	0.0016297002033916223	0.0017654943259678686	0.0021165348605875892	0.0024803408674631943	0.0028999090815192453	0.003349299876759534	0.0038729829504031664	0.004514283909055261	0.005279822696422019	0.006194044538901842	0.007278111907642737	0.008424472405959007	0.009556207524898124	0.010710112491321231	0.011890293744731727	0.013008950353187167	0.014022316186062363	0.015032029530906441	0.016291051082495674	0.0178961336918578	0.019718988149526332	0.021605850519737648	0.023507001797727713	0.025451980676082207	0.027453564920845087	0.029392420013124004	0.031188581285918816	0.03286662196776603	0.03450351490332967	0.036127423928610666	0.037721112643136566	0.03935732722701997	0.04116129057330681	0.04313528110396847	0.045196281226526934	0.04734292946050618	0.04955811899606495	0.05185250029862828	0.05423744971805792	0.05659824403014994	0.05878049531932137	0.0607465769736585	0.06252166873370875	0.0640729514238585	0.06521466681446664	0.066325199752051	0.0673970261418224	0.06842567689563964	0.0694111348009763	Leucine supplementation with acetic acid treatment.
B7	0.01171421348156668	0.010450428296419552	0.009201125699568762	0.007990391777893346	0.006839479000456268	0.005727770590289138	0.004909905467791341	0.0042443957426087356	0.004035146112105086	0.004092633660876653	0.004227254786537912	0.004386082174619338	0.004482222964506298	0.004426973329620084	0.004257188274154126	0.0039947662131873465	0.0036283246585302013	0.003259336158317038	0.002974038205363372	0.0027248290771934663	0.0024522095151494412	0.002052955406142696	0.002023493023290677	0.0024038228422580714	0.0029211496531740414	0.0035204464590794563	0.004115619282586726	0.004538144545595456	0.004722919630921648	0.004732465144387235	0.004625198323984684	0.0044089532356431016	0.004099971443012864	0.003792665113292396	0.0036296473448521704	0.0036574631417427934	0.0038119676818716497	0.004050351243283803	0.0043197542251760855	0.004538757767180442	0.004645026107983472	0.004612014171557362	0.004476623187021226	0.00427762751237275	0.00404720894811921	0.0038094650515393493	0.0035929622568865	0.0034517048842330517	0.00337524041247563	0.0033307876963306797	0.003287732557839639	0.0032270237026724713	0.003158604577821768	0.003084272660204815	0.0029953060587583234	0.002906566867739518	0.0028548838328169286	0.002814021588356384	0.002781750713925215	0.002751565071201595	0.0027200862157470886	Media control
B8	0.015302100473753404	0.01687185577244571	0.01847359385263582	0.020056392516653455	0.021591539562662052	0.02316400410115614	0.024947870978176453	0.02678869696627989	0.028592692805425705	0.030401832176636074	0.03248917616034118	0.03497653614624181	0.0380108576177193	0.042083352847211354	0.04725577780619313	0.05328548215335919	0.060128715580466466	0.06791427678145229	0.07668138856307291	0.08632583791603239	0.0967091982341542	0.10773568042688594	0.11947363324858476	0.13226198715779722	0.1463990052539999	0.16162429629723754	0.1779522852588816	0.19571160059700105	0.21517518495364835	0.2369608306597963	0.26062915453989266	0.28602841335298207	0.31351039539745773	0.34333873301943574	0.37588391553903805	0.41100854871601883	0.44886728428696904	0.49084216372488815	0.5366192701296985	0.5854016206846804	0.6362684253389951	0.6893955176888352	0.745917222126526	0.8072581768052953	0.8756612771331143	0.9450151527024032	1.0124955244697742	1.0795857792205037	1.148501096804297	1.2182054571677514	1.2850286343083024	1.349398001241245	1.4113320812833121	1.4704182170999551	1.528222939088032	1.585134033913834	1.637715905975722	1.6896074374257208	1.7408179243976094	1.7913877511600016	1.8413077970489478	High glutamine supplementation without acetic acid treatment.
B9	0.028532081586207382	0.03027953267360781	0.031930339829679064	0.03354439902590812	0.03522604461002753	0.03706126260681811	0.03885045453106697	0.0404065437068386	0.04222797583007968	0.04473995711633138	0.04803532014231617	0.05204871899600219	0.05652721112699717	0.06152223365244409	0.06718642021432789	0.0736964627704861	0.08086734144696862	0.08848564796199385	0.09659752853411673	0.10529516577749577	0.11487722241708022	0.12563301297020457	0.13779451716823632	0.15162387270300565	0.167276838997089	0.18475773160967296	0.2038736384389658	0.22458658082750074	0.24697226200097258	0.27147117559135986	0.2980386319394065	0.3263962708444574	0.35688644927986024	0.3901443117453976	0.42694496892330636	0.46708745769120136	0.5104616806588601	0.5569294884736721	0.6062404464556197	0.659473220416569	0.7164181915802178	0.7767752281483568	0.8418360264249329	0.9102037657366787	0.9808976807903448	1.0556788731745617	1.1367092736487556	1.2171366648284812	1.2963468636309576	1.3757309458739522	1.4547959337896308	1.5310873837316197	1.5931839751165235	1.6412166389406808	1.686409779723702	1.7310373560859826	1.7711525033163353	1.8105214474332485	1.8493191679168948	1.8876682020742197	1.925573783602333	Low glutamine supplementation without acetic acid treatment.
B10	0.010435545612424803	0.012293925734090218	0.014133898174241117	0.01594065878344911	0.017725959164362485	0.019602785517378474	0.021639092360396996	0.023618313085941364	0.025504546910036792	0.02727313532987853	0.029024045321666456	0.03077840815203277	0.03252414954168046	0.034383936796128806	0.03649658864514375	0.038939804306895434	0.04160384932846361	0.04436489327137965	0.04731253337705454	0.050436512355137304	0.053659446970775515	0.05684506186641232	0.05992002239756997	0.0629224190132173	0.06590758936540161	0.0687204215394509	0.07110611594969758	0.07297028957268616	0.07439222205898421	0.07549580521010177	0.07654427244837997	0.07775092543749525	0.0792652545827103	0.08110353603573382	0.0834064519285801	0.0865085292695676	0.09060666076053145	0.09537353977487772	0.09949806071687532	0.10280703984731805	0.10595092620593796	0.10932690971855435	0.11251934731178775	0.11470425825321767	0.11611914512549862	0.11751108916687056	0.11901578946759689	0.12066556732743455	0.12235391069461657	0.1241197151905877	0.12604416177397987	0.128231944271331	0.13089264300828418	0.13413913004876704	0.13764245727788813	0.1405796490489514	0.1424524697039982	0.1443745375878969	0.14627957915388576	0.14807766587444135	0.14969319100621503	Low glutamine supplementation with acetic acid treatment.
B11	0.01587966325908937	0.017340771771514135	0.018792835350350357	0.02022944585993076	0.02165370602577644	0.02312355172273685	0.02471854443253166	0.02634235470264608	0.027976213528093572	0.029585764049792424	0.03129554054420567	0.03306263758302717	0.03487428950608085	0.036932832486140495	0.039385177561350765	0.04224574177554924	0.04535659122450957	0.04867811345994485	0.05230936998300685	0.056337577047758075	0.060890970282665546	0.06597112530082026	0.0717866837169102	0.07857109081449964	0.0865150153457637	0.09545696176384501	0.10502667875810115	0.11502975829979321	0.12535833752981912	0.13623243920894373	0.14766269376523827	0.15936428057619664	0.17129521138825987	0.1836668386635787	0.1967863529165612	0.2106280581819861	0.22504635088514208	0.23996746085685688	0.25527832171632714	0.2711023678051476	0.2874729736197523	0.3044520601054292	0.3221275451114488	0.3408879493268122	0.360881444418168	0.38182805599615477	0.40397159319511405	0.42778373421037874	0.45293885254838195	0.4801340445415636	0.510724837064621	0.5421800900917926	0.5743092556780751	0.6081438774321406	0.6438492642445864	0.6808847688105193	0.7191608906735523	0.7575191034684519	0.795977731193617	0.8345511796706684	0.8732102925840323	No glutamine supplementation with acetic acid treatment.
C1	0.018717068134387036	0.020550389826826505	0.022305881195818424	0.023980607533650118	0.025593850861116707	0.02717062725625118	0.02823851576768379	0.029301262078966096	0.03035355112414559	0.03169646619534297	0.03363048813016544	0.035954867562746615	0.038758008878998315	0.04221103740735377	0.04636767164570396	0.05121103140822325	0.05672031801362833	0.06305980987495599	0.07052963415401318	0.07930235199578875	0.0895279701569456	0.10125188858142838	0.11476795937212025	0.13009386918965654	0.14715849559212055	0.1663080210674506	0.1876194575224488	0.21088620126761495	0.23569031258015935	0.2615910055406948	0.2888911947331986	0.31824477759580544	0.35015917071994085	0.3844794572563952	0.4215747897484387	0.46178455997473516	0.5052517127459751	0.5527222642199017	0.6044074048657229	0.6591542105055158	0.7164174214138407	0.7760632963341764	0.8381883585208583	0.9027624683695932	0.970315461730448	1.040626694429072	1.1128188276681754	1.1865251343170886	1.2615785567488123	1.3352918873807298	1.403104267913032	1.4687498139177564	1.533300304512457	1.5942483964879515	1.6484380219371357	1.6983606865016938	1.7445519685885964	1.7907919906034535	1.836683706582103	1.882121448068538	1.926981145537252	Low glutamine supplementation without acetic acid treatment.
C2	0.014068548019382109	0.013213633489619087	0.012553894734138654	0.011986771094364777	0.011350785051409795	0.010533305415425175	0.011353237635731367	0.012942219767614655	0.01481268269350609	0.016692815888716402	0.01831710518634989	0.01963326382542163	0.0208708281108489	0.02218976657144594	0.02360413366871315	0.025068317850499733	0.026571191117513267	0.028244776594830746	0.030263354743598134	0.03282142240124605	0.035911315756354124	0.03935616728238825	0.04316277271742502	0.04734203896025644	0.051941553426362926	0.056975249600830745	0.06236714281519317	0.0680412499143749	0.07390191472697305	0.08007045556291979	0.08671471366846466	0.0940124611108979	0.10232102956206517	0.11176658435024599	0.12214824547957832	0.13339888630980962	0.14565685394462938	0.1589647592757921	0.17306911216130308	0.18769326960062646	0.202621212202309	0.21782742023912308	0.23364531602731756	0.25075082473914845	0.2690439886995563	0.28820924332719483	0.30812051152075215	0.3291417390544929	0.3516162663128754	0.37551996939848425	0.4008137151008867	0.4273299503360806	0.45481892279508657	0.48364422995200845	0.5139525854648731	0.5456016116752601	0.5779643638733442	0.6102003530924425	0.6425205387027906	0.6749538558245383	0.7074553939170043	Leucine supplementation without acetic acid treatment.
C3	0.017961416542196705	0.019700433480504202	0.021508083081282464	0.023325602233929925	0.0251286302710098	0.026995798637646194	0.029636894879712685	0.032702738869034534	0.03608407762679283	0.03989723435448076	0.04428123146634538	0.049074142042751345	0.0542206715769175	0.05982227108273714	0.06574516290815068	0.0719473211071539	0.07857900842456414	0.08589976207599337	0.09411899020360204	0.10331885498292054	0.11363235971027495	0.12504516303286825	0.13788265010225273	0.15247172751104113	0.1689599184174687	0.18724182458302158	0.20712057082379395	0.22841445939603428	0.2513333404676115	0.276734399995382	0.3044388499184575	0.3338275113680425	0.3646011261869104	0.39716212626827396	0.4324334478564546	0.47060982416264924	0.5119133301136023	0.556438824053756	0.6035810427245314	0.6535774785222567	0.7061382935469895	0.7607842157998981	0.8175521607835463	0.8780101141727438	0.9424729443571946	1.0087628882268909	1.0757677465037656	1.1430401203713259	1.2109402284865531	1.2790918050398472	1.3456942012743696	1.4109574914586989	1.4755591408587208	1.5364644952301112	1.5895441099421754	1.6437982028669238	1.6958811347934062	1.747986498455592	1.7997314447274992	1.851125115855187	1.9021664429831862	Baseline condition with no supplementation or treatment.
C5	0.010461172604149903	0.01207889305732479	0.013736518581495737	0.0154379298266647	0.017191784854024058	0.019001966262573913	0.0213816133191903	0.023954751809934317	0.02672898837051539	0.029790853813246684	0.03309500723584436	0.03635900095754085	0.039607651825255746	0.04298615697969886	0.04656231562439573	0.05041797372031446	0.05459156510177342	0.05916082280334348	0.06454906530212592	0.0708516512839041	0.07785048366573451	0.0852789545898153	0.09333779214085154	0.10207659468278686	0.11145117000200933	0.1216784160734172	0.1327312619523938	0.144400847458379	0.15670237656345126	0.16981100686115821	0.18394727288801693	0.19898585219500278	0.21506255959451992	0.23213584631452674	0.24976437534942816	0.26788135306455235	0.2865303122119885	0.3056486801855796	0.32511629113802626	0.34504554581979385	0.3655081758570416	0.38657834628390686	0.4088805515367534	0.43298261716128583	0.4593273063448284	0.4873987503385891	0.5172175515323281	0.5498401026356883	0.5849430106833811	0.6223471012790787	0.6632139414523799	0.7064877387080367	0.7508960000000364	0.7958810417352239	0.8417681408070697	0.8886451300648451	0.9354220746074307	0.981944608957452	1.0283705003580903	1.0748080472938133	1.1212697110780498	No glutamine supplementation with acetic acid treatment.
C6	0.010000000000000002	0.01	0.010000000000000004	0.010000000000000002	0.010000000000000005	0.01	0.01	0.010000000000000002	0.01	0.0099530234342726	0.009657950961377847	0.008899265498907563	0.00789655373562387	0.0070090359532328055	0.006226515491257169	0.005450761400609397	0.004754316205164178	0.004497311584725086	0.005168019068519096	0.006730280986725339	0.008769741878303483	0.011099070100659431	0.013770965503094264	0.016787308764039974	0.02006360729438238	0.023548915085908385	0.027287068650438586	0.03127805523637453	0.035477234790134655	0.0400156372896014	0.04519479348537478	0.05123097676118776	0.057978130806459166	0.06531822119109652	0.0730590583420461	0.0813067796695291	0.09052734310300696	0.10085020575416685	0.11176067364898777	0.12312783762491815	0.1349314841991749	0.14719318134873682	0.15997393928205642	0.1735453258321113	0.1879512903117048	0.20305195629110215	0.21875423538632918	0.2348749034327163	0.2514628406953199	0.26872189643539995	0.2874128772766111	0.30887916941378185	0.3312985259124943	0.35398681307753965	0.3772964922247155	0.4014305154842235	0.42762991954674134	0.4541095512645257	0.4807705156380087	0.507589349530765	0.5345372181528102	Low glutamine supplementation with acetic acid treatment.
C7	0.02244258067655136	0.025510548980694655	0.02884098978382351	0.03240974986048054	0.03614288297242746	0.03991622002487728	0.04517196976119207	0.05094823106675038	0.05713827002101506	0.0633840176912143	0.06932383372430748	0.07481987685180061	0.08032207093728497	0.08639586937951657	0.09344029668349008	0.10149592410738666	0.11041316159929904	0.1202121895743139	0.1316291564311882	0.14492742801530545	0.1597013886325428	0.17541306208189458	0.19215803620546884	0.20994965793674042	0.229096933599108	0.2501659413098557	0.2730874788789109	0.29730510537887117	0.32283991068591217	0.35026995187405513	0.3808614833072884	0.41443520556755115	0.45135953278151564	0.49173441051051514	0.5345933020846139	0.579845555210191	0.6279795475348948	0.6801113216230009	0.7375087826242613	0.8004686593292187	0.8684482727725467	0.9388068142540531	1.010023853407747	1.0826769032949297	1.157442736296249	1.2334859309747095	1.3089681745174782	1.383491055610199	1.4577685521502728	1.5328125903650465	1.6087964753870403	1.68204109410863	1.7482291535262422	1.8143583998419583	1.8788354421444742	1.9417740936958874	2.0006397319841605	2.059666579506843	2.117839510149528	2.175015318017427	2.2312987601401018	High glutamine supplementation without acetic acid treatment.
C8	0.009999999999999998	0.010000000000000004	0.01	0.010000000000000002	0.010000000000000002	0.010000000000000004	0.010000000000000002	0.01	0.009999999999999998	0.010000000000000002	0.010000000000000002	0.01	0.01	0.009999999999999998	0.010000000000000002	0.01	0.01	0.010000000000000004	0.01	0.01	0.01	0.01	0.01	0.01	0.01	0.01	0.01	0.01	0.01	0.01	0.01	0.01	0.01	0.01	0.010000000000000002	0.010000000000000002	0.01	0.01	0.010000000000000002	0.010000000000000005	0.009999999999999992	0.010000000000000007	0.01	0.009999999999999998	0.010000000000000002	0.009999999999999997	0.01	0.01	0.01	0.01	0.01	0.01	0.010000000000000009	0.009999999999999993	0.00999999999999999	0.009999999999999978	0.009999999999999995	0.0099999999999999	0.009999999999999922	0.009999999999999887	0.010000000000000061	Media control
C9	0.0026238444442606514	0.002773921461529507	0.002978442746971987	0.003232826426442002	0.003531811723430841	0.0038667440583914437	0.0047144220719368985	0.005735616505398957	0.006858992447936504	0.008134704759056071	0.009535674204499254	0.010808767023006384	0.011830776761472279	0.012810854440408782	0.013937360922535795	0.015190023552022588	0.016430081100942778	0.017569740546598864	0.018776055142623982	0.020299339027849025	0.022197727504146586	0.024355371309571116	0.026678142648040096	0.0292066485279717	0.032100245610598786	0.03547794521342003	0.039210969545341756	0.043188495156070525	0.04730525720375148	0.051687002941150875	0.05667473972022849	0.062401259847081995	0.06880741982098151	0.07561975974350767	0.08267623238874558	0.09011142630825253	0.09810464659323545	0.10690551709358931	0.1165293717868887	0.12694660466767527	0.1381747398347375	0.15023231379424234	0.16318096674970203	0.17705337467772822	0.19163966871024804	0.20695308039136107	0.22308809586473477	0.23989170303535554	0.25709875161821744	0.27470537219594876	0.2930258183138144	0.3122998903349442	0.33241015465480805	0.35323333124520606	0.3748076346305417	0.3973470992477542	0.4221144248483295	0.4467153565709904	0.4713062537634184	0.4959945518515019	0.5208351572883696	Low glutamine supplementation with acetic acid treatment.
C10	0.01220824273586255	0.014599150794379458	0.017060816466048886	0.01957275347074825	0.022136718067389715	0.024807100371131558	0.02858507328295457	0.03308903535961131	0.038240208361843685	0.04385022400486641	0.049615592968854344	0.05526715911307043	0.060798625548289	0.06650830695427806	0.07260566169042543	0.07915303369970877	0.0862478262378093	0.09422599532449702	0.10369951061783335	0.11498757094268823	0.12810767349999597	0.14276188069949927	0.1586865830198224	0.17587149969184937	0.1944004368694015	0.2144659050146831	0.23619475576937887	0.25951958088538635	0.28399490440886593	0.30984096713521414	0.33845491054131605	0.37029229795408014	0.4058026388039748	0.44553905553422296	0.48840095722389143	0.5338163616727479	0.5821463116079414	0.634487548746383	0.6905310999117213	0.7497267643233119	0.8133175637753877	0.8802428660443619	0.9490541693277984	1.0195826489332878	1.0916985044432015	1.16563578880273	1.2415310889161668	1.317604365727859	1.3922649702393537	1.4651376649413252	1.5366937151663902	1.6060402170723989	1.6718820955551617	1.7350371388486026	1.79638396259904	1.8556851017012592	1.9126538899284606	1.9692401696167492	2.0256260577054466	2.0818591698420637	2.1379067084094383	High glutamine supplementation without acetic acid treatment.
C11	0.006242859882352299	0.006279262089757668	0.006350438929512616	0.006443509418727591	0.006553257356914377	0.00672483124183605	0.007406629157172474	0.008316168938703385	0.009362635354986633	0.010405217522503207	0.011454304218379277	0.012497674136916184	0.013527974998283544	0.014642534723251898	0.015898106892531703	0.017308325380645955	0.01882736951955892	0.020519472786664585	0.022446867120474757	0.02461065677565604	0.027003663651529407	0.029560182828901497	0.03228739246811802	0.03534876906277392	0.038885402103551875	0.04276773849470458	0.04683118846779742	0.0511424303252196	0.055743867983139	0.06095278822900722	0.06683883034861672	0.07329558859644843	0.08030340355567334	0.08793519591720605	0.09625227745903203	0.10519089543984592	0.11480673471026193	0.12501072983257197	0.13572639581557994	0.14743731061385676	0.15998276670188938	0.1730953351672159	0.18691405765047392	0.20170638908758326	0.2173554359170512	0.23396525202651933	0.251726381959146	0.2702086266141545	0.2894241264431518	0.31021867688978544	0.3325359894530099	0.3558846364402027	0.38045674124852114	0.40775481877693787	0.4372766864487716	0.4672764849711485	0.4995443738361124	0.5317498506758336	0.5641601873536579	0.5968082078829173	0.6297014571350178	High glutamine supplementation with acetic acid treatment.
C12	0.004480111888429417	0.00397844734487646	0.003515965149509836	0.0030847523122733097	0.0026796119830369536	0.002303072050699032	0.0023082063160087566	0.0025856447316354326	0.0030384991322180287	0.003530629036719281	0.004090578096844826	0.004667576796108634	0.005193024080086787	0.005643956826164105	0.006049081137335855	0.006453119032740669	0.006856536731306736	0.007235403015181952	0.007592044536879956	0.007987364132349876	0.008602564789513052	0.009475187893252052	0.010676915453092097	0.012004025232760803	0.013311116924087794	0.014662696015021157	0.016095531187633558	0.01738155819005991	0.0183921905680472	0.01921896163269899	0.02004303087519258	0.021008100626460472	0.02206629700050107	0.023175078214395475	0.024311597241621734	0.025464699666908782	0.026615837950920845	0.02771260483709592	0.028716048365391794	0.029730299053701524	0.03093733845192752	0.032410672804812475	0.03414672833596906	0.03611268950054825	0.03824613473759357	0.0404976784540272	0.04284566273312562	0.04519162886807	0.047425739222705474	0.04970969097085565	0.05212616664207457	0.05456707731316508	0.05697310159803095	0.059444718232170776	0.06214116663296255	0.06504174603767054	0.06793409134405194	0.07076924812000863	0.07359477317616606	0.07643407475147733	0.07928847285529096	Leucine supplementation with acetic acid treatment.
D1	0.001426613601153936	0.002151644867327097	0.002884569286997074	0.003620988906967142	0.004338982216572299	0.004992881114194366	0.005617877754443211	0.00641037671825198	0.007332442593269905	0.008265690874155133	0.009290690425543001	0.010417695434620743	0.011581755850888843	0.012675615939963896	0.013655871163343521	0.014513803416685872	0.015287429215846037	0.01607487893206359	0.016977604054586353	0.018032881550816834	0.019218384543411036	0.02050994092071958	0.021896375555758855	0.023344857896934634	0.024873729447668563	0.026523215125604436	0.02829867812099461	0.03016217292707921	0.03212362111588657	0.03421938249771411	0.0364586339792314	0.03880157285921804	0.041215586629794194	0.043741280160939755	0.04641193484349307	0.049213438057461034	0.052125215460990464	0.05510745972533138	0.058191649657590515	0.06149217672103298	0.0650174958269216	0.06864839078609548	0.07236887248640757	0.07630154277056227	0.08042909779374664	0.08466102315738334	0.0889770694265058	0.09334852032610219	0.09781025997239717	0.102446725002759	0.10719747272400391	0.11200761761308155	0.11691968100715212	0.12195021440811883	0.1270251544887014	0.13208358889013164	0.13722619784437742	0.1423792598729632	0.14754910790353432	0.1527323280078433	0.1579237255057645	Leucine supplementation with acetic acid treatment.
D2	0.014139247609556127	0.01482910242637589	0.015573261920502799	0.016391223026139063	0.017271076257100365	0.01811557924845074	0.019101888979026257	0.020143980074167765	0.02137489940569581	0.022743677825410143	0.024015719341992946	0.025049398852746752	0.02595974220700189	0.02689324699755012	0.027872526504962792	0.028901845738472747	0.030071847054630677	0.03146437020576412	0.0330434462910669	0.034738581045281144	0.03655851047716659	0.03854860359106301	0.040858133313778945	0.04345701861992263	0.04628009786412366	0.049455191954307545	0.05313738626960783	0.057345245549939645	0.06201446781404267	0.06715986030752534	0.07269870175969655	0.07860822102958039	0.0850647401402921	0.09217381167423531	0.09989346175270164	0.10841188934007122	0.11797915273552644	0.1285929033115164	0.14013090728168864	0.15281589472728122	0.166534834110443	0.1810625159822435	0.1962558018149555	0.21202781840741058	0.2283715338945304	0.24517119453631372	0.26231749741306754	0.2798653126422891	0.29793764262696265	0.31663834819930897	0.336426807122979	0.3572548286226755	0.3812291937283227	0.41001100527598483	0.43908630242689584	0.46891479462978275	0.5005036246202554	0.5321542747408552	0.5639726879481011	0.5959598163907207	0.6280644812929149	Low glutamine supplementation with acetic acid treatment.
D3	0.010503882881557128	0.009631263474117508	0.008780356637401985	0.007959654726415228	0.007157712565045802	0.006314750544280068	0.005508535506322046	0.004918491748945304	0.004559202245660385	0.004352062617506343	0.004026539780085829	0.00357371052927894	0.003135932858725608	0.0027469896517161203	0.0023712558709349635	0.0019352118321064806	0.0015809729505073212	0.0015411639110039226	0.0018150802380345007	0.0021664770591395717	0.002369741842972504	0.002533458552527604	0.0026945524643371263	0.0027973374590422565	0.002764526607190793	0.0027126430765856595	0.0028650082154841917	0.003128144782873133	0.0034165573890447137	0.0035887422930241924	0.003615306650900907	0.003698185678683482	0.003859372871695395	0.003799411179242984	0.0034237147409056194	0.002939057599213768	0.0025832250643924247	0.002375484826274756	0.0020763549313026542	0.0015440771551973318	0.0011482836619240674	0.0012657445190576715	0.001778686821991455	0.002346236982436766	0.0029429132278263803	0.003364722176600391	0.0035305892735457483	0.003587109365783452	0.003547155557428314	0.0034095873659626295	0.0033465241751814852	0.0031570896654742405	0.002896335415822695	0.0026629299567003275	0.002553228226017218	0.002389346532510394	0.0019611324121653097	0.0015133641922858393	0.0010655542623486344	0.0006306679341707967	0.00021424116004125583	Media control
D4	0.00891260860852274	0.008287255880520948	0.007744333745947313	0.007321692975730329	0.007017025658327141	0.006707787299138384	0.007318259604395688	0.008520901278792245	0.010393400064687254	0.012932559502220605	0.015984813278251405	0.01923795497824937	0.02259358245105928	0.02609353353999676	0.02982671032947127	0.03391986725759972	0.038511681470255014	0.04391550206909961	0.05009415380063121	0.05674217900389246	0.06374777575984863	0.07114792267974741	0.07933658484500992	0.08847988308998696	0.09878168922095333	0.11014619395738567	0.12234679542123948	0.13564496897628905	0.15034417096010397	0.16736703955477653	0.18664815656159828	0.2068317334092392	0.22766341453797953	0.24965289788165496	0.27364354589372875	0.29975862921272406	0.32722364097533746	0.3557430609679584	0.38568396804909666	0.4179875386742346	0.45306508386854755	0.490244673876678	0.52898015405247	0.57155731663171	0.6216788756651664	0.6736346519158036	0.7263738377727983	0.7809657153942233	0.8372979569488831	0.8950045271762568	0.9552258775263776	1.0163741605061263	1.0762214715184077	1.13581255505134	1.19550395631709	1.2533093519680458	1.306318152741489	1.3583276555883972	1.4097529884811146	1.460662048508814	1.5110512998147945	Baseline condition with no supplementation or treatment.
D5	0.022612878475092336	0.023339723267608845	0.024231344086847125	0.025242160937413667	0.02634963071845469	0.02757110314642915	0.030489888414934045	0.03421978175574011	0.038420885626983474	0.04319746578103031	0.04852473659901798	0.05414126308645534	0.059965885861830624	0.06597345509685952	0.07222073561063062	0.07888695827101747	0.0861487104007999	0.09421930850866159	0.10324348175717149	0.11324635810001964	0.12427337779704277	0.13624232576811124	0.14931626773939677	0.16353633203805612	0.17890132700850156	0.19557453060013666	0.21350931958292935	0.2326657756825423	0.25316309506561546	0.2754124628048381	0.29961406492943454	0.32569639649036014	0.35358596522384445	0.38334932795334387	0.415414059853873	0.4505798905949508	0.4898338974001474	0.5343806267917353	0.5838137617847471	0.6388743405168731	0.6980109362409335	0.7599969763608913	0.8268841117049728	0.9017751240913237	0.983881832188719	1.069892978848549	1.1564114206563292	1.2425031471382302	1.3268747164154542	1.4110023357962576	1.4914904979094783	1.5657840058139654	1.6367282610455358	1.7048331518650148	1.7655180025219093	1.8160594849516165	1.862677336250317	1.9106786797666087	1.9582713041522326	2.0051175987915975	2.0511979415459805	Baseline condition with no supplementation or treatment.
D6	0.042209803990141716	0.04308337383114305	0.044096709969711365	0.045231396806993805	0.046421418668371794	0.04752784612996066	0.04939151906057908	0.05161984359867338	0.05414453494408293	0.056862579323174296	0.05967069137758613	0.06252643325231767	0.06559714309677313	0.06907427578254298	0.07297129486840682	0.07727287657646516	0.08178604250995537	0.08642197749946942	0.09162903565219997	0.09760549265870315	0.10420897410903653	0.11124677206521238	0.11879030630979392	0.12677430403606202	0.13520106812238208	0.1445638072384216	0.15502166958006539	0.16608008624495788	0.17731601424695986	0.18908759343465942	0.20223820225001232	0.21708639000193797	0.2332702873700947	0.24991816543940132	0.26669447904694665	0.28394213676606955	0.30209269598857896	0.3212359306523802	0.34140933323492434	0.3625200529059357	0.3849408564007861	0.4087128011818197	0.43346527943943614	0.45993673465512763	0.4894463066519976	0.521191239384101	0.5535573895960679	0.5864283250564465	0.6200523063173411	0.6549170636899974	0.69270834210342	0.7335599683514582	0.7768627964091552	0.8214428706693334	0.8669760564825061	0.9135896367400216	0.9676386302311962	1.023246702598874	1.0795439635263804	1.1363145648670396	1.1934863390206658	Leucine supplementation without acetic acid treatment.
D7	0.029774456205374975	0.03135005507971349	0.033090499870165664	0.03496080909700012	0.03693831867918057	0.03910374999968643	0.0429443208986917	0.047535776517363106	0.05287014379328158	0.05894440058258845	0.06579556314708485	0.07336290212653555	0.08175161886020382	0.0909851621070554	0.10104861630488977	0.11202078584930815	0.12388107361123882	0.13671221562054947	0.1505394161803687	0.16541571607239597	0.18153930741373567	0.19883505197342244	0.21767049137820293	0.23825863834113933	0.2605476783103945	0.28490974865406515	0.311765891282442	0.3410930874956266	0.3725796655209856	0.40663843945401373	0.44435217449883607	0.4870282354233182	0.5340301947264885	0.5844355228035386	0.637586933909149	0.6933194532636862	0.7530892238084689	0.8187901434054904	0.8886385723420388	0.9607405116348013	1.0341317171723643	1.1090425343989652	1.184915141179106	1.261548715362607	1.3388106614000759	1.415779697468795	1.4907754645153146	1.564379142197783	1.6366265836296525	1.7045325423854876	1.7697261044932469	1.8342656472945202	1.8959864288249058	1.952018348603148	1.9998559461503045	2.0463229899382247	2.0913005877181563	2.1363691907472306	2.180864953170647	2.2247723946074762	2.2682748390344116	Low glutamine supplementation without acetic acid treatment.
D8	0.011297704158385	0.011237980574726929	0.011191888361673164	0.011166423875055537	0.011166661964329644	0.011193399724078443	0.01136157794723249	0.011542632492118038	0.011844329518488322	0.012352781542631504	0.013031328791535202	0.013749115868869483	0.014564965494705921	0.015612739214870133	0.016909929987918872	0.0183270508303463	0.019767888089935237	0.021105335343622744	0.022360537357248914	0.023613462530831086	0.024920842793293745	0.026284886854976562	0.02772022375691058	0.029314194682121673	0.031196124239519972	0.033381548422646366	0.03584358299990493	0.038486195062848075	0.04135235284670654	0.04474177153468523	0.048725363748532625	0.0531153390465998	0.057808378724623695	0.06287332544832289	0.06833758566407146	0.07410756243701266	0.08016657998414832	0.0865229861959869	0.09325253029070349	0.10045006025351058	0.10802249881948113	0.11586164685114829	0.12398598871356421	0.13264868801555912	0.14236008291964078	0.1527064369946431	0.1629662445391253	0.17328966257808548	0.1839012320662577	0.19509948923115605	0.20755666662854774	0.22195108723009924	0.2370098402702459	0.252938901893855	0.2694753571636525	0.28607701199834107	0.3036465694101801	0.32117081501523553	0.33876664459327116	0.35647718022477637	0.3742549675072182	High glutamine supplementation with acetic acid treatment.
D9	0.029223244787665543	0.02988403394811855	0.03064777046145458	0.03151354624291075	0.032469474891992825	0.03350247944084711	0.03541100278095011	0.03780167473953054	0.040670942624002566	0.04399503694556867	0.0477000247787276	0.0517191702740246	0.05619943626523083	0.061219933891562155	0.06693490880986193	0.07345145884710443	0.08088627391404087	0.08961653919506779	0.09951734778535293	0.11058734613772879	0.12295511489063671	0.1366058156117128	0.15157581093362704	0.16793340055887845	0.1862627956192998	0.20652015602911583	0.2281088729287598	0.2507853650559809	0.27461118037023624	0.3006305329723488	0.32890118781249367	0.35881691609730976	0.390216834524301	0.42341259429975525	0.4594357213468621	0.4987289240046006	0.5415942933392155	0.5882479813182692	0.6382499874671532	0.6917527887940013	0.7488225303052293	0.809141752960423	0.8721273661948069	0.9386747405539001	1.0119662796471993	1.0872448467151987	1.1625129877375318	1.2387080666711168	1.3153195291068953	1.3919226938914835	1.4654653645006133	1.533829900739289	1.5980741209887972	1.6589552927054096	1.7175079587264381	1.773638086565751	1.8247031044204058	1.8753493341475884	1.9253987218946276	1.974835251126298	2.023732018494999	High glutamine supplementation without acetic acid treatment.
D10	0.009945421697028813	0.00931174797933297	0.008689682023763948	0.008099297852293935	0.0075525543112184654	0.007016241294008199	0.0068061438925936055	0.00675477053002859	0.007077255763651612	0.007864481343595776	0.008973876893263708	0.010452192926867242	0.012201753125192677	0.014185618889698432	0.016492500142299426	0.01904969560598507	0.021726983760355624	0.024533470911854923	0.02747628871157673	0.030547222883375153	0.03382633985293053	0.03737617539791639	0.041251629756498535	0.04546359610437897	0.050119633059912835	0.05512844603003268	0.06044557100329252	0.06622913019590271	0.07246880629401684	0.07928578575464522	0.08677051335229292	0.09499142771351073	0.10398511787900797	0.1136545067029047	0.12397212332922013	0.13478087401426306	0.14607760532807618	0.15791481806610116	0.17025995790382184	0.18323570321667884	0.19687088614485015	0.21114115096416597	0.22613014273070944	0.242009754738481	0.2588330849539491	0.27641836730415215	0.29472167831911633	0.31362478966028634	0.33306876462712254	0.3531990347433803	0.37458367070135395	0.39788889488791956	0.42274241846137106	0.45019441871466354	0.47960165087101636	0.5098211029303421	0.5428790788323041	0.5758554724665038	0.6090699369194001	0.6425717310664035	0.6763195058193854	No glutamine supplementation with acetic acid treatment.
D11	0.009579925390657365	0.009365300169217926	0.00916741077084782	0.008987685448274985	0.008813001910617145	0.008603482355459696	0.008377282108998548	0.00815178912841957	0.008011722933300635	0.008001602417635112	0.008082444269436499	0.008227937449795018	0.00837363918612282	0.00848168331634424	0.008544949051294926	0.008518202535594087	0.00840051193548258	0.00818642737586792	0.007903833108099887	0.007674162634397451	0.007509610509788451	0.007347828531940101	0.007122963405595466	0.0068018376956934445	0.00642285899980609	0.006062005261800054	0.00578348802405519	0.005607426596376816	0.005507439907080039	0.005438832799722028	0.005336019965137808	0.005156718220053013	0.004987435172138555	0.004877626052148396	0.004789981605002964	0.0046873381463551	0.004568377916331707	0.004484973895722493	0.004443002323334258	0.004342819535107846	0.004112748748363079	0.003773553695038776	0.0034302013052093386	0.003160381170772802	0.0029912993051119706	0.00290506628956773	0.002838632670549381	0.0028135994834354422	0.002864073742361208	0.0029857061015072894	0.0031283845756768965	0.0032511081374359133	0.003327710917970111	0.0033374250320513015	0.0032822705380997955	0.003163548981919844	0.0029781389905141004	0.0027925805424076538	0.002604469711573948	0.002416362184650736	0.0022311706863705804	Media control
D12	0.008394987118153003	0.008669306870353014	0.008892110827779071	0.00906753569691298	0.00921604554138589	0.009383544997150026	0.00897292218661735	0.008295499894971367	0.007621942305865779	0.006973094379826807	0.00630052520594804	0.005711387181341028	0.005508015593510715	0.0059580865597546155	0.006983444998487429	0.008200723703909457	0.009439593966442388	0.01082883217277572	0.012445440669158606	0.0142041201840396	0.016018425616478597	0.017911433503483884	0.020020843242180238	0.022416844818853296	0.02510515088218669	0.02796391562918192	0.0308688081089705	0.03384713423593747	0.03693414208703824	0.04036066148857628	0.04424042265113509	0.048550260249049744	0.05324730079662936	0.058300575201009355	0.06377668785488233	0.06957143656028417	0.07554296716495856	0.08167358701633597	0.08809178279739695	0.09510317647168914	0.1027998673895543	0.11122188204856377	0.12039614678474243	0.13053184862827877	0.1416257726088361	0.15338592753691685	0.16562438208382585	0.17824800766008547	0.19128132843219248	0.20479262571477252	0.21889902131590652	0.23372680405699492	0.24940243473154655	0.2666665055750483	0.28576075328818884	0.3062177377298138	0.3283816604492919	0.35044273175888924	0.37261255803255844	0.3949576063751201	0.41746332369200245	High glutamine supplementation with acetic acid treatment.
E1	0.002813076301183294	0.0035739877209309133	0.00428692005290314	0.004917092855604825	0.005448310482038373	0.005952907573979018	0.005929501138925792	0.005699837183968112	0.005074941946509367	0.0042530249851857604	0.0036552999087606773	0.003457940421697304	0.003601145543597786	0.00400532096345222	0.0046883430055790565	0.005524403019422143	0.006406351095664387	0.007302787279496841	0.008228299012368821	0.009291258769626486	0.01048502475488667	0.01181869082072522	0.013191562742134786	0.014601486763903798	0.016195262255523802	0.01800895062552241	0.01997939616872121	0.022025362455919666	0.024203580333697048	0.02672657355398397	0.029531236320053222	0.03245830206460357	0.03539001739345248	0.0384621385382773	0.04188157794909291	0.04564563096619546	0.04968923532636856	0.05394204081239549	0.058575954404110855	0.06378991611464857	0.06951100132786482	0.07562598528282843	0.08200033611274393	0.08888878134268739	0.09667354365181656	0.10522707415615641	0.11435564590811263	0.12375783382262191	0.13340533699555998	0.14358046496297433	0.1546659487157053	0.1664800166889121	0.1785849910453806	0.19105136988273158	0.20400440327019717	0.21732491750995708	0.23131801403337862	0.24523213466290064	0.25918481245315783	0.2732174632079819	0.28731479059520726	High glutamine supplementation with acetic acid treatment.
E2	0.010000000000000203	0.010000000000000073	0.009999999999999936	0.00999999999999991	0.010000000000000066	0.010000000000000023	0.00999999999999999	0.009999999999999986	0.009999999999999997	0.01	0.01	0.010000000000000004	0.01	0.009999999999999998	0.010000000000000002	0.01	0.01	0.010000000000000004	0.01	0.01	0.01	0.01	0.01	0.01	0.01	0.01	0.01	0.01	0.01	0.01	0.01	0.01	0.01	0.01	0.010000000000000002	0.010000000000000002	0.01	0.01	0.010000000000000002	0.010000000000000005	0.009999999999999992	0.010000000000000007	0.01	0.009999999999999998	0.010000000000000002	0.009999999999999997	0.01	0.01	0.01	0.01	0.01	0.01	0.010000000000000009	0.009999999999999993	0.00999999999999999	0.009999999999999978	0.009999999999999995	0.0099999999999999	0.009999999999999922	0.009999999999999887	0.010000000000000061	Media control
E3	0.004800174234676336	0.007230186510575176	0.00963909242745573	0.01203813506286555	0.014445471449632083	0.016807488139110097	0.018902274762671704	0.02099601077219806	0.023164019588302023	0.025705492938803733	0.02864170828809173	0.03189190902848033	0.03564488767051479	0.03994403082029095	0.044765308215400174	0.05010030770479116	0.056122387127128914	0.06298700520923076	0.0705421315705215	0.07879890770622686	0.08766150914481959	0.09715526750245056	0.10771334954323174	0.11960340540960997	0.13296694638150328	0.14743568952997252	0.1630555086295866	0.18018176318204515	0.19918260029967697	0.22087860702380258	0.2449811200756214	0.2705589154951883	0.2973217104387007	0.3258093776751578	0.3568860635335523	0.39026559704666075	0.42579757990139533	0.46366546405886644	0.5048150453334515	0.5495198879345348	0.5973973822941082	0.6482616128910053	0.7020925731422936	0.763172741709794	0.8350490461955752	0.906577132464857	0.978261141055355	1.0509685014038799	1.1251033012746023	1.2004674976134402	1.276439889134116	1.3514713704563004	1.424030243100427	1.4948860764193475	1.5646254395202006	1.6313486074288042	1.691043803474985	1.750115956159054	1.808793631527921	1.8670288439999656	1.9248204833935478	High glutamine supplementation without acetic acid treatment.
E4	0.006428010055918206	0.007637130565482113	0.00886167340917085	0.010095478084261224	0.011335881188809108	0.012605922188573586	0.01407261063853983	0.015536251375544286	0.016946104554279605	0.018462656434211102	0.020282382647819827	0.022297983264498188	0.024411857419400898	0.02674800180682724	0.029451262691855478	0.03254403754933438	0.03593221942743666	0.03944230904630247	0.04313523471404533	0.0473577072947499	0.0522264362247275	0.0575495793575938	0.06327796983694682	0.06939194428219977	0.0760118098431046	0.08341077216290636	0.09162567748001738	0.10043491661686364	0.10958361529572204	0.11932949517658613	0.13031588471250174	0.14248347264319622	0.15570129593060206	0.1698533522566192	0.18462981818047491	0.19987891863946214	0.2156459320108321	0.2319612055249889	0.2486395561638041	0.26570099711748724	0.2835404857772079	0.3016376146916603	0.31969458736813916	0.33842224615071587	0.3589029487104734	0.3803572513360528	0.40267596820756213	0.42597620186479246	0.450195378006756	0.4755706270082605	0.5047192642681132	0.5385509696366494	0.5741998247730512	0.61068432448135	0.6484314815531668	0.6877308683959529	0.7297213547714633	0.7720909693827495	0.8147937161728462	0.8577933865627049	0.9010216714639125	No glutamine supplementation with acetic acid treatment.
E5	0.012200919674068382	0.012316928076522873	0.012476963997401223	0.012652312110002173	0.01280382214733048	0.012945582366853723	0.013848136594773625	0.014971922782608919	0.016154533238946618	0.017357705419095974	0.01854233705393308	0.019560615214955345	0.020391591324837876	0.021047840318334524	0.021502349130543715	0.021814150587647976	0.022223793452576208	0.02293165915414503	0.023892636308906704	0.024844748601113832	0.02572204949325952	0.026601760863372535	0.027606929339355275	0.02858611852307541	0.029366671929151166	0.03004568506304966	0.03081836596534852	0.03173968963874427	0.03285238411363586	0.03423732261134005	0.035854353108630006	0.03757121795332817	0.03935147465062595	0.04123293375181888	0.04323969309684286	0.045270033884247045	0.047164842534995685	0.048911709892941115	0.05065540504846277	0.05262405369613415	0.05483232434165089	0.05720523830935282	0.05975326065763916	0.06264216576826961	0.06600970114072557	0.06957745461375296	0.07311748996565207	0.07661732585454961	0.08014543457380195	0.0838702126150541	0.08773727962513032	0.0915594000875989	0.09528389792039116	0.09903299664312405	0.10294369047832742	0.10697661475184109	0.1109448134694193	0.11487438816127787	0.11879347134844441	0.12272259400303011	0.12667369092053773	Leucine supplementation with acetic acid treatment.
E6	0.023638715176127888	0.02724835274945065	0.03083682208221108	0.03439907453835288	0.03794184853675591	0.041518452844246885	0.04529916650506951	0.04927552788049793	0.05350656163113624	0.05833025382183441	0.06403970401668505	0.07052090806000841	0.07745554311496324	0.08476864459256309	0.09263128177582292	0.10102681158656208	0.11004410832846664	0.12000291322111731	0.13091073845067192	0.14289646289086472	0.1559891662513711	0.17023828058594723	0.1858171603319187	0.20279158498394778	0.2214579423387483	0.24156057779920384	0.26300998219314103	0.2860174729626577	0.3107558418593077	0.3382837971576462	0.36839683340081686	0.3999900607455181	0.43339771053327825	0.4698018513593141	0.5097481875210614	0.5522045589077508	0.59660573388668	0.6433904752295395	0.6934215908027441	0.74723528448033	0.8040818272135439	0.8634501568748634	0.9260247627029511	0.9922404454161123	1.0636375424229412	1.1379386694769345	1.2131923911585458	1.2886376383836124	1.3646053364024968	1.4414474732323392	1.5176711487005023	1.5917438841661038	1.6609591843702012	1.7245624262773405	1.7855215218897893	1.8420111436348088	1.8908889582133175	1.9416753811577874	1.9925731257006523	2.042999244550966	2.0928243114693896	Baseline condition with no supplementation or treatment.
E7	0.027753308029251512	0.026890495424331806	0.02609349727041966	0.02536609436034096	0.024699387017181114	0.02405865525685829	0.024224599428364704	0.024964019639591765	0.02626036865638437	0.02811478283797867	0.030369365040813782	0.03262997652719245	0.03465434024756795	0.036396839672552354	0.03788920340231603	0.03904313441760181	0.03986101394917073	0.040382565526693365	0.04087680887326426	0.04164727879062512	0.04271551240046697	0.043998584990704324	0.04540955694282497	0.04695189540965425	0.04873935725411345	0.05075943198939163	0.05301517854723438	0.05534665073388287	0.057621425838319924	0.059863588163956795	0.06224572576020997	0.06507917579313535	0.06835033167726953	0.071773573793023	0.07524223699756882	0.0788638103479578	0.08289074644769424	0.08723185660769352	0.09153251645994054	0.09564835519605425	0.09974402590093298	0.104021490649912	0.10826354439662388	0.11206355357424509	0.11517823758583749	0.11764653265979352	0.11968726461731856	0.12134278633662791	0.12248981162535537	0.1231839615979972	0.12379206419929085	0.12461617251144641	0.12573023325814534	0.12674567284913274	0.11688378051576961	0.10530734525192689	0.09724095595003443	0.08970285782962006	0.08210611826746458	0.07441626416792095	0.06665484177754992	Low glutamine supplementation with acetic acid treatment.
E9	0.015516187195955657	0.014642966043483618	0.013864874610863793	0.013149339145221864	0.012453118227449543	0.011749213247651656	0.011761458504876416	0.012153607457420428	0.01269066999818605	0.01326997224649833	0.01387355861749514	0.014432652738222314	0.014947689852911849	0.015547539163185173	0.016375723395816017	0.017426715339379912	0.018469136783914167	0.01934145913729534	0.020199313074775026	0.02142808285264642	0.023086567408789813	0.02493965704269685	0.0268476999229585	0.028815513031454878	0.03094855257627997	0.03320017906540607	0.035386029905356865	0.037429979056258014	0.03946397986913404	0.04193155938684794	0.045221744854756066	0.04946236273256865	0.05452887017274165	0.06002638819709276	0.06563722362050395	0.07139296990093937	0.07737663847265798	0.0833842679703734	0.08931002771170075	0.09525123237045646	0.10154384066060716	0.10856475850502449	0.11644150684447134	0.12509783481983403	0.1346804341467616	0.14594718633946516	0.15895740644623949	0.17327134637159378	0.18849643230898705	0.20409109610336643	0.21992652937912044	0.2355938094920921	0.2499681385122591	0.26207874760918437	0.2679309697218622	0.2612823506520702	0.2545607235269299	0.25117707688276397	0.24826461941640732	0.24510558767109972	0.24151489360822107	High glutamine supplementation with acetic acid treatment.
E10	0.02074227869400631	0.019997311872979564	0.019397371669205566	0.018873241873496392	0.018363889582416897	0.017893269043537066	0.01865857908629321	0.02005437078694888	0.021620174127970487	0.023221380705998208	0.02494618793413088	0.02681089161139559	0.028934117692359918	0.03146265038258723	0.03447426630014648	0.037979455737884894	0.0418892626995871	0.046168446836438615	0.05089645332750993	0.05617562597531788	0.061891383535492867	0.06794705738963538	0.0743673698394606	0.08118224613585533	0.08858613003984614	0.09660981808444255	0.1051563826945768	0.11420168491737713	0.1236719817579539	0.13372943066171655	0.1445060442345687	0.1560867527518467	0.1684309414505054	0.1812616629974953	0.19476088385200452	0.20900898618133779	0.22399437115579282	0.23958803493267497	0.2557186815321073	0.27253880318971724	0.29004006825151435	0.3081800530883171	0.32741721756682807	0.34839713056298044	0.37090226953810634	0.39452363198879653	0.41927153572945786	0.4451462791050987	0.4724061360348401	0.5014194947993964	0.5318987999691976	0.5635396429552093	0.5965880237236868	0.6310952500902425	0.6667264332409849	0.703186649156645	0.7404288157042384	0.7775786211778045	0.8148682174262144	0.8523417833519047	0.8899624275432456	Leucine supplementation without acetic acid treatment.
E11	0.026920097013416633	0.02909649387538074	0.03140912824899867	0.0338702167752038	0.03648119978879893	0.039228564625572136	0.043639201309011895	0.04899779614111476	0.055389000536550756	0.06272726357840963	0.07091511022683367	0.07980385558437823	0.08953355714198612	0.10034978998801976	0.11246384029088695	0.1261037941878254	0.1414720382888975	0.1588315535377545	0.17791834068094134	0.1983057256120236	0.21957252989660175	0.24151932392611372	0.26407865211775594	0.28739342718278293	0.31227545215871483	0.3388553606889646	0.3672429953122685	0.3977939786444238	0.43034955678106396	0.46656221541991255	0.5088200007087699	0.5554009676371374	0.6037932503305057	0.654746206780972	0.7102288933700762	0.7695579924904674	0.832268535557671	0.8986793616901891	0.9677403335951226	1.0388589674615034	1.111807748535478	1.1864622699343783	1.2625052895875686	1.3396347533245716	1.4170713192276676	1.491291913790199	1.5630422195007883	1.6349450799030338	1.7065249879832232	1.776737934719044	1.8448994900548903	1.9113853281365287	1.974042676877098	2.0326628291338618	2.0891101854047447	2.143398176998856	2.194566722293268	2.2456654639404476	2.296680284999784	2.3475747139749017	2.398219850519938	Low glutamine supplementation without acetic acid treatment.
E12	0.009999999999999998	0.010000000000000004	0.01	0.010000000000000002	0.010000000000000002	0.010000000000000004	0.010000000000000002	0.01	0.009999999999999998	0.010000000000000002	0.010000000000000002	0.01	0.01	0.009999999999999998	0.010000000000000002	0.01	0.01	0.010000000000000004	0.01	0.01	0.01	0.01	0.01	0.01	0.01	0.01	0.01	0.01	0.01	0.01	0.01	0.01	0.01	0.01	0.010000000000000002	0.010000000000000002	0.01	0.01	0.010000000000000002	0.010000000000000005	0.009999999999999992	0.010000000000000007	0.01	0.009999999999999998	0.010000000000000002	0.009999999999999997	0.01	0.01	0.01	0.01	0.01	0.01	0.010000000000000009	0.009999999999999993	0.00999999999999999	0.009999999999999978	0.009999999999999995	0.0099999999999999	0.009999999999999922	0.009999999999999887	0.010000000000000061	Media control
F1	0.009871917445376346	0.009671945498083461	0.009401592133148772	0.009067411452196878	0.008693006345148285	0.00831316465723154	0.00783282042362556	0.007576061968465569	0.007515254261600942	0.007652796281505538	0.008084838949383001	0.008931801881950205	0.010087634274411235	0.0112032585767185	0.01213413543935449	0.012857001128471362	0.013461717681506034	0.0141157595665638	0.014876316696759382	0.0157545199623992	0.016806615432453303	0.018004382774132126	0.01928759099142303	0.020610600763874748	0.022055602971735352	0.02363992668220165	0.02527134105907569	0.02691706144320076	0.028690487436236933	0.030717562249447983	0.03297309004998879	0.03523673572537864	0.037396542464989996	0.03964245995889557	0.042096553975160676	0.04467115105412101	0.04725261205355268	0.049964379706271295	0.053166454692921715	0.056957887965022984	0.061182945080694565	0.06559500806533831	0.07018327852271047	0.07523321243909491	0.0807045980887953	0.08637394672828728	0.09210689464324558	0.09799897789755599	0.10433131648144425	0.11122093792017758	0.11866681046210573	0.12660899305834747	0.1353775156901081	0.1451327141109292	0.15556187551490888	0.1665088634351628	0.1781885466286703	0.18983674896241093	0.20157461588747244	0.21343267799527982	0.22541022565131102	Low glutamine supplementation with acetic acid treatment.
F2	0.007357636018179958	0.006934613380538976	0.006647578149977098	0.006481870507923717	0.006426581149716429	0.006448183510249363	0.007575714850754564	0.009289910171923585	0.011604345720307363	0.014628541213023467	0.01821394890860265	0.022038136092821493	0.026076832303601673	0.030486118484082638	0.03536533873406885	0.0406944748423068	0.046467632815342566	0.05291837356495083	0.06013450372553596	0.06809425150573449	0.07676029423433278	0.08608339031107502	0.09627930871495391	0.10754416131589649	0.12012091921031359	0.13405130417242012	0.1493472615011046	0.166120046902412	0.18453799858206552	0.20496903168226818	0.2273183226708865	0.25126701196664175	0.2767403217016684	0.304146578252478	0.3336289045051383	0.36501205001442216	0.39845625409226687	0.4344558627459746	0.47413637660178676	0.51777209402474	0.5640755164722552	0.6129736978311464	0.6649618496805485	0.7206237984095699	0.7810063718013968	0.845321089865784	0.9122152455874096	0.9814770811830168	1.0526375821816054	1.1248240036093118	1.1968097759346275	1.268303109542846	1.3390741758914175	1.4079249773452034	1.473718012879034	1.535721945758557	1.5947214428748986	1.653855395126024	1.7128880918477813	1.7715897963784963	1.8298513789608541	High glutamine supplementation without acetic acid treatment.
F3	0.011147590187019506	0.012586609891293933	0.014008939602138495	0.015428526099016206	0.01684697268144687	0.018222402428019823	0.019376218764096557	0.020413115314944566	0.021387536752193504	0.022325661712279028	0.02320720371158994	0.023986032609669354	0.024730577194716233	0.025493314646752148	0.026263223056962277	0.027008694015128048	0.027741008924186968	0.02851434115095403	0.02939908508809195	0.030383321060736143	0.031462171466132685	0.032671559036648964	0.034091393190453075	0.03563761683157344	0.037186808444205806	0.03877058157479554	0.040477926871529055	0.042276779759789426	0.044073817061405986	0.0458103054077736	0.04761100627435808	0.049678826607984325	0.05206521417210682	0.05468242848181274	0.05744278324715314	0.060323374711416765	0.06336537918549014	0.06656409634238077	0.06986346135651973	0.07329338053807401	0.07686260905588542	0.08051151429158257	0.08418039203236284	0.0879500730603438	0.09198436210696036	0.09625262465167624	0.10057599938962355	0.10487771335761875	0.10922285536198051	0.11392108647143176	0.11917976273582964	0.1249897788394661	0.13114454482639398	0.1374789383779987	0.1439940363178584	0.15076781074793982	0.15808322890413334	0.16539285381947819	0.17271669837713996	0.18004692374168013	0.1873669162045532	Leucine supplementation with acetic acid treatment.
F4	0.009010034557532078	0.007978571006470285	0.006958806549142079	0.005960068505526443	0.004979943405684702	0.0039346024326548665	0.002501859261995229	0.0012953092069994405	0.0017233659165627954	0.0021767633978318967	0.002457147463973754	0.00261060303661175	0.002716299332626733	0.0027787706419782027	0.0027517128457796858	0.0026235078421911803	0.0024318941026983606	0.0022397773648219076	0.0021203410808151107	0.002076101563389399	0.002076085062781199	0.0020988778140702685	0.002178558978357013	0.002324550710841023	0.0025121299670063163	0.0026589321861407397	0.002716664556520189	0.002728268138538468	0.002742051057072919	0.0027727773217745364	0.002856787714968471	0.002989331591841445	0.0031804867321117264	0.003434536851796368	0.0037092131831847446	0.003926473043487022	0.004083337243761975	0.004228229898613047	0.004383336417195965	0.0045032645079408195	0.004532675006125409	0.004432233473943342	0.004229604281206875	0.004022022783630138	0.0038721568256862245	0.003755443913971385	0.0036366031293351368	0.0035637845895527946	0.00357642222403472	0.003697897725938711	0.003875725224805691	0.004064016240175363	0.0042548669058757125	0.004456884013261447	0.004666582684523957	0.004828520576592188	0.00482946253062933	0.0048296093424439685	0.004822488790808429	0.004795679339821567	0.004739086953807466	Media control
F5	0.019417906548718274	0.019887518318987996	0.020390501469503663	0.020951269791100558	0.021580096580192602	0.022165074352361133	0.023452344321838608	0.02562498408223399	0.028716325064669236	0.032891122110909304	0.03816078127287864	0.04440553505066495	0.05153376475322959	0.05939723855072762	0.06808040880357666	0.07751938983135154	0.08760724164794093	0.09858039838972651	0.11065494258839573	0.12397528138746373	0.13863920069357197	0.1546422019600804	0.17232566323024792	0.19208458651294494	0.21438433585535815	0.2390103346019755	0.26533001514651783	0.29326447164847963	0.32320257556855114	0.35555623152973936	0.39021771302992786	0.4279874860993027	0.4694963475163429	0.5141424416973929	0.5615236910858734	0.6118523219412746	0.6658715083415926	0.7239070497861674	0.78570236239019	0.851973306132463	0.9211001471245482	0.9922408180037208	1.0661140952067731	1.142452225032714	1.2203444509410608	1.2972291656110702	1.369453058113879	1.4382535068502635	1.5041848133434552	1.5692969117234579	1.634326188354807	1.6976271433769055	1.7587367803933134	1.8210265216867196	1.884971018101323	1.9476415976693082	2.006498334133423	2.0647844458119993	2.1228534135532224	2.1808057634704197	2.2386344790146193	Low glutamine supplementation without acetic acid treatment.
F7	0.021323889679247164	0.024160543985155387	0.027028980957717524	0.02991721089997839	0.03283024420338011	0.03581117372178038	0.03952077991238366	0.04363708066429689	0.048048716477127926	0.052769135347112694	0.057924162506903736	0.0636636928701568	0.07014016764787273	0.07726601313950017	0.08500289153804934	0.09343585103097786	0.10262237956794626	0.11269490365539572	0.12421667371657413	0.13750759154734538	0.1521866177467654	0.16792679010888456	0.18488452830119328	0.20319379365734852	0.22307903206735116	0.244856013993173	0.26859328267691884	0.29355132682555724	0.3191754115657893	0.346351398404351	0.37679375350001354	0.410030305674398	0.44553676465524883	0.48384419696685366	0.5241137865177204	0.5663158919054939	0.6118438263337331	0.6620458591239281	0.7154929954904459	0.7708852675415697	0.8284690073038936	0.8885480637173097	0.9503178620136316	1.0134655169175453	1.0779639037906594	1.1428214791826852	1.2062449801962578	1.2700843468619225	1.3342020083155774	1.3977636069878074	1.4605153776485498	1.5222643395132827	1.5814961619754708	1.6397255594722797	1.6973923907414505	1.754461904020644	1.8106121752096933	1.8668256139999468	1.9229725719278206	1.9790438327618878	2.0350554435729107	Baseline condition with no supplementation or treatment.
F8	0.04227280077061561	0.04231988714892462	0.0423599360203832	0.04237223792242266	0.042349180060933814	0.042336805014839704	0.04242646523153929	0.04263031348955379	0.04291780773914682	0.04334136188631295	0.04394682008770406	0.04467874821020182	0.045521527891323965	0.04645442977879187	0.047389086093773014	0.048181334694378575	0.0487908176764323	0.04948464218107492	0.05059748619721174	0.05213372471521245	0.05394184972713502	0.05588903242104068	0.0579668939185254	0.06016062946568784	0.06246071315853187	0.0649636420750391	0.06757416767715055	0.07014620205017094	0.07276033815733084	0.07572012751427461	0.07929737688018672	0.08334714556949384	0.08756947907767543	0.09192491386735448	0.09653317727052006	0.10146583710463668	0.10661652188534192	0.11199985269203351	0.11773189435163207	0.12395049591674889	0.1307796406277822	0.13801993666907206	0.14573607074945816	0.15435742357177876	0.1637642039904066	0.1735694339613632	0.18369948815591425	0.19425704229412386	0.20556935787059025	0.21788859716494038	0.23135001476679912	0.24565851086562737	0.26056934984210545	0.27617979222906847	0.29293201529974305	0.3104308800348467	0.3283922395571964	0.34618892193788975	0.36400835300240264	0.3819337511066334	0.3999918106960348	Low glutamine supplementation with acetic acid treatment.
F9	0.00907890186961104	0.008210812843630929	0.0073896629245152196	0.006618797245319647	0.00588567202524814	0.005157433489527718	0.004733547370051891	0.004577982675086163	0.004492177777855462	0.004401590814963404	0.004353938251963991	0.004269593685068965	0.004119233388240849	0.00393423538312149	0.0037647355524436867	0.0036607074807362204	0.0036213763012642184	0.003665448113298284	0.0037487945281663004	0.003784311891716697	0.0037682601238387113	0.003755261202796461	0.0037774649299776803	0.0038284861339343695	0.003952630446817117	0.004180526293091213	0.0044576295264341995	0.004736896811895165	0.004956243141299111	0.005058180418149161	0.005049128672007096	0.004917004502450414	0.004587336078457901	0.004066914812714845	0.0035137853665357685	0.0030562692627511376	0.002731571005013066	0.0025123012928162476	0.002367651216053272	0.0023134245376707466	0.0023933633341661265	0.0025933167519026044	0.002797815128673055	0.0028826802420133875	0.0028191410898470073	0.002669335853203552	0.0025337181681481407	0.002403298169925001	0.0022339877616897883	0.0020671245904302295	0.001981936547845726	0.0020589628000571387	0.002299641861656268	0.002602111337770099	0.0028635473179546584	0.0030579050215782918	0.0031217936750049624	0.0031909168530320515	0.0032457470381651583	0.0032718979569668835	0.003263579782266485	Media control
F11	0.02873019149062804	0.029783298424317196	0.030877979856266335	0.03204993672622867	0.03329465916988631	0.03446951254419456	0.03617393627039775	0.03855980370270672	0.04165341772342195	0.045374422278240255	0.04972889329004041	0.05465782557776338	0.06014637760682515	0.06632193110355486	0.07330555574446468	0.08112543119327734	0.08962755112570159	0.0987300924075148	0.10849677782438627	0.11893447838982422	0.1299513442000316	0.14127445830411592	0.1530993270895257	0.16575974183928585	0.1796938450814088	0.19522947896781062	0.21220591240833567	0.2307445506501009	0.25089363825935634	0.2728830954077157	0.29712607883147524	0.3236097821489363	0.35292083717986766	0.3847526277274633	0.41824520851832203	0.45359984590435165	0.4915811639887719	0.5330546233933793	0.5781254505432499	0.6259638346225371	0.6758743467035023	0.7273720546647148	0.7812636352864376	0.8384305500750336	0.8986939053342767	0.9610505154202099	1.0246809939830592	1.0894545267112228	1.1555067363137452	1.2228969445955507	1.2907983858495649	1.3583266410640955	1.4255070393004723	1.4924607114874606	1.558682438527151	1.6240071313528592	1.6885807466689235	1.7533620218892416	1.8181314160759618	1.8827642218503078	1.9472443399722628	Baseline condition with no supplementation or treatment.
F12	0.019813824460567345	0.023637707981764077	0.02718331602550316	0.030481575867592415	0.03362541938935913	0.03678650788844258	0.037929298164937106	0.03802831811864483	0.037339964253474	0.036615286264771035	0.036199633222420056	0.03635164628940268	0.0371421536064887	0.038450178148109	0.040126551113387136	0.042020142800829316	0.04411677943962596	0.04668821833006905	0.04974750583995628	0.053154441355820294	0.056864964709129606	0.06091647410500711	0.06538702480809662	0.07029597778470198	0.07584572773445568	0.08195581940499354	0.08843441863748562	0.09537330279344948	0.10280373387319161	0.1110389211417971	0.12007987908282305	0.129455577748563	0.138936646554814	0.1486594445918789	0.15908032227390861	0.17029821699827066	0.18205221537091815	0.19431812684072397	0.2073280734074874	0.22156583058847573	0.23700501103372473	0.253239182108435	0.2700737224669	0.2879763856538154	0.3074529339850805	0.32770818103225774	0.34839514002560745	0.3698027569842733	0.3921121656526993	0.41603827928009296	0.4433759110322854	0.472971540508753	0.5025242541217417	0.5320867820260324	0.5626060571867555	0.5929894040426459	0.6202863726438778	0.6469720010185012	0.6731638992805988	0.6988605439862157	0.7240904666493381	Leucine supplementation without acetic acid treatment.
G1	0.03165124396580507	0.029561230102243655	0.02744986263293075	0.025317436129683863	0.023164558337829953	0.02098793615453896	0.018757259308028126	0.016472132628000496	0.01413995112733389	0.01169368415066774	0.009241278320783027	0.007167378010397317	0.005506795533349987	0.004188371804053	0.003167762028348557	0.002489390435337327	0.0021569016917370606	0.0021112176617343677	0.0024537974429311563	0.0031984392010539027	0.004215595821509712	0.005288331330574106	0.006300739613439485	0.007081174682028211	0.0071462020345611586	0.006660454269180406	0.005859108493165768	0.004723816969331046	0.0035300681295057173	0.0026869854196442415	0.002693976340392344	0.00363533521873457	0.004878894725165221	0.006169054273925608	0.007448742314742416	0.008641850546915453	0.009535113316169639	0.00993227254189152	0.009999999999999998	0.009999999999999998	0.010000000000000002	0.010000000000000002	0.009999975974153488	0.00999986713835176	0.009999723545086938	0.009999649968580175	0.009999642988639876	0.00999964988638969	0.009999642988639881	0.009999649968580177	0.009999723545086938	0.00999986713835176	0.009999975973888712	0.01	0.01	0.010000000000000002	0.01	0.009999999999999997	0.010000000000000004	0.010000000000000016	0.010000000000000026	Media control
G3	0.005313522713187806	0.006975843041882903	0.008583969614201875	0.01017396573615389	0.011793307099694521	0.013480997951890769	0.014844048303476487	0.015882815506073362	0.016898552927881963	0.018182970872163584	0.019734533272423745	0.021234739270084173	0.022550038426068394	0.02381226921360049	0.025154343854120194	0.026585455286268034	0.028041125131319605	0.02949224150159478	0.030900750556467693	0.03234522861606931	0.03389104656560342	0.03564880466200942	0.037755861673420994	0.04017518075867474	0.042864870519741256	0.04576212152834601	0.04889722283172687	0.05228182456209258	0.05585740140369399	0.05970638127477411	0.06379156792268452	0.06799875252253387	0.07234128891021425	0.07703561250057274	0.082174510187647	0.08773680833270817	0.09367774630824191	0.10007724664944494	0.10715298573718736	0.11505177738116022	0.12362493027402159	0.13272385227150932	0.14217690766998417	0.15227956387832745	0.1636233672850193	0.1754948226497867	0.18748599958922377	0.19969572711845687	0.21248420744126198	0.2261367345108067	0.24094785163398028	0.25700389332333906	0.27326174843967405	0.2896022830208598	0.3067456897472301	0.324636576406283	0.3430841971302357	0.36152453845309407	0.3799838023645441	0.39852766983793875	0.4172011143973197	Low glutamine supplementation with acetic acid treatment.
G4	0.010194286357568716	0.009536661081113978	0.008886359397169993	0.008243051584240556	0.007602070409637544	0.006948510036626834	0.006640372722097424	0.007013326208319121	0.00769508166273404	0.0082742562121358	0.008805911143461576	0.009570566310496827	0.01070463087021483	0.011952179689132855	0.012977962717445583	0.013685702898451658	0.014223603047054568	0.014730161542094927	0.015158336772034337	0.01539395117585868	0.015458727183158627	0.015516398298448267	0.015783598733907656	0.016306815002470703	0.016968961612477813	0.017627567400087207	0.018247409481506858	0.018787033056444802	0.01927574572983675	0.019989074407315243	0.02113588669695952	0.022551564186132435	0.023990799282051365	0.025447308012410325	0.02708449349589235	0.028931297744323965	0.030788699566010984	0.03249235071548704	0.03418658881897663	0.03603789818542193	0.038014394355330765	0.040011071868520195	0.04190613662159499	0.043711629641611995	0.04557755484681444	0.04770018978284836	0.050276860295499506	0.05314059515451947	0.05593708504302834	0.05869590795987102	0.061632344343864616	0.06483860824284075	0.06818751289068754	0.07151741179979479	0.07499258736617702	0.07874054572897231	0.08276385853947818	0.08679458107871507	0.09085053907873072	0.09490121859641448	0.09891422487098298	Leucine supplementation with acetic acid treatment.
G5	0.019538589344001454	0.021520001497314277	0.02351264311511075	0.025515641948843707	0.027514375777014356	0.02942431229602105	0.03140184419381153	0.0337564343591042	0.03643228910068522	0.03949727432893147	0.043074950175157764	0.04712438087118087	0.05186138333293402	0.057362312017717194	0.06354964192696357	0.07033792603016456	0.07769605347242967	0.08584165643278248	0.09516926338037923	0.1058470983064936	0.11788137888865487	0.1311719984918078	0.14608743495711438	0.16292472702845254	0.18168911197906412	0.20270686827698348	0.22582733751250966	0.2505465568474045	0.27661180647617645	0.30402451978932943	0.33368278651550304	0.36614007929733255	0.400835130821469	0.43798605016856723	0.4779133637467765	0.5210404317925703	0.5680740778293681	0.6198873346709803	0.6762400638415984	0.7363153108135171	0.7998748627946484	0.867018349503946	0.936495697916087	1.0077378043328975	1.0812874424859007	1.1569126571001047	1.2333434498887843	1.3090660566646424	1.3835910513187326	1.456823818919993	1.5287028365695368	1.597649353876535	1.6604979705595868	1.7192618803521287	1.778903740968319	1.8382112210795207	1.8977790342521739	1.957192181662076	2.0166898369298525	2.0764083065309293	2.1363545793998875	High glutamine supplementation without acetic acid treatment.
G6	0.011893248532455365	0.014108294456358793	0.016325202447039784	0.01857729705819683	0.020900518145742727	0.02329586087398012	0.026271686467147837	0.029729630221935085	0.03386815662777132	0.03881245188261335	0.04453054996792364	0.05100067093391844	0.0582981608925433	0.06644563274963483	0.07555715101583811	0.08566771980732978	0.09668939136992234	0.10882350749949227	0.12311195881971183	0.13984912703412636	0.15841948356434932	0.1784378153533425	0.19975520574897004	0.22213348577414146	0.24604820891725804	0.27209101801583185	0.30010375252847676	0.3298971235569435	0.36086490231683177	0.39301723300182	0.42825564072460015	0.4690399285333536	0.514861593452862	0.5643984056428358	0.6159343102585502	0.6700560177528004	0.7277186820676078	0.7899996480863035	0.8563351723118012	0.9254716860578265	0.996284132975597	1.067599994771986	1.1408641988629933	1.217047414232986	1.2939942673365765	1.370559231830769	1.4457413270275434	1.5197879770235188	1.5938629939732825	1.668102912683544	1.7420528015927785	1.815327040720636	1.885481971589136	1.953576302421265	2.0144741779445448	2.0706304489662344	2.127687954510539	2.186402590449579	2.2449726613301273	2.3030837740075825	2.360704788748621	Low glutamine supplementation without acetic acid treatment.
G7	0.02033946540212574	0.020699938170471176	0.02104016068107566	0.021342955870018592	0.021603518085730758	0.021864622911815988	0.022064493860894444	0.02231522790386781	0.022580078551958278	0.022938021816367213	0.023523402361162692	0.024304732119467674	0.0252135996842862	0.026209514346536414	0.02732467562260218	0.028525384034753555	0.029709901666653157	0.030859918984613963	0.03211176144562536	0.03360345441199269	0.03534691178298905	0.037231363747548166	0.03914633461925722	0.04112919016206957	0.043414355632283394	0.04614441144476281	0.04923687567954797	0.05256455140308017	0.05603239429348593	0.059695026555616995	0.06360658590722389	0.06778298857788854	0.07220657873928488	0.07673233042082489	0.08130409897971062	0.08615566193289412	0.09161264280691686	0.09786213756647423	0.10478636081824662	0.11213378347626056	0.12000567851018251	0.128570155717155	0.13770406873681604	0.14740620898585471	0.1578707934298901	0.16917238975851873	0.18124459277210114	0.19372819447444878	0.20652194902288235	0.22019599909155846	0.2355461235504368	0.2521260061808748	0.26920086166441953	0.28680168140242374	0.3054733835384156	0.3248328368974046	0.34604319223976193	0.36742515124835234	0.38899578328178896	0.4107562281969643	0.4326842922946853	High glutamine supplementation with acetic acid treatment.
G8	0.017211626254401882	0.017990057300505943	0.018671965694200415	0.019272356793993525	0.019814994756167017	0.020337872608544926	0.020469104938969387	0.02044774660198989	0.020275883045892604	0.02015241589701502	0.02031559970845409	0.020694020646349395	0.021066895997088025	0.021358349029961175	0.02178680476777938	0.0224336129081784	0.02314034848363396	0.023787808126081358	0.02446104370607545	0.025354759721470076	0.026437754123989785	0.027589519648773153	0.02876357172104486	0.02999144552481731	0.031384316855172234	0.03302467512228606	0.03498886356906722	0.037189802748603965	0.03947641283709426	0.041844513426862295	0.044314469088687386	0.04694628116518159	0.049703678000745995	0.052452106198894836	0.05504519881821438	0.05749758830879478	0.06003193732925195	0.06272354955210845	0.0654328546112314	0.06802408094515937	0.0705502579635933	0.07300278946634944	0.07535727203640397	0.07752606881782258	0.07930637457207049	0.08072623156448588	0.08198506707864657	0.08312143700172615	0.08406475225417337	0.08479339994809193	0.08538601857654507	0.08587960668514162	0.08627843801902424	0.08672145469905089	0.08727890317368737	0.08796613246278279	0.08905966769548723	0.09016021281939053	0.09131490893623896	0.09252755720095171	0.09379036537968169	Leucine supplementation with acetic acid treatment.
G9	0.008286385765904214	0.009135475034465443	0.009890941856819225	0.010572545156095233	0.011234585906691883	0.011975513690384885	0.012337722914090575	0.012415723805564976	0.01240794679775897	0.012641944001107006	0.013224528414483638	0.013911864628691775	0.014467269466774643	0.01478371090342516	0.014948360290763511	0.015056468612128438	0.015061793116251743	0.014918630782368733	0.014658751065875315	0.014441686134963586	0.014534835078466028	0.014993332854669394	0.01566776957446841	0.01621938112475998	0.016509824765081556	0.016657965873948875	0.016725643771676926	0.016925180276485072	0.01737146113643009	0.01799775959562527	0.01871312059041683	0.019453806309745754	0.02043030803188302	0.021739163211204064	0.02298223963657292	0.023989522109403468	0.024798869499242527	0.02564510349928813	0.026777155084806832	0.028203845458870957	0.02971972039077491	0.03102480345147078	0.032093598263702276	0.03326742181958934	0.034992430180290635	0.036857503819066856	0.03847484430775254	0.04002610563918071	0.041844975034490875	0.04410711801371272	0.046543845718030136	0.0486193994262195	0.050447987465060184	0.05230534768331338	0.05427716170743228	0.056294884243942446	0.05821524960334312	0.060114290188136736	0.06202156374186496	0.06395308297643816	0.0659155564518126	Leucine supplementation with acetic acid treatment.
G10	0.009999999999999998	0.010000000000000004	0.01	0.010000000000000002	0.010000000000000002	0.010000000000000004	0.010000000000000002	0.01	0.009999999999999998	0.010000000000000002	0.010000000000000002	0.01	0.01	0.009999999999999998	0.010000000000000002	0.01	0.01	0.010000000000000004	0.01	0.01	0.01	0.01	0.01	0.01	0.01	0.01	0.01	0.01	0.01	0.01	0.01	0.01	0.01	0.01	0.010000000000000002	0.010000000000000002	0.01	0.01	0.010000000000000002	0.010000000000000005	0.009999999999999992	0.010000000000000007	0.01	0.009999999999999998	0.010000000000000002	0.009999999999999997	0.01	0.01	0.01	0.01	0.01	0.01	0.010000000000000009	0.009999999999999993	0.00999999999999999	0.009999999999999978	0.009999999999999995	0.0099999999999999	0.009999999999999922	0.009999999999999887	0.010000000000000061	Media control
G11	0.022300059119656452	0.022668059904164737	0.02304417377001768	0.02341762397117985	0.023778733774928784	0.024123179524458433	0.024635313971119257	0.02527642623963767	0.02594649477572084	0.02678436533446981	0.027975472119486786	0.029619789005338255	0.031821291743673215	0.03459242522575076	0.038027582841188984	0.042019269484912476	0.04645770177151018	0.05155805757103066	0.05730135180206963	0.06342177144777988	0.06955789414181504	0.07558610270371616	0.08175995415823813	0.0883196761219292	0.09544026105858083	0.10301489309793846	0.11086487472728616	0.11898669383176194	0.12741592024810788	0.1361687039368109	0.14499978406521233	0.15377487671686255	0.16295377389206364	0.17337266091766357	0.1850364673720986	0.19774069444197886	0.2116314716020222	0.22686575731990524	0.24340511557837705	0.26156633534312523	0.2813732757371445	0.302547634850152	0.32498978470593903	0.34901078201067615	0.3748354765514325	0.40228048908601227	0.4312415806679773	0.46196653958006306	0.49458046881471995	0.528716728400224	0.5643281889880475	0.6017829301666856	0.6409471142935494	0.6815016358465206	0.7239998738902708	0.7685106820239582	0.8138941487537055	0.8592294056392494	0.9046421563197415	0.9501414724115274	0.9956819164498611	Leucine supplementation without acetic acid treatment.
G12	0.025124743933713757	0.025482328103767098	0.02590811676113918	0.02640080480435543	0.02695795804409047	0.027558709477197803	0.028875456073700324	0.03027429530176673	0.031496440584058864	0.032687060675155255	0.034142659602298335	0.03596004584044648	0.03797039474387216	0.04005497786637294	0.04231577265313324	0.04487207383852953	0.04771849359447754	0.0509768065721086	0.054734507697598966	0.058849549891314884	0.06333287655406865	0.0684371873602813	0.07449408292830086	0.0815507162856054	0.08935039991623185	0.09781975802244633	0.10690059845566008	0.1165844671906518	0.1268990033254042	0.13797509459257223	0.14966336916770576	0.16178476317958168	0.17464399035713768	0.18850832132335893	0.2033691787659486	0.2192289737731868	0.2359507615121929	0.25316855780742936	0.2705699234580909	0.2882433043937558	0.3062984393421125	0.3250718442293869	0.3446762781157323	0.36535694906173044	0.38725422157263195	0.4108569838547413	0.4365562524865851	0.4643310210919256	0.4941020571548774	0.5270862878104422	0.5629392587193223	0.6012988109220642	0.6415104542475096	0.6840368980406252	0.7286406279023494	0.7750896948339134	0.8228369830564745	0.8704288222828447	0.9180605761440894	0.9658273589037776	1.0136966358787212	No glutamine supplementation with acetic acid treatment.
H1	0.016473920597884627	0.021748422133390545	0.027063145357333236	0.03246952247689578	0.037973812016272576	0.04345112846713677	0.04920870265750574	0.05538179835918756	0.06241548513285775	0.07028898271698299	0.07862664593769045	0.08697039818317409	0.09557471804132173	0.10498447491418071	0.11543878707201156	0.12676295727837575	0.13887512687362935	0.15223798453529183	0.16723060207798646	0.18394006799498974	0.20219171423002824	0.22137938477402208	0.24164299734641156	0.2632335026213268	0.2862628605295924	0.31104186144272405	0.33743481026494165	0.36542755177155745	0.3953573286709484	0.42834363407710707	0.46452119021012184	0.5029316883213093	0.543851721121408	0.5880273986544758	0.6346113295377233	0.6839998799032546	0.7376222869140628	0.7946047453227104	0.8536569939279949	0.9159769727866621	0.9812525159926747	1.0483544847218174	1.117253680606306	1.1886473607632915	1.2628336384973247	1.3413274441989158	1.419480673350491	1.4954016313448721	1.5708104878742895	1.6486325178159267	1.7234268886217219	1.7896639035988484	1.8462318721605164	1.896424991271228	1.9433772024308509	1.9888165152371196	2.0306764481660284	2.0724731146572104	2.113906658633353	2.1549357071164	2.195543264207884	Baseline condition with no supplementation or treatment.
H2	0.00843391481549113	0.012957636492739032	0.017362237228368108	0.021688051317110834	0.02604644263395928	0.030611743243336643	0.03492593843288832	0.038832129792704645	0.04266469973195997	0.04702212207913659	0.052174082600441596	0.0577439419665156	0.06366481416916463	0.07029920263633196	0.07811694243035815	0.08729106052989352	0.0977784612232156	0.10983720139728163	0.12358661925399868	0.1390896930505766	0.1563739045988431	0.17521596294627184	0.1959988822696108	0.2185342335970473	0.24250303686854546	0.2680643858229866	0.2955619148046629	0.3251140907978549	0.35622612757256267	0.38865267911495605	0.42310795974503423	0.46098809651479794	0.5029158876087108	0.5487797955825676	0.5982171111730478	0.6510146531506706	0.7077423689814359	0.768951737906101	0.8341036112761058	0.9028074391220596	0.9743943087882421	1.0478438485357786	1.122807455647164	1.1993286226613673	1.2771379675308678	1.3544279710234797	1.4295658549893284	1.5014735865599216	1.5699722105664553	1.6362587052598296	1.7000756694389536	1.7596707597677905	1.8145022894388565	1.8663955974867026	1.9150831943198525	1.9608357967738412	2.001478957751438	2.04236289483065	2.0829783051898896	2.1231136859902673	2.162567250423626	Low glutamine supplementation without acetic acid treatment.
H4	0.006783126673156923	0.0063589532050058505	0.006081524756274221	0.005923178317238133	0.005859951398335207	0.005900717090900767	0.0075815044014294385	0.010251551249842368	0.013737180297770974	0.018036586942496564	0.023113494629080446	0.02855543914211928	0.03421172902627634	0.040137216187606586	0.04644683701866596	0.05317979551546676	0.06034640970320336	0.06812149580961468	0.07666525362161448	0.08626446845946258	0.0969143562972117	0.10830147291496353	0.12054274961896742	0.13383002025250956	0.14847826238133283	0.16433615481859642	0.18129297295721983	0.19959458926205365	0.21963549317480835	0.2422397320395421	0.2670029473701994	0.2935581562674683	0.3226993019956011	0.3553173093332452	0.39104595642794004	0.42926756360900875	0.4693581473975537	0.5113375083965952	0.5563419835823327	0.6068800051933367	0.6613298862184859	0.7170254627873192	0.7740342041117995	0.8347806328664575	0.8992558996446893	0.9655139523882559	1.0341221722894245	1.1042458860296789	1.1747594531003087	1.2462168347441906	1.318598285198959	1.3891766492819078	1.456052436505301	1.5199896414756622	1.5819391727724463	1.6414798412727363	1.696385729313879	1.7507274470175977	1.8044454834301518	1.8575845686958234	1.910175170697556	Low glutamine supplementation without acetic acid treatment.
H5	0.010000000000000002	0.01	0.010000000000000004	0.01	0.01	0.01	0.009996561351671212	0.009979674314645927	0.00980528774392874	0.009086203361223691	0.008069307700678072	0.007121400285434463	0.006262222240962405	0.005369701226371735	0.004389504274848712	0.0036319395434367494	0.003357780553934641	0.0034564868993969297	0.0038397317509913692	0.004410769941694475	0.005121354447198916	0.005981906407122542	0.00702881545196597	0.008191619921244161	0.009350839970316115	0.01046358038368695	0.011544293045164966	0.01262517462967428	0.013773160626600825	0.015074299988901339	0.016508956105181896	0.018068526567699476	0.019753460879113133	0.021614958507624026	0.023588942422838762	0.025670947468873585	0.027976327632464933	0.030480546117793755	0.03323286184941376	0.03642761238374739	0.03999948150487892	0.043798911802404444	0.04778123993959544	0.0521230336775046	0.05684132243235383	0.061718839303928685	0.06674397087267496	0.07185094563416176	0.07701200606595934	0.08263337571323766	0.08921498279667635	0.09631814411266144	0.1035802291045578	0.11105094501892915	0.11896153833878001	0.12728023717007922	0.13631651342692505	0.14547967919265042	0.15470485235231307	0.1639980454874408	0.1733694575327327	Low glutamine supplementation with acetic acid treatment.
H6	0.010000000000000009	0.010000000000000151	0.01000000000000017	0.009999999999999901	0.010000000000000099	0.01000000000000008	0.009999999999999957	0.010000000000000033	0.009999999999999993	0.01	0.010000000000000002	0.010000000000000002	0.01	0.009999999999999998	0.010000000000000002	0.01	0.01	0.010000000000000004	0.01	0.01	0.01	0.01	0.01	0.01	0.01	0.01	0.01	0.01	0.01	0.01	0.01	0.01	0.01	0.01	0.010000000000000002	0.010000000000000002	0.01	0.01	0.010000000000000002	0.010000000000000005	0.009999999999999992	0.010000000000000007	0.01	0.009999999999999998	0.010000000000000002	0.009999999999999997	0.01	0.01	0.01	0.01	0.01	0.01	0.010000000000000009	0.009999999999999993	0.00999999999999999	0.009999999999999978	0.009999999999999995	0.0099999999999999	0.009999999999999922	0.009999999999999887	0.010000000000000061	Media control
H7	0.008156968421322405	0.010087746952906337	0.011916294699309054	0.013647634779008858	0.015334156682761424	0.01712362624962438	0.018242600249243186	0.01900309097288186	0.01934047849200133	0.019522212383848898	0.01982713285781501	0.02028518294597736	0.02089186596027382	0.021582653669924488	0.02230511797370414	0.023021910932417212	0.023707862777132434	0.024402229075874395	0.02523983992406778	0.026305860785346698	0.027539388214288273	0.028934927469923648	0.030504510291195677	0.03212508484893351	0.033734159797421844	0.03529267068109932	0.03673237417842513	0.03802427334440764	0.03914035333454348	0.04007948932999536	0.041064147006930146	0.04243564641763175	0.04420250803544874	0.04612256958907231	0.04803321095720238	0.050004130822127686	0.052150303371902795	0.05440346348813607	0.0566170053202527	0.05893147390853694	0.06154436399704186	0.06444357340846836	0.06741412314826546	0.07036749972128799	0.07339429800520667	0.07673239311640281	0.08034483328020545	0.08400471799771045	0.08760827175284527	0.09135998746024437	0.095509851438649	0.10008987071633296	0.10483601886607354	0.10953218864444604	0.1142592373131931	0.11924902403667517	0.12465015546092992	0.1300296384105715	0.13541753396132428	0.1408207037949522	0.1462283867059195	Leucine supplementation with acetic acid treatment.
H8	0.022875305089401513	0.025272489757050206	0.027586241108552057	0.029831093587983328	0.03205451113707868	0.03431177982494919	0.03612883148632825	0.03772029720548952	0.039374290398185345	0.04153927269552403	0.04421848633256289	0.047188728391010175	0.050383574238131335	0.05389111273594662	0.05783845511132757	0.06216345438498612	0.06670551530663121	0.0716851822869292	0.07738369399850836	0.08389771710705385	0.09100890206592013	0.09852586762871758	0.10651988881609006	0.11514905053120154	0.12477029437845573	0.1353519780318666	0.14656803644474764	0.15835576790721195	0.17083969259683593	0.1842941164852473	0.1985912440546154	0.21355493013220656	0.22907962064305748	0.24511601340692113	0.26190504823152627	0.27959386370328093	0.29819773718544923	0.3174888401674499	0.33726124873473395	0.35776305275899206	0.3790339994735897	0.40119377125139116	0.4248850788663548	0.4508910867894513	0.4787681586974615	0.5075974764171894	0.5379755996451967	0.570943422164574	0.605782892055998	0.6423798500708862	0.6812193377903215	0.7212228301323247	0.7616836300929073	0.80303090515518	0.8455655255185811	0.8886712991948619	0.9311645710171257	0.9734423319212504	1.015733544535066	1.0580894097956666	1.1004591711361553	Leucine supplementation without acetic acid treatment.
H9	0.028767464389571742	0.03201094589844646	0.03509078350713101	0.03806901232659003	0.04103659992037985	0.044094638987464484	0.04623925382086245	0.04785996653657392	0.049408524690106564	0.05118387659956257	0.05328345953596764	0.055609165991447426	0.05809129730962406	0.060792371141872824	0.06372669284346115	0.06673009236509818	0.06967329945624902	0.07256402112924808	0.07553894341347615	0.078609837590053	0.08174185405294444	0.0848251030901102	0.08792003458336546	0.09124485312869338	0.09505697740601306	0.09941363949489465	0.10421467848387866	0.10938670583032559	0.11504669892557495	0.12146132665606743	0.12863785031197236	0.1362828058147201	0.14414969445014658	0.15558974730027844	0.1765015140199624	0.19732187381121896	0.21757819729147904	0.2389226178397869	0.26136211615526067	0.28360263331303376	0.3027413698228281	0.3206224794222835	0.3387071143032792	0.3575168757878069	0.3753626013271028	0.39335700281589375	0.41584569006863015	0.4394503524732467	0.46362935319667903	0.48852048467115533	0.5136877893753924	0.5390862115579393	0.5648892519316242	0.5910753868835368	0.6183284944675976	0.6471344388796837	0.6776657619180548	0.7083208329740038	0.7390829491582089	0.7699730093180439	0.8009765165658782	No glutamine supplementation with acetic acid treatment.
H10	0.023757960379055004	0.02800622426028977	0.032008651330947414	0.03580581008967977	0.039512402613303896	0.043328903896161605	0.045986678965091225	0.047908118574510085	0.04963045160353703	0.05190247643444531	0.05501278844687223	0.05877410844493803	0.06313965740351779	0.06826832518143364	0.07435555816062407	0.08147323081722273	0.08943759610495308	0.09838012267011201	0.10884888042333758	0.12104539222149042	0.13488541916572677	0.15004548711160892	0.16665937492230384	0.18493093970374852	0.20496691153717508	0.22670827638545035	0.24988986525567117	0.2743766020891217	0.30020558947300235	0.32763525426674306	0.35692819839242285	0.3882970304790028	0.42220006128743787	0.45899278424253237	0.4986704778200505	0.5412767371531603	0.5871351211948613	0.6370189862464538	0.6910547845221291	0.7490230843148585	0.810562803892546	0.8750347269506132	0.9425095250381519	1.0130269227355013	1.0862647924489288	1.1608724138922426	1.2347638211672942	1.3071950805525616	1.3769797046022567	1.4441723377157893	1.5095447686979737	1.572984086563314	1.6340848750929164	1.6917823688108675	1.7457213999760117	1.7980676926064987	1.8486465824322924	1.8994213547651548	1.9500319079390351	2.0004513762264966	2.0507242308839833	Low glutamine supplementation without acetic acid treatment.
H11	0.004266332879047438	0.005045906450613688	0.0057047248655949685	0.006297444342150283	0.006879243992478525	0.007438180396233999	0.007183595162108159	0.006298025851003168	0.005190150057726156	0.004305219428894803	0.004000094131842875	0.004213501576158547	0.0046254826560195705	0.005140240265572987	0.005684132270552817	0.006042336798459729	0.0061676859818555925	0.006069471279957435	0.005596595496376	0.004747233063789064	0.003834730460678178	0.0031380621305528013	0.0028398130826605694	0.0029386474474819555	0.0031502051610081466	0.0035799750472183707	0.004309998558252365	0.005192466116235614	0.006064946929263414	0.006904244100019121	0.007653367523711822	0.008103677839556667	0.008224225872244795	0.008237219618852657	0.008194095713638664	0.00826443990497197	0.008505399676854207	0.008806114664568808	0.009074799738453302	0.009416031067805255	0.009770676266297254	0.009961745712416125	0.01	0.01	0.01	0.010000000000000002	0.010000000000000002	0.01	0.01	0.01	0.01	0.01	0.01	0.01	0.01	0.01	0.010000000000000004	0.010000000000000002	0.010000000000000016	0.010000000000000007	0.010000000000000009	Media control
H12	0.01867309047363874	0.02154680679188821	0.024321580499949043	0.027004579786406975	0.02964722276082024	0.03238444579515023	0.034912175714378296	0.03734875336677171	0.03981893021440014	0.04264057168782883	0.04607825521133925	0.05016212214909492	0.05482539129076041	0.06001164725617294	0.06569940121070443	0.0717786794068998	0.07831523456612301	0.08555935160382945	0.0937072903453943	0.10298092349555228	0.11342599312066669	0.12493577464326897	0.13774194659896558	0.1520615507888063	0.16793540234830903	0.18556515987172179	0.20507457037433524	0.22642541902480712	0.24936046673556675	0.2739947836082081	0.30100651732069483	0.3303612124564711	0.3620572784602362	0.39636907491032514	0.43253556160378376	0.47058393367466744	0.5120284859066442	0.5577702120875234	0.607526010004029	0.6624647769971693	0.721073029379749	0.7822042068183727	0.8468623935124164	0.9159751891831981	0.9888822431307195	1.06423681776041	1.140587169380121	1.2173670927767553	1.2931236278049942	1.3669763834706141	1.440047925750548	1.5124620287311903	1.5816276134520273	1.6439459388143447	1.7025770439921957	1.7606361034086007	1.8148308304444214	1.8687418068923451	1.9223228700745314	1.9756675887450934	2.0288453090009018	High glutamine supplementation without acetic acid treatment.
