well	0	1200	2400	3600	4800	6000	7200	8400	9600	10800	12000	13200	14400	15600	16800	18000	19200	20400	21600	22800	24000	25200	26400	27600	28800	30000	31200	32400	33600	34800	36000	37200	38400	39600	40800	42000	43200	44400	45600	46800	48000	49200	50400	51600	52800	54000	55200	56400	57600	58800	60000	61200	62400	63600	64800	66000	67200	68400	69600	70800	72000	Summary
A1	0.06993333333333333	0.06556666666666669	0.08373333333333333	0.08023333333333332	0.07466666666666666	0.08133333333333334	0.0763	0.08476666666666668	0.07303333333333334	0.06636666666666666	0.08483333333333334	0.09063333333333332	0.09340000000000001	0.1015666666666667	0.10183333333333333	0.10596666666666668	0.1086	0.11203333333333332	0.11526666666666668	0.11979999999999999	0.11636666666666665	0.12476666666666664	0.12939999999999996	0.1274666666666667	0.13583333333333336	0.13690000000000002	0.1391666666666667	0.1410666666666667	0.14163333333333336	0.1425	0.1434	0.15236666666666662	0.15803333333333333	0.16163333333333335	0.1622333333333333	0.16956666666666667	0.17679999999999998	0.1771333333333333	0.16496666666666665	0.16480000000000003	0.18626666666666666	0.19426666666666667	0.19463333333333332	0.19973333333333335	0.20320000000000002	0.20700000000000002	0.1889666666666667	0.20956666666666665	0.22096666666666664	0.22319999999999998	0.23439999999999997	0.23816666666666667	0.24313333333333328	0.25633333333333336	0.25736666666666663	0.2410333333333333	0.2752	0.28603333333333336	0.28973333333333334	0.305	0.2980333333333333	Growth with formic acid treatment without aminoadipate supplementation.
A2	0.01	0.018566666666666676	0.0037333333333333385	0.018033333333333318	0.024099999999999983	0.01	0.019600000000000006	0.014166666666666689	0.011699999999999988	0.02246666666666669	0.01743333333333333	0.013566666666666671	0.010499999999999982	0.004333333333333356	0.010566666666666669	0.007500000000000007	9.999999999998899e-05	0.0053666666666666585	0.004766666666666669	0.0030999999999999917	0.006066666666666665	0.006199999999999983	0.007300000000000001	0.004733333333333339	0.007266666666666699	0.008566666666666667	0.00573333333333334	0.00576666666666667	0.012433333333333352	0.008566666666666667	0.0067000000000000115	0.003166666666666651	0.00686666666666666	0.012933333333333324	0.010533333333333311	0.011099999999999999	0.00686666666666666	0.00743333333333332	0.008766666666666673	0.013966666666666683	0.00883333333333336	0.001733333333333309	0.006000000000000005	0.004066666666666663	0.0017666666666666664	0.0014000000000000123	0.011666666666666659	0.00959999999999997	0.005033333333333334	0.009133333333333354	0.004133333333333322	0.0018666666666666554	0.00739999999999999	0.007766666666666672	0.0028333333333333266	0.008299999999999974	0.005333333333333301	0.003233333333333338	0.004066666666666663	0.006766666666666671	0.007199999999999984	Media control
A3	0.07886666666666665	0.06836666666666666	0.07013333333333335	0.08873333333333333	0.0701	0.06806666666666669	0.0638	0.0823666666666667	0.08450000000000005	0.0845666666666667	0.10993333333333333	0.10716666666666666	0.12219999999999995	0.13153333333333334	0.14906666666666665	0.14780000000000001	0.16610000000000003	0.18126666666666666	0.19486666666666666	0.21430000000000002	0.23006666666666667	0.25029999999999997	0.2612	0.28213333333333335	0.30546666666666666	0.32566666666666666	0.3480333333333333	0.36096666666666666	0.3823333333333333	0.4101666666666667	0.43190000000000006	0.46696666666666664	0.4925666666666666	0.5256333333333333	0.5603333333333332	0.5763	0.6241666666666668	0.6526333333333333	0.7181666666666666	0.7511666666666668	0.7711333333333333	0.8106333333333333	0.8557	0.8928666666666667	0.9389666666666666	0.9803000000000001	1.0330666666666668	1.0686	1.1176333333333333	1.1775333333333333	1.2172333333333334	1.2653666666666668	1.3209000000000002	1.3833666666666666	1.4162333333333335	1.5177	1.4994333333333334	1.5786333333333333	1.6671666666666667	1.6492666666666667	1.7055000000000002	Growth with low aminoadipate supplementation without formic acid treatment.
A4	0.04646666666666667	0.04146666666666665	0.05123333333333335	0.059133333333333316	0.06139999999999998	0.04356666666666667	0.0665	0.07366666666666669	0.07550000000000004	0.06266666666666668	0.05213333333333334	0.07556666666666667	0.06009999999999996	0.06263333333333332	0.05356666666666668	0.05499999999999999	0.0633	0.08156666666666668	0.07146666666666668	0.088	0.09886666666666663	0.10049999999999998	0.07979999999999998	0.10673333333333332	0.09396666666666664	0.10406666666666664	0.09893333333333335	0.10046666666666665	0.11073333333333332	0.10776666666666665	0.1207	0.12776666666666667	0.12786666666666666	0.12583333333333332	0.13733333333333328	0.14029999999999998	0.15836666666666666	0.16353333333333334	0.18696666666666667	0.1954666666666667	0.18763333333333335	0.19813333333333333	0.2108	0.21676666666666664	0.22966666666666666	0.23890000000000003	0.26876666666666665	0.2619	0.2785333333333333	0.2869333333333334	0.30243333333333333	0.3110666666666667	0.3274	0.3393666666666667	0.34883333333333333	0.3932	0.3751333333333334	0.38063333333333327	0.4017666666666667	0.41736666666666666	0.4303	Growth with high aminoadipate supplementation without formic acid treatment.
A5	0.08023333333333332	0.061233333333333334	0.0756	0.09236666666666665	0.06643333333333334	0.06006666666666666	0.09463333333333332	0.07300000000000001	0.08709999999999998	0.09946666666666668	0.11736666666666665	0.10980000000000001	0.12646666666666664	0.13736666666666666	0.14716666666666664	0.169	0.1796	0.20866666666666664	0.22733333333333333	0.24540000000000003	0.2596333333333334	0.2905333333333333	0.3186333333333333	0.34763333333333335	0.3722333333333333	0.40080000000000005	0.4469333333333334	0.47519999999999996	0.5167999999999999	0.5721	0.6173666666666666	0.6724	0.7345666666666667	0.7896333333333333	0.8498666666666667	0.9020333333333332	0.9763666666666666	1.0367666666666668	1.1529666666666667	1.2031333333333334	1.246	1.3392333333333335	1.4040666666666666	1.4602666666666666	1.5342333333333333	1.6036	1.6502000000000001	1.7058	1.8104333333333333	1.8260999999999998	1.8826	1.9159666666666664	1.8940666666666666	1.9991333333333334	2.0096333333333334	2.1092333333333335	2.0190333333333332	2.1408	2.2108	2.064566666666667	2.1796333333333333	Growth with proline supplementation without formic acid treatment.
A6	0.01	0.01	0.01	0.010266666666666674	0.0031333333333333213	0.01	0.004733333333333312	0.009700000000000014	0.003500000000000003	0.004066666666666663	0.011066666666666669	0.01100000000000001	0.008666666666666656	0.009566666666666668	0.009866666666666662	0.01630000000000001	0.012499999999999983	0.018166666666666637	0.019733333333333325	0.02100000000000002	0.019133333333333336	0.021933333333333305	0.024333333333333318	0.021933333333333332	0.02403333333333335	0.02250000000000002	0.028733333333333333	0.02730000000000002	0.02699999999999997	0.03040000000000001	0.02836666666666665	0.023900000000000005	0.031366666666666654	0.02783333333333332	0.032866666666666655	0.020833333333333315	0.02746666666666664	0.028766666666666663	0.03286666666666668	0.02573333333333333	0.031199999999999978	0.03033333333333335	0.03046666666666667	0.03366666666666668	0.02673333333333333	0.034	0.03259999999999999	0.03090000000000001	0.03623333333333334	0.03810000000000002	0.037599999999999995	0.030766666666666664	0.03846666666666665	0.04173333333333332	0.032833333333333325	0.043333333333333335	0.04173333333333332	0.029299999999999993	0.0406	0.04496666666666668	0.043833333333333335	Growth with high aminoadipate supplementation and formic acid treatment.
A7	0.04476666666666668	0.04566666666666669	0.005600000000000022	0.04776666666666668	0.05943333333333334	0.0368	0.06206666666666666	0.07073333333333331	0.07363333333333333	0.07596666666666668	0.09603333333333333	0.09606666666666663	0.10043333333333332	0.11376666666666668	0.13249999999999998	0.15400000000000003	0.1693333333333333	0.1892	0.21009999999999998	0.22909999999999997	0.2501	0.2737333333333334	0.29533333333333334	0.3188333333333333	0.3489333333333333	0.3785333333333334	0.4221666666666667	0.4552333333333333	0.49139999999999995	0.5446666666666667	0.5869666666666666	0.6399666666666667	0.7103	0.7583333333333334	0.8314	0.8923333333333332	0.9633999999999999	1.0326333333333333	1.1171666666666666	1.1876666666666666	1.2463000000000002	1.3522666666666667	1.4044333333333334	1.4372333333333334	1.5555	1.6096	1.6394666666666666	1.7284333333333333	1.8028	1.8305	1.8763999999999998	1.9301666666666666	1.906	2.0266333333333333	2.0173666666666668	2.0984333333333334	2.0305	2.1702333333333335	2.2023333333333333	2.0902666666666665	2.1256	Growth with proline supplementation without formic acid treatment.
A8	0.04273333333333333	0.03246666666666667	0.025533333333333352	0.035966666666666675	0.06963333333333332	0.04106666666666664	0.06503333333333333	0.06273333333333334	0.06173333333333331	0.056599999999999984	0.06989999999999999	0.08030000000000001	0.07936666666666664	0.09459999999999999	0.10546666666666665	0.1262	0.14059999999999997	0.15916666666666662	0.18659999999999996	0.20020000000000002	0.2139	0.23836666666666664	0.2618	0.2811	0.30433333333333334	0.33330000000000004	0.3674666666666667	0.3964	0.4239333333333333	0.4668333333333333	0.5047	0.5541	0.5968	0.6658000000000001	0.7157666666666667	0.7602666666666666	0.8309333333333333	0.8932333333333334	0.9363	1.0649	1.0813333333333333	1.1721	1.2330666666666665	1.2938333333333334	1.3831666666666667	1.4500000000000002	1.4718666666666667	1.5736666666666665	1.6240999999999999	1.6879666666666668	1.7317666666666667	1.7786666666666668	1.7807000000000002	1.8765	1.8749666666666667	1.9219666666666668	1.9023666666666668	2.0054666666666665	2.0569333333333333	1.9575333333333336	1.9781666666666666	Baseline growth without any supplementation or treatment.
A9	0.036233333333333326	0.025866666666666677	0.01713333333333336	0.025966666666666666	0.04383333333333331	0.022266666666666657	0.04303333333333331	0.049633333333333335	0.051733333333333326	0.0597	0.055499999999999994	0.064	0.06446666666666664	0.0806	0.09736666666666666	0.10700000000000001	0.13009999999999997	0.14496666666666663	0.15729999999999997	0.16990000000000002	0.1843	0.20376666666666668	0.2309	0.2468	0.27313333333333334	0.2977	0.3284666666666667	0.3618	0.3903333333333333	0.42423333333333335	0.46499999999999997	0.49859999999999993	0.5515	0.5932000000000001	0.6436666666666667	0.7107666666666667	0.7745333333333333	0.8181333333333334	0.9150999999999999	1.0182	1.0537333333333332	1.093	1.1630666666666667	1.2148333333333332	1.3142666666666667	1.3862	1.4346666666666668	1.5036666666666665	1.5746	1.6469666666666667	1.6990666666666665	1.7422666666666669	1.7393	1.8268	1.8652666666666666	1.9368666666666667	1.8610666666666666	2.0043666666666664	2.0304333333333333	1.9552333333333332	1.963566666666667	Growth with proline supplementation without formic acid treatment.
A10	0.01	0.0070666666666666655	0.01	0.008366666666666661	0.003133333333333349	0.001966666666666672	0.00793333333333332	0.006233333333333313	0.006933333333333319	0.009100000000000025	0.024500000000000022	0.009300000000000003	0.017066666666666674	0.002999999999999975	0.005266666666666642	0.014500000000000013	0.012999999999999984	0.005666666666666681	0.009199999999999986	0.012300000000000005	0.008200000000000013	0.005166666666666653	0.008600000000000024	0.00789999999999999	0.017133333333333334	0.011300000000000004	0.020566666666666678	0.012500000000000011	0.01153333333333334	0.01373333333333332	0.013399999999999995	0.012399999999999994	0.015699999999999992	0.016699999999999993	0.011166666666666686	0.013866666666666638	0.009733333333333372	0.014733333333333348	0.015600000000000003	0.015000000000000013	0.01773333333333335	0.012899999999999995	0.008766666666666673	0.010933333333333323	0.009466666666666651	0.009899999999999992	0.01726666666666668	0.013266666666666649	0.012399999999999994	0.012466666666666654	0.012466666666666654	0.010066666666666668	0.014499999999999985	0.011099999999999999	0.009366666666666662	0.019166666666666693	0.01156666666666667	0.005866666666666687	0.011633333333333329	0.013333333333333336	0.01146666666666668	Media control
A11	0.019566666666666663	0.033966666666666645	0.009899999999999992	0.02673333333333333	0.03113333333333332	0.02516666666666667	0.02616666666666667	0.024033333333333323	0.02483333333333332	0.026866666666666678	0.019166666666666665	0.02623333333333333	0.020533333333333348	0.026666666666666672	0.026900000000000007	0.019733333333333353	0.024300000000000016	0.022466666666666635	0.027233333333333304	0.027633333333333288	0.024366666666666648	0.02889999999999998	0.032333333333333325	0.02560000000000001	0.02693333333333331	0.035466666666666646	0.03570000000000001	0.03426666666666667	0.037066666666666664	0.0411	0.046499999999999986	0.04303333333333334	0.035933333333333345	0.04379999999999998	0.049666666666666665	0.05056666666666665	0.054866666666666675	0.05566666666666667	0.06903333333333334	0.06336666666666668	0.061766666666666664	0.06683333333333333	0.07153333333333334	0.07043333333333332	0.07746666666666666	0.0761	0.08243333333333333	0.08003333333333332	0.08763333333333331	0.0968	0.10036666666666663	0.10196666666666668	0.0986	0.11109999999999998	0.10876666666666665	0.1273	0.1270666666666667	0.13016666666666668	0.13713333333333333	0.14	0.1473	Growth with proline supplementation and formic acid treatment.
A12	0.026533333333333325	0.02969999999999999	0.013166666666666688	0.025300000000000017	0.03256666666666666	0.029733333333333334	0.024133333333333312	0.029799999999999993	0.02413333333333334	0.028299999999999964	0.024933333333333335	0.030066666666666686	0.03256666666666666	0.04050000000000001	0.0388	0.03410000000000002	0.040733333333333316	0.04136666666666666	0.04533333333333334	0.04249999999999998	0.04630000000000001	0.045399999999999996	0.04903333333333332	0.0479	0.046599999999999975	0.05346666666666666	0.05190000000000003	0.05626666666666669	0.05810000000000001	0.05793333333333334	0.06426666666666667	0.06313333333333335	0.0638	0.06819999999999998	0.07333333333333333	0.07403333333333334	0.07470000000000002	0.07726666666666668	0.08473333333333333	0.07590000000000002	0.07849999999999999	0.08736666666666665	0.09043333333333334	0.09106666666666668	0.09399999999999997	0.09639999999999996	0.09643333333333332	0.09606666666666663	0.10469999999999999	0.10816666666666663	0.10963333333333336	0.10913333333333333	0.1111	0.11763333333333334	0.11823333333333336	0.13269999999999996	0.13243333333333335	0.1339	0.13840000000000005	0.1433333333333333	0.14416666666666667	Growth with low aminoadipate supplementation and formic acid treatment.
B1	0.032833333333333325	0.02536666666666665	0.04653333333333334	0.05893333333333334	0.043366666666666664	0.03683333333333333	0.03270000000000001	0.042766666666666675	0.05303333333333335	0.043966666666666654	0.04383333333333331	0.060133333333333344	0.06489999999999999	0.08506666666666665	0.07733333333333337	0.07536666666666667	0.09000000000000002	0.08973333333333333	0.09776666666666667	0.12029999999999999	0.10436666666666664	0.12006666666666668	0.1285	0.12316666666666667	0.13273333333333334	0.14040000000000002	0.14676666666666668	0.15186666666666665	0.1581333333333333	0.1672	0.17740000000000003	0.1851666666666667	0.19203333333333336	0.1976333333333333	0.2116333333333333	0.2186666666666667	0.2317	0.2381333333333333	0.2493666666666667	0.2583	0.27836666666666665	0.28836666666666666	0.30023333333333335	0.31443333333333334	0.32320000000000004	0.34199999999999997	0.34386666666666665	0.3607666666666667	0.3798666666666667	0.3941	0.41179999999999994	0.43066666666666664	0.4466333333333334	0.4663333333333334	0.4804666666666667	0.4759333333333334	0.5108	0.5331333333333332	0.5455333333333334	0.5696	0.5795333333333333	Growth with high aminoadipate supplementation without formic acid treatment.
B2	0.018533333333333332	0.016866666666666696	0.02303333333333335	0.022433333333333333	0.008266666666666644	0.009533333333333338	0.0014000000000000123	0.008966666666666706	0.014733333333333348	0.00786666666666666	0.0039333333333333165	0.008133333333333354	0.012499999999999983	0.013866666666666666	0.011833333333333335	0.018166666666666664	0.01880000000000001	0.021133333333333337	0.020866666666666672	0.02529999999999999	0.02006666666666665	0.024866666666666648	0.02689999999999998	0.02306666666666668	0.025333333333333347	0.029700000000000004	0.02886666666666668	0.02826666666666669	0.027033333333333354	0.027099999999999985	0.027100000000000013	0.02886666666666665	0.02893333333333334	0.024533333333333324	0.02533333333333332	0.02256666666666668	0.027400000000000008	0.024533333333333324	0.03146666666666667	0.03130000000000002	0.02506666666666668	0.02586666666666665	0.026433333333333336	0.03043333333333334	0.026500000000000024	0.02890000000000001	0.03216666666666668	0.024466666666666664	0.029066666666666657	0.026199999999999973	0.028099999999999986	0.027666666666666673	0.0320333333333333	0.03233333333333335	0.030666666666666648	0.0363333333333333	0.03	0.030133333333333318	0.02893333333333334	0.03259999999999999	0.02933333333333335	Growth with high aminoadipate supplementation and formic acid treatment.
B3	0.010066666666666668	0.012366666666666692	0.010133333333333355	0.026033333333333325	0.012499999999999983	0.014866666666666667	0.011399999999999993	0.017366666666666697	0.02049999999999999	0.021666666666666695	0.016733333333333322	0.02306666666666668	0.025499999999999967	0.03043333333333334	0.03206666666666666	0.043399999999999994	0.043399999999999994	0.054766666666666686	0.05846666666666667	0.06459999999999999	0.06446666666666664	0.07559999999999997	0.08249999999999999	0.08703333333333335	0.09356666666666671	0.10786666666666667	0.1139333333333333	0.12286666666666665	0.13123333333333337	0.14026666666666668	0.1499	0.15916666666666665	0.17346666666666669	0.17763333333333334	0.1925333333333333	0.1991	0.22276666666666667	0.2279333333333333	0.2508666666666667	0.26826666666666665	0.2776333333333334	0.29413333333333336	0.3088	0.3272666666666667	0.34476666666666667	0.36140000000000005	0.3610666666666667	0.3892	0.4129333333333334	0.4235333333333333	0.4511333333333333	0.4716666666666667	0.496	0.5254666666666667	0.5497333333333333	0.5682999999999999	0.6024333333333333	0.6328333333333334	0.6729666666666667	0.7008666666666666	0.7329	Growth with formic acid treatment without aminoadipate supplementation.
B4	0.035766666666666655	0.03576666666666667	0.08093333333333336	0.07153333333333331	0.038000000000000006	0.06426666666666667	0.07050000000000001	0.06816666666666668	0.05849999999999997	0.059966666666666696	0.07023333333333334	0.08546666666666666	0.09819999999999998	0.10533333333333333	0.11456666666666668	0.1399	0.15839999999999999	0.17416666666666666	0.19116666666666668	0.209	0.22226666666666664	0.24999999999999997	0.2732	0.29333333333333333	0.3152666666666667	0.3483666666666667	0.38103333333333333	0.4128666666666666	0.4498333333333333	0.4948666666666667	0.5448000000000001	0.5872666666666666	0.6478666666666666	0.6928333333333333	0.7692333333333333	0.8079	0.8781666666666668	0.9418333333333332	1.0289666666666668	1.0947666666666667	1.1483333333333334	1.2429333333333332	1.2988	1.4038666666666666	1.4522666666666668	1.5548	1.5515666666666668	1.6126	1.6624333333333334	1.7268333333333334	1.7865333333333333	1.7877666666666667	1.9247999999999998	1.8783666666666667	1.8971333333333336	1.9331000000000003	1.8819333333333335	2.000633333333333	2.023066666666667	2.0086666666666666	2.0148	Growth with proline supplementation without formic acid treatment.
B5	0.015433333333333327	0.01	0.013800000000000007	0.01	0.01	0.01	0.01	0.01	0.001700000000000007	0.0008666666666666822	0.01	0.01	0.01	0.01	0.01	0.01	0.01	0.01	0.01	0.01	0.01	0.01	0.01	0.01	0.01	0.01	0.01	0.01	0.01	0.01	0.01	0.01	0.01	0.01	0.01	0.01	0.01	0.01	0.01	0.01	0.01	0.01	0.01	0.01	0.01	0.01	0.01	0.01	0.01	0.01	0.01	0.01	0.01	0.01	0.01	0.01	0.01	0.01	0.01	0.01	0.01	Media control
B6	0.01943333333333333	0.014233333333333348	0.0024000000000000132	0.02996666666666667	0.02733333333333332	0.024666666666666642	0.030933333333333313	0.03720000000000001	0.027600000000000013	0.029566666666666658	0.043366666666666664	0.045899999999999996	0.04696666666666666	0.05076666666666668	0.05366666666666664	0.06409999999999999	0.06359999999999999	0.07326666666666665	0.07953333333333334	0.08460000000000001	0.09113333333333332	0.09893333333333332	0.10773333333333329	0.11293333333333333	0.12213333333333334	0.12700000000000003	0.13953333333333337	0.1476	0.1536	0.16749999999999998	0.17386666666666667	0.17789999999999997	0.19626666666666667	0.20763333333333334	0.22296666666666665	0.22043333333333334	0.23936666666666664	0.2539666666666667	0.2479666666666667	0.24933333333333335	0.29379999999999995	0.3038333333333333	0.3121666666666667	0.3293666666666667	0.3388333333333333	0.36219999999999997	0.34640000000000004	0.3893	0.4161333333333333	0.4348000000000001	0.4528	0.4521666666666666	0.4864666666666667	0.5016333333333334	0.5093333333333333	0.5138333333333334	0.5695333333333333	0.5903	0.6255	0.6600666666666667	0.6805333333333333	Growth with proline supplementation and formic acid treatment.
B7	0.004566666666666663	0.014266666666666677	0.005900000000000016	0.00896666666666665	0.005733333333333368	0.01	0.005866666666666659	0.0030333333333333323	0.008333333333333331	0.007566666666666666	0.0027333333333333376	0.0052666666666666695	0.007333333333333358	0.005666666666666653	0.009599999999999997	0.005799999999999972	0.008733333333333343	0.009099999999999997	0.011199999999999988	0.008699999999999986	0.006199999999999983	0.012833333333333335	0.011133333333333328	0.008933333333333321	0.009633333333333355	0.01573333333333332	0.002366666666666656	0.005833333333333357	0.0121	0.007566666666666694	0.003766666666666668	0.010766666666666674	0.0016999999999999793	0.006733333333333341	0.0039000000000000146	0.014133333333333331	0.013800000000000007	0.004033333333333333	0.0050666666666666915	0.019966666666666688	0.0040000000000000036	0.0053666666666666585	0.010233333333333344	0.0007333333333333081	0.014899999999999997	0.00739999999999999	0.010566666666666669	0.010633333333333328	0.007200000000000012	0.007000000000000006	0.006199999999999983	0.014766666666666678	0.008300000000000002	0.0065333333333333354	0.018066666666666675	0.00463333333333335	0.0050000000000000044	0.020333333333333342	0.009533333333333338	0.007566666666666666	0.0068000000000000005	Media control
B8	0.014033333333333342	0.015366666666666667	0.03643333333333332	0.040166666666666684	0.036533333333333334	0.03766666666666668	0.04723333333333332	0.04333333333333331	0.03533333333333333	0.03870000000000001	0.04169999999999999	0.04970000000000002	0.048066666666666674	0.08289999999999997	0.07686666666666664	0.06209999999999999	0.07569999999999999	0.06776666666666667	0.08309999999999998	0.0935	0.09060000000000004	0.12256666666666668	0.1066	0.0991	0.10263333333333333	0.11779999999999999	0.1280666666666667	0.1328	0.12873333333333334	0.13503333333333337	0.14300000000000002	0.1456	0.1486	0.16240000000000002	0.1725666666666667	0.17856666666666662	0.19673333333333334	0.2071333333333333	0.19660000000000002	0.2001	0.23163333333333336	0.24539999999999998	0.2546666666666667	0.2695333333333333	0.2725666666666666	0.3012	0.27066666666666667	0.3103666666666667	0.33709999999999996	0.35006666666666664	0.3648666666666667	0.3714666666666666	0.3927999999999999	0.40980000000000005	0.4116666666666666	0.39646666666666663	0.4593666666666667	0.46006666666666673	0.48693333333333333	0.5126333333333334	0.5349666666666667	Growth with high aminoadipate supplementation without formic acid treatment.
B9	0.040833333333333346	0.050566666666666676	0.06343333333333334	0.06726666666666667	0.08663333333333334	0.08176666666666668	0.10193333333333332	0.0887333333333333	0.11223333333333332	0.1013	0.10880000000000004	0.12010000000000001	0.11756666666666665	0.14459999999999995	0.14556666666666665	0.15800000000000003	0.1802	0.18356666666666668	0.20969999999999997	0.223	0.2463	0.2624666666666666	0.27880000000000005	0.29690000000000005	0.31033333333333335	0.33009999999999995	0.36286666666666667	0.38670000000000004	0.4025333333333333	0.4379333333333333	0.47430000000000005	0.4789	0.5183	0.5619000000000001	0.5863666666666667	0.5961666666666666	0.6567333333333334	0.6982333333333334	0.7158	0.7404000000000001	0.7961333333333334	0.8449	0.8823666666666666	0.9133333333333333	0.9608666666666666	1.0399	1.0399666666666667	1.0835666666666666	1.1456	1.1869666666666667	1.2495666666666665	1.2742666666666667	1.3692	1.3934000000000002	1.4262666666666666	1.4832666666666667	1.5053666666666667	1.6057666666666668	1.6337333333333333	1.6858333333333333	1.7233666666666667	Growth with low aminoadipate supplementation without formic acid treatment.
B10	0.020166666666666652	0.016966666666666658	0.01	0.018633333333333335	0.02313333333333331	0.017466666666666658	0.016766666666666652	0.021933333333333305	0.018633333333333335	0.019666666666666666	0.01826666666666668	0.02833333333333335	0.02623333333333333	0.035966666666666675	0.03689999999999999	0.03233333333333335	0.03950000000000001	0.03556666666666669	0.0451333333333333	0.04423333333333329	0.04586666666666667	0.0527	0.05143333333333333	0.04779999999999998	0.05153333333333335	0.05876666666666666	0.0595	0.06486666666666668	0.06476666666666667	0.0698	0.0789	0.07773333333333335	0.07463333333333336	0.08349999999999999	0.09006666666666668	0.09336666666666668	0.0984666666666667	0.10036666666666666	0.10093333333333335	0.09976666666666667	0.11056666666666667	0.11863333333333331	0.12223333333333336	0.1296333333333333	0.13146666666666668	0.13340000000000005	0.13083333333333336	0.1380333333333333	0.14523333333333333	0.15230000000000002	0.15466666666666665	0.1582666666666667	0.16430000000000003	0.1722	0.17666666666666667	0.18139999999999998	0.18946666666666664	0.19706666666666664	0.20273333333333335	0.2081	0.21560000000000004	Growth with low aminoadipate supplementation and formic acid treatment.
B11	0.009666666666666657	0.019266666666666654	0.0010000000000000009	0.01833333333333334	0.024433333333333335	0.01786666666666667	0.01836666666666667	0.01993333333333333	0.01993333333333333	0.022266666666666657	0.015266666666666678	0.023933333333333334	0.02303333333333335	0.03206666666666666	0.030700000000000005	0.027133333333333343	0.03309999999999999	0.031366666666666626	0.0411333333333333	0.042433333333333295	0.04456666666666664	0.0524	0.05473333333333333	0.05510000000000001	0.0605333333333333	0.07136666666666666	0.07170000000000001	0.08006666666666667	0.08436666666666667	0.09400000000000003	0.10389999999999996	0.10523333333333332	0.10583333333333336	0.11880000000000002	0.13036666666666666	0.13766666666666666	0.15026666666666666	0.1574666666666667	0.16513333333333333	0.17076666666666668	0.18296666666666664	0.19793333333333335	0.20753333333333335	0.2242333333333333	0.24006666666666665	0.2568	0.25373333333333337	0.2737333333333333	0.29943333333333333	0.3183	0.3274666666666667	0.3365666666666667	0.34820000000000007	0.365	0.37406666666666666	0.3823	0.4177666666666666	0.4319666666666666	0.44963333333333333	0.47140000000000004	0.5111	Growth with formic acid treatment without aminoadipate supplementation.
B12	0.029033333333333328	0.05700000000000001	0.029066666666666685	0.06330000000000002	0.05766666666666667	0.05623333333333333	0.05413333333333331	0.0605	0.06033333333333332	0.07199999999999998	0.07343333333333332	0.08696666666666669	0.09496666666666667	0.11399999999999999	0.124	0.1322	0.15243333333333334	0.16676666666666665	0.18613333333333332	0.19840000000000002	0.22290000000000001	0.24309999999999998	0.2628333333333333	0.28300000000000003	0.30809999999999993	0.3365666666666667	0.3607	0.40136666666666676	0.4334	0.47373333333333334	0.5165666666666666	0.5552333333333334	0.594	0.6675	0.7215333333333334	0.7855333333333333	0.8487000000000001	0.9037666666666667	0.9270333333333334	0.9899	1.0968	1.1901666666666666	1.2573333333333332	1.3271666666666668	1.4147	1.5088	1.4479333333333333	1.5687666666666669	1.6377	1.6984666666666666	1.7344333333333333	1.8045333333333333	1.8103	1.8786333333333334	1.8728333333333331	1.9463000000000001	1.8740333333333332	2.0242	2.0241000000000002	2.023633333333333	2.0509666666666666	Baseline growth without any supplementation or treatment.
C1	0.04819999999999998	0.04783333333333331	0.055433333333333334	0.07063333333333333	0.0547333333333333	0.07393333333333332	0.06626666666666667	0.07633333333333334	0.087	0.10723333333333332	0.12443333333333334	0.12846666666666665	0.14076666666666668	0.18473333333333333	0.16529999999999997	0.18553333333333333	0.20323333333333332	0.21606666666666666	0.2415	0.26080000000000003	0.27936666666666665	0.30243333333333333	0.3238	0.3496	0.3762333333333333	0.39826666666666677	0.42650000000000005	0.4376333333333333	0.46216666666666667	0.4924666666666666	0.5320666666666667	0.5617333333333334	0.5973999999999999	0.6319666666666667	0.671	0.6990333333333334	0.7445999999999999	0.7744333333333333	0.7764333333333334	0.8143	0.8956666666666666	0.9419	0.9803999999999999	1.0304333333333333	1.0536333333333332	1.1245666666666667	1.0913333333333333	1.2075333333333333	1.2445333333333333	1.2917666666666667	1.349	1.3893666666666666	1.4836333333333334	1.4892	1.5849666666666666	1.5597666666666667	1.6188	1.6920333333333333	1.7489666666666668	1.7748000000000002	1.7735	Growth with low aminoadipate supplementation without formic acid treatment.
C2	0.025833333333333333	0.02516666666666667	0.053833333333333344	0.06583333333333333	0.06676666666666667	0.07123333333333334	0.06920000000000001	0.07296666666666668	0.07213333333333333	0.07546666666666665	0.09453333333333333	0.11403333333333335	0.1314	0.13706666666666664	0.14633333333333334	0.17176666666666665	0.18889999999999998	0.2149333333333333	0.23836666666666667	0.25770000000000004	0.27416666666666667	0.30376666666666663	0.33599999999999997	0.3584666666666667	0.3874333333333333	0.42879999999999996	0.47586666666666666	0.5097666666666667	0.5521333333333334	0.6039	0.6548	0.7105666666666667	0.7682333333333333	0.8330333333333333	0.9083333333333333	0.9675666666666666	1.0406	1.1046333333333331	1.1122666666666667	1.1807	1.3268666666666669	1.4255666666666666	1.4703333333333335	1.5584333333333333	1.5791	1.6755	1.6016666666666666	1.7944666666666667	1.8052666666666668	1.8212	1.8774	1.8927666666666667	2.0099333333333336	2.0498333333333334	2.0526666666666666	2.1194333333333333	1.967	2.0625333333333336	2.100033333333333	2.1100000000000003	2.0561333333333334	Growth with proline supplementation without formic acid treatment.
C4	0.01	0.005333333333333329	0.01	0.004200000000000009	0.007733333333333342	0.015166666666666662	0.018666666666666665	0.00996666666666668	0.00633333333333333	0.005499999999999977	0.011133333333333328	0.013600000000000001	0.020166666666666666	0.021233333333333326	0.01986666666666667	0.016733333333333322	0.02156666666666665	0.020533333333333348	0.021166666666666667	0.01150000000000001	0.022866666666666674	0.019166666666666665	0.012199999999999989	0.021066666666666678	0.012433333333333324	0.008600000000000024	0.008033333333333309	0.008900000000000019	0.008300000000000002	0.012800000000000006	0.010066666666666668	0.009899999999999992	0.010633333333333328	0.009066666666666667	0.01206666666666667	0.011066666666666641	0.012033333333333313	0.01429999999999998	0.010133333333333328	0.008966666666666678	0.01476666666666665	0.014466666666666683	0.014666666666666689	0.007333333333333331	0.013366666666666666	0.013533333333333342	0.010300000000000004	0.013933333333333353	0.013166666666666688	0.012866666666666693	0.013000000000000012	0.012366666666666665	0.010733333333333345	0.01096666666666668	0.014000000000000012	0.009399999999999992	0.014433333333333326	0.007699999999999985	0.014366666666666666	0.009966666666666651	0.013600000000000001	Media control
C5	0.003333333333333327	0.002233333333333337	0.01	0.020266666666666655	0.009333333333333332	0.004966666666666647	0.007333333333333331	0.011099999999999999	0.009300000000000003	0.010866666666666663	0.010866666666666663	0.0126	0.010566666666666641	0.011966666666666681	0.00906666666666664	0.017699999999999994	0.013899999999999996	0.021166666666666695	0.023633333333333312	0.022300000000000014	0.024333333333333318	0.02673333333333333	0.030133333333333318	0.028133333333333344	0.030733333333333335	0.03040000000000001	0.035833333333333356	0.036400000000000016	0.03749999999999998	0.0413	0.04046666666666668	0.03739999999999999	0.04836666666666667	0.046633333333333304	0.052366666666666645	0.04513333333333333	0.05036666666666667	0.05576666666666666	0.06246666666666667	0.06023333333333333	0.06509999999999999	0.06873333333333334	0.06996666666666668	0.07866666666666666	0.07583333333333334	0.08200000000000002	0.0978	0.09460000000000002	0.10283333333333336	0.1061	0.1134	0.10666666666666663	0.12176666666666666	0.12853333333333333	0.12403333333333333	0.15313333333333332	0.14583333333333334	0.13719999999999996	0.1545	0.16566666666666666	0.17253333333333334	Growth with formic acid treatment without aminoadipate supplementation.
C6	0.00843333333333332	0.01	0.01	0.020766666666666656	0.018633333333333335	0.017066666666666647	0.0222333333333333	0.03160000000000002	0.022699999999999998	0.02356666666666668	0.03716666666666665	0.0406	0.04166666666666666	0.04546666666666668	0.04486666666666664	0.055499999999999994	0.05249999999999999	0.06196666666666664	0.06693333333333334	0.06840000000000002	0.07043333333333332	0.0766333333333333	0.0806333333333333	0.08353333333333332	0.08773333333333333	0.09000000000000002	0.09703333333333333	0.09989999999999999	0.1011	0.10980000000000001	0.10906666666666665	0.10829999999999998	0.12116666666666667	0.12163333333333332	0.13036666666666663	0.12093333333333331	0.12886666666666666	0.13846666666666665	0.13986666666666667	0.13963333333333333	0.15309999999999999	0.15523333333333336	0.15836666666666666	0.16796666666666668	0.1675333333333333	0.17629999999999998	0.17989999999999998	0.1874	0.19633333333333336	0.20050000000000004	0.2086	0.20606666666666668	0.21826666666666664	0.2286333333333333	0.22143333333333332	0.24593333333333336	0.24833333333333332	0.24009999999999998	0.25839999999999996	0.2738666666666667	0.2805333333333333	Growth with low aminoadipate supplementation and formic acid treatment.
C7	0.02366666666666667	0.02406666666666668	0.02400000000000002	0.05466666666666664	0.053733333333333355	0.08560000000000001	0.06586666666666666	0.057033333333333325	0.05373333333333333	0.06826666666666667	0.06643333333333334	0.07896666666666666	0.08323333333333335	0.07556666666666664	0.0763	0.09839999999999996	0.08703333333333332	0.14049999999999999	0.11779999999999999	0.11030000000000001	0.12410000000000002	0.12733333333333333	0.1325333333333333	0.14283333333333334	0.14713333333333334	0.14923333333333336	0.16226666666666667	0.1716333333333334	0.1737	0.1843666666666667	0.19556666666666667	0.19936666666666664	0.21230000000000002	0.22653333333333334	0.2451	0.2399333333333333	0.2579	0.2743333333333333	0.28566666666666674	0.2884666666666667	0.30879999999999996	0.3220666666666667	0.33353333333333335	0.34673333333333334	0.36230000000000007	0.3762	0.38316666666666666	0.4093333333333333	0.4293	0.44609999999999994	0.46809999999999996	0.4742666666666667	0.49850000000000005	0.5238333333333334	0.5267666666666666	0.5507333333333333	0.5778	0.5826333333333333	0.6144333333333334	0.6376666666666666	0.6627	Growth with high aminoadipate supplementation without formic acid treatment.
C8	0.01	0.01	0.01	0.01	0.01	0.01	0.01	0.01	0.01	0.01	0.01	0.01	0.01	0.01	0.01	0.01	0.01	0.01	0.01	0.01	0.01	0.01	0.01	0.01	0.01	0.01	0.01	0.01	0.01	0.01	0.01	0.01	0.01	0.01	0.01	0.01	0.01	0.01	0.01	0.01	0.01	0.01	0.01	0.01	0.01	0.01	0.01	0.01	0.01	0.01	0.01	0.01	0.01	0.01	0.01	0.01	0.01	0.01	0.01	0.01	0.01	Media control
C9	0.008533333333333337	0.01	0.01	0.012966666666666682	0.01783333333333334	0.020366666666666672	0.024133333333333312	0.02913333333333329	0.018133333333333307	0.02040000000000003	0.026800000000000018	0.03660000000000002	0.03206666666666669	0.03959999999999997	0.03756666666666664	0.03940000000000002	0.04039999999999999	0.04006666666666667	0.04899999999999996	0.050600000000000006	0.04820000000000002	0.05406666666666665	0.05990000000000001	0.05449999999999999	0.05933333333333332	0.05989999999999998	0.06776666666666667	0.06960000000000002	0.06703333333333333	0.07463333333333333	0.0796	0.07769999999999999	0.0789	0.08449999999999999	0.0899666666666667	0.08536666666666667	0.09323333333333336	0.09993333333333337	0.10280000000000003	0.09660000000000002	0.10933333333333334	0.1157	0.11716666666666667	0.12003333333333335	0.12136666666666665	0.1272	0.13246666666666668	0.13296666666666665	0.1413	0.14786666666666665	0.15266666666666667	0.14906666666666665	0.15869999999999998	0.16710000000000003	0.16036666666666666	0.17626666666666668	0.17766666666666667	0.1695666666666667	0.18083333333333332	0.1869333333333333	0.1959666666666667	Growth with low aminoadipate supplementation and formic acid treatment.
C10	0.027866666666666665	0.04886666666666667	0.026900000000000007	0.04803333333333332	0.06663333333333332	0.07506666666666667	0.07146666666666668	0.05983333333333332	0.06003333333333333	0.06816666666666665	0.06096666666666667	0.06353333333333333	0.08353333333333335	0.07936666666666667	0.08480000000000001	0.07553333333333334	0.0786	0.09956666666666661	0.09133333333333332	0.0918333333333333	0.10056666666666667	0.10709999999999997	0.11233333333333334	0.10700000000000004	0.1160333333333333	0.12916666666666668	0.13150000000000003	0.1398666666666667	0.14356666666666665	0.14750000000000002	0.16119999999999998	0.17143333333333335	0.16433333333333336	0.1809	0.18536666666666665	0.19386666666666663	0.20456666666666667	0.21386666666666665	0.22243333333333334	0.2270666666666667	0.2374666666666667	0.25553333333333333	0.26803333333333335	0.2767333333333333	0.28656666666666664	0.2956	0.30623333333333336	0.3178333333333333	0.33003333333333335	0.34550000000000003	0.3546666666666666	0.3642666666666666	0.37060000000000004	0.39869999999999994	0.40536666666666665	0.4222	0.43376666666666663	0.4452666666666666	0.45963333333333334	0.47140000000000004	0.48750000000000004	Growth with high aminoadipate supplementation without formic acid treatment.
C11	0.010533333333333325	0.033699999999999994	0.02046666666666669	0.023400000000000004	0.026666666666666672	0.033333333333333326	0.022733333333333328	0.028599999999999987	0.01943333333333333	0.025599999999999984	0.023633333333333312	0.029966666666666697	0.028566666666666657	0.0406	0.03820000000000001	0.032800000000000024	0.03773333333333331	0.043266666666666675	0.04213333333333333	0.0411	0.041800000000000004	0.044300000000000006	0.044833333333333336	0.04150000000000001	0.04269999999999996	0.04816666666666666	0.047000000000000014	0.04716666666666669	0.049100000000000005	0.051233333333333325	0.055466666666666664	0.05393333333333333	0.05369999999999997	0.051299999999999985	0.05973333333333333	0.05513333333333334	0.055900000000000005	0.05926666666666666	0.06023333333333333	0.054200000000000026	0.0587	0.06576666666666667	0.06633333333333333	0.06736666666666669	0.06899999999999998	0.06739999999999999	0.06483333333333333	0.06846666666666665	0.07249999999999995	0.07596666666666665	0.07793333333333335	0.07363333333333333	0.07240000000000002	0.08273333333333335	0.07713333333333333	0.07679999999999998	0.08413333333333334	0.0847	0.08560000000000004	0.09043333333333331	0.08936666666666665	Growth with high aminoadipate supplementation and formic acid treatment.
C12	0.007933333333333334	0.022099999999999995	0.0007666666666666655	0.012899999999999995	0.022766666666666657	0.02153333333333335	0.011833333333333335	0.017100000000000004	0.01213333333333333	0.01739999999999997	0.014633333333333332	0.022166666666666696	0.02426666666666666	0.0353	0.03360000000000002	0.031700000000000034	0.039633333333333326	0.045366666666666666	0.050333333333333286	0.05310000000000001	0.06040000000000001	0.06709999999999997	0.07243333333333332	0.0759	0.0812	0.09536666666666668	0.10339999999999996	0.11546666666666669	0.12550000000000003	0.13873333333333335	0.15586666666666668	0.16943333333333335	0.17970000000000003	0.19659999999999997	0.2182333333333333	0.23013333333333336	0.2533	0.27436666666666665	0.28713333333333335	0.30610000000000004	0.3286	0.3506666666666667	0.3674333333333334	0.38626666666666665	0.405	0.42950000000000005	0.44023333333333337	0.47916666666666663	0.5055000000000001	0.5380666666666667	0.5634333333333333	0.5991333333333333	0.638	0.6874333333333333	0.7168333333333333	0.7541	0.8045333333333333	0.845	0.9023999999999999	0.9540333333333334	0.9888666666666666	Growth with proline supplementation and formic acid treatment.
D1	0.03923333333333334	0.02366666666666667	0.03793333333333335	0.032200000000000006	0.04143333333333332	0.04326666666666665	0.033	0.03286666666666668	0.034366666666666684	0.03403333333333333	0.044266666666666704	0.05263333333333331	0.05886666666666668	0.06723333333333334	0.06799999999999998	0.06913333333333332	0.08113333333333334	0.08266666666666667	0.08836666666666665	0.09346666666666664	0.10210000000000002	0.10836666666666664	0.11650000000000002	0.12456666666666666	0.13106666666666666	0.13923333333333335	0.14766666666666664	0.15393333333333334	0.16213333333333332	0.1734	0.184	0.19293333333333332	0.20500000000000002	0.21839999999999998	0.23303333333333331	0.24330000000000002	0.2599666666666667	0.2726333333333333	0.2807333333333334	0.2963	0.3123	0.3227	0.3413333333333334	0.3582333333333333	0.3713333333333333	0.38836666666666664	0.39446666666666674	0.4167333333333333	0.43233333333333335	0.4492333333333334	0.4663666666666667	0.48950000000000005	0.5082666666666666	0.5286333333333333	0.5592666666666666	0.5742	0.5966	0.6322	0.6552333333333333	0.6877333333333333	0.7196	Growth with proline supplementation and formic acid treatment.
D2	0.01833333333333334	0.014333333333333337	0.02313333333333334	0.026599999999999985	0.023566666666666652	0.01906666666666665	0.015699999999999992	0.02100000000000002	0.02300000000000002	0.021066666666666678	0.023066666666666652	0.02726666666666666	0.028299999999999992	0.0295	0.030633333333333346	0.03366666666666668	0.035466666666666646	0.03833333333333333	0.038766666666666644	0.043999999999999984	0.042233333333333345	0.04523333333333332	0.04949999999999996	0.0469333333333333	0.051100000000000007	0.05403333333333332	0.056366666666666676	0.056866666666666676	0.05693333333333331	0.05793333333333331	0.0605	0.06046666666666667	0.06276666666666667	0.06516666666666665	0.0648	0.06493333333333334	0.06913333333333335	0.06769999999999998	0.06433333333333333	0.06480000000000002	0.07120000000000001	0.07293333333333335	0.07476666666666668	0.07919999999999999	0.07773333333333335	0.07983333333333334	0.07716666666666669	0.08456666666666665	0.08756666666666668	0.08873333333333333	0.08883333333333332	0.09303333333333333	0.09853333333333333	0.09963333333333338	0.10116666666666668	0.09820000000000001	0.10509999999999997	0.10889999999999997	0.10929999999999998	0.11669999999999997	0.1155333333333333	Growth with low aminoadipate supplementation and formic acid treatment.
D3	0.012433333333333338	0.01	0.01	0.01	0.01	0.01	0.01	0.01	0.01	0.01	0.01	0.01	0.01	0.01	0.01	0.01	0.01	0.01	0.01	0.01	0.01	0.01	0.01	0.01	0.01	0.01	0.01	0.01	0.01	0.01	0.01	0.01	0.01	0.01	0.01	0.01	0.01	0.01	0.01	0.01	0.01	0.01	0.01	0.01	0.01	0.01	0.01	0.01	0.01	0.01	0.01	0.01	0.01	0.01	0.01	0.01	0.01	0.01	0.01	0.01	0.01	Media control
D4	0.04106666666666667	0.027166666666666645	0.04866666666666669	0.07190000000000002	0.06059999999999999	0.05503333333333332	0.062233333333333335	0.07343333333333332	0.07759999999999997	0.08499999999999999	0.09043333333333334	0.09970000000000001	0.11256666666666665	0.12489999999999998	0.13916666666666663	0.15419999999999998	0.17370000000000005	0.19426666666666664	0.2071333333333333	0.23236666666666664	0.24969999999999998	0.27463333333333334	0.29986666666666667	0.3201333333333334	0.35053333333333336	0.38103333333333333	0.41670000000000007	0.44733333333333325	0.4832000000000001	0.5251666666666667	0.5800666666666667	0.6328	0.6904	0.7464666666666667	0.8119	0.8571666666666666	0.9348333333333334	0.9902999999999998	1.0755666666666666	1.1637000000000002	1.2188	1.3069666666666666	1.3704	1.4398333333333335	1.5327333333333335	1.6127333333333334	1.6473333333333333	1.7348333333333334	1.7983333333333333	1.8264333333333334	1.8928333333333334	1.8900333333333332	1.9437333333333335	1.9754999999999998	1.9756333333333334	2.0143666666666666	2.036033333333333	2.0935	2.2045666666666666	2.2201333333333335	2.0932666666666666	Baseline growth without any supplementation or treatment.
D5	0.02756666666666667	0.03323333333333334	0.03186666666666668	0.06140000000000001	0.05043333333333333	0.05936666666666668	0.06276666666666667	0.07266666666666668	0.06693333333333334	0.0718	0.08253333333333335	0.09430000000000002	0.10766666666666666	0.1228333333333333	0.13906666666666667	0.15713333333333332	0.17266666666666666	0.19763333333333336	0.21266666666666667	0.2307	0.25416666666666665	0.27516666666666667	0.3025	0.3299666666666667	0.35463333333333336	0.3893000000000001	0.4159333333333334	0.46029999999999993	0.49100000000000005	0.5436	0.6000666666666667	0.6403	0.7017333333333333	0.7615666666666666	0.8196666666666667	0.8866666666666667	0.9569333333333332	1.0226000000000002	1.0537333333333332	1.1264666666666667	1.2167666666666666	1.3211666666666666	1.3862666666666668	1.4518333333333333	1.5349666666666666	1.5818333333333334	1.6112	1.7278333333333333	1.7943666666666667	1.8466666666666667	1.8787000000000003	1.8872666666666666	1.9389333333333336	1.9465666666666666	1.9542	2.007	2.0043333333333333	2.0518	2.058266666666667	2.2584666666666666	2.0593	Baseline growth without any supplementation or treatment.
D6	0.023833333333333317	0.01153333333333334	0.0126	0.03686666666666666	0.03903333333333334	0.025566666666666654	0.0474333333333333	0.06090000000000001	0.06509999999999999	0.05376666666666666	0.08086666666666667	0.07650000000000001	0.08026666666666665	0.09256666666666666	0.10586666666666664	0.12699999999999997	0.1349	0.15746666666666662	0.1786333333333333	0.19150000000000003	0.21333333333333335	0.2326333333333333	0.2569333333333333	0.28113333333333335	0.30923333333333336	0.33230000000000004	0.3695333333333334	0.4002	0.4264	0.47329999999999994	0.5145666666666666	0.5578	0.6144666666666667	0.6734333333333333	0.7310666666666666	0.7709333333333334	0.8540666666666668	0.9129666666666666	0.9571666666666666	1.0326333333333333	1.1422999999999999	1.2126333333333335	1.2859666666666665	1.3637666666666668	1.4476333333333335	1.5048	1.5413000000000001	1.6486999999999998	1.7155333333333334	1.7648	1.8255	1.8512666666666666	1.8967666666666665	1.9546333333333332	1.8888333333333334	1.9714333333333334	1.9764333333333335	2.0233	2.0543	2.149566666666667	2.0969333333333333	Growth with proline supplementation without formic acid treatment.
D7	0.03426666666666667	0.01676666666666668	0.0040000000000000036	0.040366666666666634	0.035333333333333355	0.050100000000000006	0.05826666666666666	0.05263333333333331	0.05623333333333333	0.07256666666666667	0.07313333333333336	0.08606666666666668	0.09303333333333336	0.09816666666666665	0.10869999999999999	0.12599999999999997	0.14033333333333334	0.15419999999999998	0.17399999999999996	0.1875	0.19959999999999997	0.22183333333333335	0.24143333333333336	0.2544333333333333	0.27663333333333334	0.29513333333333336	0.32036666666666663	0.3373333333333334	0.352	0.38646666666666674	0.4041666666666666	0.43206666666666665	0.45530000000000004	0.4832333333333334	0.5212	0.5464333333333333	0.5696000000000001	0.6087333333333333	0.6871666666666667	0.7230666666666666	0.7041	0.7435666666666666	0.7745333333333333	0.7988333333333333	0.8346	0.8800999999999999	0.9784666666666666	0.9624333333333334	1.007	1.0511	1.0982	1.1229666666666667	1.1694	1.2395333333333334	1.2638666666666667	1.3962333333333332	1.3823	1.4290333333333332	1.5069333333333335	1.5473666666666666	1.57	Growth with low aminoadipate supplementation without formic acid treatment.
D8	0.01706666666666666	0.01	0.01	0.005866666666666659	0.008966666666666678	0.005033333333333334	0.0072666666666666435	0.008099999999999996	0.007599999999999996	0.005566666666666664	0.010833333333333334	0.013300000000000006	0.012766666666666676	0.01213333333333333	0.007966666666666677	0.012699999999999989	0.013466666666666655	0.008533333333333337	0.013533333333333314	0.014233333333333348	0.01146666666666668	0.015199999999999991	0.017366666666666697	0.012800000000000006	0.020033333333333347	0.01676666666666668	0.023266666666666685	0.019233333333333352	0.016733333333333322	0.022166666666666668	0.023300000000000015	0.01906666666666665	0.019500000000000017	0.023899999999999977	0.02403333333333335	0.020866666666666672	0.022333333333333316	0.027133333333333343	0.028999999999999998	0.02146666666666666	0.028233333333333333	0.027633333333333343	0.026133333333333314	0.029133333333333317	0.024866666666666648	0.0295	0.028166666666666673	0.027499999999999997	0.032799999999999996	0.0353	0.03320000000000001	0.026833333333333348	0.03363333333333335	0.03470000000000001	0.027033333333333354	0.03633333333333333	0.03560000000000002	0.027066666666666656	0.03516666666666665	0.035300000000000026	0.03556666666666669	Growth with high aminoadipate supplementation and formic acid treatment.
D9	0.04190000000000001	0.023333333333333345	0.011166666666666686	0.022133333333333338	0.03646666666666665	0.028233333333333305	0.040199999999999986	0.038099999999999995	0.031200000000000006	0.04693333333333333	0.04200000000000001	0.07063333333333335	0.062333333333333324	0.0633	0.06870000000000001	0.052733333333333354	0.05746666666666664	0.05613333333333334	0.06646666666666667	0.07006666666666667	0.06953333333333334	0.07573333333333332	0.0758	0.11180000000000004	0.09853333333333333	0.09533333333333333	0.09450000000000003	0.0925	0.1072666666666667	0.11243333333333333	0.1182	0.12430000000000002	0.1308333333333333	0.1284	0.13353333333333336	0.1434666666666667	0.15316666666666665	0.15886666666666663	0.1401333333333333	0.15243333333333334	0.1784666666666667	0.18826666666666667	0.1944	0.19893333333333332	0.2139666666666666	0.21619999999999998	0.19793333333333332	0.24086666666666665	0.2554333333333333	0.2624333333333333	0.2701	0.28473333333333334	0.2886333333333333	0.2969	0.3030333333333333	0.2695666666666666	0.3228	0.3342666666666666	0.34706666666666663	0.36846666666666666	0.37050000000000005	Growth with high aminoadipate supplementation without formic acid treatment.
D10	0.020799999999999985	0.02386666666666666	0.01100000000000001	0.027200000000000002	0.032433333333333314	0.028499999999999998	0.029766666666666663	0.03240000000000001	0.02886666666666665	0.03326666666666667	0.03366666666666668	0.03323333333333334	0.03676666666666667	0.03996666666666668	0.03786666666666666	0.03676666666666667	0.04526666666666668	0.04039999999999999	0.049166666666666664	0.04949999999999999	0.048933333333333356	0.05606666666666668	0.060566666666666685	0.059566666666666684	0.06716666666666668	0.07350000000000001	0.07813333333333336	0.08123333333333332	0.08446666666666666	0.0923	0.0978	0.10246666666666668	0.10499999999999998	0.11670000000000003	0.12576666666666667	0.1362	0.13830000000000003	0.1491333333333333	0.15443333333333334	0.15993333333333334	0.1713	0.18830000000000002	0.2003	0.20820000000000002	0.22613333333333333	0.23503333333333332	0.23890000000000003	0.2653333333333333	0.27369999999999994	0.28769999999999996	0.30069999999999997	0.3115	0.3219333333333333	0.34036666666666665	0.35343333333333327	0.3562333333333333	0.38530000000000003	0.4072	0.4259333333333333	0.44410000000000005	0.4643333333333334	Growth with formic acid treatment without aminoadipate supplementation.
D11	0.007966666666666664	0.01	0.014733333333333348	0.01	0.01	0.0015000000000000013	0.006466666666666676	0.004866666666666658	0.00789999999999999	0.004266666666666696	0.01	0.0015666666666666607	0.0018666666666666831	0.01	0.01	0.001799999999999996	0.01	0.0009333333333333416	0.01	0.0019333333333333425	0.0006666666666666765	0.00013333333333331865	0.004599999999999993	0.0069999999999999785	0.007700000000000012	0.006033333333333335	0.005499999999999977	0.0042999999999999705	0.007300000000000001	0.005666666666666653	0.01	0.01	0.005400000000000016	0.006099999999999994	0.0018000000000000238	0.01	0.002799999999999997	0.005066666666666664	0.0005333333333333579	0.004366666666666658	0.005400000000000016	0.01	0.01	0.005066666666666664	0.00030000000000002247	0.0116	0.0005333333333333301	0.005600000000000022	0.006000000000000005	0.01	0.0015666666666666884	0.0022000000000000075	0.009633333333333327	0.006133333333333352	0.0032999999999999974	0.0006666666666666765	0.0014666666666666717	0.0023999999999999855	0.001733333333333309	0.01	0.0032666666666666677	Media control
D12	0.010533333333333325	0.009499999999999995	0.00026666666666666505	0.011099999999999999	0.013766666666666677	0.013233333333333347	0.009733333333333316	0.014800000000000008	0.012233333333333318	0.015499999999999986	0.010833333333333334	0.014966666666666684	0.014466666666666655	0.023400000000000004	0.021600000000000008	0.01720000000000002	0.019233333333333325	0.02206666666666665	0.022933333333333306	0.020799999999999985	0.023999999999999994	0.02479999999999999	0.024533333333333324	0.022299999999999986	0.0199	0.02536666666666665	0.02369999999999997	0.026666666666666672	0.024900000000000005	0.029333333333333322	0.03256666666666666	0.03053333333333333	0.027000000000000024	0.02889999999999998	0.03723333333333334	0.03413333333333332	0.03460000000000002	0.03756666666666664	0.03913333333333335	0.031000000000000028	0.03520000000000001	0.04056666666666667	0.04043333333333332	0.040166666666666684	0.04370000000000002	0.0393	0.03563333333333332	0.040166666666666684	0.04269999999999999	0.046466666666666684	0.04723333333333332	0.04533333333333334	0.04260000000000003	0.046933333333333355	0.04303333333333331	0.04239999999999999	0.050233333333333324	0.04869999999999999	0.05059999999999998	0.05233333333333334	0.051166666666666666	Growth with high aminoadipate supplementation and formic acid treatment.
E1	0.024433333333333335	0.017766666666666653	0.03203333333333336	0.025999999999999995	0.034433333333333316	0.03626666666666667	0.025999999999999995	0.02526666666666666	0.02836666666666665	0.026933333333333337	0.03256666666666663	0.040633333333333355	0.04426666666666665	0.04783333333333334	0.04799999999999999	0.047133333333333305	0.05363333333333334	0.05146666666666666	0.053866666666666646	0.05736666666666665	0.05749999999999997	0.062166666666666676	0.06590000000000001	0.06466666666666668	0.06416666666666665	0.06733333333333336	0.06776666666666667	0.06653333333333333	0.06853333333333331	0.0703	0.07090000000000002	0.06993333333333335	0.07040000000000002	0.07279999999999998	0.07303333333333334	0.0743	0.07666666666666669	0.07613333333333333	0.07803333333333334	0.08030000000000001	0.07819999999999999	0.07899999999999999	0.08093333333333333	0.08243333333333333	0.08233333333333331	0.08496666666666669	0.08856666666666668	0.08493333333333333	0.08503333333333332	0.08923333333333336	0.08676666666666669	0.0912	0.09036666666666665	0.09113333333333334	0.09156666666666663	0.0948	0.09209999999999999	0.095	0.09313333333333335	0.09493333333333334	0.094	Growth with high aminoadipate supplementation and formic acid treatment.
E2	0.01	0.00413333333333335	0.0071666666666666545	0.004400000000000015	0.005266666666666642	0.004833333333333328	0.015099999999999975	0.01419999999999999	0.010266666666666674	0.01046666666666668	0.007533333333333336	0.005333333333333329	0.012333333333333335	0.013166666666666688	0.01263333333333333	0.010166666666666685	0.011933333333333324	0.011699999999999988	0.011966666666666653	0.010166666666666657	0.011099999999999999	0.010700000000000015	0.011066666666666641	0.010766666666666647	0.011833333333333335	0.01090000000000002	0.011233333333333317	0.009899999999999992	0.011633333333333329	0.011633333333333357	0.009233333333333343	0.011166666666666658	0.010466666666666652	0.009199999999999986	0.011266666666666675	0.010833333333333334	0.010633333333333356	0.0116	0.008033333333333337	0.007800000000000029	0.009999999999999981	0.009099999999999997	0.009866666666666662	0.01093333333333335	0.011266666666666675	0.010199999999999987	0.00789999999999999	0.011499999999999982	0.010999999999999982	0.008800000000000002	0.012733333333333346	0.010133333333333328	0.011133333333333356	0.010266666666666674	0.010733333333333317	0.005900000000000016	0.011333333333333362	0.008600000000000024	0.010000000000000009	0.008833333333333332	0.010533333333333339	Media control
E3	0.028433333333333338	0.01573333333333335	0.031666666666666676	0.0431	0.04526666666666662	0.05043333333333333	0.04379999999999998	0.0461	0.05626666666666669	0.05446666666666666	0.05253333333333332	0.06103333333333333	0.07463333333333333	0.07716666666666669	0.07793333333333333	0.08006666666666667	0.08473333333333333	0.09179999999999999	0.09546666666666664	0.10246666666666665	0.10800000000000001	0.11860000000000001	0.12456666666666663	0.12476666666666664	0.13213333333333332	0.14100000000000004	0.1449333333333333	0.15309999999999999	0.16083333333333333	0.16783333333333336	0.17733333333333334	0.18386666666666665	0.19596666666666665	0.19870000000000002	0.2080666666666667	0.21563333333333337	0.22913333333333333	0.2401	0.2712333333333333	0.2836000000000001	0.2712	0.2824	0.28736666666666666	0.28913333333333335	0.30206666666666665	0.31410000000000005	0.36060000000000003	0.334	0.3472	0.3644	0.3721333333333333	0.3884333333333333	0.4026333333333334	0.4151666666666667	0.4299333333333333	0.4971	0.4581333333333334	0.47950000000000004	0.492	0.5133333333333333	0.5220333333333333	Growth with high aminoadipate supplementation without formic acid treatment.
E4	0.01976666666666667	0.005566666666666664	0.014466666666666683	0.016000000000000014	0.013899999999999968	0.010833333333333361	0.009633333333333327	0.014833333333333337	0.02009999999999998	0.017599999999999977	0.010933333333333323	0.012899999999999967	0.016966666666666658	0.015199999999999991	0.01676666666666668	0.018199999999999994	0.019100000000000034	0.022866666666666646	0.021833333333333343	0.02786666666666665	0.022299999999999986	0.02633333333333332	0.029866666666666652	0.026533333333333325	0.031033333333333357	0.03183333333333335	0.0325	0.03453333333333333	0.0345	0.03516666666666665	0.03476666666666667	0.035800000000000026	0.03739999999999999	0.03876666666666667	0.038000000000000006	0.037066666666666664	0.04313333333333333	0.03899999999999998	0.04966666666666669	0.05250000000000002	0.0461	0.04406666666666667	0.049000000000000016	0.04963333333333331	0.05283333333333334	0.053233333333333355	0.06763333333333335	0.05503333333333335	0.05933333333333335	0.06353333333333333	0.06563333333333335	0.06723333333333334	0.07143333333333332	0.07469999999999999	0.07343333333333332	0.09166666666666667	0.07703333333333331	0.08199999999999999	0.08336666666666667	0.08933333333333335	0.09176666666666666	Growth with formic acid treatment without aminoadipate supplementation.
E6	0.04333333333333335	0.048133333333333334	0.04213333333333333	0.05209999999999998	0.0529	0.05929999999999999	0.06673333333333331	0.07473333333333335	0.08489999999999998	0.0844	0.08783333333333335	0.09713333333333332	0.1061	0.11476666666666668	0.1343333333333333	0.14830000000000002	0.16050000000000003	0.1875	0.19716666666666666	0.21736666666666665	0.2304333333333333	0.2566666666666667	0.2850666666666667	0.3037333333333333	0.34303333333333336	0.3698	0.40270000000000006	0.4351666666666666	0.4688	0.5169666666666667	0.5643333333333334	0.6112666666666667	0.6637333333333334	0.7224333333333333	0.7781	0.833	0.8971333333333333	0.9630666666666666	1.0352999999999999	1.1094333333333333	1.1781000000000001	1.2517	1.3440666666666667	1.4221	1.5055	1.5786666666666669	1.6271	1.6951666666666667	1.7526	1.8102666666666667	1.8791000000000002	1.9381999999999997	1.9697333333333336	2.034333333333333	1.9875999999999998	2.0509	2.026	2.076233333333333	2.050533333333333	2.134633333333333	2.1505666666666663	Baseline growth without any supplementation or treatment.
E7	0.03816666666666667	0.023733333333333356	0.012499999999999983	0.029566666666666658	0.03736666666666663	0.038633333333333325	0.044866666666666666	0.04989999999999997	0.04310000000000003	0.041766666666666674	0.05813333333333337	0.062	0.06436666666666663	0.06653333333333333	0.0646666666666667	0.07240000000000002	0.07376666666666665	0.07273333333333334	0.08353333333333332	0.08773333333333333	0.08606666666666668	0.092	0.09766666666666665	0.09649999999999997	0.1051333333333333	0.10436666666666669	0.11476666666666666	0.11613333333333337	0.11183333333333334	0.12356666666666669	0.1288	0.12776666666666667	0.13369999999999999	0.1425	0.14303333333333332	0.1426666666666667	0.1476333333333333	0.15533333333333335	0.15330000000000002	0.14956666666666665	0.1683333333333333	0.17073333333333335	0.17573333333333332	0.17943333333333336	0.17776666666666666	0.187	0.18416666666666667	0.19210000000000002	0.2001	0.2035	0.2083	0.20603333333333332	0.21673333333333333	0.2268	0.21963333333333335	0.23153333333333334	0.23970000000000002	0.23206666666666667	0.24606666666666663	0.2542	0.26236666666666664	Growth with low aminoadipate supplementation and formic acid treatment.
E8	0.03169999999999999	0.01913333333333335	0.014766666666666678	0.023633333333333312	0.03146666666666667	0.029233333333333333	0.03479999999999997	0.038099999999999995	0.03890000000000002	0.03840000000000002	0.050199999999999995	0.05546666666666669	0.055999999999999994	0.060699999999999976	0.06079999999999999	0.07030000000000003	0.0741	0.07006666666666667	0.0807	0.08586666666666667	0.08503333333333332	0.0932	0.09973333333333331	0.10363333333333333	0.11546666666666666	0.12186666666666668	0.13030000000000003	0.1384	0.14403333333333332	0.1533	0.16666666666666666	0.1747	0.18030000000000002	0.1949	0.20453333333333332	0.2179	0.2304333333333333	0.23716666666666666	0.2380333333333333	0.24669999999999997	0.2703	0.2835	0.2946	0.3062	0.3204	0.3385	0.33736666666666665	0.36546666666666666	0.38136666666666663	0.3964	0.41326666666666667	0.4270333333333334	0.4432999999999999	0.4675	0.48416666666666663	0.4943333333333334	0.5257666666666666	0.5511666666666667	0.5717333333333333	0.6046333333333334	0.6317666666666667	Growth with formic acid treatment without aminoadipate supplementation.
E9	0.025599999999999998	0.02263333333333334	0.010866666666666636	0.026133333333333342	0.03356666666666666	0.02933333333333335	0.0338	0.035999999999999976	0.02990000000000001	0.030833333333333324	0.043300000000000005	0.044333333333333336	0.04473333333333332	0.0484	0.046400000000000025	0.048033333333333345	0.05056666666666665	0.04433333333333336	0.05206666666666662	0.05366666666666667	0.05043333333333336	0.054933333333333334	0.05679999999999999	0.050799999999999984	0.05653333333333335	0.060133333333333344	0.06090000000000001	0.061200000000000004	0.0609666666666667	0.06533333333333333	0.0706	0.0696	0.06323333333333336	0.06740000000000002	0.07023333333333334	0.07456666666666667	0.07386666666666666	0.07336666666666666	0.06763333333333332	0.06733333333333333	0.07696666666666668	0.0813666666666667	0.0816	0.07823333333333332	0.08246666666666663	0.0784	0.07583333333333334	0.08026666666666665	0.08293333333333333	0.08803333333333332	0.08629999999999999	0.08643333333333333	0.08473333333333333	0.0869	0.08733333333333335	0.07886666666666667	0.09070000000000003	0.09126666666666666	0.09136666666666668	0.09396666666666664	0.0922	Growth with high aminoadipate supplementation and formic acid treatment.
E10	0.03846666666666666	0.03666666666666667	0.045533333333333315	0.052199999999999996	0.0595	0.0582	0.05876666666666666	0.06406666666666666	0.06309999999999999	0.07396666666666668	0.08096666666666666	0.08676666666666669	0.09416666666666668	0.10793333333333335	0.11580000000000001	0.1286	0.14129999999999998	0.15383333333333335	0.17426666666666668	0.20193333333333333	0.21286666666666665	0.2279333333333333	0.245	0.2677	0.2892	0.3110333333333334	0.339	0.37100000000000005	0.406	0.4399666666666666	0.4804666666666667	0.5134	0.5443	0.6036	0.6574000000000001	0.7152333333333333	0.7675000000000001	0.8274666666666667	0.9102333333333333	0.9781666666666666	1.0221	1.0895	1.1896	1.2647666666666666	1.3259	1.3935000000000002	1.4741333333333333	1.5116	1.5923	1.6339	1.7305666666666668	1.7466	1.8068333333333333	1.8345333333333333	1.8365	1.9501666666666666	1.8906666666666667	1.9605	1.9757333333333333	2.1229999999999998	1.9914666666666667	Growth with proline supplementation without formic acid treatment.
E11	0.048066666666666674	0.04646666666666667	0.03343333333333334	0.03509999999999999	0.05349999999999999	0.0557	0.05596666666666669	0.06506666666666666	0.0595	0.07516666666666669	0.07946666666666666	0.08626666666666666	0.09536666666666668	0.10563333333333336	0.1195	0.13019999999999998	0.14600000000000002	0.15993333333333334	0.17706666666666662	0.19243333333333332	0.2099666666666667	0.2379333333333333	0.24919999999999998	0.2815	0.30779999999999996	0.30613333333333337	0.32819999999999994	0.35539999999999994	0.36660000000000004	0.3884666666666666	0.4218666666666667	0.45030000000000003	0.4774	0.5031	0.5411	0.5784333333333334	0.6175	0.6455666666666666	0.7092333333333334	0.7643666666666666	0.756	0.8130999999999999	0.8527999999999999	0.8894666666666667	0.9574	0.9905	1.0615333333333332	1.083	1.1282999999999999	1.2069999999999999	1.2670666666666668	1.3385	1.4082333333333332	1.4322333333333332	1.4801	1.5741666666666665	1.5599666666666667	1.6335	1.6840333333333333	1.8287	1.7558666666666667	Growth with low aminoadipate supplementation without formic acid treatment.
E12	0.01	0.006900000000000003	0.01	0.01	0.001333333333333353	0.01	0.01	0.01	0.01	0.01	0.0016666666666666496	0.0025666666666666615	0.01	0.0040999999999999925	0.004033333333333333	0.004933333333333345	0.0037333333333333107	0.002433333333333315	0.00326666666666664	0.003433333333333344	0.004133333333333322	0.005699999999999983	0.002366666666666656	0.01	0.00010000000000001674	0.0014333333333333143	0.01	0.002066666666666661	0.01	0.0009333333333333416	0.007700000000000012	0.006133333333333324	0.0014000000000000123	0.0022999999999999965	0.0018666666666666831	0.003866666666666685	0.006733333333333369	0.0010666666666666602	0.0015666666666666607	0.0011000000000000176	0.0031999999999999806	0.004899999999999988	0.00520000000000001	0.0016333333333333477	0.003766666666666668	0.01	0.004733333333333312	0.0018333333333333535	0.0014666666666666717	0.006800000000000028	0.003999999999999976	0.00463333333333335	0.01	0.0005000000000000004	0.0027333333333333376	0.0030333333333333323	0.0022000000000000075	0.0034666666666666457	0.002066666666666661	0.0030333333333333323	0.0007666666666666655	Media control
F1	0.027433333333333323	0.024566666666666653	0.037433333333333374	0.029599999999999987	0.03543333333333332	0.03796666666666665	0.028799999999999992	0.027466666666666667	0.026666666666666644	0.026133333333333342	0.03416666666666665	0.04353333333333334	0.045566666666666644	0.051733333333333326	0.052899999999999975	0.050233333333333324	0.05663333333333334	0.056066666666666654	0.060166666666666646	0.06486666666666666	0.06729999999999997	0.07176666666666667	0.0748	0.07756666666666667	0.07976666666666665	0.08253333333333335	0.08516666666666667	0.08783333333333335	0.08963333333333331	0.09290000000000001	0.09390000000000001	0.09633333333333335	0.09860000000000002	0.10369999999999999	0.10403333333333331	0.11000000000000001	0.11256666666666668	0.11263333333333336	0.11463333333333334	0.11930000000000002	0.1252	0.12799999999999997	0.13203333333333334	0.1370333333333333	0.13963333333333333	0.1432666666666667	0.1441666666666667	0.1534333333333333	0.15563333333333335	0.16253333333333334	0.16466666666666668	0.1703	0.17496666666666663	0.17773333333333335	0.18116666666666661	0.17700000000000002	0.1892	0.19610000000000002	0.20133333333333334	0.20473333333333335	0.2093	Growth with low aminoadipate supplementation and formic acid treatment.
F2	0.044466666666666654	0.0295	0.03233333333333335	0.028200000000000003	0.03503333333333333	0.038666666666666655	0.030366666666666653	0.03463333333333335	0.03620000000000001	0.04103333333333331	0.05156666666666668	0.06366666666666668	0.06826666666666667	0.07736666666666667	0.08303333333333335	0.08513333333333331	0.10126666666666664	0.09113333333333334	0.10203333333333334	0.11053333333333332	0.10983333333333331	0.11766666666666667	0.12726666666666667	0.1339	0.1386	0.14313333333333336	0.14820000000000003	0.15666666666666668	0.16523333333333332	0.17123333333333332	0.18190000000000003	0.19173333333333328	0.1993	0.20989999999999998	0.22116666666666665	0.23713333333333333	0.24253333333333335	0.24963333333333335	0.24666666666666667	0.2575	0.27649999999999997	0.28786666666666666	0.2968333333333333	0.30856666666666666	0.32276666666666665	0.3332666666666667	0.3295	0.3543666666666666	0.37206666666666666	0.38093333333333335	0.3925333333333333	0.4007666666666667	0.42213333333333336	0.4296000000000001	0.4422666666666666	0.4287333333333333	0.46273333333333333	0.4842000000000001	0.49706666666666677	0.5130666666666667	0.5250333333333334	Growth with high aminoadipate supplementation without formic acid treatment.
F3	0.01633333333333334	0.002333333333333354	0.007966666666666677	0.013500000000000012	0.010566666666666669	0.011633333333333329	0.005100000000000021	0.0024000000000000132	0.006666666666666654	0.004166666666666652	0.004433333333333317	0.00833333333333336	0.00993333333333335	0.011066666666666641	0.011933333333333324	0.01156666666666667	0.013133333333333302	0.014399999999999996	0.01376666666666665	0.016166666666666663	0.015500000000000014	0.017600000000000005	0.01736666666666664	0.01846666666666666	0.01943333333333333	0.01820000000000002	0.01823333333333335	0.0194	0.019633333333333336	0.01933333333333334	0.019233333333333352	0.018766666666666654	0.021266666666666656	0.01949999999999999	0.020366666666666672	0.02103333333333335	0.021933333333333332	0.02159999999999998	0.015033333333333343	0.016000000000000014	0.021100000000000008	0.021699999999999997	0.022166666666666668	0.021833333333333343	0.022966666666666663	0.023200000000000026	0.017599999999999977	0.02300000000000002	0.022799999999999987	0.026299999999999962	0.02373333333333333	0.02473333333333333	0.026433333333333364	0.027966666666666695	0.02583333333333332	0.021800000000000014	0.02563333333333334	0.027199999999999974	0.028100000000000014	0.029733333333333334	0.027633333333333315	Growth with proline supplementation and formic acid treatment.
F4	0.01	0.01	0.01	0.01	0.01	0.01	0.01	0.01	0.01	0.01	0.01	0.01	0.01	0.01	0.01	0.01	0.01	0.01	0.01	0.01	0.01	0.01	0.01	0.01	0.01	0.01	0.01	0.01	0.01	0.01	0.01	0.01	0.01	0.01	0.01	0.01	0.01	0.01	0.01	0.01	0.01	0.01	0.01	0.01	0.01	0.01	0.01	0.01	0.01	0.01	0.01	0.01	0.01	0.01	0.01	0.01	0.01	0.01	0.01	0.01	0.01	Media control
F6	0.029700000000000004	0.019533333333333333	0.020033333333333347	0.017666666666666664	0.024533333333333324	0.02779999999999999	0.030233333333333334	0.028200000000000003	0.025533333333333352	0.024633333333333313	0.03390000000000001	0.034900000000000014	0.03520000000000004	0.03459999999999999	0.036333333333333356	0.03943333333333335	0.040166666666666684	0.04266666666666666	0.043300000000000005	0.04606666666666667	0.046999999999999986	0.04783333333333331	0.04996666666666669	0.05456666666666665	0.056900000000000006	0.059066666666666684	0.05996666666666664	0.06173333333333331	0.06393333333333334	0.065	0.066	0.06653333333333336	0.06826666666666667	0.07126666666666667	0.0748	0.07543333333333332	0.07893333333333333	0.08150000000000002	0.07326666666666665	0.07553333333333334	0.0887	0.09103333333333333	0.09346666666666667	0.09736666666666666	0.10376666666666667	0.10743333333333333	0.10386666666666663	0.11376666666666665	0.11810000000000001	0.1244666666666667	0.13056666666666664	0.13513333333333333	0.14153333333333334	0.14556666666666665	0.15006666666666665	0.15159999999999998	0.16363333333333333	0.16753333333333328	0.1744	0.1799333333333333	0.18560000000000001	Growth with formic acid treatment without aminoadipate supplementation.
F7	0.03900000000000001	0.019933333333333345	0.04723333333333335	0.027066666666666683	0.039833333333333304	0.045399999999999996	0.05133333333333334	0.051199999999999996	0.057033333333333325	0.062333333333333324	0.07440000000000002	0.08330000000000001	0.0937	0.1021	0.11713333333333334	0.14043333333333335	0.14306666666666668	0.16006666666666666	0.1771	0.19606666666666664	0.21349999999999997	0.23233333333333334	0.2558666666666667	0.2740666666666667	0.3015	0.32876666666666665	0.3593666666666667	0.39573333333333327	0.4229333333333334	0.46419999999999995	0.5047	0.5357333333333333	0.5759666666666666	0.6359666666666667	0.6933	0.7508333333333334	0.8136333333333333	0.8663000000000001	0.9023666666666667	1.0013333333333334	1.0788	1.1641333333333335	1.2487666666666666	1.3170666666666668	1.4039666666666666	1.4785333333333333	1.5018666666666667	1.5852666666666666	1.6909	1.7338666666666667	1.7531666666666668	1.8387333333333333	1.8875333333333333	1.9319666666666666	1.9439666666666664	1.9541000000000002	1.9672333333333334	2.081833333333333	2.0986	2.1476333333333333	2.0519	Baseline growth without any supplementation or treatment.
F8	0.016666666666666663	0.015600000000000003	0.0054333333333333456	0.01	0.011233333333333345	0.011899999999999994	0.01256666666666667	0.006366666666666632	0.011966666666666681	0.011033333333333312	0.016199999999999992	0.020033333333333347	0.01843333333333333	0.021266666666666656	0.019733333333333325	0.025300000000000045	0.026400000000000007	0.029566666666666686	0.03086666666666668	0.03253333333333333	0.0358	0.03489999999999999	0.038000000000000006	0.03833333333333333	0.04100000000000001	0.04466666666666666	0.045966666666666656	0.04666666666666666	0.04993333333333333	0.0504	0.054366666666666646	0.05456666666666668	0.0539	0.05833333333333335	0.06156666666666666	0.06309999999999999	0.065	0.06800000000000003	0.0706	0.07103333333333334	0.07400000000000001	0.0751	0.07813333333333333	0.08103333333333335	0.08193333333333333	0.08439999999999998	0.09103333333333335	0.08846666666666667	0.09160000000000001	0.09509999999999999	0.09556666666666666	0.09756666666666666	0.09986666666666666	0.10146666666666668	0.10113333333333335	0.1139	0.1062666666666667	0.11233333333333334	0.11336666666666664	0.11623333333333333	0.1175	Growth with low aminoadipate supplementation and formic acid treatment.
F9	0.01	0.011766666666666661	0.01	0.008066666666666666	0.003866666666666657	0.003866666666666657	0.01	0.01	0.01	0.01	0.0030000000000000027	0.0027666666666666395	0.002633333333333321	0.006233333333333341	0.0053666666666666585	0.004400000000000015	0.00633333333333333	0.007366666666666688	0.00626666666666667	0.002899999999999986	0.004133333333333322	0.00356666666666669	0.001700000000000007	0.00010000000000001674	0.00016666666666667607	0.001366666666666655	0.002333333333333326	0.002533333333333332	0.0004666666666666708	0.0014666666666666717	0.006099999999999994	0.005466666666666675	0.002333333333333326	0.0009000000000000119	0.004933333333333317	0.004733333333333339	0.0010000000000000009	0.0020000000000000018	0.004766666666666641	0.003699999999999981	0.0018666666666666554	0.004766666666666669	0.0040000000000000036	0.00216666666666665	0.005700000000000011	0.01	0.004866666666666658	0.002366666666666656	0.0015999999999999903	0.004733333333333339	0.0041999999999999815	0.00356666666666669	0.01	0.0026333333333333486	0.004933333333333345	0.005966666666666648	0.006200000000000011	0.005333333333333329	0.0058	0.008100000000000024	0.007433333333333347	Media control
F10	0.02053333333333332	0.017166666666666677	0.0047000000000000375	0.009866666666666662	0.019366666666666643	0.01636666666666664	0.011599999999999971	0.014033333333333314	0.008866666666666662	0.009933333333333322	0.022199999999999998	0.021966666666666662	0.023033333333333322	0.028133333333333344	0.02576666666666666	0.028000000000000025	0.029233333333333333	0.02776666666666669	0.030166666666666675	0.030299999999999966	0.0318333333333333	0.03096666666666667	0.031799999999999995	0.02890000000000001	0.030166666666666675	0.03306666666666666	0.034033333333333304	0.03373333333333334	0.03366666666666668	0.03376666666666667	0.040299999999999975	0.03826666666666667	0.03633333333333333	0.038000000000000006	0.04103333333333334	0.042333333333333334	0.041800000000000004	0.0421	0.04046666666666665	0.038500000000000006	0.042366666666666664	0.047466666666666685	0.0484	0.04786666666666667	0.047500000000000014	0.045933333333333326	0.04566666666666666	0.04736666666666667	0.04849999999999999	0.054933333333333334	0.051699999999999996	0.05246666666666669	0.05093333333333336	0.05163333333333334	0.05183333333333334	0.05216666666666667	0.0532	0.05503333333333332	0.0547	0.057400000000000034	0.054433333333333334	Growth with high aminoadipate supplementation and formic acid treatment.
G1	0.00686666666666666	0.015100000000000002	0.01723333333333335	0.0383	0.020333333333333342	0.022466666666666663	0.03146666666666664	0.033333333333333354	0.0378	0.03853333333333331	0.03256666666666666	0.025866666666666677	0.022866666666666674	0.014866666666666667	0.021933333333333332	0.02843333333333331	0.020866666666666672	0.025033333333333352	0.027133333333333343	0.02473333333333333	0.022533333333333322	0.019466666666666688	0.015966666666666657	0.018299999999999983	0.019199999999999995	0.01723333333333335	0.0174	0.019766666666666682	0.0179333333333333	0.018533333333333346	0.01620000000000002	0.019733333333333297	0.01949999999999999	0.017299999999999982	0.016466666666666657	0.019233333333333325	0.016933333333333328	0.016933333333333328	0.012966666666666654	0.014800000000000008	0.017100000000000004	0.015966666666666657	0.017633333333333334	0.014666666666666661	0.013266666666666677	0.012266666666666676	0.011099999999999999	0.014466666666666683	0.011566666666666642	0.01263333333333333	0.012933333333333324	0.01266666666666666	0.012933333333333352	0.01150000000000001	0.012066666666666642	0.007933333333333348	0.01103333333333334	0.009899999999999992	0.01146666666666668	0.010166666666666657	0.012733333333333319	Media control
G2	0.044466666666666654	0.0398	0.04143333333333335	0.05810000000000001	0.05243333333333333	0.05666666666666667	0.05566666666666664	0.06083333333333335	0.0655	0.0701333333333333	0.09306666666666666	0.1062666666666667	0.11766666666666667	0.12896666666666667	0.14583333333333331	0.1610333333333333	0.17626666666666665	0.19823333333333334	0.21973333333333336	0.23933333333333334	0.2593333333333333	0.28566666666666674	0.3112666666666667	0.3395	0.37129999999999996	0.40013333333333334	0.43700000000000006	0.4713666666666667	0.5097333333333333	0.5522333333333334	0.5962999999999999	0.6604333333333333	0.7062	0.7592	0.8299666666666666	0.8818333333333332	0.9637333333333333	1.0394333333333332	1.0940666666666665	1.1857	1.2576	1.3433666666666666	1.4179333333333333	1.4793666666666667	1.5907666666666667	1.6383666666666667	1.6733	1.7386666666666668	1.8207666666666666	1.8690333333333333	1.8771333333333333	1.955566666666667	1.9887333333333335	2.0570999999999997	2.067566666666667	2.1211333333333333	2.1008333333333336	2.2176	2.1363666666666665	2.2807666666666666	2.1453333333333333	Baseline growth without any supplementation or treatment.
G3	0.03016666666666666	0.004200000000000009	0.0063333333333333575	0.003799999999999998	0.011433333333333323	0.01316666666666666	0.004066666666666663	0.003333333333333355	0.01	0.01	0.009366666666666662	0.017766666666666653	0.02046666666666669	0.023266666666666658	0.023333333333333345	0.02193333333333336	0.02526666666666666	0.024233333333333357	0.025333333333333347	0.02983333333333335	0.02943333333333331	0.034966666666666674	0.03836666666666666	0.037500000000000006	0.0393	0.04003333333333334	0.041700000000000015	0.041266666666666646	0.04533333333333334	0.04423333333333335	0.0464	0.045533333333333315	0.049199999999999994	0.04959999999999998	0.05146666666666669	0.053833333333333344	0.054433333333333334	0.054933333333333334	0.05516666666666667	0.05680000000000002	0.061	0.061766666666666664	0.06413333333333332	0.06706666666666666	0.06856666666666666	0.07006666666666667	0.0708	0.07486666666666664	0.07646666666666663	0.0806333333333333	0.08093333333333333	0.08446666666666666	0.08463333333333331	0.08660000000000001	0.0868666666666667	0.08593333333333333	0.09173333333333336	0.09459999999999999	0.09796666666666667	0.10056666666666664	0.09903333333333333	Growth with low aminoadipate supplementation and formic acid treatment.
G4	0.028866666666666665	0.01836666666666667	0.008099999999999996	0.009066666666666667	0.01323333333333332	0.020166666666666666	0.01576666666666665	0.012966666666666654	0.015533333333333343	0.01479999999999998	0.023433333333333334	0.028233333333333333	0.027700000000000002	0.027999999999999997	0.03153333333333336	0.034466666666666645	0.038633333333333325	0.042733333333333345	0.044966666666666655	0.05013333333333336	0.05100000000000002	0.05733333333333332	0.06163333333333332	0.06436666666666666	0.06866666666666665	0.07236666666666669	0.07869999999999999	0.0809	0.08763333333333331	0.09183333333333332	0.0988	0.10540000000000002	0.11059999999999998	0.11560000000000001	0.1254	0.13276666666666667	0.1418	0.1472	0.15793333333333334	0.16546666666666668	0.17389999999999997	0.18473333333333333	0.19316666666666668	0.20553333333333332	0.21396666666666667	0.22603333333333334	0.2429333333333333	0.2506333333333333	0.26269999999999993	0.2784333333333333	0.2883	0.3058333333333333	0.3153	0.3314666666666667	0.3455666666666667	0.37039999999999995	0.37060000000000004	0.38880000000000003	0.4122	0.4308333333333333	0.45056666666666656	Growth with proline supplementation and formic acid treatment.
G6	0.05490000000000002	0.023633333333333353	0.033833333333333354	0.03976666666666667	0.04063333333333333	0.0471	0.06573333333333334	0.066	0.06983333333333336	0.07473333333333332	0.08660000000000001	0.09750000000000003	0.10580000000000003	0.11800000000000002	0.12313333333333334	0.14003333333333334	0.14636666666666667	0.1628666666666667	0.17900000000000002	0.1993666666666667	0.2143	0.22973333333333334	0.2491666666666667	0.27346666666666664	0.2863	0.30866666666666664	0.3342666666666666	0.35073333333333334	0.3763333333333334	0.39859999999999995	0.43310000000000004	0.46153333333333335	0.4892666666666666	0.5156666666666666	0.5468	0.5670333333333334	0.6130333333333333	0.6454	0.6888666666666666	0.7274333333333334	0.7518	0.7942333333333333	0.8260666666666666	0.8755666666666667	0.9050666666666667	0.9603333333333333	1.0176666666666667	1.0565666666666667	1.1016	1.1456666666666666	1.1966666666666668	1.2487333333333335	1.2953333333333332	1.3540666666666665	1.4035666666666666	1.4917	1.5092333333333334	1.5863333333333334	1.6429999999999998	1.6853333333333333	1.7272	Growth with low aminoadipate supplementation without formic acid treatment.
G7	0.022866666666666674	0.021199999999999997	0.014733333333333348	0.014599999999999974	0.024133333333333312	0.028499999999999998	0.027666666666666673	0.021966666666666634	0.02416666666666667	0.02473333333333333	0.03410000000000002	0.03433333333333333	0.03303333333333333	0.03536666666666666	0.03573333333333334	0.03970000000000001	0.04099999999999998	0.04476666666666665	0.04516666666666666	0.04553333333333334	0.0461	0.0479	0.04930000000000001	0.04873333333333335	0.0499	0.052766666666666656	0.05246666666666666	0.05376666666666666	0.05553333333333332	0.0562	0.05786666666666665	0.05786666666666665	0.058500000000000024	0.061133333333333345	0.062266666666666665	0.06079999999999999	0.06330000000000002	0.0625	0.0577	0.058033333333333326	0.0681	0.06960000000000002	0.07003333333333334	0.07063333333333335	0.07093333333333332	0.07219999999999999	0.06513333333333335	0.07366666666666666	0.07500000000000001	0.0766	0.07656666666666667	0.07526666666666668	0.07656666666666664	0.07856666666666667	0.07713333333333333	0.0739	0.08086666666666667	0.0806333333333333	0.08146666666666666	0.08233333333333334	0.08360000000000001	Growth with high aminoadipate supplementation and formic acid treatment.
G8	0.015066666666666659	0.010999999999999982	0.002233333333333337	0.01	0.007633333333333353	0.010099999999999998	0.011166666666666658	0.00846666666666665	0.004966666666666675	0.0030333333333333323	0.01639999999999997	0.01823333333333335	0.016533333333333344	0.01986666666666667	0.01783333333333334	0.02100000000000002	0.022400000000000003	0.024766666666666687	0.024466666666666664	0.02513333333333334	0.025400000000000006	0.02639999999999998	0.02940000000000001	0.02723333333333333	0.02990000000000001	0.032366666666666655	0.032366666666666655	0.03456666666666666	0.03573333333333334	0.0388	0.04056666666666664	0.04106666666666667	0.0416	0.04463333333333336	0.04896666666666666	0.04949999999999999	0.052299999999999985	0.054700000000000026	0.04150000000000001	0.04303333333333334	0.06260000000000002	0.06470000000000001	0.06753333333333333	0.07073333333333334	0.07533333333333331	0.07999999999999999	0.06493333333333334	0.08426666666666666	0.08940000000000001	0.0937	0.09846666666666667	0.10106666666666667	0.10886666666666664	0.11446666666666666	0.11613333333333334	0.10320000000000001	0.1285666666666667	0.13653333333333334	0.14036666666666667	0.14973333333333336	0.1543	Growth with proline supplementation and formic acid treatment.
G9	0.020666666666666667	0.018833333333333355	0.01836666666666667	0.020300000000000012	0.027033333333333326	0.028033333333333327	0.020233333333333325	0.018699999999999967	0.013499999999999984	0.017866666666666697	0.022233333333333327	0.025533333333333325	0.025499999999999967	0.03056666666666666	0.030133333333333345	0.03570000000000001	0.038500000000000006	0.042800000000000005	0.042866666666666664	0.04780000000000001	0.05119999999999997	0.05473333333333333	0.05660000000000001	0.06310000000000002	0.07156666666666667	0.07883333333333334	0.0794333333333333	0.08943333333333331	0.09613333333333332	0.10550000000000001	0.11309999999999998	0.11833333333333332	0.1282333333333333	0.1384	0.1454666666666667	0.15403333333333333	0.16543333333333332	0.17506666666666668	0.18043333333333333	0.18846666666666664	0.2079	0.21853333333333333	0.23079999999999998	0.24436666666666665	0.255	0.26793333333333336	0.2673	0.29280000000000006	0.3105	0.32886666666666664	0.34409999999999996	0.3605666666666666	0.37499999999999994	0.3956333333333334	0.4128333333333334	0.4138333333333333	0.4518666666666667	0.4729	0.49136666666666673	0.5113666666666667	0.5378333333333334	Growth with proline supplementation and formic acid treatment.
G10	0.004566666666666663	0.01	0.0014666666666666717	0.01	0.01	0.01	0.01	0.01	0.01	0.0008666666666666822	0.01	0.01	0.01	0.01	0.01	0.01	0.01	0.01	0.01	0.01	0.01	0.01	0.01	0.01	0.01	0.01	0.01	0.01	0.01	0.01	0.01	0.01	0.01	0.01	0.01	0.01	0.01	0.01	0.01	0.01	0.01	0.01	0.01	0.01	0.01	0.01	0.01	0.01	0.01	0.01	0.01	0.01	0.01	0.01	0.01	0.01	0.01	0.01	0.01	0.01	0.01	Media control
G11	0.02046666666666666	0.026266666666666647	0.020300000000000012	0.03776666666666667	0.03519999999999998	0.035900000000000015	0.0431	0.0476	0.03206666666666663	0.038000000000000006	0.053800000000000014	0.062233333333333335	0.06813333333333335	0.08233333333333331	0.08799999999999997	0.10133333333333333	0.11569999999999997	0.1395666666666667	0.14776666666666669	0.15643333333333334	0.1803	0.19206666666666666	0.20536666666666667	0.22036666666666666	0.24339999999999998	0.2683	0.2901666666666667	0.31586666666666663	0.33403333333333335	0.36606666666666665	0.4004	0.44090000000000007	0.4738	0.5154	0.5608	0.6107666666666667	0.6623666666666667	0.7162333333333334	0.7250333333333333	0.7915666666666666	0.8846333333333333	0.9597666666666665	1.0203	1.0808333333333335	1.1551666666666667	1.2385666666666666	1.2450666666666665	1.3639666666666665	1.4344666666666668	1.4899333333333333	1.561	1.6404333333333332	1.6895	1.7384	1.7734333333333334	1.8412	1.7900666666666667	1.9459333333333335	1.9516333333333333	2.0406	1.9582666666666666	Growth with proline supplementation without formic acid treatment.
G12	0.021166666666666667	0.03876666666666666	0.03660000000000002	0.03866666666666668	0.03940000000000002	0.042800000000000005	0.03949999999999995	0.04239999999999999	0.032666666666666705	0.0403	0.046699999999999964	0.048533333333333345	0.04873333333333332	0.051333333333333314	0.0509	0.054733333333333356	0.055900000000000005	0.05986666666666668	0.05926666666666666	0.059633333333333344	0.06509999999999999	0.06326666666666667	0.06386666666666668	0.06196666666666667	0.07009999999999997	0.07220000000000001	0.07276666666666665	0.07606666666666667	0.07453333333333334	0.07626666666666668	0.07650000000000001	0.07729999999999998	0.08239999999999997	0.0859	0.0834	0.08656666666666668	0.08076666666666668	0.08513333333333334	0.08463333333333331	0.08456666666666665	0.08343333333333333	0.0856666666666667	0.0824	0.08853333333333332	0.08646666666666669	0.08546666666666666	0.07556666666666664	0.08906666666666666	0.08966666666666667	0.08763333333333334	0.08729999999999999	0.08543333333333333	0.08630000000000002	0.0922	0.08943333333333334	0.0859	0.09206666666666666	0.09543333333333334	0.09443333333333334	0.1041	0.10916666666666666	Growth with formic acid treatment without aminoadipate supplementation.
H1	0.043366666666666664	0.0022999999999999965	0.05453333333333335	0.03	0.02943333333333334	0.042866666666666664	0.04116666666666666	0.050633333333333364	0.0572	0.06843333333333332	0.07076666666666667	0.0826666666666667	0.08076666666666668	0.09506666666666666	0.11693333333333333	0.11293333333333333	0.12296666666666664	0.13213333333333335	0.15323333333333336	0.16993333333333333	0.18893333333333331	0.2152666666666667	0.23216666666666666	0.2559	0.2757	0.30413333333333337	0.32820000000000005	0.3542666666666666	0.38373333333333326	0.42133333333333334	0.4524	0.49063333333333325	0.5367000000000001	0.5817	0.6247666666666666	0.6821333333333333	0.7485333333333334	0.8081333333333333	0.8383666666666666	0.911	1.0048	1.0861666666666667	1.1438333333333333	1.2160666666666666	1.2835666666666667	1.3792666666666666	1.3801999999999999	1.4884666666666668	1.5551666666666666	1.6274333333333335	1.6737333333333333	1.7130666666666667	1.8817333333333333	1.8325	1.8704666666666665	1.9179333333333335	1.883533333333333	1.9743	2.0596666666666668	2.0918666666666663	2.0225333333333335	Baseline growth without any supplementation or treatment.
H2	0.054066666666666666	0.03470000000000001	0.040133333333333354	0.030799999999999994	0.037133333333333324	0.051266666666666655	0.04766666666666666	0.04723333333333335	0.0461	0.055033333333333295	0.0896666666666667	0.11566666666666664	0.11776666666666666	0.12676666666666667	0.13683333333333336	0.14423333333333335	0.15906666666666666	0.17383333333333337	0.1975333333333333	0.20563333333333336	0.2202333333333333	0.24306666666666665	0.2637666666666667	0.2894	0.309	0.33253333333333335	0.36060000000000003	0.38316666666666666	0.4022333333333334	0.4337333333333333	0.4687	0.4961333333333333	0.5246000000000001	0.5660999999999999	0.5966666666666667	0.6265333333333333	0.6682333333333333	0.7060333333333333	0.7509666666666667	0.8111	0.8392999999999999	0.8766666666666667	0.9163333333333332	0.9655666666666667	1.0169666666666668	1.0763666666666667	1.1319	1.1580666666666666	1.1950666666666665	1.2500333333333333	1.3004333333333333	1.3426666666666667	1.4253333333333333	1.4433	1.4900666666666667	1.5773333333333333	1.5667333333333333	1.6334	1.6882666666666668	1.7637666666666667	1.7433333333333334	Growth with low aminoadipate supplementation without formic acid treatment.
H3	0.027400000000000008	0.02313333333333334	0.0189	0.005966666666666676	0.009233333333333343	0.01426666666666665	0.011600000000000027	0.005866666666666659	0.013033333333333341	0.015699999999999992	0.01573333333333332	0.021366666666666673	0.023999999999999994	0.027666666666666673	0.027533333333333326	0.025866666666666704	0.03156666666666666	0.03093333333333334	0.032733333333333337	0.034400000000000014	0.0357666666666667	0.0403	0.04343333333333335	0.04246666666666668	0.043333333333333335	0.0446	0.046066666666666645	0.044499999999999984	0.04960000000000003	0.049733333333333324	0.04993333333333333	0.048600000000000004	0.05026666666666668	0.05040000000000003	0.054866666666666675	0.054366666666666674	0.054933333333333334	0.05513333333333337	0.05246666666666666	0.056366666666666676	0.059100000000000014	0.056566666666666654	0.05746666666666664	0.05996666666666667	0.059233333333333305	0.05939999999999998	0.06106666666666666	0.05993333333333331	0.059099999999999986	0.06096666666666667	0.06153333333333333	0.0628	0.06263333333333332	0.061700000000000005	0.06086666666666668	0.06026666666666669	0.06180000000000002	0.06159999999999999	0.06420000000000001	0.06416666666666665	0.06356666666666669	Growth with high aminoadipate supplementation and formic acid treatment.
H5	0.023500000000000007	0.014333333333333337	0.011199999999999988	0.0016666666666666774	0.010733333333333317	0.01576666666666665	0.012900000000000023	0.0069666666666666766	0.006133333333333324	0.006599999999999995	0.019233333333333352	0.025566666666666654	0.02780000000000002	0.029666666666666675	0.032233333333333336	0.029766666666666663	0.03576666666666667	0.03563333333333335	0.03673333333333334	0.041800000000000004	0.04546666666666668	0.051199999999999996	0.053833333333333344	0.05406666666666668	0.05703333333333335	0.05860000000000001	0.06336666666666665	0.06569999999999998	0.06870000000000001	0.07093333333333332	0.07473333333333335	0.07350000000000001	0.07856666666666665	0.08090000000000003	0.0866666666666667	0.08806666666666665	0.09133333333333332	0.09623333333333337	0.09236666666666665	0.09666666666666665	0.1046	0.10906666666666665	0.11186666666666664	0.11546666666666666	0.12113333333333329	0.12579999999999997	0.12446666666666667	0.1326333333333333	0.13509999999999997	0.13896666666666666	0.14293333333333333	0.14850000000000002	0.15253333333333333	0.157	0.15856666666666666	0.1602666666666667	0.16990000000000002	0.1781	0.1832	0.19016666666666662	0.19296666666666668	Growth with low aminoadipate supplementation and formic acid treatment.
H6	0.008800000000000002	0.01	0.01773333333333335	0.017566666666666675	0.014833333333333337	0.008599999999999997	0.0056333333333333235	0.012800000000000006	0.00413333333333335	0.0010333333333333306	0.005500000000000033	0.00470000000000001	0.012900000000000023	0.01319999999999999	0.012933333333333352	0.014333333333333337	0.010066666666666696	0.0053666666666666585	0.009300000000000003	0.008966666666666678	0.010199999999999987	0.008633333333333326	0.008966666666666678	0.010566666666666669	0.009000000000000008	0.007266666666666699	0.007566666666666638	0.009633333333333327	0.007033333333333336	0.00899999999999998	0.007300000000000001	0.007033333333333364	0.010066666666666668	0.008666666666666656	0.006000000000000005	0.00853333333333331	0.007733333333333314	0.008000000000000007	0.005066666666666664	0.003333333333333355	0.006399999999999989	0.009033333333333338	0.007566666666666666	0.00626666666666667	0.005866666666666687	0.006233333333333313	0.0016666666666666496	0.006666666666666682	0.005899999999999989	0.005666666666666681	0.00736666666666666	0.007533333333333336	0.005333333333333357	0.005966666666666648	0.0045666666666666356	0.0002999999999999947	0.004133333333333322	0.002633333333333321	0.0029000000000000137	0.0037333333333333107	0.002599999999999991	Media control
H7	0.01496666666666667	0.002599999999999991	0.003933333333333344	0.0022999999999999687	0.011633333333333329	0.018100000000000005	0.02096666666666666	0.016166666666666635	0.017666666666666664	0.02043333333333333	0.03140000000000001	0.03373333333333334	0.032733333333333337	0.03586666666666666	0.040133333333333326	0.0446	0.04779999999999998	0.05096666666666666	0.05656666666666668	0.060633333333333345	0.06810000000000002	0.0676	0.07670000000000002	0.07953333333333334	0.0849	0.08966666666666667	0.09576666666666667	0.10846666666666668	0.11213333333333331	0.12039999999999998	0.12826666666666667	0.13496666666666665	0.14370000000000005	0.15433333333333332	0.1623666666666667	0.1757	0.18800000000000003	0.19729999999999998	0.214	0.22973333333333332	0.2283	0.2451	0.2571333333333333	0.2725333333333333	0.28813333333333335	0.3021	0.3248333333333333	0.3284666666666667	0.34850000000000003	0.36739999999999995	0.38426666666666665	0.4049666666666667	0.42786666666666673	0.4481666666666667	0.47463333333333335	0.5077	0.5282666666666667	0.5539333333333333	0.5829666666666666	0.6202333333333334	0.6469	Growth with proline supplementation and formic acid treatment.
H8	0.025866666666666677	0.012699999999999989	0.016433333333333328	0.03009999999999996	0.04213333333333333	0.0353	0.05036666666666667	0.049766666666666654	0.05316666666666667	0.05313333333333331	0.07140000000000002	0.07943333333333333	0.07513333333333333	0.08386666666666667	0.09393333333333334	0.10500000000000001	0.1192	0.13516666666666666	0.14696666666666666	0.16003333333333333	0.1776	0.19309999999999997	0.2135	0.23343333333333335	0.2572	0.28286666666666666	0.30356666666666665	0.33176666666666665	0.3604333333333333	0.4003	0.43466666666666665	0.4661666666666666	0.5053	0.5609333333333334	0.6142666666666667	0.6706	0.7215	0.7967	0.8180000000000001	0.8794333333333333	0.9641000000000001	1.0486	1.1136333333333333	1.1731333333333334	1.2536333333333332	1.3262999999999998	1.3335333333333335	1.4671666666666665	1.5261	1.568	1.6291666666666667	1.7036666666666667	1.7745666666666666	1.7876666666666667	1.8098333333333334	1.8556	1.8244666666666667	1.9437333333333333	1.9450666666666665	2.1207333333333334	1.9587	Growth with proline supplementation without formic acid treatment.
H9	0.02096666666666666	0.011933333333333337	0.01886666666666667	0.0199	0.023233333333333328	0.02783333333333335	0.026333333333333347	0.022399999999999975	0.017799999999999983	0.02256666666666668	0.028733333333333333	0.029733333333333306	0.029199999999999976	0.034966666666666674	0.034933333333333344	0.0426	0.044800000000000006	0.0479	0.05096666666666666	0.054800000000000015	0.05889999999999998	0.06103333333333333	0.06330000000000002	0.06520000000000001	0.07406666666666667	0.07963333333333333	0.07933333333333331	0.08933333333333332	0.09243333333333331	0.1021	0.10700000000000001	0.11213333333333333	0.12223333333333336	0.1323	0.13876666666666665	0.14883333333333335	0.15793333333333331	0.1708666666666667	0.1756333333333333	0.18556666666666669	0.2038	0.21683333333333335	0.2287	0.24116666666666667	0.2546	0.27423333333333333	0.27969999999999995	0.29900000000000004	0.31279999999999997	0.3315666666666667	0.34299999999999997	0.3635666666666666	0.3797	0.3937333333333334	0.4027333333333334	0.41813333333333325	0.43106666666666665	0.45389999999999997	0.47076666666666667	0.4893666666666667	0.5064333333333333	Growth with formic acid treatment without aminoadipate supplementation.
H11	0.002366666666666656	0.003333333333333341	0.006666666666666682	0.002799999999999997	0.004333333333333328	0.00413333333333335	0.005933333333333346	0.0041999999999999815	0.007800000000000001	0.01	0.007833333333333331	0.009433333333333321	0.011300000000000032	0.008766666666666673	0.009833333333333333	0.00789999999999999	0.007300000000000001	0.0024000000000000132	0.00736666666666666	0.005599999999999994	0.005199999999999982	0.004633333333333323	0.012300000000000005	0.012700000000000017	0.003066666666666662	0.0031333333333333213	0.011233333333333345	0.005233333333333312	0.007333333333333331	0.0067000000000000115	0.005299999999999999	0.003433333333333344	0.003133333333333349	0.003700000000000009	0.002466666666666645	0.0038333333333333275	0.0030333333333333046	0.0027666666666666673	0.005033333333333362	0.005366666666666686	0.0025000000000000022	0.003433333333333316	0.0021999999999999797	0.002366666666666656	0.002700000000000008	0.0019333333333333425	0.003500000000000003	0.002899999999999986	0.0005000000000000004	0.0014666666666666717	0.002599999999999991	0.005066666666666664	0.0021000000000000185	0.0002333333333333354	0.0004333333333333411	0.0038333333333333275	0.0008666666666666545	0.0010000000000000009	6.666666666665932e-05	0.01	0.01	Media control
H12	0.046466666666666656	0.03076666666666665	0.03940000000000002	0.05296666666666666	0.05429999999999999	0.042300000000000004	0.0421	0.0534	0.05356666666666665	0.04769999999999999	0.059100000000000014	0.05893333333333334	0.053833333333333344	0.06143333333333331	0.06599999999999998	0.07863333333333333	0.0993	0.09006666666666668	0.1587666666666667	0.14083333333333334	0.11659999999999995	0.11996666666666667	0.11566666666666667	0.13406666666666667	0.12919999999999995	0.12860000000000002	0.14016666666666666	0.14186666666666667	0.16073333333333334	0.14556666666666668	0.16080000000000003	0.1547	0.18809999999999996	0.2001	0.2046	0.19896666666666665	0.19466666666666668	0.20593333333333336	0.19453333333333336	0.2011666666666667	0.21933333333333335	0.23526666666666668	0.24399999999999997	0.2591333333333333	0.26826666666666665	0.2748666666666667	0.26646666666666663	0.30766666666666664	0.3108666666666666	0.3197333333333333	0.3379	0.3460333333333333	0.36119999999999997	0.37750000000000006	0.3782333333333333	0.38780000000000003	0.4332666666666666	0.4477333333333333	0.4609333333333334	0.4768	0.49596666666666667	Growth with high aminoadipate supplementation without formic acid treatment.
