well	0	1200	2400	3600	4800	6000	7200	8400	9600	10800	12000	13200	14400	15600	16800	18000	19200	20400	21600	22800	24000	25200	26400	27600	28800	30000	31200	32400	33600	34800	36000	37200	38400	39600	40800	42000	43200	44400	45600	46800	48000	49200	50400	51600	52800	54000	55200	56400	57600	58800	60000	61200	62400	63600	64800	66000	67200	68400	69600	70800	72000	Summary
A1	0.06847546692765594	0.07229919443746773	0.07553446365034967	0.078143227050952	0.07884159228548476	0.07848118395887556	0.078786485134778	0.07707398334814056	0.07690657790576862	0.07909033598598944	0.08300197887422181	0.08925079281263314	0.09474771070983447	0.09885212026307415	0.10263309337530446	0.10574080163360222	0.10879534729757907	0.11214863646949354	0.1150797164054469	0.11756684463757795	0.12072738373515894	0.12369086573127243	0.12713854546780468	0.1308259017290181	0.13368196371415006	0.13669622204828813	0.13898476898169693	0.140451197963795	0.14164086695922923	0.14339656721947058	0.14683417275677565	0.15150707464931285	0.15650333326371826	0.1607565049020105	0.16499291536648	0.16951201952430073	0.17247596646692823	0.1720397182589675	0.17270499365783315	0.17642089578089074	0.18254483331424698	0.19057432263975776	0.19583255260596139	0.19946055925746325	0.20308988303411063	0.20549993520605206	0.20888944405384263	0.21263791238032445	0.21803236706688028	0.2255623912919732	0.23201012252612369	0.23867342784466145	0.24554305710509045	0.25211466460135745	0.25959369163805773	0.26754178963025727	0.2754835619145739	0.2840617336019267	0.29154985638899233	0.29656703157538467	0.30162501545165776	Growth with formic acid treatment without aminoadipate supplementation.
A2	0.011139499638124448	0.013890378286787543	0.01677352257746213	0.01842420815074805	0.017875858139856624	0.01752121695721366	0.01633421772258526	0.015445738561809638	0.01603261852482286	0.016081488679380255	0.01619783328765953	0.013748358507701633	0.01057967888634004	0.009066630223353134	0.0074887494239312385	0.006311652313410058	0.005347128203201623	0.004228223541082717	0.004297875616502676	0.004844040568697788	0.005348418307930879	0.006009745283125751	0.006249449216488653	0.006591202755764767	0.0068136104014806746	0.006849510893265809	0.007188735337140262	0.007839640599198628	0.008210314153574505	0.008150249190174413	0.006904989130748901	0.00663739470602436	0.007806241445000972	0.009469710713610534	0.01046574313743228	0.009684499493715434	0.00867028525299224	0.008514224678167991	0.009287048813675536	0.009180315633703421	0.008038577503593262	0.0063824332490410385	0.004556410827031452	0.0035970827956130595	0.003516085409728053	0.005087561994674415	0.006558703811231408	0.00796214483126986	0.007772469705325328	0.006095220902874157	0.005255507972622984	0.005253462075009046	0.005443468807066034	0.006026136296252596	0.0063051577690675315	0.005633413700836561	0.005196574150589986	0.0048318596389776754	0.00499755716682762	0.0060764886626955335	0.007299097590262704	Media control
A3	0.07471970237821705	0.07386647124581443	0.07322289585542999	0.07237937076820544	0.07175685669064621	0.07021213303830967	0.07290002614759561	0.07742948765046755	0.08469630084773305	0.0931356781091017	0.10129778425660768	0.11168301404721555	0.12194991343412447	0.13283214137952765	0.14329680305561282	0.1547027595123627	0.16657891486725096	0.18085777893907606	0.19701652352794832	0.21365749105051982	0.23081283530126714	0.24750554166506222	0.26513131486682673	0.2839439892051284	0.3044929312786154	0.32540232639000943	0.34477937235693606	0.36455559431149914	0.3855393699510227	0.40941752475223775	0.43651523179255847	0.4647970606017358	0.49517451220555375	0.5255653725734593	0.5561259532545575	0.5883197393105084	0.6229295948000396	0.6648142439957094	0.7053852702490702	0.7439809506702167	0.7793812603992816	0.8144386620180257	0.8535463153285691	0.8956961472817723	0.938787132551839	0.9832735568433313	1.027646965163043	1.0739873121046655	1.1216763320435443	1.1699298426047278	1.2195914188331067	1.270060092124335	1.3231001479952484	1.3773418803849655	1.42723350139009	1.4775039013932032	1.5244999999999982	1.578633333333329	1.6201800472385135	1.6625940943595983	1.704873461223382	Growth with low aminoadipate supplementation without formic acid treatment.
A4	0.04286663893338264	0.047098954981521605	0.051341043334917756	0.05538721342735439	0.057738344866277005	0.06124223450845243	0.06482711472936215	0.06907087463781833	0.06857227336053358	0.06550762104091845	0.0637830128866111	0.06235030340482778	0.06275279425805043	0.059891391897943014	0.05796568024030432	0.059998216515951636	0.0654366676273305	0.07207117146416513	0.08018075361935087	0.08721955809780947	0.09324586487071947	0.09616065693541766	0.09745100933421036	0.09710332903761709	0.09918079327406532	0.09986987401370337	0.10130942417128001	0.10378333604784142	0.10722034622508878	0.11319580919329522	0.11896702407351992	0.12384412944596096	0.1275999564845166	0.1310240681801789	0.13640952722356067	0.14513037623268377	0.15587120202285226	0.1691164282207796	0.18026992956943233	0.18825675636654648	0.19465546655782529	0.20029667915009702	0.20866528945998336	0.21889509459820672	0.23027630320097434	0.24326584476696217	0.25506910394028354	0.2671652900538049	0.27746559451689673	0.28869593157536944	0.3007859451955883	0.31346432917980005	0.32599328825811785	0.3386587553029529	0.3512972198419439	0.3624054412060932	0.37418239604942977	0.38665836803050063	0.4007455490285361	0.4159744319114399	0.43131782597547186	Growth with high aminoadipate supplementation without formic acid treatment.
A5	0.07320111713286169	0.07441699140701474	0.07515417598090408	0.07405705397791973	0.07380183320997069	0.07385977279924212	0.07564189904709272	0.08262104133752299	0.08975921428384355	0.09925881292522663	0.10863850835738115	0.11774227443222979	0.12617039137625718	0.13751970522973964	0.1514500077243539	0.16698271909401907	0.18593600433308313	0.20575761479249918	0.22568927295964747	0.24532208487597043	0.26669177100959507	0.2910767035104943	0.31833835996685195	0.34611319213122776	0.3753952440771509	0.4074884227368981	0.44190433536765894	0.48093520228002606	0.5234607503098533	0.5698984628975949	0.6215545179500055	0.675943642090242	0.73255765072506	0.7905029319077457	0.8490265562755619	0.9100431860486363	0.9763099619859733	1.051916717076077	1.1249336880341583	1.1972628961501155	1.2663575491268153	1.3320423743780057	1.399816872119708	1.4670430408713564	1.5315684382817294	1.5936322963323908	1.6533878053962558	1.7120073515694574	1.769235245446301	1.826323460551138	1.8756013878759468	1.9179962114763787	1.9528555832276482	1.9856005911850267	2.009633333333346	2.0550739702966005	2.097077777777779	2.1408	2.1537444444444436	2.1666888888888884	2.1796333333333306	Growth with proline supplementation without formic acid treatment.
A6	0.010294190726467789	0.009987169860801472	0.009483925837506318	0.008521292301607796	0.007807182833191624	0.007018885323651649	0.0070564975437014486	0.006211405866376498	0.006051072802603303	0.006943992061628915	0.008238697372548242	0.009583131931503144	0.009850067390843724	0.010183156184439168	0.011533039842120242	0.013156503675150664	0.015389728805085413	0.017241769998394833	0.018918177545619978	0.020018976540379936	0.020921764904677793	0.021739664502903724	0.022545045850411904	0.0231422384732089	0.02360138654827015	0.024918648049318138	0.0261027672412816	0.027389331462807937	0.028218338363562617	0.028092131683308333	0.02803355337166969	0.028169762210094425	0.0284259743707298	0.029075126052297832	0.028072654849167912	0.02768703721348415	0.027529171170712123	0.028626551837223735	0.02929852507087746	0.029834629066978743	0.029783252075578973	0.030496975366372643	0.031001955815770876	0.03095910799251076	0.03161137728005076	0.03167611903089367	0.03242571606816174	0.03378573127896329	0.03516934433745702	0.03631500543037657	0.03638494269526579	0.03690898757429418	0.03740377061956478	0.03847196057014098	0.039962884167119066	0.04021994912435787	0.040433392767473625	0.04103380950792578	0.041352222601983735	0.042954516084946145	0.04475838876731526	Growth with high aminoadipate supplementation and formic acid treatment.
A7	0.04420223282498395	0.045710854485901974	0.04756700035731983	0.04914995361180763	0.050574715222277807	0.05513444450178561	0.05984137159010813	0.06708166345056435	0.07455285333557796	0.08196619906362974	0.08903002363884155	0.09688830301637891	0.10549528228612563	0.1174478828304408	0.133676949099965	0.15191440733228367	0.17088770153611887	0.18993429339961468	0.20953627540380024	0.2300870709038959	0.25129948571237304	0.2732582665557005	0.2966634654667635	0.3219828238112422	0.35080097252002757	0.38388507268416305	0.41910056275105806	0.45739761810581214	0.4985593721864286	0.5425304024826315	0.59254919137492	0.6468209684289256	0.7045078469236106	0.7664935447676603	0.8295053784558764	0.895587089798474	0.9650900950695671	1.0380330031661957	1.111554907944218	1.1850891838947784	1.2592921321874777	1.3319537106452242	1.4065323702371133	1.4758639925049126	1.5412555663479586	1.6070269287593466	1.6661522239644966	1.7246902679837572	1.7805494331151344	1.831781418683316	1.8785210307551596	1.9281626019502518	1.9531053801142053	1.9883000000000024	2.0173666666666668	2.0984333333333334	2.0305	2.1702333333333335	2.2023333333333333	2.0902666666666665	2.1256	Growth with proline supplementation without formic acid treatment.
A8	0.03791439103726902	0.035579182999943886	0.034698485520003784	0.03951345011219545	0.04598185012944506	0.054283233163696334	0.05835961485666112	0.06086832919294514	0.061926143542352076	0.06450698048138889	0.06942837504007536	0.07654123685329106	0.08524155152069304	0.0952500123382697	0.1089089455256996	0.12472408879304304	0.1427363017129539	0.16221002958778416	0.1811408192241224	0.1999311984890515	0.2187450379803445	0.23858743348719103	0.2602116561640164	0.2830609491523309	0.3078810828017685	0.33573218730630394	0.36547602577835064	0.39684633814530285	0.4304106034971307	0.4673051814391328	0.5087923415367874	0.5549782080875857	0.6065152173680424	0.659513335812856	0.7143782537200205	0.7713155871855027	0.8294152935034808	0.89021033827274	0.9523226018136899	1.0223029136393174	1.0883146409583904	1.1636997546951329	1.233701289994061	1.304599026644311	1.3750333849191834	1.442204497780933	1.5061295696568915	1.5658641415235	1.6260349738861888	1.6804596206971927	1.7306888621512988	1.773720758788	1.8079473269743407	1.8433548869367304	1.8778637730262702	1.9204426897637048	1.9640169096716433	1.99894913831761	1.9956179803549408	1.9866885753352734	1.9779040135771013	Baseline growth without any supplementation or treatment.
A9	0.03215818656083508	0.02850620781670174	0.02586210862526251	0.027560295471003884	0.03135969202914586	0.037382445382227306	0.04169213327179049	0.04754313394342656	0.052728939460929866	0.055998403554132097	0.05930063823302294	0.06333329173804765	0.07115367778267835	0.08192860997676263	0.09559613308135381	0.1116991541259099	0.12749310903469976	0.14304696442739748	0.15734634142314652	0.17125417706727417	0.18757955850168176	0.20665864857247288	0.22758769419007469	0.2502702739876459	0.27399855631743664	0.30062182006005117	0.32979217354949264	0.36040700454503277	0.3930224941018946	0.42721246881288094	0.46457798361597585	0.505921318914454	0.5493866407670808	0.5981172453337753	0.652388791014398	0.7108564860505191	0.777160385546019	0.8455025642287128	0.9147116429967883	0.9825306717490248	1.0447591220147974	1.1052376002922857	1.166473451190731	1.236634253415025	1.3074262296257195	1.3766988530928777	1.4413269936517885	1.506045434420679	1.5734822244062099	1.6370971790275552	1.6948785500136214	1.7409676994220065	1.783737892612919	1.8253971799054085	1.8652666666666304	1.9037333333332416	1.8610666666666666	2.0043666666666664	2.0304333333333333	1.9552333333333332	1.963566666666667	Growth with proline supplementation without formic acid treatment.
A10	0.009449878119751957	0.00891520453280414	0.00815121726102591	0.006686618207567638	0.0053649305910388155	0.004901161691491528	0.005387387836771253	0.006698736955501226	0.007881845706549831	0.00921364601332948	0.010729491508322912	0.01159375849996654	0.010211631840500121	0.008872935156298379	0.008835803325005269	0.009716671253466062	0.010406894164203177	0.010129881497686663	0.009444557752856105	0.009079741694220335	0.008582793192872546	0.007824780929925348	0.008308509257160562	0.010396028247875376	0.012538985982060057	0.014462064634168414	0.01436115569589977	0.013907085521914515	0.01323628693134969	0.012837887573016132	0.01328257351051676	0.014071433937632176	0.014432073986774981	0.014314673245542944	0.013611690931465126	0.012552557497922865	0.012894821904871791	0.013681278149676675	0.014872390205884961	0.015558413349216923	0.014607663915863845	0.013064773502673856	0.011369551197575356	0.010127821931871412	0.010593088736534745	0.011964773794057512	0.012854004214485104	0.013505626289495021	0.013080459086818716	0.012296861616635417	0.01204766986454802	0.012144911886915402	0.01176294528307384	0.011947983747905889	0.012428098782529148	0.011848406214756524	0.011484241345316866	0.010938281581917826	0.010837177911289072	0.011706850747848961	0.012632295676331114	Media control
A11	0.020216771511214093	0.022678737879226574	0.025362885391960865	0.02815684409138903	0.02750871453646776	0.026802655894179347	0.02564417576105766	0.02517121382606267	0.024765975720266696	0.02415938675664218	0.023826167457166484	0.023234032169391388	0.024148243565949964	0.024532783276383852	0.02424980313015913	0.023856256463006747	0.02330694954456936	0.02443296983404107	0.025568361591978832	0.02636209425408926	0.027482965304416105	0.028159398248770336	0.02833287937951377	0.028945130685809155	0.03016754308775908	0.032214448108453524	0.034536878192269777	0.0361569231394368	0.03814939085909186	0.04083958664512108	0.04229826036923867	0.04236979198256815	0.042856958881220805	0.04436279505658976	0.04766086376228117	0.0512741811560321	0.05457703082687837	0.058460617257928796	0.06106239634648259	0.06334008876344717	0.06493497078764113	0.06681596751855394	0.06969046349640966	0.0727250002486889	0.07521091673026799	0.07792251663869351	0.08029524793011578	0.0839941656639707	0.08884522609666216	0.09419165825166231	0.09854095205533077	0.10137637662138729	0.10428814780322164	0.10845924467288473	0.11511533011417636	0.12107369154392127	0.12693894621761512	0.13171929910521923	0.13610152489222965	0.1413736294085513	0.14663350630694216	Growth with proline supplementation and formic acid treatment.
A12	0.027286821012036954	0.02718455581079929	0.027277897827930758	0.027659724856282483	0.02797650375193828	0.028272871803034155	0.02791004305116637	0.026862720631402857	0.026787072699264013	0.02677926125867329	0.02791565634368532	0.030196452369656998	0.033593703934601524	0.03616039424987372	0.037681999223543636	0.038722796216434235	0.03974773626937845	0.04171278597740455	0.043202556315721244	0.04436991653604466	0.04527205011031055	0.046515138246552276	0.04730269938928431	0.04819830144285784	0.049519022023318045	0.05105653147331052	0.05350255300705607	0.0555139543792957	0.05759662061139091	0.059925477727557526	0.06163763249946162	0.06355100555645622	0.06573401079574279	0.06846001105347267	0.07135878311653913	0.07374568779274138	0.07574845431646371	0.07742642687720616	0.0780361506990614	0.07961319119573809	0.08157103432457943	0.08516715563632722	0.08903196705333172	0.0918162980600331	0.09374459283601334	0.09526471144262336	0.09705545649854058	0.09985467061403498	0.10319757681446892	0.10664165611011556	0.10878976330407544	0.11054021318355714	0.11289076984217887	0.11674347138963377	0.1223194649024671	0.1271098956616773	0.1317668273085474	0.13534570575694171	0.13849158144952395	0.14177970487579394	0.14510842356383713	Growth with low aminoadipate supplementation and formic acid treatment.
B1	0.03106708393026605	0.03674904617708125	0.041544153457101364	0.0437590743263383	0.04249859841540578	0.03942584423128942	0.039679415020656895	0.042099481859468324	0.04461858388041878	0.04757235616483523	0.05128315793445526	0.05788780149676393	0.06652666036878475	0.07233201151011145	0.07734755973668286	0.08165763249931522	0.08594937274454686	0.09226137713804457	0.09832053488282942	0.10458324198951136	0.11221386275455841	0.11845966599581984	0.12352767185076213	0.12846522026293744	0.1332486637828708	0.13953125514207934	0.14617516743106332	0.15255532419593615	0.15964622009265458	0.16775544493758618	0.17631132597434482	0.18439550639409574	0.19223300272960958	0.2006881139615937	0.2099195988454887	0.22005082424162503	0.22975967537500877	0.23942988598304235	0.24992545973037117	0.26220120528335955	0.27508605160089916	0.28843930242213456	0.3009341410941344	0.31314215645527066	0.3254621774851256	0.33672042789685197	0.3493204438256142	0.3628169119373454	0.37822360176148195	0.3953104264542791	0.41238713672270516	0.4298229397530236	0.4474849761159227	0.46436267143631704	0.4800407238514539	0.49633710332177	0.5126207092032282	0.5300357892845855	0.5483026692982633	0.5649676565161496	0.5816722724525379	Growth with high aminoadipate supplementation without formic acid treatment.
B2	0.018249100069172682	0.019016113176506515	0.019116528465512726	0.016658604079197732	0.013177550977988147	0.009136787482847377	0.00836085367939226	0.0087527015974126	0.00874278897955655	0.008254111653149628	0.007858068119599469	0.008910658887509287	0.01091808186662006	0.012934604787200328	0.014862090068184163	0.016653591990209576	0.018786142805300513	0.020555031593546574	0.021761028583262045	0.02237975433163178	0.02348227108359951	0.02412567443295921	0.024624871914975706	0.025474016133474064	0.026355570362670378	0.027522537274733413	0.028363584573722116	0.028130806371249848	0.027556974664291627	0.0273746154401438	0.027728222618186815	0.02781431982044385	0.02723513492213881	0.026112590027987048	0.02501451925568304	0.02497549541684785	0.02571068522108179	0.027596113862804462	0.02860644392527197	0.028513361198992396	0.02766724145722469	0.026740643454149726	0.02713044089401594	0.027723806138012952	0.02858749547968694	0.02876781642352358	0.028476108850126924	0.0283197342730343	0.027473610146531345	0.027451966485154546	0.027984763576472792	0.029224465942675314	0.030475277372838054	0.0317047827278285	0.03235284906569083	0.03186460975998662	0.031348554783217346	0.030495157053143037	0.03029178285645905	0.030287810859547626	0.030370415685614265	Growth with high aminoadipate supplementation and formic acid treatment.
B3	0.010632982474413417	0.011110097669791536	0.011609146778516962	0.012283030200774122	0.012872064155477892	0.013556463354561003	0.015006874845008254	0.01695384999784791	0.018901814044049794	0.020030058258521527	0.021196159327024	0.02286291783524943	0.02599009932892411	0.030167912742126345	0.03506953339444994	0.04040507104747402	0.0467391353642828	0.052702540631321196	0.058336937675699835	0.06331881837769203	0.06887412599356058	0.0747825634004242	0.08130230405035319	0.08849964175743211	0.09652626173027407	0.10515622983785558	0.11434396636813307	0.1229423365482744	0.13154098540300407	0.1405700067303705	0.1502564485343552	0.16036275191922286	0.17040382137799545	0.1807819946194353	0.1916595187989663	0.20455960217274496	0.2184433514938979	0.23408598714185408	0.2497510536219037	0.26496849169224534	0.27983433441999805	0.29434457745256326	0.31025362417574903	0.3271319266746324	0.3444493446443743	0.35989375042974253	0.37585136136796676	0.39189026214835254	0.40946531810946823	0.429849246561889	0.45036911667715107	0.4732764011064635	0.49821036599236385	0.5233628706612252	0.5489586321014899	0.575500271303863	0.6037429716762097	0.6354931260159707	0.6685004945502628	0.7011645308466419	0.733621347007023	Growth with formic acid treatment without aminoadipate supplementation.
B4	0.033384169351356865	0.04561697817053515	0.05651512257765752	0.06210617688948545	0.06519829675323768	0.06410038987024994	0.06553903508829405	0.06507127877258576	0.06377849660756643	0.06568945483731045	0.07313304154006242	0.08426281991081211	0.09562129956574032	0.10742532888008552	0.12158924093035604	0.13820614118109925	0.15663090131455804	0.1745388537539505	0.19122470019580287	0.20850065507415258	0.22804945940261262	0.24912794242663738	0.2715545623387309	0.2950005424613304	0.3205689280459718	0.3492330318224127	0.3811175344912797	0.4159591938088989	0.4545738925990265	0.49718110054281167	0.5437550774316198	0.5933428681720189	0.645718577499759	0.7018053642388373	0.7583049142770516	0.8178464942525476	0.8804644132509667	0.9497197984323187	1.0206990125132993	1.0918944280921876	1.1629141395955336	1.234936480897082	1.3113182540315154	1.385077864754664	1.4492534236140835	1.5042796258166173	1.5566029715732626	1.609750390342023	1.6674200908481875	1.7259854934154544	1.787253274566741	1.8127078096119202	1.8460005868792229	1.8766316054652297	1.9012971563910401	1.92984761304066	1.962929828357301	1.9820600433788491	2.013685700772111	2.0126422745715495	2.012884560728596	Growth with proline supplementation without formic acid treatment.
B5	0.015433333333333327	0.01	0.013800000000000007	0.01	0.01	0.01	0.01	0.01	0.001700000000000007	0.0008666666666666822	0.01	0.009999999999999981	0.01	0.009999999999999997	0.01	0.01	0.009999999999999998	0.009999999999999998	0.009999999999999998	0.009999999999999998	0.009999999999999998	0.009999999999999998	0.009999999999999998	0.009999999999999998	0.009999999999999998	0.009999999999999998	0.009999999999999998	0.009999999999999998	0.009999999999999998	0.009999999999999998	0.009999999999999998	0.009999999999999998	0.009999999999999998	0.009999999999999998	0.009999999999999998	0.009999999999999998	0.009999999999999998	0.009999999999999998	0.009999999999999998	0.009999999999999998	0.009999999999999998	0.009999999999999998	0.009999999999999998	0.009999999999999998	0.009999999999999998	0.009999999999999998	0.009999999999999998	0.009999999999999998	0.009999999999999998	0.009999999999999998	0.009999999999999998	0.009999999999999998	0.009999999999999998	0.009999999999999998	0.009999999999999998	0.009999999999999998	0.009999999999999998	0.009999999999999988	0.010000000000000021	0.01000000000000003	0.009999999999999908	Media control
B6	0.015812690287865933	0.017860454246295097	0.020228935692343925	0.022775002245598593	0.026656609759520746	0.028458823024043588	0.030161929269049696	0.03094555746084041	0.03243271304830266	0.035027107319285274	0.039302766623252536	0.04442714504762265	0.047971221035847354	0.05136541075449955	0.055907591244363265	0.06087842599016163	0.06681954664395938	0.07263031263371941	0.07880636455385627	0.0852765711572604	0.09195768863445265	0.09915552002101699	0.10658946119547588	0.11396943205641676	0.12133813979173928	0.12964467601104293	0.13808079039825794	0.1470156590237646	0.15624810007820739	0.1646781992592588	0.17366193751828918	0.1837854610019538	0.19505572331706014	0.20721106642557377	0.21761412578452116	0.2282498943101401	0.2373383031286072	0.24539488901684578	0.25577571467451865	0.270964631203671	0.28596538322804155	0.30328198032600784	0.3151059520868072	0.3277013536308805	0.3424675118625907	0.3579803738701414	0.37524595935982724	0.3932457208903944	0.412983565684963	0.43293531328227625	0.44993084579337894	0.4670364727901565	0.48262752687774074	0.49822410051821353	0.5168356448590359	0.540430164622645	0.5659124590088571	0.5946304441930682	0.6248515467926661	0.6543956950280317	0.6839600763522069	Growth with proline supplementation and formic acid treatment.
B7	0.007440214393491981	0.007871747456961353	0.008429999701490708	0.007875168672578267	0.00767230070953181	0.007023910574641884	0.006430615534339551	0.006293566161698086	0.006013224685338439	0.005883918833687957	0.005679187044139384	0.0054417611200359515	0.006147809720725601	0.007066483092539323	0.007296336670626766	0.007842073752638273	0.008407940687332801	0.009171334711872195	0.009276495469607751	0.009167575270544133	0.009565167729986068	0.009903490356584386	0.010370466650343054	0.010583151527769293	0.010208234008732551	0.008775122795164623	0.008235940566485168	0.007572998657159194	0.007476873014879791	0.007764337687751626	0.007030803895180582	0.005852185950231987	0.005721205184533771	0.0058404874409075545	0.008069880715508845	0.009724767406241272	0.009580495300825033	0.008431475643904767	0.0073592111975265845	0.006513822548254714	0.007130406970040533	0.006583299045448963	0.00675172703824871	0.008191996435448577	0.008513428596016278	0.009661844414151244	0.009765966852059481	0.009055926732874819	0.008259692271217513	0.00787513983841848	0.008713257977237925	0.009046086365640919	0.009701928999669353	0.009601622757726951	0.008275205716501319	0.008485331288496708	0.008968537221734647	0.00918754881841756	0.009954224792486668	0.008339509036276973	0.006404604884280874	Media control
B8	0.01246474651122704	0.021417988792668215	0.02965233049070191	0.03548544561179099	0.03874291213508724	0.04054806159521206	0.041436512979337516	0.041232518787981495	0.040121682969669926	0.04020860927346348	0.043107134570210204	0.04886392881292066	0.058566837402132504	0.06525536462882549	0.07086420174737137	0.07226224438967993	0.07167663566474614	0.07609731997663542	0.08225553512894729	0.08988699527087247	0.09766471256041465	0.10138391673157383	0.10418971368235173	0.10517804701830817	0.10880982071075662	0.11620891216201919	0.12422666489853433	0.1292556962396621	0.13277072145686244	0.13630100584147958	0.14077148471980402	0.1463660954775953	0.15327863977164288	0.16146483119803196	0.1715534933667707	0.18293232097539422	0.19217885324615475	0.1980630180443662	0.20435430104546404	0.21365878313577286	0.22665018568582812	0.24258225541612138	0.2556217879324775	0.26636938823200357	0.27849136382775	0.2890597980433512	0.302279565848966	0.31580299779159177	0.33188984817904227	0.34862563577425665	0.36286378436353756	0.37697107463752705	0.39060019275458746	0.40356871255340326	0.41695603118133584	0.43213273559332505	0.4478950351122429	0.46597484172229475	0.4873279498289164	0.5112935679881889	0.5355466982474499	Growth with high aminoadipate supplementation without formic acid treatment.
B9	0.04096017755051946	0.051029809489878515	0.06115307733803447	0.07095057721580364	0.0794899420216957	0.08730358118853264	0.0928032763966623	0.09855202936886948	0.10187961585213669	0.10641172147038444	0.11089172449016145	0.11732847112009188	0.12731505399008983	0.13691676437918343	0.14908228245630423	0.16163137898333169	0.17493649753079799	0.1909174128924352	0.20721346378519342	0.22559835275763546	0.24406120475870216	0.2620060128907229	0.27915974444253916	0.2955806570108183	0.31411014843269613	0.33585695903709284	0.3594060930211411	0.3843083324632737	0.4108186803299924	0.4373199794664096	0.4636608462998695	0.4924335161153432	0.5218657209316035	0.5533318513120896	0.5854541577994871	0.6194482400640899	0.6532014390652333	0.6873319997065591	0.7201062643631073	0.7554967504985046	0.7957247605971466	0.8388987416967659	0.8800564100211605	0.9196339735650976	0.9601627826034846	1.0011836418305997	1.0450514977852141	1.0897303361256645	1.1401236673191064	1.1920164345266786	1.2420766342101281	1.2941509488522764	1.3420294575939227	1.3900018933944704	1.4344326854650806	1.4805727847527852	1.5332104118027938	1.5841378323558946	1.6361992508428638	1.6813770313060559	1.7255903293767147	Growth with low aminoadipate supplementation without formic acid treatment.
B10	0.018639543910936297	0.018044172094918667	0.01775617981640289	0.018209851078395362	0.018735868616163345	0.018891409410611387	0.018832840291896788	0.018987228813526064	0.01948150378743748	0.020153501061465642	0.02223378023778419	0.025263753664131944	0.029546330445866367	0.03268096289376431	0.034877576678773586	0.036281150890812935	0.03729978404584577	0.03981889658053329	0.04210588523433043	0.04479260912875926	0.04748002160297887	0.049183169355446275	0.050310145265661674	0.05142330041214678	0.053340337423166434	0.05658055280981109	0.060400760223295435	0.0633554049703796	0.06681195964673883	0.07077622350621432	0.07423955436259648	0.07725621544861888	0.08030004969267013	0.0838795822037494	0.08869094124899045	0.0935260128077619	0.09703613485660087	0.09940709018604764	0.10174870835697375	0.10561596910621547	0.11062628483064903	0.11687653016187224	0.12290852461693026	0.12742839533515068	0.1306205708827276	0.1326089291833694	0.1352828771261998	0.13923645265395043	0.14471587633863675	0.15021978584395124	0.1549765213944843	0.15967187259773588	0.16505126380988844	0.17084154041893004	0.17678230522122607	0.18291351749343535	0.1894038171776154	0.19611098062527718	0.2026151964479212	0.2088949718023821	0.21513947848298348	Growth with low aminoadipate supplementation and formic acid treatment.
B11	0.011060344425704962	0.014045861025964498	0.017272031887220943	0.01966633480338053	0.019673405247183598	0.019528140157995123	0.019204251579530516	0.019551960941562703	0.020030866759218578	0.020129846365055028	0.020968697352392606	0.022382812171551976	0.02556584848003454	0.027999989724607453	0.029598220983215174	0.030568546280027597	0.03182958368488321	0.03511080655086299	0.03857962984208225	0.04255382021329197	0.04669089443904574	0.05027857200804399	0.053818696354739515	0.05773600140779747	0.062403968411948785	0.06782857696738948	0.07385380818050465	0.07953650763308662	0.08640427422850576	0.09369682047588739	0.09993777893710172	0.10549338377987216	0.11169480734957524	0.11929576768997456	0.12888135221325825	0.1391068339758917	0.14836440610389567	0.15695366639049754	0.16495134164943306	0.17392921999324568	0.18440443932905565	0.1965013200671688	0.21019433675078147	0.2245778233564075	0.23926555180953135	0.2511546585930196	0.26472691468176923	0.27875530581766195	0.29599578766045137	0.3128912373447307	0.3265944126300071	0.3381328647689031	0.349998211383843	0.3623158444650983	0.37733334020528747	0.3951843446343131	0.4131023824373153	0.43258306389872164	0.4534133096512327	0.4789480875641797	0.5047027810834613	Growth with formic acid treatment without aminoadipate supplementation.
B12	0.032435253485312	0.040739737460805364	0.04952079799789649	0.05489397974032207	0.05725419717836521	0.05705601856106785	0.05729604288015224	0.05958121726671644	0.06409190965919942	0.06977432725639304	0.07741759917357995	0.08678174019592275	0.0985612918051463	0.11082778883571767	0.12352926811842357	0.13699449090476337	0.15149569414041586	0.16779000653761264	0.18466222346212974	0.20291111357231773	0.2221588297583003	0.24251668232722445	0.2634821080695408	0.2856479053143114	0.30970359484444265	0.33669101065164586	0.36713498684690354	0.40003766134476193	0.43659695884527233	0.4752995012583216	0.5150263994374131	0.5596374746129251	0.6100420159524296	0.664419501002242	0.7243491286692576	0.7853686136927177	0.8440737681420953	0.8962351019475038	0.9610612129728244	1.0258366795575138	1.0968396710323016	1.1789957515353577	1.2568707004584134	1.3334353054528867	1.4121728275798253	1.4604443336604587	1.5190714654898874	1.5695664768576163	1.6324757415335023	1.688674392223745	1.7374716350238109	1.778940926697853	1.8167319980757355	1.849378213343567	1.8776707858811141	1.867033333333448	1.9484666666666663	2.0245666666666255	2.019791568222109	2.0328389787343397	2.0477212457142686	Baseline growth without any supplementation or treatment.
C1	0.04599975220545148	0.051391751969168155	0.05645213874525325	0.06065072415681802	0.06501462745831889	0.0671024064168603	0.07175711297832338	0.0792965979719535	0.09111176398620441	0.10550132805696792	0.11896754348648099	0.13230199437237858	0.14575268201398325	0.15823545956964635	0.17311237469700652	0.18628175060555194	0.20208935188836913	0.22076562894935797	0.23992103542256127	0.260314569778903	0.2811788557661857	0.3025541686506983	0.32573907393553003	0.349964908195277	0.37482785852191286	0.3988904700685949	0.4205947457413627	0.4425982112011821	0.46707165858029465	0.4962991228588108	0.5290615242454	0.5633668155553201	0.5979357572348598	0.632807685177713	0.6681625869564621	0.7043408130889404	0.7372974560722503	0.7650039477006966	0.7987551085679091	0.8392581168399688	0.8849485823934294	0.9372870271600058	0.9823290480629908	1.0218764756820164	1.0603625715859564	1.1081878830810858	1.1540740370346265	1.2052308142121946	1.2472617562228876	1.2951639573115226	1.3451803002146838	1.3969808778190937	1.4456726226263763	1.4917824441625236	1.5338336315195966	1.576181808060597	1.6214844623845184	1.6837124382984565	1.7292996658758253	1.760967584574519	1.791124481791404	Growth with low aminoadipate supplementation without formic acid treatment.
C2	0.021934716580466206	0.03546358607772549	0.04831133696766152	0.0595790707802456	0.06660673563152898	0.0691987237514461	0.07073662002265063	0.07185315489749597	0.07529374924674287	0.08337933855133033	0.09619500262038824	0.11193384688761993	0.1261737618577296	0.13922438801629183	0.15338563214378348	0.1705944026916613	0.1918911995830916	0.21423367904010027	0.23598244192133697	0.2573611591134893	0.28024243639550755	0.3053634667407791	0.3324676628170769	0.3617731783968461	0.39444120946724454	0.4313694120842693	0.47126076678976425	0.5132709014820658	0.5572233282455061	0.6049452831302797	0.6571034264938761	0.7126367381089658	0.7727412889825436	0.8369299746260757	0.9033800390028127	0.9713762771425956	1.038337353027269	1.1071128624151554	1.1808835403371538	1.253862045658188	1.329779087876327	1.4015298547481712	1.472142719643725	1.531673806442279	1.5844506655059332	1.59976666666665	1.6921833333333334	1.7893333333332078	1.8006400511271168	1.8356294472346382	1.874501006511589	1.9351923929567905	1.9785141219516778	2.048418751202014	2.052787790426485	2.055988845096088	2.0601030501098143	2.062720274513361	2.089762559101405	2.1050407643318083	2.121450355751491	Growth with proline supplementation without formic acid treatment.
C4	0.00897477593009751	0.008106820627242326	0.007170019979636943	0.0078952425025791	0.010005724834817892	0.012058158056039017	0.0124149593262233	0.010855412531132726	0.008546430930471895	0.008550305098503451	0.010759321693627437	0.014595106919510248	0.017748809464358657	0.01939328016261497	0.019678512540649493	0.01969772873263846	0.01992160513591098	0.020326859413964154	0.019908564905853483	0.019948618071758187	0.019026694915228307	0.018317193627094296	0.017041709824155257	0.014620576385322282	0.012728179210200802	0.010410635887601669	0.008884420597152876	0.008857532641749183	0.009711932163674917	0.010192568793565478	0.010553605244411065	0.010320453220074887	0.010137758040160923	0.01052993449498868	0.010898645432565229	0.011679794140488127	0.012135068663071492	0.011741603627550425	0.011551065672775841	0.011879808027866074	0.012774253896013738	0.013588120396037968	0.012993802487589948	0.012616996166156375	0.01209446020915493	0.01227722241853076	0.012702297945800658	0.012692296969788644	0.012998274825828885	0.013033251347969935	0.012594736859929517	0.012022337837540219	0.011748568422428008	0.011651011508087075	0.01173801191130039	0.011855804646133236	0.011449592601908254	0.011633372306890313	0.011556260677857675	0.012173057149725958	0.012791538029214459	Media control
C5	0.002287494208750232	0.005343500071859848	0.0080175722538025	0.008977218296039317	0.0089176824201024	0.00801848065717111	0.008168581134613205	0.009036214719145275	0.010101629501663007	0.010651915359335233	0.011121089101182525	0.011391819584973296	0.011353661252177674	0.011551581484984016	0.012739177266217374	0.014377893389039375	0.017272355230459325	0.01976346314885369	0.021799318800174255	0.02348620210605316	0.024921197199416063	0.026673023794768453	0.028206732892989146	0.029389480030706988	0.030432069919732595	0.032266043420284475	0.03424785718457183	0.03641994617768049	0.038298506880068486	0.039326672567960866	0.04062158929738881	0.04263081629768343	0.044872825186417026	0.04756539371673851	0.048431004611021615	0.049693809847992515	0.05182377519627694	0.05545475924578236	0.059125241797050136	0.06239731056232227	0.0649980914156543	0.06823742943752126	0.07193074020492916	0.0750039901024142	0.07930302895494831	0.08453607613935113	0.09016661507100575	0.09663479453292091	0.10180244197777827	0.10665746328559196	0.11095421981706426	0.11620193899602671	0.12143772332722977	0.1287806432233399	0.1340519585059054	0.1399368271686365	0.1456937555000587	0.15079891906864923	0.15709868663184284	0.16451309825895138	0.17247879983751727	Growth with formic acid treatment without aminoadipate supplementation.
C6	0.007478783848622775	0.010324475658346833	0.01331763721607675	0.015792301504962993	0.018176788214384686	0.020216838373811264	0.022269409518178126	0.02367072401426002	0.02607265524946152	0.02925130159598805	0.03384125203327021	0.03899262415306107	0.04227054529522104	0.04485849496558385	0.048197593212697024	0.05169997719395781	0.05643314657929989	0.06089098520772263	0.06501342934733469	0.06872284739153021	0.0721792656778845	0.07594717770085474	0.08004649697421899	0.08382549193516914	0.08746081890902266	0.09157037747716615	0.09545512187653744	0.09945935422290414	0.1033357633308025	0.10623198794127035	0.10961084075774741	0.11353528744291572	0.1178063840148001	0.12246477309255877	0.12459913075577611	0.12742526561183032	0.13061547142833446	0.1349040387557766	0.13980294488610925	0.14484125141863483	0.14957466811516296	0.15522506489131313	0.16033731565157372	0.16492823073479346	0.17020932860233048	0.1752680189730285	0.18131209762064718	0.18795924972352343	0.19467900574783453	0.20090152284940704	0.20596790012331032	0.21194480284534678	0.21855410547365534	0.2272795414651587	0.23498905149243232	0.24211275641465957	0.2484276644932528	0.25432814799892445	0.26165345689841146	0.27106660319355946	0.2811371939419365	Growth with low aminoadipate supplementation and formic acid treatment.
C7	0.01950061606753726	0.02745359148418484	0.035895801239507835	0.045707452168035595	0.05454385574566001	0.05898589516701314	0.06039280493496884	0.060644471237649364	0.06127670842815558	0.06419952202725565	0.07060042987406351	0.07542768391795746	0.07779467115450396	0.08036735544076112	0.08476123147320523	0.09553293882636205	0.10255871926632534	0.1101357149762754	0.1159293645664206	0.11868539686478857	0.12245923645103118	0.12790556857570398	0.13444495588168068	0.14040702166809668	0.14669206294700346	0.15373766009973291	0.16103886220096875	0.1688412908355238	0.17696525273060082	0.18474728921705152	0.19318668992036914	0.202977472261984	0.2140820491680449	0.22614307167358316	0.23682067869037987	0.2480786036217632	0.2590704963600611	0.27128659311144043	0.28325248998668007	0.2952671919832931	0.3073985109051611	0.32081226065468854	0.3343795038085863	0.34781889614674827	0.36121570193989305	0.37519253736269936	0.3912274729748918	0.40851057866266915	0.4278743413488595	0.44662672930370484	0.4633469732802898	0.4811061231509811	0.49853162039116833	0.5157134410040685	0.5342863306843584	0.5520541400354796	0.5711842916432869	0.5926266795461113	0.6139241934608055	0.6379227965792746	0.6623653452550974	Growth with high aminoadipate supplementation without formic acid treatment.
C8	0.010000000000000002	0.01	0.01	0.009999999999999998	0.009999999999999998	0.01	0.01	0.01	0.009999999999999998	0.009999999999999998	0.01	0.009999999999999998	0.01	0.01	0.01	0.01	0.009999999999999998	0.009999999999999998	0.009999999999999998	0.009999999999999998	0.009999999999999998	0.009999999999999998	0.009999999999999998	0.009999999999999998	0.009999999999999998	0.009999999999999998	0.009999999999999998	0.009999999999999998	0.009999999999999998	0.009999999999999998	0.009999999999999998	0.009999999999999998	0.009999999999999998	0.009999999999999998	0.009999999999999998	0.009999999999999998	0.009999999999999998	0.009999999999999998	0.009999999999999998	0.009999999999999998	0.009999999999999998	0.009999999999999998	0.009999999999999998	0.009999999999999998	0.009999999999999998	0.009999999999999998	0.009999999999999998	0.009999999999999998	0.009999999999999998	0.009999999999999998	0.009999999999999998	0.009999999999999998	0.009999999999999998	0.009999999999999998	0.009999999999999998	0.009999999999999998	0.009999999999999998	0.009999999999999988	0.010000000000000021	0.01000000000000003	0.009999999999999908	Media control
C9	0.00821867402307156	0.009724396576453829	0.011409385034626372	0.013905347618680435	0.017081668920742664	0.020764719834594676	0.022972250066645467	0.022739394899179977	0.02288236236755093	0.023499169123785198	0.027020215203336053	0.031210311972809796	0.03483948666585429	0.03673922113815176	0.03827198675605901	0.039264255089369884	0.04068989502719519	0.043534243768800336	0.04628311839665409	0.04899410672992603	0.05160620069320104	0.05371365986580395	0.05566488977671827	0.05753209975418876	0.05907889791382222	0.06221766022347531	0.06538815655639987	0.06817849450609194	0.0711739500122894	0.07387220046493173	0.0765207834654838	0.07881948321160125	0.08114560314528743	0.08396375892936873	0.0867852160617824	0.09019450788384682	0.09371267320700491	0.09784135656512616	0.10133380220568491	0.1052135488517751	0.10896718039931574	0.11342866441420052	0.11713886690437957	0.1199282007345409	0.12323394632711113	0.12695387522912038	0.13109198494357754	0.1359818807228859	0.14116124196001634	0.14629474705902185	0.15032258789870448	0.15450333839816746	0.1586217721039298	0.16353032910651	0.16891615304720187	0.1726310833029981	0.17561887663229717	0.1785024787527389	0.18171791575281243	0.18798892020387692	0.19486581897963628	Growth with low aminoadipate supplementation and formic acid treatment.
C10	0.02769595466841276	0.03512347187018791	0.042561767431109676	0.04900736554673584	0.06103106152699708	0.06659481908028107	0.0678499995735017	0.06519252763447421	0.06324582057033652	0.06279212100921334	0.06494926803625303	0.06917661871104949	0.07395975740179658	0.079397736256584	0.08023412592427762	0.07996363096605622	0.08274854729602307	0.08581734801490036	0.09073785115210878	0.09521960482996944	0.10036892967358448	0.10551835366995818	0.10910955854210232	0.1133324395967021	0.11844181263974801	0.1251729002286975	0.13260574389277877	0.13836266286633037	0.1442794230139101	0.1516940950547847	0.1593549483095677	0.16634865939985882	0.17326833247361004	0.17899606305933372	0.18649676990875613	0.19511306970069292	0.20407752586598255	0.21302669190781862	0.22116241951419335	0.23018598714227356	0.2411193058441875	0.2534114751227543	0.26587907283121587	0.2767871575430306	0.28647216323557767	0.29634796817846365	0.30689505851118426	0.3185152055117447	0.3309257619235033	0.3429487113543041	0.3540827042992997	0.36528498003773396	0.3786047628108208	0.3922420588993636	0.4072136756994468	0.4206638642691929	0.433502096399892	0.44630949215710847	0.4591732015859779	0.4728696887438698	0.48659618285388573	Growth with high aminoadipate supplementation without formic acid treatment.
C11	0.011434364974803298	0.015656692982677783	0.019920247658277317	0.02362263136360028	0.02608463985309509	0.02674548659490342	0.026573583656958933	0.025052007456890915	0.024486063014729793	0.024512670998642946	0.025989042069772098	0.028520350226400825	0.03219329932177314	0.03468882536014484	0.036343284274620455	0.0374217133784439	0.03854544054242615	0.04028689691802307	0.041614988288836495	0.04206009959061205	0.042597989559721806	0.043206475307219674	0.04333557921788176	0.043609216281830614	0.044416668771815326	0.04564722616470348	0.04708752853876287	0.048110267809974364	0.049563577152644	0.0515963102884903	0.053112019655712134	0.0537376382699497	0.053855792134183504	0.05460009033848631	0.05515479870409124	0.05630792349867352	0.0572433580737063	0.057866985470928285	0.058072734518174164	0.058873128688315006	0.06042579738158717	0.06308507802996065	0.06591729682311025	0.06735538354953034	0.06750146763735039	0.06730731277837963	0.06770697403010785	0.0692697261454653	0.07214868799240343	0.0745679930186029	0.07520172329908982	0.07527206809226421	0.0759272408508762	0.07651571072589021	0.07820919111296544	0.07993378665065612	0.08190428051115102	0.0845876105293223	0.08680983525271861	0.08847185442290359	0.09023561407331365	Growth with high aminoadipate supplementation and formic acid treatment.
C12	0.00866317097656611	0.010513371535703564	0.012684933443205338	0.014587527131152566	0.017427523409478608	0.017882900380524133	0.01703553022868672	0.015154261140454294	0.015080633672036896	0.015887037723748873	0.018089784462442676	0.021576480703459272	0.026337223104907003	0.03012468333886944	0.033148485045713535	0.036054955332135825	0.039671622354743634	0.044625681085113604	0.04971612168358104	0.05490440747428724	0.06045220746056926	0.06623685461856652	0.07163274386750612	0.0775159088178963	0.08495242654252534	0.09392848971332962	0.10444525988384465	0.11525987125337599	0.12715830358408467	0.14049034772197663	0.15432959092208637	0.16828163627029996	0.18291857540645162	0.19848287996261166	0.21546545306838882	0.23418927706920273	0.2526941669017401	0.2709816815022319	0.28945874198836397	0.30825793119666567	0.3282155771942544	0.3483903392292139	0.3678167844929757	0.3869641126162967	0.4068070044275773	0.42901449331142105	0.45355779988303824	0.4792021819104844	0.5070434732319159	0.5365063392701998	0.5679465451508992	0.6022846369985797	0.6403114379086768	0.6791774615437697	0.7192285650940964	0.759841062578811	0.8036363513687456	0.8516048105573917	0.8999294384968972	0.9467250776472927	0.9935060434560847	Growth with proline supplementation and formic acid treatment.
D1	0.03898579298214723	0.03779158819144506	0.036586304602311166	0.03703415078346818	0.03805455786441533	0.037336176680577766	0.036063816271927694	0.033971776839522454	0.03513130822364912	0.039245186132907624	0.044762515837944036	0.05180367225038381	0.05869694290177346	0.06389910442028948	0.06851680793046293	0.07324474090922388	0.07795194465715996	0.08343773461927934	0.08877331004202477	0.09479902521416472	0.10157156699991518	0.10897757494132974	0.11650007591737181	0.1240122646423225	0.1316971010494092	0.13930536465228008	0.14689857904420983	0.15492612629133018	0.16368928106643804	0.17325277382916637	0.18350118970710455	0.1943562879738941	0.20605450414754195	0.21866873641711432	0.2318366461000955	0.24542870497124947	0.25842893032535735	0.2710437616162438	0.2838985089052454	0.29681704057359415	0.3107771948179338	0.3259255989784275	0.3411170926541625	0.35675512502488044	0.37206181821792195	0.3864561024135734	0.40147327184767667	0.4165229717859304	0.4326141593827334	0.4501099674263748	0.46878795093457815	0.48833060106674675	0.509139086146092	0.531017727415132	0.5528834097077796	0.5770923559438439	0.6024915637018872	0.629447776686396	0.6583800460034719	0.6883483431315631	0.7186047642069155	Growth with proline supplementation and formic acid treatment.
D2	0.017228581179781304	0.019649378717021576	0.02181343076754974	0.023051370954662	0.022253857191763874	0.020551468546337763	0.019974243053223546	0.020322087432512737	0.021434247620880253	0.02268885533142897	0.0241388565617757	0.026050231364921028	0.02805023947358229	0.02967604260723709	0.03137467344346528	0.03340247966232358	0.03559327469003572	0.03779167666407101	0.03995842672559441	0.041684826562819244	0.043742910410836854	0.04553794435546224	0.047157083601142416	0.04922151455217411	0.05117049299843819	0.05347753102540479	0.05541831512150514	0.056576715754225224	0.05747013337966579	0.05848056064810005	0.05970294580769632	0.0612786536673486	0.06276003234947031	0.06395624632582897	0.06511740641089911	0.06620505103505056	0.06670822315103334	0.0666261882375338	0.06660343136337257	0.06763265311630196	0.06974248383781403	0.07279509433136344	0.07530348444517572	0.07702841571282028	0.07835023882137962	0.07935228728483606	0.08137706702397356	0.08377091449257819	0.08639404218869298	0.08850740225676991	0.09075467340986128	0.0935969808431762	0.09665961095210973	0.09909971777573374	0.10054127399396912	0.10251012544849275	0.10475891567438003	0.10787924736797987	0.11121181653073571	0.11383323560408018	0.1165630675413573	Growth with low aminoadipate supplementation and formic acid treatment.
D3	0.00999999999999995	0.010000000000000054	0.009999999999999998	0.01	0.009999999999999998	0.01	0.01	0.01	0.009999999999999998	0.009999999999999998	0.01	0.009999999999999998	0.01	0.01	0.01	0.01	0.009999999999999998	0.009999999999999998	0.009999999999999998	0.009999999999999998	0.009999999999999998	0.009999999999999998	0.009999999999999998	0.009999999999999998	0.009999999999999998	0.009999999999999998	0.009999999999999998	0.009999999999999998	0.009999999999999998	0.009999999999999998	0.009999999999999998	0.009999999999999998	0.009999999999999998	0.009999999999999998	0.009999999999999998	0.009999999999999998	0.009999999999999998	0.009999999999999998	0.009999999999999998	0.009999999999999998	0.009999999999999998	0.009999999999999998	0.009999999999999998	0.009999999999999998	0.009999999999999998	0.009999999999999998	0.009999999999999998	0.009999999999999998	0.009999999999999998	0.009999999999999998	0.009999999999999998	0.009999999999999998	0.009999999999999998	0.009999999999999998	0.009999999999999998	0.009999999999999998	0.009999999999999998	0.009999999999999988	0.010000000000000021	0.01000000000000003	0.009999999999999908	Media control
D4	0.03496238874416928	0.04202963374015644	0.04879725248159832	0.05498201008869803	0.05914236227680571	0.06120264422440021	0.06477209270515771	0.07095007532107192	0.07817257180843876	0.08480642139662782	0.09235586420736529	0.10168281619800235	0.11287658006691852	0.12580324664313142	0.14016217443685464	0.15642698150951392	0.1738774848695511	0.1921336755794894	0.21126923359064326	0.23080112112740617	0.2524244153400656	0.27504921752170663	0.2986805763099669	0.32433236327241116	0.3521434074931674	0.3828923846300535	0.4154400535069261	0.44979370775316924	0.48799087320773094	0.5316982593838071	0.5809119884830077	0.6346410563755972	0.691085155082267	0.7487485480689324	0.8075849249995091	0.8687118609102015	0.9324262548944944	1.0027394075412228	1.0767447633306182	1.151835030144588	1.227579044019819	1.299652684484273	1.3731933814870176	1.449641208467859	1.5258967448050573	1.5964697688906033	1.666025067079429	1.7276422593363179	1.7827194497790633	1.8265972038091776	1.8643166201112087	1.9018084176251495	1.937893287220926	1.9646053398342511	1.9888533259102728	2.0139681732975965	2.050967451601545	2.0895074041144968	2.150966666666725	2.208433333333306	2.2659000000002756	Baseline growth without any supplementation or treatment.
D5	0.026164831358031288	0.033031887023918245	0.040189873339556245	0.04645142596974276	0.05368603499475129	0.058906108002338566	0.06357341620184513	0.06713783852865168	0.07075353175249116	0.07562672159302143	0.0837479729922988	0.09530612531773705	0.1087553196061136	0.1236841080585899	0.13975775777670893	0.15710605353432827	0.17572709736258427	0.19433460238905909	0.21357945058473204	0.23322968867857227	0.25423093739979813	0.2778370888275194	0.30292539376231126	0.3297256406760368	0.3581501073107569	0.38853634729826264	0.4220287015810026	0.4584710935125423	0.50053338748929	0.546298839239275	0.5954147983795869	0.6485413377103618	0.7031334262718913	0.7615360192764448	0.8238937255472173	0.8885395860980494	0.9533516320025165	1.0124864128645632	1.0760586411739927	1.1413501494638814	1.2182056484543347	1.3016023263835583	1.3817317107969762	1.453786533387178	1.5194323422433151	1.586549354260556	1.6551474395544594	1.7224844962023527	1.7883214859202985	1.8348680088145688	1.8710670362838095	1.8992845507857261	1.9223003363981859	1.9459050099310098	1.9683580416530395	1.9917460223992962	2.0190348076974978	2.0485850375503034	2.099266666666617	2.1467333333334393	2.1942000000000723	Baseline growth without any supplementation or treatment.
D6	0.01603729459734212	0.018858258037523525	0.022406496996858066	0.02803293634390202	0.034174223446544943	0.040465304765104244	0.0470261100734761	0.05509028317843156	0.061536413497723624	0.06733679053837316	0.07158304905215092	0.07796604347586197	0.08494634806426217	0.09466757098285673	0.10820873422390512	0.12323811913124101	0.14017624385415572	0.15749705935751168	0.17561714753406976	0.19451244468212717	0.21357629231319497	0.2346541228020744	0.2577810948073949	0.2824052560693964	0.3087896306175444	0.33768564789793226	0.36760707400123144	0.3997939020216219	0.43517045943668015	0.4731731065758873	0.5163121318306108	0.5645108842512442	0.6167909354193306	0.6718110382543602	0.7284701691140426	0.7883506337332888	0.8478204850717415	0.9085710402109539	0.9751305827795675	1.0493283324785916	1.1277283399909759	1.2104718134329786	1.2884763001623822	1.363653129248028	1.4364285801446386	1.5063573682401112	1.5757590085928341	1.6423552108449804	1.7086112029962972	1.7644270844779015	1.8117913169616502	1.855548186413727	1.8947119936865868	1.9200570790574263	1.9425510756789537	1.9638690885813468	1.9892873876911958	2.0200132688402976	2.056687366907229	2.0921669359647432	2.1267276308929377	Growth with proline supplementation without formic acid treatment.
D7	0.02502637000422922	0.02524184625499533	0.026034275064485586	0.030579363210624176	0.0401443839045757	0.04747650468456687	0.052165839360961364	0.056690676449659895	0.06136502001428591	0.06787919848769527	0.07659844512838661	0.08440331574342319	0.09215383476772906	0.101152028977423	0.1120647643305987	0.12528463729970724	0.14041955878209783	0.15623041906043764	0.17158607324879868	0.1872727808016549	0.2038652645005114	0.22102029502280846	0.23910038704500056	0.2576175975211637	0.2765378553583504	0.29699935709010755	0.31707351341102763	0.3375545227772884	0.35930913385765006	0.3819264446922188	0.40669936900499704	0.43140816776720237	0.45796789006433325	0.4869908323852743	0.5163182676674211	0.5457911139925552	0.5777332731737999	0.6195439711326503	0.659043599947332	0.6894308578520816	0.7217887097657022	0.7436161746351052	0.7724760130945872	0.8040501034934054	0.8384922981290182	0.8788647097219512	0.9212486935222959	0.9640997007480685	1.0069221427281434	1.0505001743211104	1.0905983903572447	1.133418011772075	1.1797402693955954	1.2368511187432425	1.2855534388494314	1.3345738898198	1.3786018074014186	1.4379145443848764	1.4913153193904736	1.537011781504102	1.5805652888537842	Growth with low aminoadipate supplementation without formic acid treatment.
D8	0.01545003658632254	0.012446832582398228	0.009575437184321411	0.008075824976387036	0.007122830287728599	0.007017231438076037	0.007120251267140641	0.007228381101879484	0.007554112627459749	0.008552883467787716	0.010040796150997504	0.01166308529819387	0.012105746060539973	0.011488082262936255	0.011406610406242473	0.011349055267184499	0.011607821403452241	0.012211636496865953	0.012340101276112778	0.012954001873864562	0.013969649653394742	0.014541031782970086	0.015439564562138748	0.01657998272754229	0.017447562739990638	0.01904129041649919	0.019479704621474313	0.019632773250140175	0.020114920733317	0.020532154411591796	0.0209202313054792	0.021044887982035076	0.021339223831208922	0.022028018858432447	0.022577124423588762	0.022996292907731978	0.024021478457201206	0.02533113883088587	0.026088153562052407	0.026669813243832444	0.026484501987244186	0.027048732336363016	0.027369529355608102	0.02718538574091574	0.027647358466690794	0.02777687762827047	0.028507833647672644	0.030037780816419227	0.031661432072702465	0.03265311974529806	0.03239903512806143	0.0322640986412809	0.032017715889886354	0.03248409888641496	0.03353212931479848	0.03342517994832678	0.03351740481414434	0.03385137308152431	0.03377350769603719	0.034881371941079944	0.03606215126275847	Growth with high aminoadipate supplementation and formic acid treatment.
D9	0.034661087728558825	0.028648738576691337	0.0236497415599235	0.024208669081281612	0.02845837235480657	0.03353879253390912	0.035429135132754815	0.037083897009752544	0.03940918773173022	0.04320088015714679	0.050890865845011936	0.056773057139972924	0.06229381996951643	0.06373948908000973	0.06131663463085876	0.05943589914212922	0.05793000673881411	0.06021518055837133	0.06418822933624015	0.06820137197403618	0.0716207834976024	0.07527978356194916	0.08309468343856213	0.08917657619299271	0.09518412184690786	0.09642029480704906	0.09603174016629408	0.0993475171635158	0.10479294845582825	0.1118508041769142	0.11845180789709506	0.12362768479860564	0.12752376990742315	0.13144884453718386	0.13644421372482496	0.14346491574856862	0.14967172949269675	0.15135473450906256	0.15510334872261802	0.16128112712526033	0.17216895994725767	0.18492480036423772	0.19430209653908728	0.2021686353114358	0.20982573820682013	0.219428749964465	0.2301655046653892	0.2412179110951852	0.2527430907136626	0.26264551583448187	0.27221497880374373	0.2809339785576121	0.28934683539099104	0.2963864169094013	0.3045579574670078	0.31385610925939544	0.32361570947055485	0.3350346623989745	0.34894945939759914	0.36146676855792537	0.3740824685765945	Growth with high aminoadipate supplementation without formic acid treatment.
D10	0.021014208509958117	0.02334185200912763	0.02574454966254731	0.027820584527690564	0.02908917432693458	0.029824596985820115	0.030186643186401043	0.030554818480725547	0.03153378806424977	0.03220892422465987	0.033320021856497975	0.034930933755834725	0.03646020124504775	0.03760499760190869	0.03868497967428514	0.03985259357986473	0.04156332727761843	0.04453987982602366	0.04677577851010609	0.04918050578153145	0.05221006106815568	0.05523333714849259	0.058802765256760856	0.0629695952012233	0.0673696914290565	0.07247881898467988	0.07727884415240438	0.08161840397723523	0.0863770966218447	0.09163166358024893	0.09704352376796291	0.10249999527644119	0.10898683255200108	0.11670064142986815	0.12534316464221384	0.13336527833996997	0.1408932545971126	0.14754869978221788	0.15462199895208317	0.16335363388708846	0.17410869317330233	0.18626157026533927	0.19901780944431918	0.2114768456103373	0.22317682632982125	0.23580278017302325	0.24879215733504084	0.2613580427252211	0.2748679883626835	0.287441976620637	0.2995828732446346	0.3119508109931481	0.3250924401844272	0.3389769321754454	0.3542886076351903	0.3705505002128638	0.387570008334483	0.40597507916953796	0.42554742336155377	0.4448315097310829	0.4640279920476631	Growth with formic acid treatment without aminoadipate supplementation.
D11	0.00889437664219582	0.01006852904495617	0.010986649513555736	0.010372738432325078	0.008164738158882969	0.006497103689370445	0.0055134072603283775	0.005740130780567347	0.006188993485493837	0.006268100621160047	0.00507644932335676	0.004712213515359159	0.0053819949442867375	0.0064022410416136	0.007323353601851289	0.006948642615022737	0.005720272259597602	0.005627855207596805	0.004418204330070638	0.003129555840452276	0.0019898154247944616	0.002310254482401472	0.004003781535891855	0.00578805667783897	0.006556239232525047	0.006247025736742481	0.005730339696830065	0.005694754885716381	0.006212086635927978	0.0075017362062980136	0.008149110172177997	0.007982489345725248	0.006877991060043244	0.005536709425121839	0.0053112148419827325	0.004907598222846461	0.0047101283671737455	0.003704659101610065	0.003472848649926761	0.004318350887464753	0.0062909722747432955	0.007698099069988404	0.0073509174770857695	0.005926473578111273	0.004766630374961311	0.003913559258432779	0.004578428783462242	0.00510054316874902	0.005931252604543048	0.00537435385037493	0.004939212138986352	0.004906415383327331	0.005180702194145628	0.005259461931576975	0.0037779816626576906	0.0022817845689773976	0.001720397362646701	0.002454545067989999	0.003856364125708778	0.0045480099223002435	0.0054278307867405015	Media control
D12	0.009806579368590527	0.010020579642752261	0.010371440280588307	0.011186996861327387	0.012202227924655347	0.012483245494348483	0.01266914156476738	0.01280514342156225	0.01336474271190285	0.013382570335085404	0.01367575566852225	0.014593612273434179	0.01705330094589627	0.018881827349256388	0.019844070252545705	0.01997991117343505	0.02009811209408823	0.020981968432147665	0.021925407188417546	0.022730865864338173	0.023358962811197828	0.02389004676057713	0.023534159674114524	0.02287590035658949	0.02286499823242033	0.02341643960185836	0.024657513183828625	0.025620037079062415	0.02717456942639899	0.0288623646975898	0.0298927979224601	0.029875267249042426	0.029843454937236037	0.03100661109026836	0.03259247180632606	0.03455785581685273	0.03579828258894286	0.03641910761260714	0.036111098327217116	0.03626902166646628	0.03666358714224805	0.03821240636271671	0.0401341260254672	0.04095487305819513	0.04041785488139596	0.03971754722503078	0.03946648275663593	0.040369188772184476	0.04279873778119791	0.04491928198151592	0.04562879052218785	0.04538709825434396	0.04489101523374352	0.04417092163662197	0.04450299689841753	0.045650556572986375	0.047100997905045655	0.049264565442610965	0.0505415653500807	0.051197680655475655	0.05188273672097406	Growth with high aminoadipate supplementation and formic acid treatment.
E1	0.02432993804627494	0.02580881591216972	0.027339327731006748	0.027701229625330115	0.03113124241678396	0.02996262724573384	0.028560849725786742	0.0266935642849714	0.02754618294685778	0.030245685878450074	0.034140933545929036	0.038857120133949284	0.04341476704803884	0.04621203374282466	0.04791653294442519	0.04945664690047428	0.05073598390828052	0.05263552302141244	0.05440663604084415	0.05642602124779137	0.05915751200207357	0.061639082722659035	0.06350729644962276	0.06479273917327306	0.06562231979186507	0.06631269314248178	0.0670828214012584	0.0678394181038597	0.06864626875560136	0.06959311816135834	0.07020865280750302	0.07062548491957088	0.07121139522182707	0.0721075147618138	0.07339339282318749	0.07460811282293267	0.07569021070693759	0.07697598348973744	0.07797547803998167	0.07858478286153385	0.07916967003072331	0.07974544592804624	0.08069638813791792	0.08194722038120628	0.08346535958314326	0.08478405105484696	0.08546508299223024	0.08609942121525269	0.08648049277444904	0.08728733193382104	0.08872313968836291	0.08965764604959962	0.09054130621512549	0.09137685170203436	0.09217085120257938	0.0928783682607853	0.09354790191214502	0.0937439756137352	0.09405526106746634	0.09418026342302623	0.09429918912031471	Growth with high aminoadipate supplementation and formic acid treatment.
E2	0.008969365047127462	0.0075829213709805564	0.0061203968488877485	0.0054139380717293005	0.005254876808946605	0.008101014138799881	0.009761052618647834	0.011966483279372407	0.011513247105864027	0.009562031233654287	0.009026651046728514	0.009906145187915731	0.010941884566856807	0.012242628855447673	0.012105398752918758	0.011770492970214949	0.011543347728166389	0.011550350842500398	0.011354181450941725	0.011086248123311543	0.010849824197105448	0.010853081624806376	0.010974470503583106	0.011120420189355763	0.011178905428217542	0.011113942720163692	0.01091694009471874	0.010978965224731413	0.01094323571215141	0.01084518721538957	0.010760651669715106	0.010389128891424067	0.010312198146432758	0.010441088990257074	0.010499851728789547	0.010804322087293866	0.010699144568868009	0.00992058223441248	0.009319286126445048	0.008918745277041683	0.008990177846401562	0.009573695134192187	0.010089801176692047	0.01048290985967948	0.010481563345036	0.010195959941068512	0.010229791493473254	0.010214739556475562	0.010538384692825996	0.010784340312434347	0.010683064934712301	0.01087733321331094	0.010733653694267351	0.01040155054311099	0.010005641898099295	0.009829935605633841	0.009481264399881022	0.009522698978120643	0.009474995818363871	0.009742764479094227	0.010048060145608701	Media control
E3	0.024278008502805964	0.028912148889263998	0.033303089383354204	0.03938995684716637	0.044416418448489	0.04617747701188415	0.0473564161267874	0.04923030268130537	0.05151071918450474	0.05432139045899724	0.057881253357686804	0.0633495378835612	0.06973353789234546	0.07525533638073895	0.07862684242909992	0.08160013638424982	0.0857458993176775	0.09082210998227316	0.0965020753043537	0.10263202707809028	0.10970124683105548	0.11641649571438988	0.12219364566275483	0.1276372721723403	0.1330510893240386	0.13932230820963948	0.14632706985572647	0.15325183730780975	0.16070634130450245	0.16860596917563436	0.1767717985772026	0.18513292294613248	0.1928534121125411	0.20057004025906844	0.20848484380460877	0.21786095866834898	0.23000320913967442	0.24661416201044478	0.2591312182830481	0.2691574262090934	0.27756134691200424	0.28119528822600026	0.2867043419061233	0.29368421078758594	0.30218112826218635	0.31359355556757984	0.32462223322948874	0.3362568878603507	0.34832162995874344	0.3615306540800043	0.3749151917760401	0.3881906443460624	0.40200928880640785	0.4154713388525562	0.42790333546730763	0.44730935495704804	0.46629868571175703	0.4784512732779622	0.4942785446187416	0.5090580384291774	0.5238717491511526	Growth with high aminoadipate supplementation without formic acid treatment.
E4	0.0184050190952561	0.01696625760001266	0.015500177206222456	0.01454003930364997	0.013258362472553674	0.012372260188198682	0.012829585696085354	0.014577162280724497	0.016006746053600886	0.015739422618108106	0.014947767924221637	0.014350364097813765	0.014830916535450695	0.01607291073609425	0.01696219067617549	0.018226221704389027	0.019875298328700483	0.021584018150235203	0.02321375485695573	0.02401521913803175	0.025330064334490802	0.0263793184884089	0.027547343040177568	0.029109949838899404	0.030181273349859934	0.0315794034508117	0.03290081524235022	0.033793301066323396	0.03450493047117609	0.03489376487959028	0.03537295074673911	0.03617836257656858	0.03713262207320799	0.037765432203693744	0.038399930734919374	0.039392316120583755	0.04144064892083688	0.04492635506184736	0.04697082843891277	0.04788548634689992	0.047493614163212315	0.047120810974401024	0.04813688353460921	0.05019484599304511	0.05205599018630144	0.05341571836103292	0.05512541852983942	0.05694793216284817	0.05931991170417984	0.06264531931865239	0.06546311829549532	0.06828385016547771	0.07109759030303531	0.07376268570801138	0.0748982869124544	0.07710973167220245	0.07855990372626524	0.08121182547276509	0.0848112663063447	0.08837674152199851	0.09201849475261605	Growth with formic acid treatment without aminoadipate supplementation.
E6	0.0436768661825782	0.04552026500536791	0.04765753604544793	0.05023976428676617	0.05467789420239331	0.06038690345453662	0.0672875544907501	0.07462814692657052	0.0805139630707099	0.08564725465816532	0.09085722541228461	0.09754717169163564	0.10709329223130834	0.11930749891491149	0.13281520821835954	0.14845444668227406	0.16531429039660067	0.1820049839549886	0.1994605126866368	0.2165622052723214	0.2362384573545162	0.25824382975340865	0.2833586293599431	0.3115762360399408	0.3404416920046583	0.3714088601095458	0.40316294675473174	0.43741176002888443	0.47604970958281895	0.5182814053010995	0.564601361807762	0.6144491349520786	0.6669078053819929	0.7216217320106679	0.7784369043191142	0.8374312818826856	0.8996162184847845	0.9663058902421838	1.0362691713593082	1.1076346640872599	1.1821269662844576	1.260088911506247	1.3403303666286488	1.4226059367255817	1.497407683906107	1.5660400243517434	1.631578631287004	1.6920764216074284	1.752773793644054	1.8142744460413323	1.8710577219176736	1.924696986881847	1.9715254150173296	2.001266666666662	1.9875999999999998	2.0509	2.026	2.076233333333333	2.1014308660219094	2.126100287666409	2.1505827205791714	Baseline growth without any supplementation or treatment.
E7	0.03138060577035872	0.029784514667730546	0.028371785246352855	0.0302661353072661	0.034963355203927564	0.04008006206233828	0.04351768499983897	0.044847325320280663	0.046482796096481684	0.04978406683796372	0.054506851692359914	0.06034352504332642	0.06377009356504977	0.06568112234258693	0.06807751276184876	0.07030602274287678	0.07335184776618918	0.07740448103718701	0.08124958962971662	0.08523337227673601	0.08893904994110756	0.09197544045028187	0.0955301283275081	0.09937870558338825	0.10296738431162342	0.10762884028721799	0.11134405149816223	0.11458556589634351	0.11839430553873853	0.12192910080107651	0.12615143369572154	0.13058174697044506	0.1348204749867437	0.13886146398234253	0.14229450627162063	0.14522805003555933	0.1483484426314059	0.15118756228465602	0.1544848496463924	0.15912962913679873	0.16416101059234944	0.17052506255102629	0.1748895773570812	0.17797352792738586	0.18102341815707937	0.1837074223865814	0.18792048445772158	0.1927699355812656	0.19815920048036031	0.203055712236313	0.20670550115418776	0.21133144236301374	0.21615672860981372	0.22092448621120178	0.2264359165814573	0.23061768635555985	0.2349996704082302	0.24060351115525935	0.2460787693611476	0.2539754050426528	0.2622643227825282	Growth with low aminoadipate supplementation and formic acid treatment.
E8	0.025777432730478195	0.023962453180013093	0.022379843880797747	0.023983314038429564	0.0276817035267931	0.03142577532613066	0.03426010801271632	0.036716081824085554	0.03957433179292186	0.043697000890094755	0.0482821371790443	0.05321555181537618	0.05697979778526461	0.060010561263028506	0.06417404143882965	0.06816402659351005	0.07193768658445056	0.07605950419720377	0.07958618849855904	0.08377604514586746	0.08850960232889749	0.09318192537082662	0.09924066082894126	0.1065396979296955	0.11404151261746157	0.12223454424839493	0.13010781107689653	0.13761324185986887	0.14585974179581015	0.15499847285863996	0.16443165651654804	0.1740579571500682	0.18382162942913316	0.1940179753942158	0.20566962811970832	0.21727274734966281	0.22716889223784187	0.23479134601665375	0.24343593363041868	0.25464774042994587	0.26748727424110197	0.28201203642584377	0.29488439283139933	0.30763016805466864	0.32160697241670405	0.3362880515461128	0.35129819001139834	0.3661827479376831	0.38112805722743726	0.39684224566444076	0.41228602717024837	0.4286543622626676	0.44645164747794275	0.4649513059386516	0.4845830830635137	0.5053613973546568	0.5266774357041558	0.550338686898777	0.5767372654052827	0.6038273383584576	0.6312149892744077	Growth with formic acid treatment without aminoadipate supplementation.
E9	0.023917902980291977	0.024609515115124856	0.02548092936234936	0.027288039909762564	0.029387904163388736	0.031609440531653134	0.032754179811076756	0.032717927998567646	0.033546424175173395	0.03587902318735171	0.03919240924506866	0.04328017161810991	0.04557218828309043	0.04648196224883505	0.04755362234601998	0.04802808967912114	0.04835841706248196	0.049650064070718064	0.05053516155611566	0.051816854489776125	0.05326302307003701	0.05385171413772516	0.054342828191256284	0.05544507842087808	0.05663039886116614	0.05865245443895252	0.060351169271261225	0.06139022333449298	0.06309451488034519	0.06553519816714963	0.0673203210090257	0.06768380433290418	0.06762263404032076	0.06812829396800191	0.07028884170660143	0.07240986743810156	0.07295087548745878	0.07156892142371664	0.07086444648895376	0.07226581310747562	0.0753263263059668	0.07872038147025634	0.0802906664225112	0.08048209846632326	0.07955845663679374	0.07897891023229056	0.07908650287688795	0.08045091820236192	0.08315087713777113	0.08525811727749852	0.08623975918485217	0.08616298787463367	0.08614509983925205	0.08605728033180746	0.08631922303933132	0.08765737461846371	0.08872517855237744	0.09066209905584045	0.09201373514787285	0.09248404324660262	0.09298487806145664	Growth with high aminoadipate supplementation and formic acid treatment.
E10	0.03577031396261153	0.040692171913768456	0.04569509015867047	0.051387615572945404	0.05573427061529472	0.058612648993040264	0.06048103392869303	0.06296722755519911	0.06764397436457453	0.07337104220715014	0.08022910173296377	0.08802648395804294	0.09666414377728869	0.10638431975712369	0.11745641812480136	0.12902143676003056	0.14205003069180777	0.15805290342082542	0.17640755313208678	0.1949720980001263	0.21296578545263387	0.22970980025942014	0.2476892749116328	0.26775532852643236	0.2898534737288131	0.3143359350514217	0.3418186199244923	0.372657510417446	0.40645897007817045	0.4420715549861667	0.4778645483010435	0.5167776576607281	0.5598392412189312	0.6064483772021396	0.6583998929822799	0.7137897988065165	0.7734355190935962	0.8382800516432095	0.9049109345507529	0.9699151841155205	1.039384033100206	1.1106312313049211	1.18417494290893	1.259303190593702	1.3273861984673438	1.3926990798864602	1.4574981943076064	1.5225462029457772	1.5849661375545256	1.6400912592584063	1.6940991891250314	1.7452424016136527	1.7926710089542135	1.8356757811133886	1.862233333333168	1.8975166666666665	1.8906666666666667	1.9605	1.9757333333333333	2.1229999999999998	1.9914666666666667	Growth with proline supplementation without formic acid treatment.
E11	0.04745440144866454	0.04368711856266184	0.04098141783551504	0.04291959981634773	0.04762845266955077	0.05411899729572818	0.05836526763874102	0.06153905847658506	0.06682378479866455	0.07252289448720842	0.07975650606655735	0.08767769394467305	0.096491992688148	0.1070776544740516	0.11892841558922915	0.13202860232885072	0.1459814989880895	0.16103108505052616	0.17679587175982006	0.1942742401405817	0.213296651814043	0.23360486725162602	0.2566155090749563	0.27791069522990186	0.2963118063186506	0.31434179134322093	0.33106773381852295	0.3496615886062729	0.37105355434718795	0.3943841762110728	0.4206764899306722	0.44911114178675327	0.4779246465042085	0.5086341106764921	0.5422648703645713	0.5784187753965077	0.6175338457264068	0.6601831167629445	0.7038800142977719	0.7401719743843114	0.7782582556733119	0.812263813994128	0.853956909553369	0.900395362928488	0.9480639980327188	0.9973503643652996	1.0423761631854125	1.0916044700908227	1.1448876556601082	1.2043779033965818	1.2703870358715392	1.3318488566128932	1.3853851480462067	1.4351101267080149	1.4780412856943805	1.531766647126879	1.5823401091919165	1.6334999999999975	1.6840333333333584	1.7345666666666568	1.7850999999999777	Growth with low aminoadipate supplementation without formic acid treatment.
E12	0.0090417756680576	0.009071290773309327	0.009027251843869433	0.009067408351965145	0.009383700808471472	0.009312578161459046	0.009753694353548488	0.01	0.009316045972751508	0.007277485872029274	0.005588069723671322	0.00464651409038638	0.0043237498096929654	0.004859462574059073	0.004581852542429308	0.004063557789739134	0.003693143159235652	0.0033344907044339845	0.003232658720895546	0.0036944800406568845	0.0041387328575266825	0.00433145446778701	0.004087653817068078	0.002947996478720682	0.002693735162127528	0.0028663124945814125	0.003882008371605709	0.005161993772849782	0.005272085096081024	0.005836747741049263	0.005669966549147069	0.004768235020093665	0.0035596484476038658	0.0025213659772754748	0.002881335672018247	0.003509002704167031	0.0033087110327603636	0.0027800549467533377	0.0019175528450366853	0.0021329416760110832	0.0031385238465109944	0.0038874002474243506	0.003931371795964226	0.004059794386754393	0.00452278902513466	0.004650595194257374	0.004384488898927908	0.0035139748099950415	0.003457199812822987	0.0038723963082439063	0.0048633881693505784	0.004893526474242273	0.004004210167048567	0.003604637900149364	0.0026817862973215214	0.002592064682416399	0.002776845184671276	0.0026931213795794045	0.0025503203075094394	0.0019710879686080734	0.0013752424661131843	Media control
F1	0.026835993199008895	0.02828029490261816	0.029716969798277353	0.030938795107859268	0.03354682920343476	0.03204243804726127	0.030044454913211616	0.027753874159880555	0.02825778494573259	0.031045114045800775	0.03531426771354753	0.04061987752012144	0.045924250717465184	0.04955287650770741	0.05180123844616413	0.053663974541572755	0.05512231385234475	0.05760339501930831	0.06066447848344577	0.06409701417696503	0.06785534968460774	0.07128869838737592	0.07447869128271849	0.07733827109574233	0.07995532565554961	0.08253246967765657	0.0850820790033865	0.087586927837172	0.08998554906123148	0.092149994747314	0.094306193279647	0.09666643209232341	0.09939722663048128	0.10239740800591104	0.10583047617876172	0.10879295558760481	0.11130124983241706	0.11354569372656897	0.11618489222296678	0.1198228357505377	0.12401635837323904	0.12833005837001935	0.13234361913288872	0.13612626407924555	0.13966699852117292	0.14316301629152706	0.14730136579004988	0.1517000779341869	0.15663056573427034	0.16114190892887909	0.16567571610184195	0.17001666457263442	0.17408408904136205	0.1778536714735915	0.18148891725878175	0.1856611467581284	0.19027757483502752	0.19534673299563504	0.20043032383938109	0.20499847258322368	0.20943801061445044	Growth with low aminoadipate supplementation and formic acid treatment.
F2	0.04096983110770919	0.03680804651456375	0.032778492335682995	0.032398455659222364	0.03365079984739074	0.034176248313228144	0.03470745074676227	0.03492992065257111	0.038049652933342205	0.044228252774081295	0.05208254560568734	0.06076980677095763	0.069140863297695	0.07595443794748903	0.08174586547955205	0.0860594948758963	0.09082763230309165	0.09612442709777431	0.10175568981620202	0.10728848790237269	0.11296579928080984	0.11899053986944438	0.12590498178390255	0.13269938886318175	0.13838571971782748	0.14371075057470906	0.14983896346698403	0.15681195146098445	0.16456131708303942	0.17305432656750852	0.18178123890438308	0.1909294537639561	0.20052965323520752	0.21084298077418137	0.2220461557006157	0.2325936762856665	0.24158592532093523	0.24727088108375953	0.25422471292074356	0.2629613170979254	0.27375556399798323	0.28641958641929893	0.29805309936314606	0.3095535264193662	0.3216030736095541	0.33292545572252047	0.34455975892048707	0.3563633006835939	0.36859719102191524	0.3808140344473027	0.39252131857140315	0.40505830181666225	0.41757914295884274	0.43051833671994616	0.44122976665076463	0.4530045912180819	0.4653210597519212	0.48080104056203976	0.4969692630203657	0.5116697253505339	0.5261180861128939	Growth with high aminoadipate supplementation without formic acid treatment.
F3	0.004517820288511823	0.006496518874670335	0.00827910479429636	0.00962616161704378	0.009933093955991361	0.00858414872847068	0.00669200507947322	0.005441286212555718	0.0047394984746504006	0.005115088645844682	0.006127992170051696	0.007662085156910049	0.009505243412501124	0.01078146332293454	0.011543408647103546	0.01230281695514424	0.013008718494474492	0.013815815578404153	0.01465944277493294	0.015350485834496672	0.01622118452845117	0.01694338115131038	0.017725199434420535	0.018309367695124017	0.018527586211747715	0.018662481026756245	0.018779732028656782	0.019034795470814617	0.019317339232243352	0.019336304259298175	0.01936575567565164	0.019623280883348804	0.019829111049268534	0.020217151599684145	0.020535637388176597	0.021021195496182307	0.02114182007696158	0.019784884596519076	0.019090771696051355	0.018728136308594472	0.019523556475176833	0.021190263587376353	0.021939585536174637	0.02232797688150665	0.02264341246601662	0.022758661328633426	0.022853135977645888	0.02294218049375521	0.023548286871689084	0.02405240675781306	0.024671188197389952	0.025288362304888425	0.025982607687444724	0.02625679451453153	0.025920561574058386	0.025743228408702853	0.0259167949034088	0.02690592432912113	0.0279689117301	0.028303622589867634	0.028604888219554706	Growth with proline supplementation and formic acid treatment.
F4	0.010000000000000002	0.01	0.01	0.009999999999999998	0.009999999999999998	0.01	0.01	0.01	0.009999999999999998	0.009999999999999998	0.01	0.009999999999999998	0.01	0.01	0.01	0.01	0.009999999999999998	0.009999999999999998	0.009999999999999998	0.009999999999999998	0.009999999999999998	0.009999999999999998	0.009999999999999998	0.009999999999999998	0.009999999999999998	0.009999999999999998	0.009999999999999998	0.009999999999999998	0.009999999999999998	0.009999999999999998	0.009999999999999998	0.009999999999999998	0.009999999999999998	0.009999999999999998	0.009999999999999998	0.009999999999999998	0.009999999999999998	0.009999999999999998	0.009999999999999998	0.009999999999999998	0.009999999999999998	0.009999999999999998	0.009999999999999998	0.009999999999999998	0.009999999999999998	0.009999999999999998	0.009999999999999998	0.009999999999999998	0.009999999999999998	0.009999999999999998	0.009999999999999998	0.009999999999999998	0.009999999999999998	0.009999999999999998	0.009999999999999998	0.009999999999999998	0.009999999999999998	0.009999999999999988	0.010000000000000021	0.01000000000000003	0.009999999999999908	Media control
F6	0.02656299395685008	0.023767404889312078	0.021330411200522897	0.021984625857387512	0.02452031294153811	0.026881416455076128	0.02788025299706355	0.027641128706612395	0.027722726419269202	0.02983450377200425	0.03177713443386958	0.034402464069836776	0.034991646530976285	0.035725144546761116	0.03696741372407406	0.03866091918986017	0.04054616852380492	0.042203365160925266	0.043903257214272504	0.045435151552657246	0.0469024812640762	0.04867525337557442	0.05101752227811075	0.05376688933314758	0.056477242086847984	0.058559207385302244	0.06027695343897099	0.06190227683283565	0.06345038164198832	0.06481003684813763	0.06590105145001968	0.06717077042741434	0.06902017086079063	0.07134180734019205	0.07380842643893816	0.07629011288860714	0.07863814011215776	0.08200441914786016	0.0838496332777943	0.08628321259689498	0.08864980220110069	0.09097464838675647	0.0941920168781545	0.09833658025034628	0.10293997727987647	0.10689863656225257	0.11067759538794825	0.11431202902079518	0.11880983668425187	0.12438808854730846	0.130021219881668	0.13557097021049902	0.1406710688081494	0.14548695081651966	0.1504860831841049	0.15620780157833675	0.16196190101909086	0.16817889122438182	0.1740487254607774	0.17987408670842997	0.1857062374814638	Growth with formic acid treatment without aminoadipate supplementation.
F7	0.03604584590086816	0.03513771173067224	0.033822817850108655	0.0356034266849069	0.039249601333888474	0.04445166519751507	0.04919386907156492	0.05326030803886661	0.05807212326299151	0.06507044377706864	0.07379405946246939	0.08347765525342636	0.09361720681540137	0.10564324095014503	0.1192693644480513	0.13293825535329284	0.14734560254938722	0.16159078152960968	0.17782638632154898	0.19569956850761547	0.21445916758156536	0.23409201491685408	0.2548585004610663	0.27777860842590857	0.3027067801804473	0.330837914183289	0.3614350184208778	0.39364018109569604	0.42850704918587784	0.4644239125320377	0.5012943893619191	0.5416617018162243	0.586724844857612	0.6371563913576569	0.6936349280276815	0.7521524945438456	0.810141284319174	0.871891723331682	0.9371564061475786	1.0062929120416058	1.0815887096589578	1.1629274129899088	1.2430042470650962	1.3225219952752278	1.4010254631321237	1.4621487245744005	1.525987658485392	1.588079996628661	1.659566666666667	1.7247764164852935	1.785907034510857	1.8370642073700378	1.8819292053568908	1.9140629496825028	1.9403647111281024	1.954295044263982	2.009437580268805	2.0504333333333324	2.0986	2.1476333333333333	2.0519	Baseline growth without any supplementation or treatment.
F8	0.016854227067758545	0.01488387551566799	0.01300649986310792	0.011423889558521697	0.011029729115996145	0.011808902913589008	0.011960715455352596	0.011914108626800814	0.012099516595376647	0.013329998565105316	0.01565424444771202	0.017727248065047423	0.019401569924312773	0.0205894786578479	0.02240977211299759	0.02441548887831632	0.026787405389212985	0.028949790289248562	0.030990276507373408	0.03285069046637909	0.03442531191803533	0.03602025964373238	0.03738075613575024	0.03922313818632616	0.04144265723533048	0.043612335402003405	0.04570613259027071	0.04750392919554417	0.04925944159076527	0.051307961430717225	0.05293295840359096	0.05443822382872646	0.05623567115905072	0.05828733686091265	0.060764776552303695	0.06319995557653704	0.06549408812158097	0.0677108668237604	0.06982354314611111	0.07178895185962916	0.07360165493465122	0.07578626291209024	0.07807023858568198	0.08026808573266053	0.0825684022765346	0.08486237363958762	0.08702422187420324	0.08953137758662211	0.09176188491061163	0.09389404015262262	0.09596503827974573	0.09777417361886216	0.09959124502093455	0.10131124870888705	0.10262768077010354	0.10621771283178642	0.10854990863369599	0.11163479586408366	0.11385613493839387	0.1157679354103445	0.11768145663926113	Growth with low aminoadipate supplementation and formic acid treatment.
F9	0.011203473240514093	0.010361426955782032	0.009383162549855207	0.007464584682188487	0.0062958821257580976	0.006633953667945343	0.00782340439451003	0.009439300290677743	0.009307269633572793	0.0074247099298456395	0.005407186727799823	0.0038090966086620917	0.003862671756796667	0.0045354635024163585	0.005156002674139845	0.005622766988820674	0.006003662564706996	0.006091571096652419	0.005500535667468995	0.004633107668478165	0.0036710217978937775	0.002835830335054809	0.001858726806042083	0.001006825744036065	0.0008322774260091158	0.0012970675672881854	0.0017455391137697392	0.0017399764193014684	0.001984002796373732	0.0028693873594942162	0.003715499173396441	0.003931950454402509	0.0034148678960596165	0.003194993294865999	0.00324869251682175	0.003222897687356686	0.0030047011419587506	0.002893003247726789	0.003114786882537447	0.0034446228722211252	0.003606436440470261	0.003512266427858022	0.0037740466282771574	0.004526256257116367	0.005304129416556657	0.005486338083334629	0.0048844137274666015	0.0036362624995081028	0.003219174513481018	0.0034577178149444825	0.004246279883673077	0.0047039477985853576	0.004552971562024046	0.0049183599281094744	0.004980996457751397	0.005410231941671199	0.005751607314758699	0.006013628890916006	0.006469774067145714	0.007114562365177407	0.007839227660386546	Media control
F10	0.02059722163812795	0.017051884748412745	0.01349928397701952	0.013159781039846156	0.012583714842372846	0.013801462553991572	0.013895806233083523	0.012035966853594773	0.01184801307095477	0.015181698167813836	0.01746993493212791	0.02153762002790012	0.023892589843602884	0.02533410141904759	0.026837069198678863	0.027695607205634812	0.028314541862980613	0.02905956835592632	0.02967427430825798	0.030476066480983877	0.031039457133513575	0.031140420814929428	0.030707947258518466	0.030654020811102647	0.031170115963799545	0.03222221637176119	0.03328631995259298	0.03373124353155521	0.0342023031151997	0.035547375995699536	0.03659978418777025	0.03756187945784801	0.03805030719376003	0.038859417419819714	0.040194510100287614	0.04139853228679771	0.0417980221568725	0.04131574897335411	0.04090291093793796	0.04153217363169375	0.0432416205276376	0.0455021982229775	0.047254757828227946	0.04769793125332236	0.04710172722032438	0.046613473748664876	0.046641316856299395	0.047586652592665916	0.04933983689492689	0.05071907086534213	0.05182320642322973	0.05191372569536065	0.05167889279293688	0.05164557272617932	0.05191494824586196	0.05257891963074383	0.053417239300689964	0.05440869349006126	0.05522852257814102	0.055357728877988954	0.05549598513552299	Growth with high aminoadipate supplementation and formic acid treatment.
G1	0.0074228578263039885	0.01384103641012592	0.01956411253115415	0.018912144439954398	0.02273759499474535	0.025496653097130145	0.03005207269782122	0.03385080199227824	0.035143619376876434	0.034167198602238644	0.031658060761290546	0.027143653283866684	0.0242673733886293	0.022666917336084665	0.02199096528489171	0.02245928915468898	0.023552033650470337	0.02451484154789029	0.025050182638810134	0.02419254075741054	0.02215316725695795	0.019925291867686944	0.018693743701365586	0.018102031951767704	0.018018364100622526	0.018111336488982884	0.018156282753569154	0.018267753657462506	0.018334088169393272	0.018082841133237205	0.018320500086586904	0.01847371171890311	0.018406538771765655	0.018053859193439624	0.01769298194887043	0.017447882931574593	0.01710807298656123	0.016042349095265068	0.01544083925944858	0.015349782203149857	0.015863630850321567	0.01637064439357802	0.015877861899837847	0.014902295953828045	0.013564640889381719	0.012648177054720773	0.012465725997958232	0.012366562894001492	0.012602612913229774	0.012595157248665386	0.012656263935730789	0.012681763564149778	0.012405317109250313	0.0118240702400937	0.010994907824030222	0.010552689309567601	0.01024332256082349	0.010478921972178912	0.010828858311528359	0.011448283081500154	0.012068171537629664	Media control
G2	0.04074901013970295	0.04347748647650467	0.04644564056995539	0.05002678338703823	0.0539571647396365	0.0557984699225408	0.057916823651072626	0.061204124836463945	0.06748565068579868	0.0779175813948349	0.09052305244938726	0.10458765928802498	0.11800361497490534	0.13134184916650168	0.14563974006052516	0.16157055633489165	0.1793259749078511	0.19851918309549244	0.21886564702902658	0.2399720295724333	0.2622125499191158	0.28623890717982153	0.3127523078149455	0.3410976230635501	0.37112467667810334	0.4032809637297779	0.43707754883679056	0.4733494054245142	0.5121071083867854	0.5554832680135633	0.6040508043502993	0.6549203155576322	0.7095482450963524	0.7663472100468555	0.8272041909261881	0.8942956703017323	0.9632354637689411	1.034745939682713	1.1088754939825358	1.1831291310109058	1.2611804564470452	1.339259129036085	1.4147912047634772	1.4886003245869237	1.5586145972736467	1.6262048029280187	1.6860265359967075	1.7432010714469777	1.806499757159207	1.858711650605812	1.9107663910491584	1.9522516462272512	1.9924126461514395	2.0314046210830483	2.0725860363860837	2.1164880716576278	2.174699999999962	2.2176	2.1363666666666665	2.2807666666666666	2.1453333333333333	Baseline growth without any supplementation or treatment.
G3	0.004132698517882168	0.004727560993031545	0.0057647855919317065	0.007863762464679217	0.008397103836204794	0.00746627491357852	0.007036447855641344	0.006172351271753727	0.008135939475282194	0.010518623942931503	0.013512746973872686	0.01665187680057583	0.019987529529272217	0.021906555372816758	0.0228857471620201	0.023543272548102224	0.02398098930569001	0.025095318361522508	0.026606578623027885	0.028618638848951827	0.031538367293051255	0.03419260516834309	0.036426782242828006	0.03811687575821693	0.03914598345521256	0.040155149410201076	0.041289954841693254	0.04257783409961582	0.04371398056277571	0.04488575790713695	0.04580831634703672	0.04701721330058096	0.04833988094051252	0.04999478693921228	0.05165605860005561	0.05305846278789733	0.05418271112850244	0.05494185140591598	0.056037434053885664	0.057767554678371406	0.059831993254326185	0.062194246466096885	0.06439834935970992	0.06646556955117032	0.06835261149477052	0.07006976620000269	0.07202946561145468	0.07434401817680973	0.07699452943315299	0.0794230081466451	0.0816568067982962	0.08341567769241162	0.08493440213152559	0.08594647230059006	0.08707064002860554	0.08897065263271284	0.0913716887025878	0.09455333298546698	0.09723386695850958	0.09885867549630517	0.10041598629093798	Growth with low aminoadipate supplementation and formic acid treatment.
G4	0.02607100502496801	0.02061036345534373	0.015513797447579188	0.012820556443956292	0.012828334376204793	0.014372722856523374	0.015088645942274024	0.015023711052167855	0.015876461983145122	0.01880722457267875	0.02235401803821353	0.02556619455311045	0.027774626642386335	0.029466441075109154	0.03172677616006616	0.03496074152907259	0.03854076813707219	0.04216707759690768	0.045697434373263436	0.049051291470498165	0.0529232375771891	0.056842871704702806	0.060893186838854856	0.06486359844732273	0.06880504409905404	0.07309237148577696	0.07753957459465521	0.08231991396935553	0.0872259473761876	0.09281546720438158	0.09877440085371532	0.10472006890995544	0.11089955813967142	0.1176125272423016	0.12498523542897651	0.13295507054885733	0.1408763384550255	0.14900259747410577	0.1571339379030448	0.16580911582107857	0.17485023432840663	0.18428253081829016	0.19434456236400288	0.2045159337374609	0.21558883100755455	0.22742055486116458	0.2392896167907836	0.2517803334246104	0.2640877197138175	0.27691232180842573	0.2904126128016896	0.3036024450700541	0.3173371513113911	0.331158138876875	0.3457677858002634	0.3599129827396832	0.37620051197654003	0.3898663633672749	0.41081163319194863	0.43091103754373483	0.45080454653130897	Growth with proline supplementation and formic acid treatment.
G6	0.04627763919784281	0.04179858574826163	0.03735411491832129	0.038289802545745696	0.04367283811471254	0.0509888061381838	0.05830605185650996	0.0655353444117016	0.0712460319092883	0.07800177123406139	0.08663188367220502	0.09661532594225088	0.10663248805264193	0.116396643653953	0.12681916180813846	0.13750120835019697	0.1499823725532026	0.16415761090594558	0.18033403187349173	0.19735421464288813	0.21438678965425506	0.23205649225476302	0.25059499447014444	0.26962184671055495	0.289796297724684	0.3101530407700147	0.33133593158366004	0.353650472316857	0.3770572382178052	0.4034538287976736	0.4316385396482578	0.46054574382743324	0.4890573135766212	0.5169212274731787	0.5462471671622002	0.57822495480256	0.6118627321014505	0.6488717511218227	0.6863948023673551	0.7223785956253312	0.7578120625593667	0.7931334785748616	0.8315789223331147	0.8723878909459089	0.9166051816472798	0.9627705321335193	1.009698845323574	1.0567854229201148	1.1022634710152008	1.1489126397553295	1.1973556663749483	1.2476712221836619	1.299575089625028	1.35196151197283	1.4059756885823635	1.4675569471960834	1.5252574462624418	1.587608987799974	1.636886132606065	1.6834515628588678	1.7294693685153277	Growth with low aminoadipate supplementation without formic acid treatment.
G7	0.022362855183494564	0.0210797116845599	0.02059472400292703	0.021701332816199854	0.023425735466869973	0.025805917972117686	0.02572571941381184	0.025188261822123956	0.024875129722294456	0.027452921107611643	0.03024256488862602	0.032940215517876216	0.03430252079076319	0.03521542798814238	0.03694158376967657	0.039102579190979335	0.041504391926210464	0.04343030549515072	0.04481029664323647	0.045741557196755066	0.04664360871643723	0.04764502372340476	0.048534436716154906	0.04948846937393279	0.05051516495524777	0.05162774465106102	0.0529091746002821	0.05402138778220141	0.055177196352341494	0.056377098689726804	0.057266963539702856	0.05818851487191159	0.05932819971715696	0.06040005346159828	0.06133534020639288	0.06201666315077783	0.06195544961601862	0.06115884812742915	0.061511770066079406	0.06366112976658529	0.0657320965928298	0.0689437824949381	0.07001365807452693	0.07059252327922638	0.07123346506518664	0.07201758210060671	0.07293388931380107	0.07393584929217005	0.07499917467727285	0.07578050546608348	0.07610114992283214	0.07638761317221321	0.07676158337543959	0.07713095044593611	0.07766770088319695	0.07857457695902761	0.07942987151075234	0.08073076024409653	0.08160088375687961	0.08249627660540274	0.08343062653044095	Growth with high aminoadipate supplementation and formic acid treatment.
G8	0.013906065371507405	0.011869552132944357	0.009961506914875833	0.008805314408758487	0.00901850752735901	0.009523345986670722	0.009214571509404152	0.007917736068372167	0.007737339180913733	0.010440824730148806	0.01316324944918186	0.016614982745067813	0.017942651491954266	0.018443514863879542	0.019513333466541202	0.020822278448100973	0.02240149996272431	0.02373387180474023	0.02459582354954283	0.025119305073078815	0.025884073238125166	0.02685570164620341	0.027715029162669703	0.02890663126900898	0.030050404448796326	0.03144455571918319	0.0330187606341679	0.034504318920466306	0.036368337484205635	0.03826919066416645	0.039864371710660734	0.04121156945203244	0.04287798650266467	0.04509159862013042	0.047576140722013945	0.05007981064090082	0.0517206466415735	0.05159595784134408	0.05402171642281129	0.056726925778146906	0.06002329816651724	0.0647843024419368	0.06779790533934768	0.07132059719735812	0.07534043584166092	0.07851821770729486	0.08197174293483604	0.08518578612965148	0.08913706801526092	0.09364291735527698	0.09807750177952655	0.10302058274578246	0.10800201054434266	0.11287430044192875	0.11765362752689518	0.12328386555280536	0.12906539048534352	0.13538297272852576	0.14196461726034415	0.14833719613242288	0.1547803186308263	Growth with proline supplementation and formic acid treatment.
G9	0.019549912264191227	0.019616707560008502	0.01998831584158987	0.02207892082338099	0.02345380473789336	0.023363742634645232	0.021640534711173172	0.018770158693229764	0.018127628036375753	0.01911951236242427	0.021495327072296788	0.024423898189900376	0.0269575408524912	0.029206191613006686	0.032093761139389	0.035218999183874646	0.03851224696072836	0.04151622305465771	0.04453851586412746	0.0476198504895671	0.050972052884650496	0.05449252326397729	0.058840928155197	0.06438152879304294	0.07066324846171039	0.07679972540055124	0.08301212292095773	0.08930139037717161	0.09688137894945895	0.1047438232361014	0.11235171664430277	0.1203078321385932	0.12853951891093754	0.1371645087376112	0.14611959126111693	0.1552956706625995	0.16449371924807582	0.1732881143780804	0.18282387166815167	0.19386676033218908	0.2056700351274839	0.21872739447864836	0.23122796321841377	0.24337890452358804	0.2556042926126375	0.2678780132828409	0.2810074431844871	0.2948146631133768	0.31052950478172325	0.3276110341611502	0.3441615589112141	0.3603838008101286	0.3772713955352537	0.39479860271023254	0.41367097999612257	0.4330887681531071	0.45241220679028904	0.4721453553735423	0.49237833839943074	0.5140403164612112	0.5359008902113604	Growth with proline supplementation and formic acid treatment.
G10	0.004566666666666663	0.01	0.0014666666666666717	0.01	0.009999999999999953	0.009999999999999995	0.009999999999999995	0.010000000000000012	0.01	0.0008666666666666822	0.01	0.009999999999999981	0.01	0.009999999999999997	0.01	0.01	0.009999999999999998	0.009999999999999998	0.009999999999999998	0.009999999999999998	0.009999999999999998	0.009999999999999998	0.009999999999999998	0.009999999999999998	0.009999999999999998	0.009999999999999998	0.009999999999999998	0.009999999999999998	0.009999999999999998	0.009999999999999998	0.009999999999999998	0.009999999999999998	0.009999999999999998	0.009999999999999998	0.009999999999999998	0.009999999999999998	0.009999999999999998	0.009999999999999998	0.009999999999999998	0.009999999999999998	0.009999999999999998	0.009999999999999998	0.009999999999999998	0.009999999999999998	0.009999999999999998	0.009999999999999998	0.009999999999999998	0.009999999999999998	0.009999999999999998	0.009999999999999998	0.009999999999999998	0.009999999999999998	0.009999999999999998	0.009999999999999998	0.009999999999999998	0.009999999999999998	0.009999999999999998	0.009999999999999988	0.010000000000000021	0.01000000000000003	0.009999999999999908	Media control
G11	0.02032995179425208	0.02407049939004369	0.0281158275793125	0.0314148892305026	0.03532166985445598	0.03878136480977465	0.040685890548227244	0.040472085060189504	0.04151892480744186	0.04427054707365961	0.051244799961104655	0.06124177952946566	0.070825766276132	0.08005068287922422	0.09075444379796167	0.10339845332449263	0.11837507828925371	0.133216356422482	0.14787624528685886	0.16230046683853874	0.1765633565878283	0.19177743364823543	0.20711580646928643	0.22448404742447703	0.24479175945588116	0.26748294459771044	0.29090662349863566	0.3143324135573155	0.3401043219150237	0.3692793713677956	0.4026476714624701	0.4389366518230416	0.4774370909783409	0.5185169685333116	0.5634058492542784	0.6118187644529292	0.6627486269773615	0.7106716519846733	0.7682973197959736	0.8207027734245104	0.8826424735533775	0.9534437844150108	1.0202183490019656	1.0861660775346078	1.1537291718553893	1.2246448411747735	1.2945586986768514	1.366733452961322	1.4299674904175996	1.495102260721278	1.5611615228517486	1.6244764550739768	1.6830983558056536	1.7336263851284137	1.7750125450347471	1.808466666666614	1.8625333333333334	1.9459333333333335	1.9516333333333333	2.0406	1.9582666666666666	Growth with proline supplementation without formic acid treatment.
G12	0.024353048831681396	0.029837377603862066	0.03532894518252233	0.03834455996160515	0.039740256444432714	0.04049602241467702	0.04103874549549054	0.040736253968177476	0.041382005858133765	0.04259916356031835	0.04476862220094673	0.047501615505407796	0.049369747397697894	0.05063032616941495	0.052300290021516184	0.054227521794733904	0.05643073136605077	0.05812252886336516	0.059694026420259116	0.06121721569856955	0.06237271795986061	0.0634026652118036	0.0642138150273707	0.06620177811291458	0.06855181042828772	0.07133677388787345	0.07335557600195543	0.07442519313388633	0.07536658518478226	0.07595675074039354	0.07707057545499163	0.07919258846815005	0.08146545556250842	0.08348696991714709	0.08445126042403045	0.08416721953237416	0.08424486735265335	0.08417551357601694	0.08434998371344643	0.0844558184481378	0.08435590291056344	0.08453459508893899	0.08542348640278084	0.08586765995015005	0.08629133158362709	0.0864987733979001	0.08742413548861193	0.08813955360683735	0.08887824069220497	0.08801992636914253	0.08703291217190692	0.08688629482170311	0.0877397469122974	0.08851931998073712	0.08939258879620057	0.09047866985251495	0.09191510262308923	0.09481812049502097	0.09906574122960514	0.10375838236154579	0.10865582267327317	Growth with formic acid treatment without aminoadipate supplementation.
H1	0.04405881826355438	0.04016270871876684	0.036473027154513005	0.03162957976792134	0.03416832428405871	0.038548963112222286	0.0444819928004541	0.050877150244028085	0.0581463384203674	0.065782634966325	0.0728879132322224	0.07903322665337169	0.0874711629060626	0.09722670839831726	0.10674856972605383	0.11625199918339964	0.12498322561903757	0.13711984796324908	0.15268940512674672	0.17127635372237615	0.19156670503275997	0.21237213176242423	0.23394540206870498	0.2556587739215434	0.27883058338256456	0.30321680114628624	0.3290156427104376	0.35685396814101705	0.38715783626987954	0.419891802970317	0.45584628223688184	0.49488084608320737	0.5368186622344133	0.5822222502924504	0.6322261926516972	0.6870691670053736	0.7449485658702689	0.8007520528814573	0.8619694575938301	0.9269757296841472	0.9991843723720675	1.0754465598082557	1.1472440099831704	1.2151995612557633	1.2841336915519588	1.3519637517293253	1.4199296046801468	1.4878263443281106	1.5550774800824883	1.6175196315252007	1.6764676310143751	1.7266976065856707	1.7751312854430945	1.8318176467718494	1.8713269651780966	1.905619502297494	1.9404058987540234	1.974299999999997	2.0596666666666668	2.0918666666666663	2.0225333333333335	Baseline growth without any supplementation or treatment.
H2	0.04942725881403107	0.04359923620922562	0.03788394995015702	0.03732408812461648	0.04041134317519805	0.04398213440575709	0.047122608282858594	0.04791119872356653	0.054535257621021	0.0684279698289746	0.08610510140286184	0.10406740046546087	0.11783228275210156	0.12746622777570998	0.13648209917786291	0.14737745256660298	0.16061854727253821	0.17622620348204468	0.1918047530059328	0.20778289375300066	0.2244157474479001	0.24343231616562122	0.2651993750346929	0.28753090949989024	0.31064062837805057	0.33444133284282934	0.35823648914101447	0.3823661961844299	0.40807350657932384	0.4359025197284699	0.46573621330459475	0.49718813769282544	0.5296305426660323	0.5624135409543227	0.5965223370305179	0.6315529921009619	0.6684104870714683	0.7097720985564774	0.754069652650521	0.7970809332616057	0.8392464644413028	0.8791068208534146	0.9212380857132494	0.9683229960814468	1.0202613040284478	1.0711476655250018	1.1172649675461621	1.1608149068081148	1.2035984776048734	1.2494928089422896	1.297859988781165	1.3459597182486296	1.3939526010353547	1.4420442636166322	1.490066666666681	1.5380156070190183	1.586236438428726	1.6334000000000133	1.6882666666666524	1.7431333333333312	1.7980000000000413	Growth with low aminoadipate supplementation without formic acid treatment.
H3	0.02748547249031888	0.02307916078620277	0.01859780337165177	0.014277716227327765	0.011770303792093968	0.010657242248551323	0.011633709371083094	0.012607614190974633	0.013697306961481484	0.015231779017237063	0.01792455155450648	0.020790488350885636	0.023796060959951404	0.025930470518815682	0.027394062589482078	0.02872696342239817	0.029849702457619677	0.0314239261483122	0.032834537619723866	0.034592287052726794	0.03706661359615438	0.03949940703038073	0.04146973285039386	0.0428369566292639	0.04367105102653507	0.0445098505899965	0.045558947563456076	0.0469846072354662	0.04816192992193242	0.049241097002996725	0.049567427410073917	0.04968816772445482	0.050284417388042804	0.05167947997092061	0.053045502908060996	0.054265655858573444	0.05470205128200285	0.05479424637167281	0.055453639434228146	0.05616321301351955	0.056872705162692175	0.05758573245774196	0.05810175168744353	0.058704936332323356	0.05943387340154656	0.05985983377388232	0.05994637700157974	0.06006211598065453	0.060257431818335885	0.06073606149835648	0.06158614765483683	0.0621296691654392	0.06214337863900812	0.061692602977095605	0.06120446510303371	0.06110481513808687	0.06151010523380052	0.06244144639699396	0.06321254726726043	0.0637064709943275	0.06414349720773034	Growth with high aminoadipate supplementation and formic acid treatment.
H5	0.02138687785248887	0.01676670402935378	0.012925203095844398	0.01160611553689473	0.011817539235265741	0.011782257419353521	0.0107037905370285	0.00875405042438835	0.009480315954067042	0.013189325180798456	0.018250734326233125	0.023664289698912	0.02726560674035326	0.029541300970819775	0.031009051319853004	0.03270856100976588	0.03408057727340451	0.036036273306347504	0.0385624691127419	0.04179032100644453	0.045952130677389964	0.049711886985993284	0.05267061877035691	0.054934295575086216	0.056990024566255036	0.05968866383810055	0.0626502076702133	0.06568731353358223	0.06856558157382026	0.07108273910088694	0.07327253096776531	0.07568491754865198	0.07833166442173345	0.08175190148041278	0.08517082799818218	0.0885691233048102	0.09132996846827016	0.0931447954373345	0.09576185905563393	0.0988584841456813	0.10325140598420492	0.10807419825371778	0.11226802796041184	0.11637865221978747	0.12041442382461792	0.12416881577460794	0.12796989772354467	0.13137448363682105	0.1352741458345072	0.13929946767588613	0.14352173932667928	0.14800556728298736	0.15227808335835596	0.15579587892902919	0.15946722049344478	0.16428052188712125	0.17006602335802196	0.17683418206556284	0.18329489238331823	0.1886730703142764	0.193980046135377	Growth with low aminoadipate supplementation and formic acid treatment.
H6	0.008642693224784549	0.011451164747959701	0.013962485812281253	0.01494437357265079	0.013511720211959339	0.009504187361044004	0.007231555722464651	0.0051122835328087785	0.0039979682040717415	0.004047031690991019	0.005148554763595953	0.007643152283933892	0.010104826556713688	0.01233672335152916	0.012948244111216447	0.011855395811154716	0.010505499421746617	0.009440926774827246	0.008868113977826976	0.00914857351588354	0.00925922940597084	0.009328865430658802	0.009389930312050085	0.009203860110654768	0.008798228007503663	0.008333995541196251	0.008088240875499152	0.008108931641554733	0.008262284546614583	0.007924491864198873	0.00788629730628278	0.00818713930782213	0.00822075014800418	0.00820194323842009	0.007999839289644926	0.007712332039004448	0.007596235678986545	0.006766543948659109	0.0058733425820506275	0.005726728325619377	0.006318887325973143	0.007097567208429166	0.007256910368579146	0.006746697640750925	0.005963052859468183	0.005455342937454249	0.0055406247903144485	0.0054851083195607995	0.00591283967947764	0.006434109195778654	0.0066218737886697505	0.006579884239378555	0.00618290954325987	0.005152250938266324	0.004154712489911147	0.003557886647635962	0.0029542990028092746	0.003034340409583644	0.003122218548287147	0.0030230259164154257	0.0029664456959466535	Media control
H7	0.010911691638659378	0.008008785354321743	0.005481715433181282	0.007075624797253948	0.011479651255672801	0.015500699552854054	0.017493072380799248	0.018277543327644915	0.019489058008171658	0.023397213529472632	0.02779773543213876	0.03170225374276298	0.03438863828887411	0.03680764854386641	0.040208567833445966	0.044040168120228484	0.04790490328009499	0.051926297988831534	0.05642956226439705	0.06123846770050553	0.06581695453742688	0.0706552812905455	0.07514108556070803	0.0800349305179449	0.0849915916304413	0.09082475608217577	0.09793247842032382	0.10532117024541074	0.1131789661863285	0.12051292193203465	0.1279020453157746	0.13597664654389738	0.14451818513640596	0.15390636087988094	0.16448580629497037	0.17553157845400402	0.1873930449737098	0.2001564922630205	0.21270137587798513	0.22355668775804743	0.2348390509745989	0.24514300492680258	0.2583333046798374	0.27280758063421173	0.2878220475948962	0.3030597807552765	0.317764775590188	0.33347174845470035	0.34908957175647964	0.3668467771904327	0.38607556343342897	0.4061116692649341	0.42758458897333196	0.4512513468969094	0.4766683704220927	0.5025876168139313	0.5292091779584411	0.5564853638039413	0.5860119181851171	0.6167451335909568	0.6477951668465658	Growth with proline supplementation and formic acid treatment.
H8	0.018592240859357317	0.02023157217050918	0.02251084392727982	0.02848830215707168	0.03556840519744477	0.04185470615113787	0.0458448598670111	0.04974683967783184	0.05390778395368393	0.06029884397263567	0.06743939130164256	0.07413448826563677	0.07999402400466157	0.08586721292631913	0.09482729182297754	0.10670628933809227	0.11990265982345125	0.13356731014503564	0.1475794922680736	0.1620097382053811	0.17760148172118767	0.19508569199053255	0.21416468013921322	0.23532791674964915	0.25795722994549325	0.2815470650996761	0.3065392977110721	0.3338867597604821	0.3650939105553079	0.3986710541816532	0.43358863108946843	0.4712524642650403	0.5137433442994622	0.5619476010891903	0.6148882522587237	0.6699033740842151	0.7246960928809529	0.775984209185367	0.8333008945601778	0.8934188856447094	0.964446151759147	1.0393953354908658	1.1111259170166579	1.1810363020822892	1.2519234249669724	1.3262528558449835	1.39267793433799	1.4587517361138604	1.522012947450949	1.575365569889174	1.6352245554321312	1.690939559379902	1.739215373059695	1.7813852573344193	1.8159101645963254	1.8540623279052562	1.899538490789344	1.9437333333333477	1.9450666666666665	2.1207333333333334	1.9587	Growth with proline supplementation without formic acid treatment.
H9	0.018627837765055742	0.018787635165862047	0.018827960036890013	0.020656449687334478	0.023345080770406257	0.02472071599199523	0.02457426159680874	0.02312326677970476	0.022685731692383315	0.023950993260824647	0.026428867763855512	0.029145509724526484	0.03138949553086765	0.033811314022461854	0.037395611071754035	0.04101333035389401	0.044679968116738446	0.04804654646705064	0.05133918582886459	0.05479905933223029	0.058038243909674124	0.06087094705054547	0.06392460941892482	0.06816173751274208	0.07286658481927043	0.07790878303821412	0.08301779407799366	0.08805865312094512	0.09432341995824886	0.10063108561053392	0.10717669593490746	0.11448780405940912	0.12240176127544941	0.1310257107698443	0.1399530729264651	0.14907847326018478	0.15869209634122178	0.16794346784439584	0.17817752902464185	0.1896640462646229	0.2023429515172575	0.21597144247086514	0.2289508944253511	0.24204702294994415	0.2558006205564017	0.2696152997840067	0.2841187144813536	0.2984421386241112	0.3139205344781322	0.32972767084157684	0.34613945331341356	0.3623757247816186	0.3778980114684582	0.3918754428998612	0.40491542997761426	0.41883404221661086	0.4350866013729353	0.45259210824917046	0.47090207713996474	0.4889003863238083	0.5067927668406362	Growth with formic acid treatment without aminoadipate supplementation.
H11	0.0028025281415449887	0.0034079372226592645	0.0038986837917995704	0.0042020841958120515	0.004203459652491339	0.004557218388338636	0.0051401817015198645	0.00624721804855871	0.007316208170324385	0.008235363295531107	0.009090063638610367	0.009440119431566831	0.009624963287230254	0.009618918892108612	0.008943279861667151	0.007988777281876554	0.00696883716026451	0.006482718545601811	0.0059317263178373285	0.0057477819805775605	0.005795988739952498	0.007400970625295261	0.008881291397872079	0.007568965631124966	0.00624245022217891	0.004395970089485385	0.004521156488469329	0.005707896591257785	0.006410838752404306	0.0060908071416776255	0.005169892839189209	0.004193327207681817	0.003510204605778228	0.0032286070660633576	0.003260463876255687	0.0031615404370126995	0.003315255992614285	0.003786159737356782	0.004083202699051631	0.004087968096783512	0.003706853120620314	0.0029731480539242207	0.0026432587600980755	0.002473792138340436	0.002448773216170751	0.002670875092039809	0.002575578157901029	0.0022228937301793316	0.0019169223550681395	0.00197728322765458	0.0025467965750907624	0.002629339392145235	0.002136817814021137	0.0014629143377008257	0.0013252334742073978	0.001350132752499646	0.001423439216957908	0.0021208691017867466	0.0046514422906485135	0.007475941999637721	0.01047911709104776	Media control
H12	0.03900757548199737	0.040854053389600714	0.042950865807094396	0.04654374102709103	0.04805891979115959	0.04749002652901647	0.047418656153308786	0.048924846518566836	0.05151546740541183	0.05391645296098561	0.055147236699018595	0.05687359229247731	0.05888137426322137	0.06217335298361672	0.07015922891725872	0.08163467805430727	0.09480828120329672	0.11011391842603213	0.11974866652011838	0.13149844191836432	0.12664453650954102	0.12157903313991142	0.12286292029915491	0.12605204436683695	0.12995633436437729	0.13356356855943421	0.13846175308213424	0.1449511226740153	0.14950107147587846	0.15383094274334821	0.15883145588266284	0.1699010028132868	0.18263858636242208	0.1940962896678567	0.1993575111271417	0.20006143692169825	0.19956012096334605	0.19890521662019697	0.20178515095373908	0.20813999141424802	0.21878225497066786	0.23242687500365608	0.2455944488380868	0.25677496259544386	0.2658182881508974	0.2745347218496477	0.2863062596820669	0.2975128730680408	0.3111357774504371	0.32335434846538397	0.33496309946484526	0.3483329138733666	0.3608349970285224	0.3714632711694136	0.38482744061725377	0.4030999457804812	0.42307173161089007	0.4447346614642244	0.4623143594513822	0.4783232198826347	0.4945091128706832	Growth with high aminoadipate supplementation without formic acid treatment.
