well	0	1200	2400	3600	4800	6000	7200	8400	9600	10800	12000	13200	14400	15600	16800	18000	19200	20400	21600	22800	24000	25200	26400	27600	28800	30000	31200	32400	33600	34800	36000	37200	38400	39600	40800	42000	43200	44400	45600	46800	48000	49200	50400	51600	52800	54000	55200	56400	57600	58800	60000	61200	62400	63600	64800	66000	67200	68400	69600	70800	72000	Summary
A1	0.06774999999999999	0.06556666666666669	0.08163333333333334	0.08196666666666666	0.07883333333333334	0.07423333333333337	0.08049999999999999	0.08433333333333334	0.07666666666666669	0.07019999999999998	0.08553333333333335	0.08900000000000005	0.09739999999999996	0.09856666666666669	0.10540000000000002	0.10536666666666669	0.11099999999999999	0.10979999999999998	0.11766666666666667	0.11613333333333334	0.11906666666666663	0.12516666666666662	0.12499999999999997	0.13126666666666667	0.13340000000000002	0.1383	0.13973333333333335	0.1406	0.14283333333333334	0.1429	0.1425	0.15363333333333332	0.158	0.16180000000000003	0.16126666666666664	0.17146666666666666	0.17223333333333332	0.1746	0.16830000000000003	0.1678666666666667	0.18626666666666666	0.19340000000000004	0.19576666666666664	0.1968	0.20326666666666668	0.20346666666666666	0.19963333333333333	0.21129999999999996	0.21956666666666666	0.22080000000000002	0.2344	0.23826666666666665	0.2424	0.25633333333333336	0.2557	0.25850000000000006	0.27493333333333336	0.28646666666666665	0.29086666666666666	0.2992666666666667	0.30151666666666666	Growth with formic acid treatment without aminoadipate supplementation.
A2	0.006466666666666662	0.018566666666666676	0.017199999999999993	0.014366666666666666	0.011766666666666675	0.017433333333333356	0.010333333333333333	0.014166666666666689	0.011233333333333345	0.016199999999999992	0.017633333333333334	0.013433333333333353	0.010499999999999982	0.010066666666666668	0.005666666666666681	0.005833333333333357	0.0017666666666666386	0.002166666666666678	0.003899999999999987	0.004766666666666669	0.005966666666666648	0.005966666666666648	0.00576666666666667	0.00786666666666666	0.007000000000000006	0.006933333333333347	0.0064333333333333464	0.0067000000000000115	0.00789999999999999	0.007600000000000023	0.006466666666666676	0.00633333333333333	0.00626666666666667	0.010466666666666652	0.011833333333333335	0.010533333333333311	0.008000000000000007	0.009066666666666667	0.008900000000000019	0.009766666666666673	0.007833333333333359	0.00576666666666667	0.0028333333333333544	0.0029000000000000137	0.003700000000000009	0.0030999999999999917	0.01103333333333334	0.01103333333333334	0.007833333333333331	0.006766666666666671	0.00466666666666668	0.004133333333333322	0.00743333333333332	0.007766666666666672	0.005633333333333351	0.003866666666666657	0.006233333333333341	0.004433333333333317	0.005199999999999982	0.005433333333333318	0.006983333333333314	Media control
A3	0.07361666666666666	0.06836666666666666	0.08360000000000001	0.07906666666666667	0.07766666666666666	0.0645333333333333	0.06743333333333335	0.0823666666666667	0.08293333333333336	0.08980000000000005	0.10273333333333332	0.1144333333333333	0.12219999999999995	0.12846666666666667	0.14596666666666666	0.15703333333333333	0.1677666666666667	0.17756666666666668	0.1984	0.21126666666666669	0.23276666666666668	0.25006666666666666	0.2574666666666666	0.28526666666666667	0.3069	0.32363333333333333	0.3491333333333333	0.36050000000000004	0.38359999999999994	0.4092	0.4309666666666667	0.4702333333333334	0.49186666666666656	0.5267666666666666	0.5580333333333333	0.5847333333333333	0.6165	0.6564666666666666	0.7161	0.7561666666666668	0.7701333333333333	0.8107666666666667	0.8554333333333334	0.8917	0.9409	0.9761	1.0365333333333333	1.0700333333333332	1.1162333333333332	1.1767666666666665	1.2169666666666668	1.2684333333333333	1.3185333333333333	1.3833666666666666	1.4190333333333334	1.4979666666666667	1.5168333333333333	1.5834333333333332	1.6465	1.6685333333333334	1.6773833333333332	Growth with low aminoadipate supplementation without formic acid treatment.
A4	0.043966666666666654	0.04146666666666665	0.06	0.060166666666666674	0.05316666666666664	0.0547333333333333	0.06983333333333333	0.07366666666666669	0.07203333333333334	0.06790000000000002	0.06933333333333333	0.05663333333333331	0.06009999999999996	0.05956666666666666	0.06136666666666665	0.06043333333333334	0.06496666666666667	0.0727666666666667	0.0801	0.08496666666666666	0.10026666666666667	0.10026666666666667	0.10006666666666666	0.09626666666666664	0.10099999999999998	0.10013333333333335	0.10013333333333332	0.1	0.10709999999999997	0.1117	0.11976666666666666	0.12733333333333333	0.12806666666666663	0.12696666666666664	0.1350333333333333	0.1487333333333333	0.1507	0.1673666666666667	0.1849	0.1885666666666667	0.19613333333333335	0.19826666666666667	0.21053333333333332	0.21559999999999999	0.2316	0.23470000000000002	0.2633333333333333	0.2716333333333333	0.27713333333333334	0.2861666666666667	0.30216666666666664	0.3141333333333334	0.32503333333333334	0.3393666666666667	0.35163333333333335	0.3736666666666667	0.38363333333333327	0.3854333333333333	0.40290000000000004	0.4148333333333333	0.4238333333333333	Growth with high aminoadipate supplementation without formic acid treatment.
A5	0.07073333333333333	0.061233333333333334	0.09266666666666665	0.08863333333333331	0.07203333333333334	0.06440000000000001	0.06836666666666669	0.09129999999999999	0.08589999999999998	0.10219999999999999	0.10819999999999999	0.11903333333333332	0.12646666666666664	0.1372333333333333	0.15426666666666664	0.1666	0.18126666666666671	0.20513333333333333	0.2299	0.24393333333333336	0.26113333333333333	0.2917333333333333	0.31453333333333333	0.3515666666666667	0.37229999999999996	0.4009666666666667	0.44620000000000004	0.47519999999999996	0.5189666666666667	0.5711333333333334	0.6157	0.6794333333333333	0.7332	0.7902666666666667	0.8478333333333333	0.9106333333333332	0.9716333333333332	1.0398666666666667	1.1510333333333334	1.2145333333333335	1.2435333333333334	1.3406666666666667	1.4048666666666667	1.4562	1.5414666666666665	1.5974333333333333	1.6527333333333334	1.7072333333333334	1.8104333333333333	1.8240333333333332	1.8826	1.8891999999999998	1.9270333333333332	1.9991333333333334	2.0189333333333335	2.0169	2.1079666666666665	2.151666666666667	2.1524333333333336	2.178533333333333	2.1221	Growth with proline supplementation without formic acid treatment.
A6	0.01	0.01	0.00686666666666666	0.0057333333333333125	0.003933333333333344	0.003799999999999998	0.003866666666666685	0.007700000000000012	0.003500000000000003	0.006799999999999973	0.010799999999999976	0.01093333333333335	0.009866666666666635	0.009433333333333294	0.014466666666666655	0.013899999999999996	0.01516666666666669	0.014633333333333332	0.021400000000000002	0.019533333333333347	0.021133333333333337	0.02153333333333332	0.021833333333333316	0.02576666666666666	0.02410000000000001	0.025566666666666682	0.02730000000000002	0.027999999999999997	0.028966666666666696	0.029433333333333367	0.02830000000000002	0.030833333333333324	0.02999999999999997	0.031366666666666654	0.030133333333333318	0.02943333333333331	0.02623333333333333	0.03186666666666668	0.030933333333333368	0.03213333333333332	0.031033333333333357	0.03176666666666669	0.031266666666666665	0.02940000000000001	0.03396666666666667	0.02943333333333334	0.03233333333333335	0.03233333333333335	0.03623333333333334	0.03623333333333334	0.037599999999999995	0.037599999999999995	0.04173333333333332	0.04173333333333332	0.04213333333333333	0.0401	0.04136666666666666	0.040166666666666656	0.04173333333333332	0.04283333333333336	0.04440000000000002	Growth with high aminoadipate supplementation and formic acid treatment.
A7	0.0452166666666667	0.041166666666666685	0.03836666666666669	0.04403333333333334	0.04613333333333333	0.05643333333333336	0.06083333333333335	0.0703	0.07193333333333335	0.07869999999999999	0.09436666666666665	0.09733333333333336	0.09936666666666663	0.11363333333333334	0.13866666666666663	0.15283333333333335	0.16786666666666664	0.19030000000000002	0.2106	0.2302	0.25203333333333333	0.27493333333333336	0.2926333333333333	0.32366666666666666	0.349	0.3789	0.4213	0.4552333333333333	0.49429999999999996	0.543	0.5857666666666667	0.6459333333333334	0.7131000000000001	0.7576333333333334	0.8314333333333334	0.8995333333333332	0.9596333333333333	1.0348	1.1142666666666667	1.1993333333333334	1.2435666666666667	1.3532666666666668	1.4052333333333333	1.4368666666666667	1.5608	1.6028	1.642	1.7296	1.8028	1.8284	1.8768666666666665	1.9027666666666665	1.9384333333333332	2.0266333333333333	2.024433333333333	2.027633333333333	2.098666666666667	2.1815333333333333	2.181233333333333	2.1245	2.1079333333333334	Growth with proline supplementation without formic acid treatment.
A8	0.03760000000000002	0.03246666666666667	0.035966666666666675	0.040700000000000014	0.046533333333333315	0.06433333333333335	0.06193333333333334	0.06293333333333331	0.06003333333333333	0.05793333333333331	0.0766	0.07720000000000002	0.08146666666666666	0.09089999999999998	0.10949999999999999	0.12680000000000002	0.1387	0.1610333333333333	0.1871	0.19866666666666669	0.21603333333333333	0.23976666666666666	0.2587666666666667	0.28626666666666667	0.30556666666666665	0.33210000000000006	0.36819999999999997	0.3954333333333333	0.42779999999999996	0.4668333333333333	0.5027333333333334	0.5579000000000001	0.6015666666666667	0.6644333333333334	0.7147	0.7665000000000001	0.8271333333333334	0.8965666666666667	0.9322333333333334	1.0781333333333332	1.0796000000000001	1.1721	1.2348999999999999	1.2920666666666667	1.3896	1.4416666666666669	1.4739333333333333	1.5748333333333333	1.6240999999999999	1.6851	1.7322333333333333	1.7789333333333335	1.7853666666666668	1.8754666666666668	1.8820333333333332	1.8978333333333333	1.9246	2.0128333333333335	2.0121	1.9764666666666666	1.96785	Baseline growth without any supplementation or treatment.
A9	0.031050000000000022	0.025866666666666677	0.025966666666666666	0.03230000000000002	0.027733333333333332	0.038533333333333336	0.04373333333333332	0.048133333333333334	0.050033333333333346	0.059633333333333316	0.062200000000000005	0.061100000000000015	0.06656666666666666	0.0769	0.10139999999999999	0.10760000000000003	0.12819999999999998	0.14683333333333332	0.1578	0.1683666666666667	0.1864333333333333	0.2051666666666667	0.2278666666666667	0.25196666666666667	0.27436666666666665	0.2965	0.32919999999999994	0.36083333333333334	0.3942	0.42423333333333335	0.4630333333333333	0.5024	0.5562666666666667	0.5918333333333334	0.6426000000000001	0.7170000000000001	0.7707333333333334	0.8214666666666667	0.9110333333333333	1.0314333333333332	1.052	1.093	1.1649	1.2130666666666665	1.3207	1.3778666666666668	1.4367333333333334	1.5048333333333332	1.5746	1.6441	1.6995333333333333	1.7375333333333334	1.7489666666666668	1.8257666666666668	1.8723333333333332	1.8723333333333332	1.9395	2.0117333333333334	2.011	1.9618666666666669	1.9594000000000003	Growth with proline supplementation without formic acid treatment.
A10	0.001350000000000004	0.0070666666666666655	0.008366666666666661	0.008300000000000002	0.00743333333333332	0.004733333333333339	0.0054333333333333456	0.00793333333333332	0.00523333333333334	0.01043333333333335	0.013000000000000012	0.015699999999999992	0.009666666666666657	0.010399999999999965	0.00930000000000003	0.011099999999999999	0.011099999999999999	0.009633333333333327	0.009700000000000014	0.010766666666666674	0.009733333333333344	0.006666666666666682	0.005566666666666692	0.013066666666666643	0.012266666666666676	0.017400000000000027	0.01400000000000004	0.014433333333333354	0.012500000000000011	0.01373333333333332	0.01373333333333332	0.01620000000000002	0.016566666666666674	0.01533333333333331	0.016699999999999993	0.01090000000000002	0.01263333333333333	0.014566666666666672	0.015033333333333343	0.01773333333333335	0.016000000000000014	0.012899999999999995	0.011200000000000015	0.009166666666666684	0.012499999999999983	0.011066666666666669	0.014433333333333326	0.014433333333333326	0.012399999999999994	0.012399999999999994	0.012933333333333352	0.012933333333333352	0.01316666666666666	0.01316666666666666	0.016433333333333355	0.016433333333333355	0.014600000000000002	0.011933333333333324	0.012499999999999983	0.012266666666666648	0.012399999999999994	Media control
A11	0.026766666666666647	0.033966666666666645	0.023033333333333322	0.02673333333333333	0.027466666666666667	0.027733333333333332	0.02533333333333332	0.02526666666666666	0.023866666666666647	0.02206666666666665	0.02423333333333333	0.02476666666666666	0.02263333333333334	0.021199999999999997	0.02400000000000002	0.022733333333333355	0.021966666666666662	0.024333333333333318	0.027233333333333304	0.02679999999999999	0.026066666666666655	0.02886666666666665	0.030399999999999983	0.029666666666666675	0.02996666666666667	0.031799999999999995	0.03466666666666665	0.03683333333333333	0.038133333333333325	0.0411	0.043866666666666665	0.04303333333333334	0.042366666666666664	0.04173333333333332	0.049533333333333346	0.052233333333333326	0.05156666666666665	0.060100000000000015	0.06296666666666667	0.061766666666666664	0.0628	0.06643333333333332	0.07133333333333333	0.07266666666666668	0.07470000000000002	0.07533333333333334	0.0812	0.08406666666666668	0.08763333333333331	0.0912	0.10083333333333333	0.10029999999999997	0.10186666666666666	0.11006666666666665	0.10933333333333334	0.1234666666666667	0.12983333333333336	0.13026666666666667	0.13693333333333332	0.14050000000000004	0.14365	Growth with proline supplementation and formic acid treatment.
A12	0.028116666666666665	0.02969999999999999	0.01990000000000003	0.025300000000000017	0.028533333333333327	0.029533333333333328	0.027700000000000002	0.02633333333333332	0.025566666666666654	0.027133333333333343	0.029200000000000004	0.02983333333333335	0.03553333333333333	0.03503333333333336	0.03836666666666666	0.03710000000000002	0.038166666666666654	0.040666666666666657	0.04403333333333331	0.04469999999999999	0.0456	0.046999999999999986	0.04903333333333332	0.04773333333333335	0.0499	0.050633333333333364	0.05450000000000002	0.05609999999999998	0.0577	0.05823333333333333	0.06186666666666665	0.06383333333333333	0.06606666666666669	0.06819999999999998	0.07053333333333334	0.07499999999999998	0.07503333333333334	0.07953333333333337	0.08006666666666667	0.07849999999999999	0.0824	0.0867333333333333	0.0907	0.09123333333333333	0.09496666666666667	0.0917333333333333	0.09606666666666663	0.09983333333333336	0.10316666666666663	0.10493333333333335	0.10963333333333336	0.11079999999999998	0.1111	0.11660000000000001	0.11883333333333335	0.12816666666666668	0.1339	0.13433333333333333	0.1383	0.14286666666666667	0.14375	Growth with low aminoadipate supplementation and formic acid treatment.
B1	0.0291	0.02536666666666665	0.04653333333333334	0.050666666666666665	0.047533333333333344	0.033733333333333365	0.03689999999999999	0.04293333333333335	0.04976666666666668	0.045499999999999985	0.04683333333333331	0.05799999999999997	0.06689999999999999	0.08206666666666668	0.08229999999999998	0.08296666666666666	0.0887	0.0897	0.10246666666666668	0.1054333333333333	0.11596666666666666	0.12046666666666667	0.12410000000000002	0.12696666666666667	0.13330000000000003	0.1388	0.14733333333333334	0.1514	0.1593333333333333	0.16840000000000002	0.1757	0.18643333333333337	0.192	0.1978	0.21066666666666664	0.2230666666666667	0.22463333333333332	0.2437	0.24540000000000003	0.26136666666666664	0.27836666666666665	0.2875	0.30136666666666667	0.3115	0.32576666666666665	0.3384666666666667	0.34523333333333334	0.3625	0.3784666666666667	0.39169999999999994	0.41179999999999994	0.43156666666666665	0.44510000000000005	0.4663333333333334	0.4776	0.48160000000000003	0.5105333333333333	0.5335666666666666	0.5466666666666667	0.5666666666666667	0.5745666666666667	Growth with high aminoadipate supplementation without formic acid treatment.
B2	0.017700000000000007	0.016866666666666696	0.02303333333333335	0.022166666666666668	0.015833333333333338	0.0024333333333333707	0.005599999999999994	0.009433333333333349	0.011466666666666708	0.005599999999999994	0.004633333333333323	0.008000000000000035	0.012499999999999983	0.01206666666666667	0.017500000000000016	0.017466666666666686	0.020100000000000007	0.0189	0.02316666666666667	0.02113333333333331	0.02276666666666663	0.02276666666666663	0.0242	0.02586666666666665	0.0262	0.028099999999999986	0.028533333333333327	0.028499999999999998	0.028233333333333333	0.028000000000000025	0.027099999999999985	0.02893333333333334	0.02890000000000001	0.0257	0.024366666666666648	0.025566666666666654	0.02523333333333333	0.030100000000000016	0.027500000000000024	0.027066666666666683	0.02506666666666668	0.025500000000000023	0.027566666666666656	0.02739999999999998	0.029066666666666685	0.029266666666666663	0.02723333333333333	0.026199999999999973	0.027666666666666673	0.028200000000000003	0.028100000000000014	0.02836666666666668	0.03190000000000001	0.03233333333333335	0.0353	0.03180000000000002	0.030133333333333318	0.030166666666666647	0.030166666666666647	0.029666666666666675	0.03096666666666667	Growth with high aminoadipate supplementation and formic acid treatment.
B3	0.011216666666666666	0.012366666666666692	0.02360000000000001	0.021266666666666656	0.019766666666666682	0.011633333333333357	0.01423333333333332	0.018566666666666676	0.018933333333333358	0.015499999999999986	0.018633333333333335	0.02143333333333336	0.02699999999999997	0.02736666666666665	0.03986666666666666	0.04053333333333334	0.04626666666666665	0.051066666666666705	0.062	0.06156666666666666	0.06716666666666662	0.07536666666666664	0.07876666666666665	0.09016666666666667	0.09500000000000003	0.10583333333333333	0.11503333333333332	0.12239999999999998	0.1325	0.13930000000000003	0.14896666666666666	0.16243333333333335	0.17276666666666668	0.17876666666666666	0.19023333333333334	0.20753333333333332	0.2151	0.23176666666666665	0.24880000000000002	0.27326666666666666	0.2766333333333334	0.2942666666666667	0.3085333333333333	0.32610000000000006	0.3467	0.3572	0.3645333333333334	0.3906333333333334	0.4115333333333333	0.4227666666666666	0.45086666666666664	0.47473333333333334	0.49363333333333337	0.5254666666666667	0.5525333333333333	0.5689666666666666	0.5994333333333333	0.6376333333333333	0.6741	0.6983333333333333	0.7168833333333333	Growth with formic acid treatment without aminoadipate supplementation.
B4	0.03576666666666668	0.03576666666666667	0.07239999999999999	0.06786666666666666	0.06526666666666667	0.0610333333333333	0.06433333333333333	0.06816666666666668	0.06523333333333334	0.06520000000000004	0.07043333333333335	0.08533333333333329	0.09819999999999998	0.10226666666666667	0.12236666666666665	0.13823333333333335	0.16006666666666666	0.17046666666666666	0.1947	0.20596666666666666	0.22496666666666665	0.24976666666666664	0.26946666666666663	0.29646666666666666	0.3167	0.3463333333333334	0.3821333333333333	0.4124	0.45109999999999995	0.4939	0.5438666666666667	0.5905333333333334	0.6471666666666666	0.6939666666666666	0.7669333333333334	0.8163333333333332	0.8705	0.9456666666666665	1.0269	1.0997666666666666	1.1473333333333333	1.2430666666666665	1.2985333333333333	1.4026999999999998	1.4542000000000002	1.5506	1.5550333333333333	1.6140333333333334	1.6610333333333334	1.7260666666666666	1.7862666666666667	1.7908333333333333	1.8785333333333334	1.9023666666666668	1.8999333333333335	1.8977666666666668	1.9322333333333335	2.0054333333333334	2.0061999999999998	2.0153333333333334	2.0117333333333334	Growth with proline supplementation without formic acid treatment.
B5	0.004033333333333333	0.01	0.01	0.002233333333333337	0.01	0.01	0.01	0.01	0.0005000000000000004	0.01	0.01	0.01	0.01	0.01	0.01	0.01	0.01	0.01	0.01	0.01	0.01	0.01	0.01	0.01	0.01	0.01	0.01	0.01	0.01	0.01	0.01	0.01	0.01	0.01	0.01	0.01	0.01	0.01	0.01	0.01	0.01	0.01	0.01	0.01	0.01	0.01	0.01	0.01	0.01	0.01	0.01	0.01	0.01	0.01	0.01	0.01	0.01	0.01	0.01	0.01	0.01	Media control
B6	0.016833333333333325	0.014233333333333348	0.02426666666666666	0.02623333333333333	0.02733333333333332	0.028999999999999998	0.030066666666666686	0.03390000000000001	0.031	0.03229999999999997	0.04349999999999998	0.04503333333333334	0.04786666666666664	0.05063333333333331	0.060766666666666636	0.06169999999999998	0.0652666666666667	0.06973333333333334	0.0821	0.08313333333333334	0.09263333333333332	0.10013333333333332	0.1036333333333333	0.11686666666666665	0.1222	0.12716666666666668	0.13880000000000003	0.1476	0.1557666666666667	0.16653333333333334	0.17220000000000002	0.1849333333333333	0.1949	0.20826666666666668	0.22093333333333331	0.22903333333333334	0.23463333333333333	0.2476666666666667	0.25543333333333335	0.2607333333333334	0.29133333333333333	0.3052666666666667	0.3129666666666667	0.32530000000000003	0.34606666666666663	0.3482333333333334	0.3567333333333333	0.3907333333333333	0.4161333333333333	0.43273333333333336	0.4528	0.46009999999999995	0.48473333333333335	0.5016333333333334	0.5148333333333334	0.5166	0.5666666666666667	0.6011666666666667	0.6266333333333333	0.6579333333333334	0.6702999999999999	Growth with proline supplementation and formic acid treatment.
B7	0.009416666666666657	0.014266666666666677	0.00896666666666665	0.0054333333333333456	0.0054333333333333456	0.005633333333333351	0.00463333333333335	0.0050000000000000044	0.006633333333333352	0.0063	0.0035666666666666624	0.005133333333333351	0.00626666666666667	0.0055333333333333345	0.005166666666666653	0.00683333333333333	0.007266666666666671	0.010200000000000015	0.010200000000000015	0.009799999999999975	0.008933333333333321	0.009733333333333316	0.011733333333333346	0.011366666666666692	0.0121	0.00990000000000002	0.006599999999999995	0.005833333333333357	0.006500000000000006	0.005900000000000016	0.005466666666666675	0.005333333333333329	0.0066000000000000225	0.0039333333333333165	0.006733333333333341	0.011833333333333307	0.010033333333333339	0.006200000000000011	0.003966666666666674	0.003233333333333338	0.005666666666666681	0.006366666666666659	0.004933333333333317	0.009066666666666667	0.004300000000000026	0.012399999999999994	0.011799999999999977	0.011799999999999977	0.007200000000000012	0.007200000000000012	0.006666666666666654	0.006666666666666654	0.0065333333333333354	0.0065333333333333354	0.005633333333333351	0.005633333333333351	0.004866666666666658	0.009833333333333333	0.009533333333333338	0.008300000000000002	0.007183333333333347	Media control
B8	0.014700000000000005	0.015366666666666667	0.040166666666666684	0.040100000000000025	0.04053333333333334	0.04043333333333335	0.04253333333333334	0.041833333333333333	0.03893333333333335	0.04003333333333331	0.04770000000000002	0.04670000000000002	0.050166666666666665	0.07919999999999996	0.07809999999999997	0.0738	0.0711	0.07233333333333333	0.08360000000000001	0.09196666666666667	0.09273333333333336	0.10466666666666666	0.10446666666666668	0.10426666666666667	0.10386666666666669	0.11660000000000001	0.12880000000000003	0.13163333333333335	0.1328	0.13503333333333337	0.14103333333333337	0.14940000000000003	0.15336666666666668	0.16103333333333333	0.1715	0.1848	0.19293333333333332	0.19836666666666666	0.2074333333333333	0.21333333333333332	0.22990000000000002	0.24539999999999998	0.2565	0.26776666666666665	0.279	0.27416666666666667	0.29183333333333333	0.31153333333333333	0.33709999999999996	0.34719999999999995	0.3653333333333334	0.37773333333333337	0.39146666666666663	0.4087666666666667	0.40593333333333337	0.4187333333333333	0.45609999999999995	0.46743333333333337	0.48649999999999993	0.5142666666666666	0.5237999999999999	Growth with high aminoadipate supplementation without formic acid treatment.
B9	0.045700000000000005	0.050566666666666676	0.06726666666666667	0.0786	0.08403333333333332	0.08453333333333335	0.08793333333333334	0.10193333333333332	0.10573333333333332	0.10743333333333335	0.11550000000000002	0.11619999999999997	0.12046666666666667	0.14089999999999994	0.14960000000000004	0.15860000000000002	0.17830000000000001	0.18543333333333334	0.2102	0.22146666666666667	0.2484333333333333	0.2638666666666667	0.2757666666666667	0.3020666666666667	0.31156666666666666	0.32889999999999997	0.36360000000000003	0.3857333333333334	0.4064	0.4379333333333333	0.4723333333333334	0.4827	0.5230666666666667	0.5605333333333333	0.5853	0.6024	0.6529333333333334	0.7015666666666667	0.7117333333333333	0.7536333333333334	0.7944	0.8449	0.8842	0.9115666666666667	0.9673	1.0315666666666665	1.0420333333333334	1.0847333333333333	1.1456	1.1841	1.2500333333333333	1.2805333333333333	1.3678666666666666	1.3923666666666668	1.4333333333333333	1.4846333333333335	1.5021	1.6131333333333333	1.6333	1.6874666666666667	1.7046	Growth with low aminoadipate supplementation without formic acid treatment.
B10	0.018566666666666662	0.016966666666666658	0.01253333333333334	0.018633333333333335	0.01946666666666666	0.020033333333333347	0.018833333333333313	0.01906666666666665	0.01846666666666666	0.019666666666666666	0.02313333333333334	0.02476666666666666	0.030633333333333346	0.0305	0.03660000000000002	0.03613333333333335	0.03566666666666668	0.03743333333333332	0.04383333333333331	0.04469999999999999	0.047566666666666674	0.05046666666666666	0.051700000000000024	0.05216666666666667	0.054266666666666685	0.05510000000000001	0.06216666666666665	0.06373333333333336	0.06583333333333335	0.0698	0.07626666666666668	0.07773333333333335	0.08106666666666668	0.08143333333333333	0.08993333333333334	0.09553333333333333	0.0946666666666667	0.09900000000000003	0.10066666666666665	0.10526666666666665	0.11030000000000001	0.11823333333333333	0.12203333333333338	0.13186666666666666	0.13150000000000003	0.12983333333333336	0.13190000000000002	0.13976666666666668	0.14523333333333333	0.14670000000000002	0.15513333333333332	0.15940000000000001	0.1637666666666667	0.17116666666666666	0.17723333333333335	0.18276666666666666	0.18713333333333332	0.19716666666666663	0.20253333333333337	0.20860000000000004	0.21184999999999998	Growth with low aminoadipate supplementation and formic acid treatment.
B11	0.01446666666666667	0.019266666666666654	0.014133333333333331	0.01833333333333334	0.020766666666666683	0.02043333333333333	0.01993333333333333	0.01836666666666667	0.01896666666666666	0.018166666666666664	0.021933333333333332	0.02156666666666668	0.02623333333333333	0.026599999999999985	0.031200000000000006	0.03003333333333333	0.029366666666666652	0.03323333333333331	0.0411333333333333	0.0416	0.04626666666666665	0.05236666666666667	0.052799999999999986	0.05946666666666667	0.06326666666666667	0.06770000000000001	0.07436666666666666	0.07893333333333333	0.08543333333333333	0.09400000000000003	0.10126666666666664	0.10523333333333332	0.11226666666666668	0.11673333333333336	0.13023333333333334	0.13983333333333334	0.14646666666666663	0.16190000000000004	0.15906666666666666	0.17626666666666665	0.18269999999999997	0.19753333333333334	0.20733333333333334	0.22646666666666668	0.2401	0.2532333333333333	0.2548	0.27546666666666664	0.29943333333333333	0.3127	0.32793333333333335	0.3377	0.3476666666666667	0.36396666666666666	0.3746333333333334	0.3836666666666667	0.4154333333333333	0.4320666666666666	0.44943333333333335	0.4719000000000001	0.4912500000000001	Growth with formic acid treatment without aminoadipate supplementation.
B12	0.04301666666666669	0.054000000000000006	0.03880000000000003	0.053200000000000025	0.06033333333333332	0.05623333333333333	0.057499999999999996	0.057033333333333325	0.061766666666666636	0.07183333333333333	0.0776	0.08673333333333336	0.09793333333333334	0.10853333333333334	0.12436666666666665	0.13520000000000001	0.14966666666666667	0.16606666666666664	0.18613333333333332	0.1993	0.2222	0.24469999999999997	0.2628333333333333	0.2828333333333334	0.3114	0.3337333333333333	0.36329999999999996	0.4012	0.4333	0.47373333333333334	0.5141666666666667	0.5559333333333333	0.5962666666666667	0.6675	0.7187333333333333	0.7877	0.8478333333333334	0.9060333333333335	0.9223666666666667	0.9964	1.0968	1.1895333333333333	1.2576	1.3273333333333335	1.4156666666666669	1.4537333333333333	1.5014666666666665	1.5693333333333335	1.6373666666666666	1.6940333333333333	1.7344333333333333	1.8062	1.8103	1.876	1.8750333333333336	1.8751666666666664	1.9493	2.0244333333333335	2.024	2.0242666666666667	2.0372999999999997	Baseline growth without any supplementation or treatment.
C1	0.048016666666666666	0.04783333333333331	0.056333333333333346	0.05926666666666666	0.07063333333333333	0.06656666666666669	0.0708	0.07649999999999998	0.08223333333333335	0.11333333333333331	0.1230333333333333	0.13036666666666666	0.14013333333333333	0.17093333333333333	0.18146666666666667	0.18616666666666665	0.20229999999999998	0.21589999999999998	0.24599999999999997	0.2581	0.2804333333333333	0.3028333333333333	0.3224666666666667	0.3499333333333334	0.3768666666666666	0.39656666666666673	0.42780000000000007	0.4371666666666667	0.464	0.49379999999999996	0.5291666666666667	0.5625	0.5973666666666666	0.6317666666666667	0.6705333333333333	0.7020333333333333	0.7384999999999999	0.7748	0.7759	0.8173666666666667	0.8956666666666666	0.9406	0.9815333333333333	1.0300666666666667	1.0549666666666666	1.0965333333333334	1.1169	1.2085333333333335	1.2431333333333332	1.2879666666666667	1.3502666666666667	1.3896333333333333	1.4818666666666667	1.4892	1.5598	1.5853333333333333	1.6200333333333334	1.6922333333333333	1.7497	1.7732666666666668	1.77415	Growth with low aminoadipate supplementation without formic acid treatment.
C2	0.02550000000000001	0.02516666666666667	0.053833333333333344	0.06636666666666666	0.07093333333333335	0.06413333333333338	0.0693	0.07313333333333336	0.07296666666666668	0.07929999999999998	0.09523333333333334	0.11389999999999997	0.1314	0.13406666666666667	0.15199999999999997	0.17116666666666663	0.18979999999999997	0.21269999999999997	0.24306666666666668	0.25173333333333336	0.27686666666666665	0.30416666666666664	0.3316	0.3622666666666667	0.38799999999999996	0.4271999999999999	0.4764333333333334	0.5093000000000001	0.5533333333333333	0.6051	0.6531	0.7118333333333333	0.7682	0.8332	0.9073666666666667	0.9719666666666666	1.0335333333333334	1.1101999999999999	1.1083	1.1837666666666669	1.3268666666666669	1.4247	1.4714666666666667	1.5554999999999999	1.5816666666666668	1.6068666666666667	1.6681333333333335	1.7962	1.8038666666666667	1.8188	1.8774	1.8936666666666666	2.0084	2.0498333333333334	2.0572999999999997	2.0538	2.0625333333333336	2.0629666666666666	2.101166666666667	2.1006666666666667	2.0830666666666664	Growth with proline supplementation without formic acid treatment.
C4	0.01	0.005333333333333329	0.004133333333333322	0.001066666666666688	0.00573333333333334	0.01849999999999999	0.017799999999999983	0.010133333333333328	0.007033333333333336	0.006900000000000017	0.011233333333333345	0.013866666666666666	0.020166666666666666	0.02103333333333335	0.019133333333333336	0.0194	0.019199999999999995	0.0232	0.018199999999999994	0.02203333333333332	0.01933333333333334	0.01933333333333334	0.01886666666666667	0.014133333333333303	0.013300000000000006	0.009366666666666662	0.008900000000000019	0.008900000000000019	0.009566666666666668	0.010233333333333317	0.010700000000000015	0.010099999999999998	0.009966666666666651	0.010899999999999993	0.011200000000000015	0.012300000000000005	0.013300000000000006	0.009833333333333333	0.01090000000000002	0.01090000000000002	0.01376666666666665	0.014600000000000002	0.013600000000000001	0.013500000000000012	0.010133333333333328	0.012133333333333357	0.012400000000000022	0.011366666666666692	0.013166666666666688	0.013166666666666688	0.013266666666666677	0.013266666666666677	0.01096666666666668	0.01096666666666668	0.010233333333333344	0.012966666666666682	0.010699999999999987	0.013600000000000001	0.0121	0.013833333333333336	0.01178333333333334	Media control
C5	0.0027833333333333043	0.002233333333333337	0.017066666666666647	0.013033333333333341	0.013933333333333325	0.007099999999999995	0.006466666666666648	0.010300000000000004	0.008099999999999996	0.007000000000000006	0.010999999999999982	0.012533333333333313	0.012266666666666648	0.011833333333333307	0.01586666666666664	0.01529999999999998	0.016966666666666658	0.017633333333333334	0.022699999999999998	0.02423333333333333	0.02583333333333332	0.02733333333333332	0.026633333333333314	0.03206666666666669	0.03040000000000001	0.032266666666666666	0.03510000000000002	0.036400000000000016	0.03966666666666668	0.040133333333333326	0.03920000000000001	0.044433333333333325	0.04589999999999997	0.04836666666666667	0.05033333333333331	0.04963333333333331	0.05053333333333335	0.05886666666666665	0.060533333333333356	0.06603333333333333	0.06823333333333334	0.07016666666666668	0.07076666666666667	0.0746	0.08036666666666667	0.07853333333333334	0.09603333333333336	0.09673333333333334	0.10283333333333336	0.10403333333333334	0.1134	0.11459999999999998	0.12003333333333333	0.12853333333333333	0.13333333333333333	0.14320000000000002	0.14926666666666663	0.14806666666666665	0.15563333333333332	0.16353333333333334	0.1691	Growth with formic acid treatment without aminoadipate supplementation.
C6	0.0033833333333333354	0.01	0.012266666666666648	0.017033333333333317	0.018633333333333335	0.021400000000000002	0.021366666666666673	0.026900000000000007	0.025400000000000006	0.02629999999999999	0.03729999999999997	0.039633333333333354	0.04256666666666664	0.04533333333333331	0.05196666666666663	0.05249999999999999	0.054766666666666686	0.05843333333333334	0.0688	0.06763333333333335	0.07193333333333332	0.07783333333333331	0.07653333333333331	0.08746666666666664	0.08779999999999999	0.09016666666666667	0.0963	0.09989999999999999	0.1032666666666667	0.10853333333333334	0.10770000000000002	0.11533333333333332	0.11979999999999999	0.12226666666666666	0.1283333333333333	0.1276333333333333	0.12633333333333333	0.13956666666666667	0.13993333333333335	0.15103333333333332	0.15063333333333334	0.1566666666666667	0.15916666666666665	0.16390000000000002	0.17466666666666666	0.17023333333333332	0.18243333333333334	0.18883333333333335	0.19633333333333336	0.19843333333333335	0.2086	0.21339999999999998	0.21713333333333334	0.2286333333333333	0.23073333333333332	0.24490000000000003	0.24546666666666667	0.25096666666666667	0.2595333333333333	0.2717333333333334	0.2772	Growth with low aminoadipate supplementation and formic acid treatment.
C8	0.01	0.01	0.01	0.01	0.01	0.01	0.01	0.01	0.01	0.01	0.01	0.01	0.01	0.01	0.01	0.01	0.01	0.01	0.01	0.01	0.01	0.01	0.01	0.01	0.01	0.01	0.01	0.01	0.01	0.01	0.01	0.01	0.01	0.01	0.01	0.01	0.01	0.01	0.01	0.01	0.01	0.01	0.01	0.01	0.01	0.01	0.01	0.01	0.01	0.01	0.01	0.01	0.01	0.01	0.01	0.01	0.01	0.01	0.01	0.01	0.01	Media control
C9	0.0004999999999999866	0.01	0.005666666666666681	0.012900000000000023	0.015233333333333321	0.02313333333333334	0.02483333333333332	0.024133333333333312	0.02473333333333333	0.021733333333333354	0.0335	0.032399999999999984	0.036966666666666675	0.03589999999999996	0.041600000000000026	0.039599999999999996	0.04000000000000001	0.04193333333333332	0.04930000000000001	0.04926666666666665	0.05033333333333334	0.055466666666666664	0.056866666666666676	0.059666666666666646	0.05966666666666667	0.059600000000000014	0.06850000000000003	0.06863333333333335	0.07090000000000002	0.07463333333333333	0.07763333333333333	0.08150000000000002	0.08366666666666667	0.08313333333333331	0.0889	0.09030000000000002	0.09073333333333336	0.1017666666666667	0.10023333333333337	0.10933333333333334	0.1081	0.1157	0.11900000000000002	0.11826666666666671	0.1237	0.12296666666666667	0.13413333333333333	0.13453333333333334	0.1413	0.145	0.15313333333333337	0.15533333333333335	0.15736666666666665	0.1660666666666667	0.16743333333333335	0.17313333333333333	0.17830000000000001	0.17693333333333333	0.18039999999999998	0.18856666666666663	0.19144999999999998	Growth with low aminoadipate supplementation and formic acid treatment.
C10	0.038366666666666674	0.04886666666666667	0.04003333333333334	0.04803333333333332	0.06296666666666667	0.07593333333333335	0.07353333333333334	0.06046666666666667	0.059066666666666656	0.06386666666666665	0.06583333333333333	0.06656666666666666	0.07533333333333334	0.0842	0.07980000000000001	0.07853333333333334	0.07776666666666665	0.09153333333333333	0.09143333333333331	0.091	0.10226666666666667	0.10706666666666664	0.1104	0.1113666666666667	0.11876666666666666	0.12550000000000003	0.13416666666666668	0.13873333333333335	0.1446333333333333	0.14750000000000002	0.15856666666666666	0.17143333333333335	0.17076666666666668	0.17883333333333334	0.18523333333333333	0.1960333333333333	0.20076666666666665	0.2183	0.21636666666666668	0.23256666666666667	0.23720000000000002	0.2551333333333333	0.26783333333333337	0.2789666666666667	0.28659999999999997	0.2920333333333333	0.3073	0.31956666666666667	0.33003333333333335	0.3399	0.3551333333333333	0.36539999999999995	0.37006666666666665	0.3976666666666666	0.40593333333333337	0.42356666666666676	0.43143333333333334	0.4453666666666666	0.45943333333333336	0.4719000000000001	0.47945000000000004	Growth with high aminoadipate supplementation without formic acid treatment.
C11	0.02211666666666666	0.033699999999999994	0.023400000000000004	0.023400000000000004	0.023833333333333317	0.028133333333333344	0.028499999999999998	0.023033333333333322	0.022966666666666635	0.025433333333333336	0.02779999999999999	0.028433333333333338	0.03513333333333335	0.03513333333333335	0.037066666666666664	0.035800000000000026	0.03686666666666666	0.04256666666666667	0.04213333333333333	0.04199999999999998	0.0411	0.04580000000000001	0.044933333333333325	0.04133333333333336	0.045999999999999985	0.045333333333333364	0.048000000000000015	0.04839999999999997	0.04899999999999999	0.051233333333333325	0.05306666666666665	0.05463333333333331	0.05186666666666667	0.05529999999999999	0.05513333333333334	0.05729999999999999	0.05613333333333334	0.057833333333333375	0.05926666666666666	0.0587	0.060700000000000004	0.06513333333333332	0.06659999999999999	0.06753333333333333	0.06736666666666669	0.06663333333333332	0.06796666666666665	0.06853333333333333	0.07216666666666663	0.07273333333333332	0.07583333333333334	0.07529999999999998	0.07500000000000001	0.08030000000000001	0.07773333333333332	0.07946666666666666	0.08149999999999999	0.08513333333333334	0.08549999999999999	0.08986666666666668	0.08989999999999998	Growth with high aminoadipate supplementation and formic acid treatment.
C12	0.015016666666666678	0.022099999999999995	0.007499999999999979	0.012899999999999995	0.018733333333333324	0.01723333333333335	0.017000000000000015	0.01363333333333333	0.013566666666666671	0.01683333333333334	0.019199999999999995	0.021833333333333316	0.02733333333333335	0.02983333333333335	0.03396666666666667	0.034700000000000036	0.036866666666666686	0.04466666666666669	0.050333333333333286	0.05399999999999999	0.0597	0.06869999999999998	0.07243333333333332	0.07573333333333335	0.08449999999999999	0.09253333333333333	0.10600000000000001	0.11529999999999999	0.1254	0.13873333333333335	0.15346666666666667	0.17013333333333333	0.1819666666666667	0.19659999999999997	0.2154333333333333	0.2323	0.25243333333333334	0.2766333333333334	0.28246666666666664	0.3126	0.3286	0.3500333333333333	0.3677	0.3864333333333333	0.4059666666666667	0.4248333333333334	0.4433666666666667	0.47973333333333334	0.5051666666666667	0.5336333333333334	0.5634333333333333	0.6008	0.638	0.6864	0.7174333333333334	0.7554666666666667	0.8019	0.8454333333333334	0.9022999999999999	0.9535666666666668	0.9714500000000001	Growth with proline supplementation and formic acid treatment.
D1	0.03144999999999999	0.02366666666666667	0.03883333333333333	0.0398	0.037566666666666665	0.04326666666666665	0.033333333333333354	0.03253333333333333	0.03186666666666671	0.03949999999999998	0.04476666666666668	0.051733333333333326	0.06153333333333333	0.06373333333333334	0.0691333333333333	0.07223333333333332	0.07726666666666668	0.08266666666666667	0.09289999999999998	0.09353333333333333	0.10223333333333334	0.10876666666666665	0.11430000000000001	0.12489999999999998	0.13133333333333333	0.13613333333333333	0.14883333333333332	0.15463333333333334	0.1607333333333333	0.17603333333333335	0.1789	0.19419999999999998	0.20500000000000002	0.21669999999999998	0.23376666666666665	0.24426666666666666	0.255	0.27756666666666674	0.2742	0.2963	0.3125	0.3223333333333333	0.3426666666666667	0.35786666666666667	0.3726666666666666	0.38506666666666667	0.39446666666666674	0.4194	0.43233333333333335	0.4436333333333333	0.4685	0.48950000000000005	0.5063333333333333	0.5286333333333333	0.5637333333333333	0.5668333333333333	0.6016	0.6296	0.6569333333333333	0.6856333333333333	0.7036666666666666	Growth with proline supplementation and formic acid treatment.
D2	0.01633333333333334	0.014333333333333337	0.02403333333333335	0.024533333333333324	0.023999999999999994	0.019333333333333313	0.016033333333333344	0.01986666666666667	0.02100000000000002	0.023333333333333317	0.023766666666666658	0.026233333333333303	0.029866666666666652	0.02943333333333334	0.03309999999999999	0.03306666666666666	0.036866666666666686	0.03626666666666667	0.04166666666666666	0.04096666666666665	0.04413333333333333	0.04563333333333333	0.045566666666666616	0.050733333333333325	0.050766666666666654	0.05263333333333334	0.056866666666666676	0.056866666666666676	0.056866666666666676	0.05916666666666667	0.05793333333333331	0.062266666666666665	0.06276666666666667	0.06303333333333333	0.06553333333333336	0.06553333333333336	0.06493333333333334	0.06913333333333335	0.06480000000000002	0.06480000000000002	0.07120000000000001	0.07336666666666669	0.07493333333333332	0.07626666666666668	0.07849999999999999	0.07736666666666667	0.07736666666666667	0.087	0.08726666666666666	0.08756666666666668	0.09036666666666668	0.09306666666666669	0.09753333333333336	0.09963333333333338	0.09910000000000002	0.10243333333333335	0.10839999999999997	0.10713333333333333	0.11116666666666664	0.11343333333333333	0.11611666666666662	Growth with low aminoadipate supplementation and formic acid treatment.
D3	0.004483333333333325	0.01	0.01	0.01	0.01	0.01	0.01	0.01	0.01	0.01	0.01	0.01	0.01	0.01	0.01	0.01	0.01	0.01	0.01	0.01	0.01	0.01	0.01	0.01	0.01	0.01	0.01	0.01	0.01	0.01	0.01	0.01	0.01	0.01	0.01	0.01	0.01	0.01	0.01	0.01	0.01	0.01	0.01	0.01	0.01	0.01	0.01	0.01	0.01	0.01	0.01	0.01	0.01	0.01	0.01	0.01	0.01	0.01	0.01	0.01	0.01	Media control
D4	0.03411666666666663	0.027166666666666645	0.04866666666666669	0.06253333333333336	0.06479999999999997	0.05629999999999999	0.062166666666666676	0.07359999999999997	0.07470000000000002	0.08709999999999998	0.09113333333333332	0.09956666666666666	0.11206666666666665	0.12483333333333332	0.14103333333333332	0.1536	0.17350000000000002	0.19219999999999998	0.2117333333333333	0.22753333333333328	0.25173333333333336	0.27503333333333335	0.2957666666666667	0.3245	0.35053333333333336	0.3786666666666667	0.41723333333333334	0.44733333333333325	0.48130000000000006	0.527	0.5779666666666666	0.6343	0.6904	0.7452666666666667	0.8123	0.8585666666666667	0.9293666666666667	0.9951333333333332	1.0723333333333334	1.1658000000000002	1.2184666666666666	1.3074	1.3707	1.4366	1.5357333333333334	1.6093	1.649	1.7365666666666668	1.7983333333333333	1.8224333333333333	1.891	1.8931	1.941266666666667	1.9754999999999998	1.9802666666666668	2.0114333333333336	2.0370666666666666	2.0921	2.2056999999999998	2.2051	2.1567000000000003	Baseline growth without any supplementation or treatment.
D5	0.030399999999999996	0.03323333333333334	0.04533333333333334	0.05156666666666668	0.05513333333333334	0.06259999999999999	0.0628	0.06713333333333335	0.06973333333333334	0.07320000000000004	0.08323333333333335	0.09416666666666668	0.10766666666666666	0.12263333333333332	0.14263333333333333	0.1561	0.17400000000000002	0.1941	0.2159	0.2289333333333333	0.25593333333333335	0.2753333333333333	0.29916666666666664	0.33343333333333336	0.35550000000000004	0.3869666666666667	0.4172	0.46029999999999993	0.49026666666666674	0.5431333333333332	0.5986	0.6436999999999999	0.7010666666666666	0.7612	0.8188	0.8921	0.9505999999999999	1.0274333333333334	1.0505	1.1284	1.2157666666666667	1.3226	1.3852	1.4503	1.5375333333333332	1.5786333333333333	1.6133000000000002	1.7295666666666667	1.7943666666666667	1.8435666666666666	1.878966666666667	1.8900666666666668	1.937266666666667	1.9465666666666666	1.9588333333333334	2.002866666666667	2.0044999999999997	2.0554	2.0594	2.059633333333333	2.1588833333333333	Baseline growth without any supplementation or treatment.
D6	0.017683333333333343	0.01153333333333334	0.034466666666666645	0.03313333333333332	0.037533333333333335	0.03140000000000001	0.04656666666666667	0.060100000000000015	0.057599999999999985	0.06279999999999997	0.0749	0.07823333333333335	0.08026666666666665	0.09243333333333328	0.11296666666666663	0.12459999999999996	0.1365666666666667	0.1539333333333333	0.18119999999999997	0.19003333333333336	0.21483333333333335	0.2338333333333333	0.2528333333333333	0.2850666666666667	0.3093	0.3324666666666667	0.3688	0.4002	0.42856666666666676	0.47233333333333327	0.5129	0.5648333333333333	0.6131	0.6740666666666667	0.7290333333333333	0.7795333333333333	0.8493333333333334	0.9160666666666666	0.9552333333333333	1.0440333333333334	1.1398333333333333	1.2140666666666666	1.2867666666666666	1.3597000000000001	1.4548666666666668	1.4986333333333333	1.5438333333333334	1.6501333333333332	1.7155333333333334	1.7627333333333333	1.8255	1.8592	1.8950333333333331	1.9010333333333334	1.9517333333333333	1.9704000000000002	1.9735666666666667	2.0341666666666667	2.0554333333333337	2.095833333333333	2.12325	Growth with proline supplementation without formic acid treatment.
D7	0.02551666666666666	0.01676666666666668	0.03226666666666664	0.03503333333333333	0.03663333333333332	0.05673333333333336	0.05573333333333336	0.05740000000000001	0.05453333333333335	0.0688	0.08026666666666665	0.08613333333333337	0.09196666666666667	0.09803333333333333	0.11486666666666664	0.12483333333333332	0.13886666666666667	0.1553	0.1745	0.1886	0.20153333333333331	0.22303333333333333	0.23873333333333338	0.25926666666666665	0.2767	0.2955	0.3195	0.3373333333333334	0.3549	0.38480000000000003	0.40296666666666664	0.43803333333333333	0.45810000000000006	0.48253333333333337	0.5212333333333333	0.5536333333333333	0.5658333333333334	0.6109	0.6842666666666667	0.7033333333333334	0.7327666666666667	0.7445666666666666	0.7753333333333333	0.7984666666666667	0.8399	0.8733	0.9636	0.9809999999999999	1.007	1.049	1.0986666666666667	1.1302666666666665	1.1671333333333334	1.2395333333333334	1.2709333333333335	1.3794333333333335	1.3964666666666665	1.4403333333333332	1.5069333333333335	1.5480999999999998	1.5586833333333334	Growth with low aminoadipate supplementation without formic acid treatment.
D8	0.006150000000000003	0.01	0.0019000000000000128	0.008666666666666684	0.0063	0.0072666666666666435	0.007200000000000012	0.007566666666666666	0.005899999999999989	0.008866666666666662	0.011899999999999994	0.011633333333333357	0.012799999999999978	0.01206666666666667	0.012699999999999989	0.011966666666666653	0.011966666666666653	0.011099999999999999	0.01150000000000001	0.014433333333333326	0.013399999999999995	0.01529999999999998	0.01560000000000003	0.017966666666666686	0.017166666666666663	0.020299999999999985	0.020000000000000018	0.019233333333333352	0.01976666666666671	0.022100000000000036	0.022166666666666668	0.022866666666666674	0.022166666666666696	0.021999999999999992	0.025433333333333336	0.024033333333333323	0.024333333333333346	0.028200000000000003	0.027200000000000002	0.028066666666666656	0.027933333333333338	0.027700000000000002	0.028166666666666645	0.02643333333333331	0.030700000000000005	0.02646666666666664	0.028666666666666646	0.028666666666666646	0.032799999999999996	0.032799999999999996	0.03196666666666667	0.03196666666666667	0.03233333333333335	0.03470000000000001	0.034333333333333355	0.034333333333333355	0.03503333333333333	0.03323333333333334	0.03516666666666665	0.03573333333333334	0.035433333333333344	Growth with high aminoadipate supplementation and formic acid treatment.
D10	0.022333333333333316	0.02386666666666666	0.0237	0.027200000000000002	0.03040000000000001	0.031066666666666687	0.031700000000000006	0.030366666666666653	0.028599999999999987	0.0305	0.03416666666666668	0.03446666666666667	0.03839999999999999	0.038199999999999984	0.03843333333333335	0.03873333333333337	0.0406	0.04296666666666665	0.049066666666666675	0.04896666666666666	0.05023333333333335	0.05770000000000003	0.05863333333333334	0.0637666666666667	0.06843333333333335	0.0722666666666667	0.07830000000000001	0.08203333333333335	0.08346666666666669	0.0923	0.09593333333333331	0.10316666666666666	0.11013333333333333	0.11463333333333336	0.12723333333333334	0.13529999999999998	0.13810000000000003	0.15160000000000004	0.14943333333333333	0.1632	0.17103333333333334	0.18766666666666668	0.20076666666666668	0.20950000000000002	0.22596666666666668	0.23229999999999998	0.2404	0.2670666666666667	0.27336666666666665	0.2830333333333333	0.3011666666666667	0.31203333333333333	0.32076666666666664	0.34036666666666665	0.3544999999999999	0.3563333333333333	0.3847666666666667	0.4068666666666667	0.4262666666666667	0.4434666666666667	0.4542166666666667	Growth with formic acid treatment without aminoadipate supplementation.
D11	0.01	0.01	0.002133333333333348	0.01	0.01	0.0016666666666666496	0.00466666666666668	0.006466666666666676	0.007133333333333325	0.0069666666666666766	0.002599999999999991	0.01	0.0016666666666666774	0.0015999999999999903	0.01	0.01	0.0018333333333333535	0.0009333333333333416	0.01	0.0006666666666666765	0.0018666666666666554	0.002533333333333332	0.003966666666666646	0.00683333333333333	0.0069999999999999785	0.00573333333333334	0.005199999999999982	0.005599999999999994	0.005666666666666653	0.006000000000000005	0.00040000000000001146	0.01	0.00356666666666669	0.004466666666666647	0.0016666666666666774	0.00163333333333332	0.002533333333333332	0.0028666666666666563	0.004833333333333328	0.005233333333333312	0.005033333333333334	3.333333333332966e-05	0.00026666666666666505	0.0010000000000000009	0.005066666666666664	0.005033333333333334	0.005600000000000022	0.004466666666666674	0.005666666666666681	0.004533333333333306	0.0016666666666666774	0.0027333333333333376	0.00626666666666667	0.006133333333333352	0.004133333333333322	0.0006666666666666765	0.0016333333333333477	0.0016333333333333477	0.001366666666666655	0.0016333333333333477	0.001433333333333342	Media control
D12	0.010016666666666674	0.009499999999999995	0.0069999999999999785	0.009300000000000003	0.01153333333333334	0.013233333333333347	0.0131	0.011333333333333334	0.01366666666666666	0.013033333333333341	0.015000000000000013	0.01473333333333332	0.018633333333333335	0.017933333333333357	0.02146666666666666	0.020200000000000023	0.021266666666666684	0.021366666666666673	0.02233333333333329	0.022299999999999986	0.023299999999999987	0.025499999999999995	0.025433333333333336	0.022133333333333338	0.0232	0.022533333333333294	0.026300000000000018	0.025599999999999984	0.027099999999999985	0.028633333333333316	0.030866666666666653	0.031233333333333307	0.028466666666666668	0.03	0.03413333333333332	0.03629999999999997	0.03513333333333332	0.03673333333333337	0.03756666666666664	0.03520000000000001	0.036000000000000004	0.03983333333333333	0.040700000000000014	0.04093333333333332	0.040166666666666684	0.04133333333333333	0.03876666666666667	0.03933333333333333	0.042366666666666664	0.04293333333333332	0.04723333333333332	0.04670000000000002	0.045900000000000024	0.045900000000000024	0.043333333333333335	0.045366666666666666	0.047599999999999976	0.049133333333333334	0.05049999999999999	0.051666666666666666	0.05174999999999996	Growth with high aminoadipate supplementation and formic acid treatment.
E1	0.021099999999999994	0.017766666666666653	0.032933333333333314	0.032799999999999996	0.031366666666666654	0.03626666666666667	0.02623333333333333	0.025433333333333336	0.02426666666666666	0.03109999999999999	0.03366666666666668	0.04003333333333334	0.044333333333333336	0.044333333333333336	0.049133333333333334	0.049133333333333334	0.05146666666666666	0.05146666666666666	0.05679999999999999	0.057033333333333325	0.057633333333333314	0.06256666666666666	0.0637	0.06439999999999999	0.06443333333333331	0.06463333333333335	0.06723333333333334	0.06733333333333333	0.06713333333333332	0.06853333333333331	0.0703	0.07040000000000002	0.07040000000000002	0.07220000000000001	0.07376666666666667	0.07376666666666667	0.07510000000000003	0.07666666666666669	0.07769999999999999	0.0789	0.0796	0.07863333333333333	0.08206666666666668	0.08226666666666665	0.08256666666666665	0.08686666666666668	0.08856666666666668	0.08660000000000001	0.08503333333333332	0.08503333333333332	0.0889	0.0889	0.09113333333333334	0.09113333333333334	0.09113333333333334	0.0922333333333333	0.095	0.09310000000000002	0.09453333333333333	0.09313333333333335	0.09446666666666667	Growth with high aminoadipate supplementation and formic acid treatment.
E2	0.01	0.00413333333333335	0.005366666666666686	0.004933333333333345	0.003599999999999992	0.005833333333333329	0.014366666666666639	0.014366666666666639	0.013966666666666655	0.008033333333333337	0.008033333333333337	0.005333333333333329	0.013100000000000028	0.013100000000000028	0.010800000000000004	0.010800000000000004	0.011699999999999988	0.011699999999999988	0.010766666666666647	0.011099999999999999	0.011100000000000027	0.011100000000000027	0.010833333333333334	0.011666666666666659	0.011700000000000016	0.011833333333333335	0.009899999999999992	0.009899999999999992	0.01046666666666668	0.011100000000000027	0.011633333333333357	0.010466666666666652	0.010466666666666652	0.01093333333333335	0.010666666666666685	0.010833333333333334	0.010833333333333334	0.009133333333333354	0.010333333333333361	0.00990000000000002	0.009666666666666657	0.009099999999999997	0.010166666666666685	0.010266666666666674	0.01093333333333335	0.009166666666666684	0.009566666666666668	0.010399999999999993	0.010999999999999982	0.010999999999999982	0.01046666666666668	0.01046666666666668	0.01103333333333334	0.010266666666666674	0.009766666666666673	0.011066666666666669	0.0070666666666666655	0.00996666666666668	0.008533333333333337	0.009899999999999992	0.009683333333333322	Media control
E3	0.02208333333333333	0.01573333333333335	0.03256666666666669	0.04363333333333333	0.04309999999999997	0.04853333333333332	0.04626666666666665	0.04626666666666665	0.05186666666666667	0.05303333333333332	0.05823333333333333	0.06103333333333333	0.07350000000000001	0.07710000000000003	0.07949999999999999	0.0796	0.08379999999999999	0.09179999999999999	0.09986666666666663	0.10089999999999999	0.10840000000000002	0.11900000000000002	0.1235333333333333	0.12566666666666665	0.1322	0.13853333333333334	0.14619999999999997	0.15309999999999999	0.1595666666666667	0.16980000000000003	0.17403333333333335	0.18486666666666665	0.19596666666666665	0.19713333333333338	0.20896666666666672	0.21563333333333337	0.22463333333333332	0.24393333333333336	0.2672333333333333	0.27170000000000005	0.2831666666666667	0.2824	0.28766666666666674	0.28846666666666665	0.3038333333333333	0.3103666666666667	0.3369666666666667	0.3466	0.3472	0.359	0.3736666666666667	0.3887666666666667	0.39993333333333336	0.4151666666666667	0.4331666666666667	0.4582666666666667	0.47796666666666665	0.47786666666666666	0.49273333333333336	0.5122	0.5176833333333333	Growth with high aminoadipate supplementation without formic acid treatment.
E4	0.012666666666666673	0.005566666666666664	0.014466666666666683	0.015833333333333338	0.012599999999999972	0.009699999999999986	0.011166666666666686	0.015000000000000013	0.017199999999999993	0.013499999999999984	0.011933333333333296	0.012466666666666654	0.01646666666666663	0.016033333333333316	0.017633333333333334	0.017600000000000005	0.021199999999999997	0.020799999999999985	0.02583333333333332	0.023033333333333295	0.0247333333333333	0.026033333333333297	0.026466666666666666	0.03090000000000001	0.03093333333333334	0.03256666666666669	0.03303333333333333	0.03303333333333333	0.03509999999999999	0.0345	0.03516666666666665	0.0373	0.0373	0.03786666666666669	0.03830000000000003	0.038566666666666666	0.037666666666666654	0.043833333333333335	0.046433333333333354	0.048100000000000004	0.04576666666666668	0.044800000000000006	0.04669999999999999	0.049000000000000016	0.050033333333333346	0.05560000000000001	0.05779999999999999	0.05846666666666667	0.05933333333333335	0.05953333333333333	0.06590000000000001	0.06590000000000001	0.07146666666666668	0.07469999999999999	0.07806666666666665	0.07703333333333331	0.08046666666666666	0.0806	0.08449999999999999	0.08679999999999999	0.09054999999999999	Growth with formic acid treatment without aminoadipate supplementation.
E6	0.045733333333333306	0.048133333333333334	0.04853333333333332	0.05209999999999998	0.05260000000000001	0.06313333333333332	0.0663	0.0751	0.08199999999999999	0.0865	0.08873333333333333	0.097	0.10453333333333334	0.11476666666666668	0.1367	0.14706666666666668	0.15873333333333337	0.18799999999999997	0.20059999999999997	0.2113	0.23466666666666666	0.2566666666666667	0.27936666666666665	0.3121333333333333	0.34303333333333336	0.3670333333333333	0.40293333333333337	0.4351666666666666	0.4670333333333333	0.5183	0.5627666666666666	0.6126	0.6679	0.7194666666666666	0.7803333333333333	0.8344	0.8916999999999999	0.9683333333333333	1.0316666666666665	1.1118	1.1775	1.2521333333333333	1.3442	1.4203666666666668	1.5078666666666667	1.5749666666666668	1.6287666666666667	1.6977666666666666	1.7526	1.8069	1.8795666666666668	1.9391666666666665	1.9662000000000002	1.992233333333333	2.0330666666666666	2.0257666666666663	2.050466666666667	2.0512	2.0749666666666666	2.133233333333333	2.1425999999999994	Baseline growth without any supplementation or treatment.
E7	0.03095000000000002	0.023733333333333356	0.02729999999999999	0.03336666666666668	0.03370000000000001	0.04156666666666667	0.04450000000000001	0.044866666666666666	0.04630000000000001	0.04596666666666668	0.05830000000000002	0.06163333333333332	0.06419999999999998	0.06646666666666667	0.07000000000000003	0.07076666666666667	0.07166666666666668	0.0753	0.0844	0.08613333333333331	0.088	0.09419999999999998	0.094	0.10166666666666663	0.10356666666666667	0.10539999999999997	0.11329999999999998	0.11373333333333335	0.11666666666666672	0.12390000000000001	0.12726666666666667	0.1315666666666667	0.13726666666666665	0.13949999999999999	0.1446333333333333	0.14413333333333334	0.14613333333333337	0.1525	0.1554	0.16236666666666666	0.16623333333333332	0.1708	0.17776666666666668	0.17673333333333333	0.18460000000000001	0.17936666666666665	0.18646666666666664	0.19326666666666667	0.2001	0.20079999999999998	0.20886666666666667	0.21116666666666664	0.2139333333333333	0.2268	0.22693333333333335	0.23153333333333334	0.23853333333333335	0.23823333333333335	0.24606666666666663	0.25493333333333335	0.2582833333333333	Growth with low aminoadipate supplementation and formic acid treatment.
E8	0.02541666666666667	0.01913333333333335	0.021766666666666656	0.027499999999999997	0.025333333333333347	0.03196666666666667	0.034433333333333316	0.03836666666666669	0.03720000000000001	0.04296666666666671	0.05043333333333333	0.05233333333333334	0.058533333333333326	0.0587	0.06590000000000001	0.06980000000000003	0.07056666666666667	0.07263333333333333	0.08113333333333334	0.08426666666666668	0.08683333333333335	0.09486666666666665	0.09626666666666667	0.10849999999999999	0.11559999999999998	0.11850000000000002	0.13096666666666668	0.1384	0.14363333333333334	0.15363333333333332	0.1647	0.1747	0.1847	0.19033333333333333	0.20706666666666665	0.21806666666666666	0.22606666666666664	0.23813333333333334	0.23693333333333333	0.2521	0.26890000000000003	0.28356666666666663	0.2948333333333333	0.30556666666666665	0.3228666666666667	0.3330333333333333	0.3410333333333333	0.3666333333333333	0.38136666666666663	0.3938666666666666	0.4139333333333334	0.4270333333333334	0.4397333333333333	0.4675	0.48496666666666666	0.4945666666666667	0.5257666666666666	0.5491666666666667	0.5723666666666667	0.6051	0.6182	Growth with formic acid treatment without aminoadipate supplementation.
E9	0.02411666666666669	0.02263333333333334	0.023566666666666652	0.030000000000000027	0.028833333333333322	0.03206666666666669	0.0348	0.0338	0.033433333333333315	0.03370000000000001	0.041633333333333356	0.0441	0.04726666666666668	0.04656666666666667	0.04819999999999999	0.04819999999999999	0.04833333333333337	0.0469	0.051833333333333315	0.053366666666666646	0.05193333333333333	0.0557	0.05423333333333333	0.05516666666666664	0.05686666666666665	0.05830000000000002	0.06136666666666668	0.06043333333333334	0.061600000000000016	0.06566666666666665	0.06839999999999999	0.0696	0.06736666666666666	0.06670000000000001	0.07276666666666665	0.07316666666666669	0.07366666666666669	0.07223333333333334	0.07293333333333332	0.07239999999999999	0.07633333333333334	0.08103333333333335	0.0806	0.08143333333333336	0.07999999999999999	0.0776333333333333	0.0771333333333333	0.08059999999999998	0.08293333333333333	0.08349999999999999	0.08686666666666665	0.08633333333333332	0.08513333333333334	0.0869	0.08573333333333333	0.08986666666666668	0.09016666666666667	0.09046666666666667	0.09160000000000001	0.09356666666666669	0.09308333333333332	Growth with high aminoadipate supplementation and formic acid treatment.
E10	0.03756666666666665	0.03666666666666667	0.05183333333333334	0.05606666666666668	0.054400000000000004	0.05836666666666668	0.06106666666666666	0.06156666666666666	0.0645333333333333	0.07666666666666666	0.07860000000000003	0.09016666666666664	0.09396666666666667	0.1061	0.11746666666666669	0.13026666666666667	0.13743333333333332	0.15383333333333335	0.17463333333333333	0.20276666666666665	0.21196666666666664	0.2303333333333333	0.24436666666666665	0.26753333333333335	0.29059999999999997	0.3095333333333333	0.33940000000000003	0.3718	0.40446666666666664	0.4403	0.47850000000000004	0.5141	0.5453666666666668	0.6019666666666666	0.6572666666666667	0.7143333333333333	0.7672333333333333	0.8285666666666667	0.9067333333333333	0.9842333333333332	1.0217333333333334	1.0889333333333333	1.1900666666666666	1.264	1.3273666666666668	1.3894333333333335	1.4775	1.5121666666666667	1.5919666666666668	1.6296333333333333	1.7306666666666668	1.7471333333333334	1.8053666666666666	1.8345333333333333	1.8373333333333335	1.8891666666666667	1.9511333333333334	1.9597333333333333	1.9760666666666666	1.9938333333333333	2.0572333333333335	Growth with proline supplementation without formic acid treatment.
E11	0.047266666666666665	0.04646666666666667	0.03973333333333334	0.03896666666666668	0.0484	0.05586666666666665	0.05826666666666669	0.06256666666666669	0.06093333333333331	0.07556666666666667	0.0794	0.08966666666666664	0.09516666666666668	0.1038	0.12116666666666667	0.13186666666666666	0.14213333333333336	0.15993333333333334	0.1774333333333333	0.19326666666666664	0.20906666666666668	0.24033333333333332	0.24856666666666663	0.2813333333333333	0.3035	0.31033333333333335	0.3286	0.35619999999999996	0.36506666666666665	0.38880000000000003	0.41990000000000005	0.45100000000000007	0.4784666666666667	0.5014666666666666	0.5409666666666666	0.5775333333333333	0.6172333333333333	0.6466666666666667	0.7057333333333333	0.7558333333333332	0.7702333333333333	0.8125333333333333	0.8532666666666666	0.8887	0.9588666666666666	0.9864333333333334	1.0649	1.0835666666666666	1.1279666666666666	1.2027333333333332	1.2671666666666668	1.3390333333333335	1.4067666666666665	1.4322333333333332	1.4809333333333332	1.5584666666666667	1.5751333333333333	1.6327333333333334	1.6843666666666668	1.7582333333333335	1.7922833333333335	Growth with low aminoadipate supplementation without formic acid treatment.
E12	0.0024666666666666726	0.006900000000000003	0.01	0.01	0.01	0.01	0.01	0.01	0.01	0.01	0.01	0.0023999999999999855	0.00036666666666665404	0.00040000000000001146	0.0066000000000000225	0.0066000000000000225	0.002433333333333315	0.002433333333333315	0.003333333333333327	0.0037333333333333385	0.003433333333333344	0.003333333333333327	0.0014666666666666717	0.0	0.01	0.01	0.00026666666666666505	0.01	0.0009000000000000119	0.0009333333333333416	0.004666666666666652	0.004733333333333312	0.0025000000000000022	0.0014333333333333143	0.003066666666666662	0.003133333333333349	0.0028333333333333544	0.002166666666666678	0.0007666666666666377	0.0023666666666666836	0.002433333333333343	0.004966666666666675	0.004500000000000004	0.003766666666666668	0.0016333333333333477	0.0014000000000000123	0.0018333333333333535	0.0024000000000000132	0.0021333333333333204	0.002700000000000008	0.00410000000000002	0.0035666666666666624	0.0005000000000000004	0.0005000000000000004	0.001533333333333331	0.00326666666666664	0.0025666666666666893	0.0025666666666666893	0.0027333333333333376	0.0020999999999999908	0.001899999999999985	Media control
F1	0.02600000000000001	0.024566666666666653	0.03833333333333333	0.03670000000000001	0.034966666666666646	0.03796666666666665	0.028433333333333338	0.027633333333333343	0.026466666666666666	0.03159999999999999	0.03466666666666668	0.041633333333333356	0.04823333333333332	0.04823333333333332	0.053333333333333344	0.053333333333333344	0.05576666666666666	0.056066666666666654	0.0643	0.06533333333333333	0.06743333333333332	0.07216666666666666	0.0726	0.0779	0.07923333333333332	0.08023333333333335	0.08633333333333335	0.08843333333333334	0.08833333333333335	0.09143333333333331	0.09290000000000001	0.09760000000000002	0.09860000000000002	0.10200000000000001	0.10476666666666665	0.10776666666666665	0.11080000000000004	0.11256666666666668	0.11420000000000002	0.11930000000000002	0.1254	0.12763333333333332	0.1333666666666667	0.13666666666666663	0.13716666666666663	0.1441666666666667	0.1441666666666667	0.15520000000000003	0.1565333333333333	0.1569333333333333	0.1668	0.1703	0.17303333333333332	0.17773333333333335	0.17773333333333335	0.1820333333333333	0.1942	0.19350000000000003	0.20303333333333332	0.20263333333333336	0.20701666666666665	Growth with low aminoadipate supplementation and formic acid treatment.
F2	0.036983333333333326	0.0295	0.03323333333333331	0.03566666666666665	0.032766666666666666	0.039666666666666656	0.030633333333333318	0.03463333333333335	0.0335	0.048600000000000004	0.05156666666666668	0.059066666666666684	0.07173333333333332	0.07393333333333332	0.08460000000000004	0.08760000000000001	0.09113333333333334	0.09663333333333332	0.10796666666666668	0.10926666666666668	0.11023333333333332	0.11766666666666667	0.12496666666666667	0.13446666666666665	0.13886666666666667	0.1395666666666667	0.1491666666666667	0.15736666666666668	0.16273333333333334	0.174	0.17693333333333336	0.19309999999999997	0.1993	0.20833333333333334	0.22183333333333333	0.23800000000000002	0.23793333333333333	0.24453333333333335	0.25033333333333335	0.25960000000000005	0.27636666666666665	0.2875	0.29813333333333336	0.3082666666666667	0.32389999999999997	0.32906666666666673	0.33116666666666666	0.3567333333333333	0.37206666666666666	0.37606666666666666	0.3944	0.4011	0.41856666666666664	0.4296000000000001	0.42910000000000004	0.4424666666666667	0.4674666666666666	0.48096666666666676	0.4987666666666667	0.5113666666666667	0.5190500000000001	Growth with high aminoadipate supplementation without formic acid treatment.
F3	0.009333333333333346	0.002333333333333354	0.00886666666666669	0.009733333333333344	0.012699999999999989	0.009833333333333333	0.0053666666666666585	0.0026666666666666505	0.002266666666666667	0.004933333333333317	0.0055333333333333345	0.007733333333333342	0.010999999999999982	0.010999999999999982	0.012199999999999989	0.012199999999999989	0.014399999999999996	0.014399999999999996	0.015866666666666668	0.015500000000000014	0.015899999999999997	0.016599999999999976	0.017733333333333323	0.019366666666666643	0.0194	0.019233333333333325	0.0194	0.0194	0.01996666666666666	0.019099999999999978	0.01933333333333334	0.019766666666666655	0.019766666666666655	0.020533333333333348	0.020866666666666672	0.02103333333333335	0.02103333333333335	0.02043333333333336	0.01853333333333332	0.018100000000000005	0.020766666666666656	0.021699999999999997	0.021666666666666695	0.021966666666666662	0.021833333333333343	0.019466666666666688	0.01986666666666667	0.022200000000000025	0.022799999999999987	0.022799999999999987	0.025066666666666654	0.025066666666666654	0.026433333333333336	0.027966666666666695	0.027466666666666695	0.02576666666666666	0.02566666666666667	0.028066666666666684	0.028833333333333322	0.028599999999999987	0.02868333333333334	Growth with proline supplementation and formic acid treatment.
F4	0.01	0.01	0.01	0.01	0.01	0.01	0.01	0.01	0.01	0.01	0.01	0.01	0.01	0.01	0.01	0.01	0.01	0.01	0.01	0.01	0.01	0.01	0.01	0.01	0.01	0.01	0.01	0.01	0.01	0.01	0.01	0.01	0.01	0.01	0.01	0.01	0.01	0.01	0.01	0.01	0.01	0.01	0.01	0.01	0.01	0.01	0.01	0.01	0.01	0.01	0.01	0.01	0.01	0.01	0.01	0.01	0.01	0.01	0.01	0.01	0.01	Media control
F5	0.025766666666666674	0.01566666666666669	0.01933333333333334	0.02990000000000001	0.02946666666666664	0.0451333333333333	0.0683	0.07036666666666666	0.06813333333333335	0.06580000000000003	0.06680000000000003	0.07866666666666666	0.08716666666666667	0.09780000000000003	0.10813333333333333	0.11623333333333333	0.12509999999999996	0.14279999999999995	0.15943333333333334	0.17103333333333332	0.18753333333333336	0.21203333333333332	0.21816666666666668	0.23913333333333336	0.2598666666666667	0.28066666666666673	0.2974	0.30900000000000005	0.3269666666666666	0.35760000000000003	0.3736666666666667	0.39786666666666665	0.42296666666666666	0.44933333333333325	0.4784333333333334	0.4978333333333333	0.5294	0.5674666666666666	0.5680000000000001	0.616	0.6539333333333334	0.6954	0.7341000000000001	0.7621333333333333	0.8037333333333333	0.8401333333333333	0.8410333333333334	0.905	0.9494333333333332	0.9901333333333334	1.0177	1.0696	1.110933333333333	1.1712666666666667	1.2058666666666666	1.2237	1.2989	1.3571	1.4107333333333332	1.4726333333333332	1.4776	Growth with low aminoadipate supplementation without formic acid treatment.
F6	0.02461666666666666	0.019533333333333333	0.020033333333333347	0.024433333333333307	0.021166666666666667	0.028166666666666645	0.02889999999999998	0.030166666666666647	0.02986666666666668	0.02986666666666668	0.03343333333333334	0.03409999999999999	0.03489999999999999	0.03453333333333333	0.03823333333333334	0.03823333333333334	0.04276666666666665	0.041866666666666635	0.04506666666666667	0.04619999999999999	0.04779999999999998	0.04859999999999998	0.0484	0.05613333333333334	0.05613333333333334	0.05710000000000001	0.06029999999999999	0.06029999999999999	0.06369999999999998	0.066	0.06503333333333333	0.0668	0.06870000000000001	0.0705666666666667	0.07500000000000001	0.0756	0.07606666666666667	0.07533333333333334	0.08103333333333335	0.08183333333333334	0.08686666666666668	0.09179999999999996	0.09359999999999999	0.0953	0.10386666666666666	0.1043333333333333	0.10739999999999997	0.11449999999999996	0.11810000000000001	0.12160000000000001	0.13066666666666665	0.13566666666666666	0.13596666666666665	0.14556666666666665	0.15050000000000002	0.15076666666666666	0.16476666666666664	0.16546666666666668	0.1744	0.1799333333333333	0.1827666666666667	Growth with formic acid treatment without aminoadipate supplementation.
F7	0.029466666666666683	0.019933333333333345	0.03713333333333335	0.04063333333333333	0.03646666666666665	0.04656666666666667	0.049199999999999994	0.05466666666666664	0.055966666666666665	0.06756666666666669	0.07393333333333332	0.08349999999999999	0.0932	0.10203333333333334	0.11903333333333332	0.13683333333333336	0.14446666666666666	0.15926666666666667	0.18036666666666665	0.19469999999999998	0.2143	0.23310000000000003	0.25429999999999997	0.2756333333333333	0.3016333333333333	0.3251	0.3597	0.39659999999999995	0.4195	0.4665	0.5024333333333333	0.536	0.5775	0.6341666666666668	0.6935	0.7517	0.8089666666666667	0.8675333333333335	0.9011333333333333	1.0076333333333334	1.0769666666666666	1.1649	1.2489	1.315	1.4068666666666667	1.4726333333333332	1.5053999999999998	1.5859999999999999	1.6909	1.731	1.7532666666666668	1.8392666666666668	1.8819666666666668	1.9319666666666666	1.9444	1.953266666666667	1.9686666666666666	2.0794666666666664	2.0986	2.0976333333333335	2.0997666666666666	Baseline growth without any supplementation or treatment.
F8	0.016133333333333333	0.015600000000000003	0.006033333333333335	0.006666666666666682	0.005400000000000016	0.01206666666666667	0.009500000000000008	0.011733333333333346	0.01090000000000002	0.012166666666666687	0.019033333333333347	0.016933333333333328	0.019633333333333336	0.019266666666666654	0.024500000000000022	0.024500000000000022	0.029066666666666685	0.028766666666666663	0.03153333333333333	0.03290000000000001	0.03593333333333332	0.036566666666666664	0.03596666666666665	0.03983333333333333	0.04033333333333333	0.041266666666666646	0.04663333333333333	0.047033333333333344	0.04816666666666666	0.05206666666666668	0.051333333333333314	0.05456666666666668	0.054866666666666675	0.056533333333333324	0.061600000000000016	0.06203333333333333	0.06390000000000001	0.06923333333333334	0.06936666666666666	0.07300000000000001	0.07563333333333333	0.07586666666666667	0.07776666666666668	0.07903333333333332	0.08143333333333333	0.08249999999999999	0.0892	0.0892	0.09260000000000002	0.0927	0.09576666666666667	0.09576666666666667	0.098	0.10146666666666668	0.10156666666666667	0.10540000000000002	0.11020000000000005	0.10970000000000005	0.11399999999999999	0.11596666666666663	0.11686666666666667	Growth with low aminoadipate supplementation and formic acid treatment.
F9	0.0010000000000000148	0.011766666666666661	0.01	0.00033333333333335213	0.007066666666666693	0.0035333333333333605	0.01	0.01	0.01	0.01	0.0020333333333333037	0.0037333333333333107	0.002633333333333321	0.0026666666666666505	0.006066666666666665	0.006066666666666665	0.005566666666666664	0.007366666666666688	0.005599999999999994	0.0037333333333333385	0.0030333333333333323	0.0029333333333333433	0.002066666666666661	0.0005999999999999894	0.0005999999999999894	0.0017333333333333367	0.002533333333333332	0.0023666666666666836	0.001433333333333342	0.0008000000000000229	0.0037333333333333385	0.005466666666666675	0.003233333333333338	0.0032999999999999974	0.004000000000000031	0.004000000000000031	0.0031000000000000194	0.0031000000000000194	0.00216666666666665	0.001366666666666655	0.0018333333333333257	0.004233333333333367	0.004233333333333367	0.004300000000000026	0.00216666666666665	0.003333333333333355	0.002366666666666656	0.0029333333333333156	0.0015999999999999903	0.00216666666666665	0.00410000000000002	0.00356666666666669	0.002366666666666656	0.0026333333333333486	0.004466666666666647	0.006199999999999983	0.005966666666666676	0.005966666666666676	0.006666666666666654	0.0067000000000000115	0.007766666666666672	Media control
F10	0.01885000000000002	0.017166666666666677	0.0116	0.013733333333333347	0.012466666666666681	0.016533333333333344	0.012966666666666626	0.012066666666666642	0.010099999999999998	0.014300000000000007	0.02003333333333332	0.022933333333333306	0.024333333333333318	0.024366666666666648	0.029666666666666675	0.029666666666666675	0.028666666666666674	0.02776666666666669	0.02999999999999997	0.03143333333333331	0.030733333333333307	0.03263333333333332	0.030266666666666636	0.02939999999999998	0.02939999999999998	0.031733333333333336	0.03373333333333334	0.03356666666666669	0.03373333333333334	0.03410000000000002	0.03693333333333332	0.03826666666666667	0.036033333333333334	0.038099999999999995	0.04150000000000004	0.04150000000000004	0.041600000000000026	0.039500000000000035	0.04156666666666664	0.04136666666666666	0.04453333333333334	0.04713333333333336	0.04713333333333336	0.04820000000000002	0.04786666666666667	0.04513333333333336	0.04736666666666667	0.04793333333333333	0.04949999999999999	0.05006666666666665	0.05190000000000003	0.0513666666666667	0.051266666666666655	0.05163333333333334	0.050666666666666665	0.0524	0.053266666666666684	0.05336666666666667	0.05556666666666665	0.05600000000000002	0.0559166666666667	Growth with high aminoadipate supplementation and formic acid treatment.
G1	0.010983333333333331	0.015100000000000002	0.018133333333333307	0.02096666666666666	0.02676666666666666	0.023466666666666663	0.03173333333333331	0.033333333333333354	0.03509999999999999	0.036500000000000005	0.03256666666666666	0.025866666666666677	0.021733333333333327	0.021733333333333327	0.02350000000000002	0.02350000000000002	0.025033333333333352	0.025033333333333352	0.024966666666666693	0.02346666666666669	0.022933333333333333	0.019466666666666688	0.01846666666666666	0.018866666666666643	0.018866666666666643	0.01826666666666668	0.01836666666666667	0.01836666666666667	0.01933333333333334	0.0174	0.018533333333333346	0.01949999999999999	0.01949999999999999	0.01663333333333336	0.017133333333333334	0.01730000000000001	0.017633333333333334	0.015433333333333327	0.01733333333333334	0.016900000000000026	0.016366666666666668	0.016699999999999993	0.015433333333333354	0.014366666666666666	0.014399999999999996	0.012366666666666692	0.012766666666666676	0.011833333333333335	0.011566666666666642	0.011566666666666642	0.013000000000000012	0.013000000000000012	0.012266666666666648	0.01150000000000001	0.010999999999999982	0.011166666666666658	0.008366666666666661	0.01146666666666668	0.010266666666666674	0.011366666666666664	0.011449999999999988	Media control
G2	0.042133333333333314	0.0398	0.042333333333333306	0.05306666666666665	0.06096666666666667	0.05766666666666667	0.05593333333333331	0.06083333333333335	0.0628	0.07769999999999999	0.09306666666666666	0.1062666666666667	0.11653333333333332	0.12553333333333333	0.1474	0.1635	0.17163333333333333	0.19823333333333334	0.2256666666666667	0.2380666666666667	0.25973333333333337	0.28566666666666674	0.30896666666666667	0.34006666666666663	0.3715666666666666	0.39656666666666673	0.4379666666666667	0.47206666666666675	0.5072333333333333	0.555	0.5913333333333333	0.6618	0.7062	0.7576333333333334	0.8306333333333333	0.8827999999999999	0.9590333333333333	1.0433333333333332	1.0887333333333333	1.1878	1.2574666666666667	1.343	1.4192333333333333	1.4790666666666668	1.5919	1.6341666666666668	1.6749666666666667	1.7410333333333334	1.8207666666666666	1.8641666666666665	1.879	1.9559000000000002	1.9851666666666667	2.0570999999999997	2.0702000000000003	2.100966666666667	2.1204666666666667	2.1363666666666665	2.216066666666667	2.1485666666666665	2.21305	Baseline growth without any supplementation or treatment.
G3	0.017183333333333328	0.004200000000000009	0.007233333333333314	0.012066666666666642	0.008366666666666661	0.01416666666666666	0.004133333333333322	0.003333333333333355	0.0020999999999999908	0.0039000000000000146	0.009366666666666662	0.01576666666666665	0.01983333333333334	0.01983333333333334	0.024400000000000005	0.024400000000000005	0.024233333333333357	0.024233333333333357	0.02926666666666669	0.02896666666666664	0.029833333333333323	0.034966666666666674	0.036066666666666664	0.03806666666666669	0.03806666666666669	0.0397666666666667	0.04196666666666668	0.04246666666666668	0.042833333333333334	0.044800000000000006	0.04423333333333335	0.0469	0.0469	0.05093333333333336	0.05213333333333334	0.05230000000000001	0.05463333333333334	0.05303333333333335	0.05563333333333334	0.05890000000000001	0.06086666666666665	0.06139999999999998	0.06543333333333334	0.06676666666666667	0.06719999999999998	0.07166666666666666	0.07246666666666665	0.0754333333333333	0.07646666666666663	0.07646666666666663	0.08279999999999998	0.08279999999999998	0.08506666666666665	0.08660000000000001	0.08610000000000001	0.08706666666666668	0.09306666666666666	0.0947666666666667	0.09966666666666665	0.09886666666666663	0.09979999999999997	Growth with low aminoadipate supplementation and formic acid treatment.
G4	0.02361666666666666	0.01836666666666667	0.009000000000000008	0.011966666666666653	0.013066666666666671	0.018366666666666642	0.014466666666666655	0.016033333333333316	0.01576666666666665	0.01943333333333333	0.023433333333333334	0.025466666666666665	0.02836666666666665	0.027999999999999997	0.03326666666666667	0.03326666666666667	0.039233333333333315	0.04193333333333332	0.04973333333333335	0.048000000000000015	0.05193333333333333	0.05733333333333332	0.06043333333333331	0.06593333333333334	0.06853333333333336	0.06886666666666666	0.07966666666666666	0.08176666666666665	0.08463333333333331	0.09463333333333332	0.09496666666666664	0.10623333333333335	0.11203333333333332	0.11433333333333337	0.12563333333333335	0.13363333333333335	0.13720000000000002	0.15053333333333332	0.15460000000000004	0.16870000000000004	0.17243333333333333	0.18543333333333334	0.19330000000000003	0.2044	0.21593333333333334	0.2218	0.24459999999999996	0.25206666666666666	0.26269999999999993	0.27380000000000004	0.28956666666666664	0.3063666666666667	0.31033333333333335	0.3314666666666667	0.34716666666666673	0.36653333333333327	0.3743000000000001	0.3862	0.4129333333333334	0.4300999999999999	0.4407	Growth with proline supplementation and formic acid treatment.
G6	0.039266666666666686	0.023633333333333353	0.033833333333333354	0.04143333333333332	0.042366666666666664	0.04826666666666665	0.06359999999999999	0.06946666666666665	0.0687666666666667	0.07996666666666669	0.08613333333333334	0.09770000000000001	0.1053	0.11793333333333336	0.12503333333333333	0.14003333333333334	0.14416666666666664	0.16206666666666666	0.1822666666666667	0.198	0.21509999999999999	0.2305	0.24760000000000001	0.27503333333333335	0.2864333333333334	0.305	0.3346	0.3516	0.3729	0.40090000000000003	0.4308333333333333	0.4618	0.4908	0.5138666666666667	0.5469999999999999	0.5679000000000001	0.6083666666666667	0.6466333333333334	0.6876333333333333	0.7337333333333333	0.7499666666666667	0.7949999999999999	0.8261999999999999	0.8735	0.9079666666666667	0.9544333333333332	1.0211999999999999	1.0573	1.1016	1.1428	1.1967666666666668	1.2492666666666667	1.2897666666666667	1.3540666666666665	1.404	1.4908666666666668	1.5106666666666666	1.5839666666666667	1.6429999999999998	1.6853333333333333	1.7062666666666666	Growth with low aminoadipate supplementation without formic acid treatment.
G7	0.022033333333333335	0.021199999999999997	0.015333333333333338	0.021366666666666645	0.018299999999999983	0.028166666666666673	0.02560000000000001	0.025433333333333336	0.023400000000000004	0.029566666666666686	0.033333333333333326	0.03453333333333333	0.03373333333333334	0.033366666666666656	0.03970000000000001	0.03970000000000001	0.04346666666666665	0.043966666666666654	0.04453333333333334	0.04569999999999999	0.04623333333333332	0.048666666666666664	0.04816666666666666	0.050033333333333346	0.050033333333333346	0.050166666666666665	0.05313333333333334	0.05313333333333334	0.05526666666666666	0.05646666666666664	0.05623333333333333	0.05786666666666665	0.05786666666666665	0.06113333333333332	0.06139999999999998	0.061833333333333323	0.06159999999999999	0.06003333333333333	0.06196666666666664	0.0643	0.06583333333333333	0.07026666666666664	0.07026666666666664	0.07093333333333329	0.07063333333333335	0.06899999999999998	0.0688	0.0716	0.07500000000000001	0.07500000000000001	0.07546666666666668	0.07546666666666668	0.07570000000000002	0.07856666666666667	0.0770666666666667	0.07780000000000001	0.07849999999999999	0.08180000000000001	0.08209999999999998	0.08206666666666665	0.08296666666666669	Growth with high aminoadipate supplementation and formic acid treatment.
G8	0.013033333333333327	0.010999999999999982	0.0028333333333333266	0.004866666666666658	0.0018000000000000238	0.010266666666666674	0.009099999999999997	0.010333333333333333	0.007600000000000023	0.007866666666666688	0.015933333333333327	0.017133333333333306	0.01823333333333335	0.01786666666666667	0.02100000000000002	0.02100000000000002	0.02476666666666666	0.023966666666666664	0.02413333333333334	0.024999999999999994	0.025533333333333325	0.028066666666666656	0.02736666666666665	0.028733333333333333	0.028733333333333333	0.030166666666666647	0.03303333333333333	0.03303333333333333	0.036066666666666664	0.039166666666666655	0.03883333333333333	0.04106666666666667	0.041166666666666685	0.04423333333333332	0.049000000000000016	0.04943333333333333	0.05030000000000001	0.04903333333333332	0.04886666666666667	0.04930000000000001	0.06033333333333335	0.06546666666666667	0.06746666666666667	0.06843333333333332	0.07703333333333334	0.07429999999999998	0.0741	0.08499999999999999	0.08940000000000001	0.09130000000000002	0.09866666666666668	0.10126666666666667	0.1041	0.11446666666666666	0.11296666666666666	0.11679999999999999	0.13000000000000003	0.13390000000000005	0.14100000000000001	0.14946666666666666	0.1520166666666667	Growth with proline supplementation and formic acid treatment.
G9	0.01974999999999999	0.018833333333333355	0.01896666666666663	0.02310000000000001	0.020800000000000013	0.024899999999999978	0.020733333333333298	0.018100000000000005	0.016233333333333322	0.01793333333333333	0.025200000000000028	0.022900000000000004	0.026299999999999962	0.026299999999999962	0.03570000000000001	0.03570000000000001	0.037466666666666676	0.04186666666666666	0.044899999999999995	0.04773333333333335	0.05043333333333333	0.056400000000000006	0.05506666666666665	0.06483333333333333	0.07169999999999999	0.07503333333333334	0.0834333333333333	0.08893333333333334	0.09576666666666667	0.10583333333333333	0.11069999999999999	0.11836666666666665	0.12846666666666665	0.13526666666666665	0.14593333333333336	0.15473333333333333	0.16136666666666669	0.17506666666666668	0.18043333333333333	0.1963333333333333	0.20573333333333335	0.21913333333333332	0.23103333333333334	0.24156666666666665	0.2588666666666667	0.2612	0.2731	0.29280000000000006	0.3105	0.32730000000000004	0.34430000000000005	0.3617	0.37226666666666663	0.3956333333333334	0.4130666666666667	0.4157666666666666	0.4518666666666667	0.47050000000000003	0.49263333333333337	0.5111000000000001	0.5246	Growth with proline supplementation and formic acid treatment.
G10	0.01	0.01	0.0002666666666666373	0.01	0.01	0.01	0.01	0.01	0.0003333333333333244	0.0003333333333333244	0.01	0.01	0.01	0.01	0.01	0.01	0.01	0.01	0.01	0.01	0.01	0.01	0.01	0.01	0.01	0.01	0.01	0.01	0.01	0.01	0.01	0.01	0.01	0.01	0.01	0.01	0.01	0.01	0.01	0.01	0.01	0.01	0.01	0.01	0.01	0.01	0.01	0.01	0.01	0.01	0.01	0.01	0.01	0.01	0.01	0.01	0.01	0.01	0.01	0.01	0.01	Media control
G11	0.02336666666666666	0.026266666666666647	0.020900000000000002	0.030600000000000016	0.037466666666666676	0.035900000000000015	0.04453333333333334	0.042266666666666675	0.03970000000000001	0.03953333333333334	0.05353333333333335	0.06386666666666668	0.06793333333333335	0.07813333333333333	0.09493333333333334	0.10133333333333333	0.11383333333333331	0.13863333333333336	0.14943333333333336	0.15663333333333332	0.17933333333333337	0.19460000000000002	0.20446666666666666	0.22193333333333334	0.24396666666666664	0.2656	0.2938666666666667	0.3163333333333333	0.33303333333333335	0.36606666666666665	0.3983333333333333	0.44163333333333343	0.47393333333333343	0.5138999999999999	0.5601999999999999	0.6114666666666666	0.6613	0.7162333333333334	0.7241333333333333	0.7976333333333333	0.8828333333333332	0.9600666666666665	1.0210000000000001	1.0780333333333334	1.1583333333333332	1.2320666666666666	1.2510666666666665	1.3639666666666665	1.4341333333333335	1.4891333333333334	1.5611	1.6421	1.6876	1.7384	1.7740333333333334	1.7883333333333333	1.8445666666666667	1.9443000000000001	1.9529999999999998	1.9581	1.9994333333333332	Growth with proline supplementation without formic acid treatment.
G12	0.029966666666666683	0.03876666666666666	0.03720000000000001	0.03720000000000001	0.03866666666666668	0.042800000000000005	0.04093333333333332	0.038666666666666655	0.038000000000000006	0.041833333333333333	0.046433333333333326	0.04736666666666667	0.048533333333333345	0.048533333333333345	0.054733333333333356	0.054733333333333356	0.05833333333333335	0.05893333333333334	0.06003333333333333	0.060733333333333334	0.06413333333333335	0.06579999999999997	0.06296666666666667	0.06353333333333336	0.06896666666666668	0.07119999999999999	0.07646666666666668	0.07603333333333331	0.07623333333333335	0.07426666666666668	0.07643333333333333	0.07803333333333332	0.08253333333333332	0.08439999999999998	0.08439999999999998	0.08276666666666666	0.08480000000000001	0.08513333333333334	0.0837333333333333	0.08253333333333332	0.08543333333333333	0.08286666666666664	0.08509999999999998	0.08573333333333333	0.08853333333333332	0.08266666666666667	0.08156666666666665	0.08466666666666667	0.08933333333333332	0.08933333333333332	0.08709999999999998	0.08709999999999998	0.08940000000000001	0.09210000000000002	0.09003333333333335	0.09003333333333335	0.09176666666666666	0.09380000000000002	0.0958	0.1036	0.10663333333333333	Growth with formic acid treatment without aminoadipate supplementation.
H1	0.02283333333333333	0.0022999999999999965	0.040733333333333316	0.038666666666666655	0.03456666666666666	0.043866666666666665	0.04143333333333332	0.050633333333333364	0.05449999999999999	0.0688	0.07626666666666668	0.07716666666666669	0.09073333333333333	0.09163333333333332	0.11540000000000003	0.1172	0.11833333333333332	0.13213333333333335	0.1591666666666667	0.1686666666666667	0.18933333333333333	0.2152666666666667	0.22986666666666666	0.2564666666666666	0.2759666666666667	0.30056666666666665	0.3291666666666667	0.35496666666666665	0.3812333333333333	0.42410000000000003	0.44743333333333335	0.492	0.5367000000000001	0.5801333333333334	0.6254333333333333	0.6830999999999999	0.7438333333333333	0.8120333333333333	0.8330333333333333	0.9131000000000001	1.0046666666666666	1.0858	1.1451333333333333	1.2157666666666667	1.2847	1.3750666666666667	1.3818666666666666	1.4908333333333335	1.5551666666666666	1.6225666666666667	1.6756	1.7134	1.8332666666666666	1.8736	1.8731	1.8836666666666664	1.917266666666667	1.9710666666666667	2.061366666666667	2.0595666666666665	2.0572	Baseline growth without any supplementation or treatment.
H2	0.044383333333333344	0.03470000000000001	0.04103333333333331	0.03896666666666665	0.03536666666666666	0.052266666666666656	0.04793333333333333	0.04713333333333336	0.045999999999999985	0.06259999999999999	0.0896666666666667	0.10856666666666664	0.12333333333333335	0.12333333333333335	0.13840000000000002	0.1467	0.15443333333333334	0.17383333333333337	0.20346666666666666	0.20436666666666667	0.22063333333333332	0.24306666666666665	0.2614666666666667	0.2899666666666667	0.3092666666666667	0.32896666666666674	0.3615666666666667	0.3838666666666667	0.3997333333333334	0.4365	0.46373333333333333	0.49750000000000005	0.5246000000000001	0.5645333333333333	0.5973333333333334	0.6275	0.6635333333333333	0.7099333333333333	0.7456333333333334	0.8132	0.8391666666666666	0.8763000000000001	0.9176333333333333	0.9652666666666667	1.0181	1.0721666666666667	1.1335666666666666	1.1604333333333334	1.1950666666666665	1.2451666666666665	1.3023	1.343	1.4217666666666666	1.4433	1.4927000000000001	1.5668666666666666	1.5766666666666667	1.6301666666666668	1.6899666666666668	1.7465666666666668	1.75355	Growth with low aminoadipate supplementation without formic acid treatment.
H3	0.02526666666666666	0.02313333333333334	0.0189	0.016433333333333328	0.013433333333333325	0.01526666666666665	0.008866666666666662	0.010733333333333345	0.011966666666666653	0.01376666666666665	0.016533333333333317	0.020300000000000012	0.02460000000000001	0.024233333333333357	0.028133333333333344	0.028133333333333344	0.030133333333333345	0.030133333333333345	0.03413333333333335	0.0353	0.03656666666666669	0.0403	0.04090000000000002	0.04353333333333334	0.04353333333333334	0.04400000000000001	0.04606666666666667	0.04606666666666667	0.046433333333333326	0.04880000000000001	0.049766666666666654	0.0494	0.0494	0.053833333333333344	0.05459999999999998	0.0552	0.055300000000000016	0.05296666666666666	0.05499999999999999	0.05930000000000002	0.05783333333333332	0.05779999999999999	0.05816666666666667	0.059233333333333305	0.060100000000000015	0.06113333333333332	0.062333333333333324	0.062333333333333324	0.059099999999999986	0.059099999999999986	0.06213333333333332	0.06213333333333332	0.06246666666666667	0.061700000000000005	0.061200000000000004	0.06150000000000003	0.060500000000000026	0.06420000000000001	0.06486666666666668	0.06349999999999997	0.06386666666666668	Growth with high aminoadipate supplementation and formic acid treatment.
H4	0.028766666666666663	0.025933333333333336	0.022900000000000004	0.028633333333333316	0.02483333333333332	0.040766666666666646	0.059066666666666656	0.06483333333333333	0.06456666666666666	0.06806666666666666	0.07003333333333334	0.0746	0.08459999999999998	0.09243333333333334	0.11313333333333336	0.11523333333333335	0.12623333333333334	0.13193333333333332	0.15173333333333336	0.16070000000000004	0.17946666666666664	0.19979999999999998	0.21360000000000004	0.23303333333333334	0.2504333333333334	0.2641	0.2912666666666667	0.3093666666666667	0.32253333333333334	0.35530000000000006	0.37216666666666665	0.39480000000000004	0.4204	0.44033333333333335	0.47139999999999993	0.4978	0.5154	0.5463666666666667	0.5595	0.6053000000000001	0.6435333333333333	0.6819	0.7188666666666667	0.7645333333333333	0.8022	0.8427333333333333	0.8815333333333334	0.9258333333333334	0.9503999999999999	0.9991999999999999	1.0509333333333333	1.1082333333333332	1.1378666666666666	1.186	1.2412	1.2783	1.3285	1.3926	1.4559666666666666	1.5228	1.5291666666666666	Growth with low aminoadipate supplementation without formic acid treatment.
H5	0.018916666666666665	0.014333333333333337	0.011199999999999988	0.011533333333333312	0.009133333333333327	0.016766666666666652	0.010366666666666663	0.010533333333333339	0.008766666666666673	0.012166666666666659	0.019233333333333352	0.023800000000000016	0.02729999999999999	0.026933333333333337	0.032233333333333336	0.032233333333333336	0.03483333333333333	0.03483333333333333	0.04153333333333334	0.0413	0.04626666666666665	0.050799999999999984	0.051700000000000024	0.05563333333333334	0.05563333333333334	0.05770000000000003	0.06346666666666667	0.06406666666666666	0.06763333333333332	0.07360000000000003	0.07096666666666665	0.0743	0.07830000000000001	0.08213333333333334	0.0864	0.0872	0.0892	0.09106666666666666	0.09610000000000002	0.09989999999999999	0.1033333333333333	0.10939999999999997	0.11316666666666667	0.11433333333333334	0.12039999999999998	0.1230333333333333	0.12613333333333335	0.13333333333333333	0.13559999999999997	0.13559999999999997	0.14353333333333332	0.1473333333333333	0.1491666666666667	0.157	0.1574	0.15920000000000004	0.17379999999999998	0.17490000000000003	0.18416666666666667	0.18919999999999995	0.19156666666666664	Growth with low aminoadipate supplementation and formic acid treatment.
H6	0.0029166666666666646	0.01	0.01773333333333335	0.015633333333333332	0.01146666666666668	0.009766666666666646	0.009699999999999986	0.0055666666666666365	0.006266666666666698	0.005466666666666703	0.005033333333333362	0.005700000000000011	0.012399999999999994	0.01313333333333333	0.014333333333333337	0.014333333333333337	0.00786666666666666	0.006966666666666649	0.007966666666666677	0.010199999999999987	0.009399999999999992	0.009399999999999992	0.008899999999999991	0.009133333333333354	0.009133333333333354	0.008599999999999997	0.00789999999999999	0.00789999999999999	0.00899999999999998	0.007300000000000001	0.008933333333333321	0.007300000000000001	0.007300000000000001	0.006866666666666688	0.007500000000000007	0.0068000000000000005	0.008166666666666655	0.0055333333333333345	0.007533333333333336	0.006233333333333341	0.007966666666666677	0.007699999999999985	0.007699999999999985	0.0067000000000000115	0.00626666666666667	0.004733333333333312	0.005199999999999982	0.005199999999999982	0.005899999999999989	0.005899999999999989	0.007466666666666677	0.007466666666666677	0.00686666666666666	0.005966666666666648	0.004400000000000015	0.003766666666666668	0.001266666666666666	0.0031666666666666787	0.0029000000000000137	0.0037333333333333107	0.0031666666666666787	Media control
H7	0.008783333333333337	0.002599999999999991	0.004533333333333334	0.00906666666666664	0.0058	0.01826666666666668	0.0184	0.019633333333333336	0.017600000000000005	0.025266666666666687	0.03093333333333334	0.03213333333333335	0.03423333333333334	0.033866666666666656	0.0446	0.0446	0.04836666666666664	0.050166666666666665	0.058533333333333354	0.0597	0.06823333333333334	0.06926666666666667	0.07466666666666666	0.08103333333333335	0.08503333333333335	0.08546666666666666	0.09643333333333334	0.10923333333333332	0.10996666666666668	0.12206666666666663	0.12523333333333334	0.13496666666666665	0.14536666666666667	0.1518333333333333	0.16240000000000002	0.17673333333333333	0.1835	0.1985333333333333	0.21276666666666663	0.2273	0.23473333333333332	0.24586666666666665	0.25736666666666663	0.26993333333333325	0.2914333333333333	0.2964	0.3285	0.32920000000000005	0.34850000000000003	0.365	0.3844666666666666	0.4051666666666667	0.42310000000000003	0.4481666666666667	0.47506666666666675	0.5065000000000001	0.5297	0.5513	0.5835999999999999	0.6199666666666667	0.6335666666666667	Growth with proline supplementation and formic acid treatment.
H8	0.019283333333333333	0.012699999999999989	0.017033333333333317	0.03686666666666663	0.03509999999999999	0.03666666666666668	0.04830000000000001	0.053233333333333355	0.05210000000000001	0.057966666666666666	0.07093333333333335	0.07333333333333333	0.08143333333333333	0.08186666666666667	0.09870000000000001	0.10500000000000001	0.11706666666666665	0.13436666666666666	0.14893333333333333	0.1591	0.17773333333333333	0.19476666666666664	0.21146666666666664	0.23493333333333336	0.2573333333333333	0.2786666666666666	0.30423333333333336	0.33263333333333334	0.35816666666666663	0.4019666666666666	0.4316333333333333	0.4661666666666666	0.5069666666666666	0.5584333333333333	0.6143000000000001	0.6716333333333333	0.717	0.7979333333333333	0.8167666666666666	0.8856999999999999	0.9618333333333334	1.0493666666666666	1.1138666666666666	1.1705333333333334	1.2569333333333332	1.3206	1.3372000000000002	1.4679	1.5261	1.5655999999999999	1.6293666666666666	1.7038666666666666	1.7698	1.7876666666666667	1.8102666666666667	1.8235999999999999	1.8567	1.9411	1.9456999999999998	1.9600666666666668	2.039716666666667	Growth with proline supplementation without formic acid treatment.
H9	0.016449999999999992	0.011933333333333337	0.019466666666666632	0.01930000000000001	0.0204	0.027999999999999997	0.023833333333333317	0.021800000000000014	0.01993333333333333	0.024433333333333335	0.02940000000000001	0.02940000000000001	0.030699999999999977	0.030699999999999977	0.0426	0.0426	0.044366666666666665	0.04696666666666666	0.05299999999999999	0.054733333333333356	0.05813333333333334	0.0627	0.061766666666666664	0.06693333333333332	0.07419999999999999	0.07583333333333334	0.08333333333333331	0.08883333333333335	0.09206666666666666	0.10243333333333332	0.10460000000000003	0.11216666666666666	0.1224666666666667	0.12916666666666665	0.13923333333333332	0.14953333333333335	0.15386666666666668	0.1708666666666667	0.1756333333333333	0.19343333333333335	0.20163333333333336	0.21743333333333334	0.22893333333333335	0.23836666666666667	0.2584666666666666	0.2675	0.2855	0.29900000000000004	0.31279999999999997	0.32999999999999996	0.34320000000000006	0.3647	0.37696666666666667	0.3937333333333334	0.4029666666666667	0.4200666666666666	0.43106666666666665	0.4515	0.4720333333333333	0.48910000000000003	0.4979	Growth with formic acid treatment without aminoadipate supplementation.
H10	0.020899999999999974	0.01703333333333333	0.026866666666666678	0.0305	0.035500000000000004	0.04719999999999999	0.04303333333333334	0.04279999999999998	0.04093333333333332	0.04903333333333332	0.060200000000000004	0.06570000000000001	0.07040000000000002	0.08300000000000002	0.10159999999999997	0.10159999999999997	0.11466666666666664	0.12736666666666666	0.1439	0.14703333333333332	0.15903333333333333	0.17650000000000002	0.18806666666666663	0.20723333333333335	0.23120000000000002	0.2494333333333333	0.2694333333333333	0.29263333333333336	0.31066666666666665	0.33463333333333334	0.3548	0.37696666666666667	0.39936666666666665	0.4208666666666666	0.4561333333333334	0.48673333333333335	0.5082666666666666	0.5391666666666666	0.5732333333333334	0.6171333333333334	0.6277333333333334	0.6741333333333334	0.7096333333333333	0.7508666666666667	0.7972666666666667	0.8169	0.8713	0.9235	0.9508000000000001	0.9791000000000001	1.0403	1.0918999999999999	1.1359666666666668	1.1850333333333334	1.2210666666666667	1.3044666666666667	1.3170666666666666	1.4002	1.4405333333333332	1.5239	1.5280500000000001	Growth with low aminoadipate supplementation without formic acid treatment.
H11	0.0028499999999999914	0.003333333333333341	0.007266666666666671	0.004799999999999999	0.0032999999999999974	0.004299999999999998	0.004933333333333345	0.005099999999999993	0.004333333333333328	0.004333333333333328	0.00789999999999999	0.008700000000000013	0.011300000000000032	0.011300000000000032	0.00789999999999999	0.00789999999999999	0.005166666666666653	0.004266666666666669	0.004599999999999993	0.0055333333333333345	0.0055333333333333345	0.0063	0.010766666666666647	0.010733333333333317	0.0032000000000000084	0.0031333333333333213	0.005233333333333312	0.006233333333333341	0.006666666666666682	0.007033333333333336	0.0049000000000000155	0.0033666666666666845	0.0033666666666666845	0.002466666666666645	0.0029333333333333156	0.0029333333333333156	0.0027666666666666673	0.0027666666666666673	0.005033333333333362	0.005033333333333362	0.003433333333333316	0.002433333333333343	0.002433333333333343	0.0026666666666666783	0.002366666666666656	0.002700000000000008	0.002899999999999986	0.002899999999999986	0.0005000000000000004	0.0005000000000000004	0.002799999999999997	0.002799999999999997	0.00036666666666665404	0.0002333333333333354	0.0006666666666666765	0.0006666666666666765	0.0008666666666666545	0.0007999999999999952	0.01	0.01	0.01	Media control
H12	0.038616666666666674	0.03076666666666665	0.04000000000000001	0.04970000000000002	0.04876666666666668	0.04720000000000002	0.04353333333333334	0.05186666666666667	0.0494	0.054833333333333345	0.05883333333333335	0.05976666666666669	0.05723333333333333	0.05723333333333333	0.07293333333333335	0.07863333333333333	0.08913333333333334	0.09743333333333334	0.14123333333333332	0.14103333333333332	0.12253333333333336	0.11860000000000001	0.11866666666666667	0.12583333333333332	0.1297666666666666	0.13029999999999997	0.14276666666666668	0.1434333333333333	0.14553333333333335	0.1585666666666667	0.15603333333333333	0.15813333333333338	0.18823333333333334	0.19859999999999997	0.19969999999999996	0.19966666666666663	0.1999	0.19533333333333336	0.20423333333333335	0.20723333333333332	0.21753333333333333	0.23556666666666667	0.2447	0.2563333333333333	0.2714333333333333	0.2683666666666667	0.27246666666666663	0.3058666666666666	0.31233333333333335	0.3189333333333333	0.338	0.3477	0.35929999999999995	0.37750000000000006	0.37883333333333336	0.3897333333333334	0.4329666666666666	0.44609999999999994	0.46230000000000004	0.47630000000000006	0.4863833333333333	Growth with high aminoadipate supplementation without formic acid treatment.
