well	0	1200	2400	3600	4800	6000	7200	8400	9600	10800	12000	13200	14400	15600	16800	18000	19200	20400	21600	22800	24000	25200	26400	27600	28800	30000	31200	32400	33600	34800	36000	37200	38400	39600	40800	42000	43200	44400	45600	46800	48000	49200	50400	51600	52800	54000	55200	56400	57600	58800	60000	61200	62400	63600	64800	66000	67200	68400	69600	70800	72000	Summary
A1	0.07249967620389643	0.07460651750017128	0.07660543398826557	0.07855405278074941	0.08048920485567294	0.082263039125067	0.0834821382136114	0.0851422247571049	0.08729980252468515	0.08981297580452702	0.09260025637217316	0.09562756678168134	0.09915627134618002	0.10292825569733241	0.1064516831557346	0.109769761946346	0.11285923096242252	0.11578596787193698	0.11864607874682835	0.12151676623113881	0.12443212841473374	0.12734395596776768	0.13018451285042357	0.13286976745705145	0.13542589029435742	0.13775406705957502	0.1398845933529161	0.14217794823355587	0.1448482086092826	0.14785740986637516	0.15107020967019244	0.1546032346831601	0.15847370745717415	0.16249058057550747	0.16636549711852336	0.1698264156581725	0.17328292133432202	0.1771194809754788	0.18103393629074618	0.1847356445373872	0.18828149040697717	0.19197432395866965	0.19591589333213708	0.19957081904857243	0.20313576851809656	0.20700476280272198	0.21138533631545223	0.21627534948423355	0.2215532730746162	0.22734296835832085	0.233577265004648	0.23998104410427887	0.24665123438605338	0.2538089570553465	0.26132744902070654	0.26887942233347967	0.2765179924387512	0.2841413306088281	0.29182410534467557	0.2995411624915696	0.30725194985669246	Growth with formic acid treatment without aminoadipate supplementation.
A2	0.021840846644718692	0.021588540586070334	0.021351440779059	0.021150650458030554	0.020974630773964477	0.020751924446308453	0.020823714035582665	0.020939283501537734	0.020982094317744494	0.020941581350360054	0.0205722151235842	0.01981005319885861	0.018588432908250734	0.016826343178949023	0.01483018100922806	0.013089828261502734	0.011756157650225089	0.010792273487823082	0.010260762616416773	0.01018363243611723	0.01040864919447032	0.0107815327374507	0.011099818088170876	0.011312340089738334	0.011478395414419747	0.011632490400329291	0.01172418220279561	0.011705019396803703	0.01164817835695402	0.011784657783008422	0.01219738564315725	0.012739512931188602	0.01324538145932663	0.013738810155671934	0.014319136208000384	0.014973844406703038	0.015440281258391133	0.01543072976125269	0.014904687440847475	0.014051944619149994	0.013084618740741258	0.012099981472426902	0.01120256481935864	0.010760565059604493	0.010740400823997515	0.010713443839308225	0.010723225229833225	0.010883858774032728	0.011141404062942083	0.011314532771005555	0.011192619493206048	0.010880342682357247	0.010704404967210241	0.010704467024486455	0.010807772126747597	0.010898609695705849	0.01089242181800547	0.010897774171796805	0.010901406150389984	0.010905498669627478	0.010914884034725354	Media control
A3	0.07496937761538233	0.07648118299781494	0.07799703934957285	0.07961160299319578	0.08139546754370638	0.08328645302492703	0.08617441946246326	0.09009667675195049	0.09555609254199261	0.10260383678084761	0.11104328359071108	0.12036572747792605	0.1302617612580508	0.14066783345547343	0.15152506611878197	0.16301113147198354	0.17550821288426335	0.18900998308595035	0.20322432082013353	0.2183125292990743	0.23457078693187708	0.2519799966110177	0.27025672459992556	0.2888926862367892	0.3079164812752335	0.3276126784723974	0.34834046423683995	0.37038771979882057	0.39351399333418774	0.4179485287665823	0.44386773090286563	0.47119159974143254	0.5000190853172194	0.5304468752419953	0.563033274712385	0.5978032868794053	0.6336065628849136	0.6697720588869533	0.706505209300544	0.7443574123219866	0.783327984275908	0.8225036683675226	0.8618803656528382	0.9022119285512453	0.9443810819868186	0.9883972419136113	1.0336159305653156	1.079844387435469	1.1271291717658138	1.1755399244998872	1.2250018291124825	1.2754037235401279	1.3263265827930308	1.377466392143777	1.4286698080606022	1.4793566456125584	1.528911502376361	1.5784262466706849	1.6278907510259124	1.677227975975841	1.7263700264265491	Growth with low aminoadipate supplementation without formic acid treatment.
A4	0.045411721320664664	0.05002570192015687	0.054560684549417295	0.05906030809528587	0.06354566676288721	0.0679544649361619	0.07083420887082813	0.07254009489410088	0.07343155696205726	0.07366553788769883	0.07294823605658102	0.07142419910051931	0.06998880006213135	0.06938173004861958	0.06992637770004978	0.07177779409673987	0.07496371521487596	0.0791308848642623	0.08375146631042248	0.0882560939028947	0.09238032314716671	0.09593901586579913	0.09885884049836458	0.10100981824799174	0.10242398611103103	0.10380664475185294	0.10598590740464701	0.10907234595330643	0.11276164837520032	0.11676752732612708	0.12121863614343083	0.12625296051318416	0.1318309135257446	0.13809064429640694	0.1451776460127223	0.15324230087205423	0.16204862821117344	0.17123185069055716	0.18056178076339763	0.18974345155668473	0.1987243001919117	0.2073691954744946	0.21615633394377384	0.22591652222995978	0.23633381209147017	0.24704808526298846	0.2582352291855836	0.26986316469177973	0.2817796936004625	0.2936472232253034	0.30547077211773854	0.317690689895044	0.33060523284430365	0.34364649691135285	0.35640411107922826	0.3689229161006424	0.38101302733134623	0.3931111635470039	0.4051203579150329	0.4170345710601179	0.4288618819577861	Growth with high aminoadipate supplementation without formic acid treatment.
A5	0.0718572063391754	0.07298173320015945	0.07417504601055652	0.07559035882024043	0.0773271398917299	0.07921526736469443	0.08228663145601946	0.08621649188237007	0.092033617651253	0.09989410911251541	0.10916053844802097	0.11920630817535242	0.1301613473966511	0.14262587375579105	0.1567305992027691	0.17231690920575077	0.18913987648132208	0.20731106238612323	0.22700378603837856	0.2484220539121169	0.2713243087687227	0.2955182928572307	0.32138113376961247	0.3493144383005695	0.3798440272279862	0.41315686503003723	0.4492864846753184	0.4887839202329025	0.5317088298946969	0.5779921365561639	0.6273526440143484	0.6796312502864422	0.7349053988462579	0.7928535690130597	0.8540649172564574	0.9188741785415231	0.9857264538443319	1.053978694998135	1.1231324792152801	1.192903916239795	1.2631071015701323	1.3324402211122164	1.3994764496763514	1.4642204134308257	1.527828783555062	1.5896933937279554	1.6488723595604435	1.7038807085076513	1.7551149035121392	1.8038676612759177	1.8510867720119952	1.8965674600500066	1.9384710266546121	1.9770429437085308	2.0137583266119226	2.049047062036288	2.0830699804004142	2.1174256346171303	2.1516684415043263	2.1856714243485555	2.2194015387741493	Growth with proline supplementation without formic acid treatment.
A6	0.008015331522181287	0.0072712018293619495	0.0066051672769559325	0.0059875727247106466	0.0053737269766247365	0.0047317815969660565	0.004816193258463671	0.005301466786256545	0.005990590250185232	0.00683771542547917	0.007856905995413445	0.009024736264501608	0.010298426003752283	0.0116069528733355	0.012901590162478572	0.014205840027631497	0.015521750706378488	0.01679266096069027	0.017935924348372344	0.019050724149781827	0.020190703610156815	0.021314986252766833	0.022399030788487484	0.023409709678478545	0.024386409392716187	0.025326170837229846	0.026159300029465645	0.02685895202682189	0.027426694572211547	0.027852836598909622	0.0281134716509641	0.02824880817183994	0.028319364330143627	0.02840422185456985	0.028543138893090323	0.028721780953735458	0.028932594595306897	0.029243795571197405	0.029659992516134603	0.030107365691464254	0.030545336920153873	0.030911216988032526	0.031194653012300223	0.03147342010231421	0.03184782312024126	0.03235379563483086	0.0329715759129555	0.03370268080259856	0.03460002067613853	0.035665455406255986	0.03683771068368927	0.037935685756338704	0.03884408990526445	0.03958525886178772	0.04022480086127632	0.04077068311961526	0.04120903292550132	0.041635597379692454	0.042055531943723766	0.04247776786670972	0.042907912529537726	Growth with high aminoadipate supplementation and formic acid treatment.
A7	0.035811026335678404	0.0387855943011328	0.04197195588426091	0.04529504157558497	0.04871252413533485	0.05232120569298729	0.05774111898092186	0.06382122485708831	0.0701410837100852	0.07692054057566636	0.08478378024156863	0.09407234293928719	0.10479985067200999	0.11712478354175365	0.13119787560467636	0.14714806773838188	0.16501378392871102	0.18425035875398996	0.20422854535369198	0.22501310820634865	0.2469226426660914	0.27020399864841593	0.2953237897723598	0.32255138362104613	0.35211514568779223	0.3842571795815576	0.4193177195774142	0.458063121262134	0.5007082752555209	0.5468909990835138	0.5966649211346633	0.6499135615454333	0.7066099626994213	0.766801886809659	0.8303589560221627	0.8968663794873967	0.9652725850751603	1.035653664220575	1.10746722395302	1.1793299701876736	1.2511139110616158	1.3216485960538609	1.390190316391957	1.4576014812802205	1.5237837560992165	1.587649293506221	1.6481526744616883	1.7053349407095904	1.7586754218243168	1.8084567697456262	1.8555340661981583	1.8988632474462654	1.9381837008954865	1.9758899442817106	2.01175498584504	2.0417105562441282	2.0660777503193253	2.0918792217175524	2.117515629362784	2.14225609716064	2.165885524396338	Growth with proline supplementation without formic acid treatment.
A8	0.03692462736732802	0.040567698324138826	0.04419087874450099	0.04771943334515706	0.05110323625139057	0.054443143660600504	0.05791737653221662	0.06191919245421701	0.06608615375172748	0.07046286658377741	0.07595362856768985	0.08353377237496173	0.09332288395056447	0.10525880830996885	0.11909402755093275	0.1344598306916292	0.15132538111173527	0.16938766000735833	0.18821305012772566	0.2076975725495839	0.22778574614560365	0.24856051519960412	0.27035057522753075	0.293614130400523	0.3187178064413956	0.3457036101013706	0.3749241852661739	0.407203017494933	0.44283204873183507	0.48209689470838657	0.5245947568446134	0.5699916610399876	0.6185710243520771	0.6702007343600486	0.7240853130967239	0.7798115462585195	0.839064704365225	0.9029490417273413	0.9681169507832991	1.0338072966174368	1.1007661493336864	1.1685224400003476	1.2370932614871704	1.3054188379173475	1.3720942925704913	1.4374891538299814	1.5010576878093362	1.5619342629367268	1.6191790848355738	1.6724393789372107	1.720959813439252	1.7644273452797403	1.8037162313694752	1.8401040489683753	1.8729454031832966	1.9012920197771697	1.9252959519283823	1.949189740158037	1.9726682204605608	1.9956046604340691	2.017958248550244	Baseline growth without any supplementation or treatment.
A9	0.02954724271469929	0.031458863550579454	0.03352358156706519	0.03570343158380616	0.03794931130928483	0.04022052217495625	0.043764683701270124	0.047940415447235596	0.052503383308547515	0.057646290860202246	0.06395605936339283	0.07175113245309522	0.0811664699054074	0.09219121567587557	0.10463131623358532	0.11840574677858601	0.1332666031587316	0.1488015992031521	0.16487596493652693	0.18163139099349634	0.19925297410748902	0.21783923966696916	0.2379824709433493	0.2602679795645503	0.28470064028116504	0.3109763431074124	0.33914383691705013	0.3696139983556816	0.4028427054460541	0.43865436977272937	0.4773170498976989	0.5196775388371861	0.5653630559964878	0.6145345313278163	0.6677818501573786	0.7247140546746019	0.7858446601433946	0.8489029576678444	0.912836623597799	0.9773725601664993	1.0430884725642613	1.1100830987342074	1.1770569579631507	1.2434245814879261	1.3099678638737071	1.377235314801734	1.4446778011556651	1.509195049791669	1.5685475424071906	1.6240326323718464	1.6774259438882413	1.7281242955408902	1.77564564225116	1.8191925254639645	1.858783758440221	1.8927277234014526	1.9199137761418816	1.9477365866510628	1.9753990332385927	2.0021787921677703	2.0277943367366236	Growth with proline supplementation without formic acid treatment.
A10	0.015370081696487304	0.014656774702731006	0.013962535778702479	0.013318501471092628	0.012733111493734822	0.012148008038675823	0.012091412288241381	0.012388160906981048	0.012932601443218885	0.013596652125454219	0.014369247532627546	0.015188758635494053	0.01591312795653403	0.016378984650388718	0.016567657034534194	0.016616703126806028	0.016645517268831407	0.016579738539140357	0.016356363163444083	0.016175114239541752	0.016163543686635244	0.016326636874647204	0.016661065797094112	0.017048051688921192	0.0174457714295542	0.01794017828658126	0.018440391061347792	0.01886197044162961	0.019280764678404737	0.019722547455785302	0.020184287935893937	0.020543978057596095	0.020765777260803517	0.02089102713190604	0.020925324571055982	0.020860708772544256	0.020679132421725296	0.02041803480772103	0.020096551414638723	0.01976586464151406	0.019466880829234954	0.019153901481192503	0.018870536030119078	0.018641164473606767	0.01845611100289984	0.018348417688798455	0.01835455601129079	0.018441002660793678	0.01849827165937007	0.01847821745783812	0.018507734541884476	0.01872878258144012	0.019141870759234902	0.019538438011611363	0.019811433465578003	0.02000180621719283	0.019967530892471445	0.01992070918770877	0.019824463316236562	0.01967804126219689	0.01948884924779646	Media control
A11	0.025443389797992887	0.02569319803642409	0.025909285647075012	0.02608306145147762	0.026217052408657345	0.026300029050162807	0.0261025634746139	0.025929674845332058	0.02567788643378585	0.025309097964685348	0.02494106105707741	0.024679733736371435	0.024574027480850684	0.02463978833058366	0.024840944628000603	0.025172208110270607	0.02567807231837527	0.02638075819166984	0.027239973850914527	0.028199967318000434	0.029203487748538804	0.030226252252893007	0.03135851976671668	0.03270503523639754	0.03426220883485736	0.03596593209907035	0.03775167653151165	0.03956784341446935	0.041328370658461254	0.04295569412393243	0.0445370141190309	0.046125019615107093	0.047751075227963236	0.04962476471447644	0.051897269307273855	0.05448868152017843	0.057103141507534344	0.059699904889069455	0.06231407788026237	0.06492169817984511	0.06749253031604507	0.06981999169548489	0.0720693698045681	0.07455466323988316	0.07734291328111347	0.08038773710705563	0.0836737210229081	0.08718760734147821	0.09094298228057456	0.09497746562311223	0.0992734152508634	0.10389064211752445	0.108795406875261	0.11370963386618244	0.11858785231579916	0.12350785905311977	0.12841760174765787	0.1333241765840379	0.13819365574751888	0.14302349528383382	0.14781251701194642	Growth with proline supplementation and formic acid treatment.
A12	0.023325125208686643	0.023935079808713084	0.024531887383758062	0.02510977479826854	0.02566731176782756	0.02623198107349191	0.026838205983599383	0.027573683454066245	0.028430491851007645	0.029391385325611634	0.030552052716090287	0.03186623055622059	0.03324617881684576	0.03461921925405904	0.036002085077466446	0.03742379603883642	0.03883348577386771	0.04018680252590097	0.041549293982818335	0.04298200341306885	0.04451003164624969	0.04606179423394801	0.04763117779019738	0.049275332828718904	0.051034062549788796	0.05288474445454465	0.054812759678942426	0.05681114993418846	0.05886982242207803	0.06093485207318949	0.06298259785693584	0.06504230191586949	0.06715923298212216	0.06938672303357157	0.07167492494979567	0.07390787172903021	0.07608017526279458	0.07825438238581774	0.08047382062078247	0.08266876091890897	0.08482335856415918	0.08690719860023159	0.08896291409003376	0.09113661658455983	0.09344961247164606	0.09582664470678134	0.09825996529183753	0.1007679042893961	0.1033985385673246	0.10614979089887078	0.10905819227775758	0.1121877491363522	0.11555060626144802	0.11909024420194356	0.1226700326613449	0.12631791800073114	0.1300958583135036	0.1338659752197413	0.13761833355258837	0.14134852130698433	0.14505251192406213	Growth with low aminoadipate supplementation and formic acid treatment.
B1	0.03561562945111749	0.03748728204580802	0.039219218532902465	0.04093896204015263	0.04280687117405286	0.04493516803650903	0.04601946600442303	0.04722465563568921	0.04973427493213786	0.05374871551107545	0.05904131704958459	0.06479144937378395	0.07050414870959433	0.07626562493562972	0.08218488806238178	0.08803865190446175	0.09372153615503095	0.0992681342034959	0.10482779219484628	0.11045126538690343	0.11608310912536832	0.12158985278882141	0.1268952719949516	0.13201449465040152	0.13715719943226387	0.14258664859970036	0.1485821127466336	0.15526936145031855	0.16249228330782173	0.17006827508866415	0.17806951315610756	0.1865200652508201	0.1952817366359901	0.2042654116866047	0.21337636346340702	0.22286588414224512	0.23302387128689656	0.24380169393592047	0.25494744843784967	0.26626245403700205	0.277919725365777	0.2899987660861923	0.302220288056129	0.31458237226293434	0.3270803367877439	0.3398958136104866	0.35338573248527994	0.36765588924567033	0.38264204121488815	0.39827657888131474	0.4143767507791497	0.4307285838245671	0.4471783734565882	0.4639172735691407	0.48087725431666856	0.497777889394486	0.514504331171888	0.5311537628626912	0.547857581157746	0.5646091072270483	0.5813713745439935	Growth with high aminoadipate supplementation without formic acid treatment.
B2	0.024011932552987045	0.022359571136982177	0.02068090397461563	0.01898587017886159	0.01730204156835387	0.015703997043729902	0.014125329660635802	0.012724583321790444	0.012058154703742708	0.01204756400885819	0.013019255569399668	0.014413759114799602	0.01587365660525847	0.017467777187575466	0.019181665047548573	0.020786872834510334	0.022234650504175505	0.023511289697077577	0.024608986052783305	0.025537648861024477	0.026368525229874876	0.02709874808659166	0.027690876166307568	0.028163834665394988	0.028580458200263018	0.028911955542826	0.029135743485837657	0.029304219275847077	0.0294514188131977	0.029507103740394575	0.029419758176955194	0.02924076064206355	0.02905579037455693	0.02893895007796377	0.028901318101312225	0.028863173401510518	0.028773602065119846	0.02873200653889049	0.028801798814833433	0.02891373095164916	0.029007149763502063	0.029087905430183112	0.02918256818642663	0.02931435573080174	0.029502380773354812	0.029729498446030372	0.029934827169129014	0.030124686468862676	0.030383120776700478	0.030755477414457583	0.03124698656272055	0.031739572315845725	0.032093837047193374	0.03233092469704602	0.032522118110245676	0.03265025688514388	0.03257408952582109	0.032484857537558386	0.032379616353943666	0.032267653732281354	0.03215845266097223	Growth with high aminoadipate supplementation and formic acid treatment.
B3	0.021102587330322442	0.021946642672958677	0.022691154906477357	0.023407906986331755	0.0241684940520856	0.024965614947939866	0.025122013444825463	0.025201348292928832	0.025861505197372733	0.027304296331459837	0.029545610109031076	0.032376375498486265	0.035681027731491656	0.039548019303933674	0.04400156065343071	0.04875426901797622	0.0535935557164441	0.058516652831064754	0.06360228562891918	0.06898215629925213	0.07474193658083184	0.08090521793457073	0.0875474736873747	0.09473577184698614	0.10249914199540681	0.11063825707893865	0.11908315171833002	0.12792332049115165	0.13708391045356308	0.14644580313168915	0.15602647248902898	0.1660559526658273	0.1766617729695624	0.18799140581500537	0.20009424489867678	0.2129633678369861	0.22658809138075284	0.2408097648932715	0.25544812816864715	0.27041881682299673	0.2857578582107103	0.3012683341900261	0.31662466647563214	0.3320325919529252	0.3478599495636156	0.3641881494725712	0.38123198317586093	0.3990701729735137	0.4176803296454953	0.437583685734357	0.4589738292516681	0.48155827749500424	0.5052881694069162	0.5306637277117666	0.5576413864988908	0.5855430922435753	0.6138868762858579	0.6420521466639816	0.6703007445029011	0.6986672841654508	0.7271082738386672	Growth with formic acid treatment without aminoadipate supplementation.
B4	0.046099091617655095	0.051397339103490966	0.05634518711420315	0.061115215663428486	0.06587005404890209	0.07057424124403966	0.07270942715579616	0.07447617165665975	0.07748835959260458	0.08199655489288542	0.08806112187815732	0.09598848734666925	0.10611273253934805	0.11829652540430521	0.13202888080841857	0.14671316394487988	0.1621909372685879	0.1786967853332051	0.1962485302094013	0.21469952416629445	0.2340499621246989	0.2546934536205155	0.2771959421614376	0.301734956598859	0.32859475819252937	0.3580562600711901	0.3904993457627539	0.42622755783204425	0.4653268036827688	0.5078198786623932	0.5538071904232554	0.6028813953276472	0.654824096485912	0.7098586141010639	0.7683662897993935	0.8300222647536273	0.8940036423394818	0.9600562791031999	1.0279367248078521	1.0979738580418588	1.1699053032742224	1.2416581222410377	1.3100139690838668	1.3747937011345093	1.4377718569730868	1.499627442231804	1.5590942626831041	1.6147278235591092	1.6665431948307017	1.715085579468816	1.758385537481418	1.7969780704629321	1.8321184794670549	1.8649912227001024	1.8954421183619174	1.9233681769526323	1.946844519296437	1.9694788983164688	1.9919636933386295	2.0144057386002037	2.036665568569472	Growth with proline supplementation without formic acid treatment.
B5	0.004750000000000004	0.01	0.01	0.0009200000000000041	0.01	0.01	0.01	0.01	0.0015999999999999903	0.01	0.009999999999999731	0.009999999999999926	0.009999999999999957	0.010000000000000024	0.009999999999999993	0.010000000000000005	0.010000000000000002	0.009999999999999998	0.010000000000000004	0.01	0.01	0.01	0.01	0.01	0.01	0.01	0.01	0.01	0.01	0.01	0.01	0.01	0.01	0.01	0.010000000000000002	0.010000000000000002	0.01	0.01	0.010000000000000002	0.010000000000000005	0.009999999999999992	0.010000000000000007	0.01	0.009999999999999998	0.010000000000000002	0.009999999999999997	0.01	0.01	0.01	0.01	0.01	0.01	0.010000000000000009	0.009999999999999993	0.00999999999999999	0.009999999999999978	0.009999999999999995	0.0099999999999999	0.009999999999999922	0.009999999999999887	0.010000000000000061	Media control
B6	0.021807133671369494	0.02462080001054222	0.027362601822138993	0.030041992615784073	0.03268625007577188	0.035338334101327404	0.03767288618686254	0.04002543689522367	0.042528371250451634	0.045244917715985385	0.048304170183706197	0.05177087530584572	0.05561128588293137	0.059774019229846986	0.06421639170856877	0.06890377882665785	0.07392524852738483	0.07925706652021458	0.08489820858395972	0.09104472709417873	0.09772201337416406	0.10471151670039483	0.11192941537199858	0.11940237566409775	0.12722511451037366	0.1353189713627944	0.14358909464708342	0.15207304309182718	0.1608432466187909	0.17010148539895853	0.17990166678640263	0.19005139164969764	0.20038214428948886	0.210836595774863	0.2213776522238132	0.23210446504070883	0.24343508677779424	0.2556308734695867	0.2680218841583897	0.2804179871817898	0.2932297223895568	0.30652716079530995	0.32022300760907185	0.33450528953841363	0.34982417763902085	0.3660070184569195	0.38271935899067705	0.3996851384285852	0.41691332168291795	0.43454560783421997	0.4524195588819319	0.4702199821086897	0.4889692130780473	0.5094850253105991	0.5315079430792617	0.5546966329302222	0.5791300677039725	0.6034311065926037	0.6278850421691685	0.6525220657001097	0.6772875188294518	Growth with proline supplementation and formic acid treatment.
B7	0.009707630895310916	0.008866612022232413	0.00808084484163362	0.0073087398215611965	0.0065047352123522376	0.0056714595415351485	0.005473913515297404	0.005853723808883162	0.006430298414707823	0.006917492849428371	0.0073739841313201545	0.008090802798521453	0.008886999223774903	0.009174730766846028	0.008763113038223762	0.007813291407217444	0.006690148828968186	0.005635861168701662	0.004740548172108288	0.004058610038303477	0.003688545573575678	0.003630032477915993	0.0037041346326695318	0.003675566498249844	0.0034877300040693643	0.0031876911625354364	0.0030853665541831546	0.003399325127886231	0.0040865561614102895	0.0050060759588212616	0.006070389052147615	0.007112276936751616	0.0078739603382764	0.008105569980512886	0.007937458445537641	0.007746461848426764	0.007707110680770462	0.007766080931690584	0.007885691067483101	0.008109232836504743	0.00849848253633501	0.008776752729773714	0.008663992964081747	0.008160202140323898	0.007336285555171757	0.006307460959788127	0.005197034896138751	0.004107771125454745	0.0030792985271995807	0.002186390347806017	0.0018265636824053213	0.002185418858750629	0.0030736081715059104	0.003983247527010378	0.004630069271127694	0.005057476175235568	0.004775132300499694	0.004474484408387384	0.004056624145172998	0.0035042597837967367	0.002826559269958057	Media control
B8	0.026397431324386128	0.029555042290561835	0.0324654492001917	0.03523821670534689	0.037980468306126364	0.04065606257875121	0.041735503991474195	0.04252380532560767	0.04378854030282972	0.046148182005688695	0.05028628892575228	0.05553876286346225	0.06082629098906851	0.06601989060484513	0.07132443520145608	0.07685315709530552	0.08225352662036188	0.08700164843327682	0.09133478245598581	0.0957205988312043	0.10019106947485895	0.10472291429116386	0.10936544591493659	0.11405357195392617	0.11860331326417044	0.12297925106622938	0.1274738563066167	0.13253097101084305	0.1380106523240003	0.143550973621066	0.1492261413185549	0.15556804649503148	0.16285052076829493	0.17076841723500052	0.17894357718803672	0.18721474671111676	0.19592262386424514	0.2053813683979704	0.21540925221848475	0.22581427401789028	0.23652813681146515	0.24754130896566898	0.25871546150082103	0.2702051290016801	0.28245736961276646	0.29528869408633607	0.30848398114090325	0.3220859242199766	0.33635786303693505	0.35158853677186946	0.3669877489498053	0.38153438213706703	0.3959009421378535	0.41076938196792967	0.4262141247974677	0.44221300395991503	0.4595993343896619	0.4769981654122251	0.49455059399670354	0.5122984916684131	0.530242645937268	Growth with high aminoadipate supplementation without formic acid treatment.
B9	0.05414410121309766	0.06098430519419208	0.06768798459132591	0.07432747495581997	0.08097662704799269	0.08761282628625523	0.09332074883582632	0.09858459042893701	0.10396827040857244	0.11020519321532414	0.11746427728717901	0.12560301426495343	0.13469231492959144	0.14497411642330443	0.1567118091002241	0.16987389789186114	0.18452733503039237	0.2002624485771054	0.21657654438970067	0.23353722416621345	0.25085767158306344	0.2684110931898109	0.2865972835934045	0.30553578833152045	0.3252881683932224	0.3461207432234196	0.36843222942493264	0.39217821383111956	0.4175252588330297	0.4446356339034142	0.4728201441663584	0.5015495087791523	0.5312831517389109	0.5622269722711417	0.5938920509940141	0.6262010530568156	0.6595268192707636	0.6942440523710773	0.7303430429590126	0.767694578528562	0.806145788689422	0.8456177665300812	0.8865730162318288	0.9285166977925771	0.9710825174829676	1.0143616399757516	1.058646138449433	1.1037075596047976	1.1497501556775296	1.197100402353756	1.2456615905371622	1.294824291396287	1.3439246260241637	1.3928482827163253	1.442053659544228	1.4912522557638306	1.539487020367198	1.5874722985801206	1.6354919584374443	1.683578902496283	1.7316525273948016	Growth with low aminoadipate supplementation without formic acid treatment.
B10	0.01414026535321393	0.015147057379186174	0.016122319052892565	0.017053493643969866	0.017959483651540233	0.018912143880711236	0.019874804485629262	0.020945832384983362	0.02221491664879036	0.023748899830298396	0.02559017427451954	0.027707669061651296	0.030032539014641285	0.032436034016202236	0.034806768135176296	0.037151906764016675	0.03947023346118649	0.04173607223773096	0.04398767467268906	0.0462540611550897	0.048551411330642176	0.05084188235929514	0.053188669252034436	0.05565197108770316	0.058215370643909574	0.06089832553288497	0.0638076013072468	0.06698208036705279	0.07034512400446244	0.07376927265719412	0.07723601091739116	0.08077290981827517	0.08433316413819714	0.08783549829013867	0.09126123648156	0.09472300436091871	0.09832622387091308	0.10209547929012305	0.10600370151941296	0.11011763148268351	0.11456719321811032	0.11902257041471123	0.12310794833944022	0.1269615038621495	0.13096198322351535	0.13499414850664415	0.1389390324927772	0.14281843336863542	0.14706559982053635	0.1519227454184943	0.15729851874211428	0.16287534529817108	0.16848321736591376	0.17422897683621522	0.18017038202830438	0.18619995151801583	0.1921968895453854	0.19815289388184892	0.2041107032047603	0.2100785305621269	0.21605199546046117	Growth with low aminoadipate supplementation and formic acid treatment.
B11	0.013420194285829152	0.01466968669664724	0.015859912087537252	0.016985993345965983	0.01805796103546926	0.01909531018281724	0.01980864244047863	0.020517098012590433	0.021272613432289592	0.022195467253006886	0.023404558228153752	0.024877006370227203	0.02654043686146959	0.028363836747467057	0.030414474174083724	0.03269880196135791	0.03524222666027845	0.03802140266197475	0.0410850996154197	0.04458912253271186	0.04852959982158388	0.05276887959530959	0.05721875256628604	0.061879214969685126	0.0668391065997341	0.0721360397243977	0.0777967061414083	0.08375239175590968	0.08986964901856818	0.09619840356416672	0.10287264817699274	0.10989528075638358	0.11722380487691017	0.12489268907763101	0.13296365815231978	0.1415951216070012	0.15060218045013243	0.15988819196611054	0.16954157133404588	0.17976563255327874	0.19065178259466362	0.20216537918751984	0.21436103413342703	0.22723551833763936	0.24083686486930556	0.2552243461219327	0.26988438692401256	0.28428281868879895	0.2983105782733434	0.3123277813188001	0.3264788613575505	0.34040265155037513	0.35468425637322387	0.3696598578139397	0.3852084330701618	0.4014594694411458	0.41908097658991583	0.4367738152369666	0.4545436335062294	0.4724195040262248	0.49043244988615453	Growth with formic acid treatment without aminoadipate supplementation.
B12	0.0401718269267095	0.043239343165758864	0.04627647993493834	0.04926999341088003	0.05225928743921736	0.05531799513818821	0.058980702717158134	0.06329619174369847	0.06821493491138118	0.07421927271249093	0.08175722042149552	0.09072527673927487	0.10090918180366243	0.11215189703046138	0.12448818962468162	0.13800062449647466	0.15275261939159648	0.16871798013789113	0.18575821776259263	0.20390779268234044	0.2233387882908036	0.24403115375390733	0.2661260554177507	0.2899776102772062	0.31582058332093343	0.3438315379499168	0.3741543957582991	0.40677686610567454	0.44208844734233094	0.4813895232893701	0.5247055980489369	0.571415656801088	0.6210998091098906	0.6734759200858378	0.728335014880608	0.7864399550503828	0.8482477248955235	0.9129160230254596	0.9793037333363611	1.046498120783751	1.1140400524499903	1.1816704600849202	1.249542866636336	1.316385518688463	1.3820927997493901	1.44662530186834	1.5088179143813918	1.568296229491082	1.6236433459035189	1.6747949731166147	1.7221115029038447	1.7661428365025085	1.8064547651946148	1.8443124213691542	1.879808955742063	1.9126525563099919	1.9421952950663701	1.971719611949855	2.001153162192086	2.0303901713009584	2.0592587031726244	Baseline growth without any supplementation or treatment.
C1	0.04624229861278618	0.04958803020743071	0.053014893595530216	0.056573371084738894	0.060339131866490904	0.0644059551542587	0.07124908203813109	0.07932305752136942	0.08853077255484967	0.0995247043950834	0.11249916998553632	0.1265331300572883	0.14051946624865927	0.1541571574466823	0.16821564087282143	0.18328332776504885	0.19930913369977096	0.2160947607023119	0.23387741136314572	0.2534162424176998	0.274747714509518	0.2972991711242421	0.3205768776115698	0.3440327311845975	0.3676676556004863	0.39164600863563126	0.4164230244388262	0.4423023853912784	0.4693018016321093	0.49768517015545266	0.5278474640258719	0.5599465106489543	0.5937742223844974	0.6284732277990618	0.663332533512763	0.6982393855265936	0.7345630000019219	0.7727205080718123	0.8118117610945255	0.8514367164016733	0.8912749919622818	0.9315887018737488	0.9730114330385953	1.0158735099413507	1.0599828960995417	1.1044777257344385	1.1494948862624543	1.1953641680495435	1.242652763469818	1.2914445665699084	1.3411070108105383	1.3904484512110857	1.4390221279906197	1.4877388381296133	1.5365098728241005	1.5846734817470713	1.6310117348109126	1.6767953054511033	1.7224951562295776	1.7681725957529066	1.8137449060897768	Growth with low aminoadipate supplementation without formic acid treatment.
C2	0.0348741125853512	0.04215700670711698	0.0490568253162289	0.055703549484814166	0.06227572417492003	0.06887562763995606	0.07398127857618822	0.07944370612657496	0.08625980273739955	0.09465836041865386	0.10472542803535599	0.11663241413464154	0.1304298002499046	0.14592784119635727	0.16264977323385763	0.18015924542610362	0.19864650980219187	0.21859938425354514	0.2402132780756286	0.26319183574519966	0.28726960618050396	0.31279774099527136	0.34048816157149303	0.37073642355038733	0.4037737301974029	0.4395184321406	0.4781141309593552	0.519997166958338	0.5653460509094738	0.6142968139071385	0.6668286882993414	0.7227904372018651	0.7820068569652722	0.8438539414930801	0.9078646984402952	0.9743086598282009	1.0434986023597075	1.1144260312563572	1.1861276589363794	1.2570159219507135	1.3254953034015111	1.3933034538477997	1.4596366772315377	1.5187718618705368	1.5748788647214225	1.6291372032363851	1.680173304360127	1.7293070136419537	1.7785171050132516	1.828438997048607	1.8749669484684892	1.9144924480036831	1.9486595032984995	1.9804021561275587	2.01260398826354	2.0437435055832314	2.0603803199366597	2.0735997163638626	2.085252809172633	2.096112308497762	2.1064031664200438	Growth with proline supplementation without formic acid treatment.
C4	0.009435979668196481	0.009017513142379486	0.008547128774863714	0.008029746639934086	0.00747219407226878	0.006873930576890805	0.006263624694705787	0.006102808436204527	0.006342713427073638	0.007015253791409402	0.008108517444919075	0.009675780531378759	0.011637409489950623	0.01365002733827918	0.015259432370939437	0.016355480693526134	0.016908687604938844	0.01704877062468946	0.016939879723326272	0.016488709274845907	0.015630110825911026	0.014343705424151686	0.012774047023933938	0.011160010572830574	0.009593124891629763	0.008231350242815525	0.007168414605226318	0.0064911735019613755	0.006186949996861567	0.006126468403099713	0.006225027598127537	0.006409810885669247	0.00665040894776402	0.006835953215024097	0.006921157896298163	0.006985486773150697	0.007210118369194456	0.00766268487128463	0.008239627696416073	0.008770012725667797	0.009141186936500095	0.00944189704348211	0.0096708966867968	0.0096928055194484	0.009504680397610769	0.009197308121873147	0.008961800144257888	0.008874781789099754	0.008822173031044097	0.008716490099095335	0.008564618320076073	0.008496264764499504	0.008462416762515761	0.008418698796027973	0.008406393061805103	0.008501526468754168	0.008756739966513992	0.009001514754306345	0.009260137532698342	0.009520683726211532	0.00976775729836121	Media control
C5	0.011105416023416987	0.012161286509249565	0.01312487930920946	0.014062820654589659	0.015096879892712077	0.016322233546193	0.0165001538457604	0.01638135979904629	0.016504932498478984	0.016927750522008074	0.01754936376258156	0.018253595304632445	0.019054740411572096	0.02002690410643309	0.02118294735507541	0.022467047829245957	0.023844853828548673	0.025295228068048983	0.02680089021216159	0.02840237922377001	0.03005820062098079	0.031670463923962854	0.03320835520442087	0.03468997707592183	0.036233235087472004	0.037835094504867266	0.039401153017416556	0.04094425176848858	0.04251408041493641	0.04418281923777346	0.04592974819896084	0.047684398923256495	0.04952733477295939	0.051662696936863255	0.05415041817748371	0.05693731218423789	0.05989237670361385	0.06292963076711243	0.06600517176002649	0.06909527029080366	0.07219702243964245	0.07518918640609126	0.0783244151412402	0.08233452032543173	0.08673846661623244	0.09115239236625657	0.09582412320472818	0.10075861494347253	0.10583382147292596	0.11090428300807609	0.11597211581587592	0.1213140707231142	0.1269663549253361	0.13276551330618427	0.13858461304823858	0.14443838142047752	0.15026998976829603	0.15610801016619008	0.16190000329866133	0.16764759815831912	0.17336387582767998	Growth with formic acid treatment without aminoadipate supplementation.
C6	0.009516285800023498	0.013120418429561317	0.016650768027087228	0.02012029264028882	0.023566119166327337	0.027020739872472912	0.030002440182394077	0.03293509718916515	0.03592217224935569	0.039021013820972304	0.04226760951511375	0.04563645737552371	0.049064724749136396	0.0525282922687166	0.055994864720768055	0.05944467308932062	0.06288163113209519	0.06631648809320784	0.06979528616553662	0.07349863152618413	0.077386056809367	0.08124752085568632	0.08502959810488288	0.08878321721043278	0.0926264281257344	0.09648930697371	0.10022263958371203	0.10386647293730752	0.10748863385336833	0.11117708172419782	0.11493925202446777	0.11864051127724903	0.12232505857402554	0.12615930849791498	0.1301562506400388	0.13438819794541573	0.13870704887435578	0.14305899567478614	0.1474652483143976	0.15196655276351348	0.15669007064643203	0.16146591667927995	0.1663809318126401	0.1715615416682517	0.17689403406093362	0.1823601705964513	0.18801642625915113	0.19382331980776146	0.1996675360887895	0.2056099469359689	0.21169658111643264	0.21796778644082132	0.22444774822216756	0.23104963815671287	0.2377774888204528	0.2447041519035282	0.25196401052753087	0.25919700437684245	0.2664173033675049	0.27365232215881824	0.2809231545590799	Growth with low aminoadipate supplementation and formic acid treatment.
C8	0.009999999999999998	0.010000000000000004	0.01	0.010000000000000002	0.010000000000000002	0.010000000000000004	0.010000000000000002	0.01	0.009999999999999998	0.010000000000000002	0.010000000000000002	0.01	0.01	0.009999999999999998	0.010000000000000002	0.01	0.01	0.010000000000000004	0.01	0.01	0.01	0.01	0.01	0.01	0.01	0.01	0.01	0.01	0.01	0.01	0.01	0.01	0.01	0.01	0.010000000000000002	0.010000000000000002	0.01	0.01	0.010000000000000002	0.010000000000000005	0.009999999999999992	0.010000000000000007	0.01	0.009999999999999998	0.010000000000000002	0.009999999999999997	0.01	0.01	0.01	0.01	0.01	0.01	0.010000000000000009	0.009999999999999993	0.00999999999999999	0.009999999999999978	0.009999999999999995	0.0099999999999999	0.009999999999999922	0.009999999999999887	0.010000000000000061	Media control
C9	0.00757419320766221	0.010592857767606193	0.013537941642088436	0.01640469359621006	0.019219474897026214	0.02204544953691184	0.0245751129588705	0.027119109753901718	0.029648075922733587	0.03210578057544611	0.034565774969708994	0.037131891191194456	0.03972716046662026	0.04212311042199507	0.04428180929109671	0.046375409709931155	0.04848962428532192	0.05064038286610137	0.05285997644259772	0.05516475052961255	0.05751207366015267	0.05975015081759875	0.06189411548340969	0.06404087351473425	0.06626904620820404	0.0685642730930573	0.07099982606725852	0.07373512974080088	0.07670156707045166	0.07971529226040787	0.08268879275607902	0.0856017569171805	0.08853523425466753	0.09152168956253132	0.09450682014681229	0.09759589977520859	0.10084322103001939	0.10437585073968443	0.10814238236032843	0.11192485548514518	0.1156631538039484	0.1192632231374664	0.12284087090104578	0.12650695882226584	0.1302008225798515	0.13396885812333495	0.13791485811837043	0.14214928714507968	0.14657762879897257	0.15108046642366058	0.15556292746037845	0.16005886195439717	0.1645888133480401	0.16890450580690944	0.17296027226411073	0.17693699888294367	0.18090511418674846	0.184877021768037	0.18880846052088138	0.1927042796960602	0.19658385520319077	Growth with low aminoadipate supplementation and formic acid treatment.
C10	0.03821098891788643	0.04211482295452192	0.045887791183518	0.04950097428809778	0.05297036175603063	0.05647038701704988	0.05927055666747334	0.06204559077246677	0.06433700930500846	0.0661195589738675	0.06866717430675098	0.07144880714829993	0.07417597457777625	0.07714098707488479	0.08027014111976229	0.08338686064853305	0.08653552419798213	0.08986031782473912	0.09366694884944081	0.09788607101543952	0.10236185314205684	0.10707554956310422	0.11216509549754972	0.11771066791868842	0.12343503438388391	0.129146804088486	0.1351441957150214	0.1416413958581789	0.1484085397419379	0.15518839969566411	0.16188414865604342	0.1686348086068541	0.175660897379943	0.1830984079037477	0.19081378590857992	0.19878413049668056	0.20708879472016326	0.2160071129070682	0.2255896757105437	0.235736894720927	0.2461842452357889	0.2566490446115339	0.26713416307983817	0.2778491771809325	0.28869543502760575	0.29957136034071746	0.3104196705249379	0.321362550403013	0.33265322338882325	0.3446533295757017	0.3573231485367458	0.3703114409714276	0.38331734255209177	0.39632357082044595	0.4094522588937183	0.42264001901080467	0.43534733467547104	0.44790287774240667	0.46037308925117393	0.47279162597411484	0.4851664995255594	Growth with high aminoadipate supplementation without formic acid treatment.
C11	0.024937762480495108	0.025433803458729125	0.02592001332298179	0.02640248358160378	0.02686655116209694	0.027275833457456475	0.027760780256217456	0.028423885476030135	0.029308459892172786	0.030407155010422404	0.03168200668912588	0.0331495809560306	0.03472352122490567	0.0363024069568954	0.03785925643899232	0.03932630884542789	0.04059402954010865	0.041731411882695885	0.04285799881648978	0.04397069485395992	0.04506577607214183	0.046085040223447726	0.0470631612257741	0.04805772948271052	0.049074674123504136	0.050143534209630844	0.051271806112949604	0.05246019567142946	0.0535585892509146	0.05452162007883165	0.055459145980030544	0.05640215514921827	0.05730192399073615	0.05812366758804054	0.058906062920049615	0.05974937819143951	0.06072964880748058	0.06186225887688108	0.0630896380343816	0.06437739756532612	0.06567800474105592	0.06694305966501682	0.06815949740286792	0.06934424910418403	0.07051248868699722	0.0716507904126672	0.07279892887951543	0.07397371051143771	0.07516867320066775	0.07642591712389336	0.0776652757074594	0.07881641482914445	0.0799235380223243	0.08107300437723726	0.08232572238191499	0.08370606189918045	0.08527848403464292	0.08684262693829094	0.0884294906171495	0.09004428785931569	0.09168585180538301	Growth with high aminoadipate supplementation and formic acid treatment.
C12	0.016705473461036298	0.016815843548760298	0.016956819417746374	0.017095830615756185	0.017212993722144774	0.01732931715960115	0.017938286005509226	0.018968198340694624	0.020243829780702122	0.02182013353694373	0.023851557195070774	0.026279607871213317	0.028980516167358736	0.031926517812829104	0.035199941840900244	0.03884802953149865	0.0428493480469609	0.04725598546734131	0.05210363260471432	0.05741106187594187	0.06319925414386982	0.06945596702213114	0.07626438067046731	0.08366921205333104	0.09171174554362756	0.10052178337045062	0.11028914924122257	0.12116047822473909	0.13295284327274434	0.1454722689451692	0.15877819401106022	0.17295918046547698	0.1881742154385421	0.20431577700696368	0.2211297821316721	0.2387687510995318	0.2571092361066596	0.2759483814253915	0.29503169109596517	0.3141079222156659	0.3331527202582547	0.3521053485856543	0.37130846691120767	0.3917787876288064	0.4135308108760216	0.43618800229266697	0.4599861430037867	0.48573465616940814	0.5139203417743071	0.5446243885594512	0.5775137880970617	0.6119813372546415	0.6477211063474863	0.6853139646284873	0.7251857957522887	0.7665404720910611	0.808579045190399	0.8505201828098636	0.8925932562923742	0.9348885855843369	0.9773387598385732	Growth with proline supplementation and formic acid treatment.
D1	0.029683201687566527	0.030245135947609785	0.03073163866555258	0.031207421409820715	0.03174805058841345	0.03234409519303929	0.03283125507236914	0.033875178406034684	0.03577111007646494	0.03852010572627789	0.04214627048142019	0.04658595011369402	0.05157533797650515	0.05691642289714287	0.062491414751897845	0.06815104080958027	0.0738582374695054	0.07964972679056052	0.08561995853330964	0.09190419590645539	0.0985043748825633	0.10533477557516761	0.11246763860427536	0.1199303897199013	0.1277345122301822	0.13581092092273034	0.14412231738838518	0.15280262584340779	0.1618868895175803	0.17143358148800908	0.18154492313683368	0.19217613964569305	0.20335779884852678	0.21508123637648138	0.22719051016521744	0.23969122494603382	0.25245497806245587	0.26546058459086636	0.27889398058469417	0.292706029034548	0.30688546620405005	0.32140495843556366	0.33621764209297245	0.3512745821990897	0.3664267106903616	0.38166157791107774	0.39721989561587595	0.4132423945558207	0.42982953884140745	0.44725900079942593	0.46581766134311464	0.4855712338768665	0.5067450869085807	0.529242778182003	0.5525941763000941	0.5764864976027715	0.6012249243802085	0.6258644052562017	0.650554903272158	0.6753460109674638	0.700238890096645	Growth with proline supplementation and formic acid treatment.
D2	0.016313654998819743	0.016678448689051883	0.01700807461075649	0.01734999257067226	0.017764452646364587	0.018279353694152706	0.01850286716035971	0.01884055772398428	0.019722171393082313	0.021241224033192962	0.0232547914603699	0.025494270031383104	0.027860709573971697	0.030341364886311954	0.032892422555518976	0.035355428110570304	0.03764032143536335	0.03975913725516357	0.04174575211355312	0.04363633722679488	0.04545241608617352	0.04718784505239182	0.04889555784120274	0.0505455382934096	0.052141260936645756	0.05366217418281636	0.055108262660177695	0.05653486239102149	0.05791943821016091	0.05922074568832628	0.06041166027425601	0.061512755972949945	0.0625846266824588	0.06359739711929513	0.06442592123669713	0.06507794357647878	0.06583653509009664	0.06695784928567007	0.06836081958198219	0.06990297708561112	0.07152578667462928	0.07323766046064764	0.0751419167208878	0.07719650862119362	0.07929739815283812	0.08135079856052584	0.08333354786581697	0.08536736190621896	0.08755846543253165	0.08991269943268426	0.09223785090251872	0.09439368738155907	0.0966027824077821	0.09891722475994046	0.10129377066744225	0.10367563924516447	0.10616180518671085	0.10866343966692996	0.11118214895036638	0.1137157210354784	0.11625981891085066	Growth with low aminoadipate supplementation and formic acid treatment.
D3	0.00999999999999994	0.009999999999999952	0.009999999999999926	0.010000000000000002	0.00999999999999997	0.010000000000000005	0.009999999999999993	0.009999999999999997	0.010000000000000004	0.010000000000000002	0.01	0.01	0.01	0.009999999999999998	0.010000000000000002	0.01	0.01	0.010000000000000004	0.01	0.01	0.01	0.01	0.01	0.01	0.01	0.01	0.01	0.01	0.01	0.01	0.01	0.01	0.01	0.01	0.010000000000000002	0.010000000000000002	0.01	0.01	0.010000000000000002	0.010000000000000005	0.009999999999999992	0.010000000000000007	0.01	0.009999999999999998	0.010000000000000002	0.009999999999999997	0.01	0.01	0.01	0.01	0.01	0.01	0.010000000000000009	0.009999999999999993	0.00999999999999999	0.009999999999999978	0.009999999999999995	0.0099999999999999	0.009999999999999922	0.009999999999999887	0.010000000000000061	Media control
D4	0.03205249375537413	0.03776176476807379	0.04329098846632393	0.04873010428792869	0.05422873872093454	0.05992398797045844	0.06525456302334426	0.07051607918467012	0.07647863204051757	0.08384050431926918	0.09280079466701174	0.10312810199603156	0.11479687310994482	0.12791250517617286	0.14235530247207326	0.15810270212753436	0.1751162427091295	0.19332234573015925	0.21260998146795665	0.2329708208531515	0.25439897956897173	0.27698857173188435	0.30115365387727855	0.3270392382517473	0.35471718678948494	0.3846692312654837	0.4178147137473376	0.4547921270475924	0.4954370666777592	0.5395475204027526	0.5869577578649574	0.6374533147904542	0.6914588557762941	0.7487332596746327	0.8090464290232051	0.872506995669226	0.9386167690176204	1.0070468230432679	1.077242900741425	1.1491047912384973	1.2229950186164726	1.297708905761907	1.3715782845888518	1.4442676866755069	1.5151688158837169	1.5829470416518387	1.6468083112727072	1.7046621667733983	1.7579546831792143	1.8068519742158045	1.851682034555897	1.892365278494112	1.9270232708542498	1.9588270050700565	1.9904383158959673	2.022504464686934	2.0565317084714856	2.0906504325399315	2.12505086190184	2.1600455616095475	2.1958141488449736	Baseline growth without any supplementation or treatment.
D5	0.032535840581112356	0.03841434408155567	0.04415917260593713	0.04978513357945797	0.05533843898618117	0.0609028626891896	0.06593600355351781	0.07113092104532097	0.07700478272816504	0.08408227793504636	0.09280332913379744	0.10335816107720917	0.11568881248049918	0.12968635757811628	0.14509678578534121	0.1615749254604556	0.17900809540620496	0.1972549025915874	0.21641863745535114	0.23687103461856832	0.258715208997025	0.2819403577457644	0.3067334153315628	0.3335046767600584	0.3625044276012882	0.394439223096849	0.4298125926601639	0.46824891919409756	0.5097636811075328	0.5547177922174702	0.6031553322745078	0.655194432201419	0.7106001346124988	0.7689084090607476	0.8289951460607354	0.8908041809824515	0.9548629120789778	1.0218709339207457	1.0917325957173936	1.162631426995467	1.2333155885509073	1.3037289106833745	1.3754249678528352	1.4477203704521948	1.518376469010585	1.5857997180432426	1.644179025208404	1.6953238825663417	1.7466881791679272	1.796878970242309	1.8476298484157345	1.8899303444148394	1.9207452548490578	1.9460671869812949	1.970102895848174	1.9938663529423393	2.017532067950765	2.0413082527118656	2.06520865760879	2.0891095698932274	2.1129795850229565	Baseline growth without any supplementation or treatment.
D6	0.022853468939408417	0.02814160192714157	0.033457916128204646	0.03883961494224066	0.04431089080303615	0.04987187437165745	0.055635151791735137	0.061375843321328116	0.06739518479193991	0.07387159577722432	0.08104795985447738	0.08902415203029572	0.09802068064001926	0.10839695240977557	0.12038083167903306	0.13400225587848355	0.1492896919309641	0.1658518548286633	0.18339383096883935	0.20225562933155888	0.22262494391219634	0.24434441292515602	0.2674410682027561	0.29207395624209265	0.31850595329753706	0.34697630923578204	0.37785104072270276	0.41152746979693033	0.44819219610685124	0.488295585344214	0.5317216944891024	0.5782101647575925	0.6283843528669724	0.6820736112330358	0.738421814872628	0.7981441302540138	0.8623024096502087	0.9298407120505033	0.9993591363143901	1.0704906215191268	1.1431040881623005	1.2164805456061674	1.2901408403933534	1.3631356561163723	1.4348495148158542	1.504820369574882	1.572755800392917	1.6365478761160215	1.6943833103789316	1.7467368077051948	1.7967195905140083	1.8420024886825235	1.8809826980139486	1.915540565906677	1.94685066687551	1.9764840159030639	2.006458490489474	2.0364597885300997	2.0665227621819926	2.0966556363076245	2.126877227396977	Growth with proline supplementation without formic acid treatment.
D7	0.024389165355219625	0.02882155909843031	0.03326547051224932	0.03770602997345412	0.04215397143254424	0.04673211327684654	0.05203444466601262	0.05767065934462572	0.06356515634452715	0.06970528135357862	0.07642341962736754	0.08421111442310845	0.09314278879205003	0.10314093295546388	0.1142162436993516	0.12650354333824745	0.1400563320168694	0.15480086043373026	0.17048859523311397	0.18694560727087356	0.20408808885211788	0.22177957245605628	0.2400318647911085	0.25882653324504457	0.27818858003174257	0.29813066666763244	0.31867181810678386	0.34015426507187313	0.36249048992063065	0.3856826843100818	0.41014320750622935	0.4359635482019017	0.4630725241986684	0.4913347099919763	0.5209008747387154	0.5533925414747265	0.5876956277565886	0.6208995576385086	0.6532726017689363	0.6855143980492662	0.718000897851839	0.749655766422637	0.7810576531724258	0.8169151350345644	0.8541622382551398	0.8912427904918027	0.9294411449314267	0.9694175982351655	1.0111850609076354	1.0539012311080156	1.097412451079227	1.142588550504011	1.1909614860206368	1.2402881320950194	1.29007645211187	1.3405967697363301	1.3924772295790202	1.4444131082791916	1.4963701502152096	1.5483595774422971	1.6003584765446401	Growth with low aminoadipate supplementation without formic acid treatment.
D8	0.009428618770440976	0.008777529618145373	0.008124944365300611	0.007483804660056969	0.006846006585792182	0.006163339781228079	0.005732144494006655	0.00565445381101982	0.005887110891025925	0.006322654946772926	0.006923282513197364	0.0076630307163990385	0.008420396865305583	0.009014109112151947	0.009404924276525986	0.009688235357338563	0.009931652964961178	0.010213231622172894	0.010602561247911197	0.01106098203969257	0.01156077774566146	0.012096203569261098	0.01264482349562068	0.013141225551526331	0.013569489824595353	0.014001877171233607	0.014516244766493698	0.01515772222035045	0.015811934916507116	0.016390176041051096	0.01698633455521305	0.017685061636491344	0.01843323245523289	0.019147722194204398	0.019775915806391584	0.020356136083953574	0.02095303205121145	0.021581422462237848	0.022178147608479838	0.02270904581567134	0.02320361124171983	0.02359962913317006	0.02387754605322575	0.02413615222046782	0.024487007822203553	0.024931232692291753	0.025383587040455794	0.02580899892047687	0.026265457299647882	0.026851478693726342	0.02753652312321791	0.028157855146113266	0.02864232538670973	0.029030217045682562	0.029473981927618235	0.030014037863395196	0.030597633594530247	0.031171099042372797	0.03174128133761585	0.032312974419149536	0.03288590044722642	Growth with high aminoadipate supplementation and formic acid treatment.
D10	0.017667561856543043	0.019184919315637625	0.0206499999100097	0.02205464837321465	0.023412373443717736	0.024788858442433604	0.025828144898833682	0.02669003079070759	0.02751275040271254	0.028366005837472147	0.029279325638840007	0.03029533105065896	0.031433321493286585	0.032733128076362	0.03426624106687777	0.03598270736442817	0.03786896323858078	0.040068558403521345	0.04270588455297874	0.04576586273322115	0.04913169286363909	0.052647607485577	0.0563226101154609	0.06016296061444499	0.06417357641399796	0.06834270351190856	0.07266313533508753	0.07726072887320456	0.08215810932956186	0.08737346113985109	0.09307183441343812	0.09927175423169168	0.10591365023221593	0.11294353277960599	0.1202006041205664	0.12770123948106035	0.13549843306958642	0.14388803807248876	0.15293285881225432	0.1624324465006092	0.17245336395848168	0.1830375033035738	0.19429388881974358	0.20636470831466214	0.21881490413968777	0.23129634730680199	0.2437541346495425	0.25623516165366494	0.26885454002638415	0.28172188316428715	0.2948230730653503	0.307971528752518	0.3215826550690793	0.33613415668486735	0.3515102632518908	0.3674502066912567	0.3840813987383587	0.4006191433690969	0.4172277049143488	0.4339317467204767	0.45070504229747554	Growth with formic acid treatment without aminoadipate supplementation.
D11	0.01099684241328448	0.010426439213511936	0.009807962958509553	0.009150450055415633	0.008471853999897869	0.007795783708763389	0.007348503175817161	0.0071703366350752955	0.007087262203227414	0.00716232366360987	0.0076476069709317095	0.008432563758654707	0.009168256524932052	0.009703623433380552	0.009954303369850417	0.01	0.01	0.009999999999999998	0.009997041492209764	0.009974939135162819	0.00990668524554265	0.009835078392312485	0.009823523367098326	0.009838556125965202	0.009840966145350018	0.009828576957193443	0.009825894624003389	0.00987790420576645	0.009954386699282627	0.009992288765361977	0.010000000000000004	0.009999999999999997	0.010000000000000002	0.01	0.010000000000000002	0.010000000000000002	0.009999999999999998	0.01	0.01	0.01	0.01	0.01	0.01	0.01	0.010000000000000002	0.009999999999999998	0.010000000000000004	0.01	0.010000000000000004	0.01000000000000001	0.01000000000000003	0.010000000000000002	0.010000000000000002	0.009999999999999997	0.010000000000000004	0.010000000000000024	0.010000000000000002	0.01	0.010000000000000009	0.00999999999999997	0.010000000000000026	Media control
D12	0.011902635135540069	0.012185557376868817	0.01250044293207976	0.01282925540125523	0.013159856231091486	0.013510871225128665	0.014244668430260983	0.015215809408217469	0.016329311966151394	0.017533103603207242	0.018892419017740775	0.020434622392383448	0.02199852856031088	0.023416508779035082	0.02465055074937594	0.025731496300958747	0.02672415622506885	0.027617658268555518	0.028378388751694072	0.028957301394965395	0.02942443204231491	0.02985984518451651	0.03034131937666956	0.030843794154225213	0.031345730670726026	0.031896229567689234	0.032608387539239156	0.033510057033271576	0.03448165122579275	0.035417340679947645	0.03638858879457053	0.03744302756754406	0.03851144598293109	0.03950741280403847	0.04044107738832757	0.04135806716560657	0.04228068292389724	0.04315601632855417	0.04392543298988865	0.04461047491546768	0.04526960655766604	0.04591643570502674	0.04650485810422214	0.047038979835361656	0.047573451295435845	0.04812392938467958	0.04874011278779036	0.049470296355733426	0.050238071167607486	0.050972761275257975	0.05165911690860025	0.052234472152001714	0.05270554266335161	0.053164542758046926	0.05362189563665277	0.05410314574182758	0.05482756344322295	0.05556166083290431	0.056336460471288534	0.05715289536922436	0.05800053579308129	Growth with high aminoadipate supplementation and formic acid treatment.
E1	0.02624556013503333	0.027867402269939022	0.02939322041297568	0.03087878170707894	0.032471076615538934	0.034362011046205725	0.03512950971056327	0.03587607761185471	0.0367845012848997	0.037882425799583265	0.03955946303218187	0.04182411550220906	0.044144285635155454	0.04638273199898478	0.04857679638011783	0.05069014943550934	0.05270847250954491	0.054722138289764626	0.0567418663378521	0.05872703258847924	0.06065930117477774	0.06250073674554724	0.06420253042590254	0.0657293068509154	0.06710113831626441	0.06826442032963485	0.06925876499784116	0.07018963243716152	0.07106916534768137	0.07191146172032802	0.07272786178878918	0.07353191426310292	0.07433232732394926	0.07511115994050492	0.07588468731984391	0.07668695918127852	0.07750003040728638	0.07828029897722505	0.0790618622004249	0.07989362592702105	0.08079988501987817	0.0817690653385566	0.08278485112066684	0.08381335339659016	0.0847860699444363	0.08567404761989161	0.0865038882583955	0.08733168788696478	0.08816955171074317	0.08891849755514716	0.08956699931593391	0.09024435054064942	0.09100109381696563	0.09175164353473066	0.09237488003358989	0.09285302815909802	0.09325594011899395	0.09367419859203743	0.09409314608237015	0.09450821335530352	0.09491770352718254	Growth with high aminoadipate supplementation and formic acid treatment.
E2	0.01	0.009999999999999998	0.009999999999999997	0.01	0.010000000000000002	0.010000000000000002	0.009999999999999998	0.009999999999999997	0.010000000000000004	0.010000000000000002	0.010000000000000002	0.009999999999999998	0.010000000000000002	0.01	0.01	0.01	0.01	0.010000000000000002	0.009978293511722523	0.009732637840113662	0.008827276276561078	0.007599801310901447	0.0064633514071398826	0.00537024847287206	0.004195339450910774	0.0028785681241292626	0.001907336265111702	0.001596124446634343	0.0015034455071099594	0.0014557627530259894	0.0014595068158174429	0.0015045900645004324	0.0014931339860191684	0.0013910430156305025	0.001246417567604436	0.001104198777299161	0.0009386187528179213	0.000719157535576918	0.0006171796954667917	0.0007542785280156908	0.0009303690089638607	0.0010393361031948774	0.001162016519856471	0.0012928460556766211	0.0014515668382327918	0.0017493703126626524	0.002034117687599229	0.002220564828381713	0.0023813375055515744	0.0025636259004576467	0.00274181720263437	0.0028184177931153184	0.0027362274153037423	0.002568687822802385	0.0023881657513563238	0.002230544080397604	0.0020907679478125263	0.0019451261792989584	0.0017941321150256031	0.001648008212099919	0.001517504489283544	Media control
E3	0.0185683524674985	0.021334856823395764	0.02396572759457964	0.026511754986070016	0.0290766191081341	0.031790573162189015	0.03400217894675385	0.03610605270480613	0.03872411771503686	0.04221247933889544	0.04636601880271191	0.050833153354338446	0.05530863187313337	0.05986166905080117	0.06461579935902895	0.0693639550533629	0.07409692386394329	0.07913170136659323	0.08476880062784863	0.09092378300804271	0.0973398118393916	0.10381724852132096	0.1103518287771273	0.11699218737838145	0.12370690192776804	0.13041100189338573	0.13719448732498438	0.1443387106664182	0.15187420630573856	0.15955599125695902	0.16731343341139204	0.1751309852566387	0.18318742462612211	0.19192087520872486	0.20157869583684118	0.212252038380588	0.22338848307382714	0.23420865678230332	0.244686037390091	0.25483372752722094	0.26435177619841854	0.27305734416245814	0.28142505308225224	0.29021220222317556	0.2996365376923999	0.30952785958803586	0.32009366787512816	0.33153792217394756	0.3435957648891947	0.3558356708689554	0.36836407067353494	0.3817204461953158	0.3963838220519221	0.41173035097142247	0.42699851785585263	0.4422099919018428	0.4569753896212956	0.4717299723808489	0.4863886568077412	0.5009340876547106	0.5153672062846226	Growth with high aminoadipate supplementation without formic acid treatment.
E4	0.010503201968530934	0.010494807014575402	0.01047997047313174	0.010481685642200731	0.01051995528750646	0.010561622193669032	0.010459862768272729	0.010490783484573411	0.010785532567301859	0.011320441632474745	0.01205759312342534	0.012939417965013154	0.013965252370133992	0.015193742686698139	0.01662190390001408	0.01809802160493306	0.019516269645038956	0.020889966233833917	0.022241882216937296	0.023568575475245525	0.024817777377789372	0.025923665651244574	0.02688756678511848	0.027753243192729447	0.028610778973301457	0.029414420992375137	0.030140375915932095	0.03084418554771792	0.031567914913410156	0.032342459219040214	0.033122184877538714	0.03388215727538071	0.03465352870977439	0.035557656366508456	0.036675726410086845	0.03793299699208149	0.039163739560437755	0.04030774957901953	0.04144894730040329	0.04264617914583129	0.043821005122079176	0.04502664942034762	0.046427350855203824	0.048045005045573554	0.049842190923166434	0.05179383645467656	0.05395464611226535	0.05623895153228324	0.05858669489499218	0.060994379090991695	0.06346548116934872	0.06598579166771866	0.06852930140917257	0.07104034792201688	0.07348503636985827	0.07589268303024495	0.07828537264144761	0.08067393405559789	0.08305367336414578	0.08543857513367308	0.08784113602369806	Growth with formic acid treatment without aminoadipate supplementation.
E6	0.038748420895615705	0.042782089671013636	0.04699829699673861	0.05133686537939912	0.055700212474073696	0.059998597946860965	0.06533752978131922	0.0713451842852219	0.077737123314782	0.08446861347004933	0.09199659359794034	0.10064788556816068	0.11061407438339567	0.12235962845906072	0.13584995090031907	0.15071333869671935	0.16672404390395457	0.1838096614328517	0.2019971563564778	0.2215138784086185	0.24253105936979652	0.264910607199599	0.2889035951519197	0.3149333755166237	0.34313788791662414	0.3738594104029112	0.40733356074164834	0.44367931929192833	0.4829397423876951	0.5252787470994723	0.570873864992452	0.6194444238983049	0.6710794952165101	0.7258578522534352	0.7834390238932721	0.8439076536637901	0.906850107939583	0.972294203853129	1.0408236783098477	1.1124142906659378	1.1868870945185956	1.2630481686715735	1.3387178539659141	1.4130929508643657	1.485762355660687	1.5564689496722868	1.6249092267445533	1.690222669505043	1.7503604748082302	1.804509799237997	1.8533189312105631	1.8951003276984615	1.9334050875051874	1.9700815471079418	2.003194182538315	2.0284700258777817	2.050405895466877	2.0725219237199823	2.0945873213510398	2.1167406419321226	2.1391501438817047	Baseline growth without any supplementation or treatment.
E7	0.024858923761698633	0.02776420390693971	0.030715230274143544	0.033667046103119304	0.03658608273243913	0.03950991545803456	0.042817044711301114	0.04651265427577099	0.05033702779498208	0.05406219284916574	0.05761579284312806	0.06112325998829393	0.0646382789728649	0.06806330232123955	0.07139851171318788	0.0747488923578343	0.07817586973204146	0.08173367016978472	0.08544311909815952	0.08936252721481575	0.09335063539811349	0.09719162925642665	0.10087268667045743	0.10443724244984255	0.10800837119871587	0.11164184044847976	0.11533793534523433	0.1191735906677224	0.1231583045697796	0.1273192600324161	0.13158229575904476	0.13574572123319878	0.1397125619255504	0.14342778214010157	0.14696156423235124	0.1504878688376674	0.1540226462884837	0.15764436673089652	0.1615188978176007	0.1656645254109936	0.17001834929565632	0.17429733499678945	0.17834662896789547	0.18235082057658752	0.18638613537712168	0.19039823273896353	0.19439117105675352	0.1984144789402318	0.20261350730497327	0.20712852008550223	0.2118775949092246	0.2166480461961315	0.22142480945858936	0.2262517057940887	0.23124655084042822	0.23643102253589696	0.24181655886719342	0.24718649058320397	0.25254791061388565	0.25792366769401653	0.2633294071152953	Growth with low aminoadipate supplementation and formic acid treatment.
E8	0.015525674291647786	0.01795788141107036	0.020400187082208206	0.022832879803289574	0.025270891687497844	0.027795739156816386	0.030744754091738203	0.03401267186255907	0.03750106228444359	0.041122820466015335	0.044878323216508254	0.04884298303611558	0.052916402320845185	0.056863504217050366	0.060613659037070215	0.06430506126377139	0.0680571119000931	0.07189750416199853	0.07585665198223306	0.08017417737752487	0.08502267596387932	0.09036090176850792	0.09622065796313163	0.10257413788947312	0.10941365421200362	0.11675842573982798	0.12466387395825838	0.1331693591023751	0.14203126875606809	0.15114639003826852	0.160598674480266	0.17038110532117992	0.18048828974548353	0.19077677251131234	0.20092524361777622	0.21089129160272954	0.22108039072588373	0.2318081208825495	0.24290545003231218	0.2541179905140421	0.2655561708317262	0.2773601926183068	0.2898330946460898	0.3031198657191464	0.316924666329174	0.3309811832367254	0.3453716628401831	0.3601671634016857	0.3754328460193136	0.39143529798210275	0.4082580702791719	0.4256377125233007	0.44374618887051104	0.4626906573840605	0.48233162861103607	0.5027476354905368	0.5246320976264742	0.5465485133934824	0.5685214933286926	0.590597657597711	0.6128024305053441	Growth with formic acid treatment without aminoadipate supplementation.
E9	0.023957120796408837	0.025753620541725756	0.027530909734439047	0.02927431043722531	0.030991431935045975	0.032726033534853455	0.03460804996519064	0.03671583246425195	0.03886642155916153	0.040954938548945885	0.04299420375247886	0.04512104799312964	0.047347297428060375	0.04922347026582451	0.05065617707041007	0.051922846336413656	0.053044866007200805	0.05409107311533657	0.055113240011749866	0.0561128796573634	0.057128249807157076	0.05818976375614386	0.05933660144018506	0.060504139301090845	0.06170250565900605	0.06299930372497303	0.06442926400515445	0.06599070439990253	0.06749523523228203	0.06885743849670459	0.0701846528663743	0.07153994262619356	0.07286065026732656	0.07395892159232706	0.07481343933422396	0.07556912974991696	0.07640844059180578	0.07740963998964093	0.07848347290806244	0.07958290319164402	0.08068370134047717	0.08173451284051926	0.08268255638450894	0.08345605967989964	0.08413552591720617	0.08475633231127162	0.08537229213540869	0.08607911316050887	0.08691900893445975	0.08793806285453988	0.0890389902546556	0.09007947620142037	0.0910362084850496	0.09192569408108395	0.0928088575864444	0.09374759599330204	0.09483425310753085	0.09592380942044751	0.0970196168629449	0.09812436022967155	0.09923882123887152	Growth with high aminoadipate supplementation and formic acid treatment.
E10	0.03807755066941864	0.04219038090542621	0.04620098280928329	0.0501623158846989	0.054141232319913586	0.05816895072263291	0.06215333313425868	0.06638901178106814	0.07116743749757785	0.07679425750395266	0.08352465099119312	0.09145139196777587	0.10035388493401837	0.11011814053802174	0.12108835216866574	0.13376519932199638	0.14797443389993822	0.16328056473328004	0.17930952185137422	0.1962534485410583	0.21435011567857898	0.2333815438111859	0.2532142425966495	0.2742445225423635	0.29716660645706433	0.32250322543431936	0.35021221031912797	0.3800085624044809	0.41178458904611437	0.4463229063207463	0.48432501109175286	0.5255704510918733	0.5695998545031895	0.6167454287269929	0.6676984813281361	0.7227275376980563	0.7815842676692407	0.8435038604826932	0.9083245113802649	0.9759249294352588	1.0453096753998699	1.1153669081720443	1.185379364872653	1.254834892803887	1.3238909812280217	1.3915321892357493	1.4564169544636347	1.5182619084202562	1.577619278910471	1.6338005851331052	1.6853146003257664	1.7325390551789517	1.7777911107738353	1.8201737685016501	1.8583574737208572	1.8915247434502136	1.9227885544749768	1.9544577262381564	1.9861470177690266	2.0177055811272897	2.049156587725906	Growth with proline supplementation without formic acid treatment.
E11	0.040122890815858916	0.04233420674181719	0.044721845630204614	0.04718151607918764	0.04962583568588999	0.05213597464710433	0.056448029740052134	0.06187428981449996	0.06774640697385152	0.0739580803888709	0.08119703224294114	0.08982534415581797	0.09969694954672123	0.11063787512060373	0.12254200565394147	0.1355727369904319	0.14984332086841803	0.16541985856802635	0.18196965999510858	0.19962032239779978	0.21849878213159007	0.23798837210084775	0.25761732263789794	0.2773561789416605	0.2970235531412488	0.316538286115195	0.3363045547849856	0.3570107962473215	0.37885022923723394	0.4021705814562864	0.4274197890512702	0.45476432768565755	0.48437742928493616	0.5162255685146981	0.5501989958539528	0.5861997669306225	0.6237191803457677	0.6621466197703827	0.7010712086613923	0.7405524013748603	0.7812385852933194	0.8229274521978638	0.8656368480457765	0.909229211652002	0.9545338118793353	1.0025272829362277	1.0531734704825881	1.106095627782286	1.160583915366276	1.2155728841323394	1.270976549298179	1.3271669450400663	1.3831499734965338	1.4372566944582987	1.4898454998110808	1.5415159900027946	1.5929586134576894	1.644282842778401	1.6955773376935401	1.746968347747352	1.798539105649116	Growth with low aminoadipate supplementation without formic acid treatment.
E12	0.003913094445536348	0.005107757073123021	0.006223165047660063	0.007298270562594074	0.008386269413383222	0.00951706672398038	0.009930007326601062	0.01	0.010000000000000002	0.00996871199528626	0.009778114192021898	0.009333733985042813	0.008776202243198989	0.008186593344475539	0.007386851546229531	0.006355770505117313	0.00528305775158132	0.004418529563585975	0.004118091288463935	0.004384667999213801	0.004815977747914582	0.005470141444621158	0.0065412472938735575	0.007778277406821756	0.008916303550870834	0.009624537543898241	0.009558054332183158	0.008810406507182381	0.007731484181141778	0.0065424092767539304	0.005364193136468314	0.00420717827103667	0.003109559489581772	0.0022372383718316036	0.0017652475853975056	0.0016349193893268046	0.0016927101902943224	0.0019025917721902119	0.0021521898024585598	0.0023273904951087903	0.0024160830392529558	0.0024493521518524964	0.002389307991179301	0.0022392748471039663	0.002126366171384869	0.0020501957584982745	0.0020214792237959606	0.002071287338665189	0.0021371734737237525	0.002148858353940826	0.002074705892985792	0.0019353008809358163	0.0017388148360297706	0.0014949432049041703	0.0012636855108281687	0.0010948112756769778	0.001013506310713175	0.0009326403981519178	0.0008548667899246788	0.0007759260729455151	0.0006898572956223867	Media control
F1	0.03184388378768943	0.03280159872428967	0.03364523894039238	0.034445446530931116	0.035343057963680945	0.036413767429789294	0.036512493584535524	0.03692909489490548	0.03788583565551891	0.03930481988620432	0.04133967714490238	0.04400023409775158	0.04686085559920571	0.04970870805874086	0.05255671448813713	0.05541340421602162	0.058227213633047635	0.061010251039989444	0.06381076766942259	0.0667254146201418	0.06978002662912662	0.07285937090935679	0.07590034250827267	0.07889144819927667	0.08183751059013726	0.08465823698041593	0.08733253743482898	0.08993542853611225	0.09246712728185473	0.09496149082063543	0.09740049697877186	0.09982731050614183	0.10233833656160078	0.10488119706833386	0.10737545916726218	0.10990140761495114	0.11259978276438781	0.11552951743660178	0.11868494606834244	0.12203280304012697	0.12553767386726358	0.12920282600875288	0.13297033011561424	0.13686500349911734	0.14086272006815354	0.14485573362126963	0.14894557962961386	0.15316290299610033	0.15751228671534473	0.1619164016848666	0.1661513607467317	0.1701249425453575	0.17406172374885745	0.17814490427605387	0.1823287674951857	0.18646009057990226	0.19074046060632108	0.19504073818267387	0.19938286645379744	0.20376044107978708	0.2081533402228508	Growth with low aminoadipate supplementation and formic acid treatment.
F2	0.03156832206151388	0.03274441338357984	0.03393786902443691	0.03517382574082216	0.03649456951606096	0.037945950808095236	0.040288742356623705	0.04310883465382065	0.04665266829190863	0.05103619325330334	0.05628551290696393	0.06222400831218	0.0683620672933598	0.07453189762614702	0.080730451030197	0.0868602939337738	0.09260220638455413	0.09792968079190069	0.10317617981191494	0.10863389994148549	0.11433335782642015	0.12004208362276979	0.1257800484597955	0.13178561286939527	0.13824255562127988	0.14502153331763093	0.15188308677036363	0.15901610702533306	0.16659690586583906	0.17470314164176817	0.18331000009515058	0.1922831223546308	0.20148716019978427	0.2106449980920721	0.21957351768798838	0.22835057147682952	0.23727574305412746	0.24651281033546305	0.2558871126318918	0.265450316266938	0.2756148708397197	0.28629569111277536	0.2973780037677719	0.30879855497849584	0.32041847983994476	0.3320186995407143	0.343652444644892	0.35533598565898006	0.3672254411031965	0.37936919617169035	0.3915704104168262	0.403472521777022	0.41550642884911054	0.4280788257010436	0.4411335603661088	0.45428346736167535	0.46770071256963885	0.48107719815250305	0.49453946752719424	0.5081058485876013	0.521746107499304	Growth with high aminoadipate supplementation without formic acid treatment.
F3	0.004377715759224716	0.005134679325844347	0.00589163223009977	0.006610047592879298	0.00724786067113995	0.007782442756578086	0.008858142669071407	0.009684185636704893	0.00995900697788171	0.00999750633827564	0.009999999999999998	0.01	0.01	0.009842557516908724	0.009050293688446377	0.007891578874519979	0.006940804631246597	0.00630576503414876	0.005690556923061945	0.004854357552198196	0.00455264084919322	0.005408948671389099	0.006532713948241203	0.0076090380015551	0.008561680026128891	0.009300178450141309	0.009801088656540375	0.010077543282736677	0.010205775255926218	0.010320129302432006	0.010460655238826515	0.010622186740656509	0.010780680681070628	0.010924496829146785	0.010995616621570949	0.010942496371603168	0.010826128624871053	0.010745108563292464	0.010736960955472975	0.01082829541501874	0.011020330691959663	0.011278812569474406	0.011600780202117182	0.012018922247988721	0.012501302106685624	0.012999685206386823	0.013502973973393876	0.014041199062855158	0.014718109189468696	0.015612543167344218	0.016601762281757425	0.0174138615377401	0.018000352113379345	0.018509133090023708	0.019021223126647942	0.019477175884211443	0.0198083718503285	0.020118139050134518	0.020431497041677814	0.020759195467939893	0.021101243250735147	Growth with proline supplementation and formic acid treatment.
F4	0.009999999999999998	0.010000000000000004	0.01	0.010000000000000002	0.010000000000000002	0.010000000000000004	0.010000000000000002	0.01	0.009999999999999998	0.010000000000000002	0.010000000000000002	0.01	0.01	0.009999999999999998	0.010000000000000002	0.01	0.01	0.010000000000000004	0.01	0.01	0.01	0.01	0.01	0.01	0.01	0.01	0.01	0.01	0.01	0.01	0.01	0.01	0.01	0.01	0.010000000000000002	0.010000000000000002	0.01	0.01	0.010000000000000002	0.010000000000000005	0.009999999999999992	0.010000000000000007	0.01	0.009999999999999998	0.010000000000000002	0.009999999999999997	0.01	0.01	0.01	0.01	0.01	0.01	0.010000000000000009	0.009999999999999993	0.00999999999999999	0.009999999999999978	0.009999999999999995	0.0099999999999999	0.009999999999999922	0.009999999999999887	0.010000000000000061	Media control
F5	0.009144119331197988	0.015428314382521652	0.021795730466357903	0.028174440457095738	0.034539595880639914	0.040997489890624954	0.046982593158481994	0.05269426612200413	0.05836737545604798	0.06405531246865624	0.06962621860789771	0.07551407654899331	0.0824443403365078	0.09081780419153453	0.10079481395946545	0.11203687075608246	0.12424591595512333	0.1374879163945362	0.15162103959077688	0.16671727228183542	0.182865350160629	0.1999214983515493	0.21751750912832093	0.2352884986846499	0.2532126908410117	0.27150353135338123	0.2903574280000509	0.3098869106637087	0.3299289848525119	0.35067523737152706	0.3725026196581254	0.39552020820814415	0.41974904967204885	0.4450284707917117	0.4712567243909559	0.49868481710949847	0.5273340775668762	0.5573046675364748	0.588534411905965	0.6207764971913041	0.6538711866628624	0.6876915623907911	0.7229467498433966	0.7591179444154412	0.7954002059238134	0.8318787180469445	0.8684977203297227	0.9057451458325899	0.9437686663580732	0.9829194714104251	1.0241187824550442	1.0671084277125338	1.1113193973422806	1.1568786316402648	1.2038526519397164	1.2518604046539887	1.3002824888646736	1.3485876436550808	1.3970275401842434	1.4456821663668842	1.4944858124168126	Growth with low aminoadipate supplementation without formic acid treatment.
F6	0.01789436131068129	0.01897686434791351	0.020052076420035213	0.021113865991235572	0.022180496698280372	0.023306539807604047	0.024437652680770052	0.025456667270751045	0.026353798960289603	0.02716659908747307	0.02792841029493399	0.028732514313951775	0.029654601612337912	0.03068800928099855	0.03184555779796129	0.033122291227911486	0.034554069212289894	0.03608535653443443	0.03761366712700189	0.039317219532721145	0.041345461166705066	0.04356682058840105	0.045872905005880586	0.04816784658734564	0.050540540434625456	0.052960124961146486	0.05517770902009692	0.05699260511018494	0.05852570045685354	0.0599837866662726	0.06147132244954072	0.06300639511027402	0.06454100726321672	0.0660563963731917	0.0676799378429122	0.0694874634753508	0.07150066826459164	0.07371895791308988	0.0760868367066335	0.07864020843213597	0.0815967416690369	0.08492627891666917	0.08846047306757052	0.09215298249491244	0.09596998422377784	0.09992180295439733	0.10418198614425703	0.10878589073394462	0.11358569431547137	0.11859054397549387	0.12384639130159344	0.12927513084565684	0.13483021973217332	0.14037887170082333	0.1459398197785038	0.15151325401360297	0.15708583334233123	0.16263110488270954	0.16816638006309353	0.17370485119308707	0.17924668547671846	Growth with formic acid treatment without aminoadipate supplementation.
F7	0.026231811081361547	0.030461321065753014	0.03464232100076375	0.038806111736870756	0.04300071236277109	0.04728057568974445	0.05193988682945048	0.057090492725398075	0.06299103529751929	0.06980144830841481	0.0778285500911937	0.0873759075185709	0.09818276507060748	0.10991468783740124	0.1224483442716586	0.13590171300238524	0.15036348036968344	0.16572367844604938	0.1818622651956642	0.1988961573290521	0.21722013551590905	0.23710418311694664	0.2588104258733411	0.2824617278023041	0.3080295322539591	0.3358382768348089	0.36579582938356137	0.3976094094462198	0.43143125673914356	0.4682248555194446	0.5088842176505688	0.5526906259414012	0.5990640550470213	0.647792878600713	0.6989317371882514	0.7547141423786097	0.8159646712895603	0.8812549500549732	0.9491976425773826	1.019035604381058	1.0907414409190244	1.1647443814372949	1.2397405040493172	1.3128470496736746	1.3845493761723249	1.4540994034620371	1.520500852841704	1.58483406739079	1.6473002334338653	1.7052141530104643	1.757088073781793	1.8077593544444737	1.8566608127247697	1.9008694913264035	1.9384213458005413	1.972095761803345	2.0038028270732764	2.03542066123683	2.0669069293638183	2.098330897380865	2.1297331139847024	Baseline growth without any supplementation or treatment.
F8	0.013468453887249779	0.012977461755803131	0.01254240660751217	0.012128906810023212	0.01168898051856266	0.011204585051021322	0.011510763830093057	0.012379066893565459	0.01344010113802474	0.014557027072021706	0.015844124453913304	0.01737911276536025	0.019080419344777774	0.02080076315347794	0.02244579789057335	0.024078695211623657	0.025774221086399304	0.027433551617456184	0.02895402582899738	0.03037029983735419	0.03177330293716591	0.033196273504003115	0.03470288340666339	0.03627145220174079	0.03791771763978275	0.03970099281143466	0.04164063505204127	0.04367994192271938	0.04565426721751051	0.047522113654240014	0.04937066688927694	0.05127927161710966	0.05328941020756999	0.05537768688376786	0.05748354826371097	0.05967861720094562	0.06201460136544824	0.06443603327440281	0.06677044704810035	0.06893386526932226	0.07095856389433666	0.07284598120143497	0.07473801928745442	0.07674914000285724	0.07878795702431608	0.08080949680398618	0.08289749360603496	0.08505221172713531	0.08721748728342532	0.08930775684091194	0.09126641694573367	0.09324531737608237	0.09539068404719452	0.0976533224980593	0.10001994128472813	0.10246694306078605	0.10497111758644756	0.10747066839861885	0.1099675130302617	0.1124578227461214	0.11493370851730485	Growth with low aminoadipate supplementation and formic acid treatment.
F9	0.009065641563207544	0.008908887144228418	0.008788024370567395	0.008712181160053565	0.008678783437892064	0.008648343758747816	0.008532307192651394	0.008191733475183243	0.00794611945357385	0.007803014497875499	0.007327332182387188	0.006462916827069432	0.00549038934929678	0.004681790901591276	0.004180876210361803	0.003874121408694328	0.0036942165909461884	0.0039991305635987354	0.0048610456423529656	0.0059347963559691665	0.00691453044058099	0.007577520725371033	0.007753583530392999	0.007363604598641588	0.006627210367426744	0.005952911542794018	0.005286966503437205	0.004455281353933445	0.003596034950190889	0.0030933097901802127	0.003022722319356993	0.0028762960984496577	0.0024343193663395836	0.0019978682309578157	0.0019880986898023313	0.0023910328277406893	0.002756948230070677	0.0028588272324639313	0.002842333741043605	0.002820418413260938	0.0027842190783933522	0.0026198155976072494	0.002192913454104828	0.0017502172234511314	0.0015464519461250426	0.0014803319171791487	0.0014576655145453004	0.001482701586101931	0.0015466957421508703	0.0016347009703028311	0.0017914916036517144	0.002096582126278366	0.0025204854628081666	0.002995506404194703	0.00347882178775657	0.003985201756697669	0.004526052644292431	0.005071065581745949	0.0056068149990850455	0.0061332064088203495	0.006653087718141604	Media control
F10	0.014747864599537829	0.014390267270567527	0.014077456353181906	0.013792163151305733	0.013519416085727813	0.01328641904178135	0.013691731873743718	0.014519595590892827	0.015512133881087268	0.01660160051304093	0.017913876582361158	0.01947655519312492	0.02119057448979398	0.022791437503969593	0.02419261648578923	0.025434159987365167	0.026543629580411204	0.027498264786093338	0.028153918944635665	0.028494032632918682	0.02874161077059854	0.029090255457865418	0.029561096331813096	0.03004768947719693	0.03050984182777662	0.031022395335298963	0.0317018871980698	0.03254927152840345	0.0333766323729639	0.03415383522161887	0.03498589854797398	0.03595834877332772	0.03700338226656216	0.03796237190587395	0.03876664976985575	0.039457560791672314	0.040175154809772864	0.040968278152750226	0.04176531503934481	0.04259863748413499	0.04351207537242572	0.044453068706016785	0.045334141050418185	0.04608527069437442	0.04674767691602304	0.04734699723649978	0.047905438506102634	0.04845649762790292	0.049064754094110576	0.049769415982392276	0.05046651115851577	0.05104172532454645	0.05151327122321533	0.051952666587278526	0.05247599703019516	0.053102632038086475	0.053887294281489355	0.05466413458180382	0.055459362045792875	0.056284165173355966	0.05713751563534848	Growth with high aminoadipate supplementation and formic acid treatment.
G1	0.009535288343149173	0.014050461673354732	0.018486822882374906	0.022826301709000567	0.026989292374485847	0.030693707774764434	0.03135432244131139	0.03167836349333667	0.032121332591009216	0.03174174994592093	0.030487351620461192	0.02901301572796	0.027196332909518766	0.025777233895593072	0.02478460713778422	0.024121380142277337	0.024010252310983478	0.023917084123983547	0.023486789089388248	0.0228418812789246	0.022097578186968187	0.021316588022176276	0.02061381905200256	0.020079885391599966	0.019775048004715644	0.019671775877405335	0.019715227999499662	0.01979043261738641	0.019829333174679144	0.019744849439355273	0.019501727428954826	0.019162881267831895	0.018794146554185247	0.018420796361634795	0.018060842758612406	0.01768738127074402	0.017336964305731048	0.017051337338502826	0.01677145122914387	0.016423960562975314	0.016021061261100672	0.015527289616558944	0.014916101948190066	0.014198658709991934	0.01346547012499121	0.012806117134035797	0.012282169664931081	0.011931750673017634	0.011760080039944061	0.011746351029583766	0.011846801947077283	0.011951788594795308	0.011965100012183011	0.011836214226755033	0.011581775930970666	0.01128914888393779	0.011084148960814213	0.01087276282254915	0.010663362371333817	0.010472684220342409	0.01031757761185834	Media control
G2	0.0391120776117541	0.04349590744159795	0.047873040635846194	0.052228997805350307	0.0566063883447912	0.06113052122971791	0.06675377905798249	0.07329942561880735	0.08059395375162075	0.08888359577211942	0.09866095646662067	0.10994064321583633	0.12249816874609998	0.13637604501115336	0.15157339349660473	0.16798895897541782	0.1856527267791733	0.20455797993902267	0.22465501619481373	0.24608573478207618	0.2689878254324307	0.29326477407659346	0.3190973608953777	0.3468493786804755	0.37682358351608736	0.4090025157047437	0.44362319896832625	0.4817349114047997	0.5228693325476357	0.5668197928357183	0.6140147516011316	0.6642640238446836	0.7184114106662667	0.7764947577373488	0.8378819641918139	0.9029999303293943	0.9709699680073928	1.0417492649614561	1.1148796572793718	1.1890662094817708	1.2639434600347255	1.3382465825642325	1.4102528444641993	1.48025081856849	1.5489098806001835	1.6152783414985552	1.6779849567468643	1.7370625675609992	1.7927112292246745	1.8447245253739444	1.89400039150438	1.9405990156646529	1.9834201332428396	2.0216183067732323	2.057322765503349	2.0902702170008927	2.1170453589291927	2.143513031587725	2.169619028923	2.1952819347023875	2.2205340454372653	Baseline growth without any supplementation or treatment.
G3	0.009737093159800527	0.009991839575668076	0.010228332021332734	0.010453102612045123	0.010695857078689145	0.01098388649573673	0.011491237441198609	0.01236336648375678	0.013519047094347007	0.015019138017200461	0.016841477375127843	0.01874859438833541	0.02079741992005208	0.022914795342592494	0.024887689810327428	0.026674243974307416	0.028284472780467095	0.029866913619492483	0.03149929077427824	0.03315771409797726	0.034795149380483385	0.03638502391920738	0.03796346631665694	0.03950622409040859	0.040981090187795596	0.04230442566932014	0.043467140417277075	0.04458541040008853	0.045703404085592446	0.04688224968594294	0.048124220209749706	0.04941524068811151	0.05076010055010873	0.05209962780764842	0.053441521234302125	0.0548644779005881	0.05634181547585018	0.057834044132820665	0.05937660625718718	0.0610414703794317	0.062854626538328	0.06481786668887177	0.06686131288387975	0.06889311219852158	0.07087631832559167	0.07282890877254938	0.07479372555447628	0.07676150276762467	0.07876894669715512	0.08076653000508296	0.08267135786884292	0.08453943512180018	0.08647169119707514	0.08853114579083725	0.09067858666847822	0.09280076333459474	0.09491734336415994	0.09702891613202606	0.09917019194642668	0.1013337666158307	0.10349944140195017	Growth with low aminoadipate supplementation and formic acid treatment.
G4	0.012532350139794906	0.011706530346404837	0.010936409255066821	0.010178508765969926	0.00941854107108609	0.008745212186890979	0.008955815280739026	0.009856721630244718	0.011286963428171542	0.013190221170478422	0.015580363645945183	0.018406002472842367	0.021566754387729082	0.024930410249032482	0.028344045545316627	0.03164106005992501	0.0348269572864114	0.038105894054595774	0.04164028493944548	0.04543075119306042	0.04932626046349889	0.05317459932038653	0.05712798061965001	0.06125673616671548	0.06554949315963024	0.06994470875133312	0.07440968826526513	0.07916843405691805	0.084270581005311	0.08967840623043508	0.0954412593102015	0.101526207320631	0.10799994581874933	0.11490300494363725	0.12214757152171457	0.12981961228629912	0.1377875057807053	0.14609161321992922	0.15471244122006098	0.1635921052923799	0.17281016278616254	0.1823601191053131	0.19244414818067476	0.2032046321886652	0.21434374979513948	0.22574934576325714	0.2375056217879995	0.2497260415951838	0.26227908002808153	0.27521112505286116	0.2886147790250127	0.30250100198035285	0.3167724095322376	0.3313364192185446	0.3463355857318278	0.3617941086540772	0.3776318769381803	0.39334925346842564	0.4090674423030889	0.42483204329999236	0.4406431052369475	Growth with proline supplementation and formic acid treatment.
G6	0.025758897001512893	0.03136803052171723	0.03702774898486363	0.042695781781842496	0.04838323156070864	0.054242567513642606	0.06062048438042151	0.06741674920219735	0.07475221087314257	0.08266703239183056	0.09107356844790337	0.10012030350819771	0.10999371138025614	0.12072759195919111	0.13228607447158422	0.14468623090223062	0.15787787988646435	0.17177889120381457	0.18649986766822702	0.202349866952534	0.21921742930188146	0.2368823253347373	0.255210370653677	0.27417155027833157	0.2938578280267249	0.3144377642530125	0.3362033441238232	0.35934003350418053	0.3837857351759215	0.4094115753697032	0.435905414574653	0.4631834214965066	0.4917055243225747	0.5216745992724858	0.5529473195985941	0.5852850668435631	0.618592458947891	0.6528730177627071	0.6881522455029097	0.7245399175830594	0.7617753835729838	0.7996550612270161	0.8388843764042915	0.8801492947016091	0.9231355831682571	0.9671956361604407	1.0122301126403195	1.0585680635696815	1.105912919747749	1.1542724895200562	1.2033248811755826	1.2531491842386024	1.3045978479339613	1.3580534438136223	1.4129110571885115	1.4682415525963217	1.5240871463499024	1.579942058413622	1.6359572206073607	1.6920935007337636	1.7482675791828362	Growth with low aminoadipate supplementation without formic acid treatment.
G7	0.01879235694682641	0.020186175197509124	0.02158134053011049	0.022969918151150324	0.02436022850617224	0.025783657923107266	0.027381225651584302	0.028993853805162957	0.030539585061825046	0.0320481214092757	0.033517611816621336	0.03505078299329107	0.03665600890735733	0.03820672796505935	0.03967028587989165	0.04108983695324382	0.042480141285184354	0.0438089866405314	0.04500809025193458	0.046130183983273655	0.047228988844771745	0.04828409880709518	0.04933800704019854	0.0503961119661183	0.051492970188046674	0.05261492195707734	0.05369767570298076	0.054726030722433074	0.05569015418205479	0.05665743403757813	0.0576436139504833	0.058608925853029833	0.05949966719409247	0.060244473460692775	0.06089379083407571	0.061567725255551195	0.06233593348198922	0.06321982730130343	0.06422514034357915	0.06530823280739424	0.06638490702262448	0.06743274391304133	0.0683916489189355	0.06924360058491932	0.07004717789060677	0.07077813584728831	0.0714861405678891	0.0722477498270955	0.0730952028011523	0.07405543451556054	0.07498819045686855	0.0757452724612155	0.07633590873492249	0.0769298973049781	0.07763484965707057	0.0784013065487432	0.0792398465787945	0.08006976085643613	0.08092265829565543	0.08179732248537971	0.08268461252695081	Growth with high aminoadipate supplementation and formic acid treatment.
G8	0.007636649813051396	0.007657833597375888	0.007733282192945881	0.007817524049533632	0.00787226023650075	0.007918938090610927	0.008508457173410729	0.009525067198591369	0.010647273717682168	0.011694083833037175	0.012735341370317062	0.013963688725647435	0.015429065951143753	0.01693632858749751	0.018231787276006203	0.019312034133200245	0.02030903587097208	0.021260773734779876	0.0220605219706299	0.022711479202607795	0.02337383378985175	0.024163328337662878	0.02514012039859423	0.026231239151422676	0.027448223392937354	0.0288523464712846	0.0304307801167673	0.032113526943929264	0.03374188146353176	0.03534060154404114	0.03707488551385476	0.03898051914213402	0.04092471255288411	0.04270162367255071	0.044310083230405174	0.04592347785347941	0.047902749376926276	0.050367916998491025	0.05297836755321931	0.055563627832915116	0.05835487432797743	0.06144726927493814	0.0648442984458328	0.06826945631722107	0.07172780053273332	0.07528220501141565	0.0789802032766374	0.08284505370529455	0.08689680410441843	0.09121724469881666	0.0957385198514377	0.10027370406614235	0.10505972521909493	0.1101959697560077	0.1156404914557567	0.1213077372041514	0.12738061775137569	0.1334514329755837	0.1395666657511172	0.1457361950635561	0.15195368022506014	Growth with proline supplementation and formic acid treatment.
G9	0.019714876229614344	0.019580683135123223	0.01942248622557803	0.019227015916769157	0.019000059669442584	0.018772359946756252	0.01877673907415051	0.019115604966701324	0.01957285661511103	0.020183707283869253	0.02123902830005335	0.022829312972418102	0.024874223056244378	0.027222055856942814	0.02973574366161423	0.03241150350839375	0.03530453671647668	0.03837472475818041	0.04156600131979549	0.045000995721179736	0.04878363354333079	0.05285321383338548	0.05727871131419514	0.06212686646414073	0.06746182516500132	0.07333670128063131	0.07971239456193926	0.08653543934711883	0.0936336337422696	0.10101080265976517	0.10875132144312379	0.11677755537227662	0.12504409155633106	0.13357430347782567	0.14237467229795414	0.15160865032841028	0.16123836686764823	0.17130442930581352	0.18179274507551893	0.19260216118878198	0.20380238982976198	0.21535636762011204	0.22720133125220449	0.23947811931116264	0.25230843202745	0.2656519997565826	0.27937010848713617	0.2933209053520892	0.30758552543562695	0.32296116916238954	0.3395892016454238	0.35667541616140824	0.37428259095882344	0.39238056455307324	0.4107878970362327	0.4294798714184817	0.4485590357643911	0.46760992536019913	0.4866898660821246	0.5057912365663195	0.5248840207556038	Growth with proline supplementation and formic acid treatment.
G10	0.01	0.01	0.0009599999999999886	0.01	0.01	0.01	0.01	0.01	0.0008399999999999797	0.0007399999999999907	0.01	0.009999999999999731	0.01000000000000008	0.009999999999999957	0.010000000000000056	0.009999999999999978	0.009999999999999988	0.010000000000000007	0.009999999999999998	0.010000000000000004	0.01	0.01	0.01	0.01	0.01	0.01	0.01	0.01	0.01	0.01	0.01	0.01	0.01	0.01	0.010000000000000002	0.010000000000000002	0.01	0.01	0.010000000000000002	0.010000000000000005	0.009999999999999992	0.010000000000000007	0.01	0.009999999999999998	0.010000000000000002	0.009999999999999997	0.01	0.01	0.01	0.01	0.01	0.01	0.010000000000000009	0.009999999999999993	0.00999999999999999	0.009999999999999978	0.009999999999999995	0.0099999999999999	0.009999999999999922	0.009999999999999887	0.010000000000000061	Media control
G11	0.02301188743818885	0.025703928481935864	0.028358413215127262	0.030943742396771397	0.03346494575303815	0.035991231113583856	0.03856525952113411	0.041805416313259736	0.045676688550573386	0.050352960305278374	0.05614708724566772	0.06316749701884351	0.07169306307772477	0.08183207539118437	0.09315310309624204	0.1051769716397229	0.11800325755909888	0.13166719240915598	0.14589048064479157	0.16055586812516623	0.17574785437358048	0.19163572754389058	0.20863030521818993	0.22693127351724582	0.24636695154858332	0.2671762077719433	0.29016771881708764	0.31584202727873584	0.3437522081574391	0.3736724083551678	0.4060228481251349	0.44133487353724166	0.4800506438063956	0.521853568654685	0.565639146254502	0.6119926663653296	0.6629747894874567	0.7179016959320766	0.7750671906316161	0.8335061459129648	0.8930795505155298	0.9538655538666841	1.0179115984722173	1.0858667566442939	1.1542020500643708	1.221833712930557	1.289325659266577	1.3570399880116621	1.4241215813458894	1.488571211064385	1.5492751316796074	1.6064211297670816	1.660183864127895	1.7120831339579525	1.7613860165726534	1.8059931388295742	1.8451664232737024	1.8841111448374437	1.9230778364705303	1.962080885449017	2.0009830650021496	Growth with proline supplementation without formic acid treatment.
G12	0.036629373990322976	0.03720945848058535	0.03775999356437829	0.038299028576629555	0.038813175115271756	0.03922513995609629	0.03976335054519791	0.040644370193283014	0.04175422913252086	0.04298300170111432	0.04444297427095999	0.046234466712920794	0.048206796154776126	0.05005416861978785	0.05170058743858176	0.05325839153157729	0.05486067877135155	0.056488484272871384	0.05796144401848946	0.05921438497663977	0.060411716554506265	0.06171992677642934	0.06320908633082255	0.06479456645938582	0.06634856650942778	0.06783038633020377	0.06936334656460977	0.07099737645957635	0.07262429911899478	0.07413594275153447	0.07547962731930204	0.0766789090050208	0.07785283729025703	0.0789971038363203	0.07995394175583177	0.0805843783177579	0.08092704324373591	0.08107603299228672	0.08119538554042713	0.08137505810887305	0.08159718580049001	0.08171029709553024	0.08166502176314458	0.08159115387446488	0.08172387201942814	0.0820360284485242	0.08233647156769565	0.0825252809807206	0.08278951353887358	0.0833736873305215	0.08415250750511222	0.08479479356139995	0.08527508656283421	0.0857786629807301	0.08656999073591333	0.08785735156156257	0.08993185548303095	0.09200878689361869	0.09411237926559125	0.09628437059038891	0.09855818108936445	Growth with formic acid treatment without aminoadipate supplementation.
H1	0.017869743104766554	0.023527120356782585	0.02916043324600206	0.034842547744501885	0.0406342423054148	0.04656040539787239	0.052776338195886535	0.05887092807945435	0.06525291011547997	0.0719692064892078	0.07915013795589383	0.08670848253039379	0.09430743443064517	0.10222953074685534	0.11120550744853198	0.1216645254694774	0.13368003260717565	0.14713045141548642	0.16201829324449996	0.17852223976817533	0.19683057748037922	0.21668188742092348	0.23770598504947832	0.2598077885322627	0.2832476732767622	0.30820356007970917	0.3347471455711156	0.36340494321817246	0.3944590119946785	0.42797554203382593	0.4640958082254249	0.5033619229111108	0.5462838557562479	0.5925644759925118	0.6417366431894194	0.694864285671314	0.7527589843668672	0.8144084990392958	0.8786636806703589	0.944582054896261	1.0112701898135263	1.0788754307197426	1.1485143059029528	1.2187100620300493	1.2875539072828237	1.355362082766619	1.4219568463683172	1.4875789209297348	1.5521711967265461	1.6131326874706897	1.6676166937739731	1.7185786653967852	1.766032861349794	1.8105277085505171	1.8541889185932514	1.8977696174496872	1.9368992768415136	1.9748609588050363	2.0122887290722953	2.0495119874031844	2.0866417585588155	Baseline growth without any supplementation or treatment.
H2	0.03676457469337682	0.03908963412391628	0.04156156162309751	0.04413743744661311	0.0467774651933285	0.049552184680238295	0.05497231954332322	0.06269078919625452	0.07214019061237237	0.08239356586161192	0.09306742191467542	0.10458463862533851	0.1168907711786142	0.12939552132268542	0.14192882752259486	0.15448107961470636	0.16745466971414796	0.18139816368814074	0.1966497030970247	0.21336655023781637	0.23131699277823112	0.2501397590425826	0.2699689434284851	0.29113181853739467	0.31362080289113686	0.33712629030134333	0.36157113690753	0.3871041892631551	0.41372181197930713	0.4416482565589902	0.4708547339654	0.5012149763712885	0.5330099385214332	0.5663495630443431	0.6010775605807982	0.6377051309314444	0.6762026038418785	0.7157783463157701	0.756068129135089	0.7974961524397728	0.8404993959961106	0.8848059199408951	0.9300045512867745	0.9757877166366756	1.0216332098488672	1.0677509181353955	1.1144636732803597	1.161485195194753	1.2085697278723224	1.2555156869492183	1.302680979743231	1.3508432673577508	1.3993618697170889	1.4476164713118396	1.4958451104286548	1.5439290430210637	1.5908256042863693	1.6371613645142977	1.6833985527018793	1.7296842328868094	1.775970544791992	Growth with low aminoadipate supplementation without formic acid treatment.
H3	0.023707126905956555	0.02291657102544944	0.022124743959900463	0.02134241557399926	0.02057999121796283	0.019842886704502474	0.019576704167216536	0.019655342482759002	0.020012349716972085	0.02064529109972596	0.022006025401078703	0.024180606729370446	0.026453716426035463	0.028619884257727556	0.030684218528431128	0.032609371624870376	0.03436776714662843	0.036021631173420714	0.037633254294399975	0.0392249397070278	0.04078832497672586	0.042267843118562964	0.04366069400809701	0.04494147741486844	0.04611578034693338	0.04717491712919044	0.04813016903924776	0.049012424384142106	0.04983495746858226	0.0506922424020885	0.05162074138282015	0.05259640888081242	0.05356989292263024	0.05446331966670564	0.055298915446146166	0.05618086263971999	0.05708925557711696	0.05787847714936817	0.058483267247176826	0.05900599314394045	0.059565551095562	0.06020293309283997	0.06083444650681023	0.06133248995027751	0.06165344652335882	0.06183863349957573	0.06201497820925296	0.06228385160129631	0.06258363984955423	0.06279150644674467	0.06289295298845356	0.06302452996792349	0.06325584408966102	0.06352898658152932	0.06379800807980167	0.06403962791191166	0.0643068589199455	0.06456196608769095	0.06484004804855573	0.06514377362557772	0.06546469328825881	Growth with high aminoadipate supplementation and formic acid treatment.
H4	0.018574168704020587	0.024516472352499884	0.03060155026776727	0.03675755600033846	0.042914306415950856	0.04905321827322962	0.055233565619105876	0.06145700002938017	0.06753042006112772	0.07334065506600795	0.07933211004444388	0.08594025052138621	0.09335292956277892	0.10151134005922184	0.1107233252403381	0.12107532324701362	0.13238706075571396	0.14451906477512422	0.15741151068884768	0.17121158626280736	0.18601960490538957	0.20180876131093237	0.2186795327026985	0.2363282785608597	0.25455200007287326	0.27338849643164465	0.29283246208934816	0.31295477672298844	0.3337073639240083	0.35506006803452267	0.37716341220217703	0.3999553258984305	0.4234332563629461	0.4475108285957909	0.47209251593387946	0.4979875396217117	0.5257957426932552	0.5551475818838528	0.5858351424356941	0.6179717626559071	0.6517048595007553	0.6873586207262408	0.725041531775649	0.7644032888482442	0.8042695890520072	0.8443363832494984	0.8850299696501714	0.9266000855033917	0.9688994838091196	1.0119185969868476	1.0555440199875037	1.099677579277063	1.145344733988461	1.1934018426807531	1.242769347364814	1.2929148680952307	1.3442162595142726	1.3955886719128119	1.4471243846637492	1.4988978668765631	1.5508678981977209	Growth with low aminoadipate supplementation without formic acid treatment.
H5	0.015742971570171838	0.015850061826280914	0.015941247723888014	0.016014222297711593	0.016089111583628992	0.016225100714904007	0.01691643183849472	0.018073265418716723	0.019523550924392542	0.021319639600812325	0.023608703802091544	0.02629608424191207	0.029208958616797794	0.03203086931275029	0.034629316567712766	0.03705300205562932	0.039435782708576964	0.04189339404739781	0.04441559677281109	0.04697649777165771	0.049547305242239485	0.05209196129830114	0.054652766311192535	0.05721544630912715	0.059822381895970465	0.06243187575364443	0.06499148424683165	0.06754251895691091	0.07013552032795742	0.07282575585662544	0.07556182587512396	0.0782438563760717	0.0808866803215971	0.08353743864232957	0.0863443212310519	0.08937399402895971	0.09252184507657969	0.09578759544474827	0.09920133671554195	0.10274891890550465	0.10644462811232507	0.11021710013088817	0.11399449374662066	0.11775541100365194	0.12142583214983503	0.12497040316156582	0.12854480385927006	0.13228003477824823	0.1361565862987166	0.14012743624210097	0.14413062119346476	0.14823301132207323	0.15265919934433633	0.15742758114059946	0.16247335018811057	0.16762965539366767	0.17296573910715207	0.17827942448788348	0.18361793265802717	0.18899226968015248	0.19439228507651551	Growth with low aminoadipate supplementation and formic acid treatment.
H6	0.01165166284820025	0.01170033095834987	0.0116398908187889	0.01147747305360214	0.011264647882579562	0.011170664444196557	0.010478521808224851	0.009312551973387024	0.008877346299788695	0.009197043432239814	0.009907580356622859	0.0109289959140523	0.011720326705391458	0.012400519697331103	0.013076204035486157	0.013634256152833283	0.013779275495499663	0.01336350285137995	0.012874367206126707	0.012609670113800446	0.012486504375041034	0.012409424390919783	0.01229411216776303	0.012121861863737518	0.01193028479881389	0.01174313249543302	0.011577426283182542	0.011409237149023503	0.011217112934761131	0.011011403835491042	0.010803059783810747	0.010596203550851524	0.010412169154929707	0.010252497482534963	0.010137437950435216	0.010052861355183	0.010065550876790185	0.01015493368645534	0.010257466497504523	0.010315709727921452	0.010300095545131982	0.010205570413615904	0.010046071297738187	0.009791864249496381	0.009462776298165639	0.009123103022562957	0.008924832243358964	0.00892452403590086	0.009093742435255316	0.009340499975661257	0.009548097351224655	0.009639753647719226	0.00955490079606707	0.009257135125402981	0.008818966782799293	0.008338414259119076	0.007990620097789664	0.0076310337412035184	0.007282847916902471	0.006965951317490565	0.006692505112766003	Media control
H7	0.00295449250694584	0.005357668519062013	0.007763393955930347	0.010141347685486461	0.012497665791978179	0.014935383960746569	0.017677751085756102	0.02048071046081338	0.0232039417542085	0.025845218459178625	0.028643397578162078	0.03184260459499645	0.03531964233388978	0.0388531998073654	0.04243301235478618	0.046219738610414805	0.050295189094806486	0.05446884195728406	0.058610093338955005	0.06281379082747204	0.06726112278857253	0.07185633710610363	0.07663542018555458	0.08179717991966307	0.08742418488810631	0.0935143265139279	0.09999603946958635	0.1068542172737003	0.11415287643330857	0.12188226200196241	0.130012019699988	0.1384935959300144	0.14742939373904945	0.15702600536325384	0.1672881392280513	0.1782213456052558	0.18959399264182536	0.20121684176829974	0.2130048871496254	0.22495216325849646	0.2372284371262697	0.24977694134344958	0.26268568297029593	0.2761225980154255	0.2901941933154762	0.3049139212270099	0.32031921583270295	0.33639672197758513	0.35300276514304485	0.3704280933209828	0.389451401918313	0.4102823944148128	0.4324981408656497	0.4556617466096775	0.479900600056739	0.5052894218499372	0.5318569498361054	0.5583866941848268	0.5849405087361934	0.6115601170751147	0.6382497722897755	Growth with proline supplementation and formic acid treatment.
H8	0.013350747142590422	0.018966735285485585	0.024507618932051233	0.029958218294544845	0.03539799744157699	0.04102289088300717	0.04650177873311269	0.05174566040949778	0.056921847674340116	0.06237417802149697	0.06830853645661816	0.07485857032961166	0.08234861263948569	0.09098984816400016	0.10067731508290988	0.11137341914601881	0.12323491967805655	0.13623604667263806	0.15032050116884074	0.16551394811586578	0.18201591038014578	0.1997579484725368	0.21875123118988943	0.23921478822145884	0.26140760152243075	0.2857188898148811	0.312150572535488	0.34047898442572455	0.37084411872034734	0.40416378641376166	0.4412550918218946	0.48189674137779714	0.5255427350467007	0.5720680610435556	0.6211934480720146	0.6735331670341119	0.7294520927933509	0.7888966378449228	0.8506787231769433	0.9134799757660731	0.9773137045271608	1.0427802175939034	1.1112002716954226	1.1820748497472158	1.25152286772638	1.317783779457222	1.3827046820533713	1.447698614374987	1.511974504303144	1.5724810149795563	1.626886745707048	1.675019582359007	1.7197441052123454	1.762588977567398	1.8037436111514777	1.8424196869822087	1.877862222865191	1.9136206424899485	1.9495533715721067	1.9856037107741316	2.0218067128986634	Growth with proline supplementation without formic acid treatment.
H9	0.013038391807106864	0.014611280610877615	0.016160245986035427	0.017665179231206925	0.019124789760714897	0.020611420667697056	0.02211863352370335	0.023609692986957427	0.024923324843818474	0.02604620229856424	0.02735269647541481	0.02908976342888548	0.031207211127951103	0.03358209702349122	0.03616303654043648	0.039007707951838305	0.04214685985862693	0.04546767993178384	0.04879072739592857	0.0521244948133769	0.05559402829102937	0.05917573529937929	0.06297072266191113	0.0670544418690755	0.07146694842461797	0.07625648466999412	0.08135944726198212	0.08679569322147346	0.09261741420773822	0.09886270095460745	0.10560072278376578	0.11273717658669695	0.12031446987667337	0.12856779182305234	0.13748207276723304	0.1471001850941414	0.15716698615581615	0.16763933761336636	0.17849951197181255	0.18971755694914053	0.2015152628749802	0.21392125364787867	0.22682315055027408	0.24017316559989946	0.2538184180650379	0.26780261002173916	0.28208433898535984	0.2967936033512885	0.31187725139045963	0.3271229234856769	0.342367367838969	0.3575375771682151	0.3727125217792693	0.38799469633064426	0.4034804624709343	0.4191124522152912	0.43492304923505004	0.4506384963294911	0.4664090956483631	0.4822707357206172	0.4982031434118672	Growth with formic acid treatment without aminoadipate supplementation.
H10	0.01659231183613162	0.020840012537021186	0.02502461774241703	0.02911156218011325	0.03310824023041654	0.037151466633907136	0.041234011781648934	0.045492099606048886	0.04979929834337474	0.05447701217117778	0.06009725388337062	0.06684625007309561	0.07471333412697836	0.08358311708633442	0.09322965659828847	0.10340524302712531	0.11400373542310871	0.12501823199619916	0.13655585927980435	0.14904055912246889	0.16272615269918914	0.1773908362056444	0.19313793441501187	0.21031854425051225	0.22893505297501732	0.24858602449550468	0.26888899645998693	0.28964844014492164	0.310665659767618	0.3320396060751245	0.35435894701251863	0.3778255636504361	0.40222292681565425	0.42762395526841396	0.45427010371759796	0.4824073891640523	0.511914516985437	0.5426427860580451	0.5743617886660314	0.6071958579190827	0.6413340643893014	0.6766027050471312	0.7128451174900877	0.7502453100640321	0.7892178683394468	0.8294310295668903	0.8704152607061956	0.9123735436798526	0.9550607656230112	0.9984620970443735	1.0427391660437888	1.0877809410875734	1.1350593175690837	1.1858188107896632	1.2370175202075007	1.2879495250033743	1.3391507881879896	1.390517863593068	1.4419928180496744	1.4934336330647313	1.5447897382740863	Growth with low aminoadipate supplementation without formic acid treatment.
H11	0.005341473433760424	0.0055606656103269585	0.005749931249369945	0.005928202124028315	0.006097429248224975	0.006208545204971525	0.0061864034632016065	0.006334570373282526	0.006732004362177101	0.00728683206225591	0.007665631159374121	0.0077607740842090475	0.007692040367909901	0.007448570854525267	0.006974590062436129	0.0062685265935403444	0.005385168066831319	0.0046291741170140285	0.004308513703805526	0.004472255294343204	0.005008472545835717	0.0055201118757573706	0.005530391529508432	0.005387890841722886	0.005378101660548445	0.005363876369437367	0.005020060920396282	0.004282591051390247	0.0035712804452070848	0.00306103791676932	0.002608223229427892	0.0021572235568593956	0.0016904849870249547	0.001269444421860153	0.0010040098035413033	0.0008984844650259857	0.0010143073194832082	0.0014600033474754602	0.002187729928562926	0.0032019268982187493	0.0044498704574118565	0.00557108737584799	0.0066215217546670676	0.007714780516368639	0.008964159834260363	0.009598335599144747	0.009833816232292673	0.009963234315599787	0.009996600189109353	0.009999999999999998	0.009999999999999998	0.010000000000000002	0.009999999999999998	0.01	0.01	0.01	0.010000000000000004	0.010000000000000002	0.010000000000000016	0.010000000000000007	0.010000000000000009	Media control
H12	0.037805361786172796	0.03963738252387492	0.04137631986449206	0.043070798317125424	0.04481723127060152	0.04672261847041612	0.04851807229389931	0.05008843886750351	0.051631778809628236	0.05346291738334401	0.05588930149833168	0.059013124230994835	0.06283204068099779	0.06727033269475201	0.07232755226645063	0.07891692857183549	0.0867820094148759	0.09402187943991183	0.10046469657286318	0.10637569274938923	0.11211041493579584	0.11749279703039468	0.12143323022120803	0.12432877213279621	0.12760228304687735	0.13155885003622114	0.13606800534685992	0.14100593310811635	0.1468373893111158	0.15387221528426728	0.1616621494753454	0.16926430562643507	0.1762808279909789	0.1827004475418105	0.18853579061849102	0.19358556518003905	0.1976436754983563	0.20171152575496265	0.20690417054799337	0.21357615616022874	0.22162344314554852	0.2307127220901291	0.2405523401632961	0.2510481481684866	0.2620434573191233	0.2730879762175177	0.2840978889905295	0.29527149610484027	0.30689707234479136	0.31920522713352945	0.33177519683163714	0.3441026624479914	0.35734621941134764	0.3722693576643281	0.38813477082446535	0.4041312562245242	0.4205718161725882	0.4370999368950795	0.4537858868034797	0.4705436432708804	0.48727448388731454	Growth with high aminoadipate supplementation without formic acid treatment.
