,2'-Deoxyguanosine-5'-Diphosphate [[M+H]]/Adenosine 5'-diphosphate (ADP) [[M+H]],2'-Deoxyguanosine-5'-Monophosphate [[M+H]],AUC,Acetyl coenzyme A (Acetyl-CoA) [[M+H]],Ademetionine [[M+H]],Adenine [[M+H]],Adenosine phosphate [[M+H]],Adenosine-3'-5'-Diphosphate [[M+H]],Aminoadipate [[M+Na]],Cytidine [[M+H]],Experimental group,Glucosamine [[M+H]],Glutamic Acid [[M-H2O+H]],Glutathione [[M+H]],Histidine [[M+H]],Imidazoleacetic acid [[M+H]],L-Arginine [[M+H]],L-Citrulline [[M+H]],MaxOD,N-(5-Amino-5-Carboxypentyl)Glutamic Acid [[M+H]],N2-Acetyl-L-ornithine [[M+H]],Pidolic Acid [[M+H]],Summary_x,Summary_y,Supplement,Thymine [[M+H]],Treatment,Unnamed: 0,Well,gamma-Glutamylcysteine [[M+H]],mu,source_file
0,2543.1642072608183,3636.02441978268,14168.271763555793,868.2502682908491,168.05581497218566,3809.915989509916,29470.998327730424,2528.673243116882,540.9959947069547,17.509915007256346,Growth with high aminoadipate supplementation without formic acid treatment.,5417.205429141515,458.8805312246491,26709.26207796523,42.26531208648083,35.01983001451269,3108.3118088743336,19.32128552524838,0.4812789820049392,128066.31078272758,11.472013280616228,888.7791341614255,Growth with high aminoadipate supplementation without formic acid treatment.,Growth with high aminoadipate supplementation without formic acid treatment.,PosHigh,35.01983001451269,None,74,C10,44.680472777136885,0.1226886158920327,aminoadipate_formicacid.tsv
1,1150.3171200473091,1644.690050266115,16367.319296422043,748.2509257441754,54.44248965109403,5939.5,8277.892740981668,1130.9988172678889,504.0320816085157,3339.4320668243645,Growth with proline supplementation and formic acid treatment.,1371.5994973388529,2607.0927705499707,9374.645476049674,13.171570076877588,54.44248965109403,3596.716735659373,589.2082347723241,0.6747352623431337,3103.22191011236,8.341994382022472,2737.9303666469546,Growth with proline supplementation and formic acid treatment.,Growth with proline supplementation and formic acid treatment.,NegHigh,54.44248965109403,Yes,41,B6,618.2024201628137,0.1380683532669167,aminoadipate_formicacid.tsv
2,4841.33345323741,8191.38237410072,48852.25278064064,300.5358513189448,1279.057793764988,5939.5,61497.32661870504,4552.192326139088,3810.1109112709833,12296.331774580336,Growth with proline supplementation without formic acid treatment.,2995.388129496403,8084.5568345323745,43728.67853717026,72.64136690647481,85.46043165467626,39250.55191846523,4250.232134292566,1.998277419848484,2180.6653477218224,169.4965227817746,7546.156115107914,Growth with proline supplementation without formic acid treatment.,Growth with proline supplementation without formic acid treatment.,NegHigh,85.46043165467626,None,86,G11,52.7005995203837,0.2324171304673001,aminoadipate_formicacid.tsv
3,899.2621951219512,3283.451219512195,15790.93169187925,986.5609756097562,20.341463414634145,8501.884146341463,26846.493902439022,878.920731707317,94.92682926829268,1150.1402439024391,Growth with formic acid treatment without aminoadipate supplementation.,1860.3963414634147,7667.884146341464,30931.73780487805,405.1341463414634,45.76829268292683,4901.445121951219,875.530487804878,0.7215572624209899,84.7560975609756,88.14634146341463,7194.945121951219,Growth with formic acid treatment without aminoadipate supplementation.,Growth with formic acid treatment without aminoadipate supplementation.,None,45.76829268292683,Yes,17,B3,995.0365853658536,0.1576071619679583,aminoadipate_formicacid.tsv
4,862.2637370271311,706.3313896664084,5783.040409193293,553.7705525188907,13.486040852819254,5671.723056163798,7863.204694746926,862.2637370271311,94.40228596973478,533.5414912396618,Growth with low aminoadipate supplementation and formic acid treatment.,1255.8875544187931,90.18789820322876,6290.395180286881,65.74444915749386,135.70328608149376,90.18789820322876,79.23049001031312,0.19281454362907,4323.118970881872,26.97208170563851,273.09232726959,Growth with low aminoadipate supplementation and formic acid treatment.,Growth with low aminoadipate supplementation and formic acid treatment.,PosLow,179.53291885315633,Yes,39,H5,44.67251032496378,0.1019515378468118,aminoadipate_formicacid.tsv
5,932.7135115226772,1706.851310112596,3396.8585391226866,272.4619067662844,174.73198512499482,9608.246606334842,14000.79385457224,877.9328106913606,25.22795433021152,353.1913606229612,Growth with low aminoadipate supplementation and formic acid treatment.,338.0545880248343,2.883194780595601,10428.51552141429,2.162396085446701,46.13111648952962,905.3231611070188,162.90050510365148,0.1002917011465376,6942.733031674208,27.39035041565821,769.8130064190256,Growth with low aminoadipate supplementation and formic acid treatment.,Growth with low aminoadipate supplementation and formic acid treatment.,PosLow,46.13111648952962,Yes,22,G3,627.8087853548103,0.3973686705223062,aminoadipate_formicacid.tsv
6,9218.055419847327,12811.298320610687,56236.58242980956,1034.6085496183207,2975.5453435114505,9924.99145038168,85033.11022900764,8311.72717557252,6391.7056488549615,13111.083816793893,Baseline growth without any supplementation or treatment.,2663.210687022901,6309.43893129771,56388.95465648855,1798.7129770992367,34.8587786259542,46589.45480916031,5364.068854961832,2.040447305818869,2168.216030534351,875.6525190839694,7107.007786259542,Baseline growth without any supplementation or treatment.,Baseline growth without any supplementation or treatment.,None,34.8587786259542,None,89,B12,1479.4065648854962,0.239993727054538,aminoadipate_formicacid.tsv
7,7294.57122683142,6283.442541924094,53269.66475784061,501.76310679611646,2453.6976169461605,5443.369461606354,50409.13636363636,6446.895675198587,3535.149161518093,8416.886054721976,Growth with proline supplementation without formic acid treatment.,2452.7473080317736,4480.706531332745,30394.68031774051,1782.779523389232,95.981200353045,32718.185613415702,3763.2233009708734,1.9607775913361825,162.5028243601059,300.2976169461606,3842.09894086496,Growth with proline supplementation without formic acid treatment.,Growth with proline supplementation without formic acid treatment.,NegHigh,123.54015887025596,None,64,A9,1188.8364518976168,0.2494946465249442,aminoadipate_formicacid.tsv
8,2208.6828358208954,2335.714552238806,19135.7390622104,1060.761194029851,926.3115671641792,4324.641791044776,17310.621268656716,2055.688432835821,2077.0149253731342,9791.641791044776,Growth with proline supplementation and formic acid treatment.,2691.7742537313434,4649.175373134329,17952.270522388062,26.88992537313433,20.399253731343283,9928.873134328358,1916.6026119402984,1.0047254423762668,176.17537313432837,8.808768656716419,4291.261194029851,Growth with proline supplementation and formic acid treatment.,Growth with proline supplementation and formic acid treatment.,NegHigh,55.63432835820896,Yes,90,C12,546.7031185105883,0.1827558481206496,aminoadipate_formicacid.tsv
9,3889.0455738332753,3180.161776022948,15113.190200416291,843.0264241652053,521.3022390051334,7304.774888820886,32133.157259513075,3836.697231841128,191.9439206378734,1093.8622295442444,Growth with high aminoadipate supplementation without formic acid treatment.,3668.746301282989,840.8452432488658,35794.26942758888,150.50148322742345,34.89889466143153,1978.3310911199,44.71420878495914,0.5198269055878147,204951.39303246385,127.599083605859,1362.1474822539992,Growth with high aminoadipate supplementation without formic acid treatment.,Growth with high aminoadipate supplementation without formic acid treatment.,PosHigh,34.89889466143153,None,20,E3,932.4548417351236,0.1172466022436399,aminoadipate_formicacid.tsv
10,1855.23875432526,1618.491349480969,3770.6356408977135,30.131487889273355,45.19723183391003,5341.882352941177,21244.851211072662,1771.3010380622836,477.7993079584775,1081.3472494521338,Growth with high aminoadipate supplementation and formic acid treatment.,3555.515570934256,15.065743944636678,23577.8892733564,3.2283737024221453,34.43598615916955,2840.968858131488,17.217993079584776,0.0904947251406602,59897.09342560553,20.44636678200692,223.83391003460207,Growth with high aminoadipate supplementation and formic acid treatment.,Growth with high aminoadipate supplementation and formic acid treatment.,PosHigh,25.82698961937716,Yes,82,C11,88.24221453287197,0.1525365263772605,aminoadipate_formicacid.tsv
11,1405.967057332911,2548.6769084573966,10962.079111120716,316.7765283496991,428.1545771301869,3542.4005384859047,29574.488121634466,1394.3953120050685,973.4730757047832,12681.186411149827,Growth with formic acid treatment without aminoadipate supplementation.,1894.873297434273,11211.57475451378,42638.988596769086,30.375831485587582,91.12749445676276,10972.90750712702,794.1110231232183,0.491179198208976,1346.6618625277165,27.482895153626863,10925.174057649669,Growth with formic acid treatment without aminoadipate supplementation.,Growth with formic acid treatment without aminoadipate supplementation.,None,91.12749445676276,Yes,81,B11,1583.8826417484954,0.1579647352698209,aminoadipate_formicacid.tsv
12,1738.8828039430448,620.0438116100767,17556.22504778713,18.72946330777656,147.37263487744326,4604.490690032859,7599.233296823658,1609.748083242059,17.250821467688937,681.1610076670318,Growth with proline supplementation and formic acid treatment.,1710.2957283680175,3692.661555312157,10074.47973713034,28.58707557502738,4.928806133625411,3501.4238773274915,227.710843373494,0.706504283553215,275.0273822562979,42.38773274917853,3656.1883899233294,Growth with proline supplementation and formic acid treatment.,Growth with proline supplementation and formic acid treatment.,NegHigh,4.928806133625411,Yes,3,D1,222.7820372398685,0.13513803664047,aminoadipate_formicacid.tsv
13,204.12486828240253,1124.8959191493436,4271.332021151352,244.77311045119265,4.860115911485774,6609.757639620653,10402.415365456462,204.12486828240253,33.57898266117444,258.911629466424,Growth with low aminoadipate supplementation and formic acid treatment.,1042.7157773733115,1308.6966663473513,9224.5,1.3254861576779384,60.972363253185165,41.97372832646805,408.24973656480506,0.1161011603621351,7576.478877287096,8.39474566529361,1394.4114378771912,Growth with low aminoadipate supplementation and formic acid treatment.,Growth with low aminoadipate supplementation and formic acid treatment.,PosLow,60.972363253185165,Yes,11,D2,73.3435673915126,0.1203938129843742,aminoadipate_formicacid.tsv
14,2983.0397711338287,45.11654974362256,2579.0984282017025,639.2458832860561,167.63480924476335,5289.526521666094,1233.704274023886,2785.9728268460062,27.225504155634304,22.55827487181128,Growth with high aminoadipate supplementation and formic acid treatment.,729.6435113709994,3.111486189215349,2546.751445872764,2.333614641911512,52.89526521666094,208.4695746774284,620.7414947484622,0.05633226076539,6797.0415803409305,14.779559398772909,434.5700748241564,Growth with high aminoadipate supplementation and formic acid treatment.,Growth with high aminoadipate supplementation and formic acid treatment.,PosHigh,91.7888425818528,Yes,77,F10,134.78795892358653,0.4948852086953802,aminoadipate_formicacid.tsv
15,2012.1493205225688,2356.096226412966,15415.581905202727,1538.7729169451927,776.5769861218729,6832.19968808765,24132.60921224716,2012.1493205225688,1712.5440018027105,11930.28379142476,Growth with formic acid treatment without aminoadipate supplementation.,5670.929472729479,10371.137712806618,32613.836574568904,1066.5949346426958,35.952638246383,11395.787902828532,184.5568763314328,0.6204748767772539,7.190527649276601,179.76319123191502,10554.496167863172,Growth with formic acid treatment without aminoadipate supplementation.,Growth with formic acid treatment without aminoadipate supplementation.,None,53.928957369574505,Yes,60,E8,502.1385141744826,0.1348799029648768,aminoadipate_formicacid.tsv
16,905.8579691516708,650.7230077120822,1688.2100167198862,57.98521850899743,198.36897712021212,3078.370822622108,2758.8078406169666,905.8579691516708,22.549807197943444,18.68412596401028,Growth with high aminoadipate supplementation and formic acid treatment.,302.1674164524421,404.6079691516709,2579.69794344473,1.9328406169665808,3.221401028277634,300.23457583547554,395.5880462724936,0.0324022626039233,8781.539203084832,12.241323907455012,633.9717223650385,Growth with high aminoadipate supplementation and formic acid treatment.,Growth with high aminoadipate supplementation and formic acid treatment.,PosHigh,3.221401028277634,Yes,9,B2,145.28711887926514,0.1359134817980533,aminoadipate_formicacid.tsv
17,2803.551831331988,5370.776545242226,45363.66420255883,1991.7843697771425,169.96128307728563,5938.932834386295,49428.78781609079,2738.8046758739742,370.6774649971277,2175.5044233892563,Growth with low aminoadipate supplementation without formic acid treatment.,6113.750154122932,2662.726768210808,62899.43350913051,90.646017641219,138.39704479150402,4176.191527041876,433.80594156869097,1.7652480393122794,72635.7870111293,94.69271485734484,2730.7112814417223,Growth with low aminoadipate supplementation without formic acid treatment.,Growth with low aminoadipate supplementation without formic acid treatment.,PosLow,118.16355871087478,None,15,H2,308.3583278687897,0.1679013481185734,aminoadipate_formicacid.tsv
18,2638.4185632450844,8233.465474531662,36881.087539073415,1174.993884502245,2066.661944573464,7021.035144759251,58124.33542344016,2471.656216132528,1587.645610775662,5386.593977395882,Growth with low aminoadipate supplementation without formic acid treatment.,5495.5,1511.921891933736,58132.84370645612,62.96129431800589,61.25963771481654,2950.6725499303298,992.06579965939,1.5830766463137853,69280.39611394954,34.033132063786965,1646.3527635856944,Growth with low aminoadipate supplementation without formic acid treatment.,Growth with low aminoadipate supplementation without formic acid treatment.,PosLow,61.25963771481654,None,31,H4,689.1709242916861,0.1463862214792318,aminoadipate_formicacid.tsv
19,1223.7621198765976,2519.51024680476,11913.432741050805,155.75154252974878,27.4855663287792,5939.5,15677.243499338914,1223.7621198765976,1993.3579770824151,6177.708241516086,Growth with proline supplementation and formic acid treatment.,2557.466505068312,3942.215513442045,17211.199867783165,94.23622741295723,86.38320846187747,5113.624173644777,780.0665491405905,0.5266360612017318,4078.334508594094,12.43394667254297,3307.42981489643,Growth with proline supplementation and formic acid treatment.,Growth with proline supplementation and formic acid treatment.,NegHigh,86.38320846187747,Yes,70,G9,77.22135301895108,0.1646488193089847,aminoadipate_formicacid.tsv
20,949.3183211958604,2072.792161747796,4545.319112010611,104.72096588731314,252.98221312457304,5939.5,11015.052031429666,892.4047527788424,19.919748945956304,33.00986968187045,Growth with high aminoadipate supplementation and formic acid treatment.,2109.216845534688,76.26418167880414,8359.464929091606,1.7074070525105405,59.19011115369873,506.53075891146034,1470.6466078957455,0.0935827617892179,27052.157339977,10.813577999233422,76.26418167880414,Growth with high aminoadipate supplementation and formic acid treatment.,Growth with high aminoadipate supplementation and formic acid treatment.,PosHigh,59.19011115369873,Yes,68,E9,140.58427462949754,0.0596490405288432,aminoadipate_formicacid.tsv
21,3722.027538726334,5328.478485370052,39216.6516911932,554.2117039586919,1878.354561101549,3476.481927710844,35606.19449225473,3617.289156626506,1242.2943201376936,10089.56626506024,Growth with low aminoadipate supplementation without formic acid treatment.,4473.924268502582,1842.2857142857144,37363.16351118761,403.0,81.15490533562823,2538.69191049914,1592.578313253012,1.573067662760706,65465.65060240964,38.8433734939759,1541.9432013769365,Growth with low aminoadipate supplementation without formic acid treatment.,Growth with low aminoadipate supplementation without formic acid treatment.,PosLow,18.72805507745267,None,51,D7,406.4681583476764,0.1491798531957994,aminoadipate_formicacid.tsv
22,557.3946455131384,2610.734754586019,10625.62333511204,1508.8973723351514,27.754090233019337,11609.535944471989,24309.80763510164,297.8939018344076,393.182944967774,2713.424888448191,Growth with formic acid treatment without aminoadipate supplementation.,2288.787307882995,4973.532969757065,25407.944471988103,324.72285572632626,14.802181457610311,5242.747645017353,1463.5656916212197,0.4569210622647616,2373.8998512642543,8.788795240456123,4985.5597421913735,Growth with formic acid treatment without aminoadipate supplementation.,Growth with formic acid treatment without aminoadipate supplementation.,None,14.802181457610311,Yes,75,D10,690.1517104610808,0.1530844277037011,aminoadipate_formicacid.tsv
23,3122.783653846154,5641.572115384615,13640.2856454398,1769.1490384615383,653.9711538461538,5944.283653846153,41552.87019230769,3004.2692307692305,261.3028846153846,544.0240384615385,Growth with high aminoadipate supplementation without formic acid treatment.,6561.129807692308,259.875,41077.38461538462,446.9278846153846,182.7692307692308,3092.7980769230767,1676.3365384615383,0.5262425003096473,229726.6442307692,61.39903846153846,194.19230769230768,Growth with high aminoadipate supplementation without formic acid treatment.,Growth with high aminoadipate supplementation without formic acid treatment.,PosHigh,182.7692307692308,None,57,B8,171.34615384615384,0.1290513206528696,aminoadipate_formicacid.tsv
24,940.6175771971496,1302.9691211401423,6179.683258345362,3211.995249406176,215.9144893111639,7190.380047505938,12220.546318289786,126.12826603325416,313.1828978622328,790.9738717339667,Growth with low aminoadipate supplementation and formic acid treatment.,2446.67458432304,2.137767220902613,10726.24703087886,1.6033254156769596,92.99287410926364,462.8266033254157,520.5463182897862,0.1917520430500571,22151.54394299288,10.15439429928741,74.82185273159145,Growth with low aminoadipate supplementation and formic acid treatment.,Growth with low aminoadipate supplementation and formic acid treatment.,PosLow,107.95724465558196,Yes,66,C9,141.09263657957243,0.1055463851592913,aminoadipate_formicacid.tsv
25,6140.175457020055,7889.785464527715,57765.74478542519,487.02379410664906,1507.017023273405,3732.623871058884,47722.81834553719,5287.424360923885,2509.5509088778463,6546.334923048618,Growth with proline supplementation without formic acid treatment.,2036.3108070572343,4618.455828641544,32388.001220911232,75.35085116367023,167.24213307058514,24602.9718177574,4079.054003847953,2.0175150680749288,2216.417719594788,345.51121997000007,4998.885735736171,Growth with proline supplementation without formic acid treatment.,Growth with proline supplementation without formic acid treatment.,NegHigh,167.24213307058514,None,25,B4,801.291978228298,0.247260368514477,aminoadipate_formicacid.tsv
26,1390.0,2824.402777777778,5109.878381522166,799.25,305.02777777777777,8373.784722222223,23819.194444444445,1329.1875,115.83333333333331,1126.4791666666667,Growth with formic acid treatment without aminoadipate supplementation.,925.7013888888888,4701.868055555556,20237.04861111111,162.16666666666666,2.4131944444444446,546.3472222222222,651.5625,0.1068036930682531,15282.277777777776,71.43055555555556,4416.145833333333,Growth with formic acid treatment without aminoadipate supplementation.,Growth with formic acid treatment without aminoadipate supplementation.,None,2.4131944444444446,Yes,94,G12,15.444444444444445,0.6807989234477203,aminoadipate_formicacid.tsv
27,1438.7486781229345,1561.4250660938533,13679.480256484345,552.9470896357619,106.9738103106411,5939.5,11066.391606080631,1342.5703899537343,1376.9197785855915,5624.46703569068,Growth with proline supplementation and formic acid treatment.,1052.0727032385987,3305.392597488433,10714.065019828156,65.75454395241242,2.4535277594183738,3913.8674818241902,3698.938450099141,0.6362503462900178,2731.2671017845337,9.32340548578982,3303.429775280899,Growth with proline supplementation and formic acid treatment.,Growth with proline supplementation and formic acid treatment.,NegHigh,2.4535277594183738,Yes,55,H7,582.6374238431159,0.1602857485076943,aminoadipate_formicacid.tsv
28,4832.554263565891,7139.740310077519,63898.252900990665,297.7403100775194,2679.662790697674,11116.441860465116,51951.46511627907,4278.058139534884,3019.593023255814,5092.926356589147,Growth with proline supplementation without formic acid treatment.,2175.794573643411,6684.089147286822,36840.24031007752,3.6162790697674416,115.72093023255812,28924.205426356588,4304.5775193798445,2.094635492487793,4674.643410852713,191.6627906976744,6034.364341085271,Growth with proline supplementation without formic acid treatment.,Growth with proline supplementation without formic acid treatment.,NegHigh,128.98062015503876,None,10,C2,2017.8837209302324,0.2422011498744488,aminoadipate_formicacid.tsv
29,6356.812477579446,8629.916528918317,53068.9809274885,695.79597340105,2533.515926677941,5730.0844868321765,62500.89654012196,5354.559307070139,5996.124123720813,7692.638423572197,Baseline growth without any supplementation or treatment.,3681.5792827896735,6969.215257109635,53388.015747313504,1304.6174501269686,55.25438612302456,30240.52087925681,5302.37460906506,2.0802286607826623,1708.7930523231669,158.60055276053345,7451.156291627127,Baseline growth without any supplementation or treatment.,Baseline growth without any supplementation or treatment.,None,55.25438612302456,None,7,H1,1414.1029930003692,0.2401408225930871,aminoadipate_formicacid.tsv
30,1414.143169601483,2083.703577386469,11484.853228345806,575.3594068582021,72.20196478220575,8306.610417052827,19924.35781278961,1363.940240963855,295.57679332715475,1193.588730305839,Growth with formic acid treatment without aminoadipate supplementation.,2780.903799814643,4735.997627432808,18360.73401297497,92.50876737720112,48.510695088044486,5005.626839666357,452.3904355885079,0.3029037497395168,6.768934198331789,156.8136422613531,4455.086858202039,Growth with formic acid treatment without aminoadipate supplementation.,Growth with formic acid treatment without aminoadipate supplementation.,None,48.510695088044486,Yes,0,A1,1853.559814643188,0.1399380248192337,aminoadipate_formicacid.tsv
31,3561.105433245809,7767.995152494445,51233.371725590085,245.0728135730156,2991.978994142597,6136.112199555645,59304.13643708341,6213.931528984043,5109.3616441123,12001.59896990507,Growth with proline supplementation without formic acid treatment.,2829.3714401131083,4145.331145223187,31930.316198747725,2214.9471823873964,42.974853564936375,37886.39860634216,4734.202787315694,2.0392699307387567,803.7459099171884,379.804786911735,4664.513835588769,Growth with proline supplementation without formic acid treatment.,Growth with proline supplementation without formic acid treatment.,NegHigh,42.974853564936375,None,63,H8,1656.2740860432234,0.2445903464867204,aminoadipate_formicacid.tsv
32,11422.664857614856,9092.991436434078,60240.753129059565,1151.7595416981055,2335.485496244014,9745.88120187102,61305.76776702247,11018.725640719893,6975.458755061446,13448.173017152903,Baseline growth without any supplementation or treatment.,2226.993428396926,6875.6847998092135,38988.3682033701,1500.4840454923178,72.65093829046083,43410.38864731616,5386.82490444337,2.141459817408492,408.78261278099296,591.8629772729543,7175.006665565912,Baseline growth without any supplementation or treatment.,Baseline growth without any supplementation or treatment.,None,72.65093829046083,None,44,E6,1607.0387549849936,0.2334394957596511,aminoadipate_formicacid.tsv
33,2928.472759990072,2470.7376520228345,3993.585328445556,1548.6335939439066,11.79349714569372,5939.5,19036.178580292875,2862.8714321171506,51.59655001241003,770.9998758997269,Growth with low aminoadipate supplementation and formic acid treatment.,1522.8353189377017,781.319185902209,18537.90332588732,298.5228965003723,213.75713576569868,6030.162509307521,197.5410771903698,0.1174088715789012,7527.936646810623,7.002388930255647,1211.7818317200297,Growth with low aminoadipate supplementation and formic acid treatment.,Growth with low aminoadipate supplementation and formic acid treatment.,PosLow,222.60225862496893,Yes,61,F8,341.27432365351206,0.1196745721924549,aminoadipate_formicacid.tsv
34,2537.7195057664862,219.94497087828023,3925.483626871876,225.5131979891228,179.70509410157095,6484.200470576135,4447.621404785476,2537.7195057664862,24.360993609936106,616.8182466991224,Growth with high aminoadipate supplementation and formic acid treatment.,1067.7075485040566,2.7841135554212686,6211.35734214485,100.22808799516568,15.312624554816978,2792.465896087532,320.1730588734459,0.0829327068054966,11800.465304653047,13.224539388251026,337.1849580270497,Growth with high aminoadipate supplementation and formic acid treatment.,Growth with high aminoadipate supplementation and formic acid treatment.,PosHigh,15.312624554816978,Yes,54,G7,129.32580926690989,0.0655483926462328,aminoadipate_formicacid.tsv
35,1588.64823518219,264.34487679573783,10244.691012795907,324.95077537817525,216.76690942472635,4744.023423080583,9068.96350489963,1476.4628484444868,22.56602606792884,1561.5690039006756,Growth with proline supplementation and formic acid treatment.,1108.9589953382172,2520.9474835886217,11455.80431928456,184.39667015507564,15.473846446579774,1735.649776424698,753.0605270668824,0.4432672696873451,747.9025782513557,12.250128436875654,1894.2567025021408,Growth with proline supplementation and formic acid treatment.,Growth with proline supplementation and formic acid treatment.,NegHigh,15.473846446579774,Yes,30,G4,172.79128532014082,0.1503787613537019,aminoadipate_formicacid.tsv
36,1808.8051948051948,1682.4415584415583,9394.46829642914,726.5909090909091,101.49019885732936,6310.058441558442,12148.058441558442,1687.857142857143,180.5194805194805,2175.2597402597403,Growth with low aminoadipate supplementation and formic acid treatment.,667.0194805194806,801.5064935064935,11278.857142857143,1.353896103896104,126.36363636363636,614.6688311688312,368.2597402597403,0.2591758083178905,13392.74025974026,8.574675324675324,1075.8961038961038,Growth with low aminoadipate supplementation and formic acid treatment.,Growth with low aminoadipate supplementation and formic acid treatment.,PosLow,121.85064935064936,Yes,52,E7,172.3961038961039,0.0673331147055852,aminoadipate_formicacid.tsv
37,10162.856938640862,7848.480646580162,61786.2249475132,1367.4715196833076,2994.3345062678686,3683.106993622168,60521.317791950736,9456.455904992305,4959.917418077854,12861.283703540796,Growth with proline supplementation without formic acid treatment.,2977.96514185177,5374.188255992962,40675.35221024852,1762.854629425995,62.95909390807125,40871.78458324169,3605.03771717616,2.113679831506265,235.46701121618648,878.9089509566747,6876.392236639542,Growth with proline supplementation without formic acid treatment.,Growth with proline supplementation without formic acid treatment.,NegHigh,62.95909390807125,None,48,A7,260.650648779415,0.2495249511158676,aminoadipate_formicacid.tsv
38,1645.0766380944533,833.8576537130141,1807.3197379231096,1305.4965981208277,117.90973610195336,6833.105026580401,7982.96077304665,1645.0766380944533,33.01472610854694,736.2035019458319,Growth with high aminoadipate supplementation and formic acid treatment.,1178.154083130718,1.8865557776312536,7758.460635508531,299.96236864336936,121.68284765721586,4265.502613224265,16.035724109865658,0.0441951175935013,7841.469089724306,8.961139943748455,428.16096674813,Growth with high aminoadipate supplementation and formic acid treatment.,Growth with high aminoadipate supplementation and formic acid treatment.,PosHigh,146.20807276642216,Yes,40,A6,55.65339544012198,0.8940144374996035,aminoadipate_formicacid.tsv
39,12465.865315635116,10703.194079448684,55616.02708400069,762.9999739805003,6459.006724182152,6109.298402774422,95178.94814313698,11973.094499106044,9088.883949314017,17483.64986674299,Baseline growth without any supplementation or treatment.,6833.441896598508,9578.12235855614,65997.7315456698,372.6689687728832,450.38192908571193,50024.18579409655,7107.203461336882,1.9755491875928204,551.0555367636946,1359.9768054745027,9256.673295443985,Baseline growth without any supplementation or treatment.,Baseline growth without any supplementation or treatment.,None,397.39581978151057,None,56,A8,1264.60180872694,0.2390246314839196,aminoadipate_formicacid.tsv
40,14470.590768227044,12377.071277116296,60943.44640719505,1647.7838851737076,4258.931821888763,10840.002365030175,92866.85671179254,12671.83191975208,9114.574213015823,12221.782743435004,Baseline growth without any supplementation or treatment.,3161.847088566303,7807.562387864949,58540.90148426032,3153.219947806231,30.194992660251188,57988.76447561573,6188.535638558148,2.107110104961238,1527.0039145327028,938.9204860544774,9255.48417876366,Baseline growth without any supplementation or treatment.,Baseline growth without any supplementation or treatment.,None,30.194992660251188,None,35,D5,1255.2489805904422,0.2282368218909971,aminoadipate_formicacid.tsv
41,2967.1420898869774,1177.022161890991,1283.1540833688912,51.26585416236315,89.97680526455572,8263.218697435595,8337.501873874937,2756.8474636291203,18.30923362941541,1023.9514297398542,Growth with proline supplementation and formic acid treatment.,892.4443591937911,71.14445067429988,10123.4368341842,229.12698084811285,12.554903060170568,4053.1412045917314,514.7510254669933,0.0288690894009814,55.45082184908667,94.16177295127925,356.76849529318025,Growth with proline supplementation and formic acid treatment.,Growth with proline supplementation and formic acid treatment.,NegHigh,12.554903060170568,Yes,21,F3,64.86699914421459,0.1259331004121444,aminoadipate_formicacid.tsv
42,7167.963153721666,6597.719466074755,62823.26335700212,718.5070464351072,1739.2432473230772,4537.238941377252,50401.938738818266,6616.727588996318,4235.009786924389,5193.969588317276,Baseline growth without any supplementation or treatment.,2972.87042493256,6465.613011769887,43718.68271959647,1022.6370131801262,73.18127324802019,24836.01340931511,3425.263750465776,2.2127485365182,31.36340282058008,718.5070464351072,6374.374021746381,Baseline growth without any supplementation or treatment.,Baseline growth without any supplementation or treatment.,None,80.78452241664566,None,14,G2,1842.8375172455992,0.2371916634625529,aminoadipate_formicacid.tsv
43,3837.7592997811817,10137.610503282276,48783.12478121101,309.5251641137856,251.3238512035011,9045.013129102845,75025.90153172867,3697.54704595186,1381.840262582057,3324.5295404814005,Growth with low aminoadipate supplementation without formic acid treatment.,3790.140043763676,3140.2253829321667,75752.53610503282,403.0,81.12910284463895,3259.27352297593,2194.894967177243,1.7928892145465452,26770.84026258206,8.37746170678337,3782.203501094092,Growth with low aminoadipate supplementation without formic acid treatment.,Growth with low aminoadipate supplementation without formic acid treatment.,PosLow,90.8293216630197,None,2,C1,707.2341356673961,0.1489282681378313,aminoadipate_formicacid.tsv
44,670.5980350998212,884.1698863832505,7251.547014354227,3609.627955642157,75.66723186325193,8058.602075793265,8740.625765488496,670.5980350998212,15.380688878436269,333.9806727889018,Growth with low aminoadipate supplementation and formic acid treatment.,1589.9237817766405,691.6915512759624,8481.351295823428,66.79613455778036,145.0179237109705,83.49516819722545,900.8689200226956,0.2070672272516745,9096.578850960876,8.349516819722545,687.2970687392664,Growth with low aminoadipate supplementation and formic acid treatment.,Growth with low aminoadipate supplementation and formic acid treatment.,PosLow,139.74454466693524,Yes,5,F1,456.6068053642347,0.0852537203557545,aminoadipate_formicacid.tsv
45,8486.942952701036,9473.421038900766,57442.01481531121,1387.7116663009838,3555.450135975548,5694.4649489090825,61440.799383335085,7852.329661578918,5787.816833317428,9277.741127352503,Growth with proline supplementation without formic acid treatment.,622.0466912979184,3841.789089112685,30868.05723960189,1779.0714893975096,169.649097626705,41826.13228630462,3406.446166631458,2.1241718069541085,1289.8717105268524,478.4284075927712,4410.87653829433,Growth with proline supplementation without formic acid treatment.,Growth with proline supplementation without formic acid treatment.,NegHigh,169.649097626705,None,43,D6,68.21868475994486,0.24367467637044,aminoadipate_formicacid.tsv
46,4456.951235086541,8244.060090741052,51890.95187287507,882.2923878339775,2069.0131406486307,1948.541488825408,28661.25572172744,3478.6814316921527,1632.1159468996807,4012.555805746933,Negative control with alanine supplementation without caffeine.,789.3142665098303,239.4436565283146,16718.56595530163,824.8059149722736,202.95224332045035,14288.637741556042,2497.912216434213,1.9618748891551288,1173.7238111241809,361.414955469669,1458.1568811964376,Negative control with alanine supplementation without caffeine.,Negative control with alanine supplementation without caffeine.,NegHigh,222.94753822886912,None,43,D6,761.8207360107546,0.2378954033623649,arginine_caffeine.tsv
47,8137.833558879975,7298.104228240091,56255.65748985039,2677.6757194681245,2011.132574979997,4212.066984967639,30908.30218903958,6227.673003870375,3212.571799944215,5453.128141818975,Low arginine supplementation without caffeine treatment.,893.4106577127537,2392.014371830356,18895.188066232466,831.4215062119403,171.90805931668865,27280.339167698163,1276.8487082332488,2.1163577337449686,890.215340625083,476.7413094804823,3982.643218072876,Low arginine supplementation without caffeine treatment.,Low arginine supplementation without caffeine treatment.,PosLow,165.51742514134708,None,46,G6,1061.4843365242373,0.2273316222259334,arginine_caffeine.tsv
48,4515.8975397334925,7662.214600079597,69014.18546046951,1321.4287847404794,3991.714534716513,3035.385308121581,30449.546955387515,3537.6257687425014,1706.6423419157484,4616.467534882099,Negative control with alanine supplementation without caffeine.,1133.0886120076343,457.7458567066882,20404.128227847,374.8518000993519,127.99817564368112,15657.83397195488,2733.0658075536485,2.205547912594455,646.0860294395333,279.1579259276474,2371.6233401407776,Negative control with alanine supplementation without caffeine.,Negative control with alanine supplementation without caffeine.,NegHigh,127.99817564368112,None,10,C2,1026.4234656379,0.2185141818685537,arginine_caffeine.tsv
49,6047.051063484931,11607.885967303457,57769.1543829884,1335.204998047638,2390.772722919261,6452.651072325817,43248.04566317698,5340.819992190552,3418.6286459446123,3893.928035186728,High arginine supplementation without caffeine treatment.,380.4074617079119,2177.4758238600784,31397.47149182587,318.2658454465753,148.63602808454837,192485.3358726324,2446.1963266118046,2.1271634470866454,881.7391496541004,4569.088298350439,3069.2919923673685,High arginine supplementation without caffeine treatment.,High arginine supplementation without caffeine treatment.,PosHigh,200.70062549269525,None,20,E3,331.7018705841616,0.2571047031223396,arginine_caffeine.tsv
50,3691.292538840002,2632.207134921615,13326.016447572214,1615.7642619077012,1432.0137196466046,3803.71375667907,10183.81169873208,3224.550655121943,800.1289435166735,5946.694764314811,Negative control with alanine supplementation with caffeine.,1956.1291903997744,2538.3935669317725,9627.908159486484,541.1724831149594,190.7284109545559,28733.31264217821,1533.5804750736245,0.6806810535192076,320.98195989913063,203.1335108540392,3288.1267921067947,Negative control with alanine supplementation with caffeine.,Negative control with alanine supplementation with caffeine.,NegHigh,190.7284109545559,Yes,41,B6,614.0524450244238,0.1794671459021495,arginine_caffeine.tsv
51,6346.5161290322585,6680.387096774193,12966.132049030412,727.0967741935484,1426.0,9710.451612903224,30437.16129032258,5416.129032258064,494.1290322580645,882.9032258064516,High arginine supplementation with caffeine treatment.,1479.4193548387098,16926.516129032258,33584.45161290323,123.16129032258064,280.4516129032258,226953.61290322585,1246.451612903226,0.5409297038613619,1546.1935483870968,6057.1612903225805,21881.16129032258,High arginine supplementation with caffeine treatment.,High arginine supplementation with caffeine treatment.,PosHigh,283.4193548387097,Yes,54,G7,200.32258064516128,0.1476063157649122,arginine_caffeine.tsv
52,4088.3846389286496,8468.86561023065,69835.02664595841,2185.902421308821,1744.8658798540098,4697.159668281029,28755.582502853733,3456.4732664179846,1910.6763391550537,3485.3936953658413,Baseline condition with no supplementation or treatment.,384.6417050064916,1804.1527591971155,15897.077785487596,750.4851311968765,261.2478748289705,29208.669223036817,899.9073474274686,2.25570823203976,1277.318945196996,477.6690847887634,2428.8340244708165,Baseline condition with no supplementation or treatment.,Baseline condition with no supplementation or treatment.,None,280.04615364507725,None,27,D4,583.2286504484397,0.2374322334958984,arginine_caffeine.tsv
53,4756.487213997309,2309.56931359354,31097.70956529057,2981.5208613728128,748.021534320323,3084.0040376850607,10883.29071332436,4288.445491251682,81.35262449528936,748.021534320323,Caffeine treatment without arginine supplementation.,3519.293405114401,659.2732166890983,15121.022880215343,154.2530282637954,318.01480484522205,18155.370121130552,1243.5329744279943,1.4297644191799703,785.0,343.371467025572,11830.99596231494,Caffeine treatment without arginine supplementation.,Caffeine treatment without arginine supplementation.,None,339.14535666218035,Yes,34,C5,680.4037685060565,0.1846978708004027,arginine_caffeine.tsv
54,3679.6473829201104,10795.234159779617,27161.861527509507,1657.900826446281,2020.030303030303,4077.818181818182,35275.87327823691,3084.107438016529,2251.724517906336,7064.099173553719,Caffeine treatment without arginine supplementation.,3049.7823691460057,20172.84297520661,16076.14600550964,128.7190082644628,490.8484848484849,9520.05785123967,2517.7438016528927,1.2908635695796722,1336.9614325068871,18.87878787878788,23739.217630854,Caffeine treatment without arginine supplementation.,Caffeine treatment without arginine supplementation.,None,393.0220385674931,Yes,0,A1,502.86225895316807,0.1690952285820516,arginine_caffeine.tsv
55,8141.285092222183,9770.346585478104,54526.46090024819,2153.5790703437533,5026.358622154566,4338.532658335398,37730.6731334301,6668.291712394237,3109.295146387227,7988.434878040146,Negative control with alanine supplementation without caffeine.,613.8142811626013,1024.9009098311326,26554.104577477254,1397.3727475484122,78.03405671398733,20689.48320175594,2925.070414557298,2.039938753522417,892.96704074769,255.01851524055647,1962.9185400219487,Negative control with alanine supplementation without caffeine.,Negative control with alanine supplementation without caffeine.,NegHigh,43.441639820157896,None,48,A7,335.46599638899704,0.2248587466373232,arginine_caffeine.tsv
56,6816.742523934972,7904.632251412935,40725.7273935889,1588.7238680398375,1537.7407519347369,5364.473466647022,30423.42478401158,5657.626384251353,2714.101180889199,4256.340443068504,High arginine supplementation without caffeine treatment.,1036.9066113728625,1649.4537563415022,25592.774533053263,548.8182498372635,189.6871819792728,147392.93841155435,2861.052515545078,1.7707495555496104,374.8758537139778,3459.3543780725868,1755.168747088844,High arginine supplementation without caffeine treatment.,High arginine supplementation without caffeine treatment.,PosHigh,286.405152237479,None,24,A4,505.332650806442,0.2556595975163463,arginine_caffeine.tsv
57,7942.5028830169085,4291.123008721438,29843.427359499427,2213.210582544144,2350.1790865204607,4658.599482804239,19240.73411345357,7033.833783466709,638.0727868165003,53.4511235029529,Low arginine supplementation with caffeine treatment.,3270.540619336931,11739.202999336032,27876.43125439941,905.3284043312648,105.23189939643854,72339.41427080889,1793.953332567857,1.411888165275183,816.7999810294991,288.9701364378392,17052.578745051444,Low arginine supplementation with caffeine treatment.,Low arginine supplementation with caffeine treatment.,PosLow,105.23189939643854,Yes,52,E7,484.4008067455107,0.1917309499400507,arginine_caffeine.tsv
58,5418.556822361162,4030.375873482898,17973.35571316766,2064.3824935638104,1864.920926811328,4864.0,13558.914306730416,4174.381757999265,1674.403824935638,13526.71423317396,Negative control with alanine supplementation with caffeine.,1118.952556086797,4680.638470025745,10042.84516366311,665.4681868333946,188.728208900331,12331.733725634424,2991.9235012872377,0.8685102449402669,1124.3192350128725,39.355645457888926,6220.875321809489,Negative control with alanine supplementation with caffeine.,Negative control with alanine supplementation with caffeine.,NegHigh,182.467083486576,Yes,36,E5,118.0669363736668,0.1698995013453132,arginine_caffeine.tsv
59,7534.525766460763,6101.56350563134,29567.800576138416,1589.7721879486585,2266.732117219499,4683.8997742769625,22574.25511788845,6352.714364513365,330.1932611697695,6848.641694996146,Low arginine supplementation with caffeine treatment.,1255.7542944101274,10332.881782938151,15433.666485410153,590.2682622455725,498.4770853952891,13370.914761191283,3145.122684578461,1.3757045562406385,1102.7689996596548,122.38823580037788,14796.227757283184,Low arginine supplementation with caffeine treatment.,Low arginine supplementation with caffeine treatment.,PosLow,498.4770853952891,Yes,22,G3,121.11335834412397,0.1833521683814626,arginine_caffeine.tsv
60,3332.2213465821483,5102.211801561468,7171.945333366115,278.3574732617049,1053.441739374743,6567.622702464573,20757.80258939279,3074.0347047162195,967.1913654274456,35.2989549426075,High arginine supplementation with caffeine treatment.,1986.826892483908,13065.65603661372,24955.35260285372,82.70040872268044,460.9034973934752,145164.43084754888,1112.4213514770308,0.3067211667511503,620.2530654201033,3911.124207640912,17249.086468097605,High arginine supplementation with caffeine treatment.,High arginine supplementation with caffeine treatment.,PosHigh,557.7234880931986,Yes,40,A6,690.8509753053183,0.1654271410082018,arginine_caffeine.tsv
61,5595.024072869226,7008.02081977879,72892.35332009096,1875.8204294079376,1076.757319453481,4864.0,21708.40858815876,4875.867273910215,2428.8353936239428,2890.076772934288,Low arginine supplementation without caffeine treatment.,1306.9824333116462,1303.8178269355888,18791.43266102798,271.3649967469096,52.2160052049447,16333.324658425505,1101.2830188679245,2.2733850622136766,1047.4847104749513,390.8288874430709,2404.309694209499,Low arginine supplementation without caffeine treatment.,Low arginine supplementation without caffeine treatment.,PosLow,52.2160052049447,None,2,C1,905.0774235523749,0.2408920081270759,arginine_caffeine.tsv
62,10757.51292717458,2929.4051851635254,63045.32401190778,4841.871062955469,1373.4277690581491,2529.8625614375187,9677.714543225416,8423.116261396122,3005.180510352941,3719.879600207652,Low arginine supplementation without caffeine treatment.,935.1363994966456,1363.0947701686837,21198.14722173888,2535.0290608822515,5.16649944473285,31699.918426399185,1633.4749077763693,2.102644690043101,1004.0230587597504,160.16148278671832,2505.752230695432,Low arginine supplementation without caffeine treatment.,Low arginine supplementation without caffeine treatment.,PosLow,3.874874583549637,None,65,B9,903.27631958746,0.2322983628862143,arginine_caffeine.tsv
63,2961.073170731708,1321.6158536585367,69948.68022037539,511.4878048780488,2026.75,966.189024390244,4789.682926829269,2299.2439024390246,961.2865853658536,54.74390243902439,Negative control with alanine supplementation without caffeine.,206.3109756097561,415.890243902439,9423.30487804878,812.579268292683,163.41463414634146,13441.670731707318,1227.2439024390244,2.004300076255584,183.8414634146341,199.77439024390245,440.8109756097561,Negative control with alanine supplementation without caffeine.,Negative control with alanine supplementation without caffeine.,NegHigh,170.76829268292684,None,63,H8,1282.3963414634147,0.3617387554070843,arginine_caffeine.tsv
64,9994.420634920634,8835.611111111111,24259.26768364329,1118.936507936508,2963.063492063492,6905.507936507936,33291.47619047619,7613.253968253968,1528.8809523809523,10261.071428571428,Low arginine supplementation with caffeine treatment.,777.5238095238095,10111.547619047618,20854.83333333333,2049.722222222222,57.31746031746032,20128.396825396823,2016.079365079365,1.178078646498028,785.0,480.9682539682539,14245.880952380952,Low arginine supplementation with caffeine treatment.,Low arginine supplementation with caffeine treatment.,PosLow,128.34126984126982,Yes,5,F1,127.09523809523807,0.1829144699533433,arginine_caffeine.tsv
65,5232.69972634794,1949.585824506016,27829.27979388057,3149.476759763485,1760.9773757570135,4867.8039837933375,8416.296607493154,4376.853348356237,747.7993269495606,3894.4327432645687,Low arginine supplementation with caffeine treatment.,1843.4343357628584,10454.97386005146,16694.21716716041,723.1570170627564,285.2821259972342,11530.705464725415,3822.401375903141,1.3371215765797584,1048.2459513386743,107.09926989264936,14080.236756860168,Low arginine supplementation with caffeine treatment.,Low arginine supplementation with caffeine treatment.,PosLow,296.6554997911438,Yes,42,C6,210.40741518732884,0.1883713427408357,arginine_caffeine.tsv
66,7405.820156994524,9010.00107565296,63212.73904847323,4112.224281969389,2632.077970423717,5372.9247501617065,34802.20253111727,5545.301050303037,2335.03098826135,3567.744160489761,Baseline condition with no supplementation or treatment.,805.2708338705718,3480.6018980566896,22146.220081257263,1788.0065671486393,254.42996330823755,30208.46954358704,1772.740769350145,2.179564260681268,880.9637479547724,1013.9034037833266,4065.154738757365,Baseline condition with no supplementation or treatment.,Baseline condition with no supplementation or treatment.,None,286.23370872176724,None,35,D5,711.7678223547945,0.2371954964500434,arginine_caffeine.tsv
67,10301.269039418294,7784.590508993494,28549.848526663634,2600.448143895905,1317.5763490241102,4753.32721010333,31569.17719096824,8424.829697665518,1753.1783390738617,8215.405663987754,Caffeine treatment without arginine supplementation.,707.2548794489094,13941.657099119786,16423.63107539227,1037.5464982778417,750.3363949483353,17953.02487562189,2194.7638729429773,1.3174120404548235,800.5981630309989,235.75162648296973,18089.449674703406,Caffeine treatment without arginine supplementation.,Caffeine treatment without arginine supplementation.,None,740.7627248373517,Yes,17,B3,381.7500956754688,0.1766808084758565,arginine_caffeine.tsv
68,4963.731225296443,4787.324110671937,70160.28487748031,1174.0197628458498,623.9424054206663,6357.608130999435,20567.505364201017,4511.850931677019,2009.1293054771315,3336.0931677018634,Baseline condition with no supplementation or treatment.,2169.025409373236,1927.443252399774,20180.80011293055,636.9774138904573,150.33709768492378,11155.360248447205,1301.7628458498025,2.2616000000001764,966.3286278938452,69.52004517221908,4996.753246753247,Baseline condition with no supplementation or treatment.,Baseline condition with no supplementation or treatment.,None,168.58610954263128,None,7,H1,467.52230378317336,0.2250118290464349,arginine_caffeine.tsv
69,6118.0,3778.0,31903.17148281138,460.0,790.0,11182.0,13918.0,4744.0,16.0,32.0,Low arginine supplementation with caffeine treatment.,182.0,442.0,20934.0,10.0,74.0,35608.0,154.0,1.4739154137656725,1202.0,430.0,708.0,Low arginine supplementation with caffeine treatment.,Low arginine supplementation with caffeine treatment.,PosLow,88.0,Yes,66,C9,786.0,0.1854176950885695,arginine_caffeine.tsv
70,3713.964580873672,5575.480519480519,16205.844011814735,975.6410861865407,1165.1475796930342,6071.461629279812,23759.94332939788,3243.3719008264466,3266.946871310508,11677.770956316412,Negative control with alanine supplementation with caffeine.,3227.050767414404,2044.6753246753249,17229.67650531287,1058.1534828807555,286.5265643447462,4411.239669421488,2549.72373081464,0.7622005363226537,631.9905548996459,114.24793388429752,9964.051948051949,Negative control with alanine supplementation with caffeine.,Negative control with alanine supplementation with caffeine.,NegHigh,287.43329397874857,Yes,62,G8,268.39197166469893,0.1645799229288263,arginine_caffeine.tsv
71,9858.26683194494,11830.59037282964,68207.83877542571,3805.250786661004,2279.933634417177,4978.726328655265,43741.619160721566,7653.392741047668,2982.9466804205927,6904.807829335738,Baseline condition with no supplementation or treatment.,751.2656096947842,2615.020882273905,22264.53709659244,851.1216095560892,48.92273818708229,30555.935957559315,1538.0504676623816,2.405484020996876,1241.163166061321,850.4514350603757,3236.272639800279,Baseline condition with no supplementation or treatment.,Baseline condition with no supplementation or treatment.,None,48.92273818708229,None,14,G2,727.8095023448133,0.2321558744564837,arginine_caffeine.tsv
72,5076.23971244596,8794.148443466624,61131.43677645554,1331.1969226673018,2262.437819241737,6201.76046972765,27419.50905613049,4258.96186265511,2642.857323028846,3122.0448006950623,High arginine supplementation without caffeine treatment.,974.6553905872296,271.3405875799637,20023.850001051,996.9053187687866,100.93869857974649,132121.15890443593,1729.5249052346885,2.2323668571653723,468.3338541630173,3025.990232691755,1520.0499716229565,High arginine supplementation without caffeine treatment.,High arginine supplementation without caffeine treatment.,PosHigh,68.92050924531078,None,50,C7,150.32268551929988,0.2421121687299076,arginine_caffeine.tsv
73,9498.321042205222,10844.664933552862,54101.45464932289,1693.6592871675448,3436.594442849584,11655.33244782358,36408.50865562893,7022.606035388281,3855.4393252227874,4503.97333663936,High arginine supplementation without caffeine treatment.,940.2153621394676,553.9561347516559,25537.616243673183,19.86930182036069,118.42103884934969,174005.0133057723,2192.776148895005,2.0818189501442528,730.3955349164588,5094.48898674048,2010.7733442205013,High arginine supplementation without caffeine treatment.,High arginine supplementation without caffeine treatment.,PosHigh,100.93605324743228,None,13,F2,37.35428742227809,0.2566587170666754,arginine_caffeine.tsv
74,2805.5623990509853,5842.185967780787,5718.370162513136,1757.5800447700142,286.6168607491331,5069.4568101663845,29267.74815931676,2578.2891173996904,184.3438840060504,433.0818644799676,High arginine supplementation with caffeine treatment.,786.6180803819819,11460.8865419378,30380.124610065595,6.31314671253597,193.1822894036007,174929.7196283167,1511.367322981111,0.2620294836206042,1916.6713419259208,3931.8277725674025,22185.660177193902,High arginine supplementation with caffeine treatment.,High arginine supplementation with caffeine treatment.,PosHigh,119.94978753818344,Yes,9,B2,810.6080378896186,0.1980461904803432,arginine_caffeine.tsv
75,6910.426381146502,7233.63582263042,64472.94790893408,1304.3064880528475,1743.245761810041,6186.854276663147,28507.07273888166,6249.410942756809,4001.54140779123,6178.513387850659,Low arginine supplementation without caffeine treatment.,1440.8885423573424,1917.3618157707328,23082.367177459622,1168.7670448499136,426.4279405384609,21587.262857821108,727.7425488895984,2.1572985141324588,442.0671070618764,137.62466540605584,4225.702794626851,Low arginine supplementation without caffeine treatment.,Low arginine supplementation without caffeine treatment.,PosLow,426.4279405384609,None,31,H4,1253.2185440763571,0.2322322627238262,arginine_caffeine.tsv
76,8121.604033005583,6185.115850807148,25450.86221204735,2283.5945544792867,1728.68107774082,8866.05585776583,26808.258272309587,6662.387112693319,1284.5219368945986,10670.095555804466,Negative control with alanine supplementation with caffeine.,842.6463906028567,4347.964031728562,14423.183206091177,432.7411680738248,189.5383480217808,10727.18541966645,2717.477519830351,1.2033140961155424,1511.739595065288,140.44106510047612,6527.655033979041,Negative control with alanine supplementation with caffeine.,Negative control with alanine supplementation with caffeine.,NegHigh,141.58286237771577,Yes,70,G9,269.46415742855584,0.1694810779308901,arginine_caffeine.tsv
77,10123.014141024354,2960.169228181926,58147.6415573429,3936.424301129379,2095.193579633379,3578.6916730003823,10711.497968213658,7611.37608971409,2057.6453075969384,3304.9306350619704,Low arginine supplementation without caffeine treatment.,855.417906575635,1688.9895457846137,20274.70150796745,1518.9982778378196,34.81748861560845,23972.86495562923,1460.9691301451387,2.106711771373857,918.9086211099798,548.2047717320311,2837.9666700996927,Low arginine supplementation without caffeine treatment.,Low arginine supplementation without caffeine treatment.,PosLow,34.81748861560845,None,37,F5,1161.948345564031,0.229390354534278,arginine_caffeine.tsv
78,8942.42932790224,4428.122199592668,16189.977220834198,2703.43299389002,2079.335234215886,4864.0,17911.605702647656,6982.9604887983705,2564.744602851324,15453.84928716904,Negative control with alanine supplementation with caffeine.,830.149083503055,920.2965376782076,9930.088798370673,960.9124236252544,5.943788187372708,8719.537270875764,2048.62566191446,0.788562649626963,1757.3800407331976,10.896945010183298,3863.462321792261,Negative control with alanine supplementation with caffeine.,Negative control with alanine supplementation with caffeine.,NegHigh,4.457841140529531,Yes,80,A11,272.7694872417627,0.1712459603509973,arginine_caffeine.tsv
79,6894.521093884817,8845.877333042696,51538.370566801976,2355.242781758898,2412.1425210938846,4651.553690635133,31366.99737518505,5400.394902954506,1421.9854499877388,4007.36735602118,Baseline condition with no supplementation or treatment.,742.2367782894198,1721.725148270256,17082.114601781966,1800.9783566297012,100.59061061006511,21165.68696584108,1317.8386056692368,1.939842511003792,458.7541483883273,478.059417091269,2641.773611981508,Baseline condition with no supplementation or treatment.,Baseline condition with no supplementation or treatment.,None,100.59061061006511,None,44,E6,1017.5908739998,0.2365043634665959,arginine_caffeine.tsv
80,6358.925373134329,2743.8805970149256,77617.8376129023,2075.4626865671644,1422.089552238806,5293.970149253732,10370.149253731344,5474.149253731343,1224.7164179104475,2076.537313432836,Baseline condition with no supplementation or treatment.,341.3731343283582,1156.2985074626863,9811.34328358209,664.4776119402985,136.11940298507463,13550.328358208955,699.5820895522388,2.357539294357156,187.34328358208955,247.8805970149254,1702.2089552238806,Baseline condition with no supplementation or treatment.,Baseline condition with no supplementation or treatment.,None,134.32835820895522,None,18,C3,460.2985074626866,0.2360346701385676,arginine_caffeine.tsv
81,4726.3171876742745,9458.251581418996,57359.32423718909,3317.521905206117,2427.194743040236,3956.198235415964,36532.62312036746,3794.422700587085,2145.210998303786,3574.7899432325985,Baseline condition with no supplementation or treatment.,1561.583287584322,1776.1605594754049,19686.06039448926,1659.8843938171478,36.5118394579068,22120.55750542108,1256.5689979590388,2.11640995612938,768.4337904371771,436.4569116737475,2476.0644358531263,Baseline condition with no supplementation or treatment.,Baseline condition with no supplementation or treatment.,None,36.5118394579068,None,53,F7,909.9873834124464,0.2388125902077338,arginine_caffeine.tsv
82,8691.931550418296,12346.912887975845,12577.066762925886,2014.7800851443,2549.6900091579623,3931.658884461165,51721.674960398,7325.570126478887,970.4997029850008,9458.115526459083,Negative control with alanine supplementation with caffeine.,2829.2052744913617,8947.326209098559,24783.21390648978,1166.3022746398692,38.309198802039504,263.90781396960546,4453.799075540815,0.6168008368255276,2278.687899113905,160.33109128260978,12388.059805207662,Negative control with alanine supplementation with caffeine.,Negative control with alanine supplementation with caffeine.,NegHigh,29.79604351269739,Yes,21,F3,871.1795579426761,0.1733937903195453,arginine_caffeine.tsv
83,6363.032967032967,8411.525274725274,29163.7955749153,1240.8395604395605,2056.1934065934065,5990.492307692307,28851.2043956044,4964.320879120879,1545.9956043956042,9391.49010989011,Low arginine supplementation with caffeine treatment.,1512.3032967032966,13871.604395604394,18421.02857142857,494.7956043956044,664.2197802197802,1398.7120879120878,2683.8329670329667,1.3728116539658717,530.4131868131868,137.65714285714284,17789.53846153846,Low arginine supplementation with caffeine treatment.,Low arginine supplementation with caffeine treatment.,PosLow,647.854945054945,Yes,11,D2,412.0087912087912,0.190861882653836,arginine_caffeine.tsv
84,10765.85261739244,4651.997216549428,32782.06686981014,2651.3511919742004,2163.0747117189594,4335.063192854343,22104.167315084127,8849.392192861218,2336.3980059272094,10312.240795978849,Caffeine treatment without arginine supplementation.,1151.8570923668267,11488.858358946853,15991.302333065163,1492.5611678390435,336.74240017602847,14709.70037474816,2326.4938176867377,1.496296032034313,125.7831906539871,161.43826831968423,15220.756487956489,Caffeine treatment without arginine supplementation.,Caffeine treatment without arginine supplementation.,None,336.74240017602847,Yes,75,D10,535.8165838095041,0.1831026031487983,arginine_caffeine.tsv
85,8492.511002704174,8850.009856705754,24189.02183594829,2537.4765753445404,2154.832542009517,5338.430899356911,34270.69289415136,5949.568084026277,1728.4577620076338,11740.612211385189,Negative control with alanine supplementation with caffeine.,1497.7780733399484,7014.4117653643125,15950.789846737114,982.848531337674,64.50285133361821,7031.904064031057,4292.17278535229,1.1413524706508902,1993.028779342136,143.21819533396587,8787.693542705478,Negative control with alanine supplementation with caffeine.,Negative control with alanine supplementation with caffeine.,NegHigh,64.50285133361821,Yes,30,G4,994.8744866710606,0.1664099220238628,arginine_caffeine.tsv
86,7536.395604395605,7203.604395604396,34641.383755038114,820.1978021978023,2571.032967032967,2282.4175824175827,24501.384615384617,6739.758241758243,1920.1758241758243,14695.824175824177,Caffeine treatment without arginine supplementation.,985.1208791208792,5253.978021978022,16667.53846153846,1331.1648351648353,325.42857142857144,9508.10989010989,3230.725274725275,1.524336017756954,781.9120879120879,182.5934065934066,18363.89010989011,Caffeine treatment without arginine supplementation.,Caffeine treatment without arginine supplementation.,None,338.6813186813187,Yes,71,H9,291.5604395604396,0.1785524191476701,arginine_caffeine.tsv
87,10962.68085106383,11881.702127659571,65484.3991628132,1150.0,2705.1914893617018,6835.404255319148,41847.27659574468,8832.0,2722.808510638298,6400.851063829787,High arginine supplementation without caffeine treatment.,2397.8723404255315,1658.9361702127658,31290.765957446805,627.3617021276596,94.93617021276594,214502.89361702127,2304.8936170212764,2.361977286095102,392.4680851063829,5945.744680851063,2493.787234042553,High arginine supplementation without caffeine treatment.,High arginine supplementation without caffeine treatment.,PosHigh,94.93617021276594,None,38,G5,176.17021276595742,0.2443039161750193,arginine_caffeine.tsv
88,4552.915294117647,1810.0517647058823,47770.403599016,1746.5411764705882,1687.0,10971.45411764706,10819.62411764706,3503.998235294118,692.6623529411764,397.9335294117647,Low arginine supplementation without caffeine treatment.,2092.8723529411764,426.7117647058824,22650.45588235294,470.3752941176471,354.27,57274.64235294118,815.7141176470589,1.8766513136622007,232.21058823529413,509.0770588235294,1392.2711764705882,Low arginine supplementation without caffeine treatment.,Low arginine supplementation without caffeine treatment.,PosLow,354.27,None,84,E11,553.7329411764706,0.2233171705236521,arginine_caffeine.tsv
89,5106.642250101174,4505.552003237556,27364.322121182096,627.3387292594092,1095.8741400242816,10982.365034399028,19343.81910157831,4509.489275596924,3127.506677458519,12666.205180089031,Caffeine treatment without arginine supplementation.,4253.566572237961,16481.42209631728,16010.26183731283,255.922703358964,118.1181707810603,8354.891946580332,2783.6515580736545,1.2934089345245168,1073.5629299878592,93.18211250505868,22040.850667745854,Caffeine treatment without arginine supplementation.,Caffeine treatment without arginine supplementation.,None,118.1181707810603,Yes,45,F6,728.3953864832052,0.1821630620351022,arginine_caffeine.tsv
90,3604.22896393818,6229.969089868346,10526.85913031449,2174.248425872925,1107.9267315397824,6203.773325701201,24197.181453921006,2692.0,107.86491127647396,24.65483686319405,High arginine supplementation with caffeine treatment.,2285.1951917572983,15757.522610188897,38057.82255294791,7.7046365197481395,57.01431024613623,187532.39381797367,772.0045792787636,0.4353238284154826,630.2392673153978,2422.337721808815,18751.544361763023,High arginine supplementation with caffeine treatment.,High arginine supplementation with caffeine treatment.,PosHigh,57.01431024613623,Yes,59,D8,1175.7275329135662,0.1463210356827407,arginine_caffeine.tsv
91,7337.152817913491,10796.018976680934,61712.38333834194,1048.551250946516,5003.280678709956,3975.7004527823706,41862.224845853096,5819.121200414148,1848.156140377988,6203.3644975351945,Negative control with alanine supplementation without caffeine.,906.4894685602138,1539.6791271963034,26150.86819860611,2128.2207970824124,54.79525892043083,19798.677071904312,2455.6393812489373,2.233632113522025,1493.6781690902626,372.7430575945357,1573.503361097804,Negative control with alanine supplementation without caffeine.,Negative control with alanine supplementation without caffeine.,NegHigh,54.79525892043083,None,76,E10,844.9293628594828,0.225478070555114,arginine_caffeine.tsv
92,7233.787396357975,11520.200562191643,52564.82216164659,2870.2390922598943,2738.297408386561,6291.926760708335,42378.99223609476,5442.76361577996,2169.9332317014337,3824.2789602670728,Low arginine supplementation without caffeine treatment.,945.2437557489562,1910.7862320938093,23802.27977074931,2465.6179283816723,403.2679158384953,32270.229379337845,992.6074371393836,2.0033130137337287,824.8046802132982,658.3551713269394,2711.9090716118944,Low arginine supplementation without caffeine treatment.,Low arginine supplementation without caffeine treatment.,PosLow,418.1536442754867,None,51,D7,268.61973588570913,0.2347315363238398,arginine_caffeine.tsv
93,5991.529411764706,7328.470588235294,49059.02770075765,1894.5882352941176,2707.764705882353,3251.764705882353,28124.70588235294,4759.058823529412,1832.470588235294,3941.176470588235,Negative control with alanine supplementation without caffeine.,1121.8823529411766,883.2941176470588,15352.470588235294,1093.1764705882354,163.2941176470588,12101.176470588236,1279.529411764706,1.9617311709563887,1173.6470588235295,316.2352941176471,944.0,Negative control with alanine supplementation without caffeine.,Negative control with alanine supplementation without caffeine.,NegHigh,152.0,None,32,A5,871.5294117647059,0.2324552506478297,arginine_caffeine.tsv
94,7003.0478300031255,9551.710042094815,54614.96537083171,1007.295233543501,1934.6813110053124,7437.416407786622,37125.50067094355,5741.729453502693,3363.5156706678185,3933.876436094925,High arginine supplementation without caffeine treatment.,1938.3468686237384,1054.2143710593557,24738.11525523428,447.1980294479881,296.17705556883146,169946.24786309074,1878.9648352052352,2.1012070778363743,174.4805426370839,4253.513060421684,1787.325894744582,High arginine supplementation without caffeine treatment.,High arginine supplementation without caffeine treatment.,PosHigh,266.8525946214224,None,67,D9,187.67655006341795,0.25136006159185,arginine_caffeine.tsv
95,7856.793770856508,10961.803781979976,53177.21118254879,2420.096996662958,3781.4015572858734,6572.182424916574,36550.70789766407,6640.354171301447,2512.7679644048944,7312.484983314795,Negative control with alanine supplementation without caffeine.,928.840044493882,401.5741935483871,19770.871635150168,1069.4442714126808,66.04137931034482,46610.30122358176,2225.168409343715,2.040943528727768,2008.936151279199,1129.094549499444,1337.870522803115,Negative control with alanine supplementation without caffeine.,Negative control with alanine supplementation without caffeine.,NegHigh,17.04293659621802,None,93,F12,355.77130144605115,0.2157611941167518,arginine_caffeine.tsv
96,8615.119670606986,4601.606986319564,23979.70707035349,2326.20547217426,363.3252756010094,9180.12126444415,17358.018993226193,6961.68176384646,2949.708593438704,11888.1261787754,Low arginine supplementation with caffeine treatment.,1929.0108912206133,13932.600610970912,16956.205870633552,24.63222207464471,133.9377075308806,11591.0,1808.9288086067208,1.0923562597231242,358.7067339620136,261.71735954310003,18227.844335237085,Low arginine supplementation with caffeine treatment.,Low arginine supplementation with caffeine treatment.,PosLow,133.9377075308806,Yes,88,A12,340.23256740603,0.1768396804060384,arginine_caffeine.tsv
97,7738.20507105447,13101.71074758635,66410.7972917764,4856.332824179678,3321.0656054629194,7375.393166133843,45860.18859650394,6575.679346235113,3141.569189344293,6475.619641930687,Low arginine supplementation without caffeine treatment.,34.7535614187127,382.6710828741772,23514.794326076688,1400.835860261958,77.90908274085045,32231.445818611835,1250.3643965369822,2.209607223986149,1479.5087575394837,643.8956544170287,2466.357138923589,Low arginine supplementation without caffeine treatment.,Low arginine supplementation without caffeine treatment.,PosLow,77.90908274085045,None,79,H10,212.34044119565124,0.2084803387187235,arginine_caffeine.tsv
98,3232.0,5542.068071312804,8524.487520060695,1240.4175040518635,1076.984116693679,5544.163371150729,25465.226580226903,2839.1312803889787,200.10113452188008,274.48427876823337,High arginine supplementation with caffeine treatment.,1058.12641815235,10095.154619124796,22994.8680713128,521.729659643436,319.53322528363043,112008.44343598056,933.456077795786,0.3324542070415588,570.969205834684,3157.616855753646,12807.520259319286,High arginine supplementation with caffeine treatment.,High arginine supplementation with caffeine treatment.,PosHigh,296.4849270664505,Yes,91,D12,631.7329011345219,0.1558011951434312,arginine_caffeine.tsv
99,2901.4379610999326,11287.983903420523,9849.456240636717,956.9148222669348,1054.411804158283,11759.219315895372,42584.51509054326,2692.0,362.9054325955734,28.887994634473507,High arginine supplementation with caffeine treatment.,1847.0261569416496,19994.103286384976,40988.45338698859,429.7089201877934,10.832997987927564,208629.0972501677,2657.6955063715627,0.3898210721303892,3152.4024144869213,2493.3950368879946,22841.37625754527,High arginine supplementation with caffeine treatment.,High arginine supplementation with caffeine treatment.,PosHigh,8.124748490945674,Yes,82,C11,1845.220657276995,0.3903903617394568,arginine_caffeine.tsv
100,7570.999999999999,2094.2027027027025,33179.59402242357,3315.5945945945946,1222.2972972972973,4312.445945945946,8805.067567567567,6106.959459459459,989.608108108108,3037.635135135135,Caffeine treatment without arginine supplementation.,1497.5405405405404,11811.918918918918,18212.22972972973,533.2837837837837,20.824324324324323,15897.108108108108,2661.891891891892,1.4936347293643748,1373.5,194.66216216216216,14150.58108108108,Caffeine treatment without arginine supplementation.,Caffeine treatment without arginine supplementation.,None,24.445945945945944,Yes,28,E4,159.35135135135133,0.1841641278555507,arginine_caffeine.tsv
101,5242.012065583135,6624.741626063457,65161.17098281986,1820.438917985376,1935.6413808242653,9849.210559897803,27649.19109416088,4242.090688911208,2143.245819065182,3149.467330423611,High arginine supplementation without caffeine treatment.,844.2180479912404,750.0160341073564,21109.65128957201,874.2186893555346,194.4041560406268,142610.4487764819,1334.4285278838086,2.3573367043632185,772.2165087169342,3868.8827103393874,754.8161367256434,High arginine supplementation without caffeine treatment.,High arginine supplementation without caffeine treatment.,PosHigh,194.4041560406268,None,74,C10,184.20393797676672,0.249959990532101,arginine_caffeine.tsv
102,7418.255724530406,6984.972506873281,69006.1543596759,4232.2485724722665,1424.504546940188,10053.202276353988,26813.69753715417,6127.002960798262,2757.0223790206296,5958.503931709381,Low arginine supplementation without caffeine treatment.,1920.5450560436807,816.7044777267222,22843.654086478386,359.34997019975776,131.53240536019842,37135.98244669602,1254.2861400034608,2.2980816360552483,726.4371407148213,584.5884682675485,2083.026262665103,Low arginine supplementation without caffeine treatment.,Low arginine supplementation without caffeine treatment.,PosLow,110.04018226212678,None,16,A3,1377.2216561244304,0.246891194984984,arginine_caffeine.tsv
103,1039.1369294605809,1178.091286307054,4910.29851068743,667.9655258754959,1643.286307053942,3587.892116182573,9609.751037344398,1011.195020746888,240.149377593361,70.98755186721992,Growth with alanine supplementation and lithium chloride treatment as a negative control.,1468.0829875518673,3319.045643153527,18665.195020746887,475.0124481327801,169.9170124481328,67032.63900414939,1126.7385892116183,0.1440216201269319,435.7427385892116,1216.6058091286309,4093.112033195021,Growth with alanine supplementation and lithium chloride treatment as a negative control.,Growth with alanine supplementation and lithium chloride treatment as a negative control.,NegHigh,268.091286307054,Yes,41,B6,1322.331950207469,0.083399394660035,arginine_licl.tsv
104,2965.269607843137,1217.7843137254902,53723.61846022828,10.558823529411764,179.5,8522.730392156864,12596.676470588236,2542.916666666667,49.274509803921575,341.40196078431376,Growth with physiological level of arginine supplementation.,1733.406862745098,160.1421568627451,23444.10784313725,26.397058823529413,580.7352941176471,28322.284313725493,183.0196078431373,2.020740796825134,1569.7450980392157,119.66666666666669,311.4852941176471,Growth with physiological level of arginine supplementation.,Growth with physiological level of arginine supplementation.,PosLow,571.936274509804,None,84,E11,674.0049019607843,0.2199020172841193,arginine_licl.tsv
105,15015.914204133502,9252.62248612724,56145.90027294947,1965.763531810088,5008.878038109141,6039.329405499705,59606.720644518165,13651.805631957175,4597.501484417459,5020.937937077301,Growth with physiological level of arginine supplementation.,2023.3830491024084,3659.5093424494553,41999.26815100449,1863.924384967848,92.45922542256038,37949.8220752512,2828.716302420652,1.992764186980093,1385.548392564166,373.8568680129616,4621.621282353779,Growth with physiological level of arginine supplementation.,Growth with physiological level of arginine supplementation.,PosLow,92.45922542256038,None,2,C1,1799.6049238043274,0.2061373431692583,arginine_licl.tsv
106,4243.303225806451,1965.5225806451613,11057.424415956311,631.3290322580644,2004.1290322580644,2106.322580645161,12564.129032258064,4169.496774193548,187.3548387096774,160.1032258064516,Growth with lithium chloride treatment without arginine supplementation.,1068.4903225806452,4514.683870967741,12675.406451612902,583.6387096774193,282.7354838709677,38366.86451612903,1313.7548387096774,0.3296676630173674,1130.9419354838708,825.4967741935484,5118.76129032258,Growth with lithium chloride treatment without arginine supplementation.,Growth with lithium chloride treatment without arginine supplementation.,None,176.0,Yes,81,B11,371.3032258064516,0.4028882147428204,arginine_licl.tsv
107,2764.0,1737.7019297837712,7130.989733393961,427.6810343955849,367.5907928388747,3822.430132527319,12387.552662171587,2682.3845617298302,250.4247968782902,416.7371337845553,Growth with supraphysiological level of arginine and lithium chloride treatment.,97.68146942571497,6453.403394559405,11184.528249244362,988.382236689142,118.24598930481282,248722.72680771915,3157.939083933969,0.2084712166629244,2341.784701232272,6844.129272262265,6887.828877005348,Growth with supraphysiological level of arginine and lithium chloride treatment.,Growth with supraphysiological level of arginine and lithium chloride treatment.,PosHigh,118.24598930481282,Yes,68,E9,900.983027202976,0.0852001769828436,arginine_licl.tsv
108,3366.767272727273,1251.9309090909092,7439.725468215064,104.43636363636364,908.5963636363635,5669.589090909091,6789.669090909091,3519.5054545454545,101.82545454545456,248.03636363636363,Growth with physiological level of arginine and lithium chloride treatment.,499.9890909090909,4349.774545454546,9946.258181818182,2840.6690909090908,244.12,138781.5672727273,2681.4036363636365,0.214552555920533,1505.189090909091,1310.6763636363637,5125.214545454545,Growth with physiological level of arginine and lithium chloride treatment.,Growth with physiological level of arginine and lithium chloride treatment.,PosLow,267.6181818181818,Yes,11,D2,199.73454545454547,0.0995822676162727,arginine_licl.tsv
109,2759.567307692308,943.298076923077,6203.5465112321,504.5192307692308,2054.769230769231,3699.807692307693,8879.538461538463,2759.567307692308,131.48076923076923,29.048076923076923,Growth with supraphysiological level of arginine and lithium chloride treatment.,1184.8557692307693,4705.788461538462,8445.346153846154,223.21153846153848,103.96153846153848,226223.3653846154,3085.2115384615386,0.1989755745502515,795.0,5587.932692307692,4993.211538461539,Growth with supraphysiological level of arginine and lithium chloride treatment.,Growth with supraphysiological level of arginine and lithium chloride treatment.,PosHigh,103.96153846153848,Yes,82,C11,298.125,0.1338855675322633,arginine_licl.tsv
110,6371.663644605621,10471.066787549107,53123.79158513277,257.7364762768208,1838.984587488667,13407.869446962828,60409.25052886068,5647.911755817468,4610.0,6350.06950740405,Growth with supraphysiological level of arginine supplementation.,2295.94439407676,490.3958899969779,56837.16228467815,419.3442127530976,271.6681776971895,284542.46297975216,2672.100332426715,2.07331338992057,1340.2296766394682,5887.537020247809,2517.4584466606225,Growth with supraphysiological level of arginine supplementation.,Growth with supraphysiological level of arginine supplementation.,PosHigh,300.9247506799637,None,24,A4,68.26533695980659,0.2400721813716179,arginine_licl.tsv
111,2368.660645801768,2386.499931000275,6709.987544453232,472.1679134893584,664.0178379444286,3404.330258715093,13528.124608867836,2263.60707741056,276.5089205768591,247.7678499792644,Growth with alanine supplementation and lithium chloride treatment as a negative control.,1824.5624472473032,2712.5624215729868,23636.061816621903,855.2946181284208,55.49999839535523,71341.28365162948,1291.3660340919262,0.2250472614181341,870.1606891271766,2129.8124384217567,2599.580281982442,Growth with alanine supplementation and lithium chloride treatment as a negative control.,Growth with alanine supplementation and lithium chloride treatment as a negative control.,NegHigh,55.49999839535523,Yes,36,E5,2270.54457720998,0.1354279763342544,arginine_licl.tsv
112,7609.562624254473,10068.677932405566,43963.2028047852,157.19284294234592,2602.017892644136,12864.805168986084,58490.02783300199,6951.019880715706,3658.306163021869,7844.161033797217,Growth with supraphysiological level of arginine supplementation.,3274.8508946322067,864.5606361829026,52110.61829025845,8.93141153081511,270.324055666004,269783.407554672,3872.660039761432,1.9520729206977416,1375.4373757455269,6836.697813121273,2659.178926441352,Growth with supraphysiological level of arginine supplementation.,Growth with supraphysiological level of arginine supplementation.,PosHigh,278.6600397614314,None,38,G5,441.8071570576541,0.240158560875275,arginine_licl.tsv
113,5293.02003920327,3782.7296077182777,61152.969351963926,2208.171498297753,1622.3468955777148,4280.392139424189,27065.75580133689,4971.681649525613,2409.2139779935187,5883.788309456812,Growth with physiological level of arginine supplementation.,1647.0652332452269,2986.799134824386,22903.18773812785,1167.529482495491,184.5635879174241,57091.94451065284,844.5432036399988,2.213721429642616,783.5713040601355,565.2259879971114,2834.369385874728,Growth with physiological level of arginine supplementation.,Growth with physiological level of arginine supplementation.,PosLow,187.03542168417533,None,79,H10,694.5852884570917,0.2472987147319172,arginine_licl.tsv
114,9955.24446494465,4150.69188191882,56848.48589319844,356.3376383763838,2183.4317343173434,9254.90774907749,30023.17343173432,9115.728782287824,2662.167896678967,5994.566420664207,Growth with physiological level of arginine supplementation.,1960.3505535055351,4458.662361623617,28789.317343173432,1324.6678966789668,1023.6070110701108,32544.18819188192,2338.4040590405907,2.107314546061751,1197.3339483394834,871.5959409594096,4741.955719557196,Growth with physiological level of arginine supplementation.,Growth with physiological level of arginine supplementation.,PosLow,998.929889298893,None,31,H4,709.7140221402215,0.233885054587976,arginine_licl.tsv
115,1912.1491735059533,921.2278349323778,8531.76919557861,145.04739336492892,546.2272569645128,1350.002080684314,6909.208761992833,1785.8518090394175,11.320772165067623,79.08133869142205,Growth with supraphysiological level of arginine and lithium chloride treatment.,643.8689168882211,1555.8986244364814,6121.0,149.2926829268293,183.96254768234888,74675.35094208762,481.132817015374,0.2368317624861606,1029.4827187608369,1577.1250722459831,1367.6907871922322,Growth with supraphysiological level of arginine and lithium chloride treatment.,Growth with supraphysiological level of arginine and lithium chloride treatment.,PosHigh,178.3021615998151,Yes,40,A6,133.01907293954457,0.1135480292915289,arginine_licl.tsv
116,5916.186195599151,7691.679956228823,57211.69377339531,474.1737827789424,4433.418551991456,4268.2728249548445,50000.88117509789,5321.519822278475,3204.394128465768,6530.698407361995,Growth with alanine supplementation as a negative control.,1530.2558998800248,2493.487844269536,33783.99604806919,1422.521348336827,17.719498609078563,16974.5708875529,2766.3681228493456,2.0736900281187287,1493.3993427731414,149.55256826062308,2693.3637885799417,Growth with alanine supplementation as a negative control.,Growth with alanine supplementation as a negative control.,NegHigh,36.14777716252027,None,43,D6,675.4672869780749,0.20558547085529,arginine_licl.tsv
117,502.3866113129216,5144.674623767514,6692.2664211554375,601.0960041515308,1764.9828749351325,2429.4296834457705,25499.435391800725,344.7462376751427,334.433316035288,13.9961079398028,Growth with alanine supplementation and lithium chloride treatment as a negative control.,2839.0,157.64037363777894,22236.132330046705,649.7140633108459,400.7306694343539,17923.85781006746,248.983393876492,0.2138264758395163,2560.551115723923,738.1105345096004,260.7695900363259,Growth with alanine supplementation and lithium chloride treatment as a negative control.,Growth with alanine supplementation and lithium chloride treatment as a negative control.,NegHigh,377.158277114686,Yes,90,C12,583.4167099117799,0.1052280357776051,arginine_licl.tsv
118,10282.860606654433,8010.712338472323,60902.14199132942,710.4806129101551,4790.967067007842,5065.431460259199,45337.86982065671,9241.459317070963,2465.8367482297435,5457.151211386924,Baseline growth without any supplementation or treatment.,2319.050411332658,2864.5049650094024,30451.650719596622,705.2692636712053,449.91315096266544,39043.42849821185,1487.8402077201658,2.1977477909979246,885.9293706214647,627.0990250869584,3140.706474673741,Baseline growth without any supplementation or treatment.,Baseline growth without any supplementation or treatment.,None,451.6502673756487,None,56,A8,1392.2988050060862,0.2395270284746221,arginine_licl.tsv
119,2100.173112127908,764.633257455374,5908.782012605581,541.554072938643,152.6331262482896,6077.440151866993,5339.224166262285,2100.173112127908,430.0144806802775,13.942449032295686,Growth with alanine supplementation and lithium chloride treatment as a negative control.,981.8419371164016,5036.893166193558,14558.852042144548,11.007196604443962,115.94247090014308,13841.182823534802,694.1871991869326,0.179479950076023,289.12236414339475,27.88489806459137,5101.468719606295,Growth with alanine supplementation and lithium chloride treatment as a negative control.,Growth with alanine supplementation and lithium chloride treatment as a negative control.,NegHigh,115.94247090014308,Yes,3,D1,403.597208829612,0.10356613602981,arginine_licl.tsv
120,4742.685929013254,8653.430887976501,51692.05111281468,736.5168854740748,3211.5825975995263,3804.937005166364,43514.03966540857,6381.6718799845885,2912.8307280553845,4679.408623311196,Growth with alanine supplementation as a negative control.,3147.267959017107,396.2611602981328,38096.05003127991,1418.0340474543127,81.94929754856672,15306.883982615833,2521.7562321590594,2.001994812733709,854.7622934179618,681.5277023975739,1567.4099822263838,Growth with alanine supplementation as a negative control.,Growth with alanine supplementation as a negative control.,NegHigh,114.10661683977644,None,25,B4,561.1970882756278,0.2376897362482258,arginine_licl.tsv
121,1549.828073682707,1012.2905897472511,7692.135635664525,386.834822527425,84.28587748107954,6023.0,6338.642010566899,1487.9037555333427,136.74953591318007,104.7988251765796,Growth with alanine supplementation and lithium chloride treatment as a negative control.,1321.0521205197772,2202.6135941739253,10305.238612023417,850.5993145794658,96.32671712123376,9208.662144795087,646.7651006711409,0.2539394581402744,442.0708267885192,181.47265457661,2072.744538055119,Growth with alanine supplementation and lithium chloride treatment as a negative control.,Growth with alanine supplementation and lithium chloride treatment as a negative control.,NegHigh,122.12851635013564,Yes,55,H7,559.8990432671711,0.1064304051781681,arginine_licl.tsv
122,10752.796542553191,10184.590425531916,48391.30933396208,1826.3271276595744,3078.1888297872338,10756.273936170212,59213.05851063829,9368.09840425532,6455.433510638298,2916.8377659574467,Growth with supraphysiological level of arginine supplementation.,2720.7127659574467,3143.5638297872338,54624.28989361702,34.773936170212764,8.345744680851062,246903.29255319148,4345.351063829787,1.9587259027336368,1119.7207446808509,5186.880319148936,3777.840425531914,Growth with supraphysiological level of arginine supplementation.,Growth with supraphysiological level of arginine supplementation.,PosHigh,4.868351063829786,None,1,B1,830.4015957446808,0.2383006072696974,arginine_licl.tsv
123,1810.2734375,1872.6640625,6818.6857459175935,82.2421875,192.84375,2232.828125,13639.9140625,1606.0859375,7.5625,152.70384621838068,Growth with alanine supplementation and lithium chloride treatment as a negative control.,1267.6640625,1134.375,16921.09375,376.234375,121.0,62590.0859375,137.0703125,0.2227318043295429,606.890625,1166.515625,985.9609375,Growth with alanine supplementation and lithium chloride treatment as a negative control.,Growth with alanine supplementation and lithium chloride treatment as a negative control.,NegHigh,121.0,Yes,62,G8,704.2578125,0.1289739359816635,arginine_licl.tsv
124,422.2150259067358,984.481865284974,11842.05131880942,3.089378238341969,202.35940066897368,3857.603626943005,3426.1204663212434,422.2150259067358,88.3446355012209,77.23265576502057,Growth with lithium chloride treatment without arginine supplementation.,687.901554404145,2847.376943005181,4984.19689119171,702.3186528497409,107.09844559585493,18759.73445595855,291.43134715025906,0.3117711326933658,795.0,203.89896373057,2771.172279792746,Growth with lithium chloride treatment without arginine supplementation.,Growth with lithium chloride treatment without arginine supplementation.,None,71.05569948186529,Yes,0,A1,598.3095854922279,0.276424546750213,arginine_licl.tsv
125,1432.0608108108108,912.3851351351352,7170.290344145148,445.4581031792488,51.67229729729729,4465.9628378378375,3541.766891891892,1285.9020270270269,11.81081081081081,14.025337837837837,Growth with lithium chloride treatment without arginine supplementation.,252.45608108108107,3795.699324324324,4688.891891891892,965.5337837837836,79.72297297297297,36821.67905405405,419.28378378378375,0.2343666427535606,221.45270270270268,943.3885135135134,3916.760135135135,Growth with lithium chloride treatment without arginine supplementation.,Growth with lithium chloride treatment without arginine supplementation.,None,104.82094594594594,Yes,94,G12,286.41216216216213,0.1136345128241205,arginine_licl.tsv
126,8130.918604651163,6086.581395348838,52536.34159069643,365.1104651162791,2775.261627906977,9070.779069767445,35002.063953488374,7198.796511627907,2208.25,4393.28488372093,Baseline growth without any supplementation or treatment.,1561.0406976744189,612.0348837209302,22870.406976744187,970.813953488372,121.0,28124.761627906977,1079.1511627906978,1.971830327271031,875.843023255814,847.0,2845.610465116279,Baseline growth without any supplementation or treatment.,Baseline growth without any supplementation or treatment.,None,125.22093023255816,None,27,D4,837.1511627906978,0.2373282307907342,arginine_licl.tsv
127,2331.0,2220.8571428571427,6777.014165785071,431.1428571428571,1542.0,1761.428571428571,14486.571428571428,2321.142857142857,75.42857142857143,273.5341548771964,Growth with supraphysiological level of arginine and lithium chloride treatment.,564.8571428571428,1614.857142857143,10955.142857142857,24.85714285714285,354.0,48019.71428571428,470.57142857142856,0.1869451130564828,508.2857142857143,1620.0,1842.0,Growth with supraphysiological level of arginine and lithium chloride treatment.,Growth with supraphysiological level of arginine and lithium chloride treatment.,PosHigh,354.0,Yes,9,B2,322.2857142857143,0.0704878196427947,arginine_licl.tsv
128,16356.67441860465,6891.372093023256,50398.74068600953,762.4418604651163,3261.9651162790697,8957.313953488372,38663.151162790695,14600.302325581397,3523.767441860465,5846.0,Baseline growth without any supplementation or treatment.,1481.7093023255811,1147.3372093023256,32468.08139534884,801.9418604651163,379.3837209302325,40042.895348837206,3350.151162790697,1.9827374193758216,1577.2441860465117,630.1627906976744,2643.7441860465115,Baseline growth without any supplementation or treatment.,Baseline growth without any supplementation or treatment.,None,379.3837209302325,None,18,C3,641.1860465116279,0.2317843942967904,arginine_licl.tsv
129,2655.3938710283887,706.1912348897121,8498.96503943067,61.71996565093012,137.79341168579748,4148.155830957861,4456.755659212512,2655.3938710283887,295.6816959091071,262.29916397363587,Growth with physiological level of arginine and lithium chloride treatment.,747.81632800313,5401.214668475583,8444.152509870277,1297.5546267079262,77.50879407326109,61580.73689120593,1082.2524209488677,0.2398385580233355,1422.4299060481803,842.5492985371159,5873.444173107117,Growth with physiological level of arginine and lithium chloride treatment.,Growth with physiological level of arginine and lithium chloride treatment.,PosLow,63.15531368932385,Yes,5,F1,709.0619309664995,0.0836873550907239,arginine_licl.tsv
130,9808.498577120092,6396.068298235628,57743.59530764423,347.2122936824132,4250.1172453044965,10827.25327262379,42543.95219123506,8648.471257825839,3666.1240751280593,6797.998861696073,Growth with physiological level of arginine supplementation.,1508.2344906089925,2085.2635173591348,30584.5281730222,2040.4940239043824,400.9356858281161,44377.51166761525,1850.4723961297664,2.08978010062826,735.2145702902675,839.6767216846898,2906.037564029596,Growth with physiological level of arginine supplementation.,Growth with physiological level of arginine supplementation.,PosLow,282.5452475811041,None,65,B9,884.4462151394422,0.1101745716000581,arginine_licl.tsv
131,1222.042654028436,350.957345971564,8552.483096319223,364.673679834816,18.35071090047393,2692.39336492891,4357.720379146919,1136.5971563981043,90.60663507109004,106.09406183970748,Growth with alanine supplementation and lithium chloride treatment as a negative control.,984.6303317535544,1033.9478672985783,8543.402843601896,40.71563981042654,121.0,17574.24644549763,1353.3649289099526,0.2609754665389605,234.54502369668248,358.98578199052133,1125.701421800948,Growth with alanine supplementation and lithium chloride treatment as a negative control.,Growth with alanine supplementation and lithium chloride treatment as a negative control.,NegHigh,64.22748815165878,Yes,30,G4,1059.1800947867298,0.0953264312642756,arginine_licl.tsv
132,6630.592193702247,7521.882237358144,55884.42373372321,1461.3262730329095,3269.866264528857,6105.985796647501,54524.45208811466,5861.530032246734,4917.238517548191,6946.4376946094335,Growth with physiological level of arginine supplementation.,3325.0310609201806,3247.151348367724,35609.41690193665,755.0005466890976,254.1907284698252,94835.8566354059,2828.5478933982668,2.038826141305129,400.2151895056821,2229.306771814084,3740.389527866618,Growth with physiological level of arginine supplementation.,Growth with physiological level of arginine supplementation.,PosLow,254.1907284698252,None,51,D7,296.3755727690727,0.2490094672085689,arginine_licl.tsv
133,5690.959711150038,4668.108390233439,53071.802473635566,45.231616201337005,1638.6180960211634,5514.145211453902,31487.372823794376,4882.95856718979,3553.7658456368645,9946.84359918493,Growth with alanine supplementation as a negative control.,3112.7575876738288,188.1224037464698,29140.46873771137,1157.5181782433062,370.07685982912096,23330.26203839417,1989.1631215815253,2.0681074538664195,1066.026954563329,412.22450219854863,510.9116648196476,Growth with alanine supplementation as a negative control.,Growth with alanine supplementation as a negative control.,NegHigh,324.845243627784,None,63,H8,462.5960747864012,0.2168188159682252,arginine_licl.tsv
134,101.01452927732949,582.1784113379817,7333.106135537748,252.6689538001408,823.6569310305326,2031.6472486014368,5335.838478453966,101.01452927732949,36.46086559714259,116.98633271046596,Growth with physiological level of arginine and lithium chloride treatment.,943.7984717686584,999.386348826597,6191.174522216443,571.4194673912839,192.4655528242609,29668.983371235525,760.2987055666456,0.2098745995406093,747.1488851873482,577.3966584727827,3734.548987720441,Growth with physiological level of arginine and lithium chloride treatment.,Growth with physiological level of arginine and lithium chloride treatment.,PosLow,177.52257512051395,Yes,39,H5,361.0223413225266,0.1175633809814752,arginine_licl.tsv
135,971.4708817008282,473.15162113926345,7608.390643911875,109.47923148701044,46.56013293125731,3088.069357116364,2015.92791772633,971.4708817008282,183.72376778279911,11.954628725593093,Growth with physiological level of arginine and lithium chloride treatment.,957.6286800185624,2246.2118184403867,6284.359563748621,9.437864783362969,406.4573766701652,13147.574834210172,471.8932391681484,0.2270666332448709,1179.1039069348135,504.61117041714,4177.828144102007,Growth with physiological level of arginine and lithium chloride treatment.,Growth with physiological level of arginine and lithium chloride treatment.,PosLow,406.4573766701652,Yes,88,A12,300.75329109649994,0.2877484486774335,arginine_licl.tsv
136,99.6923076923077,270.0,12426.651130164437,465.04814218128894,428.8278011991991,5053.153846153847,2754.0,99.6923076923077,219.42005186436927,19.73076923076924,Growth with lithium chloride treatment without arginine supplementation.,216.0,3329.3076923076924,10833.23076923077,15.576923076923078,85.15384615384616,18858.46153846154,859.8461538461539,0.3675383253485095,1075.8461538461538,355.1538461538462,7053.2307692307695,Growth with lithium chloride treatment without arginine supplementation.,Growth with lithium chloride treatment without arginine supplementation.,None,85.15384615384616,Yes,71,H9,1385.3076923076924,0.1068875459020592,arginine_licl.tsv
137,895.8945209788011,1141.8675724979555,7282.463834656701,592.2006044872146,595.2607913442788,4319.995571491477,6873.430106309367,961.0668679625088,77.48601622947726,275.1053909542681,Growth with lithium chloride treatment without arginine supplementation.,1368.3189532616218,5165.133748506008,9190.802591683969,1344.8929483550355,32.43600679373467,27061.841001446817,1748.5410328992891,0.2175663326487225,276.9073913316978,419.866087941121,5130.895741334844,Growth with lithium chloride treatment without arginine supplementation.,Growth with lithium chloride treatment without arginine supplementation.,None,124.33802604264956,Yes,75,D10,1224.1589230672455,0.1670759389874687,arginine_licl.tsv
138,12288.433454225047,7272.292403853967,67888.25691762034,896.4647684006153,3097.4936927585445,11212.095496048256,44189.814015173804,10882.327981458602,4665.098212259512,6666.912743639527,Baseline growth without any supplementation or treatment.,2585.9188680725406,2772.561478969325,30403.40437297405,2323.845564688974,43.51770720391336,36212.53475461644,2474.70694966254,2.395231772854188,1355.818344441923,403.2640867562639,4023.937326121856,Baseline growth without any supplementation or treatment.,Baseline growth without any supplementation or treatment.,None,43.51770720391336,None,44,E6,385.8570038746985,0.0703384610290071,arginine_licl.tsv
139,16762.795163301824,7181.322970701465,52194.37243448221,1214.4181321958536,8700.673739765394,9990.5281688868,46426.25958392828,14879.012706273608,5003.232707358071,8238.493610714479,Growth with alanine supplementation as a negative control.,2781.5806387478083,1426.914743253746,36789.53827245287,1110.2947927774865,283.68297576228605,24119.42783812605,4611.176459956259,2.0251719221118925,3387.1959802628007,479.1798579355468,1166.6063947078278,Growth with alanine supplementation as a negative control.,Growth with alanine supplementation as a negative control.,NegHigh,324.0573318632855,None,10,C2,726.7384098179912,0.2214724818671429,arginine_licl.tsv
140,7560.260894495413,5751.252866972477,32943.701161309385,678.1966743119266,2273.953555045872,2344.3119266055046,27447.018348623853,6651.404816513761,1445.610665137615,6471.519495412844,High glutamate supplementation with formic acid treatment.,1049.5728211009175,4269.375,12859.624426605504,71.80905963302752,118.23107798165135,4205.5447247706425,967.6089449541284,1.647239556907372,3185.711009174312,295.9403669724771,6286.556766055046,High glutamate supplementation with formic acid treatment.,High glutamate supplementation with formic acid treatment.,PosHigh,118.23107798165135,Yes,9,B2,535.3038990825688,0.2346926417356188,glutamate_formicacid.tsv
141,3758.512936694613,2954.702896145688,11370.30680965903,484.85634713343626,1283.353166380968,8876.960302457466,13855.208242543182,3454.747514394147,250.0223091242298,1745.4828496803705,Formic acid treatment without glutamate supplementation.,1484.9455836303557,4384.737038052497,12544.34361246194,12.851614020404334,223.15075253611164,651.9273293986926,61.92141300740271,0.3537041136507586,2222.16089698264,50.23812753430786,4787.810386874269,Formic acid treatment without glutamate supplementation.,Formic acid treatment without glutamate supplementation.,None,257.0322804080867,Yes,28,E4,507.05458953231647,0.113521291213085,glutamate_formicacid.tsv
142,9430.005747126435,3493.637931034483,45473.60988374209,338.0,2362.114942528736,5035.034482758621,20491.73563218391,8108.114942528736,2348.5172413793107,13114.011494252874,High glutamate supplementation with formic acid treatment.,1653.0919540229886,8127.540229885058,17207.890804597704,687.6551724137931,169.0,6756.114942528736,3036.172413793104,1.9386373653301248,4857.293103448276,49.53448275862069,10377.959770114943,High glutamate supplementation with formic acid treatment.,High glutamate supplementation with formic acid treatment.,PosHigh,131.1206896551724,Yes,68,E9,504.0862068965517,0.1923240062712904,glutamate_formicacid.tsv
143,7693.915918752953,2772.0595181861127,54134.448232768016,297.2933396315541,1942.6735947094944,4770.085025980161,13948.682097307512,6428.8568729333965,2666.7123287671234,11197.156353330183,Negative control with arginine supplementation and formic acid treatment.,1831.969768540388,619.584317430326,10677.56258856873,91.95559754369393,475.8478979688238,262950.15588096366,1485.5739253660845,2.1057248064224665,713.3254605573926,6369.041095890411,1250.7746811525744,Negative control with arginine supplementation and formic acid treatment.,Negative control with arginine supplementation and formic acid treatment.,NegHigh,466.027397260274,Yes,62,G8,307.11384034010393,0.1732270586062605,glutamate_formicacid.tsv
144,7948.4286372714705,6480.3384544476885,51300.728812124384,530.9101244430789,3084.6068520510066,6193.0,30139.13980642188,6180.631126133047,2986.6073129512984,7139.694576739899,Baseline condition with no supplementation or treatment.,1059.9173452143186,2824.860500844984,20836.795206636965,1703.0987862958982,31.39791058534337,35278.882624059,2052.281610078353,2.053939280314107,226.44553694884007,731.6664618220925,4780.094023659549,Baseline condition with no supplementation or treatment.,Baseline condition with no supplementation or treatment.,None,25.6891995698264,None,35,D5,1298.731756030112,0.2137362206223133,glutamate_formicacid.tsv
145,3580.5615788668465,3981.424855933499,5209.9769090792215,1365.8373195981435,48.97424651945535,5728.172981794073,19517.14416849405,2900.3637105410776,582.249375286858,6803.792544239889,Formic acid treatment without glutamate supplementation.,2406.99352338212,3792.7833137844864,28250.884797796927,627.5958998419093,921.4413789586412,10768.89265133357,972.2294864602987,0.2836442042285217,968.6017644958946,743.6830027028404,10059.673007292567,Formic acid treatment without glutamate supplementation.,Formic acid treatment without glutamate supplementation.,None,386.35238920903663,Yes,17,B3,513.3226579631801,0.2222472387740097,glutamate_formicacid.tsv
146,5787.121621621622,7751.918918918918,56248.48394892157,153.97297297297297,2196.4864864864862,3842.027027027026,34635.891891891886,5302.216216216216,2324.9189189189187,2539.459459459459,High glutamate supplementation without formic acid treatment.,1070.5135135135135,2481.081081081081,25087.378378378377,108.0,63.48648648648648,11809.945945945943,1393.054054054054,2.3612537011134807,2910.891891891892,29.189189189189182,8236.459459459458,High glutamate supplementation without formic acid treatment.,High glutamate supplementation without formic acid treatment.,PosHigh,63.48648648648648,None,50,C7,772.7837837837837,0.2353682319990624,glutamate_formicacid.tsv
147,7175.322580645161,5483.467741935484,43740.49959139716,1500.241935483871,1517.6612903225807,3289.3548387096776,25282.74193548387,5828.225806451613,2633.2258064516127,6722.419354838709,Low glutamate supplementation without formic acid treatment.,526.2096774193549,1040.0806451612902,19865.322580645163,895.6451612903226,47.17741935483871,14243.225806451614,1687.5,1.8710758247840584,1891.4516129032256,821.6129032258065,1763.7096774193549,Low glutamate supplementation without formic acid treatment.,Low glutamate supplementation without formic acid treatment.,PosLow,47.17741935483871,None,16,A3,515.3225806451613,0.2672542381129105,glutamate_formicacid.tsv
148,4702.5,6339.7476340694,41478.10267826894,22.641955835962143,1538.872239747634,3621.932176656151,30187.973186119874,4148.162460567824,1473.288643533123,6046.182965299685,Negative control with arginine supplementation without formic acid treatment.,2705.3233438485804,771.3880126182966,21844.022082018928,60.89905362776025,313.86435331230285,224669.10094637223,1976.8769716088327,1.9095486657910736,804.9605678233438,5580.851735015773,1050.1182965299683,Negative control with arginine supplementation without formic acid treatment.,Negative control with arginine supplementation without formic acid treatment.,NegHigh,313.86435331230285,None,10,C2,1036.064668769716,0.2483707632214633,glutamate_formicacid.tsv
149,3726.0894941634247,5757.964980544748,38586.54936417269,239.21789883268485,1312.252918287938,6857.5797665369655,30006.587548638134,3514.43579766537,2529.015564202334,13912.046692607006,Negative control with arginine supplementation without formic acid treatment.,3004.4980544747086,146.6809338521401,18707.23346303502,83.67704280155642,241.1867704280156,271844.07003891055,2573.315175097277,1.7915731612023489,1018.8910505836576,5486.260700389105,654.6498054474708,Negative control with arginine supplementation without formic acid treatment.,Negative control with arginine supplementation without formic acid treatment.,NegHigh,265.79766536964985,None,32,A5,168.33852140077823,0.2355577353786551,glutamate_formicacid.tsv
150,5760.510675129833,6208.234275822273,8378.389200036527,1464.460473167917,2359.9076745527987,4502.691863819965,32942.87362954414,5100.155799192152,476.1742642815926,5303.802654356607,Low glutamate supplementation with formic acid treatment.,1855.2827466820545,865.4991344489324,18925.68090017311,190.17022504327755,137.7611079053664,80123.05828043855,2401.8349682631274,0.4387723741164469,2087.3802654356605,1579.7605308713214,6034.535487593768,Low glutamate supplementation with formic acid treatment.,Low glutamate supplementation with formic acid treatment.,PosLow,137.7611079053664,Yes,11,D2,546.5522215810732,0.193507443239952,glutamate_formicacid.tsv
151,3720.581314878893,3324.539792387543,19191.301077186108,39.44636678200692,183.0311418685121,5277.923875432526,18358.33910034602,3641.688581314879,648.4982698961937,1462.6712802768166,Low glutamate supplementation with formic acid treatment.,672.1660899653979,5719.723183391004,15399.8615916955,118.33910034602076,25.24567474048443,19366.588235294115,934.0899653979238,0.6698886344402293,864.6643598615916,370.79584775086505,8190.643598615917,Low glutamate supplementation with formic acid treatment.,Low glutamate supplementation with formic acid treatment.,PosLow,25.24567474048443,Yes,61,F8,1544.719723183391,0.1158631824685301,glutamate_formicacid.tsv
152,8219.905063291139,4968.227848101266,8426.849468212571,897.1518987341773,801.4556962025316,3486.930379746836,20903.63924050633,7272.911392405063,213.3227848101266,649.9367088607595,Low glutamate supplementation with formic acid treatment.,1351.7088607594935,273.13291139240505,21864.58860759494,468.5126582278481,105.66455696202532,12915.0,496.4240506329114,0.4195989209259571,2761.23417721519,69.77848101265823,1503.227848101266,Low glutamate supplementation with formic acid treatment.,Low glutamate supplementation with formic acid treatment.,PosLow,127.59493670886076,Yes,39,H5,315.0,0.1809581304305962,glutamate_formicacid.tsv
153,2242.074454428755,4030.867779204108,36690.141934716135,199.1553273427472,1588.7368421052631,6565.817715019256,21855.720154043647,1900.5365853658536,1097.607188703466,2396.1720154043646,Negative control with arginine supplementation without formic acid treatment.,2547.5661103979464,785.8074454428755,24921.450577663672,91.9178433889602,228.89345314505772,270543.9512195122,3707.353016688062,1.6347021176848433,2401.5789473684213,6401.807445442876,2147.4531450577665,Negative control with arginine supplementation without formic acid treatment.,Negative control with arginine supplementation without formic acid treatment.,NegHigh,257.7304236200257,None,86,G11,323.51476251604623,0.1520342216974816,glutamate_formicacid.tsv
154,2886.8684052269587,6063.422567379806,17035.09651511661,1413.4667105176975,199.78328063854383,1328.5588162463166,36248.1789808558,2469.8208068939985,1030.3987474128874,4050.297339920551,Low glutamate supplementation with formic acid treatment.,1925.4113671539665,2170.145885936183,28821.23552311793,297.177629949834,84.90789427138114,157259.4093546298,169.81578854276228,0.5381437426499446,1723.1307955074408,3633.558416613516,2961.787135466413,Low glutamate supplementation with formic acid treatment.,Low glutamate supplementation with formic acid treatment.,PosLow,84.90789427138114,Yes,52,E7,484.2553267872478,0.2490021865417292,glutamate_formicacid.tsv
155,7035.130186886285,5155.91194171682,53745.6204651896,804.7773202407349,4816.02343997466,5294.957237884067,23748.65568577764,6330.072220462464,4434.0,10897.499524865378,Negative control with arginine supplementation and formic acid treatment.,3582.874247703516,1066.01393728223,16466.33386126069,446.6303452644916,154.49477351916377,385947.60722204624,2568.8267342413683,2.0195772677833785,1446.632879315806,9491.597085840987,1435.3968957871398,Negative control with arginine supplementation and formic acid treatment.,Negative control with arginine supplementation and formic acid treatment.,NegHigh,154.49477351916377,Yes,21,F3,168.53975292999684,0.244293451041881,glutamate_formicacid.tsv
156,4476.875,7211.09375,54392.38788586325,296.875,3044.15625,3211.59375,31413.53125,3836.21875,928.03125,2487.21875,High glutamate supplementation without formic acid treatment.,451.25,424.53125,23408.59375,271.34375,213.15625,14179.9375,1700.5,2.127354282496721,3560.125,353.875,6956.96875,High glutamate supplementation without formic acid treatment.,High glutamate supplementation without formic acid treatment.,PosHigh,235.125,None,57,B8,817.59375,0.248847410811126,glutamate_formicacid.tsv
157,6331.564765717996,7863.64895574072,50026.00323497235,659.9285791580998,2014.282004112109,5014.707282761606,33345.14121848285,5217.18536954875,1712.81463045125,4506.262309273888,Low glutamate supplementation without formic acid treatment.,683.1760631966238,2407.989395087112,19124.430256465752,548.9405908451466,20.247808678714424,39681.95541608051,1727.8130072502977,1.960398302103792,662.9282545179093,599.9350719619089,3210.4025538361648,Low glutamate supplementation without formic acid treatment.,Low glutamate supplementation without formic acid treatment.,PosLow,23.99740287847636,None,84,E11,332.21404609890703,0.1775329376473418,glutamate_formicacid.tsv
158,7506.810914681015,8731.7650525237,27319.84394181152,407.7891365616193,3287.700743018191,6193.0,39964.92211119652,6281.85677683833,2159.537022802972,13990.182167563413,Negative control with arginine supplementation without formic acid treatment.,2343.5974891109404,1540.7130412503202,35728.3579297976,6.346912631309249,158.67281578273125,399428.6658980272,1750.1611580835256,1.4832765821361886,1351.8923904688702,10039.229054573403,3674.862413528055,Negative control with arginine supplementation without formic acid treatment.,Negative control with arginine supplementation without formic acid treatment.,NegHigh,158.67281578273125,None,48,A7,506.1662823469126,0.2439154592300051,glutamate_formicacid.tsv
159,9016.29,3696.82,30166.63647421648,346.94,2017.73,4867.95,19418.68,8229.449999999999,1419.3,6334.56,High glutamate supplementation with formic acid treatment.,2608.69,4411.45,14200.47,505.47,151.89,7599.48,1950.5,1.613847788500065,4627.25,9.13,6577.749999999999,High glutamate supplementation with formic acid treatment.,High glutamate supplementation with formic acid treatment.,PosHigh,169.32,Yes,4,E1,839.1299999999999,0.2286226750863655,glutamate_formicacid.tsv
160,9905.914664235142,3410.933168847887,43799.704714063904,405.5710148036902,5456.773653722377,4802.104698562541,15366.73503540013,9053.855824930271,1826.4184724308088,6565.574232997211,Negative control with arginine supplementation and formic acid treatment.,2272.456661660588,205.932954301652,12441.407959665308,461.3257884574126,249.9972108989488,295904.0728384467,960.420939712508,1.7756758747401369,346.21915897875994,7157.2942501609095,858.803368375885,Negative control with arginine supplementation and formic acid treatment.,Negative control with arginine supplementation and formic acid treatment.,NegHigh,252.69502252735467,Yes,41,B6,142.98401630551385,0.2481535283536299,glutamate_formicacid.tsv
161,6107.297520661157,7437.768595041322,33125.36485575855,329.3057851239669,901.8057851239668,7961.061983471074,36706.23966942149,5717.429752066116,3871.2355371900826,7936.4586776859505,Baseline condition with no supplementation or treatment.,2748.0,5946.429752066116,31449.64876033058,557.3595041322315,387.0289256198347,37463.26446280992,871.5247933884298,1.7839497479111373,564.9297520661157,618.8677685950413,7679.070247933884,Baseline condition with no supplementation or treatment.,Baseline condition with no supplementation or treatment.,None,410.6859504132231,None,7,H1,368.103305785124,0.2212982218536735,glutamate_formicacid.tsv
162,11199.904761904763,9643.57142857143,62524.22825054928,516.952380952381,3523.3809523809527,6001.904761904762,43484.2380952381,9917.380952380952,3375.5238095238096,6653.571428571429,Baseline condition with no supplementation or treatment.,1324.142857142857,2642.809523809524,29305.28571428572,2367.904761904762,138.0,34629.2380952381,1754.571428571429,2.2888230340444293,58.04761904761905,826.9047619047619,6200.142857142858,Baseline condition with no supplementation or treatment.,Baseline condition with no supplementation or treatment.,None,143.47619047619048,None,14,G2,1629.7142857142858,0.2302069623835662,glutamate_formicacid.tsv
163,6237.183017785427,6117.432587492828,59388.90972022004,79.83362019506598,2103.978772231784,6155.172117039587,28761.150315547904,5499.810671256454,1426.8445209409065,3264.469305794607,High glutamate supplementation without formic acid treatment.,685.8433734939758,5698.668961560527,25525.71141709696,243.12966150315543,576.2535857716581,11204.285714285714,2505.324153757889,2.356048912880672,3029.323006310958,21.04704532415376,8593.726333907056,High glutamate supplementation without formic acid treatment.,High glutamate supplementation without formic acid treatment.,PosHigh,576.2535857716581,None,13,F2,1452.9718875502008,0.2518223698890133,glutamate_formicacid.tsv
164,5797.195519348269,6284.006788866259,50283.2814173853,980.6551255940258,1833.160896130346,4699.33061778683,28747.65105227427,4823.572980312288,1779.244399185336,3978.881194840461,Low glutamate supplementation without formic acid treatment.,1311.9680923285812,1719.85811269518,24380.414799728445,11.720977596741344,168.00067888662593,13169.690427698572,1599.5227427019688,1.9551557503570065,422.7365919891378,69.54446707399865,2241.8323150033943,Low glutamate supplementation without formic acid treatment.,Low glutamate supplementation without formic acid treatment.,PosLow,195.3496266123557,None,2,C1,1519.038696537678,0.2547107548232825,glutamate_formicacid.tsv
165,4082.16921647702,5320.7384694694,10062.332382498516,125.09020905043954,2357.3337987251844,7794.353307593585,24848.90575278027,3613.5213910204434,188.51623054080324,477.4569951080157,Formic acid treatment without glutamate supplementation.,1479.9405014418198,4591.339222330217,25608.256176734347,89.85353044468192,303.0354360095155,13266.609495067742,463.3623236657127,0.3689136323699392,2526.469856032821,95.13903223554556,4943.706008387793,Formic acid treatment without glutamate supplementation.,Formic acid treatment without glutamate supplementation.,None,110.99553760813647,Yes,0,A1,1337.2319530885015,0.1365143935787615,glutamate_formicacid.tsv
166,11514.319754035358,3048.251345119139,44359.16652434145,107.92851652574942,2677.794004611837,2655.4304381245192,19786.8946963874,9979.012298232128,1874.650269023828,8919.173712528824,High glutamate supplementation with formic acid treatment.,1721.9946195234434,5900.0922367409685,18369.23904688701,460.8839354342813,165.2959262106072,8775.269023827825,3780.415065334358,1.9524792265622024,3899.039200614912,110.8455034588778,8415.507302075326,High glutamate supplementation with formic acid treatment.,High glutamate supplementation with formic acid treatment.,PosHigh,165.2959262106072,Yes,59,D8,588.2590315142198,0.1837240949430277,glutamate_formicacid.tsv
167,10634.4,5031.981818181818,27416.155464417472,934.690909090909,883.1454545454545,7374.436363636363,20912.56363636364,8727.218181818182,2396.2909090909093,12419.01818181818,High glutamate supplementation with formic acid treatment.,2723.890909090909,4986.163636363636,12218.563636363637,9.163636363636364,348.2181818181818,4935.763636363637,1845.3272727272729,1.571346038473249,4577.236363636363,129.43636363636364,7762.745454545455,High glutamate supplementation with formic acid treatment.,High glutamate supplementation with formic acid treatment.,PosHigh,334.4727272727273,Yes,23,H3,315.0,0.2271556363780911,glutamate_formicacid.tsv
168,9939.248484848486,8885.30303030303,47875.9985937324,212.01818181818183,1104.1333333333334,6096.290909090909,34570.2303030303,7920.466666666667,2357.806060606061,9265.29696969697,Baseline condition with no supplementation or treatment.,2417.212121212121,4442.139393939394,27113.745454545457,562.309090909091,169.0,24494.757575757576,851.1454545454545,1.94598445035734,1501.539393939394,156.70909090909092,5170.375757575757,Baseline condition with no supplementation or treatment.,Baseline condition with no supplementation or treatment.,None,169.0,None,44,E6,1484.1272727272728,0.2040285975302232,glutamate_formicacid.tsv
169,3953.94459833795,2899.684210526316,60018.98590451604,140.44321329639888,861.3850415512466,3047.1495844875344,14915.069252077565,3566.7894736842104,737.7950138504156,1329.5290858725762,High glutamate supplementation without formic acid treatment.,80.98891966759003,1609.4792243767313,14928.64542936288,1.8725761772853184,57.581717451523545,6034.84487534626,1483.0803324099722,2.21791812266837,1007.4459833795014,169.0,3651.05540166205,High glutamate supplementation without formic acid treatment.,High glutamate supplementation without formic acid treatment.,PosHigh,60.390581717451525,None,1,B1,370.77008310249306,0.2559059168426302,glutamate_formicacid.tsv
170,11708.88188976378,5765.55905511811,37489.04675796263,524.1417322834645,3219.3543307086616,11524.582677165356,25820.188976377955,9641.070866141732,5385.196850393701,18186.8031496063,Negative control with arginine supplementation and formic acid treatment.,2855.984251968504,1254.8031496062993,16826.12598425197,47.05511811023622,66.66141732283465,413924.2677165354,2432.488188976378,1.697833333333329,1320.1574803149606,8485.606299212599,2734.4251968503936,Negative control with arginine supplementation and formic acid treatment.,Negative control with arginine supplementation and formic acid treatment.,NegHigh,66.66141732283465,Yes,55,H7,115.0236220472441,0.2417802226260822,glutamate_formicacid.tsv
171,4074.680365296804,2012.5505544683629,6852.437121474147,1342.3124592302677,167.10045662100458,12451.738421395958,12413.17677756034,3116.148075668624,1272.5342465753426,19258.7866927593,Low glutamate supplementation with formic acid treatment.,1406.5818656229617,1975.8251793868235,12558.242009132422,44.07045009784736,282.7853881278539,16071.024135681671,403.9791258969341,0.2556203123900083,1268.8617090671887,405.8153946510111,4256.470971950424,Low glutamate supplementation with formic acid treatment.,Low glutamate supplementation with formic acid treatment.,PosLow,49.57925636007828,Yes,88,A12,75.2870189171559,0.1739582523636367,glutamate_formicacid.tsv
172,5836.332916145181,7013.1226533166455,39496.11131149506,618.3247809762203,1295.148936170213,7996.04818523154,34896.23717146433,4777.222152690863,1424.3917396745933,2771.91802252816,High glutamate supplementation without formic acid treatment.,833.275969962453,6998.837922403004,26689.31914893617,834.6364205256571,36.732165206508135,10784.291614518148,1878.7822277847308,1.858190487643956,4193.588861076345,124.48122653316646,9959.178347934918,High glutamate supplementation without formic acid treatment.,High glutamate supplementation without formic acid treatment.,PosHigh,17.005632040050063,None,20,E3,1198.5569461827283,0.2710147830756383,glutamate_formicacid.tsv
173,6666.5915949732,3590.3299400927885,57851.06689615798,1901.4600693662449,5018.4620062159365,3624.403630467096,13977.620377460476,5717.713391288681,2574.785820458538,7445.842079185622,Negative control with arginine supplementation and formic acid treatment.,1167.3942615197514,1053.3214720057656,9350.265078149634,448.8838340615288,173.33138146930318,215032.39336065945,1371.8364037655963,2.075404656612231,223.7011846313229,5225.867078059547,1360.7254177739742,Negative control with arginine supplementation and formic acid treatment.,Negative control with arginine supplementation and formic acid treatment.,NegHigh,173.33138146930318,Yes,36,E5,100.73960632403946,0.2067817044482394,glutamate_formicacid.tsv
174,8245.359745102502,10184.758670191348,35973.390886822795,22.087428441378822,1028.29250188197,8345.366712767633,49112.62421876368,7240.995290698692,3129.052362528667,10905.054253251868,Negative control with arginine supplementation without formic acid treatment.,4033.4098492673447,3284.8914409761733,39322.98510180144,112.8913009226029,143.56828486896237,352112.8758950298,2770.7451900351884,1.7575900362672203,407.3903468076539,7399.288527861907,3278.7560441869014,Negative control with arginine supplementation without formic acid treatment.,Negative control with arginine supplementation without formic acid treatment.,NegHigh,143.56828486896237,None,43,D6,267.50330001225467,0.2093121571588625,glutamate_formicacid.tsv
175,6457.073170731707,2177.682926829268,27720.79846262148,24.756097560975608,1560.4878048780488,4982.804878048781,11962.31707317073,5932.073170731707,2315.9756097560976,13518.536585365851,High glutamate supplementation with formic acid treatment.,2858.90243902439,3160.243902439024,9857.19512195122,46.09756097560975,118.65853658536584,5812.560975609756,1162.682926829268,1.2732079764196893,2967.3170731707314,38.41463414634146,6132.682926829268,High glutamate supplementation with formic acid treatment.,High glutamate supplementation with formic acid treatment.,PosHigh,118.65853658536584,Yes,54,G7,315.0,0.1560545281582964,glutamate_formicacid.tsv
176,9259.097222222224,6166.875,52345.60903239437,967.6709401709402,5018.103632478633,8659.033119658121,30710.037393162394,8141.410256410257,4811.324786324787,9721.308760683762,Negative control with arginine supplementation and formic acid treatment.,2357.008547008548,1415.0160256410256,26102.788461538465,283.8141025641026,75.6837606837607,429664.8183760684,3178.7179487179487,1.9388915517859704,439.2361111111112,10403.814102564103,1938.044871794872,Negative control with arginine supplementation and formic acid treatment.,Negative control with arginine supplementation and formic acid treatment.,NegHigh,75.6837606837607,Yes,3,D1,39.19337606837607,0.2366255786372141,glutamate_formicacid.tsv
177,6896.121144139091,6407.259674705552,43534.40982408681,467.2753785754346,2172.5765563656755,3505.8351093662363,26102.02804262479,6309.487380818844,2947.771172181716,6259.966348850252,Low glutamate supplementation without formic acid treatment.,968.1996634885024,2636.6775098149187,13208.782950084127,822.8109927089175,116.18395961862028,29143.127313516543,1309.7678070667414,1.89227548302631,1165.6489063376332,860.9040942232192,3510.9141895681432,Low glutamate supplementation without formic acid treatment.,Low glutamate supplementation without formic acid treatment.,PosLow,127.6118900729108,None,31,H4,522.5103757711721,0.2349479181432752,glutamate_formicacid.tsv
178,3048.730367273813,3724.6664676022697,11801.355670781264,369.3639892505226,851.014631233204,4600.059122126008,14352.745894296806,2474.0,319.86921469095256,2299.6601970737534,Low glutamate supplementation with formic acid treatment.,1104.3983278590624,1604.51716930427,14182.838459241566,690.7106598984772,178.0334428187519,15748.94177366378,75.35025380710661,0.4981186197828752,1458.249029561063,102.68318901164528,3923.3842938190505,Low glutamate supplementation with formic acid treatment.,Low glutamate supplementation with formic acid treatment.,PosLow,178.0334428187519,Yes,22,G3,777.1418333830995,0.146119396550031,glutamate_formicacid.tsv
179,5918.475247524752,3259.188118811881,13499.836179914491,128.1980198019802,440.4752475247525,4692.376237623762,19924.930693069306,5349.80198019802,1497.2871287128712,14839.742574257423,Low glutamate supplementation with formic acid treatment.,2120.19801980198,1023.940594059406,22602.29702970297,149.56435643564356,348.43564356435644,6965.425742574257,1048.5940594059405,0.5910319382337029,379.66336633663366,72.31683168316832,5915.188118811881,Low glutamate supplementation with formic acid treatment.,Low glutamate supplementation with formic acid treatment.,PosLow,368.15841584158414,Yes,73,B10,866.1584158415841,0.1483162862251481,glutamate_formicacid.tsv
180,7823.291666666667,10706.0,42475.518960014655,2391.736111111112,5023.347222222223,6536.944444444444,33881.29166666667,6922.708333333334,4211.138888888889,13817.361111111111,Negative control with arginine supplementation and formic acid treatment.,1488.3472222222224,85.56944444444444,13563.458333333334,591.9722222222223,161.31944444444446,259753.7638888889,906.1944444444443,1.7205352644987886,871.125,7605.861111111111,245.48611111111111,Negative control with arginine supplementation and formic acid treatment.,Negative control with arginine supplementation and formic acid treatment.,NegHigh,161.31944444444446,Yes,90,C12,203.4027777777778,0.2551779111942522,glutamate_formicacid.tsv
181,8312.321124676286,10487.775619681835,49295.05713214053,1635.8867924528302,4242.078986311506,6193.0,45093.4256381798,7175.906770255272,2904.042730299668,11784.57103218646,Baseline condition with no supplementation or treatment.,2215.549759526452,3476.83222345542,30054.26470588236,1435.4104698483168,100.81095079541252,47125.68275989641,2292.3035516093228,1.9366366248638025,955.4128745837958,813.361080281169,4441.409729929708,Baseline condition with no supplementation or treatment.,Baseline condition with no supplementation or treatment.,None,100.81095079541252,None,56,A8,587.6820199778025,0.2380668769052445,glutamate_formicacid.tsv
182,3818.943396226415,7293.915094339623,34332.20676898857,180.08490566037736,2018.0943396226407,6414.452830188679,28224.735849056604,3303.462264150943,2944.245283018868,8339.169811320755,Negative control with arginine supplementation without formic acid treatment.,3211.990566037736,1081.4622641509434,25767.386792452828,3.811320754716981,37.16037735849056,270740.9811320755,1560.7358490566037,1.7099462884305745,373.50943396226415,7066.188679245282,1524.5283018867924,Negative control with arginine supplementation without formic acid treatment.,Negative control with arginine supplementation without formic acid treatment.,NegHigh,37.16037735849056,None,25,B4,420.1981132075472,0.254062357311545,glutamate_formicacid.tsv
183,7015.260559517279,8551.57981349424,52121.26519488632,1302.5315414152496,3015.6171146461875,9363.727372462974,37397.07350521119,5816.182117388919,2442.95940756994,10113.965990126166,Baseline condition with no supplementation or treatment.,835.7707076247943,1669.0976412506857,15851.947339550192,1173.0115194733955,399.1497531541416,58284.82446516731,1414.1305540318158,2.131199346698053,885.46077893582,1896.368623148656,2354.983543609435,Baseline condition with no supplementation or treatment.,Baseline condition with no supplementation or treatment.,None,360.049369171695,None,85,F11,83.90290729566648,0.1910700041236165,glutamate_formicacid.tsv
184,7156.222157092614,10682.798944900353,30245.29886448328,646.588511137163,2471.421453692849,4314.05041031653,33814.65123094959,6096.617819460727,1743.267878077374,6917.45896834701,Baseline condition with no supplementation or treatment.,64.13980070339977,355.9202813599062,12925.09671746776,2441.76143024619,318.10375146541617,40137.42672919109,797.1131301289566,1.4469820363576429,1041.0668229777257,944.6717467760844,1316.1635404454864,Baseline condition with no supplementation or treatment.,Baseline condition with no supplementation or treatment.,None,318.10375146541617,None,89,B12,223.93317702227432,0.234740004861297,glutamate_formicacid.tsv
185,4281.628875814915,8231.401971696614,24364.171283242016,32.49626331690253,1704.576721259342,6193.0,30437.18190491334,3831.604865638416,1799.1113054539674,5838.495309270154,Negative control with arginine supplementation without formic acid treatment.,3618.902051200509,2016.737796152012,28274.703291461283,538.6501828589601,216.64175544601687,273850.9346477977,1503.6907298457625,1.4101506817762164,2465.777071076483,7218.109397360471,2680.449356018445,Negative control with arginine supplementation without formic acid treatment.,Negative control with arginine supplementation without formic acid treatment.,NegHigh,316.1000159007792,None,63,H8,1442.6371442200668,0.2330322849024926,glutamate_formicacid.tsv
186,6154.275365850915,10230.874780189495,41307.07849890023,523.4724247957496,2595.357752139989,8556.226270776544,40899.17849925199,4898.868046208011,3448.8957545171293,16893.566947999116,Low glutamate supplementation without formic acid treatment.,565.1649188060305,2678.7427401605505,19835.20402539116,2136.7403180268984,150.55622837045897,37168.85841016546,1057.3679730940694,1.8700248492455065,655.4986558283059,808.3711338660028,2637.0502461502697,Low glutamate supplementation without formic acid treatment.,Low glutamate supplementation without formic acid treatment.,PosLow,150.55622837045897,None,79,H10,434.2968126070932,0.214400793770879,glutamate_formicacid.tsv
187,4202.64,5506.02,9220.902929989566,2220.6600000000003,741.7800000000001,10071.36,27850.68,4062.24,3435.1200000000003,15659.28,Formic acid treatment without glutamate supplementation.,1366.5600000000002,7073.820000000001,24207.300000000003,60.84,269.1,11070.54,212.94,0.3848408542441153,1160.64,81.9,7740.72,Formic acid treatment without glutamate supplementation.,Formic acid treatment without glutamate supplementation.,None,117.0,Yes,81,B11,2208.96,0.1477133115834177,glutamate_formicacid.tsv
188,14862.857142857143,6288.428571428572,27406.2978302867,158.14285714285714,2990.5714285714284,4894.714285714285,27088.714285714286,13082.142857142857,2705.142857142857,13113.0,High glutamate supplementation with formic acid treatment.,1284.428571428571,1573.7142857142858,19387.28571428572,392.1428571428571,225.0,6998.142857142857,2399.142857142857,1.5201134240776022,5774.142857142857,101.57142857142856,8687.571428571428,High glutamate supplementation with formic acid treatment.,High glutamate supplementation with formic acid treatment.,PosHigh,185.1428571428572,Yes,40,A6,312.42857142857144,0.2444118258849742,glutamate_formicacid.tsv
189,8414.978971962617,5200.2126168224295,43101.74855899299,159.91822429906543,1932.960280373832,4389.140186915888,27336.995327102803,7217.642523364486,3262.3317757009345,6971.6144859813085,Baseline condition with no supplementation or treatment.,1668.890186915888,1408.1004672897195,23604.75,738.9042056074766,45.10514018691589,22017.04906542056,1416.3014018691588,1.8539007828762857,1112.0467289719627,510.9182242990654,4279.247663551402,Baseline condition with no supplementation or treatment.,Baseline condition with no supplementation or treatment.,None,48.38551401869159,None,27,D4,981.6518691588784,0.2398102164295122,glutamate_formicacid.tsv
190,8048.918918918918,8838.486486486487,53088.984069970815,268.5405405405405,3188.9189189189187,4532.351351351351,38329.78378378378,7027.297297297297,1857.162162162162,2915.27027027027,High glutamate supplementation without formic acid treatment.,933.3243243243244,5979.405405405405,27236.43243243243,24.08108108108108,11.675675675675675,14129.027027027028,1968.8108108108104,2.200600466980958,3159.0,386.7567567567567,8391.162162162162,High glutamate supplementation without formic acid treatment.,High glutamate supplementation without formic acid treatment.,PosHigh,11.675675675675675,None,74,C10,1267.5405405405404,0.2846510974678721,glutamate_formicacid.tsv
191,4296.076758304832,5470.368903774009,39754.699264410745,625.4788577379613,2362.6084805737346,4073.559616090131,25727.843359093004,3888.440312903111,1468.8001278121633,4234.370323909158,Negative control with arginine supplementation without formic acid treatment.,2845.975550006509,2619.71862388904,31143.050450301183,504.8708268736908,75.73062403105362,231859.12240381545,2344.844507035586,1.7905999999999964,2783.334169635144,5984.589190404619,3179.75126332856,Negative control with arginine supplementation without formic acid treatment.,Negative control with arginine supplementation without formic acid treatment.,NegHigh,111.25857110735038,None,76,E10,402.9617155232606,0.1799751445469772,glutamate_formicacid.tsv
192,2881.3563205406604,5320.134674854253,31346.14502121952,316.8572044581784,1462.6537405795264,4681.30966586599,31720.4725263068,2474.552554816935,2012.554308316623,8218.867035639394,Negative control with arginine supplementation without formic acid treatment.,4414.536342112491,695.0416097792299,26440.20053201341,273.92816385416705,141.05256198460842,300170.0731033905,2758.701918814914,1.590982631962717,1399.2822996878908,6592.674092758872,1745.7809845631243,Negative control with arginine supplementation without formic acid treatment.,Negative control with arginine supplementation without formic acid treatment.,NegHigh,141.05256198460842,None,64,A9,511.06000719061024,0.2475661547135235,glutamate_formicacid.tsv
193,8629.209075993438,3702.9415856661135,9985.96963908811,32.963871682487664,578.6990806481168,6343.7139726742935,23510.56581443204,8083.473867027808,1164.7234661145642,6211.858485944343,Formic acid treatment without glutamate supplementation.,1889.9286431292928,1014.5547173387872,23459.28868070372,87.90365781996711,651.9521288314228,253067.30555886697,633.6388667855963,0.1993288334113449,1311.229562481176,7057.931192461526,1842.314161810144,Formic acid treatment without glutamate supplementation.,Formic acid treatment without glutamate supplementation.,None,673.9280432864145,Yes,94,G12,384.5785029623561,0.8892393517657218,glutamate_formicacid.tsv
194,132.04493926304477,751.5509318407658,10966.2496588789,104.70523818215004,52.93431485875362,2524.559631725173,12641.41242319158,118.6659366064367,952.8176674575652,2291.29962888605,"Growth with low glutamate supplementation, no spermine treatment.",4544.78903287299,8866.206890957394,19126.15684127274,151.82259536411755,100.63336780839975,1735.1984749852977,598.5649449412911,0.9227333333333334,874.8704345886314,25.01291801018029,10413.5176329825,"Growth with low glutamate supplementation, no spermine treatment.","Growth with low glutamate supplementation, no spermine treatment.",PosLow,142.51546308125975,None,65,B9,260.01800815233923,0.3184310759895846,glutamate_spermine.tsv
195,52.50471114605131,1334.6358833254333,14298.820715019769,115.17162444940288,419.99165692917,5783.986727863395,21498.98551394846,52.50471114605131,752.0029596402188,2394.89230840376,Baseline growth with no supplementation or treatment.,6631.68375781819,13466.611558782386,31728.08883545094,489.47940390996223,117.71217498872794,6928.081320739448,749.4624091008938,0.8957473844219256,65.20746384267663,81.29761725840203,12129.435124917629,Baseline growth with no supplementation or treatment.,Baseline growth with no supplementation or treatment.,None,131.26177786512827,None,27,D4,654.6151889660913,0.2330760379032424,glutamate_spermine.tsv
196,545.3102489026958,454.73645756098085,3015.377744812545,799.2903648299787,140.99631435669016,2915.1688306065344,9411.27054570252,545.3102489026958,168.0750767165843,133.5263109470642,Growth with high glutamate supplementation and spermine treatment.,2467.90237645518,483.6827207732815,15500.257074973886,44.82002045775582,48.5550221625688,3522.1066076386446,2.334376065508116,0.2068511451559382,333.34890215455886,38.91925459172769,12203.184320050224,Growth with high glutamate supplementation and spermine treatment.,Growth with high glutamate supplementation and spermine treatment.,PosHigh,48.5550221625688,Yes,32,A5,380.0364234647212,0.3079226628876124,glutamate_spermine.tsv
197,369.7510812190621,1564.22314550007,8701.192963517313,926.1384224820316,334.5600800307023,5929.398767206255,23203.464993987083,369.7510812190621,329.6066781152782,1197.2892153760106,Baseline growth with no supplementation or treatment.,5288.496893093214,9485.347736873004,35904.590705805305,311.29519599776273,316.9294981877675,3720.7523087243903,414.8254987391001,0.5289091602735579,190.8619866864111,56.34302190004755,9095.172310215175,Baseline growth with no supplementation or treatment.,Baseline growth with no supplementation or treatment.,None,316.9294981877675,None,89,B12,1266.3094172035687,0.2340502796576208,glutamate_spermine.tsv
198,118.26434075342466,628.3683647260274,10495.6450432861,127.28852739726028,201.85680650684927,5109.114511986301,10521.726669520547,118.26434075342466,84.06742294520548,368.091823630137,Baseline growth with no supplementation or treatment.,3666.6695205479455,7580.791738013699,20553.77247431507,775.1301369863014,104.49058219178085,4521.117508561644,144.38698630136986,0.5364715625403522,204.23159246575344,203.75663527397265,6360.151755136986,Baseline growth with no supplementation or treatment.,Baseline growth with no supplementation or treatment.,None,104.49058219178085,None,18,C3,1128.498287671233,0.2718603989252761,glutamate_spermine.tsv
199,185.78646231476705,1820.312040339366,2996.691981202689,952.6497322948692,84.98742425037214,5642.76967987936,27624.86578482445,185.78646231476705,337.052187201832,4.941129316882102,Growth with high glutamate supplementation and spermine treatment.,5891.802597450218,14291.72243614979,45699.51682597918,57.31710007583238,341.92614872824146,3468.672780451235,1428.974598442304,0.1725368756394541,790.5806907011363,8.894032770387783,19108.335294246463,Growth with high glutamate supplementation and spermine treatment.,Growth with high glutamate supplementation and spermine treatment.,PosHigh,341.92614872824146,Yes,63,H8,423.6321897443943,0.2428835262021627,glutamate_spermine.tsv
200,154.4170403587444,633.5874439461884,2368.05,202.1748878923767,41.39013452914799,3465.627802690583,12579.417040358743,154.4170403587444,12.735426008968613,59.43198804185352,Growth with alanine supplementation and spermine treatment.,1361.09865470852,446.2705530642751,17459.73841554559,284.95515695067263,220.7473841554559,1536.7414050822124,202.1748878923767,0.2027499999999999,5.041106128550075,18.572496263079223,1105.8594917787743,Growth with alanine supplementation and spermine treatment.,Growth with alanine supplementation and spermine treatment.,NegHigh,278.05680119581467,Yes,62,G8,431.9431988041854,0.3707177024199521,glutamate_spermine.tsv
201,771.3930534972466,787.824820143885,6417.951578248614,134.89604316546763,75.03093525179857,2495.1776978417265,15295.934172661871,766.6876667890882,76.62733812949641,390.3205035971223,Growth with alanine supplementation and spermine treatment.,401.4953237410072,881.2143884892087,26757.30863309353,150.0618705035971,14.367625899280576,906.756834532374,333.64820143884896,0.4035297452680368,392.7151079136691,3.591906474820144,874.8287769784173,Growth with alanine supplementation and spermine treatment.,Growth with alanine supplementation and spermine treatment.,NegHigh,14.367625899280576,Yes,90,C12,852.4791366906475,0.2538811249208922,glutamate_spermine.tsv
202,437.9986928104575,763.838779956427,12848.978923926788,293.93289760348586,62.8474945533769,3236.162527233116,11961.32854030501,437.9986928104575,712.593899782135,1411.6514161220043,"Growth with high glutamate supplementation, no spermine treatment.",7168.481917211328,9855.454030501089,18807.83790849673,161.46971677559912,18.370806100217862,2383.3703703703704,622.6736383442266,0.9145626172748228,714.5276688453159,4.350980392156862,12055.11633986928,"Growth with high glutamate supplementation, no spermine treatment.","Growth with high glutamate supplementation, no spermine treatment.",PosHigh,18.370806100217862,None,74,C10,327.7738562091503,0.262919106849694,glutamate_spermine.tsv
203,1040.7766689607708,973.5805230557468,5723.136423067061,404.7040605643496,14.508258774948382,5173.339642119752,17529.79456297316,1037.7222986923607,347.4346180316586,558.1861665519615,Baseline growth with no supplementation or treatment.,6688.307295251204,16233.977976600136,30546.757054370268,462.7370956641431,161.1180316586373,6828.0447350309705,354.3069511355815,0.4111166666666667,110.72092222986925,224.49621472814863,14549.49277357192,Baseline growth with no supplementation or treatment.,Baseline growth with no supplementation or treatment.,None,161.1180316586373,None,7,H1,347.4346180316586,0.2763619491310346,glutamate_spermine.tsv
204,160.06219312602292,566.949263502455,5697.83949184252,1160.8248772504091,909.5122749590836,4570.0,11427.243862520458,160.06219312602292,61.33224222585925,88.25859247135843,Growth with high glutamate supplementation and spermine treatment.,5916.317512274959,13738.42225859247,20133.430441898527,700.0851063829787,74.79541734860884,2966.3862520458265,912.5040916530278,0.3248213983531203,634.2651391162029,64.3240589198036,18571.702127659573,Growth with high glutamate supplementation and spermine treatment.,Growth with high glutamate supplementation and spermine treatment.,PosHigh,74.79541734860884,Yes,64,A9,23.93453355155483,0.225565460643408,glutamate_spermine.tsv
205,755.4773925770369,670.9029589623848,6666.818682925577,1563.8138061632314,54.485452424823976,7418.153686854393,16139.892153365394,748.9716669143713,69.93655087365465,250.47043801262365,"Growth with alanine supplementation, no spermine treatment.",3073.142159901639,248.0307908891241,23602.77270415061,270.8008307084535,108.97090484964797,774.1813538572003,56.92509954832356,0.3957445400259547,242.3382809342917,3.6594706852493712,1382.4667033164292,"Growth with alanine supplementation, no spermine treatment.","Growth with alanine supplementation, no spermine treatment.",NegHigh,18.70396128016345,None,81,B11,558.6791912814041,0.2542571121135428,glutamate_spermine.tsv
206,294.18852051874865,928.8135385810276,6904.92835403574,429.0784535076946,337.8671654865978,7909.688737266094,22678.20940051297,294.18852051874865,168.95681320141165,91.21128802109676,Growth with alanine supplementation and spermine treatment.,3663.867513185464,2137.684271367676,31199.39916732896,89.9266219926306,154.15992341593815,1610.971199696554,14.131326313127666,0.5306731610712689,106.62728036269056,5.780997128097681,2123.552945054548,Growth with alanine supplementation and spermine treatment.,Growth with alanine supplementation and spermine treatment.,NegHigh,154.15992341593815,Yes,21,F3,581.9537108951665,0.2913216658259056,glutamate_spermine.tsv
207,101.761024423679,777.2810163425693,8055.689378729225,271.72358649301515,347.526085161029,8177.689132941181,22716.52485645192,101.761024423679,189.44871568238108,1069.573320538243,"Growth with alanine supplementation, no spermine treatment.",5604.43429192964,2088.2661288646464,33016.03960503576,845.4825539882264,11.908204985749668,910.4363993650428,70.36666582488441,0.5210014152638783,58.45846083913474,17.3210254338177,2738.887146722424,"Growth with alanine supplementation, no spermine treatment.","Growth with alanine supplementation, no spermine treatment.",NegHigh,17.3210254338177,None,75,D10,729.6481963995706,0.2391143077661277,glutamate_spermine.tsv
208,354.2870813397129,948.688995215311,5678.313971734824,394.3062200956938,211.866028708134,4701.071770334928,18992.612440191388,350.75598086124404,111.22966507177031,248.35406698564591,"Growth with spermine treatment, no supplementation.",2318.1674641148325,5336.66985645933,34877.85645933014,4.708133971291866,61.79425837320574,2030.3827751196168,123.0,0.3386211822304231,181.85167464114832,2.6483253588516744,5120.095693779905,"Growth with spermine treatment, no supplementation.","Growth with spermine treatment, no supplementation.",None,58.85167464114832,Yes,11,D2,1030.4928229665072,0.2264556754366109,glutamate_spermine.tsv
209,889.4842105263158,798.8526315789474,8330.387696373644,688.8000000000001,103.57894736842104,7822.8,26553.75789473684,864.8842105263158,534.7263157894737,405.2526315789474,Growth with alanine supplementation and spermine treatment.,3560.5263157894738,2661.978947368421,50620.32631578948,359.9368421052632,46.61052631578948,2217.884210526316,123.0,0.5457344372928419,1018.957894736842,331.4526315789474,2497.547368421053,Growth with alanine supplementation and spermine treatment.,Growth with alanine supplementation and spermine treatment.,NegHigh,133.3578947368421,Yes,80,A11,655.1368421052632,0.2567977132673941,glutamate_spermine.tsv
210,67.87428013146636,1118.5115746664562,8866.186456244626,45.24952008764424,289.17271431010147,4576.564742614393,25003.18794342892,67.87428013146636,137.16260776567162,532.3888847811893,"Growth with spermine treatment, no supplementation.",2652.046091386774,10362.140100070532,49625.997108621086,72.11642263968301,114.53784772184947,4650.095212756815,321.6958068730958,0.6371548447277462,514.0062672455838,19.08964128697492,8748.711899445467,"Growth with spermine treatment, no supplementation.","Growth with spermine treatment, no supplementation.",None,136.45558401430216,Yes,22,G3,2209.449223029504,0.269000558210681,glutamate_spermine.tsv
211,118.7610505397712,787.753155378914,3512.3850488079643,31.612653740802408,742.4701648853322,5442.502819700306,17474.10795424029,118.7610505397712,45.28299049358183,99.1099414576508,Growth with alanine supplementation and spermine treatment.,2323.1028519254523,838.1625221547881,24306.71314248885,632.2530748160481,109.36269402223536,1326.0226650196037,123.03303077501477,0.29768555637127,311.8545571727805,40.92334893291188,780.9179870025243,Growth with alanine supplementation and spermine treatment.,Growth with alanine supplementation and spermine treatment.,NegHigh,165.75283312745046,Yes,36,E5,594.6596487459047,0.4084113722975545,glutamate_spermine.tsv
212,822.5696263949538,546.9442018437652,10247.829457713022,890.399320718098,1015.2920912178554,4534.899563318777,14729.8102862688,709.5201358563804,588.9340126152354,1057.2819019893257,"Growth with high glutamate supplementation, no spermine treatment.",5777.367297428433,9763.16933527414,23189.14216399805,221.7923338185347,39.836487142164,2740.104318292091,1023.90538573508,0.7873081079709264,2444.022319262494,120.58612324114507,12352.540999514798,"Growth with high glutamate supplementation, no spermine treatment.","Growth with high glutamate supplementation, no spermine treatment.",PosHigh,48.44978165938865,None,1,B1,454.3512857836002,0.2813734446551267,glutamate_spermine.tsv
213,113.82707805664288,440.9804282753857,4280.900056359735,109.8471102924246,409.14068616163945,1789.3935067925397,8903.187888556298,113.82707805664288,46.39138616832433,118.60303937370482,Growth with high glutamate supplementation and spermine treatment.,1584.0271701588763,7844.516463274234,10371.0,319.19341469030627,334.3172921943357,1101.6550771356206,260.2898917798757,0.2735443034424663,295.31360810499655,116.21505871517384,10274.684780105918,Growth with high glutamate supplementation and spermine treatment.,Growth with high glutamate supplementation and spermine treatment.,PosHigh,380.48491825926783,Yes,86,G11,121.78701358507944,0.2455686524317995,glutamate_spermine.tsv
214,263.1072648029385,601.5036853802563,5478.196429322264,1263.7244318688831,251.48606785601976,4276.100223658835,9148.03720699448,263.1072648029385,76.0987165891576,478.450441533959,"Growth with alanine supplementation, no spermine treatment.",2967.040386162368,816.8468621112769,14004.592534849337,43.71628399802671,370.77885316844873,1017.6179441762883,4.047804073891362,0.3874268163202837,78.52739903349242,3.6430236665022258,1890.324502507266,"Growth with alanine supplementation, no spermine treatment.","Growth with alanine supplementation, no spermine treatment.",NegHigh,364.30236665022255,None,17,B3,569.9308136039037,0.2674591516297342,glutamate_spermine.tsv
215,453.1161473087819,617.1010387157696,10452.498066979982,37.75967894239849,303.1562795089707,4570.0,13195.389518413598,453.1161473087819,342.53423040604343,1070.2171860245514,Baseline growth with no supplementation or treatment.,3521.359773371105,7934.926817752596,23467.10103871577,505.97969782813976,195.27148253068933,3435.05193578848,366.26888574126536,0.673407712080758,15.643295561850802,40.45679886685552,7194.837110481586,Baseline growth with no supplementation or treatment.,Baseline growth with no supplementation or treatment.,None,251.91100094428705,None,53,F7,969.3449008498584,0.234426397876977,glutamate_spermine.tsv
216,816.3793657491842,407.610690416614,6909.495191255999,24.896675693060228,635.733718860003,2578.832407834657,10864.793473959888,816.3793657491842,749.2162406237194,1207.77826734241,"Growth with low glutamate supplementation, no spermine treatment.",4186.115471181987,1489.1686019197884,17971.346903183636,361.2912937783624,127.95733321317,2365.1841908407214,647.8925604775441,0.3150000000000049,1008.6048617979284,88.00685361267801,9194.979225150915,"Growth with low glutamate supplementation, no spermine treatment.","Growth with low glutamate supplementation, no spermine treatment.",PosLow,131.43128796103886,None,46,G6,1144.6680894227925,0.369709458686056,glutamate_spermine.tsv
217,377.9799810148413,702.4896232519734,4793.689466812247,878.5729802613263,71.90838663209176,4637.1690353772,20050.455139248254,377.9799810148413,96.79975123550814,799.2893744874815,"Growth with alanine supplementation, no spermine treatment.",5321.220610774791,1402.2135393257895,24107.74756960512,430.5284173998315,152.11389479865565,2523.2468488722457,523.6405590644631,0.378202647586864,108.78448234085675,82.97121534472127,1157.9094052552211,"Growth with alanine supplementation, no spermine treatment.","Growth with alanine supplementation, no spermine treatment.",NegHigh,164.09862590400428,None,45,F6,725.5371830699515,0.3081463787326635,glutamate_spermine.tsv
218,1075.116951827283,1236.4783093441176,7580.74977343833,364.0012018403017,200.76354946862003,6977.940565175681,31119.288315063528,1040.405497012615,657.6413466238441,343.3619584369856,"Growth with spermine treatment, no supplementation.",3495.5373145798044,12500.814470417576,69415.4044499165,919.3844788749888,72.23735191160627,4239.488224526607,609.7958278252477,0.5591999999999999,1080.7458363918236,179.00047632797344,11280.28466733966,"Growth with spermine treatment, no supplementation.","Growth with spermine treatment, no supplementation.",None,96.62918502461618,Yes,61,F8,2788.1741543025173,0.2820891104608111,glutamate_spermine.tsv
219,2280.316091954023,2934.7413793103447,4846.072329449019,706.9827586206897,242.44252873563212,9467.12643678161,34808.30459770115,2280.316091954023,603.5632183908045,461.1494252873563,Growth with alanine supplementation and spermine treatment.,4843.764367816092,1003.6781609195402,49034.42528735632,295.0,11.867816091954024,1900.5459770114944,781.5804597701149,0.2860790333103986,1495.3448275862067,7.629310344827586,1566.551724137931,Growth with alanine supplementation and spermine treatment.,Growth with alanine supplementation and spermine treatment.,NegHigh,30.517241379310345,Yes,3,D1,217.01149425287355,0.228951632785325,glutamate_spermine.tsv
220,105.39969681657404,128.94643759474482,4475.005970863177,28.031834259727137,26.91056088933805,5121.976755937342,15296.411318847904,105.39969681657404,60.548762001010616,287.04598281960585,Growth with low glutamate supplementation and spermine treatment.,1531.659423951491,9357.026275896918,26491.20464881253,98.67205659423952,78.48913592723598,2392.7973724103085,560.6366851945427,0.2190756270744576,504.57301667508847,48.21475492673068,11146.578575037898,Growth with low glutamate supplementation and spermine treatment.,Growth with low glutamate supplementation and spermine treatment.,PosLow,78.48913592723598,Yes,82,C11,146.88681152097018,0.2578719278725899,glutamate_spermine.tsv
221,338.9677419354839,820.5080645161291,8624.317544317277,9.161290322580646,362.4435483870968,4004.629032258065,16177.120967741936,338.9677419354839,133.98387096774195,336.6774193548387,"Growth with spermine treatment, no supplementation.",1667.3548387096776,5375.387096774194,32570.10483870968,115.08870967741936,138.56451612903226,1574.0241935483873,200.97580645161293,0.5585732049152423,403.0967741935484,36.64516129032258,4994.048387096775,"Growth with spermine treatment, no supplementation.","Growth with spermine treatment, no supplementation.",None,142.0,Yes,5,F1,484.4032258064517,0.2364641798275948,glutamate_spermine.tsv
222,904.2987915407856,875.2450151057402,4657.188458987475,1611.2740181268882,274.8003021148036,5654.591238670695,12930.141087613294,904.2987915407856,187.63897280966768,6.052870090634442,Growth with high glutamate supplementation and spermine treatment.,4007.000000000001,6919.641087613293,16415.383685800603,90.79305135951662,59.31812688821753,2947.747734138973,536.2842900302115,0.2696733196903679,984.19667673716,37.52779456193354,13719.435347432023,Growth with high glutamate supplementation and spermine treatment.,Growth with high glutamate supplementation and spermine treatment.,PosHigh,59.31812688821753,Yes,10,C2,13.316314199395771,0.254013100111186,glutamate_spermine.tsv
223,1146.7022812613675,636.717511699055,7927.5973233296445,1966.6478538810136,465.70465483983634,3927.188105731341,24534.237357267182,1151.2829827843825,234.9765024526963,574.1145908845195,Growth with alanine supplementation and spermine treatment.,3128.619140219097,2707.1946001017373,40916.35290407572,24.43040812274551,35.11871167644667,2687.3448935020065,395.467231486943,0.5855805954146516,70.23742335289334,6.871052284522175,4035.598041776024,Growth with alanine supplementation and spermine treatment.,Growth with alanine supplementation and spermine treatment.,NegHigh,35.11871167644667,Yes,41,B6,1235.26251070632,0.2788826564020719,glutamate_spermine.tsv
224,302.69789983844913,1004.0710823909532,10654.16234248644,111.5634535989948,547.1531143421289,4570.0,12930.696463830553,302.69789983844913,736.6469215580686,1435.5591455753008,Baseline growth with no supplementation or treatment.,3624.991922455574,10328.642972536349,27650.509782803805,1246.065338359361,276.44767546221505,6375.52324537785,243.6348949919225,0.7681999999999634,264.14288278585536,90.23514629330462,9570.667743672591,Baseline growth with no supplementation or treatment.,Baseline growth with no supplementation or treatment.,None,192.77508526296896,None,35,D5,480.7072338897864,0.260577138885694,glutamate_spermine.tsv
225,376.1486017656428,755.3636323500273,12751.623916366216,23.50928761035268,52.1292899186081,4230.6496269239005,19299.080842220385,376.1486017656428,1057.9179424658705,2106.636598475516,"Growth with low glutamate supplementation, no spermine treatment.",6017.355485310704,9952.605802695824,26137.21710801428,589.776476137978,56.21786167693031,1870.5215794324083,535.6029003402087,0.8734409186429823,1103.9143747469952,24.531430549933223,11303.878768821314,"Growth with low glutamate supplementation, no spermine treatment.","Growth with low glutamate supplementation, no spermine treatment.",PosLow,56.21786167693031,None,79,H10,626.5736219628778,0.2536011249838768,glutamate_spermine.tsv
226,638.2995736668129,1092.406151602914,6892.585920662143,48.88198732853506,148.771265782498,3021.473564582638,23730.433761506363,638.2995736668129,267.7882784084964,308.16905054946017,"Growth with spermine treatment, no supplementation.",2796.1913621119984,7512.948922016149,36453.2107243058,566.0392445724567,39.67233754199947,1892.2288138335816,174.98334594417625,0.4925659000426032,617.0465356978847,17.710864974106908,6902.986732307908,"Growth with spermine treatment, no supplementation.","Growth with spermine treatment, no supplementation.",None,39.67233754199947,Yes,39,H5,1189.4616916610198,0.2650219095222445,glutamate_spermine.tsv
227,720.2457169092629,1064.6443610969725,4944.9184332381,257.7237070090653,89.74307654779953,3706.312357939892,15636.772294901208,476.3286370613975,224.74120879064327,105.08377339357725,"Growth with spermine treatment, no supplementation.",2400.8190563642097,7090.470082118452,33438.883949583935,82.07272812491068,195.5938847836657,1913.751931510768,595.9860724584636,0.3240662346986046,741.7226924933517,106.617843078155,6200.709665063346,"Growth with spermine treatment, no supplementation.","Growth with spermine treatment, no supplementation.",None,195.5938847836657,Yes,73,B10,654.2807204724188,0.2978171500283695,glutamate_spermine.tsv
228,1100.9866181020684,768.6926626863533,4672.513060577659,6.309378900298386,41.01096285193951,3212.525423401928,15261.335996671743,1100.9866181020684,74.66098365353089,2.628907875124328,Growth with low glutamate supplementation and spermine treatment.,2256.6545200067226,6993.946510980761,16017.4099015575,412.2127548194945,21.03126300099462,2088.4044159987657,350.1705289665604,0.2883502543052866,179.817298658504,25.237515601193543,9350.499530242208,Growth with low glutamate supplementation and spermine treatment.,Growth with low glutamate supplementation and spermine treatment.,PosLow,29.443768201392466,Yes,91,D12,132.4969569062661,0.2375705789938388,glutamate_spermine.tsv
229,1655.014998469544,492.5535353535354,9654.916661010886,116.7729415365779,866.5781450872361,3833.3132537496176,16675.702846648303,1649.7470462197737,716.4415059687788,1420.5911233547597,"Growth with high glutamate supplementation, no spermine treatment.",712.9295378022651,11218.104315886134,22497.66807468626,944.7194367921642,98.3351086623814,3617.32721150903,1193.1911845730028,0.7441833333333334,3029.950535659627,13.16988062442608,12940.724701561066,"Growth with high glutamate supplementation, no spermine treatment.","Growth with high glutamate supplementation, no spermine treatment.",PosHigh,145.7466789103153,None,20,E3,668.1519436792164,0.2902090730773515,glutamate_spermine.tsv
230,815.4628493524199,738.8271983640082,10672.732659618394,296.8701431492842,180.05657805044308,4097.403203817314,18257.14178595773,815.4628493524199,347.46455351056574,626.4778459441036,Baseline growth with no supplementation or treatment.,5173.278459441036,12471.522154055896,27656.54158145876,680.0483980913428,85.56407634628493,8649.412065439672,156.9914792092706,0.7360648760286683,398.05896387184725,264.1325835037491,10433.609066121337,Baseline growth with no supplementation or treatment.,Baseline growth with no supplementation or treatment.,None,133.18234492160872,None,14,G2,688.2327880027266,0.25135771552015,glutamate_spermine.tsv
231,1033.233830845771,876.1940298507462,3458.260855875903,749.2412935323383,26.417910447761194,4743.482587064676,19749.589552238805,1033.233830845771,306.0074626865671,752.1766169154229,"Growth with alanine supplementation, no spermine treatment.",4214.390547263682,890.136815920398,26971.21890547264,295.0,183.4577114427861,1408.2213930348255,1.8345771144278609,0.2684999999999999,614.2164179104477,28.619402985074625,854.9129353233831,"Growth with alanine supplementation, no spermine treatment.","Growth with alanine supplementation, no spermine treatment.",NegHigh,206.94029850746267,None,71,H9,629.6268656716418,0.3069064493692116,glutamate_spermine.tsv
232,780.358450362515,392.5511353647302,5030.321243942204,154.17416192572486,112.66573371495278,2735.998396635748,7822.559785092932,780.358450362515,27.869944655804108,17.789326376045175,Growth with low glutamate supplementation and spermine treatment.,1751.6556704945815,4150.842821077207,12690.905436670628,348.2943581841975,130.45506009099796,1037.7107052693018,345.1129316952764,0.3263411716647495,176.11433112284723,109.70084598561192,5444.71982616156,Growth with low glutamate supplementation and spermine treatment.,Growth with low glutamate supplementation and spermine treatment.,PosLow,148.24438646704314,Yes,68,E9,426.350855479216,0.2405086492286886,glutamate_spermine.tsv
233,824.8237650200267,664.6775700934579,5052.017179335134,130.3845126835781,394.299789632393,3229.8511348464617,24736.20961281709,810.6515353805073,466.2663551401869,299.0340453938585,Growth with low glutamate supplementation and spermine treatment.,3938.46261682243,14264.349132176236,31166.150200267024,253.6829105473965,111.96061415220294,1190.4672897196265,226.75567423230976,0.2778007019451322,238.09345794392524,31.35383059899394,16649.535380507343,Growth with low glutamate supplementation and spermine treatment.,Growth with low glutamate supplementation and spermine treatment.,PosLow,111.96061415220294,Yes,4,E1,922.6121495327104,0.2700479465112496,glutamate_spermine.tsv
234,1105.846804277543,1169.4926635165382,10452.938460748515,36.369062422283015,895.5881621487192,4570.0,19658.614772444667,1046.747077841333,67.05545884108432,3018.6321810494906,"Growth with high glutamate supplementation, no spermine treatment.",6214.5635414076105,2417.4061178811244,24654.8147227058,328.45809500124346,228.4431733399652,6378.224322307884,1142.215866699826,0.7008336870354165,2479.915443919423,10.2287988062671,11919.960208903258,"Growth with high glutamate supplementation, no spermine treatment.","Growth with high glutamate supplementation, no spermine treatment.",PosHigh,246.62770455110672,None,95,H12,941.049490176573,0.2983129410031584,glutamate_spermine.tsv
235,574.5625,476.4434523809524,8709.998092724205,103.7797619047619,232.0892857142857,3011.5,9943.988095238095,574.5625,767.9702380952381,1805.767857142857,"Growth with high glutamate supplementation, no spermine treatment.",3054.898809523809,10355.333333333332,15737.729166666666,7.547619047619047,162.27380952380952,1587.830357142857,925.5267857142856,0.6210975053987967,1996.345238095238,50.94642857142857,12596.032738095237,"Growth with high glutamate supplementation, no spermine treatment.","Growth with high glutamate supplementation, no spermine treatment.",PosHigh,256.6190476190476,None,24,A4,34.907738095238095,0.310555031575311,glutamate_spermine.tsv
236,1193.0,924.6262163709216,6250.612459132871,360.5632512879222,103.79851173440184,3722.405838580424,17750.228391528333,1175.2449914138524,4.0973096737263885,214.42587292501432,"Growth with spermine treatment, no supplementation.",2071.190040068689,3971.658843732113,29544.334287349742,121.55352032054952,174.13566113337149,1335.0400686891817,140.67429879793931,0.3772581847066835,564.0629650829994,12.974813966800228,4176.524327418431,"Growth with spermine treatment, no supplementation.","Growth with spermine treatment, no supplementation.",None,174.13566113337149,Yes,88,A12,1261.9713795077275,0.2953073299977448,glutamate_spermine.tsv
237,1240.7530695770804,1134.425648021828,17932.346672236607,508.4529331514324,421.31241473396994,2551.8581173260573,17735.094133697134,1240.7530695770804,451.69167803547066,794.6575716234652,"Growth with low glutamate supplementation, no spermine treatment.",6649.06139154161,2654.18826739427,24848.63847203274,202.2619372442019,71.15143246930423,4707.9863574351975,995.3206002728512,1.3753494392390166,1849.137789904502,88.7394270122783,9252.88403819918,"Growth with low glutamate supplementation, no spermine treatment.","Growth with low glutamate supplementation, no spermine treatment.",PosLow,82.343792633015,None,51,D7,1020.1036834924964,0.2761980861078861,glutamate_spermine.tsv
238,1310.924338611732,431.34113607908455,12967.051567081018,9.552699776879214,319.7547457224473,2864.3402869442443,10309.567528431951,1310.924338611732,567.2834021346733,1235.9723865162184,"Growth with low glutamate supplementation, no spermine treatment.",3610.920515660343,7754.587749646642,16174.19036837603,27.188453211117764,220.44691792798187,2016.3544759812744,255.71842479645892,0.9190833333333254,767.1552743893769,3.306703768919728,8129.347510124211,"Growth with low glutamate supplementation, no spermine treatment.","Growth with low glutamate supplementation, no spermine treatment.",PosLow,227.79514852558123,None,37,F5,989.0718384368788,0.2646462988409233,glutamate_spermine.tsv
239,2178.7911190760656,499.29709279171647,10738.45817065683,49.4878534448427,66.27837514934289,2655.5535643170056,12046.757467144564,2231.371963361211,721.9924332935086,1185.9410593389089,"Growth with high glutamate supplementation, no spermine treatment.",4078.329350856233,10388.030665073677,17059.170051772202,85.72003185981681,39.76702508960574,1958.305057745918,1314.962962962963,0.7736583858039536,1135.5694942254083,39.76702508960574,12964.93389088013,"Growth with high glutamate supplementation, no spermine treatment.","Growth with high glutamate supplementation, no spermine treatment.",PosHigh,63.62724014336918,None,57,B8,215.6256471525289,0.273579277960324,glutamate_spermine.tsv
240,591.1850413121223,804.8195831791835,6186.755805734675,407.073068671904,339.48470834874826,2642.853496115427,12742.717782710568,591.1850413121223,60.59452460229374,413.285731902824,Growth with alanine supplementation and spermine treatment.,895.7113700826242,1253.063694660254,19650.493587372053,463.7811690714021,454.4589345172031,1740.9273029966705,99.43716857812306,0.4892337164558537,7.380102355407571,56.710260204710806,1371.1453323467751,Growth with alanine supplementation and spermine treatment.,Growth with alanine supplementation and spermine treatment.,NegHigh,454.4589345172031,Yes,55,H7,295.98094709581943,0.298796824526759,glutamate_spermine.tsv
241,1320.610329783509,722.6708912739358,3640.178805675217,70.7240196086592,621.085481290589,6851.228663180658,14714.45375239795,1320.610329783509,7.715347593671913,83.58293226477906,Growth with high glutamate supplementation and spermine treatment.,1432.4828698917518,13332.120641865064,22482.52288795996,212.1720588259776,164.59408199833413,1208.7377896752664,14.14480392173184,0.2108427656106818,577.0979909905464,18.002477718567796,17144.7882444046,Growth with high glutamate supplementation and spermine treatment.,Growth with high glutamate supplementation and spermine treatment.,PosHigh,201.8849287010817,Yes,76,E10,124.7314527643626,0.2167483202093277,glutamate_spermine.tsv
242,670.0,1418.8235294117646,6842.002545352491,13.512605042016808,766.8403361344538,4782.336134453782,27831.462184873948,593.4285714285714,654.2352941176471,2381.5966386554624,Baseline growth with no supplementation or treatment.,7300.18487394958,2640.5882352941176,46038.57142857143,208.31932773109244,167.78151260504202,6704.504201680672,305.15966386554624,0.4556438521353169,719.546218487395,183.54621848739487,12887.64705882353,Baseline growth with no supplementation or treatment.,Baseline growth with no supplementation or treatment.,None,159.89915966386553,None,85,F11,543.8823529411765,0.24713092613898,glutamate_spermine.tsv
243,409.1363313609467,298.3176331360947,4541.526220243935,275.2085207100592,38.86532544378698,2235.806627218935,7434.831715976331,409.1363313609467,48.31905325443787,68.8021301775148,Growth with low glutamate supplementation and spermine treatment.,1163.8589349112426,3551.975621301775,12323.459408284025,308.821775147929,126.04970414201183,270.48165680473375,297.15324402174883,0.2929032864557789,67.22650887573964,2.363431952662722,6562.462721893491,Growth with low glutamate supplementation and spermine treatment.,Growth with low glutamate supplementation and spermine treatment.,PosLow,101.8901775147929,Yes,54,G7,432.77065088757394,0.2379518545269334,glutamate_spermine.tsv
244,3015.30849564326,1487.9033188108665,19587.28582071796,536.973646696219,222.38083034341363,11155.61731163506,32431.02543567401,3015.30849564326,1142.627819067145,3509.8132368016404,"Growth with low glutamate supplementation, no spermine treatment.",7904.76069964121,14252.855586878524,40881.49698872373,86.3188749359303,51.20611225012814,6222.274154279857,693.4770630445926,1.3430771955151768,4466.636019989749,6.583643003587904,15170.176512045104,"Growth with low glutamate supplementation, no spermine treatment.","Growth with low glutamate supplementation, no spermine treatment.",PosLow,33.64973090722707,None,2,C1,395.0185802152743,0.2836547859011014,glutamate_spermine.tsv
245,1568.6290322580644,716.241935483871,3745.000731666127,413.1709677419354,210.73509548296863,3145.5451612903225,13884.43870967742,1568.6290322580644,69.84838709677419,2.9596774193548385,Growth with high glutamate supplementation and spermine treatment.,1020.4967741935484,9126.46129032258,19029.54193548387,116.01935483870967,155.08709677419355,2219.758064516129,266.3709677419355,0.2506984331192334,956.5677419354838,82.87096774193547,11730.977419354838,Growth with high glutamate supplementation and spermine treatment.,Growth with high glutamate supplementation and spermine treatment.,PosHigh,170.4774193548387,Yes,43,D6,367.0,0.2593016549874617,glutamate_spermine.tsv
246,1179.167005076142,1567.8040609137054,5206.926498551046,432.1260920780414,801.3756345177665,11181.90152284264,26943.0923857868,1187.0,120.50761421319795,179.55634517766495,"Growth with spermine treatment, no supplementation.",4584.10964467005,10967.397969543146,58394.37461928934,286.8081218274111,19.28121827411168,4338.274111675127,542.2842639593908,0.3677469200988862,906.2172588832486,93.9959390862944,11833.84771573604,"Growth with spermine treatment, no supplementation.","Growth with spermine treatment, no supplementation.",None,6.025380710659898,Yes,42,C6,2719.856852791878,0.3001132236676175,glutamate_spermine.tsv
247,553.8038548927633,512.0622847606181,11561.2299021379,156.2882044482645,642.140666102652,2067.178455730306,6657.780436077156,553.8038548927633,263.06896525142656,892.5900868955231,"Growth with high glutamate supplementation, no spermine treatment.",2515.657651103587,6044.276428553534,12410.351240800232,239.2922494068949,48.536709455982766,2035.1442274893573,518.3720569898959,0.8610666666666674,1306.608218555056,34.94643080830759,7837.222475857537,"Growth with high glutamate supplementation, no spermine treatment.","Growth with high glutamate supplementation, no spermine treatment.",PosHigh,48.536709455982766,None,50,C7,430.5206128745671,0.2704151477699753,glutamate_spermine.tsv
248,1478.8970099667774,560.9302325581396,11224.5956934982,280.2938880696805,152.25249169435216,1895.5880398671093,11340.584717607971,1478.8970099667774,979.4019933554816,1316.8504983388705,"Growth with low glutamate supplementation, no spermine treatment.",2996.9700996677743,10867.800664451828,19208.74418604651,105.06312292358804,159.37541528239203,2601.647840531561,313.4086378737542,0.727469212238694,1514.5116279069769,57.87375415282392,11653.102990033223,"Growth with low glutamate supplementation, no spermine treatment.","Growth with low glutamate supplementation, no spermine treatment.",PosLow,204.78405315614617,None,16,A3,882.3521594684386,0.2908351707013467,glutamate_spermine.tsv
249,1564.8499043977056,772.2767686424475,6986.642679601693,274.00095602294454,335.1703628424304,7544.15965583174,18069.85564053537,1550.642447418738,596.7131931166348,1104.1223709369026,"Growth with alanine supplementation, no spermine treatment.",4789.942638623327,3942.56931166348,24860.005258126195,192.8154875717017,34.503824091778206,826.0621414913958,46.68164435946463,0.4851075550998636,592.6539196940727,37.548279158699806,3889.798757170172,"Growth with alanine supplementation, no spermine treatment.","Growth with alanine supplementation, no spermine treatment.",NegHigh,34.503824091778206,None,60,E8,2015.429254302104,0.266909879426851,glutamate_spermine.tsv
250,1207.2221925000883,924.9648710308734,11190.887977887553,27.653588927727142,220.2751393898265,4801.235181072626,16466.281848413528,1207.2221925000883,468.20386770738025,1365.5151498105265,"Growth with low glutamate supplementation, no spermine treatment.",3959.231076824936,9915.241988638169,21890.19956637601,350.91450777253755,34.32859315166128,2167.4692287146136,153.52509715048518,0.8146259854711707,1028.9042225178478,50.23784532156771,10847.835435924964,"Growth with low glutamate supplementation, no spermine treatment.","Growth with low glutamate supplementation, no spermine treatment.",PosLow,57.21432191943547,None,84,E11,350.91450777253755,0.270271434973277,glutamate_spermine.tsv
251,1130.3235613463628,415.78284473398486,5184.533367847795,770.9880564603692,154.19761129207384,2732.8773072747017,13044.84256243214,1130.3235613463628,16.521172638436482,136.29967426710098,Growth with high glutamate supplementation and spermine treatment.,1646.6102062975028,12540.946796959828,18375.67426710097,11.01411509229099,151.4440825190011,1858.6319218241044,448.8251900108578,0.3035084300815956,384.1172638436482,28.201030403383587,15558.81433224756,Growth with high glutamate supplementation and spermine treatment.,Growth with high glutamate supplementation and spermine treatment.,PosHigh,151.4440825190011,Yes,93,F12,309.77198697068405,0.2285273109259961,glutamate_spermine.tsv
252,337.5685656736283,946.7568712766991,9256.017761747882,471.7017705770568,293.5126084672153,3399.158967594383,22453.89850083393,337.5685656736283,116.24877758297131,1017.1768038509992,"Growth with alanine supplementation, no spermine treatment.",4186.073769694496,1853.2737810823696,20382.658261783483,36.886631348442826,331.97968213598546,1840.978237299556,271.61973992944263,0.5423879872401198,381.16185726724257,26.82664098068569,2337.271095442241,"Growth with alanine supplementation, no spermine treatment.","Growth with alanine supplementation, no spermine treatment.",NegHigh,359.9240998241997,None,0,A1,917.6946768809564,0.2406016855541846,glutamate_spermine.tsv
253,1430.0849250084525,3586.9343201031675,18258.77743194526,394.640921928562,177.13255901744037,5907.891821346394,17536.123342726598,1314.1672944749805,70.33204549221897,16686.9290156724,Low glutamine supplementation with acetic acid treatment.,2461.621592227664,19209.76553638403,16589.245619155427,62.517373770861305,554.8416922163941,2533.256083006776,7431.7528070111375,0.911927081516625,130.24452868929438,13.02445286892944,18804.705052160323,Low glutamine supplementation with acetic acid treatment.,Low glutamine supplementation with acetic acid treatment.,PosLow,527.4903411916423,Yes,3,A12,27.35135102475182,0.1780530474552562,glutamine_acetate.tsv
254,1558.7208116199135,2923.473112318439,11159.162321007956,79.23550282736446,148.4689839522129,8013.561813948331,19598.42621133164,1429.4084710056547,493.7956536201353,4240.6841113205455,No glutamine supplementation with acetic acid treatment.,1793.2578999889122,8093.431200798314,23452.44106885464,5.704956203570241,547.0419115201241,129.9462246368777,1660.14225523894,0.5256173540916399,44.3718815833241,10.14214436190265,8116.884909635214,No glutamine supplementation with acetic acid treatment.,No glutamine supplementation with acetic acid treatment.,None,557.8179399046458,Yes,0,A1,683.3269763831911,0.165793024684422,glutamine_acetate.tsv
255,1882.0099089020296,250.4762665814288,8122.42041182593,200.08876237145705,218.1799989764863,6166.6274572478815,5184.367588301102,1606.9771455969312,648.2915135048745,3789.5585743966753,Low glutamine supplementation with acetic acid treatment.,641.415694422247,34216.04027489212,9137.96356081189,115.90666453571998,775.0030365990091,504.8815726386447,1850.5775930957327,0.4199787567057842,804.1565688332479,4.911299344733898,32050.15726386447,Low glutamine supplementation with acetic acid treatment.,Low glutamine supplementation with acetic acid treatment.,PosLow,636.5043950775131,Yes,77,G3,225.649754557294,0.1875434766502089,glutamine_acetate.tsv
256,555.471915056638,373.34997569380585,2828.259470320838,50.49744682333072,170.03523750594886,4005.8548389852026,4120.094964585524,555.471915056638,254.02739084281765,113.41229860321818,Leucine supplementation with acetic acid treatment.,381.6282456648436,133.28014653370894,8477.776277339835,92.71662367562362,533.1205861348358,792.2304362283197,1814.5967776514908,0.0924791815965869,47.18613883491559,4.139134985518911,1061.2742102870488,Leucine supplementation with acetic acid treatment.,Leucine supplementation with acetic acid treatment.,NegHigh,536.4318941232509,Yes,2,A11,173.57173385421788,0.1040862719622428,glutamine_acetate.tsv
257,835.3590604026846,2645.020134228188,21702.488119830152,14.744966442953022,169.0,5293.442953020134,22203.08389261745,825.7181208053692,1068.4429530201344,12507.13422818792,Leucine supplementation without acetic acid treatment.,2807.781879194631,3220.073825503356,39586.265100671146,507.0,269.3791946308725,16350.46644295302,1976.959731543624,1.0845674076043703,653.8825503355705,294.3322147651007,3370.359060402685,Leucine supplementation without acetic acid treatment.,Leucine supplementation without acetic acid treatment.,NegHigh,269.3791946308725,None,7,A5,251.23154362416108,0.183571130864311,glutamine_acetate.tsv
258,4495.696821515892,3377.21271393643,43249.74200729979,9.574572127139364,950.4938875305623,5723.853300733496,22609.916870415647,4119.677261613692,1242.083129584352,7677.0660146699265,High glutamine supplementation without acetic acid treatment.,2922.8557457212714,20313.760391198044,14712.635696821517,497.0073349633252,619.7359413202934,6679.569682151589,4437.378973105135,2.0158072986411657,1953.2127139364304,219.3447432762836,21091.91198044009,High glutamine supplementation without acetic acid treatment.,High glutamine supplementation without acetic acid treatment.,PosHigh,619.7359413202934,None,87,H12,387.33496332518337,0.2544052943237342,glutamine_acetate.tsv
259,4822.021871202916,3793.341433778858,37741.44850885979,362.0103000107836,1130.0996354799515,6608.053462940462,30490.298906439853,3802.561360874848,1734.663426488457,10238.070473876063,High glutamine supplementation without acetic acid treatment.,4966.906439854192,35447.985419198056,21238.76063183475,725.7399756986634,466.26488456865127,7572.1944106925885,7195.494532199271,1.9136289911648168,2000.7241798298908,6.585662211421628,36783.55771567436,High glutamine supplementation without acetic acid treatment.,High glutamine supplementation without acetic acid treatment.,PosHigh,508.4131227217497,None,53,E3,52.68529769137302,0.2574457101072713,glutamine_acetate.tsv
260,701.7476473977339,1871.99539082005,1897.278085678844,190.47436143652777,16.039946226233916,4570.716343383907,12894.78010370655,649.6178221624737,60.81812944113693,1571.246399078164,Leucine supplementation with acetic acid treatment.,505.9266372191281,1114.776262723257,14812.222008834262,734.4958709429615,205.17764547724212,5834.530439792588,1223.714230843096,0.0665263789180141,1.6708277318993665,7.351642020357212,1029.8982139427694,Leucine supplementation with acetic acid treatment.,Leucine supplementation with acetic acid treatment.,NegHigh,114.9529479546764,Yes,83,G9,171.76109083925485,0.1953902162656412,glutamine_acetate.tsv
261,1654.3082754264055,1628.3006948831332,3455.753402150933,225.02210991787743,382.1983575489576,8531.61718256475,14496.399241945672,1574.0240050536954,4.523057485786481,938.5344283006948,Leucine supplementation with acetic acid treatment.,532.5900189513582,2814.472520530638,20887.47946936197,1.6961465571699303,104.03032217308906,4175.912823752369,1398.7555274794693,0.127175869846888,62.19204042956412,5.653821857233101,2377.9974731522425,Leucine supplementation with acetic acid treatment.,Leucine supplementation with acetic acid treatment.,NegHigh,104.03032217308906,Yes,55,E5,477.1825647504738,0.1532695001673461,glutamine_acetate.tsv
262,1278.315701867949,3607.6204919548736,16784.884491302186,261.72683310994165,10.044664324024414,5123.83613833919,32372.36711670057,1104.9130756426855,587.877196227113,6234.035879415573,No glutamine supplementation with acetic acid treatment.,676.6931755132237,9340.480488255966,37961.429813205104,385.92657665988537,195.6066210467912,3022.9152949879785,3388.752542999815,0.8940326602516999,138.51063436286296,5.28666543369706,9683.056408359536,No glutamine supplementation with acetic acid treatment.,No glutamine supplementation with acetic acid treatment.,None,174.45995931200295,Yes,54,E4,101.50397632698356,0.1888442643995074,glutamine_acetate.tsv
263,1115.0410432672866,2841.275980590376,23029.79450347063,565.897290739992,94.93671653861706,6819.310553983017,18219.162555600484,912.757581884351,431.8689850384149,11350.211888394662,Leucine supplementation without acetic acid treatment.,2021.5936109987867,1236.038819247877,39082.90214314598,459.17104731095833,276.74363121714515,11046.166194904974,1664.8052972098665,1.1397521001674962,108.5877476748888,64.5321471896482,2694.837646583097,Leucine supplementation without acetic acid treatment.,Leucine supplementation without acetic acid treatment.,NegHigh,278.6051354630004,None,94,H8,526.1852001617468,0.1745657067697253,glutamine_acetate.tsv
264,3308.416630984741,5761.446143032644,39152.90371509128,543.5847175179266,2281.032317164904,5840.546457256911,39686.2832342868,3129.0612673366945,3875.915396989074,13645.723974781657,Low glutamine supplementation without acetic acid treatment.,3364.522667818233,7935.785013104351,43601.74878838801,516.9113557446274,742.2552741742247,10111.043654271689,3063.7575195468926,1.889569670333219,73.58168765048076,20.23496410388221,8303.693451356754,Low glutamine supplementation without acetic acid treatment.,Low glutamine supplementation without acetic acid treatment.,PosLow,742.2552741742247,None,90,H4,256.6161356810517,0.2513059686670649,glutamine_acetate.tsv
265,2358.598360655738,314.1967213114754,4797.264466814644,16.983606557377048,717.5573770491803,5957.0,7617.147540983607,2203.622950819672,203.80327868852456,1607.073770491803,High glutamine supplementation with acetic acid treatment.,762.139344262295,68053.31147540984,3969.918032786885,3.1844262295081966,551.9672131147541,5230.950819672131,4507.024590163935,0.2880173177439208,397.7021928748636,10.614754098360656,64722.401639344265,High glutamine supplementation with acetic acid treatment.,High glutamine supplementation with acetic acid treatment.,PosHigh,551.9672131147541,Yes,48,E1,302.5048042703757,0.2211369815511341,glutamine_acetate.tsv
266,10198.125,9361.060855263158,44364.887450002505,640.7309452317027,3452.623355263158,5878.618421052632,60277.13815789474,8998.972039473685,2928.659539473684,18249.27631578948,High glutamine supplementation without acetic acid treatment.,4004.2763157894738,46000.18914473684,40451.71052631579,136.31578947368422,342.9194078947368,10830.715460526317,6869.037828947368,2.0159004873786097,2342.9276315789475,10.64967105263158,43033.19078947369,High glutamine supplementation without acetic acid treatment.,High glutamine supplementation without acetic acid treatment.,PosHigh,406.8174342105263,None,47,D9,370.60855263157896,0.2485925652018737,glutamine_acetate.tsv
267,1123.0743274908614,716.7256162714407,4108.681681580078,4.083906645421314,57.1746930358984,6782.347961383448,6731.299128315681,1092.4450276502016,4.083906645421314,1131.242140781704,Low glutamine supplementation with acetic acid treatment.,1021.9976380166838,24018.475958384104,10239.37493673259,8.167813290842629,357.341831474365,400.2228512512888,2320.6799512606617,0.2269732037639518,1062.2947784303374,5.104883306776642,24388.06950979473,Low glutamine supplementation with acetic acid treatment.,Low glutamine supplementation with acetic acid treatment.,PosLow,367.5515980879183,Yes,60,F1,163.1167495784768,0.2014303486875532,glutamine_acetate.tsv
268,2335.0,990.0,4967.960672676028,31.25,770.6447167802393,5133.75,11612.5,2186.25,1726.25,10828.75,Low glutamine supplementation with acetic acid treatment.,3067.5,44576.25,13202.5,93.75,142.5,1718.75,3161.25,0.1258292943160445,302.5,6.25,42515.0,Low glutamine supplementation with acetic acid treatment.,Low glutamine supplementation with acetic acid treatment.,PosLow,142.5,Yes,57,E7,46.25,0.2340330256437557,glutamine_acetate.tsv
269,1299.505617977528,2673.0337078651687,19020.72653868578,71.96629213483146,486.2865168539326,5909.460674157303,24136.46629213483,1299.505617977528,2117.865168539326,10520.44382022472,No glutamine supplementation with acetic acid treatment.,335.1573033707865,8729.511235955057,24904.44943820225,3118.1966292134834,183.0,2491.061797752809,3675.421348314607,1.0135241451630357,330.0168539325843,5.140449438202247,8682.219101123595,No glutamine supplementation with acetic acid treatment.,No glutamine supplementation with acetic acid treatment.,None,249.8258426966292,Yes,75,G12,142.90449438202248,0.1913965613604458,glutamine_acetate.tsv
270,2335.0,1240.352,9056.500282651155,215.2799193758512,188.2944,6718.822400000001,7153.692800000001,2262.5216,345.20640000000003,8936.512,Low glutamine supplementation with acetic acid treatment.,1002.7424,38216.2912,11681.724800000002,2.2416,118.0576,355.66720000000004,5137.747200000001,0.5247991463304063,80.69760000000001,20.9216,39869.0976,Low glutamine supplementation with acetic acid treatment.,Low glutamine supplementation with acetic acid treatment.,PosLow,118.0576,Yes,35,C9,148.3720308281872,0.2096836853395137,glutamine_acetate.tsv
271,6741.444444444444,4936.962962962964,35277.83216079163,427.7584047285566,4952.333333333333,13642.74074074074,41174.14814814815,6032.87037037037,3719.6296296296296,11643.055555555557,High glutamine supplementation without acetic acid treatment.,3761.1296296296296,38943.90740740741,30889.833333333336,2.305555555555556,273.5925925925926,15461.055555555557,6991.981481481482,1.790917905889587,2148.777777777778,89.14814814814815,40024.444444444445,High glutamine supplementation without acetic acid treatment.,High glutamine supplementation without acetic acid treatment.,PosHigh,273.5925925925926,None,64,F2,606.9409771472473,0.2580290520862572,glutamine_acetate.tsv
272,6480.528957528957,10790.00193050193,41483.98967935799,488.4594594594594,2928.5057915057914,9984.15637065637,73109.10038610038,5861.513513513513,4061.866795366795,11993.142857142857,Low glutamine supplementation without acetic acid treatment.,3715.218146718146,8740.49806949807,57061.96911196911,192.4575289575289,248.7316602316602,16546.84555984556,6374.73359073359,1.884166681238694,1160.372586872587,69.77992277992277,7370.785714285714,Low glutamine supplementation without acetic acid treatment.,Low glutamine supplementation without acetic acid treatment.,PosLow,282.496138996139,None,24,C1,827.2297297297297,0.265098670378761,glutamine_acetate.tsv
273,2519.456790123457,3131.9320987654323,46197.081083672296,534.5473251028807,438.5864197530864,4520.4670781893,31066.860082304527,2347.5,2339.771604938272,7741.91975308642,Baseline condition with no supplementation or treatment.,2135.61316872428,5407.300411522634,25103.75925925926,1335.0802469135804,163.5843621399177,16975.41975308642,3370.224279835391,2.0184846476099154,44.43827160493827,228.6316872427984,5172.87242798354,Baseline condition with no supplementation or treatment.,Baseline condition with no supplementation or treatment.,None,208.66666666666669,None,69,F7,103.68930041152264,0.2344191617998477,glutamine_acetate.tsv
274,2675.298266235674,3332.0442746596136,12107.34508237635,391.4271721030463,7.779410324223723,7804.7957684396115,26116.70878636497,2636.8106572631987,560.9364286413947,7242.221569203642,No glutamine supplementation with acetic acid treatment.,2227.368008619845,11035.298266235674,31374.77128024292,287.4287393476344,120.37613870114605,6144.915270839455,3612.9219316289546,0.6815369974223537,57.32197081006954,17.196591243020862,10418.677637378782,No glutamine supplementation with acetic acid treatment.,No glutamine supplementation with acetic acid treatment.,None,125.28945048486628,Yes,37,D10,611.7073170731707,0.1984455103681845,glutamine_acetate.tsv
275,1678.7799757806797,682.1613426421792,1860.024855896907,201.935831916168,32.14898816575808,4053.786476526058,7674.566268694562,1640.603052333842,29.13502052521826,1305.047988353742,Leucine supplementation with acetic acid treatment.,261.2105288467844,1148.321671045671,13471.430697332817,102.47489977835389,238.10344360264577,4526.979396090809,968.488268493462,0.0795118472514914,4122.103076378294,16.07449408287904,1266.8710649069042,Leucine supplementation with acetic acid treatment.,Leucine supplementation with acetic acid treatment.,NegHigh,238.10344360264577,Yes,27,C12,195.1954991757604,0.140493931978154,glutamine_acetate.tsv
276,8196.282522996058,10061.455978975033,55200.14287986359,364.8830486202365,1640.0328515111696,7477.191195795007,67590.70302233903,7192.854139290408,3725.494743758213,16024.770696452038,Low glutamine supplementation without acetic acid treatment.,4431.0,7714.947437582129,43140.62746386334,1606.0676741130094,231.9336399474376,21633.877135348223,4650.318002628122,2.1910359942575885,3159.731931668857,76.66425755584757,9761.591984231276,Low glutamine supplementation without acetic acid treatment.,Low glutamine supplementation without acetic acid treatment.,PosLow,256.1944809461235,None,45,D7,557.0289093298292,0.2522212524177751,glutamine_acetate.tsv
277,2469.6000000000004,7918.05,28611.265410795782,911.4,1045.8,4957.05,63826.350000000006,2319.4500000000003,3060.75,9359.7,Baseline condition with no supplementation or treatment.,4431.0,8826.300000000001,46769.100000000006,749.7,330.75,26739.300000000003,3246.6000000000004,1.4838174424331876,246.75,142.8,7533.75,Baseline condition with no supplementation or treatment.,Baseline condition with no supplementation or treatment.,None,337.05,None,42,D4,224.7,0.249260920628222,glutamine_acetate.tsv
278,3874.781400582149,7753.853810467269,42934.253836861375,68.65614884752424,1661.6933525752352,5261.850157767288,49739.23433537983,3547.591941230666,3320.1684481732427,11626.489706397932,Low glutamine supplementation without acetic acid treatment.,4154.769757600959,8805.151089694984,40518.92809562247,114.78449885445458,467.7200140237589,13908.23390325237,3541.155427276211,1.9101534029393608,153.40358258118698,129.80303141485052,9041.156601358349,Low glutamine supplementation without acetic acid treatment.,Low glutamine supplementation without acetic acid treatment.,PosLow,505.2663454247487,None,23,B9,10.19114709455438,0.2602773904249483,glutamine_acetate.tsv
279,1119.3778538812787,5528.299086757991,15009.085752585495,564.041095890411,352.351598173516,9873.504566210046,41596.2899543379,965.13698630137,653.8698630136987,10314.988584474886,Leucine supplementation without acetic acid treatment.,3611.952054794521,4131.42694063927,57720.90182648402,927.5342465753424,55.01141552511416,19637.682648401827,1867.6027397260275,0.7060666666666198,586.3242009132421,268.7899543378996,4430.159817351599,Leucine supplementation without acetic acid treatment.,Leucine supplementation without acetic acid treatment.,NegHigh,52.22602739726028,None,63,F12,338.4246575342466,0.1975036023894041,glutamine_acetate.tsv
280,1561.3158756137482,1928.5675437492127,22153.74787437766,55.58403625834068,677.926727936548,8422.966637290698,23116.01107893743,1511.6872718116583,913.166309958454,5716.222585924714,No glutamine supplementation with acetic acid treatment.,1938.4932645096312,15539.708422510388,28750.84275462672,579.66209240841,107.19778421251418,4887.424902429813,1109.69558101473,1.1369049866109908,125.06408158126654,4.96286038020899,15219.107641948887,No glutamine supplementation with acetic acid treatment.,No glutamine supplementation with acetic acid treatment.,None,50.621175878131695,Yes,31,C5,660.0604305677956,0.188287876924108,glutamine_acetate.tsv
281,814.9069767441861,1019.8023255813954,4694.13379708818,366.9418604651163,170.32720870987956,5018.767441860466,7884.186046511629,789.1976744186047,141.79069767441862,2056.744186046512,Leucine supplementation with acetic acid treatment.,357.593023255814,1000.3255813953488,18591.72093023256,220.4767441860465,186.19767441860463,2956.5697674418607,621.6976744186047,0.1856109831745396,961.76480588992,14.80232558139535,631.046511627907,Leucine supplementation with acetic acid treatment.,Leucine supplementation with acetic acid treatment.,NegHigh,201.0,Yes,65,F3,62.32558139534884,0.1397627705726429,glutamine_acetate.tsv
282,2227.234125881769,1291.6603988396398,8914.835985476182,162.9818970851528,293.2592294113476,4797.015506382436,9533.103635461115,2227.234125881769,903.079125813459,10112.590690705734,Low glutamine supplementation with acetic acid treatment.,1355.295659579119,47340.57216501888,9323.24266919262,2.0309125767918865,331.71572087600816,1645.039187201428,1332.2786503754776,0.4027496910286423,177.77043401846925,6.769708589306289,45852.59021708935,Low glutamine supplementation with acetic acid treatment.,Low glutamine supplementation with acetic acid treatment.,PosLow,331.71572087600816,Yes,70,F8,73.11285276450792,0.189629368329504,glutamine_acetate.tsv
283,726.5643564356436,999.2524752475248,2341.327438720714,693.0445544554456,17.212871287128714,6692.183168316832,12020.0198019802,704.8217821782179,203.11226802428504,1492.990099009901,Leucine supplementation with acetic acid treatment.,800.8514851485149,9605.688118811882,12812.71782178218,92.40594059405942,183.00000000000003,2841.9356435643567,1032.772277227723,0.0971465846192851,2.264851485148515,10.871287128712872,9697.188118811882,Leucine supplementation with acetic acid treatment.,Leucine supplementation with acetic acid treatment.,NegHigh,200.2128712871288,Yes,78,G4,8.606435643564357,0.148549684209267,glutamine_acetate.tsv
284,2244.0,7071.0,41085.41769110683,94.0,745.0,5045.0,47153.0,2094.0,3892.0,7952.0,Baseline condition with no supplementation or treatment.,4512.0,9502.0,45045.0,734.0,243.0,21076.0,2967.0,1.842112478200553,193.0,603.0,10407.0,Baseline condition with no supplementation or treatment.,Baseline condition with no supplementation or treatment.,None,248.0,None,29,C3,724.0,0.2377483041491073,glutamine_acetate.tsv
285,1152.2824156305508,557.4511545293074,7735.15947874448,110.5150976909414,294.6412561246452,6783.676731793961,6463.507992895205,1127.9040852575488,316.9182948490231,9028.108348134992,High glutamine supplementation with acetic acid treatment.,368.9253996447602,56890.89698046182,2771.0035523978686,2.437833037300177,178.77442273534638,284.4138543516874,2221.6785079928954,0.4298281525821253,537.9484902309059,8.126110124333925,59757.788632326825,High glutamine supplementation with acetic acid treatment.,High glutamine supplementation with acetic acid treatment.,PosHigh,352.6731793960924,Yes,8,A6,177.004865316733,0.2025984540395857,glutamine_acetate.tsv
286,971.8471854813904,3560.71116579514,23955.82551920641,396.6267609966164,408.5330052291602,8056.06250384497,27746.01390341433,910.0835435250692,5.953122116271916,9526.483666564132,Leucine supplementation without acetic acid treatment.,4862.956628729621,10321.969609350968,49472.67720701322,89.29683174407873,258.2166717932943,17175.50144570901,1394.5188557366962,1.2000352189701404,360.9080282989849,654.0992925253768,10263.926668717317,Leucine supplementation without acetic acid treatment.,Leucine supplementation without acetic acid treatment.,NegHigh,258.2166717932943,None,44,D6,746.3726853275914,0.1770140954703321,glutamine_acetate.tsv
287,2594.567708333333,5989.973958333333,43854.78997151657,221.88541666666663,299.265625,6858.869791666667,41232.46354166666,2296.234375,2351.239583333333,9653.880208333334,Baseline condition with no supplementation or treatment.,2336.3229166666665,10758.645833333334,34061.276041666664,914.578125,124.92708333333334,18951.625,5186.338541666667,2.0251374763587364,396.2239583333333,261.0416666666667,11105.458333333334,Baseline condition with no supplementation or treatment.,Baseline condition with no supplementation or treatment.,None,137.97916666666666,None,43,D5,182.72916666666663,0.2571941673307095,glutamine_acetate.tsv
288,3069.8067632850243,1687.6731078904993,5672.190882142785,131.1513687600644,613.9668757801933,3868.244766505636,14520.330112721418,3000.628019323672,355.98228663446054,11771.916264090178,Low glutamine supplementation with acetic acid treatment.,1924.033816425121,30734.098228663446,13422.117552334945,495.7809983896941,44.67793880837359,4894.396135265701,3670.797101449276,0.1487017722550563,61.97262479871176,25.94202898550725,31340.85346215781,Low glutamine supplementation with acetic acid treatment.,Low glutamine supplementation with acetic acid treatment.,PosLow,337.2463768115942,Yes,13,B10,50.44283413848631,0.8195688407452532,glutamine_acetate.tsv
289,565.9019306713471,875.6450197455025,11099.081775776433,20.910925844668714,665.6426212477778,5957.0,6979.021500658184,565.9019306713471,244.3964458095656,4200.482229047829,Low glutamine supplementation with acetic acid treatment.,1221.982229047828,45195.04541465556,8266.3503729706,1.960399297937692,440.4363756033348,2002.2211496270293,1487.2896007020624,0.6365307879169491,219.79839014103223,84.95063624396666,42779.83347959632,Low glutamine supplementation with acetic acid treatment.,Low glutamine supplementation with acetic acid treatment.,PosLow,420.8323826239579,Yes,40,D2,207.8089529388073,0.2081383126369313,glutamine_acetate.tsv
290,2629.6744172491344,8412.228369366176,47044.94875184768,512.9684957523182,374.2053993403829,6535.514360516231,53663.78403124196,2431.7663944976857,3444.0545568470498,17293.066539730033,Baseline condition with no supplementation or treatment.,2578.491307916863,13033.494440855464,49529.32619962405,1375.1195373936866,192.22101060341856,29397.30319559737,4100.335758729727,2.078827154252902,868.9754562190046,601.6858852615883,11702.733598216411,Baseline condition with no supplementation or treatment.,Baseline condition with no supplementation or treatment.,None,192.22101060341856,None,56,E6,617.6095192760727,0.2290088655778861,glutamine_acetate.tsv
291,3981.000000000001,1314.2578875171469,10528.746400786107,242.10013717421128,1806.6015185027177,6447.508916323732,8599.105624142661,3828.094650205762,970.2208504801098,23523.75994513032,High glutamine supplementation with acetic acid treatment.,3758.9231824417016,43456.06447187929,4496.145404663924,165.64746227709193,218.4362139917696,1195.9382716049383,1691.0603566529494,0.6334152611245099,43.68724279835392,9.101508916323732,43579.84499314129,High glutamine supplementation with acetic acid treatment.,High glutamine supplementation with acetic acid treatment.,PosHigh,61.890260631001375,Yes,26,C11,265.1269695755575,0.215914522026354,glutamine_acetate.tsv
292,1348.79185520362,3876.298642533937,18514.65462040041,416.552036199095,251.93212669683257,6227.361990950226,33736.16742081448,1336.0588235294117,628.4660633484162,13381.506787330316,Leucine supplementation without acetic acid treatment.,5179.615384615385,9010.438914027149,56737.47963800905,53.660633484162894,122.78280542986424,21345.108597285067,2174.6199095022625,1.1513245947155475,62.755656108597286,494.7692307692308,9256.004524886876,Leucine supplementation without acetic acid treatment.,Leucine supplementation without acetic acid treatment.,NegHigh,201.0,None,18,B4,229.1945701357466,0.2195347115237614,glutamine_acetate.tsv
293,2510.2655889145494,5730.831408775981,17601.44560550699,1060.069284064665,277.1247113163972,9595.33102386451,37730.2155504234,2330.0,1130.0230946882216,14803.302540415703,Leucine supplementation without acetic acid treatment.,3323.7028483448803,5873.429561200924,67037.27482678983,751.5550423402617,31.38953040800616,22892.832948421863,3334.464973056197,0.8897119262670699,448.4218629715165,159.63818321785988,5728.140877598152,Leucine supplementation without acetic acid treatment.,Leucine supplementation without acetic acid treatment.,NegHigh,11.65896843725943,None,49,E10,827.7867590454196,0.180766421225875,glutamine_acetate.tsv
294,5838.592435408767,8219.155640147694,49726.955687000496,96.43413657213,1719.7421022029846,4899.595938914758,57729.43042434663,5537.544842391925,4998.502745655404,13840.771268269167,Low glutamine supplementation without acetic acid treatment.,4565.785466165077,8415.732918544729,46084.390265719805,2773.099593990866,127.3425136785819,16848.77452826907,5484.382433768828,2.1804643508961696,111.2701575832269,157.01455570077573,9449.30904898448,Low glutamine supplementation without acetic acid treatment.,Low glutamine supplementation without acetic acid treatment.,PosLow,127.3425136785819,None,5,A3,254.6850273571638,0.2573272488340888,glutamine_acetate.tsv
295,1843.4545607049208,593.5126742656342,6942.532382727542,322.6263496796958,19.92357033753896,7526.915151729192,7308.804486981397,1495.3163842805554,415.2491501929172,11876.545139103488,High glutamine supplementation with acetic acid treatment.,1826.6768172627824,72330.9491969875,5175.933851899595,170.89818969567088,205.52735716619136,3546.3955200819346,5301.76692771563,0.375917962270849,5.2430448256681474,10.486089651336297,70019.81503783297,High glutamine supplementation with acetic acid treatment.,High glutamine supplementation with acetic acid treatment.,PosHigh,232.7911902596657,Yes,46,D8,380.6731339254331,0.1968773921452404,glutamine_acetate.tsv
296,7551.892156862745,10451.745098039217,50345.471941245785,1018.7843137254902,4543.10294117647,6895.2058823529405,89238.75490196078,7111.544117647059,5431.470588235294,21093.745098039213,Low glutamine supplementation without acetic acid treatment.,4753.303921568628,17265.632352941175,65073.3137254902,2809.328431372549,138.08823529411765,30121.647058823528,8902.088235294117,2.2447690406205254,164.17156862745097,262.36764705882354,17411.392156862745,Low glutamine supplementation without acetic acid treatment.,Low glutamine supplementation without acetic acid treatment.,PosLow,138.08823529411765,None,67,F5,1024.9215686274508,0.0856380139173774,glutamine_acetate.tsv
297,5497.685942898709,6764.049463538826,46418.23298656295,150.57701400254592,1249.030914711766,5957.0,50744.45371885798,5089.286415711948,3620.348063284234,12992.954719039826,Low glutamine supplementation without acetic acid treatment.,3767.675213675214,8729.133660665577,44818.86906710312,1096.287324968176,66.0805601018367,15883.166757592291,5770.674486270232,2.0482832219696707,674.8883433351518,217.74086197490453,8576.390070921987,Low glutamine supplementation without acetic acid treatment.,Low glutamine supplementation without acetic acid treatment.,PosLow,66.0805601018367,None,85,H10,375.90089107110384,0.2477749608644076,glutamine_acetate.tsv
298,4533.975903614458,605.5421686746988,8771.352612339553,281.1836047669616,580.2409638554217,6930.843373493976,7794.457831325301,4270.843373493976,6.746987951807229,15988.67469879518,High glutamine supplementation with acetic acid treatment.,1555.1807228915663,52381.927710843374,6787.469879518072,26.98795180722892,263.132530120482,3004.0963855421687,3577.590361445783,0.4940537591607463,821.4457831325301,8.433734939759036,50750.843373493975,High glutamine supplementation with acetic acid treatment.,High glutamine supplementation with acetic acid treatment.,PosHigh,285.0602409638554,Yes,16,B2,265.5691323888292,0.230110090417425,glutamine_acetate.tsv
299,6192.771929824561,7447.865497076023,59163.35650095908,4.187134502923977,2555.198830409357,6772.690058479532,50863.216374269,5479.912280701754,2800.146198830409,10279.415204678362,Low glutamine supplementation without acetic acid treatment.,3687.818713450292,8874.631578947368,46976.508771929824,484.6608187134503,211.4502923976608,15306.070175438595,4731.461988304093,2.384021614088848,129.80116959064327,311.94152046783626,8574.204678362572,Low glutamine supplementation without acetic acid treatment.,Low glutamine supplementation without acetic acid treatment.,PosLow,221.9181286549708,None,50,E11,71.1812865497076,0.2353058223129124,glutamine_acetate.tsv
300,3597.5773949781483,6378.470017977335,16958.62737523532,392.1475038255924,773.8840119743991,4933.655173498972,37315.322060194565,3301.442406838468,1013.3369125404688,14691.071677241956,Leucine supplementation without acetic acid treatment.,5889.153221168409,13736.73040686994,57989.245919696,794.7060033279704,27.762655138095035,23049.944428403403,2180.525205637881,0.8728223581306859,1207.675498507134,329.6815297648785,13983.123971220532,Leucine supplementation without acetic acid treatment.,Leucine supplementation without acetic acid treatment.,NegHigh,27.762655138095035,None,11,A9,281.0968832732122,0.1874888115278736,glutamine_acetate.tsv
301,3065.69823434992,1872.3649010165864,19877.57407573104,589.0048154093098,432.147135795805,7992.26859283039,20519.39539860888,2742.9427501337614,77.57624398073835,6822.878544676298,No glutamine supplementation with acetic acid treatment.,1823.5205992509364,10484.285714285714,30172.370251471373,399.37399678972713,407.9935794542536,4923.6971642589615,3247.667201712145,1.0615063449654958,161.856607811664,4.788657035848047,10853.970037453184,No glutamine supplementation with acetic acid treatment.,No glutamine supplementation with acetic acid treatment.,None,440.5564472980203,Yes,17,B3,216.4472980203317,0.1904899749108119,glutamine_acetate.tsv
302,1934.128983471968,2310.7382521335207,17504.720852792154,305.2640544460957,283.9503013831176,4801.768175434806,24956.37377120017,1934.128983471968,1045.6916927730367,10666.25559036405,No glutamine supplementation with acetic acid treatment.,1760.8486550718376,13684.13784163336,31344.70865291131,3.004861186129416,180.2916711677649,3428.546613373663,2958.786647942098,0.8030491256306705,221.3581073782003,149.24143891109432,12507.233877066004,No glutamine supplementation with acetic acid treatment.,No glutamine supplementation with acetic acid treatment.,None,180.2916711677649,Yes,95,H9,594.9625148536243,0.1414749333493553,glutamine_acetate.tsv
303,1411.1538461538462,540.0,3752.3528997706726,550.3846153846154,182.3867427865148,7684.615384615385,8215.384615384615,1386.923076923077,4.615384615384615,864.2307692307692,Leucine supplementation with acetic acid treatment.,805.3846153846154,1060.3846153846152,17926.153846153844,272.3076923076923,141.9230769230769,1580.7692307692307,527.3076923076923,0.1578393144628049,2.8846153846153846,158.07692307692307,1224.2307692307693,Leucine supplementation with acetic acid treatment.,Leucine supplementation with acetic acid treatment.,NegHigh,216.9230769230769,Yes,36,D1,165.0,0.1474727986228881,glutamine_acetate.tsv
304,3271.637099957826,4618.0650312253865,37320.58820035348,1219.3571633521988,1282.892547309879,7444.954443479449,37421.47080334842,3168.9360683550003,1819.0267461856497,8149.065753366622,Baseline condition with no supplementation or treatment.,4450.9582679394325,11143.061928906638,26822.376202846583,2055.761327507418,74.84990438850042,17896.96027838063,2168.9065318156167,1.7615693586438843,169.71780646229746,152.31085195334387,10868.90239539062,Baseline condition with no supplementation or treatment.,Baseline condition with no supplementation or treatment.,None,146.21841787521012,None,10,A8,643.186969105835,0.2226245722262159,glutamine_acetate.tsv
305,5642.306071550217,7965.8952362722275,46304.62983686369,956.1413467249548,2412.283214214335,3715.403479832342,52265.16164809273,5052.636841408935,4146.203148795064,19790.46895540286,Baseline growth without any supplementation or hyperosmotic stress.,3163.7459851877707,4932.753675611617,33873.32962699192,2674.466723153186,105.26326752935282,34390.874025677906,4658.874248058393,2.087654250901428,349.902898546645,648.1488232131446,5457.120693489319,Baseline growth without any supplementation or hyperosmotic stress.,Baseline growth without any supplementation or hyperosmotic stress.,None,105.26326752935282,None,85,F11,478.26565688624345,0.188300404838573,lysine_sucrose.tsv
306,2735.991499477555,3602.7368981670097,7932.803513089143,1106.927858567255,786.6845787301876,6808.650601753305,27506.113013831604,2648.968869087048,283.1136242037843,1878.528514696421,Growth under hyperosmotic stress without any supplementation.,1446.8962679595045,10992.698670928905,27126.69434532899,1038.4700559933892,1595.4148904926371,6050.973566486619,3397.363490445412,0.5017333333333474,176.36586425809514,31.32814694058269,11989.39786433485,Growth under hyperosmotic stress without any supplementation.,Growth under hyperosmotic stress without any supplementation.,None,1835.5973503704377,Yes,61,F8,48.73267301868419,0.2156311529893672,lysine_sucrose.tsv
307,6030.153846153847,12119.179487179488,53776.71041218376,110.3846153846154,2244.48717948718,6866.974358974359,58073.8717948718,5577.051282051282,3902.358974358975,21101.333333333336,Growth with valine supplementation without hyperosmotic stress.,1891.2564102564104,514.0769230769231,32718.0,252.30769230769232,1410.820512820513,13831.71794871795,3436.641025641026,2.1771666666666305,1996.384615384616,31.53846153846154,1200.5641025641023,Growth with valine supplementation without hyperosmotic stress.,Growth with valine supplementation without hyperosmotic stress.,NegHigh,1404.5128205128206,None,94,G12,4.730769230769231,0.2469712587401127,lysine_sucrose.tsv
308,3409.7238401653326,6868.297592080885,44730.89797723302,420.1483851555243,1513.59572715296,4675.312323047947,37816.59552860467,3094.0782565485288,2565.747672542306,15226.141723991544,Growth with valine supplementation without hyperosmotic stress.,2534.1831141806265,1553.4271936569853,32167.291118967725,884.5591712309007,939.4213798119166,7359.05132089463,2468.047849041868,2.0182863494771137,1070.1888358817357,82.66908142344866,1321.2022285674796,Growth with valine supplementation without hyperosmotic stress.,Growth with valine supplementation without hyperosmotic stress.,NegHigh,901.84452461944,None,71,H9,178.86583071618892,0.2599596231226146,lysine_sucrose.tsv
309,6858.326848249027,7096.429961089494,47647.60509209671,632.9474708171206,854.2996108949416,7977.052529182879,54421.51750972762,6434.76653696498,5136.566147859922,17824.23151750973,Baseline growth without any supplementation or hyperosmotic stress.,3847.937743190661,5429.708171206225,47012.80155642023,564.7470817120623,1237.1789883268482,23563.8326848249,3822.811284046693,2.006526103032374,100.50583657587548,38.28793774319066,5939.416342412451,Baseline growth without any supplementation or hyperosmotic stress.,Baseline growth without any supplementation or hyperosmotic stress.,None,1179.7470817120625,None,7,H1,635.34046692607,0.2449229663205357,lysine_sucrose.tsv
310,2490.151140259353,7916.981219257713,45409.516841257086,388.4358324638545,580.0526158891041,5817.0,55581.00581308689,2054.894917275302,4630.883440155016,17674.697421374272,Growth with physiological lysine supplementation without hyperosmotic stress.,4061.2353554926217,7821.606349679534,36362.10254881502,2058.363094350872,852.3045163213593,28548.29959755552,2010.6756595617824,2.0338772591263274,1425.4207780593233,176.8770308540766,8229.984200327917,Growth with physiological lysine supplementation without hyperosmotic stress.,Growth with physiological lysine supplementation without hyperosmotic stress.,PosLow,846.2352064391116,None,16,A3,795.9466388433448,0.2489646184381368,lysine_sucrose.tsv
311,2883.42365317182,4326.8830092445005,22397.803464193137,214.072362129423,5988.783551163531,3733.5967484858143,32006.0025502072,2741.0,375.718839655722,2081.307618744023,Growth with supraphysiological lysine supplementation without hyperosmotic stress.,2706.049410264584,1885.584316225693,57089.16703857188,1414.6251195409627,1214.532993305706,7094.095951546063,1280.065349059611,1.4040953455865823,9667.333120816063,2.1844118584635,1815.6831367548607,Growth with supraphysiological lysine supplementation without hyperosmotic stress.,Growth with supraphysiological lysine supplementation without hyperosmotic stress.,PosHigh,1186.5725215173732,None,50,C7,309.3127191584316,0.2370484664733446,lysine_sucrose.tsv
312,2802.584358514254,3707.932274803894,6181.803139414207,397.40583221594864,267.38829390417067,7885.180932684403,33450.16461791221,2790.3799135642707,312.8775887177433,2600.656269341809,Growth under hyperosmotic stress without any supplementation.,1113.9329754348023,9264.28321203247,29300.653334918024,858.7491264806146,2232.3039308514167,9553.8614058457,7765.35547317548,0.4141333333333348,155.32929936341867,134.24889444981184,9602.679185645631,Growth under hyperosmotic stress without any supplementation.,Growth under hyperosmotic stress without any supplementation.,None,2412.042120114801,Yes,22,G3,504.82022293111066,0.2423407221569549,lysine_sucrose.tsv
313,3019.703861581755,2856.133260612562,7542.746424843101,855.1725108923351,317.61281741590903,5763.0845720116695,19529.218110860707,2801.345049608318,7.146288391857953,3651.753368239414,Growth with physiological lysine supplementation under hyperosmotic stress.,2475.791911757011,8422.297885826369,23003.108301347213,1002.068438947193,1055.268585864358,14667.35990826668,3317.46587790917,0.50070438802835,1209.6599485759136,69.08078778796022,8876.484214731117,Growth with physiological lysine supplementation under hyperosmotic stress.,Growth with physiological lysine supplementation under hyperosmotic stress.,PosLow,1167.2271040034657,Yes,23,H3,3.5731441959289767,0.2575267386344547,lysine_sucrose.tsv
314,5136.178477690289,6260.916010498688,49333.69899104094,365.0787401574803,1144.650918635171,6252.8031496063,39373.18897637796,4567.5406824146985,4345.543307086615,13640.669291338583,Growth with physiological lysine supplementation without hyperosmotic stress.,2425.745406824148,3968.664041994751,4266.627296587927,305.33858267716533,864.3884514435696,23799.44619422572,2240.6246719160104,2.071024463530829,145.29396325459317,109.89238845144357,4220.900262467192,Growth with physiological lysine supplementation without hyperosmotic stress.,Growth with physiological lysine supplementation without hyperosmotic stress.,PosLow,843.0,None,31,H4,104.72965879265092,0.256716117199305,lysine_sucrose.tsv
315,4816.39751552795,6163.483695652173,74079.07457803574,38.46428571428572,1806.9852484472049,3726.018633540372,41703.64751552795,4253.648291925466,4439.280279503106,9537.47049689441,Growth with physiological lysine supplementation without hyperosmotic stress.,2101.320652173913,1308.6218944099378,34195.58618012422,610.4114906832298,915.6172360248448,5918.482919254658,3599.7554347826085,2.418583150804538,11337.766304347826,45.15372670807453,1804.476708074534,Growth with physiological lysine supplementation without hyperosmotic stress.,Growth with physiological lysine supplementation without hyperosmotic stress.,PosLow,880.4976708074533,None,37,F5,17.559782608695652,0.2547882737847777,lysine_sucrose.tsv
316,2977.2511728622017,3665.452126925437,11922.093868398584,585.7528574924584,742.1621652341028,3430.8381653129704,21803.45749918523,2676.163255459536,100.88400349336064,3362.800116445355,Growth with physiological lysine supplementation under hyperosmotic stress.,2176.435517224982,11477.315002081868,24367.006053070785,547.4325770957555,1479.6320512359562,13735.083359332504,3939.168415473315,0.7513503487022899,1144.9161326688372,108.70446888044287,11667.352310987966,Growth with physiological lysine supplementation under hyperosmotic stress.,Growth with physiological lysine supplementation under hyperosmotic stress.,PosLow,1373.273721971638,Yes,40,A6,511.45843631517727,0.2319339252877504,lysine_sucrose.tsv
317,4881.402326598443,7128.542097437244,52910.04490110159,600.50889906466,1944.752016093764,4379.638030263273,44583.917641913766,4408.713775911835,4182.753695443016,18299.44357561445,Growth with valine supplementation without hyperosmotic stress.,4045.6823230997993,1239.4575002186657,36079.6774075046,1394.805055540978,868.1186915070411,7667.689495320564,2718.166850345491,2.111727973244352,853.9961864777399,39.87530831802677,1430.5266859092103,Growth with valine supplementation without hyperosmotic stress.,Growth with valine supplementation without hyperosmotic stress.,NegHigh,819.9360272894254,None,34,C5,191.0691856905449,0.2592540034957733,lysine_sucrose.tsv
318,6508.90899122807,6822.077850877193,45421.03286746565,677.297149122807,1344.4024122807016,5717.648026315789,52359.42434210526,5940.016447368421,5000.5098684210525,18418.591008771928,Baseline growth without any supplementation or hyperosmotic stress.,158.4375,4332.478070175438,35585.433114035084,1283.251096491228,844.9999999999999,27368.919956140347,1965.180921052632,2.0080476161798035,2050.422149122807,846.8530701754386,4396.40899122807,Baseline growth without any supplementation or hyperosmotic stress.,Baseline growth without any supplementation or hyperosmotic stress.,None,858.8980263157894,None,56,A8,39.84100877192982,0.249079850128489,lysine_sucrose.tsv
319,4735.451813471503,10573.57305699482,57498.44508147696,361.6041450777202,5712.00621761658,5498.838341968912,54170.30984455959,4222.063212435233,6011.110880829016,13464.17409326425,Growth with physiological lysine supplementation without hyperosmotic stress.,1893.957512953368,604.9056994818653,49497.35751295337,4.464248704663213,824.7699481865285,4352.642487046633,2190.8300518134715,2.3595333333332533,18701.85388601036,2.790155440414508,642.8518134715026,Growth with physiological lysine supplementation without hyperosmotic stress.,Growth with physiological lysine supplementation without hyperosmotic stress.,PosLow,844.859067357513,None,84,E11,468.7461139896373,0.235234533805512,lysine_sucrose.tsv
320,1746.6218146333883,2574.681260892995,7881.061881379831,26.220472762050868,488.0391220549468,4247.716587452241,21044.043945800822,1547.8537146630028,661.4325709652832,2139.0830843621497,Growth under hyperosmotic stress without any supplementation.,1218.8290725843644,6628.70467858686,21909.319546948504,1002.2987168719444,1765.2298920774244,3985.511859831732,5556.202760448779,0.4654784322041583,1076.7310266480888,52.440945524101735,5951.201495283545,Growth under hyperosmotic stress without any supplementation.,Growth under hyperosmotic stress without any supplementation.,None,1758.4633184614113,Yes,52,E7,136.1772940222642,0.2886260652357524,lysine_sucrose.tsv
321,4566.129993229519,5425.8341232227485,44581.39328176632,83.85578876100203,1100.3337846987135,6176.890318212592,45726.19702098849,4249.665538253215,3886.533513879485,13026.08530805687,Baseline growth without any supplementation or hyperosmotic stress.,22.60460392687881,3984.243737305349,30920.910629654703,1609.301963439404,679.5964793500339,26653.744752877454,7097.845633039945,1.9211078819006684,632.9289099526065,325.2146242383209,3443.191604603927,Baseline growth without any supplementation or hyperosmotic stress.,Baseline growth without any supplementation or hyperosmotic stress.,None,778.7650643195666,None,44,E6,388.6533513879485,0.2416614869544029,lysine_sucrose.tsv
322,2863.029411764706,4493.035294117647,7581.024142426921,117.08235294117648,834.2117647058824,6654.485294117648,33116.01176470589,2731.3117647058825,139.95000000000002,4546.088235294118,Growth with valine supplementation under hyperosmotic stress.,2942.608823529412,4736.34705882353,35646.08823529412,491.1970588235294,1630.9205882352942,4975.085294117647,2639.8411764705884,0.5007465726999301,217.7,2.286764705882353,5322.673529411765,Growth with valine supplementation under hyperosmotic stress.,Growth with valine supplementation under hyperosmotic stress.,NegHigh,1617.2,Yes,62,G8,90.55588235294118,0.2814708649934971,lysine_sucrose.tsv
323,2243.6029684777127,2722.155402197336,5457.254518094475,1074.1534064226169,964.3556618895432,4536.925670328893,18095.91129238488,2078.9063516781025,457.8358781473449,2855.7771856385293,Growth with physiological lysine supplementation under hyperosmotic stress.,1384.9017400067876,12497.262148976732,27764.32777796704,822.4472562194386,1970.1444349236424,14395.934467176015,1749.5131180788812,0.3277067863299928,365.6472058507076,130.5143001053517,11505.97496484323,Growth with physiological lysine supplementation under hyperosmotic stress.,Growth with physiological lysine supplementation under hyperosmotic stress.,PosLow,1862.4183459477968,Yes,59,D8,962.2840063323156,0.4154670147751789,lysine_sucrose.tsv
324,3178.888089610523,2097.607645668482,7012.903087609189,26.74545267701161,3125.3971842565,3125.3971842565,17376.90268214983,3054.075977117802,5.731168430788203,292.9263864625081,Growth with supraphysiological lysine supplementation under hyperosmotic stress.,1729.5392731134175,103.16103175418765,30641.37361696297,70.04761415407803,858.4016716336107,6843.015106361114,16335.103620730995,0.473214962370227,4409.178912753057,24.198266707772408,1333.4518548967217,Growth with supraphysiological lysine supplementation under hyperosmotic stress.,Growth with supraphysiological lysine supplementation under hyperosmotic stress.,PosHigh,915.7133559414928,Yes,48,A7,5.731168430788203,0.2332129521597631,lysine_sucrose.tsv
325,2769.133424958908,2190.730485149797,6451.207697959008,166.71153745512927,962.7004275577888,2492.0635458081297,15507.303716424773,2718.2590121204885,83.74711036478325,1640.504143220427,Growth under hyperosmotic stress without any supplementation.,759.9854594785471,6393.739668877705,16549.05515470072,842.1672032944559,1076.1895023511868,3857.063176426653,3985.4232334343583,0.4289302195671003,175.32105347393878,39.13416372186133,7213.209057213481,Growth under hyperosmotic stress without any supplementation.,Growth under hyperosmotic stress without any supplementation.,None,849.9940360388282,Yes,39,H5,54.78782921060587,0.2347523952249587,lysine_sucrose.tsv
326,2602.2442565034885,2880.9931327933537,11721.210451043196,136.72808805357312,531.0342516661357,3080.3515063424347,23232.30745204487,2486.686969180791,486.0463001130245,5696.70962999984,Growth with valine supplementation under hyperosmotic stress.,1019.7269018705196,3025.6602711210053,24681.625185412748,61.748168798387866,1614.2735557292826,2172.653425006133,5703.766563576799,0.7128751889346537,83.80108622638353,2.205291742799566,3172.9737595400165,Growth with valine supplementation under hyperosmotic stress.,Growth with valine supplementation under hyperosmotic stress.,NegHigh,995.0276343511644,Yes,21,F3,142.02078823629208,0.2153029313529865,lysine_sucrose.tsv
327,5560.25035956664,5101.701317567811,48526.39321747215,957.5986730364772,2705.302057660757,5219.084380714218,43154.40729685388,5020.700139490175,4591.668475943366,10515.7376861977,Growth with physiological lysine supplementation without hyperosmotic stress.,1356.4265074695904,2927.7120720434227,25022.499519373232,845.0207645217944,837.4698072433706,28845.34325424072,1652.9731933131443,2.0135638703513257,447.5658314120308,510.0328416244462,2758.158758609724,Growth with physiological lysine supplementation without hyperosmotic stress.,Growth with physiological lysine supplementation without hyperosmotic stress.,PosLow,850.5123698151936,None,79,H10,373.4291599511423,0.2579527302374816,lysine_sucrose.tsv
328,3590.908905228758,3198.487336601307,22418.521360606894,1202.4199346405228,7483.680555555556,3194.7140522875816,25762.72753267974,3499.0923202614376,2266.486111111111,7687.437908496732,Growth with supraphysiological lysine supplementation without hyperosmotic stress.,1905.5085784313728,2092.9150326797385,36309.05718954248,345.8843954248366,2002.3562091503268,8351.535947712418,4302.801879084967,1.2765542512529804,9654.57679738562,3.1444035947712417,1974.68545751634,Growth with supraphysiological lysine supplementation without hyperosmotic stress.,Growth with supraphysiological lysine supplementation without hyperosmotic stress.,PosHigh,1728.1642156862745,None,95,H12,70.43464052287581,0.2116731404745716,lysine_sucrose.tsv
329,3906.914405010439,7017.812630480167,58299.572717582734,170.13413361169103,1749.8251565762005,4652.683716075157,49685.33768267224,3731.491127348643,4590.977035490606,12963.692066805846,Growth with physiological lysine supplementation without hyperosmotic stress.,3421.1946764091863,1134.5213987473903,46075.496868476,215.0918580375783,1168.0193110647183,1458.0407098121086,3835.5109603340297,2.167680319707138,11987.844989561589,86.38935281837162,966.1503131524008,Growth with physiological lysine supplementation without hyperosmotic stress.,Growth with physiological lysine supplementation without hyperosmotic stress.,PosLow,821.5803757828811,None,2,C1,243.30062630480168,0.3228858190915892,lysine_sucrose.tsv
330,3686.330548926015,5576.831742243437,63169.98052194592,399.9701670644392,1336.4140811455848,4411.4140811455845,37338.86634844869,3492.5835322195703,4649.928400954655,8494.77923627685,Growth with physiological lysine supplementation without hyperosmotic stress.,1387.7863961813844,4710.841288782816,34953.723150358,670.0417661097853,1456.038186157518,19315.99045346062,1886.09785202864,2.324837340481647,295.75775656324583,67.51789976133652,5308.961813842482,Growth with physiological lysine supplementation without hyperosmotic stress.,Growth with physiological lysine supplementation without hyperosmotic stress.,PosLow,1348.8902147971362,None,15,H2,154.8508353221957,0.2462347904254642,lysine_sucrose.tsv
331,3053.5111120636934,948.4968891847848,7251.514338129235,207.06622228681923,1981.919556173841,2837.856889774195,8912.435558335905,2786.328889758121,4.294000001339569,283.4040000884116,Growth with supraphysiological lysine supplementation under hyperosmotic stress.,492.3786668202706,1232.8551114957163,19939.42756177592,167.94311116350315,853.0746669327943,3386.53466772314,9807.496003059576,0.6100630842413846,2190.8942229057,27.672444453077222,1621.2235560613174,Growth with supraphysiological lysine supplementation under hyperosmotic stress.,Growth with supraphysiological lysine supplementation under hyperosmotic stress.,PosHigh,834.9444447049162,Yes,25,B4,4.294000001339569,0.3160934400367635,lysine_sucrose.tsv
332,3862.9065357964855,814.8188560225044,8411.397932094313,1132.709629047314,3601.8319227443767,2455.265389626996,9411.989234872197,3303.3421581402145,236.13117868407272,944.5247147362908,Growth with supraphysiological lysine supplementation under hyperosmotic stress.,140.51468027326862,511.34040454473495,16175.81718767125,567.8788557789495,896.3007416247549,5317.940207265244,15375.132944457298,0.6513333333117605,5892.470645542336,261.90606086437646,737.4942094815933,Growth with supraphysiological lysine supplementation under hyperosmotic stress.,Growth with supraphysiological lysine supplementation under hyperosmotic stress.,PosHigh,1025.1751525262737,Yes,86,G11,3.7415151552053776,0.269811149034423,lysine_sucrose.tsv
333,3474.8249696165967,5125.509341168704,42073.3835428201,349.1755840377175,1694.6591895411618,5950.444352704118,38518.68316448676,3117.325986335208,3449.580166696954,19143.704097901795,Growth with valine supplementation without hyperosmotic stress.,4311.160859889914,2661.2908368190856,39442.15434225691,102.60790864112752,1151.488752528209,4856.774342346703,2342.0662321578,1.980550000000003,48.86090887672739,148.21142359273978,1921.862415817944,Growth with valine supplementation without hyperosmotic stress.,Growth with valine supplementation without hyperosmotic stress.,NegHigh,1151.488752528209,None,0,A1,115.63748434158816,0.2456527879583989,lysine_sucrose.tsv
334,2745.25807611913,7740.230763825084,16245.59660309096,997.6766027950944,3216.4197478486494,3691.535223816458,56969.047334769806,2532.411614624536,294.5584157525807,4223.980861239468,Growth with supraphysiological lysine supplementation without hyperosmotic stress.,2818.403454527489,1706.7254961950423,48378.74865971245,200.3260814066768,894.2187252265145,2291.2295560888656,3215.760780475601,1.071189157931525,3342.941483473919,26.35869492193116,1692.2282139879803,Growth with supraphysiological lysine supplementation without hyperosmotic stress.,Growth with supraphysiological lysine supplementation without hyperosmotic stress.,PosHigh,861.2703565741006,None,24,A4,307.73776321354626,0.2626017823326468,lysine_sucrose.tsv
335,4505.964809682422,6027.819929314246,55587.716683229744,346.98949884309286,3367.839253477078,3518.881741208777,36446.96051259884,4118.153016857789,3899.345521116733,13045.98871062066,Growth with physiological lysine supplementation without hyperosmotic stress.,792.7689491215133,119.20109842609776,42310.6748201073,117.56820666683616,821.3445549085916,1866.395280836024,7509.66920084416,2.2278844030249494,10598.283963487502,4.082229398154033,909.5207099087188,Growth with physiological lysine supplementation without hyperosmotic stress.,Growth with physiological lysine supplementation without hyperosmotic stress.,PosLow,878.495766482748,None,46,G6,322.49612245416864,0.2725841968108676,lysine_sucrose.tsv
336,3152.1339892318388,2047.3730528137387,8055.694847219395,887.9113096410728,1146.7633416046417,5820.751918758143,19195.099170249418,3053.4771770494976,1501.3417853887006,3275.2108044296115,Growth with physiological lysine supplementation under hyperosmotic stress.,924.0529141039108,9920.382024988709,25564.81275679445,1836.3842267604143,1593.1609967267211,13274.713639188314,8912.324300511713,0.5167583409592349,1978.0202442499144,49.81680615147933,9470.077169384158,Growth with physiological lysine supplementation under hyperosmotic stress.,Growth with physiological lysine supplementation under hyperosmotic stress.,PosLow,1386.079371155866,Yes,77,F10,15.628801929875868,0.2307367599658837,lysine_sucrose.tsv
337,707.3001555209953,3914.7247278382574,11075.732947772356,533.1461897356143,529.9409020217729,7864.707620528771,31513.32037325039,707.3001555209953,773.542768273717,3710.654743390358,Growth with valine supplementation under hyperosmotic stress.,2973.438569206843,2379.391912908243,29719.42768273717,380.3608087091757,1856.9300155521,4478.855365474339,4612.409020217729,0.7829637449886006,117.52721617418352,2.671073094867807,2615.5147744945566,Growth with valine supplementation under hyperosmotic stress.,Growth with valine supplementation under hyperosmotic stress.,NegHigh,1555.6329704510108,Yes,30,G4,4.807931570762053,0.2515160067756028,lysine_sucrose.tsv
338,4571.195308976094,3992.6206585475866,9752.247399732903,2541.1727559765445,1072.4131709517364,6171.159224176815,28802.995038340097,4292.386107352278,718.8903924221921,5549.76093820478,Growth with valine supplementation under hyperosmotic stress.,112.98150654036986,3917.907081641858,39258.3400992332,1066.0351826792962,1456.914749661705,7393.910690121786,2756.2020748759583,0.5824742282505455,1596.3193504736128,78.35814163283716,4665.95399188092,Growth with valine supplementation under hyperosmotic stress.,Growth with valine supplementation under hyperosmotic stress.,NegHigh,1263.7528191249437,Yes,90,C12,839.1610284167793,0.422125089965221,lysine_sucrose.tsv
339,4547.928748964375,4037.489643744822,7520.365363073341,3563.032311516156,957.2825186412592,4306.0977630488815,31140.969345484675,4242.502071251036,1102.8831814415908,8009.710024855012,Growth with valine supplementation under hyperosmotic stress.,323.8359569179785,5013.181441590721,37136.53686826844,80.33140016570009,1201.6238608119304,4092.7174813587408,2661.814415907208,0.4203484461222059,835.9486329743165,25.10356255178128,4962.974316487159,Growth with valine supplementation under hyperosmotic stress.,Growth with valine supplementation under hyperosmotic stress.,NegHigh,1174.8467274233635,Yes,80,A11,122.17067108533554,0.3707589440997644,lysine_sucrose.tsv
340,2899.5935422388216,5143.265974370393,26497.519737220937,1189.8802836881364,5999.384981569202,7118.309228222746,44478.14879491973,2697.211668088083,1673.654419685426,5546.57373796575,Growth with supraphysiological lysine supplementation without hyperosmotic stress.,63.33533471623839,448.4432894850902,46888.53147590209,275.1811094567599,1454.5287214143025,4103.692894200412,5669.6044456329255,1.5442284358365532,9814.06491160471,32.0316635346493,1395.5613408164252,Growth with supraphysiological lysine supplementation without hyperosmotic stress.,Growth with supraphysiological lysine supplementation without hyperosmotic stress.,PosHigh,1573.191474963117,None,38,G5,215.48573650582256,0.2519477572358695,lysine_sucrose.tsv
341,3894.874743326488,7049.5503080082135,63628.21216726526,56.217659137577,1940.229979466119,5812.041067761807,42878.93839835729,3716.131416837782,5243.377823408624,17423.149897330593,Growth with valine supplementation without hyperosmotic stress.,4109.655030800821,1847.2546201232035,38686.39835728953,394.96509240246405,998.9445585215606,10238.82135523614,1509.9486652977412,2.337596157037912,1362.1971252566734,31.71252566735113,2289.788501026694,Growth with valine supplementation without hyperosmotic stress.,Growth with valine supplementation without hyperosmotic stress.,NegHigh,816.5975359342916,None,60,E8,15.135523613963038,0.2527978243205808,lysine_sucrose.tsv
342,4438.993745358573,2000.459910966055,8082.603147245489,470.6964496390718,6420.8122127745655,4558.998038212098,16212.23043744476,4019.561265482172,341.3714350105149,1368.9810107076964,Growth with supraphysiological lysine supplementation under hyperosmotic stress.,502.1538856298018,1491.31548400498,23496.374504631585,379.8194123325183,895.9543806248668,6701.598956247378,11554.199730372957,0.552171818205987,4840.94987190679,2.9127255546972264,1716.1778968276058,Growth with supraphysiological lysine supplementation under hyperosmotic stress.,Growth with supraphysiological lysine supplementation under hyperosmotic stress.,PosHigh,844.6904108621956,Yes,76,E10,76.89595464400678,0.5619809003263073,lysine_sucrose.tsv
343,3272.895081967213,4113.724590163934,43234.537617539056,452.1147540983607,1242.016393442623,3215.211475409836,30457.983606557376,3047.3573770491803,2182.1032786885244,10199.604918032786,Baseline growth without any supplementation or hyperosmotic stress.,2325.0131147540983,2295.911475409836,17755.118032786886,305.5672131147541,317.0,21022.296721311475,2916.919672131148,2.018223920677978,482.7754098360656,267.6311475409836,2328.650819672131,Baseline growth without any supplementation or hyperosmotic stress.,Baseline growth without any supplementation or hyperosmotic stress.,None,353.8967213114754,None,35,D5,186.5622950819672,0.2458533838497253,lysine_sucrose.tsv
344,4229.675109847506,4830.309899198759,48149.60472815866,112.00361850607392,2565.621349185836,6202.661928146808,36262.710002584645,3883.817782372706,3884.433186869992,10904.967691910057,Baseline growth without any supplementation or hyperosmotic stress.,2076.9901783406567,3446.2651848022747,27221.80253295425,1132.3442750064617,1069.5730162832774,24373.710519514087,6025.425432928405,2.012280415390992,297.8557766864823,439.39881106229,3489.343499612303,Baseline growth without any supplementation or hyperosmotic stress.,Baseline growth without any supplementation or hyperosmotic stress.,None,844.3349702765572,None,18,C3,300.9327991729129,0.251625483686369,lysine_sucrose.tsv
345,2671.3216856192525,3154.4120348307224,8586.449964108511,1131.1624741250162,524.5827718431298,6578.524816767234,24332.342128994893,2527.086121233006,233.1478985969466,3814.3391376390286,Growth with valine supplementation under hyperosmotic stress.,1323.805864914866,2913.360817637269,28563.581322599646,515.6915384220598,1731.8146874595227,2708.862448952659,3030.9226817603057,0.6288500000000001,145.22347921080996,13.830807543886662,2729.608660268489,Growth with valine supplementation under hyperosmotic stress.,Growth with valine supplementation under hyperosmotic stress.,NegHigh,1526.3284039503494,Yes,70,G9,4.445616710534998,0.3870969800821234,lysine_sucrose.tsv
346,3065.6747815934214,808.3868638556315,7715.141882171326,10.991663167381889,2383.192423109618,3037.6960026219035,8232.755712369035,2727.93094972296,4.496589477565318,810.3853480678829,Growth with supraphysiological lysine supplementation under hyperosmotic stress.,1398.9389485758766,393.7013898134967,21308.837913128977,555.1481508030013,2272.276549329674,2200.3311176886286,12094.82645254458,0.6494666666666649,4545.552340765474,2.4981052653140656,441.6650109075268,Growth with supraphysiological lysine supplementation under hyperosmotic stress.,Growth with supraphysiological lysine supplementation under hyperosmotic stress.,PosHigh,2298.2568440889404,Yes,63,H8,4.496589477565318,0.316769411316446,lysine_sucrose.tsv
347,4633.507936507936,5442.428571428572,60514.36680017379,485.5099689553552,1723.8968253968253,3732.36507936508,35141.27777777778,4448.4047619047615,4077.5396825396815,10235.349206349209,Growth with valine supplementation without hyperosmotic stress.,2660.611111111112,1345.7857142857142,29802.92857142857,1729.8253968253969,911.6825396825396,6819.174603174603,3077.5873015873017,2.430333333333281,276.0079365079365,1.6468253968253967,1976.8492063492065,Growth with valine supplementation without hyperosmotic stress.,Growth with valine supplementation without hyperosmotic stress.,NegHigh,960.4285714285714,None,45,F6,83.0,0.2598676422907143,lysine_sucrose.tsv
348,4240.527873021114,4839.447212597221,54422.32518561118,515.4899693000476,1354.978113718866,7969.3739573287485,29982.315958331405,3817.2020653095246,3224.993306569005,7154.038385804974,Baseline growth without any supplementation or hyperosmotic stress.,1578.104926502121,3001.8664937857498,22326.1024399967,1069.2192131368022,819.2500770112003,19555.191769969053,3387.1656767623485,2.137382486623808,138.68533726879022,431.1548186864406,3295.4544053426644,Baseline growth without any supplementation or hyperosmotic stress.,Baseline growth without any supplementation or hyperosmotic stress.,None,718.5913644774009,None,53,F7,5.032935626689968,0.2394542534313518,lysine_sucrose.tsv
349,4745.157044570745,5404.3912653305415,46586.8215739121,84.59467544122046,1449.5901884534849,4985.043374214777,39086.96978761592,4360.251271313192,2852.6533054142988,8296.924917738559,Growth with physiological lysine supplementation without hyperosmotic stress.,1347.4723302422974,2643.5836075381394,25234.591684116065,1715.4591684116065,772.8327849237212,25049.691893508825,1867.12533652408,2.005611504725149,573.4310499551301,103.32635357463356,2609.1414896799283,Growth with physiological lysine supplementation without hyperosmotic stress.,Growth with physiological lysine supplementation without hyperosmotic stress.,PosLow,683.4041280287167,None,65,B9,716.6377505234819,0.2503170682679178,lysine_sucrose.tsv
350,2853.9999999999995,1909.7541483237385,8934.747637869768,499.6674568235692,322.8025736539112,5456.716559431086,17343.38977311209,2645.241449373518,968.4077209617336,2472.242465289536,Growth with physiological lysine supplementation under hyperosmotic stress.,924.9163562478834,8433.458855401286,30480.68134100914,419.4500507958009,3025.0660345411443,9552.636640704368,1784.112428039282,0.6037358111090163,137.23941754148322,346.9644429393837,9934.39417541483,Growth with physiological lysine supplementation under hyperosmotic stress.,Growth with physiological lysine supplementation under hyperosmotic stress.,PosLow,1701.9620724686758,Yes,4,E1,43.49136471385032,0.2463936544947777,lysine_sucrose.tsv
351,6968.375306623058,7368.022894521669,47768.514777864366,59.98201144726084,1706.0,5470.917416189697,44030.981193785774,6274.397383483238,396.85772690106296,11185.250204415372,Growth with physiological lysine supplementation without hyperosmotic stress.,2621.0744071954214,4417.047424366312,31138.336058871628,719.78413736713,1407.4848732624694,29338.875715453803,2584.80621422731,2.0785111111110908,353.61488143908423,555.8798037612429,4087.1463614063778,Growth with physiological lysine supplementation without hyperosmotic stress.,Growth with physiological lysine supplementation without hyperosmotic stress.,PosLow,1325.1839738348324,None,51,D7,806.2698282910875,0.2579448063869499,lysine_sucrose.tsv
352,2369.5158859910966,5583.118671399831,19087.61846566418,667.982438388059,2894.1857285068086,2535.296982063769,45890.39351725965,2273.5693175680844,496.7360314558475,3092.758689736713,Growth with supraphysiological lysine supplementation without hyperosmotic stress.,3364.8097191893044,1002.5809143442594,49052.37947788386,343.7073273887649,647.9429652364173,1662.061758061925,4551.996689233537,1.317452809952974,6367.694408124716,1.5181419054274068,1870.350827486565,Growth with supraphysiological lysine supplementation without hyperosmotic stress.,Growth with supraphysiological lysine supplementation without hyperosmotic stress.,PosHigh,980.7196709061049,None,20,E3,439.0466390496061,0.282149825153617,lysine_sucrose.tsv
353,3272.877746363255,1697.8615101670837,9845.458334802017,464.4150601339376,761.0414533807751,4682.102799801934,15167.895738180883,3009.209841254955,584.2641079104376,2978.2488372460257,Growth with physiological lysine supplementation under hyperosmotic stress.,1658.9105696397212,9945.473481319894,23079.93037555949,481.3936752356085,1012.7244537114252,16937.666677013865,6398.940409200297,0.685208991628848,131.83395255415002,109.86162712845837,9030.625749959278,Growth with physiological lysine supplementation under hyperosmotic stress.,Growth with physiological lysine supplementation under hyperosmotic stress.,PosLow,931.8263464622876,Yes,68,E9,141.8213732021917,0.2593753452980779,lysine_sucrose.tsv
354,15723.887264465482,8613.599867191457,35321.42174153424,3312.0447517611246,2350.11506373168,4282.537612087567,26444.97898030701,14319.527007757806,2932.4107799275453,6905.7227257346285,"Growth with 10 mM proline supplementation, no lactic acid.",1929.5681575902213,4351.994454052106,37248.84802835285,3139.829842232609,227.3997976647253,43309.67108745034,2756.3900160448084,1.7144572018388418,1529.9534503969803,1198.8441215797234,4510.888873340848,"Growth with 10 mM proline supplementation, no lactic acid.","Growth with 10 mM proline supplementation, no lactic acid.",PosLow,256.8951689099407,None,16,A3,772.5884339069328,0.2605950751497718,proline_lactate.tsv
355,5501.310008528797,3152.023358621521,11041.988759081216,651.2191983944924,2108.2360653076694,5531.919606573191,13667.185526822132,5024.565518987353,2613.2944330401783,8921.93258998988,Growth with 20 mM alanine supplementation and 50 mM (S)-lactic acid.,3514.747095447596,264.0077831329023,42928.43077736103,902.983142309637,279.3125821550996,13291.45271082719,305.3307404928349,0.5531919421173359,735.3955930165772,345.1232179505477,299.97406083506587,Growth with 20 mM alanine supplementation and 50 mM (S)-lactic acid.,Growth with 20 mM alanine supplementation and 50 mM (S)-lactic acid.,NegHigh,378.02853584827176,Yes,70,G9,2024.8249106366943,0.180767294677558,proline_lactate.tsv
356,907.9936051159071,261.75059952038373,26149.299528473093,571.4434201919904,51.7585931254996,5550.0,1922.4620303757,887.2901678657074,75.41966426858514,3139.364417959076,Growth with 10 mM proline supplementation and 50 mM (S)-lactic acid.,35.4916067146283,168.58513189448442,3275.5795363709035,2141.3269384492405,19.224620303757,18272.2621902478,28.09752198241407,1.3587664858896216,1082.4940047961632,229.2166266986411,205.5555555555556,Growth with 10 mM proline supplementation and 50 mM (S)-lactic acid.,Growth with 10 mM proline supplementation and 50 mM (S)-lactic acid.,PosLow,59.15267785771383,Yes,39,H5,598.9208633093525,0.1953523883389585,proline_lactate.tsv
357,13281.37454710145,10281.408514492754,50726.7102298944,2397.1240942028985,4231.204710144927,5550.0,33475.11322463768,12331.657608695652,4676.109601449275,9329.596920289854,Baseline growth without any supplementation or treatment.,2904.86865942029,2485.0996376811595,37211.97916666666,2950.951086956521,45.244565217391305,46367.30072463768,2087.115036231884,2.115001402398451,2290.715579710145,573.0978260869565,5009.578804347826,Baseline growth without any supplementation or treatment.,Baseline growth without any supplementation or treatment.,None,30.163043478260867,None,44,E6,913.269927536232,0.2447689107715416,proline_lactate.tsv
358,654.1052631578948,4644.421052631579,14537.684813807784,1286.3157894736844,344.8421052631579,8938.526315789473,18637.894736842107,654.1052631578948,139.57894736842107,2889.7491124087264,Growth with 20 mM alanine supplementation and 50 mM (S)-lactic acid.,3100.842105263158,218.94736842105263,17212.0,30.10526315789474,175.1578947368421,19289.263157894737,117.6842105263158,0.7318393069689297,2944.842105263158,161.47368421052633,147.78947368421055,Growth with 20 mM alanine supplementation and 50 mM (S)-lactic acid.,Growth with 20 mM alanine supplementation and 50 mM (S)-lactic acid.,NegHigh,175.1578947368421,Yes,3,D1,440.6315789473685,0.1866269394386306,proline_lactate.tsv
359,5678.171250513899,270.6656976744186,41676.99628377767,84.91472868217055,1560.3081395348838,6023.638565891473,1210.0348837209303,5113.164631869356,1236.3583166874198,10001.828200766447,"Growth with 10 mM proline supplementation, no lactic acid.",63.68604651162791,63.68604651162791,180.4437984496124,413.9593023255814,84.91472868217055,27682.2015503876,84.91472868217055,1.8275270464575213,5270.02034883721,902.218992248062,691.2161274787459,"Growth with 10 mM proline supplementation, no lactic acid.","Growth with 10 mM proline supplementation, no lactic acid.",PosLow,42.45736434108528,None,51,D7,1210.0348837209303,0.2472922416298394,proline_lactate.tsv
360,2932.4140625,4364.953125,21554.62720716378,1023.2421875,856.8828125,3621.6171875,13681.078125,2878.28125,2115.140625,11756.0625,Growth with 20 mM proline supplementation and 50 mM (S)-lactic acid.,1588.3359375,2248.4921875,12676.3203125,35.6484375,169.0,12886.25,2979.9453125,1.0885348111789936,1122.265625,398.734375,2298.6640625,Growth with 20 mM proline supplementation and 50 mM (S)-lactic acid.,Growth with 20 mM proline supplementation and 50 mM (S)-lactic acid.,PosHigh,169.0,Yes,91,D12,219.171875,0.1800203938869048,proline_lactate.tsv
361,5798.968125658875,7827.006652294216,38768.40076989535,370.98265731134296,781.2458312791811,5198.121704209523,33983.46624366925,5614.204213978323,1742.8910723881916,7047.215654965276,"Growth with 20 mM proline supplementation, no lactic acid.",3871.313141590132,2556.143250572665,26979.8956072112,2176.431589559879,36.37084875601401,32377.32956260368,1510.117640349702,1.8036458112657856,1249.7023632566415,1296.2570496643395,4328.131001965668,"Growth with 20 mM proline supplementation, no lactic acid.","Growth with 20 mM proline supplementation, no lactic acid.",PosHigh,36.37084875601401,None,1,B1,424.8115134702437,0.2524935127219132,proline_lactate.tsv
362,3611.748031496063,10050.330708661417,33922.39617512729,163.7795275590551,4109.228346456693,4759.433070866141,35679.370078740154,3337.826771653543,2314.2047244094488,6255.559055118109,"Growth with 20 mM alanine supplementation, no lactic acid.",5086.992125984251,367.6850393700787,34080.881889763776,1350.3622047244094,130.2047244094488,5331.023622047243,2180.7244094488187,1.678420907769711,3538.4566929133857,50.77165354330708,1619.779527559055,"Growth with 20 mM alanine supplementation, no lactic acid.","Growth with 20 mM alanine supplementation, no lactic acid.",NegHigh,108.91338582677164,None,76,E10,1460.9133858267714,0.221481527688265,proline_lactate.tsv
363,13733.594355933094,4768.299501420764,37547.20101961829,3056.244956102535,4318.687781434859,3524.4356727820723,20541.867694314697,13044.31357859933,2550.896246035733,6523.085739134347,"Growth with 20 mM proline supplementation, no lactic acid.",2190.463710179264,3163.074187090921,25864.75024704039,2889.033985859843,494.2013120506227,40003.36673089467,1887.626064073055,1.8769333333333675,1975.876298367809,664.1991317973594,3120.342494695567,"Growth with 20 mM proline supplementation, no lactic acid.","Growth with 20 mM proline supplementation, no lactic acid.",PosHigh,565.7304493211076,None,20,E3,103.11343164966,0.2365589473665986,proline_lactate.tsv
364,712.5633251458397,8901.732268959164,21890.455490201424,53.65182683451028,337.55941050046056,2973.2054037457783,28859.09410500461,628.1734725207245,1367.0038378876266,1623.5266349401288,"Growth with 50 mM (S)-lactic acid, no proline supplementation.",3640.5,1843.163801043905,33740.851473748844,287.8196960393,233.60899600859685,4802.397374884863,1205.489484187903,1.1492811958286424,670.6478354313786,59.799431992631256,7387.185907276635,"Growth with 50 mM (S)-lactic acid, no proline supplementation.","Growth with 50 mM (S)-lactic acid, no proline supplementation.",None,309.61575069081977,Yes,0,A1,1266.9655357691126,0.2032760889135868,proline_lactate.tsv
365,2136.6758241758243,4189.285714285714,15209.729963579332,315.2472527472528,831.5521978021977,5015.934065934066,14244.972527472528,1864.862637362637,781.1126373626373,3864.230769230769,Growth with 20 mM alanine supplementation and 50 mM (S)-lactic acid.,4039.368131868132,81.26373626373626,23957.390109890108,830.8516483516484,160.42582417582418,2687.3076923076924,671.8269230769231,0.7991534914984828,1235.0686813186812,143.61263736263737,547.8296703296703,Growth with 20 mM alanine supplementation and 50 mM (S)-lactic acid.,Growth with 20 mM alanine supplementation and 50 mM (S)-lactic acid.,NegHigh,189.14835164835165,Yes,41,B6,1932.815934065934,0.1886420494283916,proline_lactate.tsv
366,386.697311956801,2312.488402846144,35095.266294870955,926.3420681950232,600.246573783691,6638.303855258417,10247.478766855224,340.5244985888248,49.058614203474754,316.4761582930038,Growth with 10 mM proline supplementation and 50 mM (S)-lactic acid.,4991.473511800597,259.7220751948663,20429.54604810581,821.4913045052439,300.1232868918455,5653.283836741591,30.781875578650823,1.6029999999997555,1554.4847167218666,364.5728388846457,294.3516852208485,Growth with 10 mM proline supplementation and 50 mM (S)-lactic acid.,Growth with 10 mM proline supplementation and 50 mM (S)-lactic acid.,PosLow,300.1232868918455,Yes,11,D2,570.426631816873,0.2145441592331151,proline_lactate.tsv
367,2962.476437462952,5527.709395376408,21429.05637054736,223.64093064611737,1308.146265560166,4302.279638411381,19006.415530527564,2623.4408713692947,539.1890930646117,5587.959691760521,Growth with 20 mM alanine supplementation and 50 mM (S)-lactic acid.,3218.79549496147,183.814463544754,40123.63381742738,783.2538529934795,45.9536158861885,5237.691019561352,1406.180646117368,1.040595197676521,1046.7212507409602,82.7165085951393,711.770450503853,Growth with 20 mM alanine supplementation and 50 mM (S)-lactic acid.,Growth with 20 mM alanine supplementation and 50 mM (S)-lactic acid.,NegHigh,60.25029638411381,Yes,21,F3,3046.2141375222286,0.1743769472554129,proline_lactate.tsv
368,3279.5618869687064,5874.655067725362,33311.91860408128,1049.5186828584774,2262.4266697804765,8057.595049042504,25521.11489957964,3179.467538533396,2968.975011676787,6219.097384399814,Baseline growth without any supplementation or treatment.,8457.972442783746,1209.964035497431,34737.154834189634,613.8138720224194,759.5394675385334,11315.07730032695,303.22699673049976,1.6555451290487948,1000.943484353106,334.13848668846333,1707.491826249416,Baseline growth without any supplementation or treatment.,Baseline growth without any supplementation or treatment.,None,1040.6868285847736,None,85,F11,2132.892807099486,0.2443559024997161,proline_lactate.tsv
369,7402.99400119976,8000.181163767246,44735.24941719703,1446.233953209358,1871.5968806238752,7371.091781643671,35542.430713857226,6843.8656268746245,2551.058188362328,5750.235152969406,"Growth with 10 mM proline supplementation, no lactic acid.",4440.565086982603,2788.365926814637,30224.27474505099,2329.4217156568684,915.6496700659868,33561.1349730054,823.860827834433,2.023256540836348,885.4265146970606,933.5596880623876,4074.529094181164,"Growth with 10 mM proline supplementation, no lactic acid.","Growth with 10 mM proline supplementation, no lactic acid.",PosLow,1069.004199160168,None,15,H2,1220.119976004799,0.2373550576976614,proline_lactate.tsv
370,3013.7361419068734,8898.458980044346,26459.893338892583,1288.4368070953435,1762.2172949002218,5550.0,38831.54101995565,2318.447893569845,758.0487804878048,7554.645232815964,Growth with 20 mM alanine supplementation and 50 mM (S)-lactic acid.,2455.0443458980044,1094.0022172949002,47449.42350332594,1497.6385809312635,50.45454545454545,22219.68957871397,1384.4235033259422,1.2574000000001075,617.760532150776,52.91574279379157,1214.60088691796,Growth with 20 mM alanine supplementation and 50 mM (S)-lactic acid.,Growth with 20 mM alanine supplementation and 50 mM (S)-lactic acid.,NegHigh,147.67184035476717,Yes,30,G4,2275.376940133038,0.1680457485014784,proline_lactate.tsv
371,3714.638399636916,5130.58686962138,20012.25917594113,552.1308499310489,1404.816799622951,4074.191352313788,17281.91823624906,3335.04844030932,671.239722799239,5964.34897969871,Growth with 20 mM proline supplementation and 50 mM (S)-lactic acid.,2523.549670955016,2844.1417773665926,15234.804056766803,308.3472690139124,207.04906872414327,12527.581824846824,1079.7720250667692,0.6690702305431758,1473.8331558643322,261.59425349555744,2992.192993174717,Growth with 20 mM proline supplementation and 50 mM (S)-lactic acid.,Growth with 20 mM proline supplementation and 50 mM (S)-lactic acid.,PosHigh,213.7280709410512,Yes,23,H3,191.46473021802504,0.2627234079743581,proline_lactate.tsv
372,3760.993163455563,6867.900559353636,44998.04782164653,908.0658794282164,288.7719080174021,2271.9042883778743,25324.9484151647,3334.213797389684,1218.8725916718458,8656.198881292728,"Growth with 10 mM proline supplementation, no lactic acid.",1262.9422001243008,1802.2150403977623,23193.371037911747,1641.0130515848357,679.5997513983841,24008.658794282164,3922.19515226849,2.014636421722835,992.7259167184588,201.79241765071475,2252.188937228092,"Growth with 10 mM proline supplementation, no lactic acid.","Growth with 10 mM proline supplementation, no lactic acid.",PosLow,679.5997513983841,None,31,H4,639.0093225605966,0.2353591909192493,proline_lactate.tsv
373,9687.391406987725,4671.990084985836,44200.24601689514,2359.1553352219075,1511.0094428706327,7885.680358829084,18104.95986779981,9310.437677053826,1523.787535410765,6839.474032105761,"Growth with 20 mM proline supplementation, no lactic acid.",2199.429178470255,1403.9929178470256,33727.77525967894,17.569877242681777,359.3838526912181,39166.45089707271,1616.4287063267234,1.9121900979428683,1418.3682719546744,1388.0203021718603,1296.9763928234183,"Growth with 20 mM proline supplementation, no lactic acid.","Growth with 20 mM proline supplementation, no lactic acid.",PosHigh,448.8305004721436,None,24,A4,1261.8366383380549,0.2670982105084304,proline_lactate.tsv
374,3264.62669245648,3790.2258220502895,25964.22630207484,1043.2674081237913,805.3418762088976,6025.283849129594,14597.812862669249,2901.970502901354,1461.4395551257255,3716.685203094778,"Growth with 50 mM (S)-lactic acid, no proline supplementation.",3816.181334622824,2987.7678916827854,37244.71856866538,736.127176015474,157.8960348162476,11558.85493230174,1259.56334622824,1.5229225123548722,714.4975822050291,185.29352030947777,6695.080270793037,"Growth with 50 mM (S)-lactic acid, no proline supplementation.","Growth with 50 mM (S)-lactic acid, no proline supplementation.",None,177.362669245648,Yes,17,B3,900.512088974855,0.3889669910877611,proline_lactate.tsv
375,3817.6837888338014,3397.091507013129,21290.49156483778,869.8047484989661,2315.746261740452,8414.334348140212,12241.972983881013,3556.3690575251,632.1327785943845,10129.05672787065,Growth with 20 mM proline supplementation and 50 mM (S)-lactic acid.,1302.840588953387,1260.5324895986446,14936.003428087395,1745.831276314806,70.92828421236204,19054.82133585789,1893.909624056404,1.2483374718713274,822.5192256907246,57.24036971523954,2300.8139913799546,Growth with 20 mM proline supplementation and 50 mM (S)-lactic acid.,Growth with 20 mM proline supplementation and 50 mM (S)-lactic acid.,PosHigh,70.92828421236204,Yes,40,A6,124.43558633747726,0.2139310105801115,proline_lactate.tsv
376,5659.601123595506,5877.0224719101125,35774.75376335608,1024.443820224719,1039.634831460674,3363.8595505617977,20238.224719101123,5237.101123595506,1652.9719101123594,14446.651685393255,Growth with 10 mM proline supplementation and 50 mM (S)-lactic acid.,3040.1011235955057,2654.629213483146,20856.308988764045,1141.2247191011236,169.0,17914.949438202246,1708.0393258426966,1.7174559111430772,807.0224719101124,380.7247191011236,3021.112359550561,Growth with 10 mM proline supplementation and 50 mM (S)-lactic acid.,Growth with 10 mM proline supplementation and 50 mM (S)-lactic acid.,PosLow,166.15168539325842,Yes,61,F8,343.6966292134831,0.2042761752945516,proline_lactate.tsv
377,884.557438794727,702.2598870056497,21956.70250477944,1027.4952919020716,1307.156308851224,8234.463276836159,5147.834274952919,884.557438794727,105.64971751412428,1986.6290018832392,"Growth with 20 mM alanine supplementation, no lactic acid.",7003.954802259887,343.879472693032,11004.143126177025,171.939736346516,122.22222222222224,18387.19397363465,445.3860640301318,1.1994017798935723,3413.9359698681733,49.717514124293785,343.879472693032,"Growth with 20 mM alanine supplementation, no lactic acid.","Growth with 20 mM alanine supplementation, no lactic acid.",NegHigh,132.58003766478342,None,64,A9,743.6911487758946,0.2130027412839372,proline_lactate.tsv
378,10892.290909090909,4619.945454545455,25067.596752918715,1589.0727272727272,2952.818181818181,6126.545454545454,17736.054545454546,10061.672727272728,1802.6181818181817,14756.727272727272,Growth with 20 mM proline supplementation and 50 mM (S)-lactic acid.,3830.563636363636,3494.781818181818,24816.92727272728,198.8181818181818,122.23636363636363,32538.436363636363,717.2181818181818,1.3934166666644947,774.6545454545454,1011.7636363636364,3443.2363636363634,Growth with 20 mM proline supplementation and 50 mM (S)-lactic acid.,Growth with 20 mM proline supplementation and 50 mM (S)-lactic acid.,PosHigh,114.87272727272727,Yes,54,G7,166.4181818181818,0.2018074986027741,proline_lactate.tsv
379,3356.0149253731347,2830.5641791044777,22664.116248870407,479.0328358208956,1030.4776119402986,3959.44776119403,10025.340298507464,3253.89552238806,791.889552238806,4139.549253731344,Growth with 20 mM alanine supplementation and 50 mM (S)-lactic acid.,3291.029850746269,472.534328358209,20299.48059701493,29.707462686567165,148.53731343283584,5152.388059701493,258.08358208955224,1.0602823755813626,683.2716417910449,74.26865671641792,630.3552238805971,Growth with 20 mM alanine supplementation and 50 mM (S)-lactic acid.,Growth with 20 mM alanine supplementation and 50 mM (S)-lactic acid.,NegHigh,159.67761194029853,Yes,80,A11,1138.1671641791045,0.1749738671017525,proline_lactate.tsv
380,12917.732708333331,11116.027916666668,33174.3036432322,1447.981875,4890.504583333333,7082.445625,36233.778125,11840.589375,2909.65625,11470.891875,"Growth with 20 mM proline supplementation, no lactic acid.",2559.3564583333336,3204.045,22875.603333333333,3724.36,512.3277083333334,43601.48416666667,1018.9502083333334,1.633328115046185,2722.525416666667,1037.206875,3118.466875,"Growth with 20 mM proline supplementation, no lactic acid.","Growth with 20 mM proline supplementation, no lactic acid.",PosHigh,524.8791666666667,None,74,C10,441.583125,0.2409878277235745,proline_lactate.tsv
381,3737.193717277487,3224.3979057591623,28898.611138370667,127.55148342059336,1617.3787085514834,6107.579406631763,15077.621291448517,3500.867364746946,152.80279232111693,36.25828970331588,Growth with 10 mM proline supplementation and 50 mM (S)-lactic acid.,3019.797556719023,1655.5794066317628,15418.837696335078,997.7504363001746,506.9685863874346,22246.403141361257,91.94066317626528,1.448721613760819,1788.958115183246,82.22862129144852,1671.1186736474694,Growth with 10 mM proline supplementation and 50 mM (S)-lactic acid.,Growth with 10 mM proline supplementation and 50 mM (S)-lactic acid.,PosLow,563.9458987783595,Yes,5,F1,282.2966841186737,0.2015032806865309,proline_lactate.tsv
382,10801.713925645874,8358.82201982013,50266.83016190758,1942.6410036088675,3088.5861259093776,5784.382654522541,27406.338317007507,10248.658761528328,2995.020679383628,8543.173741192646,"Growth with 10 mM proline supplementation, no lactic acid.",2718.956292604686,2856.0620954344963,24670.706994328924,1531.3235951194365,737.4068854900613,32799.784155353154,1945.4201752878505,2.113942797226607,1373.8371999770866,416.8757518473965,4005.7127799736495,"Growth with 10 mM proline supplementation, no lactic acid.","Growth with 10 mM proline supplementation, no lactic acid.",PosLow,789.2847568310707,None,46,G6,675.3387179927823,0.2434847469678084,proline_lactate.tsv
383,4018.173327137546,4130.404275092937,23400.252207238187,1471.2179368029738,1983.510223048327,3128.723977695167,15976.49535315985,3612.7676579925646,275.61477695167287,586.349442379182,"Growth with 20 mM alanine supplementation, no lactic acid.",2560.6979553903343,1604.8262081784385,15920.76161710037,1317.759293680297,430.6003717472119,25409.23931226765,589.403345724907,1.309373932226474,821.4999999999999,435.9447026022305,1556.7272304832711,"Growth with 20 mM alanine supplementation, no lactic acid.","Growth with 20 mM alanine supplementation, no lactic acid.",NegHigh,429.83689591078064,None,63,H8,1755.9944237918214,0.21982711380747,proline_lactate.tsv
384,2781.796726504752,6170.306758183738,29518.684710947928,1462.600844772967,2001.8294614572333,2770.765575501584,22890.93611404435,2458.0,1299.08025343189,4599.989968321013,"Growth with 20 mM alanine supplementation, no lactic acid.",1774.7175290390703,1513.214361140443,24672.791446673706,750.7671594508976,164.16948257655753,8074.802534318901,3507.9060190073915,1.5570520197637436,1500.236536430834,341.3167898627244,2044.656282998944,"Growth with 20 mM alanine supplementation, no lactic acid.","Growth with 20 mM alanine supplementation, no lactic acid.",NegHigh,165.46726504751848,None,10,C2,1582.645723336853,0.2075361600830024,proline_lactate.tsv
385,6998.624096385542,7163.866265060241,29193.437314285897,1851.386746987952,3493.69156626506,4442.42891566265,26102.64216867469,6818.768674698795,1546.756626506024,12480.8421686747,"Growth with 20 mM proline supplementation, no lactic acid.",201.2132530120482,2633.757831325301,19469.34939759036,2424.6759036144576,120.27831325301204,32897.80481927711,3453.224096385542,1.526945099451493,1009.4385542168676,654.2240963855421,2430.2963855421685,"Growth with 20 mM proline supplementation, no lactic acid.","Growth with 20 mM proline supplementation, no lactic acid.",PosHigh,12.365060240963857,None,57,B8,494.6024096385542,0.2476121750296483,proline_lactate.tsv
386,9609.628318584071,9497.982300884956,51871.896617399616,1729.1681415929202,1942.371681415929,9018.442477876106,32937.59292035398,8855.681415929203,2994.265486725664,6649.663716814159,Baseline growth without any supplementation or treatment.,2497.238938053097,4549.911504424778,30634.05309734513,1281.9115044247787,182.2654867256637,32873.69911504425,1733.203539823009,2.075254259763172,319.46902654867256,391.43362831858406,4453.734513274336,Baseline growth without any supplementation or treatment.,Baseline growth without any supplementation or treatment.,None,230.69026548672565,None,27,D4,445.91150442477874,0.2300609126431542,proline_lactate.tsv
387,8734.692823204128,15249.067851389482,56420.294198069445,3659.5401849667032,3782.508605160477,4761.337229902915,49289.67780311067,7929.003734094524,4218.308686327211,8713.050381250025,Baseline growth without any supplementation or treatment.,3026.006884128381,1900.5999025149647,44365.038511190425,3288.6674296622823,159.36707257113062,40239.20207684893,8074.598343603952,2.106217296530488,847.990225656263,1294.6115278000489,7350.560285503013,Baseline growth without any supplementation or treatment.,Baseline growth without any supplementation or treatment.,None,159.36707257113062,None,18,C3,730.9242896317905,0.2549899522718826,proline_lactate.tsv
388,4844.351955307262,6930.888268156424,38878.12115358829,773.2458100558658,2923.983240223464,6913.893854748603,22679.98882681564,4386.446927374302,180.32960893854747,713.7653631284916,"Growth with 50 mM (S)-lactic acid, no proline supplementation.",2995.7374301675977,1314.2346368715082,19020.5251396648,2680.3966480446925,169.0,31600.16759776536,206.7653631284916,1.6839770801885203,585.36312849162,728.8715083798883,1641.8491620111731,"Growth with 50 mM (S)-lactic acid, no proline supplementation.","Growth with 50 mM (S)-lactic acid, no proline supplementation.",None,169.0,Yes,45,F6,871.4357541899441,0.1969159288414729,proline_lactate.tsv
389,3244.4892086330933,6083.280575539568,21973.72937937751,312.2014388489209,1722.848920863309,3068.431654676259,18476.748201438848,3080.460431654676,1906.5611510791368,7422.848920863309,"Growth with 20 mM alanine supplementation, no lactic acid.",2343.971223021583,614.5611510791367,16626.5035971223,693.2949640287769,267.9136690647482,3759.539568345324,296.89208633093523,1.2171592979141288,2647.971223021583,5.741007194244604,891.7697841726618,"Growth with 20 mM alanine supplementation, no lactic acid.","Growth with 20 mM alanine supplementation, no lactic acid.",NegHigh,293.0647482014388,None,93,F12,961.2086330935252,0.2266298650226742,proline_lactate.tsv
390,1951.758389261745,2671.5973154362414,36432.43610835043,1384.0805369127518,478.4295302013423,3969.3557046979854,11103.369127516778,1932.738255033557,535.489932885906,4757.959731543624,Growth with 10 mM proline supplementation and 50 mM (S)-lactic acid.,288.2281879194631,724.228187919463,11826.13422818792,16.093959731543624,23.40939597315436,7853.852348993289,731.5436241610738,1.6700337580803093,1130.96644295302,218.0,1239.234899328859,Growth with 10 mM proline supplementation and 50 mM (S)-lactic acid.,Growth with 10 mM proline supplementation and 50 mM (S)-lactic acid.,PosLow,23.40939597315436,Yes,22,G3,311.63758389261744,0.2070324808816528,proline_lactate.tsv
391,1219.05,9778.32,26795.812976700843,723.33,946.08,3973.86,30103.65,1160.73,1100.79,7695.0,"Growth with 20 mM alanine supplementation, no lactic acid.",2366.82,573.48,32408.1,567.8100000000001,303.75,5500.71,3224.61,1.461400708165792,1602.99,156.33,526.5,"Growth with 20 mM alanine supplementation, no lactic acid.","Growth with 20 mM alanine supplementation, no lactic acid.",NegHigh,311.85,None,25,B4,1817.64,0.2178805602209328,proline_lactate.tsv
392,2718.8464521146875,3170.705162705397,34213.3885853293,1635.3648070604938,792.501422754294,3367.2567070954738,10793.547620936904,2447.4514370849733,2314.551816323,5730.771541593937,"Growth with 50 mM (S)-lactic acid, no proline supplementation.",4019.863792205585,8328.609391646407,35978.72522701909,917.7068549458374,76.94188570430039,10944.63350559262,3853.389530409008,1.665890167864977,436.4703334498495,299.37388255855063,8320.915203075978,"Growth with 50 mM (S)-lactic acid, no proline supplementation.","Growth with 50 mM (S)-lactic acid, no proline supplementation.",None,104.22128154491598,Yes,28,E4,1753.575522369828,0.2112531854628618,proline_lactate.tsv
393,12435.2,4825.6,29431.15074597869,2811.2,2158.4,3611.2,19960.0,11617.6,3617.6,17513.6,Growth with 20 mM proline supplementation and 50 mM (S)-lactic acid.,2696.0,1945.6,2382.4,3782.4,33.6,33561.6,998.4,1.4528001737052414,3336.0,433.6,3345.6,Growth with 20 mM proline supplementation and 50 mM (S)-lactic acid.,Growth with 20 mM proline supplementation and 50 mM (S)-lactic acid.,PosHigh,33.6,Yes,82,C11,312.0,0.2053941264974421,proline_lactate.tsv
394,995.98623853211,8996.559633027522,30541.675052675982,195.2408256880734,1790.7110091743118,5166.571100917431,35643.0619266055,805.0458715596329,1995.4128440366967,11273.22247706422,"Growth with 20 mM alanine supplementation, no lactic acid.",3360.3784403669724,182.3394495412844,31768.34862385321,1518.0619266055046,374.1399082568807,5522.649082568807,2845.183486238532,1.557518454091178,1993.6926605504584,237.38532110091745,860.9518348623852,"Growth with 20 mM alanine supplementation, no lactic acid.","Growth with 20 mM alanine supplementation, no lactic acid.",NegHigh,359.5183486238532,None,32,A5,2349.7706422018346,0.2134801806973743,proline_lactate.tsv
395,3881.5,7992.25,43984.51460259924,833.0,1905.75,3384.5,34132.0,3711.75,1954.75,19600.0,"Growth with 10 mM proline supplementation, no lactic acid.",850.5,1398.25,23527.0,196.0,56.0,24008.25,3179.75,1.994775632816029,1177.75,560.0,3174.5,"Growth with 10 mM proline supplementation, no lactic acid.","Growth with 10 mM proline supplementation, no lactic acid.",PosLow,56.0,None,79,H10,110.25,0.2428831188408738,proline_lactate.tsv
396,4243.682311372233,7110.434247631751,34124.70228456791,77.82649946289263,1660.013576455765,3196.017895525602,24240.81649204647,3948.625802419509,2924.0527655343944,9697.523927579556,Baseline growth without any supplementation or treatment.,2096.184067951097,6279.999841274952,37879.26909572503,1300.814348165491,60.21840812397864,19378.798366260264,5051.025338767515,1.650040805402078,817.6058624892896,227.49284458384,6600.713437962696,Baseline growth without any supplementation or treatment.,Baseline growth without any supplementation or treatment.,None,3.42094503133594,None,56,A8,1091.281464996165,0.2482611350836014,proline_lactate.tsv
397,4032.6894712002136,2305.973200911087,31842.95566995634,1696.8690620318882,1091.0812796257158,3322.9891859725444,10668.718773726225,3768.48640551577,1262.4263640654178,7932.724683479368,Growth with 20 mM proline supplementation and 50 mM (S)-lactic acid.,1474.6731783391133,2296.024131492008,16249.041265672133,789.292840580305,6.079986867215235,16941.054316376994,1947.806701824226,1.6018452291849925,1899.166806886504,372.5373771366425,3121.796893275604,Growth with 20 mM proline supplementation and 50 mM (S)-lactic acid.,Growth with 20 mM proline supplementation and 50 mM (S)-lactic acid.,PosHigh,4.421808630701989,Yes,9,B2,315.0538649375167,0.219246659633855,proline_lactate.tsv
398,11742.805009947118,7670.551897881857,43656.65504845565,1625.522560520173,4656.953201675,8684.15718966118,26077.811701278024,10625.962142153236,4564.97790668021,8321.887150191904,Baseline growth without any supplementation or treatment.,3934.290169573076,5055.82565445853,44082.444958217406,2625.988524443097,27.21717913111145,36453.18809074137,2822.139918870763,1.90641783077982,1939.9279056554265,289.06521284076985,4933.8176100776855,Baseline growth without any supplementation or treatment.,Baseline growth without any supplementation or treatment.,None,18.77046836628376,None,14,G2,1621.768466846917,0.2391545674332213,proline_lactate.tsv
399,3773.043110856488,5003.3236894872525,33615.85680183068,177.18963047837295,488.6415067315955,6386.133486107132,16983.71741621312,3773.043110856488,1471.404611859066,4029.6940704669146,"Growth with 50 mM (S)-lactic acid, no proline supplementation.",5737.655972500716,5974.213262675451,28310.153537668288,1230.2805786307647,279.4846748782584,12753.999999999998,344.3324262389,1.5796860151237826,406.44013176740185,158.9226582641077,7096.71870524205,"Growth with 50 mM (S)-lactic acid, no proline supplementation.","Growth with 50 mM (S)-lactic acid, no proline supplementation.",None,284.9647665425379,Yes,94,G12,743.4657691205957,0.199775339179872,proline_lactate.tsv
400,2801.416232948424,6865.510219565118,41509.24336239585,83.2183056916984,470.50349756460247,9709.335781375656,23027.465396112468,2714.197047175394,347.2763910595875,6614.25495045749,"Growth with 10 mM proline supplementation, no lactic acid.",2134.8696113985707,1270.6795138309333,17986.356493634583,494.5087780525924,276.86090162815043,19012.18214648802,1640.360833345978,1.842836557867456,1088.23938212221,33.60739268318589,1542.7393593614856,"Growth with 10 mM proline supplementation, no lactic acid.","Growth with 10 mM proline supplementation, no lactic acid.",PosLow,300.86618211614035,None,84,E11,177.63907561112543,0.2510181057636643,proline_lactate.tsv
401,6272.164211223308,7081.1481542790925,32467.41683622487,555.1186889587817,2782.3631849031617,8103.378910776361,23005.269326270485,5791.512663466314,392.6449263366992,11342.69955305413,"Growth with 20 mM proline supplementation, no lactic acid.",1499.4974341996358,3151.314020857474,15978.27909286542,1579.0418804833637,253.8652540970038,23751.63317331568,568.6581691772885,1.792291310159567,1012.0761463333886,565.2732991226618,2838.2135408045024,"Growth with 20 mM proline supplementation, no lactic acid.","Growth with 20 mM proline supplementation, no lactic acid.",PosHigh,242.0182089058103,None,95,H12,286.02151961595763,0.2726376348864552,proline_lactate.tsv
402,12281.14376292351,11721.342008863598,30865.22794894316,1493.133199649235,3228.7157505286427,7432.156738320054,41489.39162088042,11489.733888785991,3297.7054033177164,12482.199322480235,"Growth with 50 mM (S)-lactic acid, no proline supplementation.",3836.810261540905,4607.523239841698,35945.58023604416,2831.532463757262,203.02669249355927,39717.34311066965,2947.829307030272,1.5456021326964278,1688.2753603954716,939.2448443998156,4667.642794415035,"Growth with 50 mM (S)-lactic acid, no proline supplementation.","Growth with 50 mM (S)-lactic acid, no proline supplementation.",None,208.9400913040513,Yes,81,B11,625.8347074437387,0.2464328390258035,proline_lactate.tsv
403,10601.675889328064,8642.561264822134,45939.14559832132,1828.395256916996,1696.0,8986.118577075098,30065.454545454544,9731.88932806324,1789.8498023715415,9388.332015810276,"Growth with 20 mM proline supplementation, no lactic acid.",566.4505928853755,6360.0,30888.3162055336,1449.6442687747035,159.2094861660079,42984.88537549407,4209.833992094862,2.0140885651119382,2939.509881422925,943.5256916996047,5699.699604743083,"Growth with 20 mM proline supplementation, no lactic acid.","Growth with 20 mM proline supplementation, no lactic acid.",PosHigh,184.34782608695653,None,13,F2,56.9802371541502,0.2368104642398294,proline_lactate.tsv
404,4471.625188001929,6566.487190478252,40854.93395620644,1433.6442428469652,1231.9167907566523,5502.67660979686,19767.56613859345,3755.234108142742,1220.7097100849685,8432.897163877939,"Growth with 10 mM proline supplementation, no lactic acid.",253.4524398057773,2134.5178263915127,17972.709064866824,1173.2951380124591,221.55536404790743,27369.41516650959,2922.461805923759,1.88655689773846,1109.5009864967192,416.3861511094914,2860.391820665201,"Growth with 10 mM proline supplementation, no lactic acid.","Growth with 10 mM proline supplementation, no lactic acid.",PosLow,221.55536404790743,None,65,B9,314.660341935744,0.2466207617686333,proline_lactate.tsv
405,699.0432881504154,1732.8165520531063,15142.159086061934,525.9259848153595,482.0988194140796,4868.102396947172,6689.66895893787,694.6605716102873,957.0757244504512,4488.9974162261,Growth with 20 mM alanine supplementation and 50 mM (S)-lactic acid.,2029.7455976467784,439.9151727153476,20917.062527328377,727.5309456612473,6.026235242675995,3014.7611400405453,1443.5572604046588,0.7903773317462344,451.4198036331836,201.6049608458878,892.9784950510792,Growth with 20 mM alanine supplementation and 50 mM (S)-lactic acid.,Growth with 20 mM alanine supplementation and 50 mM (S)-lactic acid.,NegHigh,8.765433080255992,Yes,62,G8,2472.947807767221,0.1858634819172844,proline_lactate.tsv
