well	0	1200	2400	3600	4800	6000	7200	8400	9600	10800	12000	13200	14400	15600	16800	18000	19200	20400	21600	22800	24000	25200	26400	27600	28800	30000	31200	32400	33600	34800	36000	37200	38400	39600	40800	42000	43200	44400	45600	46800	48000	49200	50400	51600	52800	54000	55200	56400	57600	58800	60000	61200	62400	63600	64800	66000	67200	68400	69600	70800	72000	Summary
A2	0.03594576301331873	0.03426672246506934	0.03264893529994105	0.03114721323219625	0.029751504429795742	0.028263409316050963	0.027217264320559556	0.026637665610735335	0.026118363387132772	0.02500262194970925	0.023390131534122942	0.021851772046049392	0.02040938573450716	0.018841229861608258	0.01707167899057387	0.015569497561805503	0.014815754177125292	0.014855436802903882	0.015345651702581859	0.015829842207818693	0.016051196175104872	0.016219948172185573	0.016816035106811712	0.017915330483284687	0.018885453810189228	0.019136452035924383	0.01863665329097348	0.017839676158902935	0.01699051675512001	0.015879676700764025	0.014526524324783264	0.013314121921870137	0.012590023552161964	0.012258457863470382	0.01224718296038431	0.01253752014079369	0.012907498114723609	0.013048684872713903	0.01274420603681894	0.012065235892665444	0.011371468442621258	0.010837918682267019	0.010314351866269778	0.009677346263569942	0.009178380952557137	0.008968930644897434	0.008903748631235525	0.008771539631832396	0.00853701178740397	0.008234156842377847	0.007878622930793607	0.0076017171937598675	0.007538257491568412	0.007668737249341385	0.007726413209887457	0.007630012840177258	0.007652732846078456	0.007828750119013357	0.008021410234352027	0.008170281896677865	0.008278667822532747	Media control
A4	0.03193716587021894	0.03280013164548081	0.03375677694564663	0.0347090650202415	0.035557975405929934	0.03632927129416908	0.037748785127661506	0.03945384799841778	0.04070922732895506	0.04160597872159478	0.04324087889381227	0.04604573443688059	0.04980457541247284	0.05442166326585747	0.06018681166940617	0.06726781922643209	0.07556861424311932	0.08470265860494984	0.09440041140558833	0.10494408799801459	0.1169198824458582	0.13032972431257364	0.1449743433250745	0.160844600740937	0.17818164976302425	0.19668487736116227	0.21616782366158072	0.2368904446495173	0.25952558363372824	0.2847996937396388	0.31340182431887936	0.34511158220637367	0.3799912999685847	0.4185488334498554	0.46158594161577204	0.5088842766748547	0.5599350907783466	0.6144659765390726	0.6720388609134312	0.7322493362447421	0.7949142232416655	0.8598834305689811	0.9267271996443082	0.9950360752325473	1.0642212361063021	1.133839456158514	1.2036743999626767	1.2731167996528272	1.3414190393556138	1.4075468223132903	1.471488102935557	1.5327829868903953	1.5905500660442875	1.6454665102318489	1.6955395347913051	1.7406054917950653	1.783240437416375	1.8263916745078768	1.8693032350363479	1.9118058007853282	1.9538618885260524	Growth with 20 mM proline supplementation, no lactic acid.
A5	0.03274240481097512	0.031170874942668732	0.029793893679919397	0.02859800316097708	0.027536297967570084	0.026534304227116178	0.026760919661619715	0.027443757906492318	0.02850935004863111	0.029835314528753498	0.03140415083433422	0.033198359484726964	0.03647873588659722	0.04381896437751885	0.05363280495696849	0.06310660603915333	0.07240808511567023	0.0823279948372866	0.09278768109805777	0.10221978368763292	0.10922845696184084	0.11507382795703318	0.1216067046434306	0.12938773536157339	0.1381916069552908	0.14753880072379819	0.1575486260042415	0.16825627077528985	0.18015324948240505	0.19384337758766637	0.20953152257890678	0.2269721859358002	0.24629488144483355	0.26790296720958584	0.2919795757969643	0.3178919947864635	0.34568345261372585	0.37507463789735496	0.40613354660495293	0.44019690260593003	0.47723245273460463	0.5162635033283214	0.5578970893740416	0.6025763907669962	0.6494561545333046	0.6982471223627328	0.7496122610874991	0.8024460341294052	0.8561089259976928	0.9107155223300907	0.9667999812763151	1.0245368381088071	1.0837275001198947	1.1439489105169218	1.2051193160746039	1.2669327239904091	1.3283761560752998	1.3893165340034652	1.4502837607579635	1.5114129154766953	1.572625821032635	Growth with 20 mM alanine supplementation, no lactic acid.
A6	0.01	0.01	0.010000000000000004	0.01	0.010000000000000002	0.010000000000000002	0.009999999999999998	0.009999999999999998	0.009953294653168175	0.009744682858656482	0.009443199059697425	0.009375801961110684	0.009787047454021048	0.010721632944523373	0.01226171221223212	0.014423402371399533	0.01732649711614927	0.02109051744247767	0.025642597135714873	0.030739865353719354	0.03625910108780149	0.04231407129503588	0.049136145663687375	0.056687854887815865	0.06475752498917607	0.07305627091792775	0.08162083074731954	0.0905647259699951	0.1003240200330162	0.11155550730596794	0.12408948831098306	0.1377725377232273	0.15317113977944632	0.17048798592420575	0.18976561069478948	0.21041054527515773	0.2322322757013608	0.2549555302789283	0.27856849179915183	0.30394199170318487	0.33098134409887875	0.3589281430007843	0.38838730724405934	0.41984277782417734	0.4555773212116202	0.4971188442037087	0.5379103190622023	0.5783686253293916	0.6197389395023855	0.6617395692558146	0.7058357614383471	0.7531812085831369	0.8025811452019438	0.854218655780655	0.9073739754935174	0.9617054312469235	1.0174588695592546	1.0732441585987154	1.1292054479220393	1.185381206816727	1.2417234599259928	Growth with 20 mM proline supplementation and 50 mM (S)-lactic acid.
A8	0.01802607289000773	0.01822846996164192	0.018504461881881644	0.01883362973189816	0.019191545494561896	0.019639040513725965	0.0210756151412947	0.023678639176865687	0.027946880377251935	0.03373327914319222	0.040182836770523235	0.04671759947250266	0.05344928867956626	0.06061387720052401	0.06781184786736386	0.07418912488017083	0.07941500930006304	0.08429229674936255	0.08982237826334552	0.09616619248128593	0.10292273469223191	0.1097616847735452	0.11688994901776596	0.12460465940376482	0.13306840796691502	0.14218508359666807	0.1523181946669613	0.16410068468974368	0.17798590087904512	0.19434228671436163	0.21348309353811315	0.23525393723095497	0.25954786086999826	0.286129509735367	0.3157572538098717	0.34830640134079327	0.38288652493856656	0.41899915514512936	0.45689846623169544	0.4976940558245066	0.542019583205196	0.589468344110792	0.6398805777286427	0.6931483307974982	0.7495003229567297	0.8087049684852479	0.8702151260165036	0.9337312288547938	0.9980990609357948	1.062516825477727	1.1263592344807745	1.1892840201367683	1.250952683194665	1.3109681594480775	1.3683578645997796	1.4225768554866094	1.475239321447413	1.5280297239790135	1.5806924293162263	1.6331856103591922	1.685499835357696	Baseline growth without any supplementation or treatment.
A9	0.018912600572782857	0.02540788255227136	0.03181654328536086	0.038123526905959874	0.044286543136969836	0.050296722828280356	0.05515574012660334	0.059430269002280024	0.06281742052096609	0.06465536668215041	0.06515592752449793	0.065671198453915	0.06682880514853458	0.06837122136931638	0.07049876083164906	0.0734633541740819	0.07726503975471569	0.08141070708287844	0.08514241469037882	0.08810730545133559	0.09040303726087022	0.09252402188264111	0.09536832409661934	0.09931474739332594	0.10431302384399348	0.11002727861755807	0.11644241037372066	0.12376410891538733	0.1318102587758453	0.14028910792043184	0.14898420851328786	0.15805125589489763	0.16844096862067623	0.18081847244821303	0.19546750264683657	0.21220508333938806	0.23045457711936168	0.24985522558384402	0.2703623922640547	0.29218623746279626	0.3156002384068368	0.3403246519026306	0.3661186570677768	0.39337994451882724	0.42274126543540125	0.4544101364363122	0.48879330754586464	0.5261355073710372	0.5661113027260128	0.6084394886479081	0.6536070278271476	0.7018637685708619	0.7525241767624566	0.8051675695999396	0.8599003906423572	0.9161983501353362	0.9731561364770195	1.0299566621670602	1.086775678397731	1.1436497573117779	1.200553676094313	Growth with 20 mM alanine supplementation, no lactic acid.
A11	0.0225704509128848	0.02590921147172508	0.02916280162888511	0.03237649239901864	0.03558590728467496	0.038729503354399224	0.041149030163739664	0.04337258891084354	0.04571138815348203	0.04829678517183993	0.05118363993276516	0.05448024347345272	0.05821360072132292	0.062275011125568894	0.06655663055425966	0.07105762201837043	0.0758460935037923	0.0807305728171272	0.08565997857767998	0.09089046156798011	0.09665260343944183	0.10313554852414215	0.11041166121159468	0.11840397322497345	0.12713525039815732	0.13648449354235162	0.14645485631807903	0.15716449449765704	0.16879069527863577	0.18103850379903508	0.19373134154039715	0.20715915616960373	0.2215246345048969	0.23744320279612058	0.25543239063165923	0.274900912277296	0.29525954540500915	0.31626384956127856	0.33794293963504846	0.3602963426964616	0.38318156183951985	0.40657335303967873	0.43038261405710165	0.45496869741523055	0.48058122186284585	0.507201446386433	0.5348681265682238	0.5640530147531687	0.5959170815081742	0.6289563499461098	0.6627947636742204	0.6981098708152292	0.7344849613611018	0.7728685747287232	0.8142294727939059	0.8565877409108138	0.8994098622316831	0.94230892381006	0.9853155983670808	1.0283961913051614	1.0715219820423203	Growth with 20 mM alanine supplementation and 50 mM (S)-lactic acid.
A12	0.012484740207868866	0.013609191952790691	0.014796946922425098	0.016046553963856888	0.01732139163622627	0.018546784630367588	0.020151177884516404	0.02207424476458779	0.024276781064958827	0.026566535969322822	0.028905301544466792	0.03147197572095209	0.034332297827870145	0.03742642480905859	0.04084551379886933	0.044614594618536535	0.04863547627543659	0.052727338550096176	0.05684688609304429	0.0612070452287382	0.06602856661991141	0.07138842378926956	0.07745084459397576	0.08425972190198752	0.0916762238662237	0.0996077702884315	0.10804848046360527	0.11674883574417644	0.1256220489321863	0.13496283490856514	0.145259683374652	0.15708377874132315	0.1706255369769579	0.18531546404096785	0.20118029834425383	0.2180911519247242	0.23632672724750559	0.2556255127538718	0.27576039095539945	0.29749384255201666	0.32108298424618675	0.3462921176631233	0.37416293314794097	0.4040654621624847	0.43533944640513755	0.4686675001336349	0.5039000427528695	0.5410315334170948	0.5799998515141613	0.6203368420469335	0.6621081765395403	0.7049513815769546	0.7493190859531556	0.7955720886735163	0.8434880089780219	0.8932877647911384	0.9437942033543533	0.9941866691270458	1.0446200434926178	1.0951047638926128	1.1455952693664817	Growth with 10 mM proline supplementation and 50 mM (S)-lactic acid.
B1	0.0153727934060975	0.016691426237304165	0.01814171971020049	0.019680619705306723	0.021323236607475263	0.023223449175948256	0.026686239259073787	0.03079448825987775	0.03519513228107664	0.039597707578722635	0.043805792877138344	0.04792523319867942	0.05196286783249958	0.05579142996793446	0.059635476969530726	0.063835232003124	0.06893248449369418	0.07538142724956347	0.08328605293167661	0.09247312873538553	0.10281360123224552	0.11453337914331596	0.12780699210569196	0.14239232875098481	0.1582280789322651	0.17511002747851923	0.19297541554035108	0.21211274522106843	0.23295130744926607	0.2556479942766771	0.2799332169798151	0.305608523768952	0.3329839065968033	0.36251297976184527	0.3950512905472192	0.4307919634789116	0.46936742000735887	0.5107483595567965	0.5553204459601975	0.6031871251199267	0.6546071556162957	0.7100881431307748	0.7691644568260927	0.8308928280478902	0.8949846283596653	0.9612547126402227	1.0287576977097648	1.0966202558513176	1.1646707259354754	1.2320717208337721	1.2982470663723213	1.3616662385132814	1.4207438799480097	1.477708532389884	1.5331402345678011	1.5877929782980167	1.6398496249311085	1.691621327112783	1.7430811419039582	1.7941563030346508	1.8447792536401448	Growth with 20 mM proline supplementation, no lactic acid.
B2	0.009039978608470329	0.011980533998391767	0.014895732217954124	0.017821150666624062	0.020761898055250354	0.023609926623612026	0.026247895519916905	0.028932389583153376	0.03176017502290534	0.034823888095720096	0.03819569339229415	0.04183582920741467	0.04573289875267823	0.04988567293471994	0.054413830003383824	0.05942606936642653	0.06501542906721061	0.07128885847207711	0.07843476988263658	0.08659762883499875	0.0957344851420352	0.10576412131447381	0.11680142709889209	0.12890491537926435	0.1421101608055236	0.1562062002161942	0.17103197826391822	0.18673437901214782	0.20368937469584603	0.22214421593294476	0.24193241074566202	0.26270392741039084	0.2847269585809565	0.30839621195841904	0.33374452867435955	0.36054167793556724	0.3886114524296827	0.4185295306955859	0.4508185580624995	0.4855028106794874	0.5226605792309975	0.5622824381695871	0.60383589413974	0.6476527542904624	0.6947756414988161	0.7452270797586468	0.7985882364702266	0.8542446368814731	0.9117386752443101	0.970365980929403	1.0300429693732092	1.09057921717978	1.1497253275703407	1.2078974239076137	1.2658332537172219	1.323379829272323	1.3801998937247262	1.436981945128827	1.4936278970891264	1.550156158280072	1.6066140605258998	Growth with 20 mM proline supplementation and 50 mM (S)-lactic acid.
B3	0.010659302044436126	0.010401406158215148	0.010096015634084453	0.009735808051549711	0.00931648416281511	0.008840464368992837	0.007997411543570544	0.007372848506989176	0.0071652328087477915	0.0073643745785894965	0.007994195878533164	0.009247314576515602	0.011321575757371543	0.014088152128190649	0.017170610302153937	0.020431962268307343	0.023907815046638425	0.027726320570908132	0.032025638378314084	0.03689628756605914	0.04226042642907266	0.047987408470373055	0.05405480535325513	0.06054386479295692	0.06760906709652988	0.07512686756371605	0.082948080103756	0.09120650787772563	0.10025460900207062	0.11039676314186574	0.12154604973755317	0.13348818068105198	0.14639313971650608	0.160617133211013	0.17653207398409482	0.1939622423461785	0.2124998613706722	0.2319903471355591	0.2526947457067102	0.2749108944461462	0.2983255199891305	0.3224288025977548	0.4280400867784284	0.5009474547217724	0.5584791196281428	0.6170721355175706	0.655201507987317	0.7444215592823182	0.8238238382182146	0.898012622591535	0.9726317503558414	1.045075251539748	1.1199154783972727	1.19111578615889	1.2440209560805493	1.2944481556360368	1.3440242111151215	1.393430900456395	1.442623774584276	1.4915612782995349	1.5402896612146464	Growth with 50 mM (S)-lactic acid, no proline supplementation.
B4	0.012988095450338083	0.012337093853690206	0.011838346190731588	0.011496185084460847	0.011263324774093903	0.011015527728587451	0.012013687344815952	0.013914179999263757	0.016848346697498472	0.02038203012859022	0.0241167572040545	0.028130150110312748	0.03352414047178087	0.04107928939686462	0.04984282945538543	0.05832236235964821	0.0659986468547047	0.07342010975211205	0.08108364402185166	0.08776858378885542	0.09254544746730733	0.09675114441555101	0.102059831449833	0.10905297334839528	0.11773960131671037	0.1277841085270003	0.13873814465162831	0.15023763937506532	0.16232700804328706	0.17502492598887193	0.18845920395583124	0.20280598436892427	0.21824562986578747	0.23506326787962586	0.2538488437286663	0.2747894228633869	0.2977965986571622	0.3227472469277648	0.34969527880323287	0.3789905495110576	0.4108686138593418	0.4453605559867908	0.48226491986441594	0.5214607140351593	0.563020432881786	0.6066757061546854	0.6520132550561465	0.6989357828095474	0.747817567343518	0.7993324412563001	0.8539522009598837	0.9116555447606399	0.9713442910759251	1.0325302236632035	1.0956813240795222	1.160117113063846	1.2233720201075897	1.2860946264005053	1.3485790197262604	1.4109200267742006	1.473073285253309	Growth with 20 mM alanine supplementation, no lactic acid.
B5	0.008308413098863394	0.008632436139509309	0.008871555079514884	0.009034013461112947	0.009091874826712826	0.00892139010277532	0.008143643535652858	0.00734296309051994	0.006546823448348039	0.005684293341002352	0.004826070570596125	0.004233560219766496	0.004038544502497911	0.0040063081914661226	0.003881359534367561	0.0038759991336558973	0.004266406600170223	0.004905672843863264	0.005622631522932111	0.0063920864842702835	0.0072830223190183665	0.008267684022613315	0.00911579149477232	0.009646882184240285	0.00980663772505303	0.009765248732698911	0.00983898163376512	0.010070652814116666	0.010290350200624302	0.010389424816412378	0.010294374485318818	0.009978743609268327	0.009444447180108303	0.008823396031248182	0.008245363910237459	0.0077625855760852895	0.007433714030576682	0.007395384291569277	0.007669752664201462	0.008232888733061603	0.008847084150238054	0.009275297718970062	0.009510496511244946	0.009661876273303859	0.009836435215282687	0.0099691187761722	0.01	0.009950832220891586	0.009665425796971432	0.00899314004796501	0.008141022279077809	0.007535371854749219	0.00726808809114338	0.007108708567256987	0.006791521654319445	0.006481579790192605	0.006613775153686422	0.006903102415883055	0.007193862957538856	0.0074235079867333055	0.007595744698159838	Media control
B6	0.010833757374425924	0.0102910191764674	0.00972760039043121	0.00916276453033303	0.008626096634751036	0.008145704671131118	0.008129934236245997	0.008308790897328769	0.008744602570445584	0.009678262189128926	0.011421737875591467	0.01391228579451895	0.01669443701287635	0.019550776823812996	0.022513475805247922	0.025737745503865848	0.02927810114582169	0.03306236318810132	0.037076590903905665	0.041484363307634047	0.04639536804851668	0.05174969355528245	0.057299183442611666	0.06293360550442945	0.06874977731155371	0.07471601644474399	0.08069667616133486	0.08685086265008514	0.09396492538290312	0.10191844975986963	0.11046825100074627	0.1198774077061141	0.1301378496442241	0.1415387819572849	0.15478173679335958	0.16965724611949	0.18528338067467717	0.20150193670943886	0.21864767656693576	0.23650147430991705	0.2544482769024126	0.27241481844547494	0.2905536274039598	0.3094358125942507	0.3290782856950061	0.3494558056773478	0.37113313134070436	0.3941116545448103	0.418520948454472	0.4441660934211715	0.47112430682793915	0.49945005048599556	0.5286040609893984	0.5590530552607991	0.5912480751625399	0.624880263289746	0.6598199034162183	0.6948138248774022	0.7298661345609341	0.7650512070504513	0.8004109252310937	Growth with 20 mM alanine supplementation and 50 mM (S)-lactic acid.
B7	0.00662069757524978	0.007095953236046371	0.007580465779398263	0.008085840849107986	0.00858549927141828	0.008979353901062555	0.009192489479359287	0.009453756146141053	0.00975753602140915	0.009954613296992387	0.010000000000000002	0.01	0.01	0.010000000000000002	0.01	0.009999999999999998	0.01	0.009935885892933014	0.009613692966211078	0.008918980649680875	0.007976325123007784	0.007110178423144614	0.00640577640964233	0.006039276399593304	0.006054933100760873	0.006623513943963705	0.007979662545475491	0.009989069567457499	0.01178695553642106	0.012871632259715693	0.013637065632091567	0.014280690709192334	0.014317025867455759	0.013503359251153124	0.012185732826187005	0.011040881445410182	0.010378463742447927	0.009882174428980147	0.009050399474403446	0.007972816717811762	0.0070501304369643214	0.006334358593350484	0.005666394925732964	0.00512439782528845	0.0049139119437456	0.005137949360344823	0.005673570992714037	0.006314574618792459	0.0068840278356731375	0.007406086819845836	0.007849037979675491	0.008113623055976222	0.008232450212316451	0.008406357974721971	0.00871136268595099	0.00896300904533257	0.00885184136755598	0.008764798867757113	0.008643175759207143	0.008472032114948288	0.00825160252631395	Media control
B8	0.012020627538555255	0.014243642578949273	0.016371949129921886	0.01846276062417112	0.02057353733202632	0.022758673809528555	0.024428316206056646	0.025570939216290493	0.026593100599073004	0.027685267839668105	0.028948997772837277	0.030297243718166965	0.03161771777002548	0.03312922807111833	0.03564634589030406	0.03936511150301356	0.04389744276933863	0.048984805170737306	0.05486972130827222	0.06150554159563336	0.0685697775991158	0.07567251288855287	0.08267325685627365	0.08993692500200523	0.09797439535510426	0.10658187851763265	0.11587273953889693	0.12681110043729624	0.14005449661559619	0.15542863428329942	0.17270628048666928	0.1920123926784619	0.21328842995519243	0.2368455233818716	0.2630073477570636	0.29104407841970714	0.3204483520833933	0.3516984442976475	0.3847437518511385	0.41949431139106286	0.4558531026806951	0.4942987882583437	0.5355030322895613	0.5798925049927899	0.6272581971419704	0.6773264413165437	0.7300888183218711	0.7857860758819838	0.8442039097416298	0.9048093274822392	0.9667048521810458	1.0290925330573215	1.0912052632590727	1.1518013818397435	1.210608013739907	1.2681888693702459	1.3235827517860062	1.3786679237949688	1.4334548877836684	1.4880073604970503	1.5423342264566036	Growth with 20 mM proline supplementation, no lactic acid.
B9	0.0219124258876513	0.02446111374547781	0.027036435062864246	0.029674217057165785	0.032442749005015495	0.035383453220682044	0.03902229893354157	0.04265134072111481	0.046614823904039294	0.051270495654499086	0.056321646831481234	0.06129165973557167	0.0662686028858886	0.07176434901111019	0.07820681807829753	0.08514977154819972	0.09228324524039341	0.10024621771713621	0.10942361060981849	0.11936435722534358	0.12925394565347598	0.13888429764538507	0.14907050467949468	0.16063678965651498	0.17385546674444805	0.1880195648212571	0.2029712778689598	0.21968973159415164	0.23896897258348032	0.26110169122906673	0.2855585229229275	0.3119006137512981	0.34080282243015314	0.37327729850062513	0.40967310386146666	0.4495017375828964	0.49208460933939613	0.5375912726834381	0.5860144362123673	0.6376179233310285	0.6918844403340172	0.7482559828728265	0.8070774606539374	0.8685641335333806	0.9321155106776525	0.9972699407244225	1.0633998925307444	1.130269406971132	1.1975436913376043	1.2645149245265295	1.330467401793749	1.3956428224669777	1.4595518607086104	1.5216449670348728	1.581389729635787	1.6390483141302294	1.6930940210437815	1.7468638646013672	1.7999116358499503	1.8523380264556928	1.9042977223818616	Growth with 10 mM proline supplementation, no lactic acid.
B10	0.023599027891005455	0.027090346906234228	0.030530065857363134	0.033955369870008405	0.03736705308240544	0.04067142295512394	0.04334731235894174	0.04590359038570287	0.04862472757041052	0.05155914003313805	0.05466570767223164	0.05797982732329535	0.06167087599164971	0.06581936043422595	0.07053874570005148	0.07578005563023593	0.08145901822897367	0.08744402845360569	0.0937688698567604	0.10059625118737839	0.10798479282402172	0.11596933573581363	0.12477773040804561	0.1344930988811097	0.1451299302078547	0.1564193991454865	0.16829779416877869	0.18094930453547853	0.19472894562296134	0.2098208012166669	0.22595465971082712	0.24291682076807353	0.26119440263832516	0.2814342048402622	0.3041856802204873	0.32899744732777975	0.35497896180634775	0.38182501273588476	0.4098210128725444	0.43921179075593053	0.47075211674334755	0.5050079416617043	0.541585309649841	0.5797292303332813	0.6196396442074024	0.6621710785860093	0.7072558222369831	0.7545535899152359	0.8039107482402864	0.8549540134541324	0.9087678944433523	0.9649127255185055	1.0221551425979218	1.0801584322748672	1.1390906511768892	1.1989926771308375	1.2588243990244927	1.3185170839110714	1.3780747385222276	1.4375700915590477	1.4970371559843783	Growth with 10 mM proline supplementation and 50 mM (S)-lactic acid.
B11	0.006695201407545723	0.01161922756981419	0.01635784801309853	0.020798186413773238	0.024904974267977602	0.029002768502611465	0.03189908275635862	0.03470920842371632	0.0366149346565918	0.03746556880484046	0.03833423400195381	0.03997959430456875	0.04276676910066064	0.046557030161305586	0.05058893732576955	0.05428188140397818	0.057622801482912774	0.06087890725724526	0.06441548765027146	0.06865460301899395	0.07368355867869278	0.07931402310457841	0.08598967576861033	0.09440787071377561	0.10480352321915473	0.1168223821806271	0.1298001409965207	0.1437068261177124	0.1590473576966062	0.17592694882455703	0.1941525104831408	0.21414795317646168	0.23625644050952818	0.26078071124824714	0.2880683843046736	0.3175921125774998	0.34834747054256443	0.3808724567127238	0.4156913766852197	0.4528857168806171	0.49179336472369223	0.5323051442755129	0.5749547065988815	0.6212325709872298	0.6707580500551714	0.7224011163826437	0.7769906844031175	0.835032367095884	0.8938012189176875	0.9526519785037412	1.0122630792045924	1.072832617708648	1.1333210495755213	1.191500398540656	1.2467480722222797	1.3007682633962883	1.3532362300508525	1.4055981020126194	1.4577664907432515	1.5097489261090453	1.5614902500738317	Growth with 50 mM (S)-lactic acid, no proline supplementation.
B12	0.01955363908032085	0.022655952041406104	0.025809130893425822	0.02904813030585627	0.03232680695909018	0.03547434110576532	0.03882102473048856	0.04219518461037653	0.04524902408524482	0.047439521246480425	0.04887534120041833	0.050023198192489876	0.05100177561200413	0.051819825846858326	0.052622363082614546	0.05405138323116385	0.0569105200097058	0.061120498687256976	0.06599707163735313	0.07125944432002818	0.07723863478715497	0.08439271617837935	0.09289362589619055	0.10256782503068468	0.11337954085028312	0.12521498536141532	0.13821492712867653	0.1524837100110129	0.16796902473235548	0.18472263166935407	0.20274098330118923	0.2220954832425289	0.2431816277815809	0.2664034551751859	0.29251581481699923	0.3219245727838644	0.35392859309996766	0.38807864953915144	0.4245207572223287	0.4638174579349351	0.5062498589277138	0.5513083288411895	0.598914034903971	0.6503091102209295	0.7053930066075227	0.763787519346646	0.826964250020686	0.8937440594951713	0.9610980380535065	1.0288863993458033	1.0982893042406314	1.1685798283145297	1.2382711033357177	1.3052158099117932	1.3693530393938556	1.4324172475190875	1.4939561755155928	1.5552540155659016	1.6162238642656974	1.6768923025516917	1.737251703376963	Baseline growth without any supplementation or treatment.
C1	0.0026873307944031504	0.006801560177077933	0.011059206181275805	0.01540142167442703	0.01975584457759619	0.024090505136206513	0.02941920342116587	0.03565004722348613	0.042416580540041056	0.04929195178191772	0.056246345034013955	0.06322985726158382	0.07020060156593547	0.07702318078559979	0.08374878071153888	0.09070056668568985	0.09832805314073845	0.10687486157513781	0.11656822003256248	0.12760156699514785	0.1402603958928458	0.15450101913950476	0.17010895744887686	0.18706482757792955	0.20543686059779964	0.22524221524519475	0.24660543256337997	0.2693313308241295	0.29360655668279884	0.3200359722500808	0.3487878091508498	0.37961575113544216	0.412854711996607	0.4488157614710706	0.4874940429846987	0.5291810171660377	0.5740488228518711	0.6212126235436489	0.6704065130076321	0.7225803609293109	0.7781789364095593	0.8363229604073514	0.8971578225203103	0.9611074296848207	1.0269296967611905	1.0942413644760673	1.1619225935378394	1.228670932036988	1.2946607460380863	1.3597181946287464	1.4232866726206999	1.4843364863707094	1.541007822991559	1.592865714251981	1.6413495821069717	1.6885451276144559	1.729976566622257	1.7707503400967717	1.8108315814557097	1.8503224378974399	1.8893203120613073	Growth with 10 mM proline supplementation, no lactic acid.
C2	0.013839106576220795	0.016104499468990136	0.01837703034788112	0.020661196909987606	0.022940093138598575	0.02518539982528688	0.027266333361931943	0.029361864112201038	0.03177725819938313	0.03443416432309039	0.03709847434712165	0.03996965083667579	0.043655080449153144	0.048393285786373724	0.05390986618425979	0.05987846527807182	0.06615710586582377	0.07278613735434673	0.07998587158889268	0.08775863349367578	0.09591869265285731	0.1043892705350941	0.11335037254736952	0.12310668796266329	0.1338839192106417	0.1455422289957494	0.1577953474637641	0.17080140522920206	0.1850178182810809	0.20076122051815834	0.21782521070496533	0.23607867536581234	0.2554862594396952	0.27644139915769983	0.299459510257529	0.3243111942027427	0.3504780526425686	0.37812998541607745	0.4077332775660193	0.43948583343066366	0.473104134297485	0.508315063120474	0.5455503381464306	0.5867643703925585	0.6312811189084768	0.677903552651842	0.7272318698686244	0.7783916725849354	0.8309604775502413	0.885494595889654	0.9421572254681614	1.0004958162757158	1.059905938542581	1.1209586002705507	1.1834530370788197	1.2460501432129714	1.3084921594972045	1.3710392649007028	1.433573222558071	1.495985607316046	1.5582052202935808	Growth with 20 mM alanine supplementation, no lactic acid.
C3	0.03868453653071155	0.04079907267086037	0.04314805841102146	0.04576715627686275	0.04863655904373153	0.05161639992352782	0.05650790230929903	0.06264053980646477	0.07073457522473779	0.08059186260794879	0.09091614267329616	0.10060708344152608	0.10990722091615462	0.12001440462278812	0.13114297340149392	0.14266208735020808	0.15420372753359804	0.16639127012674154	0.1802770151479054	0.19611632959352132	0.2132059504758511	0.23108670794808783	0.25033907037981	0.2716851403948056	0.2953779608526124	0.32143613055542375	0.350013622183136	0.38095034572345815	0.4154206024769288	0.4544808153733775	0.49738897197469933	0.5436787711895976	0.5935151664403423	0.6471338081039035	0.704613967979855	0.7659985491909633	0.8312366198361096	0.8990077829638491	0.9687618319466544	1.0407016341278843	1.1138976725368492	1.1873884077972534	1.2609394562978578	1.3339737608823103	1.4040206248323512	1.47032639028507	1.5339283285079095	1.594711475327389	1.6527208595410494	1.7089112655467877	1.7624513289707255	1.8108233812560655	1.8525575788307873	1.8924818753071986	1.9310918063479605	1.9680812833923298	1.9999203257906566	2.0316121718467928	2.0628536672537874	2.0936157470255132	2.1238194191352138	Baseline growth without any supplementation or treatment.
C4	0.009649008590460547	0.009694217420349786	0.009740672497932486	0.009780462229939746	0.00981335380785567	0.009853770177075153	0.009930596967205064	0.009955049317027833	0.009766325503396884	0.009319520667342231	0.0089289704628787	0.008823169209575618	0.008849142363302477	0.00884826743942718	0.008818123033458313	0.008920409815341904	0.009315582083965313	0.009702236236915381	0.009471430367840357	0.008535985882324779	0.00723745248953975	0.0059323089085824	0.004761315669472507	0.003944017482481908	0.003621785743424185	0.0038675184841078162	0.004745105958968754	0.006044684789978508	0.0074033254987726374	0.00856767166498229	0.009300837365985524	0.00959433831465798	0.009639304801932643	0.009565311573016976	0.009262165519701233	0.008767877209033695	0.008127359042001047	0.007352249521963422	0.006426662886732495	0.005392373182363245	0.004436091365570946	0.0038048604481244024	0.0036806883676256128	0.004043633691578113	0.004698077195118448	0.005577165255633568	0.0065504960490596715	0.007501633474130927	0.008242306112678156	0.008613959560940984	0.008607617484371033	0.008302320657401344	0.007768857487535022	0.007099427024241938	0.0064626890398578815	0.005940443506352074	0.005652600143908214	0.005357080978087615	0.005080006920926049	0.004835258921888699	0.004615453932175471	Media control
C6	0.004162346703158105	0.004910465175127645	0.00556516855091319	0.006114480016659525	0.006608981269829201	0.0071848895390676185	0.007688417070338712	0.008190945890294876	0.008638496938782492	0.009457327399433243	0.010930130476149309	0.013187179916095521	0.016124994849516863	0.019430400920094532	0.023089661501337733	0.027207188135365993	0.03187254754142846	0.03710958873847958	0.04290567461442706	0.04935176674166352	0.0564047828815507	0.0640312648156825	0.072348241090933	0.08127059665568172	0.09065448080423091	0.1002713673994363	0.11016658911166596	0.1204603608248258	0.1314867988471495	0.14349454014123905	0.15687368153509734	0.17155746365283206	0.18769183058757274	0.20537885661580765	0.22497468671263748	0.24623860000342115	0.2690140135734556	0.29296090330876395	0.31803094500468115	0.34441662973236326	0.3724402260520375	0.4022964433009893	0.4343819982986537	0.4683340713556917	0.5044149774784868	0.5429479304076992	0.5835228842810422	0.6254799461608427	0.6686734080752615	0.7137164456356735	0.7601625907035984	0.8072741916864242	0.8554125150888948	0.9041598318703062	0.9536037219837957	1.0042914812702792	1.0554637068305712	1.1063418837715984	1.1572092203099045	1.2081245973183257	1.259047769873421	Growth with 10 mM proline supplementation and 50 mM (S)-lactic acid.
C7	0.014245675377512809	0.015665759324301316	0.017158203003469878	0.018737975747391965	0.0203916306658735	0.022109825692189184	0.024994917399834043	0.028367299270323436	0.0318950762951833	0.03539943634146964	0.0389522184056981	0.04242514437698264	0.04550529318608701	0.048022711657530165	0.05046380633280753	0.05359374257786916	0.057634214303794	0.06244132738960227	0.06780868750119894	0.07392853304677659	0.0807895051070735	0.08840080711441105	0.0967556637445787	0.10567175099543916	0.11529652984669816	0.125817868945179	0.1376206809539562	0.15094157053649038	0.16599278545817509	0.18295967444075031	0.20202829246616733	0.22319686107021586	0.2463648735861191	0.27137895972073744	0.2987986550835044	0.32866928611650176	0.3603743526240573	0.39343666556551526	0.4283769170999324	0.465997576328603	0.5062877861527798	0.549253074306742	0.5964499857361272	0.6472821899771158	0.7002502654636552	0.7559173506180076	0.813538237826209	0.8726021031480714	0.9333303740320757	0.9954786379971909	1.0577907920469865	1.1197280315826548	1.181400610427981	1.2420402152765313	1.3009135704726007	1.3571919949101203	1.4084822824572696	1.4594039733099995	1.5099890249886294	1.5601340465054088	1.609721794473227	Growth with 20 mM proline supplementation, no lactic acid.
C9	0.008993961569646505	0.012251536739775032	0.01546784737759303	0.018661971821673857	0.021844008346944603	0.025015601164044943	0.028011757538989674	0.031070234860967275	0.03445843094906145	0.038228567548519186	0.042428560886054796	0.047111901273864575	0.05224552784159995	0.057773725686732294	0.06364480186134111	0.06989934078530927	0.07660763777813419	0.08384626173601521	0.09183117514774876	0.10088303380047094	0.11120680798388209	0.12290616418035141	0.13604043732658666	0.15051750838031103	0.16627180384577064	0.18304357859131154	0.20062432245421344	0.21903737181692404	0.23853289710353906	0.25910667153636907	0.28057634358736433	0.3030999926081118	0.3272163619124665	0.35393771154176407	0.3849258563881367	0.41910483374762686	0.4545816275367924	0.49109295904115796	0.5298556818677862	0.5716083968244838	0.6160246181788416	0.6623543769572775	0.7101416960348143	0.7597269993981778	0.811468097790939	0.8656200536924378	0.9214522925824857	0.9779927170295613	1.0350769244033864	1.0928173703773747	1.151403924843956	1.2100766017374645	1.267360346271523	1.3231620042672916	1.3781449691359224	1.4322100721744828	1.4834157257750984	1.5341002326361894	1.5842751679007392	1.634026548007632	1.6834342440483434	Growth with 10 mM proline supplementation and 50 mM (S)-lactic acid.
C10	0.023324221151481556	0.028053197953013413	0.03256711882158825	0.036914697644284074	0.04115663495930493	0.04542657956843906	0.04851495455023597	0.051451608278511626	0.05447558244303656	0.05695628285500888	0.05894426573152646	0.06110212458933817	0.06391997966242287	0.06708319538183953	0.06970933709608322	0.07157280548911968	0.07333180470967057	0.07570848101515258	0.07879797029597538	0.08228601176922896	0.08644149834690572	0.09213571668960677	0.09987201087569707	0.10965796427979406	0.12121460979684315	0.13410694277702984	0.14782283002255553	0.16225289501406873	0.1778642825281062	0.1950670581876523	0.21408310199472422	0.2350413704240636	0.2579263741180541	0.28311744636218256	0.3110470084918818	0.3411954433816984	0.37307778574460027	0.40658214411648563	0.4420509201836605	0.48093775063904615	0.5233678369101479	0.5687447965610395	0.6167858660786784	0.6673427080025236	0.7204273132285988	0.7756011577838572	0.8325312512239667	0.8907389882181302	0.949629842225653	1.009465376577948	1.0701525273879784	1.131282044118674	1.1928004440074724	1.2541101044874916	1.3134863453296732	1.3707492365081104	1.425035633736572	1.479427260449045	1.5336373224305881	1.587527301249649	1.6410539594355544	Growth with 20 mM proline supplementation, no lactic acid.
C11	0.030432409615240838	0.03354227291240177	0.03660919147049513	0.03963973078670302	0.04262638643127954	0.045548657560843496	0.047917157737624415	0.05021034665552629	0.05269275774732687	0.05531043720540406	0.058046633840597994	0.061051773688625105	0.06445527264419885	0.06820588946692208	0.07216816216056264	0.07624704665920412	0.08049780404143927	0.08504504989004953	0.09012065634435154	0.09595377036280901	0.10267885286578562	0.1104000530306497	0.11927972562459992	0.12921878085805194	0.14019701231294243	0.15188847834271138	0.1641010675370163	0.17696816856701325	0.19065324479388412	0.205201454763198	0.22049245971267076	0.23674686396324685	0.2546614218278874	0.27453500518258506	0.2967190041673596	0.3209929049447055	0.346544175768082	0.37321895737069166	0.40117515777788565	0.43047285932956586	0.46146938158938716	0.4938416797178323	0.5274360572347974	0.5632284368430223	0.6018931723845623	0.6436882738635321	0.6888265843009578	0.7362817839001666	0.7856160733690819	0.8372419799774046	0.8917886512640942	0.9491626967031362	1.0074410445070325	1.0661201219256806	1.1252417644356376	1.1844520848067195	1.2436920190280527	1.3028930278955528	1.36207328202606	1.4212368393155972	1.4803543832116781	Growth with 20 mM proline supplementation and 50 mM (S)-lactic acid.
C12	0.008373947183179036	0.00933335561915349	0.010363718139910367	0.011452751424626748	0.012574143028353387	0.013713597018213598	0.015302311914113256	0.017130274623520705	0.019231888787054795	0.02141203113919332	0.02348870575729187	0.02544691289592407	0.027406444829622383	0.02934508222290221	0.031156569191179127	0.03289786424817552	0.034678082847101464	0.036573052569369865	0.038675827182550956	0.04108084291278102	0.04379488734698659	0.04692853907158155	0.05073777517327373	0.05516530046757424	0.06008271485213054	0.06530981365129376	0.0708008639402131	0.07659548043367785	0.08270980508475652	0.08922962149101914	0.0960353331300457	0.10307174955563984	0.11068133802498513	0.11924578095491749	0.12887453210328828	0.13927301418515808	0.15005302957630592	0.16120431751127992	0.17275418003253926	0.18488722389287757	0.197894489005086	0.2116180947638002	0.22580090761658742	0.24059318866314724	0.2561591431763803	0.27253430570532583	0.28970167475529757	0.307473917809376	0.32562901337339956	0.34426918868158407	0.36359547989989277	0.3837060088245329	0.40506108253564843	0.42750971638102137	0.4507318527252844	0.47466741396003315	0.4992760710852182	0.5238352440324697	0.5484346222288965	0.5730839868221705	0.597753814706186	Growth with 20 mM alanine supplementation and 50 mM (S)-lactic acid.
D1	0.003526659653111608	0.00486341149116383	0.006221412192852289	0.007632841462511381	0.009096285622534053	0.010500281021390457	0.011836032014737334	0.013211948504842948	0.014801101546510141	0.016544874972598402	0.01837986764313255	0.02037688550956189	0.02255339655906848	0.024799109157629257	0.027155012962090642	0.029817833619952928	0.03274567048345414	0.035707770451250766	0.038647580260294655	0.0417304421178822	0.045159466261851786	0.04899279006326981	0.05326298685472952	0.05798806038268593	0.06326968877708145	0.06915731891143685	0.07549300720589738	0.08213630431283847	0.08919368426778095	0.09682583188418699	0.10502468064773728	0.11368188205347697	0.12296221606727524	0.133121242595053	0.14429229618359676	0.1564818358597029	0.1696850115928584	0.18377399835596295	0.1986298000514106	0.2143243209759946	0.23102809782401662	0.24867246704155574	0.26705972935856864	0.28627578701078443	0.3062129928583532	0.3268609552783327	0.3484822295477861	0.3709342123952135	0.3939978740445682	0.41788080879344836	0.44304642284012463	0.4694783935810512	0.49660083229881036	0.5244463368227604	0.5530337048246284	0.5822078465658493	0.6117164346699638	0.6411117825529882	0.6705117534462529	0.6999419146966704	0.7293816420787389	Growth with 20 mM alanine supplementation and 50 mM (S)-lactic acid.
D2	0.01096084937338395	0.012808978028850069	0.014795609483864212	0.016869867418538475	0.01898630120427104	0.021169322315865696	0.024367929182430272	0.028003998925875236	0.03186914963940912	0.035929400184835605	0.040169949164446314	0.04461565332071915	0.04940718219049046	0.05464523680486404	0.06052916531131684	0.06717309697005128	0.07448559262924634	0.08240039109022916	0.09104906770908326	0.10068969978305532	0.11144617482022637	0.12332757203561037	0.1365529343731415	0.15087926060717624	0.1663310184647127	0.18320718333036862	0.20164985707298533	0.22127609614795393	0.24184165179082548	0.2634696865066191	0.28665582773372655	0.3114015276332441	0.3374667728146974	0.36421598712508463	0.3917466861312106	0.4206427525567603	0.4512722067746344	0.4835072011344131	0.5174159786741805	0.5535273144331597	0.5924444428523258	0.6349698374863119	0.6811578601501825	0.7297767187896671	0.7800080694576497	0.8324787252531729	0.8868944152252302	0.9426072384032911	0.9987472649003694	1.0547978392963882	1.1111678490374137	1.1686299697678924	1.22669332758495	1.2833971863197844	1.3389490849706074	1.3938925536935802	1.447517146940114	1.501103129164148	1.554349053383723	1.6072171477083104	1.659720014241843	Growth with 10 mM proline supplementation and 50 mM (S)-lactic acid.
D3	0.009546659289841785	0.009394168896022216	0.009203301094991824	0.008940186118290804	0.008591589211206261	0.008231505504311206	0.007641173568985381	0.007257607033979675	0.006959906777851405	0.006545144728733777	0.006320702699952638	0.00648188054236271	0.006924669810036478	0.007543786117321823	0.008018344871975686	0.00823615985903935	0.008408563590063953	0.008638380384114432	0.008665758327305479	0.008362479872444048	0.007964671847400583	0.0076846473140293825	0.00746556045667971	0.007162705172381198	0.006665373188719814	0.00615858956142392	0.005712800963674153	0.0051364439641321405	0.004490227376072864	0.003851998420982949	0.0032949094705862236	0.0028606292653136	0.0026418617473916305	0.0027740990763955695	0.0031147383805433986	0.003511924628662945	0.003916843527519607	0.004374201968705053	0.004921522113649417	0.005598541611286879	0.006476336463931086	0.007411655718726272	0.008217244496051646	0.008843158248632174	0.009285975635405452	0.009553509063014358	0.00963055122353911	0.009493361962265955	0.009217955759239284	0.009019749482487514	0.009042385092831937	0.009324245851700134	0.009759023871207148	0.010001054434153773	0.009940593239600781	0.009743882212192738	0.009455567499273914	0.009199855272036622	0.008892837496296362	0.008529886523951589	0.008124864995451252	Media control
D4	0.03319985619311907	0.035992620460294944	0.03870098631550607	0.04137465408285481	0.04407370385765154	0.04682962967544561	0.049377629333816356	0.05204759243186517	0.055114417431045136	0.05881162828525575	0.06327222131542444	0.06874425177857044	0.07550108171223861	0.08380729510581011	0.09383800769033461	0.1054172096069671	0.11868190201973366	0.13357083427298058	0.14966554319075795	0.16680827891198066	0.18463152339930614	0.2027676594760613	0.22125426426730765	0.240967544670386	0.2626397396737691	0.28598397995642016	0.31093156193358346	0.3384395344986577	0.36849101185014455	0.4008705454884709	0.4360180626494551	0.475277923185837	0.5177311334020575	0.5622044000285519	0.6095469122074789	0.6598695433495407	0.7124914222617558	0.7678878021764094	0.826533550433766	0.8890498805348461	0.9546342461845624	1.0221771653538416	1.0910450145097672	1.1606785641558661	1.2307964863474814	1.3012557347913452	1.3714854513608812	1.4406316149633247	1.508194385211513	1.57521210081419	1.642174443480107	1.7076179304215968	1.7617217368241598	1.8116149514475932	1.8626704487719055	1.910293866511696	1.9544752536209113	1.9986615688997893	2.0424461896207617	2.0855541512221745	2.1278908761414432	Baseline growth without any supplementation or treatment.
D5	0.013799412881141495	0.01585429352043054	0.01803543120929057	0.020271766772329558	0.02246633591265995	0.024552338175354776	0.026949501570067088	0.029426527049721787	0.03157583224800668	0.033466711583625436	0.03536407599549406	0.03766012907086347	0.040740772664673484	0.044665819549613364	0.04975987272501991	0.05667277604881386	0.06548154278044917	0.07558200223827703	0.08626547873832698	0.0975280695602392	0.10945230619277257	0.12176988048808668	0.13430187616835357	0.1472887262412273	0.16134435448381698	0.1766807192932677	0.19318976053172532	0.21133562404099057	0.23157577797303525	0.25360035934260805	0.2772273591609548	0.30299204328549356	0.3310267684634062	0.36233237269500645	0.3985495016797401	0.4395793563952736	0.4834511971923682	0.5295564073138029	0.5790517246390624	0.6319927326386019	0.6874386281080564	0.7451264672096469	0.804470563399431	0.8666060445809374	0.9322132185531845	0.9999127606792546	1.0691631794785246	1.1396069422254615	1.2108507217435867	1.281883144104198	1.3518310776422766	1.4202234503610127	1.4881351360894117	1.554253845691419	1.6111550773527696	1.663385242362543	1.7143545539147522	1.7663551112354048	1.8183019274481502	1.8699647702261264	1.9212070041189075	Baseline growth without any supplementation or treatment.
D6	0.03318212344678768	0.03288412908074809	0.032537512580805596	0.03216435453613864	0.03178597593204254	0.03139810819980044	0.030916417281237837	0.030841338709914602	0.03140932897748508	0.032867992531307066	0.03532902179856285	0.03883394857764376	0.0435465017059808	0.049156582548746774	0.055056850796213974	0.06093485166233726	0.06678780222494185	0.07247130027660774	0.07784141730416735	0.08343829160555544	0.08956229882981252	0.09620104121780738	0.10371827266434831	0.11220683314705422	0.12173752307066704	0.1320446677860536	0.14305250128540672	0.15466691158363371	0.1671669053647086	0.1811753021424075	0.19683029993325585	0.21380554014886277	0.23235655830117213	0.2530313816332611	0.2764915039694373	0.30236377028199973	0.33003571178679253	0.3586966188516672	0.38823195719081577	0.4192218939116007	0.4523813561793535	0.48804911155453823	0.5261851084550215	0.5662750306404293	0.6084409482042903	0.653373956018501	0.7010674099272733	0.7510885302739495	0.802976365971372	0.856389866005807	0.9113024393244717	0.9683719490325773	1.0277969267191558	1.0889537291724947	1.1514539639858385	1.2135071952709953	1.27355211931269	1.333925154224028	1.3942486746593308	1.4542021472716624	1.5136401145414948	Growth with 20 mM alanine supplementation, no lactic acid.
D7	0.007917204491618406	0.01033695351330622	0.012911013485591656	0.015602098554019797	0.018390751058927957	0.021338344796798945	0.025529170549145695	0.029798803446963226	0.033937918442052094	0.038340002459397726	0.04311519486062225	0.04795164023497928	0.052772978297305734	0.05790319476468463	0.06383485137161939	0.0707703870018493	0.0784767574034259	0.08691761841976799	0.09629376245051538	0.10690563873971948	0.11869881867713541	0.131688416758828	0.14615797437150632	0.16202245017306866	0.1788487879273998	0.19643662132087303	0.21502985320584114	0.23487378247597998	0.2564464291486032	0.28049377966413847	0.30741733464024185	0.33694454731559254	0.3693356481492586	0.40486739394635557	0.44374469627541496	0.48603253183108325	0.5315145521330819	0.5791005833338603	0.6285008655718213	0.680841875176476	0.7365795924613152	0.7944887568957889	0.8539891934271151	0.9154851166656056	0.9784228774976691	1.043006631105696	1.1087297983594175	1.1742324600194654	1.2395114281549218	1.3046308182358626	1.369430705274923	1.4335179441373351	1.4966516147590725	1.5567170872091949	1.6086386268557809	1.6544908406946206	1.6983136450270848	1.7441448148460283	1.789944022231226	1.8351401650066803	1.8795015879150858	Growth with 10 mM proline supplementation, no lactic acid.
D9	0.014027258613076644	0.015472868638441158	0.01692367797381483	0.01829909527251939	0.019580345736033736	0.020935101650627685	0.02289933094535299	0.02544076742027943	0.028079820077659242	0.030808457176179267	0.03391552226216247	0.037560680447809705	0.04189268855083217	0.046677579253894416	0.05164053608747941	0.05699335958420022	0.06280989899044036	0.06909589300153424	0.07556835394662854	0.08222595090361186	0.08917513570685685	0.09680784515593284	0.10598034689907161	0.11675069557778221	0.12901987840641602	0.14287098474502252	0.1584456536554755	0.1758630295512741	0.194700854605216	0.2149485451219306	0.23718693450148018	0.2617009818854311	0.28872405106249893	0.3179814130984182	0.34948251384440004	0.38346705101217315	0.42032042484317794	0.4600189900794972	0.5025216769180276	0.5485404640009967	0.5983554082682784	0.6518504348099043	0.7095683489167707	0.770984426188348	0.8351473174513075	0.9016361861155212	0.9698361436287616	1.0387909243840425	1.1078868100313253	1.1761051484413925	1.242728307861729	1.3081829894335466	1.37272944780386	1.4350022318288382	1.4929560501949253	1.54910363200483	1.6035589552108833	1.6585237566506925	1.713431993382415	1.7680008657874082	1.8221031782285197	Growth with 20 mM proline supplementation, no lactic acid.
D11	0.00761667821456749	0.007462983567986337	0.007306103294040848	0.007184509763989394	0.007125303046525721	0.0070673816146954605	0.0071064264508151195	0.006962411084034682	0.0066663119530239075	0.006411356527469141	0.006277974806381078	0.006011209439263954	0.005469516896746414	0.004866545139713889	0.004646452426964013	0.005167005521766395	0.006313117873041674	0.007730535807532045	0.009376841160459488	0.011470083642731992	0.01408376278257659	0.016792156214461732	0.019181061355588856	0.02132075653759909	0.023332127755194543	0.025092018624341933	0.026322158992302246	0.026773485280471323	0.026634137441941593	0.026405876090490683	0.026308642464809007	0.026220308110311258	0.026086014623779984	0.02604098703548588	0.026150363411379954	0.026361809114383038	0.026500862502312178	0.02641171379747253	0.025933296384237053	0.025023359936059347	0.023956584861942513	0.022910792664271325	0.021921492253439933	0.02072886452320441	0.019198241611704626	0.01753144209011749	0.015867405971727044	0.014171217277011651	0.012278236051011665	0.010257391474514987	0.008530563661394337	0.00831074273493595	0.010106918572123319	0.011528737226837359	0.01260547447184646	0.01382415188090821	0.014737698403649985	0.015445007043014193	0.015933011749772998	0.016178849634684658	0.016159207614123518	Media control
D12	0.0024272701375676747	0.0028566938318307106	0.0033629309984858358	0.003925086826342291	0.004522577557028014	0.005145585720486885	0.006405863554893	0.008113979702185681	0.010240006457038127	0.012823470416800929	0.01577825358559665	0.018986128828576438	0.022453357706992704	0.02611919536462523	0.029972850723901278	0.03400454460573346	0.038205860409950124	0.04262833165363272	0.047455000146377484	0.052894430484631355	0.058964357563982946	0.06564881020715484	0.07316162064604974	0.08139841426353525	0.09024794758478251	0.09961393220517419	0.10968308333372097	0.1204676940706158	0.132020256937482	0.14462144377785496	0.15873696311092617	0.1746037509318389	0.1919396010514082	0.21032392988004708	0.22980244260285415	0.2505622257110048	0.27322112947286165	0.29768507288963947	0.323583742847882	0.3513160342404714	0.3806796105930212	0.4113104899832605	0.44310003717204194	0.47435850166123156	0.504339064199467	0.5334170184930549	0.56102471046624	0.5873851359170063	0.6159840655037097	0.6451363491464004	0.6751029704342133	0.7061117113761297	0.7363627987172381	0.7742407333573389	0.8185849338926394	0.8635823247586606	0.9084512635584334	0.9532463031308805	0.9980627934214921	1.0428829868013647	1.087697465101467	Growth with 20 mM proline supplementation and 50 mM (S)-lactic acid.
E1	0.01163717400893186	0.014679275826228013	0.017800141696498902	0.020969608934943283	0.02416394848687427	0.027396549677384818	0.031069624535625374	0.03477829821820589	0.038332537629426754	0.04189904134865689	0.045640444091819714	0.04963921864249087	0.05405022740755853	0.05897404169026859	0.06453599392983951	0.07084568178250712	0.07783241883535916	0.08542372451895702	0.09374779987222427	0.10292578947390202	0.11300428315181996	0.12391970986621641	0.13583053119502703	0.14893176602851663	0.16323463108894212	0.17865553214276947	0.19501433516817188	0.21231802685726092	0.23090771560610307	0.2507611097511527	0.2719335349051221	0.29477774311698696	0.319359133384074	0.3454922399763598	0.372692317599856	0.40026757904246846	0.42799275496580624	0.455777600024651	0.4819115053868151	0.503252280201479	0.521741673836795	0.5385698285198764	0.5558143577578785	0.5775619331892059	0.5992192730418229	0.6246655687921506	0.6616285606756123	0.7008421633138223	0.7342694070571436	0.7734575349505143	0.8224787944803412	0.8725282749418899	0.9228691191988847	0.9737866782123394	1.025224131237333	1.0769592471990217	1.1283264641743678	1.179382571601518	1.2304276109426513	1.281550998722347	1.3327178014133447	Growth with 20 mM proline supplementation and 50 mM (S)-lactic acid.
E2	0.009999999999999998	0.010000000000000004	0.01	0.010000000000000002	0.010000000000000002	0.010000000000000004	0.010000000000000002	0.01	0.009999999999999998	0.010000000000000002	0.010000000000000002	0.01	0.01	0.009999999999999998	0.010000000000000002	0.01	0.01	0.010000000000000004	0.01	0.01	0.01	0.01	0.01	0.01	0.01	0.01	0.01	0.01	0.01	0.01	0.01	0.01	0.01	0.01	0.010000000000000002	0.010000000000000002	0.01	0.01	0.010000000000000002	0.010000000000000005	0.009999999999999992	0.010000000000000007	0.01	0.009999999999999998	0.010000000000000002	0.009999999999999997	0.01	0.01	0.01	0.01	0.01	0.01	0.010000000000000009	0.009999999999999993	0.00999999999999999	0.009999999999999978	0.009999999999999995	0.0099999999999999	0.009999999999999922	0.009999999999999887	0.010000000000000061	Media control
E3	0.0038017732958143297	0.006296538826662773	0.008889126960226763	0.011546608414671661	0.014222738776523419	0.01693079970225113	0.020079254292514725	0.023297646044264934	0.026427233845082273	0.029356676865524838	0.032187331326372845	0.03528253590316745	0.03900015795566604	0.04335300896252765	0.04827377604853073	0.05381267050318689	0.060071460389340074	0.06715355373279497	0.0750430978197167	0.08376387654207212	0.09342173570931499	0.10407321268050213	0.11588896032253167	0.12911223313826914	0.1438056105878868	0.1598053498029454	0.17673446132115336	0.19494939117280058	0.21489577773816243	0.23638564178600754	0.2593103243588956	0.28387360663098243	0.31021279645154337	0.3385269078234693	0.3688833535154124	0.40100360326916545	0.43494641476155643	0.47281419253422724	0.5150058959737025	0.5602914705446759	0.6075934288344352	0.6566474268479242	0.7082041127198957	0.7641100764667591	0.8246590081695472	0.8877495402604287	0.9525804745684616	1.0181445658730754	1.084044003795965	1.1506226684044103	1.217521971870297	1.2842826474180637	1.3515477103195286	1.4195654782015468	1.4880380656930319	1.5564364198124172	1.6248608847872297	1.6934932574017636	1.762184325583139	1.830778271037929	1.8991887624070931	Growth with 20 mM proline supplementation, no lactic acid.
E4	0.008610980888512159	0.010886218072178837	0.0132043844941089	0.015542824799192726	0.017920815828226907	0.020427706953421994	0.023507623356073763	0.026565731097896374	0.02950054606520874	0.03274093641960556	0.03650008585472398	0.04068248138604232	0.04525905293885878	0.05034177346671242	0.056130529522541925	0.06277516363075383	0.07029534787508578	0.07871381364377689	0.08810811143844527	0.09849535660320172	0.10982838952522155	0.12208922190770828	0.1352205805717638	0.14916030408908726	0.16370190614381983	0.1785692199379843	0.19372264857789104	0.2098084645392025	0.2274186864030453	0.24640407560251135	0.2665555253154356	0.28814340163407964	0.3115735894703563	0.33724697454858726	0.3653918132001298	0.3953640036473518	0.4263352410779224	0.4588538653983882	0.49320701602692385	0.5293009615131641	0.5672801215784885	0.6068271824561441	0.6476438881862572	0.690861855556074	0.7375167719868891	0.7877414755975886	0.8429730969471187	0.9009259675128733	0.9591585675657495	1.0183306241858512	1.0801072802673797	1.1449430776175027	1.2105969909997012	1.2757071659190946	1.3388933313529534	1.4014045038869254	1.4626906301360287	1.523828252168088	1.5845816971300184	1.644971919050575	1.7051201235328541	Growth with 50 mM (S)-lactic acid, no proline supplementation.
E5	-0.0002978741793883471	0.0012616684880095287	0.0029004355744718276	0.0046158945395616555	0.006418213463249969	0.008319271833362965	0.010908606758407161	0.013582645135072423	0.016314058922692748	0.019302072934014147	0.02248868833920017	0.025697411055991087	0.028918014656396453	0.03232447323860696	0.036106316060371485	0.040462140677223514	0.045473613046236136	0.051134440729506875	0.05748226060165265	0.06448796168550616	0.07204967643083066	0.08006462465460804	0.08850726886176578	0.09750611587551951	0.10683314405675472	0.11618640283023686	0.1255405633667879	0.13535584712081572	0.14621197990772297	0.15795576360426064	0.1705850202743662	0.18462801425630188	0.20018863581895674	0.2173497058235221	0.23626843172161657	0.25658365139347944	0.27759011124575955	0.29902013370521907	0.32076579475807326	0.34267747905563606	0.3649144962820722	0.38759634438600454	0.4105881816899745	0.4344029407039982	0.4593497424226851	0.485481201352697	0.5131997279065361	0.5423730831476161	0.5725618427054193	0.6036220097452516	0.6364364897758422	0.6710900362672844	0.7067444952041841	0.7437525687577772	0.7818547763789397	0.8204824556813647	0.8596600651091361	0.8988445629813551	0.9381670625876634	0.9775868181599041	1.01704468457927	Growth with 20 mM alanine supplementation and 50 mM (S)-lactic acid.
E6	0.00691725196162783	0.009133784547426133	0.01155141033403605	0.014127393028737164	0.016814562267503025	0.019605327528835655	0.02389103627012186	0.028601009351360795	0.0334879842137349	0.038651250630474	0.04414514846347233	0.050094695603831625	0.056766154233783554	0.0641065693154657	0.07241387576684095	0.0823293258854158	0.0940576431793169	0.10721359715760746	0.12121537099527643	0.1357943530018208	0.15091509758045463	0.16696175859747184	0.18436079043772632	0.2032258567579094	0.22355904295413345	0.24518618067097084	0.2684104141846922	0.2942630822234517	0.32355640334707153	0.35603296314869576	0.39091083861643694	0.4283157957988929	0.46819367368004955	0.5115282181456157	0.5599367731725042	0.6127502319571702	0.6681059784053328	0.7258657514648792	0.7865971252383218	0.8507545234212178	0.9176532676328462	0.9869388248246034	1.0578483649691623	1.129738491650514	1.202834180498385	1.2766888563896714	1.3503313042253844	1.4222588187666336	1.492317369482642	1.5610111799460433	1.6281820380512744	1.6937612351143598	1.7567035213314146	1.8140890312889038	1.865577951314996	1.9154886123698	1.9633554185037327	2.0115627506906084	2.0593361621314203	2.1064254421296487	2.15286377012566	Baseline growth without any supplementation or treatment.
E7	0.010501666933571862	0.010296172827968787	0.010057547271597515	0.009783113271899832	0.009474529177272633	0.009141443025769606	0.008936179711823068	0.009162029875968878	0.009904652300491023	0.011227884106098132	0.013308185775720576	0.016390084505503624	0.02047703239246971	0.02531925855286535	0.030561222027395654	0.03620506493306938	0.04248469284779519	0.049348045599882394	0.0567502669740843	0.06499157419805288	0.07416893201569959	0.08438317081277445	0.0958266476957259	0.10838771129544016	0.12189269989903051	0.13612569727975357	0.15132374208427832	0.16740255133350132	0.18447020083407856	0.20306380645184735	0.22349701357142965	0.24547697524600376	0.26876833710084086	0.29358039632928173	0.32026769987458725	0.3488277109436632	0.3794194634482417	0.4113271503632784	0.44453943101665694	0.4795038592007276	0.5167048765719825	0.5559584085190915	0.596439509002355	0.6383356390698606	0.6829678780443492	0.7318770723280401	0.7841094880657713	0.836780696245943	0.8899932142995914	0.9433785440825424	0.9973185233207633	1.0550455429520498	1.1140863262102592	1.1729127441006966	1.2313821210078932	1.2896143293018256	1.3470876035017965	1.4043319585721517	1.4614730131005824	1.5185195162753415	1.5754737961053484	Growth with 10 mM proline supplementation and 50 mM (S)-lactic acid.
E8	0.00402777147654394	0.006093655937882402	0.008237797917666842	0.010441642182823209	0.012672389938932615	0.014905493461247981	0.017782293679753803	0.021015742604107896	0.024469365417249637	0.02810132475157182	0.03205138707665226	0.03647859079003599	0.04136380713154458	0.046531451624016645	0.051982190961555166	0.05786127612117514	0.06430728078278374	0.07123797288240215	0.07860824715477938	0.08667296382471043	0.09565531287319957	0.10585048306764194	0.11762325810783662	0.13084336065310448	0.1453862486205052	0.1609670616142521	0.1777710852891952	0.19594066504881805	0.2153069095446533	0.2358901850519153	0.25781669007756636	0.28092766745014447	0.3054398536313479	0.33163076680965153	0.3600067121731494	0.3901852949405563	0.42170098324703276	0.45470787140799834	0.48945018784075356	0.5265333396280951	0.5659045826073685	0.6067632899087207	0.6489622658538693	0.6929997251407027	0.7390662845607024	0.7873075713785749	0.8371341243158449	0.8880515159061334	0.9399089477518812	0.992901711661673	1.0472039913263707	1.1023539266602391	1.1576996276155656	1.212794737067886	1.2678999507581354	1.3236814792825884	1.3798239046523766	1.4358810725830513	1.4917448847923092	1.5474829541319848	1.6031631359799143	Growth with 50 mM (S)-lactic acid, no proline supplementation.
E9	0.003968366256276342	0.004628569147609906	0.0054083310437798475	0.006292284592909828	0.007239757593489595	0.008213358188146745	0.010220319034536096	0.012922248012243719	0.016324070808102158	0.020303143044286175	0.02474965825007682	0.029586556702670016	0.03477413051854403	0.040146237170797336	0.04555201318292488	0.051109056719879496	0.0570224833663128	0.06334315598448474	0.0701446443954263	0.07770666537098123	0.0862799670334586	0.09606391507533966	0.1071383949175434	0.11938773541035004	0.13265398792477626	0.14674979318772313	0.16156983935184374	0.17717293911307735	0.1936489748497262	0.2107733139167833	0.22833171264157778	0.24700395646280152	0.2679550273201998	0.29098566429560513	0.3160887608418142	0.3433916827895322	0.3721769204040608	0.40256951386954715	0.4358233798087294	0.47218778643263454	0.5107493499104002	0.5509115464011828	0.5930982140389046	0.638445289450061	0.6864500817384838	0.737043314132731	0.7919932231663641	0.8513484832435398	0.9100039299963522	0.968865384962533	1.0287537525359152	1.0893426653289322	1.1495480752367881	1.2089597546959485	1.2680341294396984	1.3273220334155007	1.3866463155598332	1.4458794927533227	1.5049924029062511	1.5640651484617811	1.623165019641223	Growth with 20 mM proline supplementation and 50 mM (S)-lactic acid.
E10	0.015388004405859896	0.01937978283022004	0.0232849059503425	0.02704056437160346	0.030618330589043872	0.03416193467928477	0.03669828648374051	0.03871726504244558	0.040236172200976854	0.041419733605851196	0.042816662979616865	0.04480040884888455	0.04757200347807337	0.0513215446426784	0.05641365497449994	0.06278748521324384	0.06979722212012719	0.07713342528005968	0.08505136842792815	0.09368437009392108	0.1031634255610023	0.11351612092875521	0.12482136857292586	0.13707305815816048	0.1505233953916251	0.16504940659121028	0.1805401451405323	0.19690750116310743	0.21414081888493386	0.2323500185927855	0.252130195072303	0.2738069282509916	0.2970787818097419	0.3216799502842073	0.34785960828333296	0.37554578595814636	0.40475984802816556	0.4355121370474739	0.4679857847288254	0.5033020045730209	0.5416970270416371	0.583292202199012	0.6284373630198684	0.6765919408057862	0.7276530619311657	0.7817489467918464	0.8384649931818301	0.8971258321591299	0.9566721306675152	1.0170947977260145	1.0786660477014844	1.1414943294299926	1.2053405020519128	1.269257615303299	1.3330934183330578	1.3967299867298872	1.4592865119160745	1.521740731857991	1.584000128591794	1.645950114758197	1.707499895334595	Growth with 20 mM alanine supplementation, no lactic acid.
E11	0.02417725758263103	0.031635777602413595	0.0388941031198741	0.04604963812879313	0.053180909797551565	0.06037269557697761	0.06583104881699248	0.07013280285226876	0.07374136981111416	0.07594534470283207	0.07811038931402284	0.0803710058451849	0.08235571907878324	0.08476852632730425	0.08821098626924827	0.09193009606480632	0.0954697627230837	0.09920630590228675	0.10373568088391376	0.1097277580310133	0.11725332384421859	0.12641438953450787	0.1379218601169577	0.15230192852390392	0.16940597529014198	0.18862154109455112	0.20947977023917813	0.23177705424958986	0.2551085328435209	0.27963430922393406	0.3057118389624868	0.333363205093898	0.3624994145473662	0.39330296684542954	0.4267763209270862	0.4639442275846061	0.5050472676176926	0.5493264898976175	0.5963080720168795	0.64649074145728	0.7005252246622996	0.7587092261645236	0.8200305199109205	0.8837285035365839	0.9494526403454815	1.0169768784441493	1.0854850511138474	1.1538916923296954	1.2214421535513713	1.2872791575236584	1.3507288435596767	1.4112764793721098	1.4680830277019212	1.5217973308741546	1.573526875933384	1.6233028181087237	1.6693108380348385	1.7145242211387728	1.7594809642232123	1.8043687150990035	1.8491540713982564	Growth with 10 mM proline supplementation, no lactic acid.
E12	0.01020705939478572	0.008865954128258087	0.007493192280654899	0.006105088604859881	0.0046679816673258	0.0025178501732278273	0.005260033605562521	0.006069004352096082	0.0062255688072424585	0.0068711004092453344	0.008321563928189104	0.008334258748927905	0.00814568049720109	0.007894950236954926	0.007688446334805869	0.007686882955926392	0.00788284673260938	0.008146580750862947	0.008270951989031258	0.00840701857280196	0.008683967686907336	0.009011574490376052	0.009216516015828822	0.009282905664606515	0.009391009769165253	0.009623733760224474	0.009867544937725034	0.009980419620434338	0.01	0.01	0.01	0.009999999999999998	0.009999999999999998	0.01	0.009999999999999998	0.010000000000000002	0.010000000000000002	0.009992181747618947	0.00994317619361797	0.0098191221659957	0.009711069762767475	0.009701164944189733	0.009721818467585573	0.009721910081642813	0.009700790712420282	0.009709145702588757	0.00981582791633185	0.00994066264013594	0.009991601962691244	0.01	0.01	0.01	0.010000000000000002	0.01	0.01	0.01	0.010000000000000004	0.010000000000000002	0.010000000000000016	0.010000000000000007	0.010000000000000009	Media control
F1	0.012049472357133497	0.013271230257332131	0.01469241861824641	0.01622252187051227	0.01777974519388772	0.019395983169773708	0.0225759139021879	0.02635791322874534	0.030051990311856316	0.03357744112201598	0.03719110064067567	0.04108636514765918	0.045309962385226096	0.0497173446834119	0.05444260824155955	0.05996860294307264	0.06643097757552477	0.07361942142910449	0.08134708813024735	0.08965016031264006	0.09860984992645498	0.1080633842557919	0.11793287360166946	0.1286884582536666	0.14052957030225025	0.15290745780440904	0.1656434746172347	0.1796423421740104	0.19525662638112884	0.2118611385686809	0.2292967899176609	0.24810959343432362	0.26848465983048614	0.2906350067713725	0.31456620887713377	0.3395488150250946	0.3655611025675894	0.3935694140863172	0.4235689614336396	0.45471047157556593	0.48681940230902704	0.5199747526716668	0.554114536705118	0.5898727898475175	0.6271548083077348	0.6671547032601853	0.7143942819009004	0.7622171508735518	0.8081369046412598	0.8543367271157795	0.9052264613382265	0.9578503773517486	1.0111227688164637	1.0674793025599385	1.1252044658804643	1.1830492297974502	1.2406538803651952	1.298192632426585	1.3558282309557503	1.413462015770973	1.4709843311610609	Growth with 10 mM proline supplementation and 50 mM (S)-lactic acid.
F2	0.019509389875968477	0.02189829156598739	0.024460866793530673	0.02715147012425552	0.02986939627517391	0.03246320222149515	0.03587742290436964	0.03992211113332829	0.04419026958704375	0.048382313481013926	0.05254965215695894	0.05705559502992652	0.0623395082845022	0.06846170990773502	0.0753960270050372	0.08329733318846215	0.09227010418769713	0.10239781950145979	0.11364387056849616	0.1260882556151241	0.13972683929817029	0.1544225452879094	0.170303972932524	0.18798015732946333	0.20756773124963174	0.2286333913872419	0.2507677079063499	0.27430865955730505	0.29953403444211496	0.3264362693213699	0.3549682924122133	0.38561633902921555	0.4183851022577142	0.4530631378377709	0.4901619519690374	0.5301056907382014	0.5722389025146738	0.6175742992776811	0.6687472422052158	0.7258232337422803	0.7857696890599675	0.8479175768721439	0.9135530732480197	0.9832495107200759	1.0552667176289967	1.1282068994588033	1.200652412045804	1.271688906685398	1.3427311039695027	1.413435090211923	1.4827461080609692	1.5509482381650515	1.6172535165353754	1.681265012553769	1.7404816975698576	1.7943914403730215	1.8435515369496052	1.8928528873519572	1.9417790134204305	1.9900391615953823	2.037546721694914	Growth with 20 mM proline supplementation, no lactic acid.
F3	0.0039629859860968505	0.005465022841208656	0.0070409258405571785	0.008691342139899508	0.010394160086337588	0.012122559849215994	0.014372790747843783	0.01683036156275683	0.019454370739325638	0.022158924388960183	0.02497709261215174	0.028006148425395973	0.03134578562185257	0.03502989871471586	0.03918221172492895	0.0437798514261212	0.04873913740865312	0.05404670906536334	0.059709126813760824	0.06583941127501801	0.07243105219074036	0.07954703747094055	0.08747231277920543	0.09619111877732198	0.10564833232686349	0.11575047148481823	0.12659835858681323	0.13814644650031874	0.15026041407855104	0.1628794677203241	0.17646407549588689	0.1912020713799094	0.20677684819623057	0.2227162755957313	0.2388902494331125	0.2556251808704699	0.27309435997232934	0.29105721477539914	0.3096169078454832	0.32951041693049565	0.351198607825528	0.3743890026766417	0.3993237782539754	0.42595301613088243	0.4537711633158593	0.4828585988825818	0.5130582351548527	0.5442572544426584	0.5766011034357256	0.6096607740794371	0.64300043064888	0.6765059533063901	0.7116537611938055	0.7503620681179833	0.7910233273295825	0.8321718933282686	0.8735742523537355	0.9149281692139795	0.956394825147314	0.9979358982419188	1.0394754239854325	Growth with 20 mM alanine supplementation and 50 mM (S)-lactic acid.
F4	0.010000000000000203	0.010000000000000073	0.009999999999999936	0.00999999999999991	0.010000000000000066	0.010000000000000023	0.00999999999999999	0.009999999999999986	0.009999999999999997	0.01	0.01	0.010000000000000004	0.01	0.009999999999999998	0.010000000000000002	0.01	0.01	0.010000000000000004	0.01	0.01	0.01	0.01	0.01	0.01	0.01	0.01	0.01	0.01	0.01	0.01	0.01	0.01	0.01	0.01	0.010000000000000002	0.010000000000000002	0.01	0.01	0.010000000000000002	0.010000000000000005	0.009999999999999992	0.010000000000000007	0.01	0.009999999999999998	0.010000000000000002	0.009999999999999997	0.01	0.01	0.01	0.01	0.01	0.01	0.010000000000000009	0.009999999999999993	0.00999999999999999	0.009999999999999978	0.009999999999999995	0.0099999999999999	0.009999999999999922	0.009999999999999887	0.010000000000000061	Media control
F5	0.010424334678981764	0.01054713538029605	0.011013850794715565	0.011758278407522447	0.01269169881518581	0.0137585282396935	0.01713873304770729	0.021505663431491195	0.026599786695195034	0.032204380598247845	0.037933288656763244	0.04368381919256387	0.05016679390671311	0.05812811474588085	0.06782827352387741	0.07898124703379479	0.09137256207784945	0.1049842047395571	0.11978798616079453	0.13558942938455298	0.15187639458136118	0.1685475847641849	0.186142367943452	0.20499312401723443	0.2253884653233394	0.24752504102821882	0.2719830498008959	0.2987989243820345	0.3277922540896538	0.35910795786045513	0.3929666608490382	0.42941666871351214	0.4685169755229671	0.5103688591634877	0.5554835043454305	0.6047945930158118	0.6588201850589432	0.7171171838386727	0.7789488481763415	0.8443175802376736	0.9133988220554069	0.9860490742612752	1.061116568329829	1.137516862722587	1.214316830344667	1.2906979971701076	1.365483791337039	1.4381794616678267	1.5072108927700063	1.5724201334740435	1.6340019172377451	1.6912039141195077	1.745361263916162	1.7982936723809781	1.850049969565882	1.9009774362847334	1.951645557907321	2.002391066051675	2.053427139163176	2.104833194607798	2.1566077621061783	Growth with 10 mM proline supplementation, no lactic acid.
F6	0.014660829320035	0.018459926220638474	0.022346638999225996	0.026282698531631978	0.030254601224795688	0.03431105066649568	0.0390759438475271	0.04405486849464595	0.049057133985153954	0.054241388605148474	0.05971001739815738	0.06546550872761442	0.07164909096962546	0.07821812084037712	0.08523846100661418	0.09319628295548914	0.10217751964744082	0.1119391977932061	0.12248634158539849	0.13396545946682262	0.14641949756298575	0.15988645406079352	0.1746777836780938	0.19099870837588964	0.20850064787968484	0.2267057363985953	0.24568223014228896	0.2661047520457164	0.2879620577812141	0.31090958844879857	0.33541781928392467	0.3619868638364983	0.38946131574348697	0.4180005128057721	0.44881911402524993	0.48151192216083816	0.514975090823055	0.5490333527238227	0.5847442040819778	0.6233578354196173	0.6641816453475892	0.7069514273557284	0.7511402658075741	0.7970861734803883	0.8452738220913518	0.8962937182575088	0.9506575261297036	1.0063347495403054	1.062540257679365	1.1194262507823163	1.1764765148186842	1.233313499984513	1.289685536456104	1.344929518381129	1.3988488382974542	1.4507446004108095	1.5015084484425696	1.5520373656181015	1.602311455942913	1.6524622737568249	1.7026163458368393	Growth with 50 mM (S)-lactic acid, no proline supplementation.
F7	0.014815297905412477	0.019761168081732946	0.02483985140503529	0.030076006219474576	0.03543438837724927	0.0407815571123725	0.04656897146815912	0.052256771369063905	0.057938293978583626	0.06353601941131037	0.06903899890969928	0.07455874016133301	0.0803258777130725	0.08689013007236669	0.09479923631601761	0.10410917680544299	0.1147432015364153	0.12633826553041572	0.13869383463393864	0.1520900860007088	0.16676847957728944	0.1827521654552867	0.2000009308150014	0.21903000587570126	0.24007157240579158	0.26261384051507003	0.28658819975885247	0.31231648696075615	0.3402454050220572	0.3707009197309413	0.40336852884716473	0.43855049705958976	0.4769936048819106	0.5196557236278754	0.5664302100360716	0.6165162787017185	0.6695874462645867	0.7253574229716996	0.7838691698514052	0.8455511797884669	0.9095783833076952	0.9753881484113689	1.042622353180909	1.1116608711332525	1.1822706912790029	1.2533817043382651	1.3237312986353795	1.392779195244809	1.4601791060958964	1.524781202173901	1.5866357173181236	1.644931630437755	1.6983619435328212	1.7481481688018659	1.7957517741834796	1.8407834970191883	1.8816266509041881	1.922125617379339	1.9622191919449954	2.0020180048820726	2.0416376701065975	Baseline growth without any supplementation or treatment.
F8	0.014779863284494875	0.016264727067868728	0.01781876379859118	0.019428131726045177	0.02108355845978825	0.022779424068202842	0.02521467774112362	0.02808847267720748	0.03130452956839439	0.034979146981960994	0.03926733897325888	0.04414645347078194	0.04947157199763718	0.055053896822275274	0.06092217998432623	0.06715499353827634	0.07384095140625835	0.08102381520839569	0.0889440233809903	0.09788093507535371	0.10801990885249925	0.11957966633465386	0.1327299976309439	0.14723229519447245	0.1630012177492137	0.17995070124219634	0.19826316206913128	0.21769573382985483	0.23788956533222258	0.2589510775599863	0.2814844429292556	0.3056356699250695	0.3311602512998571	0.35750665835046086	0.3850263595396478	0.4144810565828392	0.4463061961500082	0.480107289049435	0.5157928933883272	0.5541585721071054	0.5959895600882045	0.6410113524562049	0.688676935347388	0.7389523362728571	0.790980399505999	0.8445038535912468	0.9002615270645883	0.9586685515534165	1.017756991946744	1.0762726420576483	1.134618700286953	1.1937374384906767	1.2533286525453302	1.3119823052189963	1.3690989351583875	1.4257305804792255	1.4819627236191801	1.5381700593208163	1.5943586836719879	1.650545737025583	1.706724145681922	Growth with 10 mM proline supplementation and 50 mM (S)-lactic acid.
F9	0.009999999999999998	0.010000000000000004	0.01	0.010000000000000002	0.010000000000000002	0.010000000000000004	0.010000000000000002	0.01	0.009999999999999998	0.010000000000000002	0.010000000000000002	0.01	0.01	0.009999999999999998	0.010000000000000002	0.01	0.01	0.010000000000000004	0.01	0.01	0.01	0.01	0.01	0.01	0.01	0.01	0.01	0.01	0.01	0.01	0.01	0.01	0.01	0.01	0.010000000000000002	0.010000000000000002	0.01	0.01	0.010000000000000002	0.010000000000000005	0.009999999999999992	0.010000000000000007	0.01	0.009999999999999998	0.010000000000000002	0.009999999999999997	0.01	0.01	0.01	0.01	0.01	0.01	0.010000000000000009	0.009999999999999993	0.00999999999999999	0.009999999999999978	0.009999999999999995	0.0099999999999999	0.009999999999999922	0.009999999999999887	0.010000000000000061	Media control
F11	0.009519076420176789	0.011560689048799509	0.013652786857747188	0.01577780786337966	0.017917283010943322	0.02006820266124425	0.022686589331032927	0.025788049818737988	0.029318684055314473	0.032896479643629364	0.03641071043018304	0.04003085870971949	0.043821209001296456	0.047434088574060895	0.05073841663820847	0.05409087426007332	0.05799121170562529	0.06264888362776776	0.06821266897991814	0.07466742698471135	0.08225048955852386	0.09137355962996697	0.10212617737956527	0.11405503116385877	0.12704316712742073	0.141184789036949	0.15695712935855655	0.17421133977249026	0.1926593594754544	0.21226250086740084	0.23354180257663096	0.25674019594683056	0.28147613942438504	0.30716333632603077	0.33393773451249953	0.3627410521606276	0.3942287405455716	0.42800527273485617	0.4642396906146635	0.5039452015842014	0.547055786804876	0.5934161874775705	0.6432576877716889	0.696433431269941	0.7515647479208784	0.808139181943913	0.8666883903845038	0.9271524504531896	0.9887650942343678	1.051163226211881	1.1141998354808567	1.178383542145224	1.243352002989054	1.3069858785857837	1.36806797647459	1.4274537793431064	1.4844815736045602	1.5412203874714234	1.5974873709394393	1.6533108604857718	1.7087722615978322	Baseline growth without any supplementation or treatment.
F12	0.01961656752210393	0.024098750537560908	0.028688262110121383	0.033225929785580685	0.037537773643950306	0.04155763874194175	0.04560380798807446	0.04972691749666472	0.05201930568983642	0.05220761109021748	0.051969543702450764	0.0527505843854233	0.054406170161982424	0.055586666827470696	0.05640450118132873	0.057826713291387624	0.05990668968900132	0.06172460104311804	0.06291910267878442	0.06416965347891464	0.06661274880487038	0.07040510036536797	0.07525790298962297	0.0808960575279417	0.08733403486657913	0.09451151628902311	0.10225038649023853	0.11086586647227388	0.12067417370279634	0.1317139370524531	0.14394856697977812	0.1575574590971329	0.1724294567152189	0.18857681443680263	0.20624020861975312	0.22521569374763026	0.2451580924390527	0.26624235901655013	0.28853185288232913	0.31215926420619783	0.33715363259031417	0.36341597949085985	0.3909941775345837	0.4207067908639249	0.45239969979529204	0.48575076996153316	0.5217323320149394	0.5604006540774422	0.6010028015690669	0.6436064743448517	0.6895317384554799	0.7390446672258388	0.7908801518449626	0.8454363903046409	0.9020903426788578	0.95919709397002	1.0161178708897618	1.072956503666814	1.1297553637851587	1.1864355146393877	1.2429643293091224	Growth with 20 mM alanine supplementation, no lactic acid.
G1	0.035549059024209746	0.03335166342858079	0.031113101636767226	0.028859872545938893	0.026651495208482777	0.024607210507229183	0.022551839536592636	0.02052155831564381	0.018990580647805472	0.017803140969610855	0.016760166739216646	0.015378403396311947	0.013787655550049877	0.012058568449882219	0.010157950148012978	0.008238255701244993	0.00657956049894625	0.005445495542368241	0.004946163312071885	0.005050917364489254	0.005550805300002824	0.006263402377093464	0.007011132865084106	0.0075513867810543325	0.007780072653035741	0.007666202697147888	0.007244087685201468	0.006595710756483906	0.0059235827915025754	0.0054636053004725295	0.005259952257018686	0.005270486417483652	0.005508034135320162	0.0059821725721769204	0.006686228812242286	0.00750929150945777	0.008319448934620628	0.009027280442168734	0.009620541824119207	0.009965886759389512	0.009831954229438502	0.00932617134707689	0.008803873008276206	0.008361049844123582	0.008016567532917735	0.007805176106533896	0.007858629402056994	0.008345535602367431	0.009068347322369844	0.00964280482266034	0.009922513978024853	0.009911241236701363	0.00975432901505292	0.009639496890628272	0.009622023409665663	0.009644674479778025	0.009761527494215176	0.009852503687318081	0.009986837898883511	0.01016709628216881	0.010380789576473676	Media control
G2	0.018335599856313854	0.020595352219757716	0.02296550190107992	0.02536146558117955	0.027705367605665734	0.029994551969884545	0.03286678619924682	0.03588107021746529	0.03854591896429007	0.04119328429488866	0.04468021888708776	0.049278211176181315	0.054803829498054187	0.061255029439115406	0.06877459299688608	0.0774667865443888	0.08725489327397563	0.09762657132702922	0.10835470073963555	0.11971150092326407	0.13203420802548835	0.14560755508247344	0.16081249700952902	0.1777350864077203	0.1963478389344348	0.21652234056656858	0.23829102992253196	0.2613115252134308	0.2853280209414783	0.3106540372866321	0.3377910114539922	0.36663891308909236	0.3971953835779863	0.42973077545058425	0.4655013359909913	0.5047710921004984	0.5477223010700909	0.5937377803050422	0.6419693696964066	0.6936813980719748	0.7504243112822477	0.8110844527767874	0.8745502624094666	0.9400281459470416	1.0075145644624994	1.076837571347099	1.1473917021141136	1.2173989327223347	1.2863341236147787	1.3540225527523417	1.420807373988295	1.4859742525169604	1.5480938449154436	1.6044019607765743	1.655688060902949	1.7049522444569853	1.750592186880684	1.7962809806221376	1.8416640990564352	1.8865640451868602	1.9309670704707003	Baseline growth without any supplementation or treatment.
G3	0.015454694676987606	0.01949138052677539	0.023549295680210774	0.027618055916736047	0.03170083798895079	0.03581887042521877	0.040115426751636804	0.04434218389021504	0.04840325617112211	0.05251502176961187	0.057040681196640054	0.062111159778330004	0.06770985277354327	0.0737329617357088	0.08022283293772502	0.0874190651922841	0.09539204644633126	0.10403422852617306	0.11322947281211718	0.12296723531264764	0.13342045145019668	0.14480236406981953	0.15723955182362984	0.17075737953784698	0.1852914466530437	0.2007927865382527	0.21713233818328131	0.2341737930555226	0.2521619523923444	0.27136124154150565	0.29171752143209456	0.3130845189934564	0.335361587516206	0.3590561396797243	0.38513775046636	0.41399261837943113	0.44600263501174775	0.480226296066644	0.5160345458337389	0.5537437472281795	0.5939459987183182	0.6368752852161271	0.6823568368785237	0.7302414013605378	0.7801084826951061	0.8320178876357135	0.8881552402401235	0.9480481486538844	1.0089594183496686	1.0708792388367332	1.1345397946322362	1.199432629274183	1.2639905164467558	1.3252125140038444	1.3818730053515347	1.4357833895582024	1.489148685253379	1.5435816692892441	1.5981171332599247	1.6524533707500275	1.7065235712724611	Growth with 10 mM proline supplementation and 50 mM (S)-lactic acid.
G4	0.0057432090155237255	0.006449526493047227	0.0072577280545325406	0.008191560562766235	0.00924092056582866	0.010277091124965894	0.012155933954525229	0.01448516158654984	0.01756814331303294	0.021323592321798854	0.025430589991900236	0.030002511325385017	0.035139218809940156	0.04075992661902356	0.04684524819595106	0.05340284145124938	0.060389276457368794	0.06772124139655468	0.0754574623707161	0.08376587073765036	0.09274219667707465	0.10261247984419646	0.11350158564896647	0.12543108141617723	0.13847788553188284	0.15245890932367864	0.1670950459459824	0.18225339833421855	0.19798117515249902	0.21437315475454521	0.23150986365980555	0.2493856653990243	0.26801015515376597	0.2873358951226069	0.30743930201476977	0.32834462749493776	0.3499699381046717	0.37231817379822313	0.39561383732681915	0.4199076429067963	0.44537051487541934	0.4726144156290565	0.5017140663077793	0.5324087042194557	0.564515956073883	0.5980776853704592	0.6329716969738103	0.6690626347693646	0.7065743899086142	0.7455717867428194	0.7867678493309174	0.8299077552081018	0.8741175160157759	0.9191923135142713	0.9653288517221513	1.0127501287857266	1.0614366199350012	1.110302541369153	1.1593054884337237	1.2084598197944825	1.2577551637950655	Growth with 20 mM alanine supplementation and 50 mM (S)-lactic acid.
G5	0.008389175861891448	0.008948863357861258	0.009661437502537529	0.010471522080752792	0.011331218571684521	0.012269568678842739	0.014619165224965617	0.017969703729763475	0.021891723505765417	0.02593735111844714	0.02992636312849904	0.03410935731957786	0.03901164567458611	0.04476352091617601	0.051424982605637465	0.05892487941876183	0.06742862345402853	0.07689554412934188	0.08726643141246587	0.09845453711487456	0.11033926035917897	0.122960447091194	0.1366010086569666	0.1517018523739492	0.16865027181680398	0.1873793049042628	0.20785551912627956	0.22995867678432313	0.2537474671818842	0.2793349697360232	0.30677821000439753	0.33577250056364527	0.366297732559606	0.3986928568422196	0.43395972967335184	0.47381368367756915	0.517292829350822	0.5629785956142271	0.6113413565051272	0.6645970144378051	0.7226529106949986	0.7848764752836211	0.8511866326425602	0.9206230831159088	0.9916234416161877	1.0635724708710594	1.1350744783876665	1.205619401349995	1.275690663174234	1.3445184054371706	1.4107676970060452	1.47494692861523	1.537649371155612	1.5985932674167207	1.6566264075298938	1.711619559379016	1.763055139486366	1.8144832398422515	1.8656757550517802	1.9164603486876637	1.9667161208724973	Growth with 20 mM proline supplementation, no lactic acid.
G6	0.023763533285265547	0.02528886509369779	0.026873489829172544	0.028518402283221996	0.03026147875434063	0.03211305982386876	0.03488254385917393	0.038176262826613384	0.0419758744979407	0.04652286582226745	0.05175238119566434	0.0575688038235706	0.06416519598972908	0.07164317007784839	0.07985745471629431	0.08893617116584827	0.09916015227930698	0.11073615441016939	0.1235865213020084	0.13747953316472375	0.15231949060591604	0.16826853395111036	0.18559107912219422	0.20442828468629806	0.22487577993879249	0.24703799558385464	0.2709007435818157	0.2966836871494096	0.3246694269093297	0.35511079497381176	0.38823842653072077	0.4240579023009532	0.4627058991879732	0.5048771437195824	0.5503853347577718	0.599533979908218	0.6528782326605481	0.7099139766026968	0.769940048909155	0.8327656224837195	0.8981247563754282	0.9660011724628691	1.0363560202849322	1.1095140759206115	1.1841082677778236	1.25842189351265	1.3322966241402352	1.405543976596896	1.4777518135297547	1.5483936712895718	1.616464813192211	1.6819662901285126	1.7461506783384015	1.8065129578992614	1.8616827606389454	1.9147693489564537	1.964949443244488	2.0152161329991753	2.0650102867767357	2.114176986814263	2.1628094610924435	Growth with 10 mM proline supplementation, no lactic acid.
G7	0.005761966118553124	0.007094223243141799	0.008431511713400144	0.0097658661543786	0.011094892637940857	0.012416236931529188	0.013828783774574933	0.015395761036805877	0.017066524971403322	0.018927759418075236	0.021167497501768023	0.023896897798898822	0.02719413796661834	0.03081966612667955	0.03457614212138568	0.038588792578437135	0.04300018403523636	0.0478878482657154	0.05327328810663318	0.05919220719340926	0.06584869373698912	0.07342443830850441	0.08196055295969575	0.09136394773189344	0.1014826906966337	0.11214149182540172	0.12314296192585586	0.13455986601783934	0.14657775889393512	0.15938318967392867	0.17326811701585776	0.18866542435330547	0.20538983957638776	0.2233516221653833	0.24281301578807993	0.2638022983553107	0.2863219935341375	0.3108062466779128	0.3368225202476218	0.3640535797431241	0.39297697721850916	0.42427968827935647	0.4578474996667632	0.49433011808423694	0.5325907095662091	0.5724749711709094	0.6149361856063511	0.6602442790534998	0.7077373321009168	0.7565636210084288	0.80695049371877	0.8596234559424212	0.9141364996825122	0.9709626231645121	1.0291968184700722	1.0882368277923413	1.1479593040963993	1.2077031157202882	1.2675447098978028	1.3275127167058274	1.3876112717174531	Growth with 20 mM proline supplementation and 50 mM (S)-lactic acid.
G8	0.006757760790215422	0.007468824173739124	0.008129400841859306	0.00876675642810342	0.00937807422243892	0.009863440410991025	0.009631825745890223	0.009032764251443365	0.00833183468365663	0.007850295214257723	0.007864576765558315	0.0084436900368131	0.00957392522687617	0.011241266617492533	0.013537246422335194	0.016408785146975687	0.019551805490051016	0.022847059695283035	0.02636893829902783	0.030222098678155614	0.03461232241479653	0.039799336502541555	0.04585826106538584	0.05266635198178694	0.06012400986722534	0.06809450462185822	0.07648808940287576	0.08538918992319802	0.09488750742564629	0.10500085630376307	0.11561453988355619	0.12680159092664006	0.13874536249273603	0.1513688770508896	0.1646831428208497	0.1788438353357434	0.19390618170801327	0.20998651554900477	0.22693102174352978	0.24462808349498827	0.26296351850455335	0.2819391057401687	0.3015479395525066	0.3214425042690631	0.3414744348160463	0.3616527936196138	0.382664848552059	0.40551655370080925	0.42981134607517085	0.4549081397425941	0.48101710482906695	0.5082903345231369	0.5364506868650263	0.5661792194085215	0.5973712990841858	0.6291574405843178	0.6613482178442123	0.69338467062574	0.7255750679662721	0.7579597675044547	0.7904786032815656	Growth with 20 mM alanine supplementation and 50 mM (S)-lactic acid.
G9	0.0029754905951441244	0.004610462695689068	0.00622776705173604	0.007835491722530839	0.009450280756137679	0.011068431203924542	0.01261533530579646	0.014085409623915957	0.01546254346279926	0.016859741273871128	0.018394236984145395	0.02009043615967864	0.02187154546718435	0.023433673207466234	0.024697909259290083	0.025945753078611404	0.027403914037263822	0.029022930078609652	0.030706449509220995	0.03251223838548489	0.034743660768337105	0.03759712228207798	0.040942811671600146	0.044608570203012954	0.048680747297635205	0.05312424107119171	0.05781569915734809	0.06291519879766412	0.06848605558779622	0.07447891361049157	0.08082749223089092	0.0876638983352133	0.09500200199448447	0.10282181275922343	0.11116324966475571	0.11991203855180352	0.12908475568956929	0.139100329433594	0.14996464208201532	0.16139164674022394	0.17314409271133033	0.1854324511519367	0.19857422300260463	0.21256717228779873	0.22695874359569754	0.24178559180825263	0.25729450298239	0.2735251181039415	0.29034441837702	0.30762479999794334	0.32574961079020653	0.3449408377686115	0.3648455770719255	0.3852881348906692	0.40659158094952647	0.42881328784764855	0.4521129655625061	0.4752177770865832	0.4984423089487853	0.5218353316715723	0.5453511961062159	Growth with 20 mM alanine supplementation and 50 mM (S)-lactic acid.
G10	0.004043080890433344	0.00475582724655384	0.005442855739172485	0.006082473272313635	0.006678135586231697	0.007294899192435302	0.007565856178537902	0.0075792275738019305	0.007399889334830258	0.00709429290799258	0.006736340536310052	0.006432724306521509	0.006264491748997033	0.006239826805391082	0.006404299393657544	0.006753077796446129	0.007094119910854277	0.0070352289510864354	0.006489957295077512	0.005847186264473374	0.005429289566556568	0.005048475859747026	0.004408631721849017	0.003656282586342981	0.0031496740708866007	0.0029623294976818502	0.0029791984580086663	0.0031443391897413376	0.003424225671176383	0.0037646729418138007	0.004077366030066624	0.004331456891542947	0.0045913229168580766	0.00482292148113212	0.004940144428222195	0.004902316641225154	0.004805487413232954	0.004764261828471981	0.004718718021543139	0.004647756026431046	0.004633374834150533	0.0047713287686697425	0.005000576436039886	0.005201717979390246	0.005389751518466757	0.005652469805485578	0.006091909704456549	0.006642752052069301	0.007271550057415778	0.008044257667412706	0.008999145994203052	0.01011060648992914	0.011264363055375625	0.01230343911303754	0.013038717773104464	0.013149066520702569	0.01252841993695789	0.011995107663290516	0.011414304148598477	0.010757552656220203	0.010030195721583264	Media control
G11	0.009898754508536648	0.018654352268256798	0.02710265022907079	0.03534517802509123	0.04350282182630054	0.051644336456251425	0.05682524555793783	0.060227285049439756	0.0629549997791125	0.06544153728840865	0.06745235997242863	0.06840630408819641	0.06824326101136252	0.06761937557130329	0.06714282801793747	0.06692260941972694	0.06666953992919218	0.06679615677688601	0.06797800192640814	0.07047577128903058	0.0740353558845537	0.07831240707897573	0.08344281614552862	0.08940923640048763	0.09625409276696698	0.10403328832278962	0.11295041982705371	0.1233604219684719	0.13518423001266583	0.14827990936052834	0.16267661825718582	0.17817792794897297	0.19452915772971785	0.21148486236866496	0.22927310666503314	0.24821868174437087	0.26835946527110405	0.28948243786546674	0.31180032706710925	0.3361779159972135	0.36279244325082965	0.3914744717439835	0.42244169080622446	0.4552835855774	0.4901349940273616	0.5274430814947862	0.567127734393967	0.608527822227804	0.6508716159290728	0.694253790232732	0.7388234172555781	0.7852334887281971	0.834349271517621	0.8864362987487497	0.9419588494856797	1.000055438099743	1.0600359375745327	1.1197509552445126	1.1798335549983547	1.2402907036599375	1.3009252933213251	Growth with 20 mM alanine supplementation, no lactic acid.
G12	0.02035710660478967	0.022752881026288113	0.02518590727636754	0.027662734801687797	0.03017556823880892	0.03268389734752396	0.03532124590744236	0.03815469539389889	0.04139186986859726	0.04501133190324194	0.04891952105006395	0.053161009723658906	0.057907956138014104	0.06317534163671433	0.06908069467781801	0.07556329233962103	0.08242505287469948	0.08964986645605136	0.09751208962190065	0.10624018689083105	0.1159411561778043	0.12679320130916444	0.139197604157006	0.1530584742006463	0.16820339049324398	0.18439186215313713	0.2018774973771353	0.22036924745597644	0.23933086723211183	0.25880456958214176	0.2794326176132413	0.30154451534847615	0.3244357572322967	0.3476023907608247	0.3714894489159676	0.3968781441560389	0.4246426257727991	0.45446866486534415	0.48596192630791796	0.5203169821173197	0.5579328349902684	0.5986049412177523	0.6422748497899251	0.6887112743888719	0.7368147476658276	0.7862683413801025	0.8369461915620052	0.8884357105477604	0.9402210501875816	0.992133604162683	1.0441666243569123	1.0973352204515083	1.1522977123908769	1.2088801805332066	1.2667809378742645	1.325141408800139	1.3839458104898763	1.4428345201868502	1.5017762405663602	1.5606473013107014	1.6193456191397466	Growth with 50 mM (S)-lactic acid, no proline supplementation.
H1	0.022536661777086436	0.02284716975351657	0.02325613285287047	0.023701936086288542	0.02415182018562631	0.02467354765280327	0.026110305980479382	0.028333603934464272	0.031240278355142214	0.03478029868904129	0.03908135209878162	0.04417038062370201	0.04995670113254908	0.05610747208456785	0.06235359938993674	0.06861504904567604	0.07475372390276476	0.08084487552263173	0.08725570918452599	0.09444708319641074	0.10272517598589685	0.11206951486483158	0.12253490515316556	0.13421081263725035	0.1474073048736126	0.1621366165991606	0.17779902101510833	0.1941535217086979	0.21147995089371788	0.22990446424499383	0.24943209996788782	0.27042267085625815	0.2931287594607144	0.317962683167334	0.34502260453258016	0.37379169099816406	0.40410966836144524	0.43688464876646893	0.4725466094323091	0.5104988580953743	0.5499924421435421	0.5909880635039892	0.6336169505783419	0.679434839470067	0.7285495209144736	0.7799661855087241	0.8348465516806495	0.8935757853089651	0.9545735487988072	1.0164398459128867	1.0789218993717085	1.1428323498271866	1.2071175383360417	1.2694804893136702	1.3280142272425783	1.384986849100549	1.4419071810058732	1.4989340852387292	1.5558911783017615	1.6127989533420073	1.6696823910543428	Baseline growth without any supplementation or treatment.
H2	0.029720800737892326	0.031458463644338866	0.03334420066634791	0.03527744148393215	0.03719338031533336	0.03919863890732683	0.04270696099073282	0.04676810567571225	0.050807005521375764	0.05508942244937791	0.060020722606175914	0.06573859017060307	0.07201061430875326	0.07855551234535758	0.08529260400745152	0.09242250695609061	0.09996324216534264	0.10786810374168998	0.11650368824860266	0.1262965896238069	0.1373321595858463	0.14957811730688225	0.16322072716517702	0.1786710670218853	0.1958661884432306	0.21452423764218784	0.23449510874432666	0.2560112789220465	0.2793455504190431	0.304699196366598	0.3318902111462489	0.3608125026458387	0.39154405275709137	0.42456759481671347	0.46049414565255126	0.49909905739971017	0.5404087694317374	0.5849298188461741	0.6327539590011856	0.6844050988592414	0.7391183720866966	0.7981257060895569	0.8625994961995725	0.9303636811446215	1.0010010353219527	1.074569434331061	1.1501661489048687	1.22781271643726	1.3064262039378771	1.384456012757331	1.4612679086736495	1.5346454290134302	1.6008804565752197	1.6621537362655612	1.7206997273360993	1.777305990119192	1.8279523416459493	1.8781440197629111	1.9277844287883683	1.9770096598287872	2.0259724424540035	Growth with 10 mM proline supplementation, no lactic acid.
H3	0.004407251909429849	0.005789339349637609	0.007338324433187016	0.009018281141634223	0.01078500181352017	0.012623685245795397	0.01566759715977281	0.01917039889183242	0.022860323144646633	0.026665327126106045	0.030662609801825214	0.034908195246820616	0.03944431164812138	0.044287534506865345	0.04947248190706151	0.05504920501014366	0.06100195587437344	0.06740300175952979	0.07442689373097561	0.0822097211979136	0.0908851862668649	0.10043681864050039	0.11090154898465444	0.12262120466765032	0.13565037756401013	0.14958696186678688	0.16394564787718865	0.1788835075952222	0.19500585549145388	0.212448902067882	0.23092428115041969	0.2504074882503184	0.2710082192165639	0.29325977991257357	0.3176161456031618	0.3443859414749516	0.3733746225123739	0.404409428536113	0.43771283625786167	0.47316403093183224	0.5098392054941623	0.5475920912665287	0.5854603467066704	0.6214418913431106	0.6549439121873647	0.6909483376208998	0.74627806188865	0.8260799999999326	0.5266499999999996	0.3204199999999182	0.32404764335287384	0.35935888661018156	0.3959671440409771	0.42807460056685454	0.45872549365205517	0.48837215898470493	0.5171181083967071	0.5450242172430764	0.5727084145564009	0.6002947255150655	0.6277886453410336	Growth with 20 mM proline supplementation and 50 mM (S)-lactic acid.
H4	0.011710193614832602	0.014332423065939853	0.017071804232233482	0.019898484042585877	0.02280411390766173	0.025833531156416754	0.029752598627525377	0.0339004115571684	0.03815088336470906	0.04265286669229034	0.047541761332278006	0.053065065949025984	0.05958698742949563	0.06727687639375182	0.0759419695232497	0.0853371985492166	0.09539188715737068	0.10609265629657366	0.11732216919677108	0.12910884145305893	0.14158025227130044	0.15495501439361695	0.16985420601963072	0.1872017653484419	0.2070286534043985	0.22866572819814437	0.2516361868223099	0.2761335760653449	0.3023682881477025	0.3302692896236439	0.3595467185449323	0.39063719093890487	0.424259966465227	0.46054125738388524	0.4995383614652339	0.5413163555610846	0.5851395394654894	0.6314304867170855	0.6814286212311388	0.7349503386796574	0.7905434155792761	0.8482908918208374	0.9082062234352357	0.9707217284505988	1.0360413153442793	1.105596607758317	1.1760965803067098	1.2450011075564957	1.3138666568138404	1.382576981246313	1.4517444872460217	1.5138511177442513	1.5704684351030536	1.6250221607709388	1.6786844862692596	1.732195299314796	1.7836459047851974	1.8345666398190066	1.8852155643098867	1.9356927706697633	1.9859591635894964	Growth with 10 mM proline supplementation, no lactic acid.
H5	0.0036751801352761615	0.004842981246167507	0.006157730838509194	0.007570470364398116	0.009011532705565576	0.010419190356323505	0.012843135032177492	0.015747973096171743	0.018759466030325717	0.021774371145466553	0.02496019151153078	0.02848276740751858	0.032442508129166124	0.036782859357691586	0.041455601800427476	0.04649005082714658	0.051905763375650546	0.057686408392055154	0.06389720954766842	0.07057687674790515	0.07778284842303494	0.08559812171392221	0.0941417973284666	0.10365156029136093	0.11417519028415442	0.1254763650542258	0.13725377293716	0.14969781732343954	0.16334750644746024	0.17802974086184792	0.193788425230289	0.2113561023143239	0.2302336701299784	0.24996521185720771	0.2712481807936571	0.2946159594345256	0.31926391161263357	0.34479682530156147	0.3714294993796142	0.3991465774895873	0.428466844863903	0.4601389629226859	0.49357286867281036	0.5293534914306318	0.5663470551308998	0.604100414359736	0.6437388431480473	0.6865866009400202	0.7324605701823771	0.7798157335765699	0.8281336295707822	0.877713546972308	0.9281803086154276	0.97994451301385	1.0331720465250018	1.0869645413870848	1.141179552231001	1.1954257536043698	1.249804046677659	1.304308932478746	1.3588840873625994	Growth with 10 mM proline supplementation and 50 mM (S)-lactic acid.
H6	0.006508249664253969	0.007855846963444846	0.009106346493156123	0.010315478255010406	0.011550616171492957	0.012837910798285418	0.013156856887780448	0.01284484045849551	0.012354774683084198	0.011916085435115659	0.011330300768354173	0.01059076158349546	0.009825251714735132	0.009055767087686363	0.008296508062821667	0.007505367740847801	0.006747079134138558	0.006114863346760071	0.005597538758945743	0.00507553959070616	0.0043892819017072576	0.00382196057382318	0.003764511121130315	0.004195513707353734	0.004877226109637051	0.0055059942943713955	0.005871962433035537	0.00610603483881716	0.006334215235447142	0.006350165988963768	0.005960253125943137	0.0052183306513725065	0.004465150365298916	0.003987465350369348	0.004029042838216393	0.004447621269524277	0.00483354506094045	0.005021678405259605	0.005056177171714872	0.005019408624389342	0.004928347963283757	0.00470523720276173	0.004244447565649182	0.0036377603585764197	0.003183413934624554	0.00305250225145575	0.003171121560292068	0.0034665772713044153	0.0037857611840017534	0.004200078276944345	0.004750170460189501	0.005412118691225911	0.006186338536557465	0.007063452691783472	0.008071009347456339	0.008969353366110253	0.009267624977395751	0.009552596861257251	0.00986571899800424	0.010149556115687297	0.01033759365481383	Media control
H7	0.005948160615468135	0.00760313753467816	0.009231478382224862	0.010848051320774581	0.012473979165645226	0.014123945486989543	0.015632723630618805	0.017094673043553082	0.018667550810069117	0.02045051363729251	0.022530390591473225	0.024989237621187557	0.027862125103052377	0.030999919218489935	0.034323118179815496	0.037764771698636075	0.04132453131206205	0.04501913757361568	0.048919891460373524	0.05312462442461905	0.05778134284326359	0.06307316547987495	0.06903840041225769	0.0755586283431956	0.08270911874336198	0.09041785901432332	0.09849721975659376	0.10694966770091964	0.11581333621904759	0.1251224512304088	0.13485062236093454	0.14511584231340025	0.15600672459247195	0.16743836180838237	0.17939294067385128	0.1920001639807375	0.2055307042882057	0.22011392395954063	0.23560803180949444	0.2519884812761573	0.2690717797910822	0.2869333884322022	0.3057759710909996	0.32584980876143516	0.34693026242012814	0.3685139705437068	0.39088192160651286	0.4142941598788505	0.438332133592539	0.46276619867594376	0.4883781342768186	0.5163755710321787	0.545873331348242	0.5765140182684951	0.6085908975751246	0.64137094594725	0.6753221180513046	0.709466546977984	0.7438645581563502	0.778533925461395	0.8134019303191317	Growth with 20 mM alanine supplementation and 50 mM (S)-lactic acid.
H8	0.006308637902635709	0.006712246457576687	0.007222832979374053	0.007784895365379599	0.008349292749490476	0.008926152481160639	0.010244846358170866	0.011920147229060618	0.013665250094079503	0.015481814215491519	0.01749487770027176	0.01984910985840622	0.022707432182958454	0.026015386863833385	0.02959091885177648	0.033374814233584224	0.03744197037024471	0.041806420293928934	0.04661152407442219	0.052121946691553324	0.058446403549548276	0.06566417594815104	0.07386074414108645	0.08287189768916173	0.09242428998115834	0.1023119482143779	0.1124744913101669	0.12297271369938466	0.1340702814193425	0.1463285213814491	0.16010229549269725	0.17541375550131064	0.19240313901647652	0.21094027936483456	0.23076112408258426	0.25180298519891464	0.27397169981615743	0.29726689004578966	0.32142927461821447	0.34636667400476323	0.3722414335715478	0.39953532955924725	0.4287032877005707	0.4592549771771356	0.491876293316882	0.5287327988235788	0.5681463581125074	0.6097439627239042	0.6539759940435926	0.7002388287091086	0.7480035676654119	0.7977555217564393	0.8513054056970055	0.9075763705879807	0.9661109260204302	1.026253249747852	1.087107287047347	1.1479069894851097	1.2088256836319782	1.2698783853343756	1.331028991262974	Growth with 20 mM alanine supplementation, no lactic acid.
H10	0.008176834130003828	0.01398746581428055	0.01975433809002744	0.025443925754956527	0.031017581248766437	0.03642883391368527	0.0404551864574568	0.04432263337444744	0.04820605532293396	0.05176721441120393	0.05465827501894157	0.0575843958408759	0.06174161537659533	0.06707871895148575	0.072950149987874	0.07913001900704798	0.08594819594571756	0.09408847871138912	0.1038179108190362	0.11485881183260689	0.12709557491052434	0.14061897319137115	0.15584375317571775	0.1729495984415562	0.19171331798208857	0.21172782432041043	0.23268333123718102	0.25486466027733895	0.27869918054893544	0.30417293252962335	0.33141818585717003	0.3607274310332561	0.39222936000232167	0.4261484621139869	0.4630301017631375	0.5031387470974732	0.546467583020876	0.5932584455588038	0.6432933296689276	0.6963119007480668	0.7522902018962622	0.8119035101289385	0.8750261551240035	0.9410928223599262	1.0093388284834615	1.0787805654042015	1.149045655953276	1.2201357226245213	1.2915204272040286	1.3621299948022563	1.429396687176848	1.4915516167810674	1.5515372433186847	1.6114511943605565	1.671308442362822	1.7295561524498113	1.7858758729420778	1.8418812071624393	1.8979681370611086	1.9543260075648954	2.010924808208383	Growth with 10 mM proline supplementation, no lactic acid.
H11	0.008703654615614138	0.00823180299944709	0.007809886882684749	0.007417301466359611	0.007051529985707576	0.006774434823377218	0.007159890194292009	0.007633107135309955	0.007822636770405879	0.007733399941528755	0.00783755940804768	0.008205217908088688	0.008502546711345814	0.008565707240443282	0.008556086981886115	0.008721977097976903	0.009192726600822801	0.009711230131951392	0.009955524416485638	0.01	0.01	0.01	0.01	0.01	0.01	0.01	0.01	0.01	0.01	0.009999999999999998	0.01	0.009999999999999998	0.009951113029329883	0.009717232223080154	0.00925719082434086	0.00869073897357149	0.008271664384475639	0.008081031554782276	0.008033784463007955	0.008080302055597972	0.008275902728439668	0.008705962528773061	0.009278754914069353	0.00967319986338737	0.009570585707409542	0.008953898786991741	0.008207604183962929	0.007544801837506582	0.006888406703880369	0.006186968437296631	0.005711717702655128	0.0057170384465468896	0.006245057198517836	0.007052881573427811	0.0077242935981344275	0.008064869614927875	0.007819887514396197	0.007562981862518077	0.007262225819382957	0.00687588282219816	0.006373368874742316	Media control
H12	0.003628251569305675	0.009013135529329003	0.014419430815114403	0.01976892718593762	0.025024082974819502	0.030248903117315887	0.034701607900477084	0.038678564795459704	0.04200650826090676	0.04449269141231381	0.045780089894939355	0.04613535609577238	0.045987612762049365	0.04533571702100505	0.04409329729695863	0.042500224340805776	0.04116733544541461	0.040604706155560596	0.041246873995787005	0.04350419654914245	0.0477311150879667	0.05423094741014127	0.06292363725607741	0.07334490432486561	0.08513631312019874	0.09793249785734362	0.11159377965616901	0.12607099994665372	0.14144247566902507	0.15820435860131005	0.17674784540086702	0.1970331163567781	0.21915274219356293	0.24307565916623003	0.2689528891608034	0.2966887351882579	0.32635525311761066	0.35804246950648183	0.39126749157197976	0.42690329946530775	0.4667569239500906	0.510667690771696	0.5582473349238701	0.6100960140644158	0.6650828530790137	0.7241929977853677	0.7901221784224235	0.8622799191325388	0.9381874012220853	1.0164269148717389	1.0975433974137239	1.1824238295169225	1.2700605457240766	1.35947657828758	1.4396496294590733	1.5059939028507894	1.5724376897773462	1.64225439776959	1.7120743619636678	1.781282652361948	1.8497961706097827	Growth with 20 mM proline supplementation, no lactic acid.
