well	0	1200	2400	3600	4800	6000	7200	8400	9600	10800	12000	13200	14400	15600	16800	18000	19200	20400	21600	22800	24000	25200	26400	27600	28800	30000	31200	32400	33600	34800	36000	37200	38400	39600	40800	42000	43200	44400	45600	46800	48000	49200	50400	51600	52800	54000	55200	56400	57600	58800	60000	61200	62400	63600	64800	66000	67200	68400	69600	70800	72000	Summary	growth_summary
A1	0.0	0.004500000000000004	0.0	0.0	0.004266666666666669	0.0	0.0013333333333333253	0.007200000000000012	0.009699999999999986	0.015600000000000003	0.019500000000000017	0.01786666666666667	0.03149999999999997	0.02423333333333333	0.02836666666666668	0.03553333333333333	0.0333333333333333	0.04379999999999998	0.03660000000000002	0.0542	0.06540000000000001	0.06266666666666668	0.07296666666666665	0.0867	0.09463333333333332	0.10303333333333331	0.10286666666666666	0.12176666666666669	0.13620000000000002	0.15166666666666664	0.1411	0.16893333333333332	0.18820000000000003	0.20446666666666663	0.21430000000000002	0.24726666666666663	0.26670000000000005	0.28900000000000003	0.3185	0.3372333333333333	0.3593666666666666	0.38859999999999995	0.41559999999999997	0.43766666666666665	0.476	0.5059333333333333	0.5152666666666668	0.5732666666666666	0.6067333333333333	0.6113333333333333	0.6794	0.7244666666666667	0.7681666666666667	0.8159333333333333	0.8819999999999999	0.9173333333333334	0.9680000000000001	1.0056666666666667	1.0689666666666666	1.1166333333333331	1.1595666666666666	Growth with 50 mM (S)-lactic acid, no proline supplementation.	18.737033333333333
A2	0.015833333333333324	0.031899999999999984	0.023800000000000016	0.026499999999999996	0.009266666666666645	0.013733333333333347	0.01473333333333332	0.0199	0.021399999999999975	0.01930000000000001	0.025000000000000022	0.024266666666666686	0.0	0.005133333333333323	0.009466666666666679	0.011933333333333324	0.01533333333333331	0.009000000000000008	0.025499999999999995	0.004899999999999988	0.0007999999999999952	0.011666666666666659	0.021966666666666662	0.0121	0.010633333333333356	0.0055333333333333345	0.015366666666666667	0.017066666666666674	0.015900000000000025	0.0008666666666666822	0.01830000000000001	0.010633333333333356	0.0003999999999999837	0.011066666666666669	0.0032000000000000084	0.014066666666666672	0.013100000000000028	0.007100000000000023	0.004699999999999982	0.009833333333333333	0.008566666666666667	0.0021000000000000185	0.003500000000000003	0.0035666666666666624	0.004799999999999999	0.0039333333333333165	0.0009666666666666435	0.0	0.004333333333333356	0.0008333333333333248	0.0030000000000000027	0.002066666666666689	0.002066666666666661	0.0	0.0007999999999999952	0.0	0.007700000000000012	0.005766666666666642	0.0010666666666666602	0.0	0.012266666666666648	Media control	0.5985333333333335
A3	0.026999999999999982	0.022966666666666663	0.028766666666666663	0.03156666666666663	0.0461	0.005799999999999972	0.014200000000000018	0.02726666666666666	0.015233333333333321	0.007966666666666677	0.022800000000000015	0.03203333333333333	0.01573333333333332	0.050066666666666676	0.057033333333333325	0.051933333333333304	0.04476666666666665	0.05803333333333335	0.06696666666666665	0.07126666666666667	0.08080000000000004	0.08613333333333331	0.10040000000000002	0.11019999999999999	0.12326666666666666	0.13393333333333332	0.15833333333333333	0.16843333333333335	0.17653333333333335	0.19720000000000004	0.21876666666666664	0.24406666666666663	0.266	0.29333333333333333	0.349	0.36206666666666676	0.39856666666666674	0.44266666666666665	0.48153333333333337	0.5186333333333333	0.579	0.6244000000000001	0.6808666666666666	0.7526	0.8092999999999999	0.8473333333333333	0.9568666666666668	1.0009333333333335	1.0447333333333333	1.1742666666666668	1.1966666666666665	1.2498333333333334	1.3234666666666666	1.3632333333333333	1.4467	1.5041	1.5114666666666667	1.5840666666666665	1.6581000000000001	1.6898	1.7098	Growth with 10 mM proline supplementation, no lactic acid.	30.3149
A4	0.01919999999999998	0.03306666666666666	0.01686666666666667	0.001166666666666677	0.04550000000000001	0.03360000000000002	0.03739999999999999	0.02886666666666665	0.03373333333333331	0.03206666666666669	0.03720000000000001	0.03213333333333332	0.043333333333333335	0.028766666666666663	0.06133333333333335	0.062133333333333346	0.06606666666666666	0.07393333333333332	0.08596666666666666	0.09496666666666664	0.11529999999999999	0.12153333333333333	0.13399999999999998	0.1539	0.1788666666666667	0.19043333333333332	0.21083333333333334	0.23563333333333333	0.2551333333333333	0.2781	0.2917666666666666	0.33066666666666666	0.37250000000000005	0.4037333333333333	0.4558	0.5038666666666666	0.5502666666666667	0.5987666666666667	0.6639333333333334	0.7178333333333333	0.7890999999999999	0.8529	0.9198666666666668	0.9992	1.0510000000000002	1.1348333333333334	1.1977666666666666	1.2954333333333334	1.3355333333333332	1.4122666666666668	1.4941666666666666	1.5365333333333333	1.6087666666666667	1.6287333333333334	1.7192	1.7694	1.7682666666666669	1.8575666666666668	1.9061	1.9338000000000002	1.8879	Growth with 20 mM proline supplementation, no lactic acid.	37.728500000000004
A5	0.03883333333333333	0.040166666666666684	0.03976666666666667	0.028600000000000014	0.06040000000000001	0.03143333333333334	0.02693333333333331	0.04986666666666667	0.03416666666666668	0.03786666666666663	0.06713333333333332	0.02896666666666667	0.034033333333333304	0.08910000000000001	0.04100000000000001	0.04513333333333333	0.11713333333333334	0.1072666666666667	0.07809999999999997	0.10743333333333335	0.10866666666666669	0.11906666666666665	0.13313333333333335	0.12339999999999998	0.1406666666666667	0.13929999999999998	0.17083333333333334	0.17	0.1844666666666667	0.1670333333333333	0.20010000000000003	0.2039333333333333	0.2309	0.2643	0.2959333333333334	0.31023333333333325	0.3411666666666666	0.3673666666666666	0.4059666666666667	0.43100000000000005	0.47619999999999996	0.4921333333333333	0.5431333333333334	0.6028333333333333	0.6484333333333333	0.6818666666666666	0.7912333333333333	0.7978333333333333	0.8415333333333334	0.9696666666666667	0.9506333333333334	1.0173666666666665	1.0809000000000002	1.1479666666666666	1.2039333333333335	1.2668333333333333	1.3192333333333335	1.3953333333333333	1.4507	1.5313666666666668	1.5596999999999999	Growth with 20 mM alanine supplementation, no lactic acid.	26.37963333333333
A6	0.0	0.0	0.0	0.0	0.0	0.0	0.0	0.0	0.0	0.004466666666666647	0.007633333333333325	0.001166666666666677	0.0023333333333332984	0.008099999999999996	0.01570000000000002	0.01313333333333333	0.023633333333333312	0.024766666666666687	0.02119999999999997	0.03093333333333334	0.04026666666666667	0.04996666666666666	0.049133333333333334	0.058099999999999985	0.06926666666666667	0.0696	0.09093333333333331	0.09970000000000001	0.10266666666666666	0.09493333333333331	0.10980000000000001	0.1202333333333333	0.1402	0.17129999999999998	0.18303333333333335	0.2000333333333333	0.22756666666666664	0.25106666666666666	0.2809666666666667	0.2994	0.3352	0.3363333333333334	0.3825333333333334	0.4204333333333333	0.4501333333333333	0.4706666666666667	0.5392333333333333	0.5641333333333333	0.5889333333333333	0.6633666666666667	0.6932333333333334	0.7424666666666667	0.787	0.8431666666666666	0.9054333333333332	0.9447333333333332	1.0012333333333334	1.0792333333333333	1.1263	1.1998666666666666	1.2422	Growth with 20 mM proline supplementation and 50 mM (S)-lactic acid.	18.17706666666667
A7	0.023500000000000007	0.03719999999999998	0.030266666666666678	0.016966666666666658	0.021699999999999997	0.04436666666666664	0.025033333333333324	0.010800000000000004	0.017566666666666675	0.025433333333333336	0.034466666666666645	0.02266666666666667	0.04063333333333333	0.07036666666666666	0.028433333333333338	0.03956666666666667	0.07306666666666667	0.027466666666666695	0.0469	0.0469	0.04513333333333333	0.04566666666666666	0.05133333333333334	0.062266666666666665	0.06913333333333338	0.05583333333333332	0.08956666666666666	0.06496666666666664	0.08186666666666664	0.049699999999999994	0.0831666666666667	0.07780000000000001	0.09126666666666669	0.10376666666666665	0.11813333333333334	0.12263333333333334	0.14200000000000002	0.15853333333333328	0.18273333333333333	0.19093333333333332	0.22703333333333334	0.21656666666666666	0.2488666666666667	0.2822	0.3016333333333333	0.3187	0.4046333333333334	0.4015666666666666	0.4107666666666667	0.4964666666666667	0.4663333333333334	0.5039333333333333	0.5450999999999999	0.5714	0.6305333333333333	0.675	0.7067666666666667	0.7601666666666667	0.8076666666666668	0.8740666666666667	0.9254	Growth with 20 mM alanine supplementation, no lactic acid.	13.344533333333331
A8	0.028233333333333333	0.011066666666666655	0.023399999999999976	0.012433333333333352	0.014066666666666672	0.03693333333333332	0.02513333333333334	0.025999999999999968	0.02739999999999998	0.028000000000000025	0.032333333333333325	0.04040000000000002	0.08103333333333332	0.07766666666666669	0.06613333333333332	0.05740000000000001	0.07436666666666666	0.09076666666666669	0.09723333333333337	0.08786666666666668	0.06433333333333335	0.10369999999999999	0.1073666666666667	0.11103333333333332	0.11776666666666669	0.11989999999999998	0.11896666666666669	0.1444	0.17439999999999997	0.18136666666666665	0.20523333333333335	0.219	0.24003333333333335	0.2870666666666667	0.30566666666666664	0.32730000000000004	0.3675666666666666	0.38813333333333333	0.4518333333333333	0.4894333333333334	0.5431666666666667	0.5668333333333333	0.6102666666666667	0.6797333333333333	0.7347666666666667	0.7918333333333333	0.8957999999999999	0.9215333333333334	0.9895999999999999	1.0488333333333333	1.1019666666666668	1.1977	1.2631000000000001	1.3063333333333333	1.3767333333333334	1.4533	1.4586666666666668	1.5642333333333334	1.5984333333333332	1.6199666666666666	1.6434666666666666	Baseline growth without any supplementation or treatment.	28.82863333333333
A9	0.0017333333333333367	0.019366666666666657	0.03319999999999998	0.02933333333333335	0.03106666666666666	0.08193333333333333	0.06113333333333332	0.07399999999999998	0.05579999999999999	0.0695	0.07223333333333334	0.07040000000000002	0.06483333333333333	0.07006666666666667	0.05733333333333332	0.06539999999999999	0.07796666666666666	0.07716666666666669	0.0738333333333333	0.08486666666666667	0.09383333333333335	0.08229999999999998	0.07116666666666668	0.08413333333333334	0.07236666666666669	0.07630000000000006	0.08506666666666665	0.11519999999999997	0.1465	0.11926666666666666	0.1345333333333333	0.1417	0.14903333333333332	0.18066666666666667	0.17036666666666667	0.18880000000000002	0.2137666666666667	0.23093333333333335	0.2623333333333333	0.2785333333333333	0.3214666666666667	0.31773333333333337	0.33996666666666675	0.3745333333333333	0.41156666666666675	0.43643333333333334	0.4756	0.5144333333333333	0.5569999999999999	0.5716333333333333	0.6117666666666667	0.6866000000000001	0.7484	0.7820333333333334	0.8566333333333334	0.9313	0.9546666666666667	1.0215333333333332	1.0982333333333332	1.1348666666666667	1.1950666666666665	Growth with 20 mM alanine supplementation, no lactic acid.	18.40943333333333
A10	0.0009333333333333416	0.022066666666666665	0.025599999999999984	0.006933333333333347	0.015666666666666662	0.013433333333333325	0.013633333333333303	0.011699999999999988	0.0058	0.012500000000000011	0.01933333333333334	0.0252	0.0013333333333333253	0.01206666666666667	0.02263333333333334	0.0204	0.028066666666666656	0.024766666666666687	0.030633333333333318	0.03936666666666666	0.04203333333333334	0.0411	0.042166666666666686	0.022733333333333355	0.05306666666666668	0.041600000000000026	0.07276666666666667	0.026900000000000007	0.01679999999999998	0.0005666666666666598	0.0	0.010299999999999976	0.02473333333333333	0.010166666666666657	0.027166666666666672	0.018100000000000005	0.03186666666666668	0.043433333333333324	0.027633333333333315	0.026533333333333325	0.018566666666666648	0.01993333333333336	0.035366666666666685	0.03213333333333335	0.030566666666666686	0.012433333333333352	0.015999999999999986	0.039133333333333326	0.03169999999999998	0.03453333333333333	0.02006666666666665	0.027500000000000024	0.009399999999999992	0.020133333333333336	0.01583333333333331	0.012199999999999989	0.011666666666666659	0.017533333333333345	0.01093333333333335	0.049666666666666665	0.03086666666666668	Media control	1.4279000000000002
A11	0.0	0.02296666666666665	0.03316666666666665	0.03460000000000002	0.03743333333333332	0.03893333333333335	0.04713333333333333	0.043166666666666687	0.05093333333333333	0.052299999999999985	0.05263333333333334	0.04830000000000001	0.05983333333333335	0.06749999999999998	0.06219999999999998	0.07219999999999999	0.06893333333333335	0.07836666666666667	0.07466666666666669	0.07319999999999999	0.08256666666666665	0.09173333333333333	0.08793333333333334	0.10683333333333334	0.09523333333333334	0.10953333333333337	0.10323333333333334	0.14176666666666668	0.16036666666666669	0.17323333333333332	0.18230000000000002	0.19976666666666668	0.2091	0.23556666666666667	0.23246666666666668	0.26403333333333334	0.28356666666666663	0.29080000000000006	0.3253333333333333	0.34110000000000007	0.37936666666666663	0.3949999999999999	0.40890000000000004	0.4449000000000001	0.4690333333333333	0.4950333333333333	0.5038666666666667	0.5555333333333333	0.5972	0.5676333333333333	0.6355333333333333	0.6792333333333334	0.7348666666666667	0.7658333333333334	0.8088	0.8505	0.889	0.9345999999999999	0.9815333333333334	1.0153333333333332	1.0706	Growth with 20 mM alanine supplementation and 50 mM (S)-lactic acid.	18.917233333333332
A12	0.011999999999999997	0.002333333333333326	0.004933333333333317	0.011366666666666664	0.002966666666666673	0.013800000000000007	0.01666666666666669	0.017199999999999993	0.016466666666666657	0.01733333333333334	0.0199	0.009700000000000014	0.03036666666666668	0.032266666666666666	0.02679999999999999	0.034433333333333316	0.029700000000000004	0.0426	0.03956666666666664	0.03773333333333337	0.0469	0.05293333333333333	0.044899999999999995	0.07073333333333331	0.06109999999999999	0.07559999999999997	0.07646666666666666	0.10280000000000003	0.11270000000000002	0.11879999999999999	0.14813333333333334	0.1366666666666667	0.14706666666666665	0.17666666666666667	0.18876666666666667	0.1986666666666667	0.2157666666666667	0.22466666666666665	0.25980000000000003	0.27963333333333334	0.30466666666666664	0.32420000000000004	0.3426	0.3744666666666667	0.41346666666666676	0.4478333333333333	0.49893333333333334	0.5247666666666667	0.5463333333333333	0.6004333333333333	0.6305666666666667	0.6802333333333334	0.7423666666666666	0.7761666666666667	0.8351333333333333	0.8825333333333334	0.9394333333333333	0.9860000000000001	1.0412333333333335	1.0752	1.1601	Growth with 10 mM proline supplementation and 50 mM (S)-lactic acid.	17.283566666666665
B1	0.04046666666666665	0.013333333333333336	0.005466666666666675	0.017100000000000004	0.018733333333333324	0.02523333333333333	0.019066666666666676	0.024066666666666653	0.03566666666666668	0.04216666666666666	0.041666666666666685	0.0527	0.06770000000000001	0.05219999999999997	0.049500000000000016	0.07016666666666665	0.06173333333333331	0.07253333333333331	0.07360000000000003	0.08683333333333337	0.10373333333333332	0.1077666666666667	0.1215333333333333	0.1416666666666667	0.1535	0.16940000000000002	0.19473333333333334	0.20806666666666665	0.23353333333333334	0.26639999999999997	0.27286666666666665	0.3069666666666666	0.3408	0.36496666666666666	0.39836666666666665	0.42269999999999996	0.4592333333333334	0.49516666666666664	0.5507	0.5955333333333334	0.6497666666666666	0.7040333333333333	0.7655333333333334	0.8205333333333333	0.8750333333333334	0.9584666666666667	1.0282666666666667	1.1005333333333334	1.1770666666666667	1.2564	1.2984333333333333	1.3649333333333333	1.4414	1.4757	1.5908000000000002	1.6220333333333334	1.6400666666666668	1.7058666666666666	1.7537333333333334	1.7943	1.8199333333333332	Growth with 20 mM proline supplementation, no lactic acid.	33.6204
B2	0.0	0.008500000000000008	0.003700000000000009	0.012399999999999994	0.01896666666666666	0.011733333333333346	0.01743333333333333	0.022300000000000014	0.0252	0.03090000000000001	0.03230000000000002	0.02996666666666667	0.04949999999999999	0.04253333333333334	0.04876666666666668	0.05463333333333334	0.055533333333333296	0.06479999999999997	0.06460000000000002	0.07699999999999999	0.09140000000000001	0.09316666666666665	0.10686666666666664	0.12469999999999998	0.13493333333333332	0.1459333333333333	0.15966666666666668	0.17786666666666667	0.1978	0.22596666666666662	0.2304	0.25783333333333336	0.2841	0.30426666666666663	0.32810000000000006	0.3486666666666667	0.3801000000000001	0.41390000000000005	0.4433	0.4743333333333333	0.5050666666666667	0.5502	0.5923	0.6304666666666666	0.682	0.7349333333333333	0.7856666666666667	0.8365666666666667	0.9025333333333333	0.9496333333333332	1.023	1.0852666666666668	1.1530666666666667	1.1967333333333332	1.2858	1.3388333333333333	1.3808	1.4205666666666668	1.4963666666666666	1.5454333333333332	1.5815666666666668	Growth with 20 mM proline supplementation and 50 mM (S)-lactic acid.	27.270866666666667
B3	0.0	0.0	0.0	0.0	0.0	0.0	0.0	0.0	0.0	0.0	0.0	0.0	0.017299999999999982	0.00843333333333332	0.011366666666666692	0.015333333333333338	0.014433333333333298	0.02310000000000001	0.018500000000000016	0.03	0.04050000000000001	0.037566666666666665	0.044466666666666654	0.057999999999999996	0.060733333333333334	0.06843333333333332	0.07176666666666667	0.08256666666666668	0.09759999999999999	0.11536666666666667	0.10960000000000003	0.12903333333333333	0.145	0.15636666666666668	0.17240000000000003	0.18316666666666667	0.20560000000000003	0.22440000000000002	0.25	0.26803333333333335	0.29536666666666667	0.3136	0.3527	0.39336666666666664	0.4625	0.5422333333333333	0.6060666666666668	0.7411666666666668	0.8332333333333334	0.9186333333333333	1.0121	1.0767666666666666	1.1611666666666667	1.1897333333333333	1.266	1.3146333333333333	1.3461999999999998	1.3814666666666666	1.4424666666666668	1.4868333333333332	1.5089666666666668	Growth with 50 mM (S)-lactic acid, no proline supplementation.	22.30426666666667
B4	0.005399999999999988	0.00686666666666666	0.0032666666666666677	0.004266666666666669	0.010800000000000004	0.002999999999999975	0.0038000000000000256	0.00736666666666666	0.01003333333333331	0.017266666666666652	0.010899999999999993	0.030233333333333334	0.025533333333333325	0.05206666666666668	0.03163333333333335	0.032933333333333314	0.07656666666666664	0.08253333333333335	0.09416666666666665	0.08796666666666669	0.0703	0.08263333333333336	0.09829999999999997	0.10300000000000001	0.10596666666666668	0.12373333333333333	0.1353333333333333	0.15263333333333332	0.15963333333333332	0.1768	0.18306666666666668	0.19646666666666665	0.21260000000000004	0.22973333333333332	0.25160000000000005	0.27236666666666665	0.2899666666666667	0.3098666666666666	0.34853333333333336	0.3690333333333333	0.4018999999999999	0.4284	0.4744666666666666	0.516	0.5527	0.6053333333333334	0.6462666666666667	0.7071333333333333	0.7419333333333333	0.7859666666666666	0.8441666666666667	0.8958333333333334	0.9557666666666667	1.0192333333333334	1.1061	1.1687	1.2279666666666667	1.2563666666666666	1.3615000000000002	1.4209	1.4669	Growth with 20 mM alanine supplementation, no lactic acid.	23.051699999999997
B5	0.0027333333333333237	0.004366666666666685	0.0	0.0	0.0	0.007333333333333331	0.0056333333333333235	0.0008666666666666822	0.006466666666666676	0.007666666666666627	0.002433333333333343	0.006466666666666676	0.009233333333333316	0.006599999999999995	0.00020000000000000573	0.00793333333333332	0.004133333333333322	0.0069666666666666766	0.002999999999999975	0.007833333333333331	0.0051666666666666805	0.0018666666666666831	0.0	0.0	0.001166666666666677	0.0040999999999999925	0.0	0.0	0.009466666666666679	0.0054333333333333456	0.011600000000000027	0.006933333333333319	0.005600000000000022	0.011000000000000038	0.002133333333333348	0.0	0.005466666666666675	0.009766666666666646	0.0	0.0024000000000000132	0.0	0.008033333333333337	0.0	0.0	0.002233333333333337	0.0	0.0	0.0	0.004833333333333328	0.0	0.0	0.0	0.0	0.002266666666666667	0.0031333333333333213	0.00023333333333336315	0.0	0.002533333333333332	0.0	0.0006666666666666765	0.0028000000000000247	Media control	0.19870000000000015
B6	0.0	0.0	0.00666666666666671	0.0	0.00520000000000001	0.00793333333333332	0.00793333333333332	0.012666666666666687	0.009266666666666673	0.017866666666666642	0.02043333333333333	0.016366666666666668	0.0184333333333333	0.023400000000000004	0.028500000000000025	0.027133333333333343	0.037133333333333324	0.03776666666666667	0.027299999999999963	0.04353333333333334	0.05296666666666666	0.05916666666666667	0.05573333333333333	0.0675	0.07946666666666669	0.07419999999999999	0.07913333333333333	0.0952	0.09986666666666669	0.09163333333333334	0.08729999999999999	0.10623333333333335	0.12460000000000004	0.1445	0.13513333333333336	0.1674333333333333	0.18286666666666668	0.19546666666666665	0.22206666666666666	0.23720000000000002	0.26380000000000003	0.25503333333333333	0.2929333333333333	0.3096333333333333	0.3240333333333333	0.34396666666666664	0.3569333333333333	0.40413333333333323	0.4127333333333333	0.42856666666666665	0.4567333333333333	0.48886666666666667	0.5297	0.5453666666666667	0.5880333333333333	0.6295333333333333	0.6525333333333333	0.6968333333333333	0.7367	0.7749666666666667	0.808	Growth with 20 mM alanine supplementation and 50 mM (S)-lactic acid.	13.004233333333332
B7	0.00180000000000001	0.004300000000000012	0.0023666666666666697	0.022266666666666657	0.016600000000000004	0.0	0.0018333333333333257	0.004299999999999998	0.006366666666666659	0.0	0.0005666666666666598	0.005166666666666653	0.0	0.0	0.0029333333333333156	0.004866666666666686	0.001266666666666666	0.0	0.014300000000000007	0.0	0.0002333333333333354	0.0	0.0179333333333333	0.011766666666666648	0.0	0.0019333333333333425	0.007166666666666682	0.007466666666666677	0.0001666666666666483	0.017100000000000004	0.016966666666666658	0.022199999999999998	0.010966666666666652	0.0018666666666666554	0.019233333333333352	0.02463333333333334	0.01319999999999999	0.012233333333333346	0.014633333333333304	0.0008333333333333248	0.005833333333333357	0.026266666666666633	0.005866666666666687	0.016400000000000026	0.01423333333333332	0.01720000000000002	0.01823333333333335	0.006566666666666665	0.007566666666666666	0.0	0.03663333333333335	0.016533333333333344	0.003799999999999998	0.01679999999999998	0.009033333333333338	0.009200000000000014	0.013766666666666677	0.0	0.021866666666666673	0.0051666666666666805	0.012199999999999989	Media control	0.5526333333333334
B8	0.009533333333333338	0.005166666666666667	0.02749999999999997	0.01683333333333334	0.02886666666666668	0.02943333333333334	0.025933333333333336	0.01959999999999998	0.04579999999999998	0.034900000000000014	0.03143333333333334	0.01830000000000001	0.05933333333333332	0.03956666666666667	0.02483333333333332	0.042300000000000004	0.03296666666666667	0.040166666666666684	0.04713333333333333	0.05366666666666667	0.059533333333333355	0.06519999999999998	0.07146666666666668	0.08573333333333336	0.07966666666666666	0.08309999999999998	0.07626666666666668	0.1142	0.1423	0.14446666666666666	0.15703333333333333	0.17940000000000003	0.1940333333333333	0.24116666666666667	0.23646666666666666	0.2828	0.3113666666666667	0.3369333333333333	0.37663333333333326	0.4076333333333334	0.45156666666666667	0.4809333333333333	0.5127666666666667	0.5666333333333333	0.6111666666666667	0.6561333333333333	0.7217	0.7819333333333334	0.843	0.8740333333333332	0.9414666666666666	1.026	1.1012000000000002	1.1432333333333333	1.2298333333333333	1.2944	1.3263666666666667	1.3609333333333333	1.4264333333333332	1.4841666666666666	1.5319666666666667	Growth with 20 mM proline supplementation, no lactic acid.	24.644533333333325
B9	0.00913333333333334	0.020366666666666658	0.021299999999999986	0.028033333333333355	0.028766666666666663	0.04693333333333333	0.02793333333333331	0.034499999999999975	0.0592	0.060500000000000026	0.055933333333333335	0.05100000000000002	0.07523333333333332	0.07706666666666667	0.06933333333333333	0.0695	0.10316666666666666	0.09216666666666667	0.10103333333333331	0.10456666666666667	0.10063333333333335	0.14009999999999997	0.1411666666666667	0.14673333333333333	0.1468666666666667	0.15000000000000005	0.1547666666666667	0.20160000000000003	0.2421	0.24826666666666666	0.2677333333333334	0.29209999999999997	0.3156333333333333	0.37116666666666664	0.37616666666666665	0.4255	0.4724666666666667	0.5208333333333333	0.5679333333333333	0.6198333333333333	0.6824666666666667	0.7295333333333334	0.7782666666666667	0.8575333333333335	0.9175666666666666	0.9723333333333334	1.0596	1.1379333333333332	1.187	1.2423333333333333	1.3019666666666667	1.3847	1.4873	1.4788333333333332	1.5966333333333333	1.6648	1.6935666666666667	1.7149333333333332	1.8122333333333334	1.8374666666666666	1.8804666666666667	Growth with 10 mM proline supplementation, no lactic acid.	34.45473333333332
B10	0.005066666666666678	0.02456666666666668	0.029066666666666657	0.03470000000000001	0.036033333333333334	0.04143333333333335	0.04743333333333333	0.04826666666666668	0.05593333333333331	0.05550000000000002	0.05503333333333335	0.05100000000000002	0.06513333333333335	0.0716	0.06770000000000001	0.07129999999999997	0.07263333333333336	0.08456666666666665	0.08406666666666668	0.08380000000000001	0.09276666666666666	0.10673333333333332	0.10303333333333331	0.12153333333333333	0.1119333333333333	0.12733333333333335	0.12493333333333334	0.16656666666666667	0.18826666666666667	0.20203333333333331	0.22069999999999998	0.2333666666666667	0.2454	0.2779666666666667	0.28926666666666667	0.3116333333333333	0.34486666666666665	0.3518	0.3926333333333333	0.4232	0.45986666666666665	0.4829	0.5181	0.5595	0.5998333333333333	0.6519333333333334	0.6963666666666666	0.7434333333333334	0.7889999999999999	0.8316333333333334	0.8817333333333334	0.9560333333333334	1.0186666666666666	1.0528333333333333	1.1421999999999999	1.2001	1.264	1.3022	1.3812333333333333	1.4165333333333332	1.4851	Growth with 10 mM proline supplementation and 50 mM (S)-lactic acid.	24.953999999999997
B11	0.00286666666666667	0.0027666666666666673	0.00326666666666664	0.008600000000000024	0.03543333333333332	0.045933333333333354	0.04783333333333334	0.03716666666666668	0.030733333333333335	0.025499999999999995	0.03823333333333334	0.0348	0.04783333333333334	0.06709999999999999	0.03539999999999999	0.04279999999999998	0.049133333333333334	0.06816666666666665	0.0947666666666667	0.03999999999999998	0.05106666666666665	0.06243333333333334	0.057033333333333325	0.08273333333333333	0.07643333333333335	0.08503333333333335	0.07623333333333332	0.12696666666666664	0.1446666666666667	0.16793333333333335	0.1693	0.19796666666666665	0.2146	0.2528666666666667	0.24566666666666667	0.29733333333333334	0.33066666666666666	0.35830000000000006	0.40123333333333333	0.4255000000000001	0.4704666666666667	0.5192	0.5433	0.6077	0.6488333333333334	0.7097333333333333	0.7201666666666666	0.8196333333333333	0.8818999999999999	0.8780333333333334	1.0135333333333334	1.0708333333333333	1.1383666666666665	1.1795333333333333	1.2497	1.3274	1.3686	1.3819	1.4649333333333334	1.4851333333333332	1.5468	Growth with 50 mM (S)-lactic acid, no proline supplementation.	25.608000000000004
B12	0.008899999999999991	0.012233333333333318	0.0232333333333333	0.02266666666666667	0.016666666666666663	0.032	0.0427666666666667	0.031700000000000006	0.033866666666666656	0.05673333333333333	0.043800000000000006	0.034	0.03876666666666667	0.04556666666666667	0.031799999999999995	0.04423333333333332	0.03790000000000002	0.0582	0.032466666666666644	0.041033333333333366	0.06519999999999998	0.07323333333333332	0.0562	0.0857333333333333	0.07929999999999998	0.0986	0.09496666666666667	0.1404	0.1593	0.17530000000000004	0.18863333333333332	0.20286666666666667	0.22516666666666665	0.2589666666666667	0.2650666666666667	0.30346666666666666	0.3293666666666667	0.3476666666666667	0.3984	0.4467333333333333	0.48996666666666666	0.5278	0.5627	0.6216666666666667	0.6847666666666667	0.7430333333333333	0.7779333333333334	0.8666666666666667	0.9421333333333334	0.9643333333333334	1.0933666666666666	1.1590333333333334	1.2370666666666668	1.2844666666666666	1.3764333333333334	1.4436333333333333	1.5165333333333333	1.5406	1.6181333333333334	1.647	1.7101	Baseline growth without any supplementation or treatment.	27.49046666666667
C1	0.0035666666666666763	0.015633333333333332	0.012266666666666676	0.016599999999999976	0.025033333333333352	0.01983333333333334	0.03366666666666665	0.036866666666666686	0.04026666666666667	0.05996666666666667	0.04296666666666665	0.0625	0.08660000000000001	0.09490000000000001	0.07140000000000002	0.09056666666666666	0.08653333333333332	0.10273333333333334	0.10420000000000004	0.12083333333333335	0.14283333333333334	0.1497666666666667	0.16513333333333333	0.1843666666666667	0.1998	0.2231	0.24313333333333334	0.2648666666666667	0.2904333333333333	0.32420000000000004	0.3431666666666666	0.3675666666666666	0.404	0.44086666666666663	0.4883666666666667	0.5154000000000001	0.5654333333333333	0.6177666666666667	0.6686	0.7207333333333332	0.7766666666666666	0.8256333333333333	0.8838333333333335	0.9491333333333334	1.0230333333333332	1.0889666666666666	1.1898666666666666	1.2447333333333332	1.3001666666666667	1.3943999999999999	1.4208333333333334	1.4781333333333333	1.5679	1.6162	1.6879	1.7220333333333333	1.7542666666666666	1.7549666666666668	1.8166333333333333	1.8702999999999999	1.8720333333333334	Growth with 10 mM proline supplementation, no lactic acid.	37.6841
C2	0.022166666666666668	0.011933333333333324	0.034866666666666685	0.014600000000000002	0.01953333333333332	0.021833333333333316	0.027466666666666695	0.03156666666666666	0.030066666666666686	0.029566666666666658	0.035466666666666674	0.0305	0.056999999999999995	0.06159999999999999	0.05020000000000002	0.05086666666666667	0.0640333333333333	0.08353333333333332	0.06970000000000001	0.08813333333333337	0.0963333333333333	0.09986666666666669	0.10563333333333333	0.12176666666666672	0.13210000000000002	0.14760000000000004	0.15233333333333335	0.16806666666666667	0.18993333333333332	0.2134	0.20736666666666664	0.23726666666666665	0.2612	0.28326666666666667	0.3016666666666667	0.3215	0.34753333333333336	0.3745666666666666	0.4082	0.4346333333333334	0.46876666666666666	0.5046333333333333	0.5424333333333333	0.5791333333333333	0.6209333333333333	0.6657666666666666	0.6985666666666666	0.7801333333333333	0.8298666666666668	0.8638	0.9424333333333335	0.9996333333333334	1.048	1.1235000000000002	1.1864	1.2503333333333333	1.3286666666666667	1.3710666666666667	1.4483333333333333	1.492	1.5351333333333335	Growth with 20 mM alanine supplementation, no lactic acid.	25.718400000000006
C3	0.04243333333333334	0.031799999999999995	0.03509999999999999	0.045399999999999996	0.034966666666666646	0.03003333333333333	0.038633333333333325	0.05710000000000001	0.06489999999999996	0.07959999999999998	0.0723	0.08836666666666668	0.13240000000000002	0.12023333333333333	0.12026666666666666	0.12493333333333334	0.13073333333333328	0.16870000000000002	0.1702	0.18799999999999997	0.20870000000000002	0.2142666666666667	0.23706666666666668	0.2682	0.2786333333333334	0.3067333333333333	0.3381666666666666	0.3653666666666666	0.4041	0.44816666666666666	0.48540000000000005	0.5207333333333334	0.578	0.6388666666666667	0.6910999999999999	0.7549666666666667	0.8176000000000001	0.892	0.9635	1.0337333333333332	1.1009666666666666	1.1847	1.2559	1.3404666666666667	1.4013	1.4710333333333334	1.5481666666666667	1.6531666666666667	1.6549333333333334	1.707733333333333	1.7570999999999999	1.7976666666666667	1.8582666666666665	1.9312333333333334	2.0234	1.9750333333333332	2.0006	1.9912666666666665	2.0837666666666665	2.0948333333333333	2.0930666666666666	Baseline growth without any supplementation or treatment.	48.14600000000001
C4	0.0017666666666666664	0.002633333333333321	0.008699999999999986	0.004266666666666669	0.0029000000000000137	0.0	0.0	0.0009666666666666435	0.0	0.0	0.0033999999999999864	0.0	0.0019333333333333425	0.001166666666666677	0.0006333333333333191	0.0	0.0	0.0	0.0	0.0	0.0	0.0	0.0029666666666666452	0.0016333333333333477	0.0	0.0	0.002066666666666661	0.0009666666666666712	0.0	0.0	0.0	0.0	0.0	0.0	0.0005333333333333024	0.0005000000000000004	0.0	0.0	0.007966666666666677	0.0032000000000000084	0.006399999999999989	0.0	0.0015333333333333032	0.002966666666666673	0.0	0.0033999999999999864	0.006933333333333319	0.007666666666666655	0.00303333333333336	0.010999999999999982	0.0037333333333333107	6.666666666665932e-05	0.006399999999999989	0.0	0.0	0.0003999999999999837	0.002366666666666656	0.0024000000000000132	0.0	0.004933333333333317	0.0	Media control	0.11143333333333313
C5	0.0033666666666666567	0.0	0.0	0.0033666666666666567	0.006100000000000022	0.0	0.002599999999999991	0.013266666666666704	0.0126	0.019233333333333325	0.024599999999999983	0.02043333333333333	0.023933333333333334	0.025466666666666665	0.03313333333333332	0.03570000000000001	0.040666666666666657	0.04473333333333332	0.03513333333333332	0.052733333333333354	0.06590000000000001	0.07049999999999998	0.08686666666666668	0.09353333333333333	0.0995	0.10216666666666666	0.09526666666666667	0.13646666666666668	0.14436666666666667	0.15250000000000005	0.13243333333333332	0.17700000000000002	0.1931333333333333	0.21480000000000002	0.19543333333333332	0.258	0.2794	0.2934333333333333	0.3312666666666667	0.3494	0.38239999999999996	0.40180000000000005	0.43933333333333324	0.46486666666666665	0.49659999999999993	0.5345	0.5122333333333333	0.6099666666666667	0.6399333333333334	0.6138	0.7123333333333333	0.7580666666666667	0.8095	0.8533666666666666	0.9095333333333333	0.9436	0.9952666666666666	1.0327	1.0857333333333334	1.1467333333333334	1.1878	Growth with 50 mM (S)-lactic acid, no proline supplementation.	19.398499999999995
C6	0.0	0.0	0.0	0.0	0.0	0.0	0.0	0.0023666666666666836	0.0	0.006066666666666637	0.011433333333333323	0.006566666666666665	0.008833333333333304	0.017500000000000016	0.023100000000000037	0.019233333333333325	0.030633333333333318	0.03266666666666668	0.02859999999999996	0.043833333333333335	0.05446666666666666	0.06436666666666668	0.06493333333333334	0.07550000000000001	0.09036666666666668	0.08860000000000001	0.10743333333333333	0.1199	0.1284666666666667	0.12133333333333335	0.13890000000000002	0.14583333333333331	0.17320000000000002	0.19269999999999995	0.20753333333333338	0.2328333333333333	0.2599666666666667	0.2760666666666667	0.3140666666666667	0.3358	0.36970000000000003	0.3712333333333333	0.4229333333333334	0.45643333333333336	0.49183333333333334	0.5250666666666667	0.5829333333333334	0.6185333333333333	0.6518333333333334	0.7190666666666667	0.7381333333333333	0.7814666666666668	0.8357	0.8914666666666666	0.9503333333333334	0.9937333333333334	1.0463333333333336	1.1070333333333333	1.1462	1.2119666666666666	1.2599	Growth with 10 mM proline supplementation and 50 mM (S)-lactic acid.	19.59493333333333
C7	0.009500000000000008	0.016800000000000023	0.033066666666666675	0.014466666666666655	0.03469999999999998	0.026066666666666655	0.027933333333333338	0.032299999999999995	0.028466666666666668	0.043833333333333335	0.052866666666666645	0.04576666666666665	0.039133333333333326	0.061166666666666675	0.0595333333333333	0.03326666666666667	0.06496666666666667	0.07426666666666668	0.0476	0.0821	0.08533333333333334	0.10066666666666668	0.09143333333333331	0.10906666666666667	0.11183333333333334	0.11813333333333331	0.13656666666666664	0.14806666666666665	0.16276666666666662	0.1605	0.18626666666666666	0.2018	0.23206666666666662	0.2637666666666667	0.2997333333333333	0.3150333333333334	0.35259999999999997	0.37793333333333334	0.42923333333333324	0.4669333333333333	0.5095333333333334	0.5213666666666666	0.5868666666666668	0.6484	0.6832333333333334	0.7347	0.8338333333333334	0.8909666666666667	0.9246666666666666	1.0098666666666667	1.0397333333333334	1.1164333333333334	1.1974	1.2551999999999999	1.3082333333333334	1.3767999999999998	1.4223666666666666	1.4662666666666666	1.5184666666666666	1.5614666666666666	1.6239	Growth with 20 mM proline supplementation, no lactic acid.	27.40723333333333
C8	0.0	0.0	0.0	0.0	0.0	0.0	0.0	0.0	0.0	0.0	0.0	0.0	0.0	0.0	0.0	0.0	0.0	0.0	0.0	0.0	0.0	0.0	0.0	0.0	0.0	0.0	0.0	0.0	0.0	0.0	0.0	0.0	0.0	0.0	0.0	0.0	0.0	0.0	0.0	0.0	0.0	0.0	0.0	0.0	0.0	0.0	0.0	0.0	0.0	0.0	0.0	0.0	0.0	0.0	0.0	0.0	0.0	0.0	0.0	0.0	0.0	Media control	0.0
C9	0.0	0.005966666666666662	0.01579999999999998	0.011433333333333351	0.016466666666666657	0.029533333333333328	0.02893333333333334	0.033499999999999974	0.03459999999999999	0.042200000000000015	0.043333333333333335	0.03900000000000001	0.05723333333333333	0.062166666666666676	0.06153333333333333	0.06259999999999999	0.07336666666666666	0.0826666666666667	0.07173333333333334	0.08856666666666665	0.09733333333333336	0.1127	0.11026666666666665	0.14193333333333336	0.1417666666666667	0.15629999999999997	0.16146666666666668	0.20260000000000003	0.23599999999999996	0.2515666666666667	0.26883333333333337	0.2854	0.3099333333333333	0.35226666666666673	0.3522666666666666	0.3932	0.4320666666666666	0.46033333333333326	0.5249333333333333	0.5607333333333333	0.6114666666666667	0.6270333333333333	0.6828666666666667	0.7459333333333333	0.7961666666666667	0.8587333333333332	0.9029	0.9727333333333333	1.03	1.0656333333333332	1.1126666666666667	1.1999	1.2732	1.3306333333333333	1.3934333333333333	1.4517	1.4727666666666668	1.5227333333333333	1.5655333333333332	1.6171666666666666	1.6613666666666667	Growth with 10 mM proline supplementation and 50 mM (S)-lactic acid.	30.307100000000002
C10	0.01706666666666666	0.011166666666666686	0.03576666666666664	0.0325	0.04923333333333332	0.06613333333333335	0.03363333333333332	0.04976666666666668	0.055433333333333334	0.06560000000000002	0.04623333333333335	0.06420000000000001	0.08783333333333335	0.06059999999999999	0.050799999999999984	0.0673	0.07933333333333334	0.07416666666666666	0.08226666666666668	0.05379999999999999	0.06326666666666667	0.07683333333333334	0.07413333333333333	0.09443333333333331	0.08373333333333335	0.11113333333333336	0.09743333333333332	0.14556666666666665	0.1663666666666667	0.18233333333333332	0.1989	0.21456666666666666	0.2353	0.27036666666666664	0.28736666666666666	0.32583333333333336	0.3564666666666666	0.3752	0.4259333333333333	0.4486000000000001	0.5066666666666666	0.5454	0.5756	0.6532	0.7070333333333333	0.7644333333333333	0.8230666666666666	0.8811333333333333	0.9391	0.9787333333333335	1.0486333333333333	1.1327333333333334	1.1859666666666666	1.2547333333333333	1.3156999999999999	1.3731	1.4334	1.4896	1.5232333333333332	1.5652333333333333	1.6505	Growth with 20 mM proline supplementation, no lactic acid.	27.663799999999995
C11	0.027999999999999997	0.019733333333333325	0.027133333333333315	0.03736666666666669	0.03106666666666666	0.0466	0.043166666666666714	0.04679999999999998	0.04296666666666665	0.04513333333333333	0.0456	0.03720000000000001	0.06576666666666667	0.06266666666666665	0.06039999999999998	0.06513333333333332	0.061100000000000015	0.07590000000000002	0.06516666666666665	0.07213333333333335	0.08280000000000001	0.09203333333333336	0.08700000000000002	0.11673333333333333	0.1078	0.1268	0.1258666666666667	0.1621	0.18380000000000002	0.19200000000000003	0.20753333333333335	0.2212666666666667	0.23616666666666666	0.2685666666666666	0.26946666666666663	0.3017666666666667	0.3252666666666667	0.3414666666666666	0.3831	0.41633333333333333	0.4483666666666667	0.4678000000000001	0.4999	0.5317666666666667	0.5825666666666667	0.6280333333333333	0.6608333333333334	0.7128666666666666	0.7566333333333334	0.8081333333333333	0.8761666666666666	0.9361333333333333	0.9865666666666667	1.0612666666666666	1.1080333333333334	1.1893333333333334	1.2327333333333332	1.3197	1.3627333333333334	1.3918	1.4618	Growth with 20 mM proline supplementation and 50 mM (S)-lactic acid.	24.25006666666667
C12	0.015699999999999992	0.0	0.0	0.0069666666666666766	0.0	0.00789999999999999	0.011766666666666675	0.014500000000000013	0.008166666666666655	0.014433333333333326	0.01419999999999999	0.0020000000000000018	0.028566666666666657	0.025466666666666665	0.0199	0.02003333333333332	0.017100000000000004	0.028600000000000014	0.013366666666666638	0.018733333333333352	0.025300000000000017	0.032333333333333325	0.0199	0.04403333333333331	0.027599999999999986	0.04070000000000004	0.030266666666666664	0.0653	0.0743	0.0796	0.09053333333333335	0.08946666666666667	0.09346666666666667	0.11646666666666669	0.10576666666666665	0.12456666666666666	0.1283666666666667	0.13426666666666667	0.15869999999999998	0.16723333333333334	0.18386666666666665	0.19350000000000003	0.19839999999999997	0.21486666666666668	0.2412666666666667	0.26413333333333333	0.2758333333333333	0.2920666666666667	0.3055333333333333	0.32133333333333336	0.3464666666666667	0.36983333333333335	0.39716666666666667	0.41356666666666664	0.44043333333333334	0.45843333333333325	0.49373333333333336	0.5126000000000001	0.5471333333333334	0.5502	0.5999	Growth with 20 mM alanine supplementation and 50 mM (S)-lactic acid.	9.535833333333333
D1	0.0062666666666666565	0.014266666666666677	0.002033333333333359	0.0003666666666666818	0.005099999999999993	0.016000000000000014	0.013933333333333325	0.021166666666666667	0.021233333333333326	0.028433333333333338	0.02416666666666667	0.022200000000000025	0.028233333333333333	0.025633333333333314	0.03196666666666664	0.03766666666666668	0.03866666666666668	0.04196666666666668	0.04199999999999998	0.04613333333333333	0.05096666666666666	0.051733333333333326	0.05553333333333332	0.06413333333333335	0.06746666666666667	0.06869999999999998	0.08149999999999999	0.09079999999999999	0.09833333333333333	0.10516666666666663	0.11123333333333332	0.1182	0.1263	0.13590000000000005	0.1527	0.15866666666666668	0.17429999999999998	0.18143333333333334	0.20309999999999997	0.2174	0.23576666666666665	0.24989999999999998	0.2614333333333333	0.28453333333333336	0.30956666666666666	0.3329666666666667	0.34806666666666664	0.3698666666666667	0.3972333333333333	0.4194333333333333	0.4461333333333334	0.47239999999999993	0.49516666666666664	0.529	0.5563666666666667	0.5872666666666666	0.6174000000000001	0.6419333333333332	0.6788666666666666	0.7123666666666666	0.7483000000000001	Growth with 20 mM alanine supplementation and 50 mM (S)-lactic acid.	12.474966666666667
D2	0.021933333333333346	0.025266666666666646	0.012733333333333319	0.0174	0.0194	0.01993333333333333	0.025099999999999983	0.03296666666666667	0.03740000000000002	0.04259999999999997	0.04526666666666668	0.046466666666666656	0.05249999999999999	0.053333333333333344	0.05976666666666669	0.06783333333333336	0.07396666666666668	0.08153333333333335	0.09113333333333332	0.0992666666666667	0.11013333333333336	0.12076666666666666	0.1353333333333333	0.14873333333333333	0.1666	0.17619999999999997	0.2122666666666667	0.21779999999999997	0.2389	0.26436666666666664	0.29399999999999993	0.3058666666666666	0.33386666666666664	0.35816666666666663	0.40423333333333333	0.4137333333333333	0.45030000000000003	0.4725	0.5101666666666667	0.548	0.5856333333333333	0.6302333333333333	0.6678666666666666	0.7149333333333333	0.7606333333333334	0.8316333333333333	0.8995666666666667	0.9313666666666667	0.9752000000000001	1.0663999999999998	1.1046666666666667	1.1667666666666667	1.2192333333333334	1.2743	1.3521666666666667	1.4168666666666667	1.4631666666666667	1.4877	1.5707666666666666	1.5944	1.6174	Growth with 10 mM proline supplementation and 50 mM (S)-lactic acid.	30.13863333333333
D3	0.0	0.0	0.0019333333333333147	0.0	0.006199999999999983	0.014033333333333314	0.009500000000000008	0.005966666666666648	0.0049000000000000155	0.0031999999999999806	0.0008666666666666545	0.00896666666666665	0.0	0.00523333333333334	0.008066666666666666	0.007833333333333359	0.008666666666666684	0.005833333333333357	0.00743333333333332	0.008366666666666661	0.008033333333333337	0.012466666666666681	0.0021333333333333204	0.002133333333333348	0.008000000000000007	0.002599999999999991	0.0053666666666666585	0.00959999999999997	0.005600000000000022	0.0	0.006699999999999984	0.005866666666666659	0.005566666666666692	0.004466666666666647	0.0	0.005133333333333323	0.005199999999999982	0.0068999999999999895	0.0006666666666666765	0.00040000000000001146	0.0035333333333333328	0.004333333333333328	0.004066666666666663	0.008933333333333349	0.009933333333333322	0.005633333333333351	0.0053666666666666585	0.009066666666666695	0.00020000000000000573	0.0030000000000000027	0.008666666666666684	0.007766666666666672	0.004333333333333328	0.0067000000000000115	0.008766666666666645	0.01156666666666667	0.0069666666666666766	0.00830000000000003	0.006166666666666681	0.0058	0.006500000000000006	Media control	0.3394333333333334
D4	0.038400000000000004	0.028200000000000003	0.039066666666666666	0.04720000000000002	0.042633333333333356	0.04526666666666665	0.04516666666666666	0.06433333333333333	0.052833333333333315	0.05299999999999999	0.06353333333333333	0.06923333333333331	0.0710666666666667	0.07703333333333334	0.08743333333333334	0.09873333333333334	0.11226666666666665	0.12893333333333332	0.1555	0.16050000000000003	0.18433333333333332	0.19870000000000002	0.2180333333333333	0.24180000000000001	0.2562666666666667	0.2778333333333333	0.28926666666666667	0.3320666666666667	0.36206666666666665	0.4037333333333334	0.41846666666666665	0.48153333333333337	0.5078333333333332	0.5513666666666667	0.5752	0.6562666666666667	0.7127333333333333	0.7523333333333334	0.8256666666666667	0.8789000000000001	0.9425666666666668	1.0175666666666667	1.0628	1.1603999999999999	1.2370666666666668	1.3051	1.3576	1.4627000000000001	1.5016666666666667	1.5854666666666666	1.6522666666666666	1.6693666666666664	1.7828	1.7693	1.9125333333333334	1.9882333333333335	1.9803333333333333	2.001533333333333	2.0802333333333336	2.100433333333333	1.9999999999999998	Baseline growth without any supplementation or treatment.	44.1747
D5	0.010366666666666663	0.018333333333333313	0.004200000000000009	0.014066666666666672	0.01100000000000001	0.017633333333333334	0.024900000000000005	0.029766666666666636	0.025999999999999995	0.020333333333333314	0.04979999999999998	0.02463333333333334	0.02623333333333333	0.054366666666666674	0.044433333333333325	0.041800000000000004	0.05716666666666664	0.059133333333333316	0.06673333333333334	0.09463333333333332	0.1096	0.11739999999999998	0.13186666666666663	0.14043333333333335	0.1544	0.1638666666666667	0.17706666666666665	0.2114666666666667	0.23176666666666665	0.252	0.24983333333333332	0.29380000000000006	0.32433333333333325	0.3536	0.3693333333333333	0.43200000000000005	0.4636	0.5063333333333333	0.5733666666666667	0.6262000000000001	0.6882	0.725	0.7889333333333333	0.8498666666666665	0.9179999999999999	0.9907999999999999	1.0215333333333334	1.1466666666666667	1.2074333333333334	1.2481	1.3484333333333334	1.4173666666666667	1.499	1.5459666666666667	1.6034333333333333	1.6991	1.7523666666666669	1.8239	1.8776333333333333	1.8166333333333333	1.8521	Baseline growth without any supplementation or treatment.	34.398266666666665
D6	0.029333333333333322	0.024866666666666676	0.03256666666666666	0.032799999999999996	0.029299999999999993	0.027433333333333337	0.030333333333333323	0.050666666666666665	0.009666666666666657	0.022866666666666646	0.03413333333333332	0.03306666666666666	0.03143333333333331	0.0693	0.0514	0.052733333333333327	0.07203333333333331	0.06866666666666668	0.06859999999999997	0.07533333333333334	0.08796666666666667	0.09766666666666668	0.08623333333333333	0.10969999999999999	0.12156666666666668	0.1154	0.13913333333333333	0.15259999999999999	0.1672666666666667	0.15833333333333333	0.17840000000000003	0.18843333333333334	0.2153	0.24500000000000002	0.25773333333333337	0.2876333333333333	0.31346666666666667	0.3401666666666666	0.3916666666666667	0.4121	0.45389999999999997	0.45233333333333337	0.5062333333333333	0.5470333333333334	0.5919333333333333	0.6401666666666667	0.7072333333333334	0.7500333333333333	0.7808333333333334	0.8605666666666667	0.8778333333333332	0.9424666666666667	1.0213	1.0666666666666667	1.1396333333333335	1.2285333333333333	1.2713333333333332	1.3487333333333333	1.4113	1.4385666666666668	1.5024000000000002	Growth with 20 mM alanine supplementation, no lactic acid.	24.451333333333334
D7	0.006900000000000017	0.01390000000000001	0.01556666666666666	0.009466666666666679	0.018299999999999983	0.023766666666666658	0.020133333333333336	0.03140000000000001	0.05186666666666667	0.039633333333333354	0.050166666666666665	0.03886666666666666	0.043333333333333335	0.06716666666666668	0.0670333333333333	0.061666666666666675	0.09256666666666666	0.0783666666666667	0.0827	0.1054	0.11463333333333334	0.13466666666666668	0.14053333333333332	0.15976666666666664	0.17273333333333335	0.1847333333333333	0.21356666666666665	0.23266666666666666	0.24706666666666666	0.2552	0.28546666666666665	0.3075	0.34306666666666663	0.39236666666666664	0.4356333333333333	0.4660333333333334	0.5145	0.5639333333333334	0.6229333333333333	0.6717333333333333	0.7442333333333334	0.7659666666666666	0.8357666666666668	0.9142000000000001	0.9760333333333333	1.0333	1.1649333333333332	1.1923666666666666	1.2280666666666666	1.3732666666666666	1.3581333333333334	1.4297333333333335	1.5017	1.5213999999999999	1.6281333333333332	1.7058	1.7274666666666665	1.7724666666666666	1.8179666666666667	1.8205666666666667	1.8162	Growth with 10 mM proline supplementation, no lactic acid.	35.704633333333334
D8	0.0	0.01046666666666668	0.014800000000000008	0.004566666666666663	0.01103333333333334	0.018799999999999983	0.01786666666666667	0.02159999999999998	0.019133333333333336	0.024333333333333346	0.0262	0.025900000000000006	0.02513333333333334	0.03256666666666666	0.032366666666666655	0.03413333333333335	0.040633333333333355	0.04083333333333333	0.03606666666666669	0.047033333333333316	0.055366666666666675	0.060200000000000004	0.05736666666666668	0.06710000000000002	0.07333333333333333	0.07626666666666665	0.09103333333333333	0.0937	0.10869999999999996	0.1031	0.12136666666666665	0.11846666666666669	0.1299	0.14266666666666666	0.16493333333333332	0.14959999999999998	0.16473333333333331	0.16153333333333333	0.16523333333333334	0.15209999999999999	0.16756666666666667	0.1595	0.16933333333333334	0.15726666666666664	0.1605	0.14803333333333332	0.2335666666666667	0.19243333333333332	0.1396666666666667	0.20220000000000002	0.1387	0.17050000000000004	0.1817	0.1950666666666667	0.22463333333333332	0.24810000000000001	0.24806666666666669	0.27893333333333337	0.2984	0.32536666666666664	0.34506666666666663	Growth with 20 mM proline supplementation and 50 mM (S)-lactic acid.	7.124766666666668
D9	0.018500000000000003	0.02536666666666669	0.01296666666666664	0.023333333333333345	0.035999999999999976	0.03940000000000002	0.03236666666666668	0.033766666666666695	0.035366666666666685	0.036533333333333334	0.06689999999999999	0.044800000000000006	0.048133333333333306	0.0637	0.054433333333333306	0.061133333333333345	0.07710000000000003	0.07043333333333335	0.09970000000000004	0.07366666666666669	0.10619999999999999	0.09723333333333334	0.1034333333333333	0.11549999999999999	0.1162	0.1355	0.16080000000000003	0.17556666666666665	0.19336666666666663	0.21216666666666667	0.2467333333333333	0.2632333333333333	0.2885666666666667	0.31226666666666664	0.3600333333333334	0.3831333333333333	0.4268333333333333	0.45629999999999993	0.4974333333333334	0.5383666666666667	0.5932666666666667	0.6529666666666667	0.7015666666666667	0.7796333333333333	0.8379666666666666	0.8939333333333334	0.9832333333333333	1.0528333333333333	1.1157666666666666	1.183	1.2616666666666667	1.3168333333333333	1.4082666666666666	1.4441666666666666	1.4911	1.6078000000000001	1.6557	1.6881	1.7650000000000001	1.7205333333333332	1.7857999999999998	Growth with 20 mM proline supplementation, no lactic acid.	32.081599999999995
D10	0.0040000000000000036	0.019666666666666652	0.02436666666666666	0.030633333333333346	0.03169999999999998	0.031	0.03866666666666668	0.040166666666666656	0.04196666666666668	0.04323333333333332	0.04550000000000001	0.04619999999999999	0.046433333333333354	0.05309999999999998	0.05303333333333332	0.05673333333333333	0.05210000000000001	0.05513333333333334	0.05150000000000002	0.05676666666666666	0.06290000000000001	0.07453333333333334	0.07163333333333335	0.07700000000000001	0.07569999999999999	0.0837	0.0922	0.10156666666666667	0.1096666666666666	0.11756666666666668	0.13503333333333334	0.14153333333333332	0.15416666666666667	0.16496666666666665	0.18383333333333338	0.19243333333333332	0.20913333333333337	0.22269999999999998	0.23953333333333335	0.2507666666666667	0.2723666666666667	0.3041666666666667	0.31676666666666664	0.34613333333333335	0.3709666666666667	0.38973333333333327	0.4397333333333333	0.4564333333333333	0.4816666666666667	0.5235	0.5339666666666667	0.5776333333333333	0.6066666666666667	0.6404666666666667	0.6860999999999999	0.7214999999999999	0.7515999999999999	0.8045	0.8483999999999999	0.8829333333333335	0.9409	Growth with 50 mM (S)-lactic acid, no proline supplementation.	15.478600000000002
D11	0.005633333333333337	0.00813333333333334	0.010533333333333339	0.015499999999999986	0.005933333333333346	0.005066666666666664	0.011099999999999999	0.007599999999999996	0.0	6.666666666665932e-05	0.0016666666666666496	0.0014000000000000123	0.00626666666666667	0.0015666666666666607	0.002633333333333321	0.0009666666666666712	0.011266666666666675	0.0024666666666666726	0.0	0.017400000000000027	0.015833333333333338	0.0	0.010000000000000009	0.025499999999999995	0.025066666666666654	0.01936666666666667	0.029033333333333355	0.01780000000000001	0.03109999999999999	0.023933333333333362	0.01576666666666668	0.025833333333333347	0.018133333333333335	0.031166666666666676	0.022233333333333327	0.03356666666666666	0.024333333333333346	0.037466666666666676	0.026499999999999996	0.02990000000000001	0.026066666666666682	0.026866666666666678	0.01626666666666665	0.0179	0.021100000000000008	0.019333333333333313	0.03	0.00906666666666664	0.015600000000000003	0.009599999999999997	0.01630000000000001	0.005833333333333329	0.006566666666666693	0.009200000000000014	0.031733333333333336	0.03323333333333334	0.019733333333333325	0.022799999999999987	0.005999999999999978	0.0247	0.012500000000000011	Media control	0.9581333333333335
D12	0.008433333333333334	0.004333333333333342	0.0029333333333333156	0.007199999999999984	0.0019333333333333425	0.00736666666666666	0.011400000000000021	0.013500000000000012	0.005700000000000011	0.01366666666666666	0.01786666666666667	0.011700000000000016	0.023766666666666686	0.031866666666666654	0.03113333333333332	0.036466666666666675	0.03256666666666669	0.04156666666666667	0.04099999999999998	0.048400000000000026	0.05793333333333334	0.06743333333333335	0.0658	0.0799	0.08456666666666665	0.09666666666666668	0.11103333333333334	0.1205	0.1287	0.13413333333333335	0.1607666666666667	0.16613333333333333	0.18833333333333335	0.2094666666666667	0.23573333333333335	0.24586666666666665	0.26793333333333336	0.28946666666666665	0.3214	0.3448	0.3766666666666667	0.41456666666666664	0.4374666666666666	0.4739	0.512	0.5555333333333333	0.5795999999999999	0.5987666666666667	0.5959	0.6225	0.6518999999999999	0.6937333333333333	0.7297666666666667	0.7797000000000001	0.8230333333333333	0.8571333333333333	0.9157333333333333	0.9588	1.0031999999999999	1.0569	1.1209	Growth with 20 mM proline supplementation and 50 mM (S)-lactic acid.	18.527066666666666
E1	0.013866666666666666	0.014266666666666677	0.00523333333333334	0.008666666666666656	0.015600000000000003	0.023899999999999977	0.023433333333333334	0.03306666666666669	0.036533333333333334	0.04283333333333336	0.042666666666666686	0.04219999999999999	0.050133333333333335	0.052733333333333327	0.06196666666666664	0.06816666666666668	0.07516666666666666	0.08436666666666667	0.09030000000000002	0.09803333333333333	0.10776666666666665	0.11623333333333333	0.13303333333333336	0.14483333333333334	0.15986666666666668	0.16999999999999998	0.19000000000000003	0.21159999999999998	0.23033333333333333	0.24916666666666668	0.2694333333333333	0.2895	0.31490000000000007	0.3383	0.36550000000000005	0.40026666666666666	0.4314	0.45523333333333327	0.4867	0.5043	0.5305666666666667	0.5765	0.5853333333333333	0.5615333333333333	0.5640666666666666	0.5844666666666667	0.5091666666666667	0.6719666666666667	0.7213333333333334	0.6217333333333334	0.8190333333333334	0.8678999999999999	0.9155666666666666	0.9847	1.0282666666666667	1.0663666666666667	1.1264	1.1744333333333332	1.2350666666666665	1.2930666666666666	1.3220999999999998	Growth with 20 mM proline supplementation and 50 mM (S)-lactic acid.	24.211066666666667
E2	0.0	0.0	0.0	0.0	0.0	0.0	0.0	0.0	0.0	0.0	0.0	0.0	0.0	0.0	0.0	0.0	0.0	0.0	0.0	0.0	0.0	0.0	0.0	0.0	0.0	0.0	0.0	0.0	0.0	0.0	0.0	0.0	0.0	0.0	0.0	0.0	0.0	0.0	0.0	0.0	0.0	0.0	0.0	0.0	0.0	0.0	0.0	0.0	0.0	0.0	0.0	0.0	0.0	0.0	0.0	0.0	0.0	0.0	0.0	0.0	0.0	Media control	0.0
E3	0.021933333333333332	0.01573333333333332	0.004933333333333345	0.020900000000000002	0.020100000000000007	0.024666666666666642	0.030099999999999988	0.0295	0.03639999999999999	0.03476666666666667	0.042300000000000004	0.036866666666666686	0.04506666666666667	0.046999999999999986	0.04936666666666667	0.05676666666666669	0.06816666666666665	0.06976666666666667	0.0748	0.08383333333333332	0.09146666666666667	0.1051	0.12009999999999998	0.13126666666666664	0.14803333333333338	0.16059999999999994	0.17213333333333333	0.1991666666666667	0.21559999999999999	0.24416666666666667	0.24863333333333335	0.28346666666666664	0.3156333333333333	0.3390666666666667	0.3622666666666666	0.40069999999999995	0.4372666666666667	0.47239999999999993	0.5127666666666667	0.5493	0.5896666666666667	0.6532	0.7073333333333334	0.7659666666666667	0.8229	0.8854333333333333	0.9399	1.023966666666667	1.0995000000000001	1.1338333333333332	1.2328000000000001	1.2916333333333334	1.3564333333333334	1.4205666666666665	1.5238333333333334	1.5563333333333333	1.6487	1.6988333333333334	1.7853	1.8303	1.8458666666666668	Growth with 20 mM proline supplementation, no lactic acid.	32.1344
E4	0.02333333333333333	0.01683333333333334	0.00993333333333335	0.020200000000000023	0.022400000000000003	0.02256666666666665	0.024599999999999983	0.03130000000000002	0.03569999999999998	0.04076666666666667	0.041800000000000004	0.04116666666666666	0.04846666666666666	0.05509999999999998	0.059566666666666684	0.06656666666666664	0.07366666666666666	0.08396666666666666	0.09150000000000003	0.09813333333333335	0.10886666666666667	0.12310000000000001	0.14020000000000002	0.1512666666666667	0.16633333333333333	0.18519999999999995	0.1970333333333333	0.21496666666666667	0.23150000000000004	0.2544666666666666	0.26193333333333335	0.29466666666666663	0.3198333333333333	0.34546666666666664	0.36896666666666667	0.39549999999999996	0.4299666666666667	0.46280000000000004	0.5019666666666667	0.5300999999999999	0.5544666666666667	0.6053	0.6434333333333333	0.6838666666666667	0.7444999999999999	0.7903333333333333	0.7921	0.8800666666666667	0.9669	0.9805333333333333	1.0948000000000002	1.1432333333333333	1.2320333333333333	1.2716666666666665	1.3621333333333332	1.4125333333333334	1.4926	1.5489333333333333	1.59	1.6517	1.6808666666666667	Growth with 50 mM (S)-lactic acid, no proline supplementation.	29.713699999999996
E5	0.005400000000000016	0.0003000000000000086	0.0	0.007400000000000018	0.003433333333333316	0.0018666666666666554	0.006466666666666648	0.01373333333333332	0.018633333333333307	0.021300000000000013	0.02413333333333334	0.021933333333333332	0.028466666666666696	0.030633333333333346	0.034933333333333344	0.0401333333333333	0.04196666666666665	0.05053333333333335	0.05360000000000001	0.06090000000000001	0.07033333333333333	0.0754	0.09133333333333335	0.09619999999999998	0.10416666666666669	0.1144333333333333	0.11876666666666669	0.14166666666666666	0.14536666666666667	0.15753333333333333	0.16416666666666666	0.18273333333333336	0.19983333333333334	0.21746666666666667	0.2289	0.2589666666666667	0.2774333333333333	0.2990333333333334	0.3238666666666667	0.3447	0.3623666666666667	0.38726666666666665	0.40249999999999997	0.4265	0.4563666666666667	0.48550000000000004	0.4952	0.5315	0.5668666666666666	0.5907666666666667	0.6350666666666667	0.6645666666666666	0.7059	0.7366	0.7817333333333333	0.8087333333333333	0.8544333333333333	0.9009333333333333	0.9439333333333333	0.9940333333333333	1.0334	Growth with 20 mM alanine supplementation and 50 mM (S)-lactic acid.	17.842233333333333
E6	0.015866666666666668	0.020699999999999982	0.014300000000000007	0.02416666666666667	0.027400000000000008	0.025466666666666665	0.0383	0.03376666666666664	0.051199999999999996	0.05513333333333334	0.050566666666666676	0.05540000000000003	0.05936666666666668	0.07123333333333332	0.07483333333333334	0.08586666666666667	0.10793333333333333	0.1048333333333333	0.11696666666666669	0.14473333333333335	0.1615	0.17733333333333334	0.1897666666666667	0.2082	0.219	0.23723333333333335	0.2649	0.29883333333333334	0.3322	0.3593666666666666	0.3814000000000001	0.43476666666666663	0.4709333333333333	0.5250666666666667	0.5555333333333333	0.6227666666666667	0.6738	0.7281666666666666	0.7948666666666667	0.8523333333333334	0.9160666666666667	0.9935999999999999	1.0545	1.1421999999999999	1.2191666666666667	1.3058333333333334	1.3440333333333332	1.4312333333333331	1.5261333333333333	1.5643333333333334	1.6624333333333332	1.7072333333333334	1.7686	1.8281	1.9324666666666666	1.9636333333333336	2.0267666666666666	2.0402666666666667	2.0603	2.1129	2.117366666666667	Baseline growth without any supplementation or treatment.	43.38316666666667
E7	0.0	0.005866666666666673	0.007699999999999985	0.0	0.0012333333333333363	0.009199999999999986	0.01156666666666667	0.013900000000000023	0.012333333333333335	0.02093333333333336	0.026599999999999985	0.02429999999999999	0.028633333333333316	0.03826666666666667	0.039166666666666655	0.042633333333333356	0.048933333333333356	0.05573333333333333	0.05396666666666669	0.06973333333333331	0.08116666666666666	0.0925	0.08876666666666666	0.11299999999999999	0.12233333333333332	0.12806666666666666	0.15543333333333334	0.1644	0.1917	0.19379999999999997	0.22526666666666664	0.23696666666666666	0.2632	0.29946666666666666	0.3272333333333333	0.3499	0.3773333333333333	0.4147333333333334	0.44933333333333336	0.4744999999999999	0.5317666666666667	0.5436	0.5994333333333334	0.6421666666666667	0.6871999999999999	0.7275333333333333	0.8178666666666667	0.8273333333333334	0.8873666666666666	0.9647	0.9858	1.0602999999999998	1.1279000000000001	1.1708666666666665	1.2498333333333334	1.3046	1.3458666666666668	1.4211333333333334	1.4569	1.5394666666666668	1.5729666666666666	Growth with 10 mM proline supplementation and 50 mM (S)-lactic acid.	26.724400000000003
E8	0.004799999999999999	0.017233333333333337	0.01976666666666667	0.024766666666666687	0.02466666666666667	0.024966666666666693	0.029633333333333317	0.03180000000000002	0.03319999999999998	0.0383	0.04003333333333331	0.045966666666666656	0.04529999999999998	0.054733333333333356	0.05766666666666667	0.0658	0.07060000000000002	0.07483333333333334	0.08073333333333332	0.09040000000000001	0.10409999999999997	0.11273333333333335	0.1250666666666667	0.1403	0.15030000000000002	0.16156666666666664	0.18446666666666667	0.20059999999999997	0.22809999999999997	0.2436333333333333	0.2678333333333333	0.2956	0.3156	0.34316666666666673	0.3732	0.4014333333333333	0.4338666666666666	0.4642333333333334	0.5051666666666667	0.5364666666666666	0.5726333333333333	0.6162666666666666	0.6512666666666667	0.7135333333333334	0.7535666666666666	0.7890666666666666	0.8402	0.9007	0.9507666666666665	0.9955999999999999	1.0647666666666666	1.1032333333333333	1.1622666666666666	1.2182	1.2897333333333332	1.3500333333333334	1.3947666666666667	1.439	1.5081333333333333	1.5637666666666665	1.5998666666666668	Growth with 50 mM (S)-lactic acid, no proline supplementation.	28.939999999999998
E9	0.007400000000000004	0.014533333333333343	0.013666666666666674	0.013466666666666682	0.015466666666666684	0.013566666666666671	0.01733333333333334	0.020600000000000007	0.02429999999999999	0.027499999999999997	0.032833333333333325	0.038566666666666666	0.03849999999999998	0.04923333333333335	0.05346666666666666	0.0605	0.06640000000000001	0.06823333333333334	0.06633333333333333	0.08180000000000001	0.09219999999999998	0.10383333333333333	0.11616666666666667	0.12799999999999997	0.1364	0.15066666666666667	0.15986666666666666	0.18400000000000002	0.20489999999999997	0.22573333333333334	0.23023333333333335	0.2602	0.2791	0.3010666666666667	0.3094	0.3489333333333333	0.38596666666666657	0.41523333333333334	0.4454666666666667	0.4754666666666667	0.5188333333333333	0.5574666666666667	0.5965666666666667	0.6508333333333333	0.6942666666666666	0.7409666666666668	0.7629	0.8601000000000001	0.9323666666666666	0.9285	1.0508666666666666	1.1051333333333333	1.1556666666666666	1.1968999999999999	1.2987333333333333	1.3631333333333333	1.3925666666666667	1.4463000000000001	1.5373333333333334	1.5764666666666667	1.6224666666666667	Growth with 20 mM proline supplementation and 50 mM (S)-lactic acid.	27.664900000000003
E10	0.013933333333333325	0.018366666666666656	0.02506666666666668	0.014500000000000013	0.03456666666666666	0.04516666666666666	0.042233333333333345	0.03703333333333331	0.07653333333333334	0.04240000000000002	0.04213333333333333	0.05033333333333334	0.04309999999999997	0.0673	0.05100000000000002	0.06080000000000002	0.06036666666666665	0.07066666666666666	0.09476666666666664	0.08539999999999998	0.09553333333333333	0.1116	0.12206666666666666	0.1204666666666667	0.13700000000000004	0.16233333333333333	0.17416666666666666	0.19043333333333337	0.20903333333333332	0.2192	0.24853333333333336	0.26106666666666667	0.29013333333333335	0.3141666666666667	0.34696666666666676	0.37059999999999993	0.39256666666666673	0.41989999999999994	0.4608666666666667	0.49339999999999995	0.5263333333333333	0.5729333333333334	0.6124	0.6727666666666666	0.7126666666666667	0.7645	0.8373333333333333	0.8871333333333333	0.9489	1.0305	1.0775666666666668	1.1441000000000001	1.1965333333333332	1.2569	1.3298666666666668	1.4015666666666666	1.4592333333333332	1.5180666666666667	1.6031333333333333	1.6287	1.6856333333333335	Growth with 20 mM alanine supplementation, no lactic acid.	28.982466666666667
E11	0.023033333333333336	0.022833333333333344	0.05573333333333333	0.04830000000000001	0.20253333333333332	0.13866666666666663	0.05350000000000002	0.07070000000000001	0.24689999999999998	0.08016666666666666	0.13476666666666667	0.0701	0.07436666666666666	0.16206666666666664	0.08963333333333331	0.08926666666666666	0.13166666666666668	0.07116666666666666	0.11289999999999997	0.09940000000000002	0.10393333333333332	0.12753333333333333	0.11879999999999999	0.1499	0.15956666666666666	0.1828666666666667	0.20413333333333336	0.22960000000000003	0.257	0.27113333333333334	0.30786666666666673	0.32563333333333333	0.35723333333333335	0.3877666666666667	0.4218333333333333	0.4600666666666666	0.4871333333333334	0.5293666666666667	0.586	0.6463000000000001	0.7017666666666666	0.7529666666666667	0.8028666666666666	0.8769999999999999	0.9331999999999999	1.0228333333333333	1.0787	1.1698666666666666	1.2273	1.3021	1.3523	1.4225333333333334	1.4876666666666667	1.5352	1.5882333333333334	1.6377333333333333	1.6646333333333332	1.7072999999999998	1.8066	1.8135000000000001	1.8339	Growth with 10 mM proline supplementation, no lactic acid.	36.009566666666665
E12	0.0	0.0	0.0	0.0	0.0021999999999999797	0.0	0.0	0.0	0.01573333333333335	0.007600000000000023	0.004299999999999998	0.014999999999999986	0.0	0.001733333333333309	0.002599999999999991	0.004500000000000004	0.0	0.0	0.003400000000000014	0.0	0.0	0.0065333333333333354	0.004799999999999999	0.0	0.0	0.0	0.0	0.0	0.0	0.0	0.0	0.0	0.0	0.0	0.0	0.0	0.0	0.0	0.0	0.0	0.0	0.0	0.0	0.0	0.0	0.0	0.0	0.0	0.0	0.0	0.0	0.0	0.0	0.0	0.0	0.0	0.0	0.0	0.0	0.0	0.0	Media control	0.06839999999999999
F1	0.020766666666666656	0.016466666666666657	0.0	0.0	0.007400000000000018	0.016599999999999976	0.016433333333333328	0.0218666666666667	0.02633333333333332	0.03513333333333335	0.036366666666666686	0.03489999999999999	0.042833333333333334	0.041833333333333333	0.05216666666666664	0.058966666666666695	0.06466666666666668	0.07476666666666668	0.06840000000000002	0.08813333333333334	0.09666666666666665	0.10413333333333333	0.11433333333333331	0.12863333333333335	0.13736666666666666	0.14939999999999998	0.14420000000000002	0.18839999999999998	0.20143333333333335	0.21436666666666668	0.19483333333333333	0.25329999999999997	0.27090000000000003	0.2976	0.2747	0.3410666666666667	0.3642000000000001	0.37903333333333333	0.4204	0.4512999999999999	0.4764666666666667	0.5152	0.5464333333333333	0.5867333333333333	0.6277666666666666	0.6707666666666666	0.6142666666666666	0.7566666666666667	0.8061333333333334	0.7470333333333333	0.9106333333333334	0.9497	1.0138666666666667	1.0612000000000001	1.1114666666666666	1.1730666666666667	1.2598	1.3010333333333333	1.3548666666666667	1.4188666666666667	1.4712999999999998	Growth with 10 mM proline supplementation and 50 mM (S)-lactic acid.	24.82356666666666
F2	0.015366666666666667	0.02780000000000002	0.02616666666666667	0.01566666666666669	0.02156666666666665	0.0413	0.04136666666666666	0.044800000000000006	0.046999999999999986	0.050566666666666704	0.05090000000000003	0.060166666666666674	0.06090000000000001	0.06693333333333334	0.07853333333333332	0.08510000000000001	0.097	0.1089	0.11443333333333336	0.12876666666666667	0.14090000000000003	0.1566	0.16803333333333334	0.1919	0.20906666666666665	0.22676666666666664	0.23906666666666668	0.28006666666666663	0.3031666666666667	0.3289333333333334	0.34573333333333334	0.3896666666666666	0.4174000000000001	0.4538333333333333	0.47106666666666663	0.5267333333333334	0.5713999999999999	0.6102000000000001	0.6595333333333333	0.7190000000000001	0.7727666666666666	0.8329666666666666	0.9054666666666668	0.9902	1.0612333333333333	1.1440666666666668	1.1663333333333332	1.2876666666666667	1.3489666666666666	1.3873333333333333	1.5125333333333333	1.5569666666666666	1.6465666666666667	1.6965333333333332	1.7656666666666667	1.8468666666666667	1.8655333333333333	1.9098666666666664	1.9809	1.9830333333333332	1.9801333333333333	Growth with 20 mM proline supplementation, no lactic acid.	39.233900000000006
F3	0.01733333333333334	0.015133333333333332	0.011633333333333329	0.020299999999999985	0.019700000000000023	0.015366666666666667	0.019199999999999995	0.024900000000000005	0.026599999999999985	0.030766666666666692	0.032	0.03256666666666666	0.03876666666666667	0.03899999999999998	0.04256666666666667	0.04776666666666665	0.05266666666666667	0.05726666666666666	0.06680000000000003	0.06543333333333334	0.07196666666666665	0.08250000000000002	0.09040000000000001	0.10066666666666668	0.10853333333333329	0.1169	0.13793333333333332	0.13806666666666664	0.15	0.16666666666666666	0.1884333333333333	0.18836666666666665	0.21003333333333332	0.21886666666666665	0.2558666666666667	0.2582	0.2781666666666667	0.29489999999999994	0.3108666666666666	0.3349	0.35096666666666665	0.3762	0.3934333333333333	0.42366666666666675	0.4556	0.4853333333333334	0.5327	0.5466666666666667	0.5725	0.6383333333333334	0.643	0.6779333333333334	0.7184333333333333	0.7569666666666667	0.7981333333333333	0.8301333333333333	0.8822000000000001	0.9252333333333332	0.9675	1.0251000000000001	1.0507666666666666	Growth with 20 mM alanine supplementation and 50 mM (S)-lactic acid.	18.428800000000003
F4	0.0	0.003133333333333335	0.0	0.0	0.0	0.0	0.0	0.0	0.0	0.0	0.0	0.0	0.0	0.0	0.0	0.0	0.0	0.0	0.0	0.0	0.0	0.0	0.0	0.0	0.0	0.0	0.0	0.0	0.0	0.0	0.0	0.0	0.0	0.0	0.0	0.0	0.0	0.0	0.0	0.0	0.0	0.0	0.0	0.0	0.0	0.0	0.0	0.0	0.0	0.0	0.0	0.0	0.0	0.0	0.0	0.0	0.0	0.0	0.0	0.0	0.0	Media control	0.003133333333333335
F5	0.028933333333333325	0.014233333333333334	0.007500000000000007	0.013733333333333292	0.0008333333333333526	0.0013666666666666827	0.012766666666666648	0.02213333333333331	0.02793333333333331	0.031766666666666665	0.04090000000000002	0.03373333333333334	0.047566666666666674	0.05916666666666667	0.05650000000000002	0.06943333333333337	0.08966666666666664	0.1023333333333333	0.125	0.13006666666666666	0.1493	0.1645	0.18473333333333333	0.20400000000000004	0.2196666666666667	0.24123333333333333	0.27146666666666663	0.2885333333333333	0.3201333333333333	0.35016666666666674	0.39690000000000003	0.4226333333333333	0.45799999999999996	0.5061333333333333	0.5517333333333333	0.5966333333333332	0.6450666666666667	0.7011000000000001	0.7645	0.8346666666666667	0.9090999999999999	0.9883	1.0589	1.141	1.2037333333333333	1.3013	1.3720666666666665	1.4493666666666667	1.5256333333333332	1.6004666666666667	1.6316	1.7341333333333333	1.7686000000000002	1.7839333333333334	1.8897	1.8940333333333335	2.0068666666666664	1.9298666666666668	2.144066666666667	2.111333333333333	2.0156	Growth with 10 mM proline supplementation, no lactic acid.	42.64626666666667
F6	0.02306666666666668	0.02396666666666665	0.024099999999999983	0.03279999999999997	0.0358	0.04006666666666667	0.048066666666666646	0.051299999999999985	0.05323333333333333	0.05933333333333332	0.06483333333333335	0.06923333333333331	0.07280000000000003	0.08780000000000002	0.08770000000000003	0.10210000000000002	0.11216666666666666	0.11123333333333332	0.11363333333333334	0.13796666666666663	0.15093333333333334	0.15960000000000002	0.1774	0.19693333333333332	0.21359999999999998	0.23086666666666664	0.23280000000000003	0.27293333333333336	0.2919	0.3115	0.32266666666666666	0.36693333333333333	0.39403333333333335	0.43079999999999996	0.4325333333333333	0.4896999999999999	0.5133666666666667	0.5396666666666666	0.5914333333333333	0.6288333333333334	0.6644666666666666	0.7136333333333333	0.7518333333333334	0.8076	0.8489	0.9017333333333333	0.9152	1.0129	1.0785333333333333	1.0784333333333334	1.1897333333333333	1.2489666666666666	1.3118	1.3617	1.4162000000000001	1.4594	1.5253333333333332	1.5404333333333335	1.6253333333333335	1.6835	1.6659000000000002	Growth with 50 mM (S)-lactic acid, no proline supplementation.	33.101166666666664
F7	0.025566666666666654	0.019466666666666674	0.031700000000000006	0.03520000000000001	0.037599999999999995	0.03306666666666669	0.04796666666666666	0.06159999999999999	0.06443333333333331	0.06783333333333333	0.07273333333333332	0.07343333333333335	0.07120000000000001	0.0887	0.09430000000000002	0.10719999999999999	0.11486666666666667	0.11913333333333334	0.14713333333333337	0.14786666666666667	0.16843333333333335	0.17970000000000005	0.19890000000000002	0.22153333333333333	0.23989999999999997	0.26746666666666663	0.28070000000000006	0.3209333333333333	0.3449	0.3741	0.40236666666666665	0.4436333333333333	0.4780333333333334	0.5321	0.5603333333333333	0.6145	0.6704666666666667	0.7310666666666666	0.7936333333333334	0.8336333333333333	0.9146666666666666	0.9773333333333333	1.0379333333333334	1.1195	1.1842	1.2733333333333334	1.3224	1.4145	1.4782333333333333	1.5478333333333334	1.5875333333333332	1.6700666666666666	1.7439	1.7691999999999999	1.8302	1.8301	1.922333333333333	1.9053333333333335	2.0494333333333334	2.0088	1.956	Baseline growth without any supplementation or treatment.	42.660166666666676
F8	0.011466666666666653	0.02073333333333334	0.01620000000000002	0.020233333333333325	0.019266666666666654	0.01983333333333334	0.02413333333333334	0.02536666666666665	0.028200000000000003	0.03270000000000001	0.03936666666666666	0.04326666666666665	0.04420000000000002	0.0557	0.05730000000000002	0.07246666666666665	0.07536666666666667	0.07333333333333333	0.08353333333333332	0.09159999999999999	0.10350000000000001	0.11373333333333333	0.13286666666666666	0.15003333333333332	0.16343333333333335	0.18093333333333333	0.20243333333333333	0.21710000000000002	0.24016666666666664	0.2599	0.29800000000000004	0.30423333333333336	0.32809999999999995	0.35716666666666663	0.39613333333333334	0.4124	0.45166666666666666	0.47443333333333326	0.5186333333333333	0.5529	0.5986333333333334	0.6358666666666666	0.6846333333333334	0.7372666666666666	0.7871333333333332	0.8535333333333334	0.9393666666666667	0.9609333333333333	1.0141	1.1105	1.1178	1.1966333333333332	1.2734666666666665	1.3072000000000001	1.3845999999999998	1.4163666666666666	1.4918666666666667	1.5345	1.6029	1.6498666666666668	1.6565666666666667	Growth with 10 mM proline supplementation and 50 mM (S)-lactic acid.	30.665766666666674
F9	0.0	0.0	0.0	0.0	0.0	0.0	0.0	0.0	0.0	0.0	0.0	0.0	0.0	0.0	0.0	0.0	0.0	0.0	0.0	0.0	0.0	0.0	0.0	0.0	0.0	0.0	0.0	0.0	0.0	0.0	0.0	0.0	0.0	0.0	0.0	0.0	0.0	0.0	0.0	0.0	0.0	0.0	0.0	0.0	0.0	0.0	0.0	0.0	0.0	0.0	0.0	0.0	0.0	0.0	0.0	0.0	0.0	0.0	0.0	0.0	0.0	Media control	0.0
F10	0.0028333333333333266	0.0	0.001466666666666644	0.0032999999999999974	0.0032666666666666677	0.01266666666666666	0.013633333333333358	0.016633333333333333	0.02203333333333335	0.02150000000000002	0.031233333333333335	0.04003333333333331	0.048600000000000004	0.05990000000000001	0.06500000000000003	0.07440000000000002	0.07336666666666666	0.08296666666666666	0.06856666666666664	0.09040000000000001	0.09943333333333337	0.1111	0.10886666666666664	0.11206666666666668	0.11500000000000002	0.12443333333333334	0.11466666666666667	0.13703333333333334	0.1421333333333333	0.15000000000000002	0.16323333333333334	0.16616666666666666	0.18393333333333334	0.18126666666666666	0.21486666666666668	0.19209999999999997	0.20176666666666668	0.19309999999999997	0.19726666666666667	0.1869	0.19243333333333332	0.15083333333333335	0.13449999999999998	0.11266666666666664	0.09126666666666666	0.0973	0.08533333333333337	0.11563333333333334	0.10220000000000001	0.06790000000000002	0.05986666666666665	0.057599999999999985	0.07373333333333335	0.05880000000000002	0.039666666666666656	0.06286666666666665	0.06833333333333333	0.09336666666666668	0.09123333333333333	0.07769999999999999	0.10953333333333332	Growth with 20 mM proline supplementation and 50 mM (S)-lactic acid.	5.769899999999998
F11	0.013433333333333325	0.013100000000000014	0.01633333333333334	0.02983333333333335	0.008700000000000013	0.017433333333333356	0.033666666666666706	0.02843333333333331	0.017633333333333306	0.03743333333333332	0.030099999999999988	0.05406666666666668	0.04263333333333333	0.05099999999999999	0.042266666666666675	0.061033333333333356	0.05466666666666667	0.05446666666666666	0.05993333333333334	0.06663333333333332	0.08423333333333333	0.08893333333333334	0.09913333333333335	0.11729999999999999	0.12436666666666668	0.14293333333333333	0.16399999999999998	0.17503333333333335	0.1966333333333333	0.20820000000000002	0.24756666666666666	0.2522	0.28036666666666665	0.31066666666666665	0.3569	0.3635666666666666	0.39226666666666665	0.42839999999999995	0.45733333333333337	0.5059	0.5468333333333333	0.5941666666666666	0.6349666666666667	0.7007	0.7443	0.8094666666666667	0.9112666666666666	0.9264333333333332	0.9847999999999999	1.105	1.1137	1.1779333333333333	1.2464666666666668	1.3117333333333332	1.3933666666666666	1.4449666666666667	1.5032	1.5374	1.6040333333333332	1.6516333333333333	1.6521666666666666	Baseline growth without any supplementation or treatment.	29.323266666666665
F12	0.01079999999999999	0.029800000000000007	0.015966666666666657	0.016466666666666685	0.015500000000000014	0.05043333333333336	0.08820000000000003	0.039333333333333304	0.06333333333333332	0.04820000000000002	0.03370000000000001	0.16659999999999997	0.038500000000000006	0.04153333333333334	0.06540000000000001	0.0645	0.06969999999999998	0.05559999999999998	0.040200000000000014	0.053466666666666635	0.06	0.06403333333333333	0.06489999999999999	0.07253333333333334	0.08016666666666669	0.09046666666666664	0.08539999999999998	0.10883333333333331	0.11403333333333335	0.11766666666666667	0.12683333333333333	0.14479999999999998	0.16176666666666667	0.18470000000000003	0.1838	0.21996666666666667	0.23323333333333332	0.24883333333333335	0.28090000000000004	0.3048	0.3234666666666667	0.3511333333333333	0.3786666666666667	0.40613333333333324	0.44533333333333336	0.4806	0.46730000000000005	0.5514666666666667	0.5857	0.5860000000000001	0.6751333333333334	0.7288333333333333	0.7781333333333333	0.8351666666666667	0.8925333333333333	0.9452333333333333	1.0212333333333334	1.0679333333333334	1.1281333333333334	1.1964666666666666	1.238	Growth with 20 mM alanine supplementation, no lactic acid.	19.037499999999998
G1	0.013066666666666671	0.030600000000000016	0.04216666666666666	0.04346666666666668	0.03266666666666665	0.015600000000000003	0.02316666666666667	0.019100000000000006	0.02099999999999999	0.017466666666666686	0.019000000000000017	0.02146666666666666	0.017199999999999993	0.021833333333333343	0.010333333333333306	0.01200000000000001	0.011700000000000016	0.010599999999999998	0.008233333333333342	0.009566666666666668	0.008700000000000013	0.0131	0.01673333333333335	0.009500000000000008	0.014966666666666656	0.01486666666666664	0.01416666666666666	0.009666666666666657	0.008666666666666656	0.014333333333333365	0.007033333333333336	0.01006666666666664	0.01510000000000003	0.012433333333333324	0.007166666666666682	0.012933333333333352	0.009699999999999986	0.017400000000000027	0.01423333333333332	0.016499999999999987	0.016166666666666663	0.015066666666666645	0.02096666666666666	0.010800000000000032	0.00883333333333336	0.016066666666666674	0.014833333333333337	0.017666666666666664	0.014466666666666683	0.01793333333333333	0.021233333333333326	0.01676666666666668	0.021066666666666678	0.018733333333333324	0.018966666666666687	0.014966666666666656	0.016533333333333317	0.01946666666666666	0.0179	0.017033333333333345	0.016633333333333333	Media control	0.9996000000000003
G2	0.009866666666666662	0.027200000000000002	0.009766666666666673	0.0155666666666667	0.03106666666666666	0.039599999999999996	0.03556666666666666	0.0421	0.04319999999999999	0.0465666666666667	0.041700000000000015	0.04456666666666667	0.05030000000000001	0.05403333333333332	0.07643333333333333	0.0806	0.0847	0.1011	0.11373333333333333	0.11926666666666666	0.1381	0.14709999999999998	0.15503333333333333	0.17740000000000003	0.1905666666666667	0.20716666666666664	0.24286666666666665	0.26136666666666664	0.28626666666666667	0.30723333333333336	0.34173333333333333	0.3622666666666666	0.3832000000000001	0.4204333333333333	0.4736666666666667	0.49383333333333335	0.5426	0.5718000000000001	0.6403333333333333	0.6859	0.7480666666666667	0.8033666666666667	0.8501666666666666	0.9306000000000001	1.0145333333333333	1.0771666666666668	1.1745333333333332	1.1992666666666667	1.2906666666666666	1.3873333333333333	1.4376333333333333	1.4851666666666665	1.5643666666666665	1.6109333333333333	1.6825666666666668	1.7517666666666667	1.7850333333333335	1.8117666666666667	1.8311	1.8961333333333332	1.9145333333333334	Baseline growth without any supplementation or treatment.	37.342499999999994
G3	0.01446666666666667	0.015999999999999986	0.01876666666666668	0.022966666666666663	0.033866666666666656	0.04519999999999999	0.041766666666666674	0.049100000000000005	0.05149999999999999	0.058066666666666655	0.05730000000000002	0.06046666666666667	0.0668	0.07023333333333334	0.08403333333333332	0.0897	0.09740000000000001	0.1079	0.11423333333333333	0.12406666666666669	0.13629999999999998	0.1495	0.1555333333333333	0.17140000000000002	0.18486666666666665	0.19786666666666666	0.21546666666666667	0.23606666666666665	0.25326666666666664	0.26963333333333334	0.2939333333333334	0.30646666666666667	0.3325	0.3592333333333334	0.38736666666666664	0.4103333333333333	0.44079999999999997	0.46569999999999995	0.5118333333333334	0.5445000000000001	0.5930666666666666	0.6355666666666667	0.6769666666666667	0.7286	0.7808333333333334	0.8249666666666666	0.8847333333333333	0.9403666666666667	0.9976666666666667	1.0586333333333333	1.1481333333333335	1.2043666666666666	1.2653666666666665	1.3364333333333334	1.4251666666666667	1.4725666666666666	1.5163333333333333	1.5588666666666668	1.5818999999999999	1.6506333333333334	1.6884333333333332	Growth with 10 mM proline supplementation and 50 mM (S)-lactic acid.	31.21599999999999
G4	0.013166666666666674	0.015233333333333335	0.008599999999999997	0.009633333333333355	0.011766666666666648	0.013533333333333314	0.01783333333333334	0.020299999999999985	0.022966666666666663	0.02880000000000002	0.030766666666666692	0.03503333333333333	0.037066666666666664	0.04676666666666665	0.04680000000000001	0.06256666666666669	0.0708	0.07036666666666666	0.08206666666666668	0.08546666666666666	0.09373333333333334	0.10443333333333332	0.11433333333333331	0.1306	0.1431	0.15756666666666666	0.17403333333333335	0.18913333333333338	0.2024	0.21676666666666666	0.23763333333333336	0.2511333333333333	0.2724333333333333	0.29266666666666663	0.31533333333333335	0.33126666666666665	0.35853333333333337	0.37293333333333334	0.40093333333333336	0.42156666666666676	0.4482666666666667	0.47443333333333326	0.5076	0.5350999999999999	0.5588666666666666	0.6022333333333333	0.6378	0.6760333333333333	0.7151	0.7485	0.7962	0.8306	0.8758333333333334	0.9095666666666666	0.9721333333333333	1.0202666666666667	1.0689333333333333	1.1150666666666667	1.1774333333333333	1.2284666666666668	1.2617333333333334	Growth with 20 mM alanine supplementation and 50 mM (S)-lactic acid.	22.670233333333332
G5	0.022166666666666668	0.020433333333333317	0.018699999999999994	0.018033333333333346	0.017566666666666647	0.02063333333333331	0.02373333333333333	0.02629999999999999	0.02416666666666667	0.024800000000000016	0.03916666666666668	0.04423333333333332	0.05046666666666666	0.050266666666666654	0.04460000000000003	0.05826666666666669	0.0748	0.07496666666666668	0.10236666666666669	0.09996666666666665	0.11793333333333336	0.12253333333333333	0.13433333333333333	0.1538	0.1714	0.18896666666666664	0.2096333333333333	0.23663333333333336	0.25680000000000003	0.2790666666666667	0.3070333333333333	0.3349333333333333	0.3694333333333333	0.4008666666666667	0.4418333333333333	0.4685666666666667	0.5103333333333334	0.5489333333333333	0.5961333333333333	0.6646666666666667	0.7186666666666667	0.7820333333333332	0.8325	0.9248000000000001	0.9939666666666666	1.0459333333333332	1.1517	1.2338333333333333	1.2906	1.3760000000000001	1.4183	1.487	1.5610333333333335	1.6062666666666667	1.6711333333333334	1.7294666666666667	1.7889333333333333	1.8280666666666665	1.8813333333333335	1.9118666666666666	1.9630333333333332	Growth with 20 mM proline supplementation, no lactic acid.	36.565933333333334
G6	0.023966666666666678	0.029966666666666655	0.023299999999999987	0.03899999999999998	0.034399999999999986	0.02996666666666664	0.03596666666666665	0.045899999999999996	0.040733333333333316	0.050733333333333325	0.06033333333333335	0.0552333333333333	0.06500000000000003	0.0758	0.07690000000000002	0.09390000000000001	0.10866666666666666	0.11343333333333336	0.12083333333333338	0.13816666666666666	0.1562333333333333	0.17010000000000003	0.18680000000000002	0.20803333333333332	0.2256	0.24756666666666663	0.26580000000000004	0.29603333333333337	0.3258	0.3573	0.3855666666666667	0.42323333333333335	0.4620333333333334	0.5046999999999999	0.5436333333333333	0.5974999999999999	0.6459666666666667	0.7136666666666667	0.7625333333333333	0.8218333333333334	0.9070666666666666	0.9770333333333333	1.0275333333333334	1.1118	1.1796	1.2625333333333333	1.3640999999999999	1.4304	1.5015333333333334	1.5566333333333333	1.6056333333333332	1.6939666666666666	1.7636	1.8149	1.8935	1.9531000000000003	1.998533333333333	2.0307333333333335	2.1107333333333336	2.0632	2.1281	Growth with 10 mM proline supplementation, no lactic acid.	42.93636666666667
G7	0.0	0.00993333333333335	0.005299999999999999	0.007833333333333331	0.008066666666666666	0.007633333333333325	0.013433333333333353	0.012366666666666665	0.012800000000000006	0.01630000000000001	0.020266666666666683	0.02316666666666667	0.021300000000000013	0.03	0.03030000000000002	0.040766666666666646	0.04616666666666666	0.039233333333333315	0.040133333333333326	0.05210000000000001	0.05829999999999999	0.06603333333333333	0.07826666666666668	0.08793333333333336	0.09753333333333333	0.10993333333333333	0.11343333333333333	0.136	0.14836666666666667	0.15810000000000005	0.1675	0.18513333333333334	0.1983	0.22146666666666667	0.22963333333333336	0.2627999999999999	0.28636666666666666	0.30543333333333333	0.3350333333333334	0.35509999999999997	0.3836333333333334	0.4219666666666666	0.4500333333333333	0.4832666666666666	0.5164333333333333	0.5697333333333334	0.5918666666666667	0.6574333333333333	0.7017	0.7271	0.8063	0.8517333333333333	0.9143666666666665	0.9609	1.0335999999999999	1.0769666666666666	1.1171666666666666	1.2039	1.2943	1.3302666666666667	1.3716666666666666	Growth with 20 mM proline supplementation and 50 mM (S)-lactic acid.	21.502100000000002
G8	0.0	3.333333333332966e-05	0.0	0.0	0.0	0.0	0.0	0.0	0.0	0.0	0.0015666666666666607	0.004066666666666663	0.002600000000000019	0.01040000000000002	0.00830000000000003	0.02096666666666666	0.022266666666666657	0.014333333333333337	0.016133333333333333	0.02310000000000001	0.028599999999999987	0.03153333333333333	0.04196666666666668	0.04943333333333336	0.055333333333333345	0.06493333333333334	0.07033333333333333	0.08610000000000001	0.09506666666666666	0.10300000000000004	0.1122	0.12663333333333335	0.13570000000000002	0.15526666666666664	0.15563333333333335	0.17489999999999997	0.19646666666666665	0.20323333333333332	0.22183333333333335	0.2413	0.2597333333333333	0.2807666666666666	0.30433333333333334	0.32156666666666667	0.3394333333333333	0.3604333333333334	0.3678666666666667	0.4027333333333333	0.42910000000000004	0.43179999999999996	0.47439999999999993	0.5088333333333332	0.5391666666666667	0.5618	0.5785	0.6168666666666667	0.6445666666666667	0.6892999999999999	0.7302	0.7651666666666667	0.8032666666666667	Growth with 20 mM alanine supplementation and 50 mM (S)-lactic acid.	12.883066666666668
G9	0.00010000000000000286	0.008866666666666662	0.010633333333333328	0.017266666666666652	0.015033333333333343	0.015466666666666684	0.018366666666666698	0.01736666666666667	0.02093333333333333	0.021233333333333326	0.022466666666666663	0.024499999999999994	0.024366666666666675	0.025699999999999973	0.02840000000000001	0.03236666666666668	0.027599999999999986	0.03093333333333334	0.022366666666666674	0.03713333333333335	0.03990000000000002	0.043766666666666676	0.049166666666666664	0.05103333333333335	0.05443333333333336	0.05926666666666666	0.05360000000000001	0.07036666666666666	0.07913333333333336	0.08193333333333336	0.07650000000000001	0.09413333333333335	0.10386666666666669	0.10816666666666669	0.10690000000000002	0.13266666666666668	0.1389	0.14643333333333333	0.15270000000000003	0.16193333333333335	0.17689999999999997	0.1924	0.20976666666666663	0.2181333333333333	0.23073333333333337	0.2501666666666667	0.24793333333333337	0.2745333333333333	0.2913	0.30069999999999997	0.3331333333333333	0.34626666666666667	0.3666666666666666	0.3832333333333333	0.4056666666666666	0.43246666666666667	0.45933333333333337	0.4724	0.5153333333333333	0.5361666666666667	0.5613	Growth with 20 mM alanine supplementation and 50 mM (S)-lactic acid.	9.430433333333333
G10	0.010399999999999993	0.005166666666666667	0.004833333333333328	0.006966666666666649	0.008733333333333343	0.011866666666666664	0.011566666666666697	0.011766666666666675	0.011333333333333334	0.01263333333333333	0.008766666666666673	0.008099999999999996	0.008366666666666689	0.008199999999999985	0.009500000000000008	0.010366666666666663	0.006099999999999994	0.008233333333333342	0.014066666666666672	0.013533333333333342	0.012900000000000023	0.008966666666666678	0.007666666666666655	0.010733333333333345	0.007233333333333342	0.008966666666666678	0.010200000000000015	0.007566666666666638	0.008933333333333349	0.00883333333333336	0.007900000000000018	0.01263333333333333	0.01676666666666668	0.00576666666666667	0.013899999999999996	0.012966666666666682	0.0121	0.01093333333333335	0.008200000000000013	0.009733333333333316	0.009199999999999986	0.016600000000000004	0.011166666666666658	0.009933333333333322	0.00983333333333336	0.01146666666666668	0.01103333333333334	0.010233333333333317	0.0067000000000000115	0.006000000000000005	0.008733333333333315	0.009566666666666668	0.011466666666666653	0.015133333333333332	0.01986666666666667	0.021866666666666645	0.018633333333333335	0.015100000000000002	0.00793333333333332	0.009266666666666673	0.012800000000000006	Media control	0.6459333333333336
G11	0.0016000000000000042	0.009066666666666667	0.03933333333333336	0.04296666666666665	0.059033333333333354	0.05256666666666665	0.05726666666666669	0.06906666666666664	0.07113333333333335	0.06943333333333332	0.05416666666666667	0.06990000000000002	0.0803666666666667	0.07519999999999999	0.093	0.06336666666666671	0.05830000000000002	0.06413333333333332	0.07156666666666667	0.06893333333333332	0.08940000000000001	0.07386666666666669	0.09116666666666667	0.08943333333333331	0.09233333333333335	0.10466666666666666	0.11280000000000001	0.1252666666666667	0.13883333333333334	0.14923333333333336	0.167	0.17853333333333332	0.2000666666666667	0.21596666666666667	0.24200000000000002	0.2535666666666667	0.26990000000000003	0.2845333333333333	0.3093	0.3388333333333333	0.3646999999999999	0.39159999999999995	0.42266666666666663	0.46323333333333333	0.4836333333333333	0.5190666666666667	0.5826333333333333	0.5912333333333333	0.6456	0.7164999999999999	0.7348333333333332	0.7869666666666667	0.8257666666666666	0.8746333333333334	0.9320666666666666	0.9990666666666667	1.0436333333333332	1.1314	1.1986333333333334	1.2540666666666667	1.3036	Growth with 20 mM alanine supplementation, no lactic acid.	20.96263333333333
G12	0.020666666666666667	0.020500000000000032	0.024833333333333346	0.029633333333333345	0.020766666666666683	0.025933333333333308	0.03593333333333337	0.03466666666666665	0.03133333333333335	0.03533333333333333	0.04143333333333332	0.041266666666666674	0.05476666666666666	0.05673333333333333	0.0645	0.07276666666666667	0.07423333333333335	0.08616666666666667	0.097	0.10129999999999997	0.11426666666666666	0.12200000000000003	0.136	0.15389999999999998	0.16519999999999999	0.18460000000000001	0.21753333333333336	0.21896666666666667	0.24263333333333337	0.2474	0.2947	0.2940666666666667	0.31200000000000006	0.3464	0.3974333333333333	0.40023333333333333	0.4151666666666667	0.43996666666666673	0.4762333333333333	0.5110333333333333	0.5520333333333334	0.6015	0.6298333333333334	0.6841	0.7318	0.7756666666666666	0.8887	0.8685666666666667	0.9299000000000001	1.0371	1.0259	1.0901999999999998	1.1398666666666668	1.192	1.2526333333333333	1.3383333333333334	1.3854333333333333	1.4622666666666666	1.5056333333333334	1.5558333333333334	1.5809666666666669	Growth with 50 mM (S)-lactic acid, no proline supplementation.	28.88776666666667
H1	0.03296666666666666	0.0204	0.011866666666666664	0.0203666666666667	0.02096666666666666	0.034900000000000014	0.032366666666666655	0.03190000000000001	0.031700000000000006	0.034266666666666695	0.031700000000000006	0.04496666666666668	0.054900000000000004	0.05393333333333333	0.06963333333333332	0.0728	0.07780000000000001	0.0816	0.09113333333333334	0.09996666666666668	0.1021	0.10940000000000003	0.11873333333333333	0.13510000000000003	0.14986666666666668	0.15636666666666663	0.1759666666666667	0.19586666666666663	0.21406666666666666	0.22813333333333338	0.2464333333333333	0.2696666666666666	0.2923	0.3140333333333333	0.33606666666666674	0.3714333333333334	0.3990999999999999	0.4318000000000001	0.4770333333333333	0.5039	0.5357666666666666	0.5873666666666667	0.6288666666666667	0.6778000000000001	0.7244333333333334	0.7776666666666666	0.8008333333333334	0.8866666666666666	0.9412666666666667	0.9776333333333334	1.0885333333333334	1.1540666666666666	1.2244666666666668	1.2771333333333332	1.3346666666666667	1.4251666666666667	1.4717333333333333	1.4840666666666666	1.575	1.6164333333333334	1.6427333333333332	Baseline growth without any supplementation or treatment.	29.009799999999995
H2	0.042566666666666655	0.030399999999999983	0.020066666666666677	0.031666666666666676	0.028466666666666668	0.05310000000000001	0.04616666666666666	0.04970000000000002	0.04619999999999999	0.06106666666666666	0.06150000000000003	0.06156666666666666	0.0698	0.08163333333333334	0.09663333333333332	0.089	0.10010000000000002	0.1179	0.11373333333333333	0.12416666666666668	0.1376	0.15019999999999997	0.1610333333333333	0.1807	0.1965666666666667	0.20736666666666667	0.22716666666666666	0.25926666666666665	0.27616666666666667	0.30043333333333333	0.3261333333333334	0.36306666666666665	0.3872	0.4245333333333333	0.4555666666666667	0.4934333333333334	0.5356	0.5704	0.6310333333333333	0.6767000000000001	0.7276666666666666	0.7974666666666667	0.8374666666666667	0.9276	0.9771333333333333	1.0557666666666667	1.1537333333333333	1.2231666666666667	1.3236666666666668	1.4036333333333333	1.4526333333333334	1.5488666666666666	1.6442666666666668	1.6887333333333332	1.7601666666666667	1.8463666666666667	1.8357333333333334	1.8719666666666663	1.9215	1.9973333333333332	2.0504333333333333	Growth with 10 mM proline supplementation, no lactic acid.	38.33089999999999
H3	0.00756666666666668	0.0006999999999999784	0.0	0.0	0.0012999999999999956	0.015100000000000002	0.010933333333333323	0.017233333333333323	0.01903333333333332	0.02536666666666665	0.026500000000000024	0.02993333333333334	0.03260000000000002	0.0406	0.04706666666666667	0.05776666666666666	0.06520000000000001	0.06526666666666667	0.07483333333333331	0.07869999999999999	0.08733333333333335	0.09530000000000002	0.10736666666666667	0.12383333333333332	0.1358	0.147	0.15300000000000002	0.18263333333333331	0.19619999999999999	0.20753333333333332	0.22360000000000005	0.24373333333333333	0.2689666666666667	0.29900000000000004	0.3050333333333334	0.3383666666666667	0.36970000000000003	0.393	0.42816666666666664	0.46566666666666673	0.5146000000000001	0.5589666666666666	0.5769333333333334	0.6295333333333333	0.6787666666666667	0.6915333333333333	0.5798	0.6989666666666667	0.6557	0.4055666666666667	0.41693333333333327	0.3743666666666666	0.40213333333333334	0.42689999999999995	0.45433333333333326	0.4965666666666667	0.5121	0.5488	0.5702666666666667	0.6048666666666667	0.6392666666666666	Growth with 20 mM proline supplementation and 50 mM (S)-lactic acid.	16.823833333333333
H4	0.01696666666666667	0.007000000000000006	0.007233333333333314	0.012399999999999994	0.014300000000000007	0.03159999999999999	0.022233333333333327	0.03143333333333331	0.03563333333333332	0.04106666666666667	0.04100000000000001	0.04773333333333335	0.05120000000000002	0.06080000000000002	0.06836666666666669	0.0846666666666667	0.10200000000000001	0.11016666666666663	0.11743333333333336	0.12409999999999999	0.14063333333333333	0.1493	0.16036666666666663	0.18703333333333336	0.20330000000000004	0.2201	0.23609999999999995	0.2806333333333334	0.3033	0.3258333333333333	0.34640000000000004	0.3866333333333334	0.41806666666666664	0.4568	0.4722333333333333	0.5293666666666667	0.5821	0.6251	0.6743666666666666	0.7278666666666667	0.7829	0.8448666666666667	0.9028333333333334	0.9685333333333332	1.0271666666666666	1.1097333333333332	1.1335000000000002	1.2657666666666665	1.3483999999999998	1.3453666666666668	1.4597333333333333	1.5195666666666665	1.6064333333333334	1.6219999999999999	1.7472333333333334	1.7291666666666665	1.7717	1.8172	1.8922666666666668	1.9675666666666667	1.9853666666666667	Growth with 10 mM proline supplementation, no lactic acid.	38.30016666666666
H5	0.011266666666666675	0.0	0.0	0.0	0.0005000000000000004	0.012199999999999989	0.011233333333333317	0.013433333333333325	0.01423333333333332	0.01936666666666667	0.021100000000000008	0.023333333333333345	0.025300000000000017	0.033	0.03816666666666668	0.04916666666666669	0.05629999999999999	0.05626666666666666	0.06523333333333334	0.06709999999999997	0.07653333333333331	0.08170000000000002	0.09046666666666664	0.10503333333333334	0.11320000000000002	0.1237	0.1308	0.15113333333333337	0.16190000000000002	0.17473333333333332	0.18500000000000003	0.20133333333333334	0.2245666666666667	0.24810000000000001	0.2605333333333333	0.2947666666666666	0.3214	0.3392	0.3677666666666666	0.3919666666666666	0.4276	0.45986666666666665	0.4849333333333333	0.5132333333333333	0.5566666666666666	0.6007333333333333	0.6311	0.6838666666666667	0.7336	0.7586666666666667	0.8259333333333333	0.8701666666666665	0.9305333333333333	0.9786	1.0293333333333334	1.0853666666666668	1.1378000000000001	1.1947	1.2502666666666666	1.3264666666666667	1.3802666666666665	Growth with 10 mM proline supplementation and 50 mM (S)-lactic acid.	22.420733333333335
H6	0.011066666666666669	0.003166666666666651	0.01730000000000001	0.019799999999999984	0.01999999999999999	0.019866666666666644	0.018166666666666664	0.0204	0.020133333333333336	0.016233333333333322	0.013633333333333358	0.014533333333333315	0.01780000000000001	0.009200000000000014	0.01730000000000001	0.001600000000000018	0.0	0.014533333333333343	0.006833333333333358	0.010666666666666658	0.009833333333333333	0.012800000000000006	0.010399999999999993	0.0036333333333333218	0.005399999999999988	0.006466666666666648	0.00360000000000002	0.0004333333333333411	0.003699999999999981	0.007500000000000007	0.0	0.010833333333333334	0.011333333333333334	0.006199999999999983	0.009733333333333344	0.011299999999999977	0.0050666666666666915	0.01586666666666664	0.01003333333333331	0.01843333333333333	0.012366666666666665	0.010733333333333345	0.004633333333333323	0.011799999999999977	0.013300000000000006	0.009433333333333321	0.010800000000000004	0.009399999999999992	0.005333333333333357	0.011933333333333351	0.007333333333333331	0.01146666666666668	0.008000000000000007	0.0174	0.01730000000000001	0.015600000000000003	0.02253333333333335	0.02043333333333333	0.021233333333333326	0.013900000000000023	0.014100000000000001	Media control	0.703833333333333
H7	0.0044666666666666605	0.006233333333333341	0.009099999999999997	0.010133333333333328	0.008566666666666667	0.01043333333333335	0.014033333333333342	0.01426666666666665	0.016199999999999992	0.017500000000000016	0.02146666666666666	0.023866666666666675	0.02310000000000001	0.030700000000000005	0.02920000000000003	0.04116666666666666	0.04416666666666666	0.03523333333333331	0.04163333333333333	0.04600000000000001	0.05049999999999999	0.05563333333333334	0.06496666666666667	0.07283333333333336	0.07933333333333334	0.08773333333333333	0.09193333333333334	0.1063	0.11496666666666669	0.1262	0.13300000000000003	0.14493333333333333	0.15330000000000002	0.17106666666666667	0.16853333333333337	0.18939999999999999	0.20636666666666667	0.21623333333333336	0.23393333333333335	0.2446	0.26703333333333334	0.28346666666666664	0.3057333333333333	0.32576666666666665	0.3401333333333333	0.3670333333333333	0.3664666666666667	0.4155333333333333	0.44000000000000006	0.43399999999999994	0.4857	0.5179333333333334	0.5405666666666666	0.5576	0.5947	0.6355666666666667	0.6656666666666667	0.7042999999999999	0.7485999999999999	0.7906666666666666	0.8207666666666666	Growth with 20 mM alanine supplementation and 50 mM (S)-lactic acid.	13.76646666666667
H8	0.0	0.0	0.0	0.0026333333333333486	0.0016666666666666496	0.006233333333333341	0.008533333333333337	0.010266666666666646	0.0126	0.011800000000000005	0.01776666666666668	0.017066666666666674	0.017000000000000015	0.0262	0.023700000000000027	0.03486666666666666	0.04686666666666667	0.028633333333333316	0.03663333333333332	0.04239999999999999	0.0532	0.05403333333333335	0.06706666666666666	0.08123333333333335	0.08973333333333333	0.10093333333333335	0.10913333333333336	0.12370000000000003	0.12966666666666668	0.14310000000000003	0.1545	0.17023333333333332	0.18450000000000003	0.20996666666666666	0.22383333333333333	0.24799999999999997	0.2779666666666667	0.29323333333333335	0.3187333333333333	0.33909999999999996	0.3685333333333334	0.39616666666666667	0.4276333333333333	0.4545666666666667	0.4830333333333333	0.5184333333333334	0.5583666666666667	0.5899333333333333	0.6335000000000001	0.6895	0.7363	0.7873333333333333	0.8491666666666666	0.9015000000000001	0.9521000000000001	1.0216666666666665	1.0678666666666665	1.154	1.2073	1.2768666666666668	1.3417666666666668	Growth with 20 mM alanine supplementation, no lactic acid.	20.13226666666667
H9	0.008199999999999999	0.0	0.0	0.0	0.0	0.0	0.0	0.00016666666666667607	0.0019333333333333425	0.003333333333333327	0.00576666666666667	0.007900000000000018	0.009566666666666696	0.012699999999999989	0.01580000000000001	0.021066666666666678	0.0189	0.024433333333333362	0.01986666666666667	0.03323333333333334	0.038000000000000006	0.04406666666666667	0.05246666666666666	0.057033333333333325	0.06443333333333334	0.07286666666666666	0.07540000000000002	0.09356666666666666	0.10603333333333337	0.11363333333333334	0.11629999999999999	0.13993333333333335	0.15686666666666668	0.1696666666666667	0.17640000000000003	0.2066666666666667	0.2221	0.23943333333333336	0.2561	0.2797333333333333	0.3043	0.3308	0.3585666666666667	0.37953333333333333	0.41003333333333336	0.44666666666666666	0.4590333333333333	0.5190333333333333	0.5509999999999999	0.5712999999999999	0.6412333333333333	0.6840666666666667	0.7292666666666666	0.7635333333333333	0.8233666666666666	0.8592666666666665	0.9141333333333334	0.9757	1.0314333333333334	1.0797666666666665	1.1377	Growth with 50 mM (S)-lactic acid, no proline supplementation.	16.8333
H10	0.006200000000000011	0.014666666666666661	0.02143333333333336	0.032366666666666655	0.027533333333333354	0.041366666666666635	0.061066666666666686	0.06466666666666665	0.05103333333333335	0.05253333333333332	0.051666666666666666	0.0698	0.06596666666666667	0.07509999999999997	0.07050000000000001	0.0768666666666667	0.09410000000000002	0.08983333333333332	0.09456666666666666	0.11013333333333333	0.12440000000000004	0.14166666666666666	0.1645666666666667	0.16703333333333328	0.18593333333333337	0.20526666666666668	0.2183	0.2549666666666667	0.27893333333333337	0.3048333333333334	0.3186	0.35603333333333337	0.3909666666666667	0.41746666666666665	0.44930000000000003	0.5043666666666667	0.5446	0.5795333333333333	0.6314000000000001	0.6860333333333334	0.7422	0.8097	0.8700666666666665	0.9414333333333333	0.9977333333333334	1.0844666666666667	1.1387333333333334	1.2314333333333334	1.3014	1.3482	1.4346333333333334	1.5112666666666668	1.5760666666666667	1.5826333333333333	1.6976666666666667	1.7274666666666667	1.7679333333333331	1.8455	1.9239333333333333	1.9631666666666667	1.9719000000000002	Growth with 10 mM proline supplementation, no lactic acid.	37.56313333333333
H11	0.0	0.002066666666666661	0.005533333333333362	0.003866666666666657	0.004233333333333339	0.0018666666666666554	0.0017666666666666941	0.003966666666666646	0.0018333333333333535	0.0031333333333333213	0.004566666666666663	0.0039000000000000146	0.002966666666666673	0.003799999999999998	0.0002999999999999947	0.0	0.005100000000000021	0.0	0.0	0.0	0.0	0.0	0.0	0.0	0.0	0.0	0.0	0.0	0.0009333333333333416	0.0026333333333333486	0.0029000000000000137	0.003933333333333344	0.0	0.009966666666666651	0.0	0.0	0.0	0.009133333333333327	0.010600000000000026	0.009633333333333327	0.005299999999999999	0.0	0.0001666666666666483	0.0031333333333333213	0.0027333333333333376	0.0017666666666666664	0.001333333333333353	0.004133333333333322	0.007599999999999996	0.007199999999999984	0.0055333333333333345	0.007866666666666688	0.006266666666666643	0.002233333333333337	0.0	0.0	0.0	0.0	0.0035333333333333328	0.0034666666666666734	0.0068000000000000005	Media control	0.16770000000000007
H12	0.017066666666666674	0.0	0.003433333333333344	0.029533333333333356	0.008666666666666684	0.02533333333333332	0.044733333333333375	0.04146666666666665	0.047033333333333344	0.03533333333333333	0.02053333333333332	0.05026666666666668	0.04716666666666666	0.036433333333333345	0.049600000000000005	0.037466666666666676	0.040533333333333366	0.036466666666666675	0.024999999999999994	0.037699999999999984	0.05086666666666667	0.0474	0.05660000000000001	0.0733	0.0859	0.09960000000000002	0.11633333333333334	0.13106666666666664	0.14843333333333336	0.1526	0.1689	0.1879666666666667	0.21170000000000003	0.2429	0.26803333333333335	0.30193333333333333	0.32666666666666666	0.3494666666666667	0.38273333333333326	0.4187333333333334	0.4580333333333334	0.509	0.5375333333333334	0.5868	0.6533	0.7193666666666666	0.7666	0.8538666666666668	0.9093999999999999	0.9823	1.0957000000000001	1.1693	1.2578666666666667	1.3547	1.4648333333333334	1.5785333333333333	1.6138333333333335	1.6896666666666667	1.7524333333333335	1.7681333333333333	1.7646666666666668	Growth with 20 mM proline supplementation, no lactic acid.	27.94076666666667
