well	0	1200	2400	3600	4800	6000	7200	8400	9600	10800	12000	13200	14400	15600	16800	18000	19200	20400	21600	22800	24000	25200	26400	27600	28800	30000	31200	32400	33600	34800	36000	37200	38400	39600	40800	42000	43200	44400	45600	46800	48000	49200	50400	51600	52800	54000	55200	56400	57600	58800	60000	61200	62400	63600	64800	66000	67200	68400	69600	70800	72000	Summary
A1	0.037433333333333325	0.028244444444444444	0.016200000000000003	0.0076888888888888935	0.004833333333333338	0.004833333333333338	0.007077777777777776	0.017166666666666663	0.021444444444444443	0.020277777777777783	0.02416666666666667	0.029677777777777775	0.03497777777777777	0.03783333333333333	0.040122222222222226	0.04168888888888889	0.041188888888888886	0.042388888888888886	0.039022222222222215	0.0425	0.04565555555555555	0.05309999999999999	0.05231111111111109	0.057044444444444446	0.06400000000000002	0.07013333333333335	0.07904444444444446	0.08634444444444445	0.0946111111111111	0.09749999999999999	0.10542222222222224	0.11367777777777778	0.12734444444444445	0.1386	0.15097777777777777	0.16248888888888888	0.1783888888888889	0.19763333333333333	0.21939999999999996	0.2403444444444444	0.2650222222222222	0.2913333333333333	0.3195	0.34767777777777775	0.3784	0.4079	0.43976666666666664	0.47485555555555553	0.5065666666666666	0.5403	0.5834111111111111	0.6378666666666667	0.6792333333333334	0.7241222222222223	0.7815555555555557	0.8530555555555556	0.9048666666666666	0.9615	1.0218	1.3501111111111113	1.6452333333333335	Low proline supplementation without lactic acid treatment.
A2	0.0	0.0	0.0	0.0	0.0	0.00033333333333333365	0.0018444444444444357	0.005533333333333325	0.007744444444444443	0.009311111111111122	0.009666666666666676	0.012544444444444441	0.01477777777777776	0.018299999999999983	0.019888888888888883	0.024288888888888888	0.027022222222222225	0.03208888888888889	0.03602222222222223	0.04013333333333333	0.04408888888888889	0.048999999999999995	0.05444444444444444	0.060244444444444455	0.06653333333333335	0.07146666666666669	0.07964444444444446	0.08814444444444446	0.09747777777777777	0.10610000000000001	0.11738888888888888	0.13044444444444445	0.14467777777777777	0.15546666666666667	0.16407777777777777	0.16945555555555555	0.1862222222222222	0.20996666666666663	0.23619999999999997	0.25414444444444445	0.27175555555555553	0.2932666666666666	0.31549999999999995	0.3400444444444444	0.3658666666666666	0.3985666666666667	0.4301	0.4613888888888889	0.46303333333333335	0.46736666666666665	0.5022444444444444	0.5689666666666667	0.6043666666666666	0.6539222222222222	0.6963222222222223	0.7728222222222222	0.7630333333333335	0.8061333333333334	0.8550000000000001	0.992711111111111	1.0692333333333333	Low proline supplementation with lactic acid treatment.
A3	0.0	0.0	0.0	0.0	0.0	0.0	0.0	0.0	0.0	0.0	0.0006111111111111178	0.0026888888888888887	0.0026999999999999893	0.006122222222222205	0.006222222222222212	0.010966666666666661	0.010955555555555552	0.013833333333333336	0.014800000000000008	0.018700000000000005	0.019511111111111108	0.022411111111111104	0.023377777777777775	0.027544444444444437	0.030777777777777775	0.03492222222222222	0.039455555555555556	0.04434444444444446	0.04998888888888889	0.05245555555555556	0.05792222222222223	0.06087777777777778	0.0699	0.07643333333333331	0.08697777777777776	0.09262222222222222	0.10174444444444446	0.11093333333333333	0.12454444444444442	0.1341	0.14555555555555555	0.1582111111111111	0.17102222222222227	0.18663333333333335	0.2005888888888889	0.22115555555555555	0.23683333333333337	0.2545888888888889	0.2682777777777778	0.28757777777777777	0.3096888888888889	0.33606666666666674	0.36062222222222223	0.39191111111111115	0.4172888888888889	0.44482222222222223	0.4623555555555556	0.4913	0.5214888888888889	0.9101666666666667	1.2842666666666667	Lactic acid treatment without proline supplementation.
A4	0.012311111111111106	0.020366666666666672	0.026488888888888906	0.03522222222222223	0.03437777777777778	0.02633333333333332	0.016677777777777764	0.017599999999999977	0.0211222222222222	0.02002222222222222	0.018722222222222223	0.021888888888888892	0.029266666666666663	0.037622222222222224	0.043888888888888894	0.04273333333333334	0.03835555555555556	0.037500000000000006	0.03733333333333335	0.042400000000000014	0.0425777777777778	0.047044444444444444	0.04834444444444444	0.05577777777777776	0.062077777777777766	0.06578888888888888	0.07395555555555555	0.08394444444444445	0.0923888888888889	0.10235555555555557	0.11212222222222223	0.12474444444444444	0.13566666666666663	0.1486333333333333	0.15967777777777778	0.17155555555555557	0.1890777777777778	0.21123333333333336	0.2336111111111111	0.25166666666666665	0.2729888888888889	0.29634444444444447	0.32232222222222223	0.351	0.3813555555555556	0.41465555555555556	0.44913333333333333	0.4871888888888889	0.5180444444444445	0.5452777777777778	0.5902888888888889	0.6523666666666667	0.7034555555555556	0.7610777777777779	0.812522222222222	0.8861222222222223	0.9292222222222222	1.0009333333333332	1.0701222222222222	1.2271999999999998	1.3397333333333332	Control group with no supplementation or treatment.
A5	0.0399777777777778	0.03571111111111113	0.02946666666666668	0.02735555555555555	0.028644444444444427	0.02203333333333331	0.016011111111111097	0.011222222222222217	0.017688888888888882	0.020222222222222214	0.018588888888888877	0.02112222222222222	0.033922222222222215	0.03988888888888889	0.04352222222222222	0.040155555555555555	0.040166666666666656	0.03658888888888887	0.03575555555555555	0.033	0.03441111111111112	0.04045555555555556	0.048566666666666675	0.056066666666666674	0.061611111111111116	0.07047777777777778	0.07798888888888889	0.08941111111111111	0.09732222222222224	0.11030000000000001	0.1235	0.1395888888888889	0.15522222222222223	0.1698666666666667	0.1803222222222222	0.1867777777777778	0.20632222222222218	0.2348333333333333	0.26689999999999997	0.28940000000000005	0.3126555555555556	0.3414	0.3689777777777778	0.4009555555555555	0.4372333333333333	0.4796555555555555	0.5243444444444445	0.5676777777777778	0.5792666666666667	0.5949333333333334	0.6476555555555555	0.7363	0.7919444444444445	0.8539555555555557	0.905988888888889	0.9930444444444445	1.0102111111111112	1.0789777777777778	1.1483999999999999	1.358211111111111	1.5088888888888887	Control group with no supplementation or treatment.
A6	0.006244444444444441	0.007944444444444448	0.004822222222222228	0.004822222222222228	0.0	0.0	7.777777777777846e-05	0.0007333333333333358	0.0007333333333333358	0.0006555555555555573	0.0	0.0	0.0	0.0	0.0	0.0	0.0	0.0	0.0	0.0	0.0	0.0	0.0	0.0	0.0	0.0	0.0	0.0	0.0	0.0	0.0	0.0	0.0	0.0	0.0	0.000811111111111105	0.000811111111111105	0.000811111111111105	0.0	0.0	0.0	0.0	0.0	0.0	0.0	0.0	0.0	0.0	0.0	0.0	0.0	0.0	0.0	0.0	0.0	0.0	0.0	0.0	0.0	0.0017777777777777763	0.0035555555555555527	Media control
A7	0.005900000000000016	0.0031666666666666787	0.0004333333333333411	0.0	0.0011333333333333289	0.0018555555555555547	0.003188888888888889	0.004277777777777779	0.0049111111111111065	0.006688888888888893	0.0052888888888888985	0.005266666666666679	0.00366666666666667	0.0051444444444444515	0.005844444444444458	0.008211111111111122	0.008566666666666676	0.008166666666666664	0.005999999999999996	0.006055555555555546	0.0058	0.006366666666666678	0.006911111111111127	0.006944444444444457	0.006766666666666671	0.003511111111111113	0.0052666666666666695	0.0060333333333333445	0.007044444444444455	0.006811111111111119	0.006400000000000007	0.00781111111111112	0.009244444444444453	0.010444444444444442	0.009822222222222224	0.006933333333333337	0.007422222222222237	0.008155555555555563	0.009088888888888896	0.00785555555555556	0.008633333333333345	0.0098888888888889	0.010100000000000007	0.010588888888888889	0.007988888888888887	0.010022222222222219	0.009099999999999997	0.009444444444444441	0.008077777777777776	0.008455555555555558	0.008777777777777773	0.009922222222222221	0.01102222222222222	0.014522222222222223	0.012466666666666673	0.010666666666666677	0.011266666666666675	0.01158888888888889	0.01054444444444444	0.005055555555555563	0.0022000000000000166	Media control
A8	0.0	0.0	0.002488888888888883	0.006599999999999995	0.01046666666666666	0.013833333333333336	0.011222222222222217	0.00997777777777778	0.007577777777777776	0.009855555555555562	0.014822222222222218	0.0174	0.01886666666666666	0.018144444444444453	0.01787777777777778	0.019877777777777782	0.02106666666666666	0.024366666666666658	0.027866666666666668	0.028922222222222228	0.027466666666666684	0.026466666666666666	0.026911111111111108	0.029277777777777774	0.031666666666666676	0.03803333333333334	0.04125555555555557	0.04445555555555556	0.047311111111111116	0.050111111111111106	0.05250000000000001	0.05194444444444445	0.05467777777777779	0.05754444444444445	0.06612222222222222	0.07423333333333333	0.07965555555555555	0.07855555555555556	0.07998888888888889	0.08668888888888888	0.09726666666666668	0.10852222222222223	0.11833333333333336	0.12852222222222223	0.14065555555555556	0.15582222222222222	0.16936666666666667	0.18201111111111112	0.2162777777777778	0.2554888888888889	0.2758777777777777	0.27482222222222213	0.29878888888888894	0.3184888888888889	0.34280000000000005	0.33956666666666663	0.3976	0.4215555555555555	0.4518777777777778	0.4711888888888889	0.5137666666666667	High proline supplementation with lactic acid treatment.
A9	0.0	0.00027777777777777496	0.001811111111111106	0.001811111111111106	0.0015666666666666607	3.333333333332966e-05	3.333333333332966e-05	0.0	0.0	0.0	0.0	0.0	0.0	0.0	0.0	0.0	0.0	0.0	0.0	0.0	0.0	0.0	0.0	0.0	0.0	0.0	0.0	0.0	0.0	0.0	0.0	0.0	0.0	0.0	0.0	0.0	0.0	0.0	0.0	0.0	0.0	0.0	0.0	0.0	0.0	0.0	0.0	0.0	0.0	0.0	0.0	0.0	0.0	0.0	0.0	0.0	0.0	0.0	0.0	0.0	0.0	Media control
A10	0.0026333333333333347	0.0026333333333333347	0.006611111111111119	0.007055555555555565	0.010877777777777773	0.009566666666666649	0.011444444444444424	0.012099999999999991	0.014599999999999993	0.013344444444444428	0.01159999999999998	0.009999999999999981	0.012555555555555542	0.016999999999999998	0.021500000000000002	0.022744444444444456	0.02353333333333334	0.023755555555555568	0.0261888888888889	0.02883333333333335	0.030066666666666676	0.03047777777777778	0.031199999999999995	0.032888888888888884	0.034222222222222216	0.03591111111111111	0.04108888888888889	0.045066666666666665	0.04950000000000001	0.05225555555555556	0.05720000000000002	0.06306666666666667	0.06761111111111112	0.07327777777777779	0.0775	0.08326666666666667	0.08868888888888889	0.09381111111111112	0.09933333333333334	0.10778888888888889	0.1166	0.12854444444444443	0.13824444444444442	0.14941111111111108	0.16016666666666668	0.17104444444444442	0.18227777777777776	0.19486666666666666	0.2113555555555556	0.2328	0.2472777777777778	0.26311111111111113	0.28123333333333334	0.3017888888888889	0.3221555555555556	0.3397333333333334	0.3713444444444445	0.3966444444444444	0.42441111111111113	0.8269666666666667	1.2277222222222222	Lactic acid treatment without proline supplementation.
A11	0.005966666666666662	0.012777777777777772	0.023188888888888884	0.02356666666666667	0.0252111111111111	0.021399999999999985	0.02641111111111109	0.028199999999999992	0.031599999999999996	0.029111111111111105	0.02733333333333332	0.026699999999999984	0.02952222222222221	0.035366666666666664	0.03940000000000001	0.0430777777777778	0.04410000000000002	0.051222222222222245	0.05985555555555558	0.07010000000000002	0.07750000000000001	0.08551111111111111	0.08666666666666667	0.09232222222222221	0.09455555555555555	0.10771111111111109	0.11585555555555554	0.1271	0.13946666666666666	0.15115555555555554	0.16583333333333336	0.1789333333333333	0.1952777777777778	0.2123777777777778	0.23440000000000003	0.2588333333333333	0.2780222222222222	0.2968111111111111	0.3173333333333333	0.34575555555555554	0.37670000000000003	0.4117777777777778	0.4511111111111111	0.49087777777777775	0.5289	0.5703777777777778	0.6107777777777778	0.6564666666666666	0.7059222222222221	0.7639666666666667	0.8176111111111112	0.8728111111111111	0.9354999999999999	0.9969222222222222	1.0630222222222223	1.1166	1.1917111111111112	1.258911111111111	1.3275444444444444	1.4607666666666665	1.5740222222222222	High proline supplementation without lactic acid treatment.
A12	0.011355555555555558	0.008344444444444446	0.010111111111111112	0.011755555555555556	0.02834444444444444	0.029266666666666663	0.02991111111111111	0.025033333333333335	0.03239999999999999	0.03657777777777777	0.03366666666666666	0.034033333333333325	0.03702222222222221	0.044033333333333334	0.047866666666666675	0.046877777777777775	0.049533333333333325	0.048222222222222215	0.05262222222222223	0.05773333333333335	0.06516666666666669	0.07287777777777778	0.0752	0.07815555555555555	0.07998888888888889	0.08314444444444445	0.09458888888888888	0.10843333333333333	0.11996666666666667	0.1307222222222222	0.14173333333333335	0.15823333333333334	0.17251111111111114	0.18857777777777782	0.20153333333333334	0.21393333333333334	0.23305555555555557	0.2582111111111111	0.2848333333333333	0.31045555555555554	0.33326666666666666	0.3627444444444445	0.3903111111111111	0.42721111111111115	0.46340000000000003	0.5020777777777777	0.5412777777777777	0.5877666666666667	0.6239888888888889	0.6687333333333333	0.7224444444444446	0.7901111111111111	0.8363666666666667	0.8937555555555555	0.951488888888889	1.0309333333333335	1.061977777777778	1.1313111111111114	1.1982444444444447	1.4309	1.6090888888888888	Low proline supplementation without lactic acid treatment.
B1	0.029711111111111105	0.03837777777777777	0.04531111111111111	0.023266666666666675	0.02462222222222224	0.032777777777777795	0.04038888888888889	0.04436666666666666	0.042811111111111085	0.04077777777777775	0.039844444444444425	0.042255555555555546	0.04412222222222222	0.053888888888888896	0.060444444444444446	0.07002222222222222	0.0718	0.07731111111111111	0.09029999999999999	0.09798888888888886	0.10546666666666667	0.10777777777777776	0.11581111111111113	0.12478888888888888	0.13299999999999998	0.14455555555555555	0.1592	0.18403333333333335	0.1997111111111111	0.2180777777777778	0.2360888888888889	0.26193333333333335	0.28628888888888887	0.3027444444444444	0.3214333333333333	0.3418888888888889	0.37156666666666666	0.4080888888888889	0.4471	0.48678888888888894	0.5255333333333334	0.5724222222222223	0.6157	0.6681888888888888	0.7134444444444444	0.7718777777777778	0.8284333333333334	0.8927333333333333	0.9356777777777778	0.9805111111111112	1.041777777777778	1.1185444444444446	1.1793111111111112	1.2411	1.3057111111111113	1.3852	1.434977777777778	1.4959222222222222	1.5643111111111112	1.7678555555555555	1.9381333333333333	Control group with no supplementation or treatment.
B2	0.0	0.0	0.0	0.0	0.0	0.00019999999999999649	0.0006111111111110993	0.001999999999999983	0.0034444444444444353	0.006511111111111116	0.006666666666666672	0.009544444444444458	0.01104444444444444	0.015699999999999992	0.02055555555555554	0.024655555555555552	0.029222222222222222	0.03262222222222222	0.03618888888888889	0.038166666666666675	0.04282222222222223	0.04946666666666666	0.056577777777777755	0.06417777777777776	0.07163333333333331	0.07723333333333333	0.08367777777777778	0.09344444444444444	0.10357777777777777	0.1145	0.1282888888888889	0.1451111111111111	0.16224444444444444	0.17486666666666664	0.18514444444444444	0.19308888888888887	0.21175555555555556	0.23439999999999997	0.2615	0.2832777777777778	0.3115888888888889	0.33813333333333334	0.36399999999999993	0.39394444444444443	0.4235333333333333	0.45903333333333335	0.49089999999999995	0.5262555555555556	0.5522333333333332	0.5789333333333333	0.6224777777777777	0.6749333333333333	0.7199	0.7703888888888889	0.8241555555555555	0.8956555555555555	0.9390999999999999	0.9879666666666668	1.0438	1.1077111111111113	1.1493666666666666	High proline supplementation with lactic acid treatment.
B3	0.0	0.0027555555555555575	0.0027555555555555575	0.0036222222222222302	0.0010666666666666695	0.0036999999999999997	0.007077777777777766	0.01213333333333332	0.01467777777777777	0.01681111111111111	0.01836666666666667	0.021211111111111108	0.023577777777777763	0.027033333333333326	0.029022222222222217	0.03252222222222223	0.03572222222222222	0.04112222222222223	0.04415555555555556	0.0488	0.05358888888888888	0.06126666666666666	0.06764444444444444	0.07511111111111111	0.08266666666666668	0.09196666666666668	0.10121111111111114	0.11231111111111113	0.12407777777777777	0.13523333333333334	0.14792222222222223	0.16011111111111112	0.1762111111111111	0.19083333333333333	0.2087111111111111	0.22835555555555556	0.2468888888888889	0.26793333333333336	0.2875666666666667	0.3134111111111111	0.33912222222222216	0.3716	0.40243333333333337	0.4404777777777778	0.4761333333333333	0.5165333333333333	0.5520333333333333	0.5909888888888889	0.6351666666666667	0.6901333333333333	0.7407777777777778	0.7909	0.8436333333333333	0.9055222222222222	0.9623222222222223	1.0254555555555556	1.0894000000000001	1.163166666666667	1.228	1.2904777777777776	1.3305666666666667	High proline supplementation with lactic acid treatment.
B4	0.006033333333333335	0.007033333333333336	0.02003333333333333	0.024022222222222223	0.031811111111111116	0.026066666666666682	0.02294444444444445	0.021344444444444454	0.021566666666666668	0.02476666666666667	0.02998888888888888	0.03525555555555555	0.03951111111111111	0.04317777777777779	0.04687777777777779	0.05193333333333334	0.05614444444444445	0.062400000000000004	0.06654444444444445	0.07177777777777779	0.07856666666666669	0.08751111111111114	0.0973888888888889	0.1068	0.11834444444444446	0.13035555555555556	0.14545555555555556	0.16275555555555554	0.1805	0.19828888888888888	0.21803333333333333	0.2392	0.26533333333333337	0.28905555555555557	0.3121888888888889	0.3335666666666666	0.36564444444444444	0.4037111111111111	0.4419	0.47633333333333333	0.5168666666666667	0.5662666666666667	0.6137111111111112	0.6703777777777779	0.7181000000000001	0.7811333333333333	0.8382111111111111	0.9080666666666666	0.9359777777777779	0.9260444444444444	0.8885555555555555	0.8512666666666667	0.7619333333333334	0.6293444444444444	0.43922222222222224	0.29944444444444446	0.21335555555555555	0.1965	0.2118111111111111	0.3234666666666667	0.4379777777777778	High proline supplementation without lactic acid treatment.
B5	0.0039000000000000055	0.0046888888888888995	0.01786666666666668	0.020755555555555565	0.02681111111111111	0.018266666666666664	0.014488888888888884	0.007644444444444444	0.006011111111111106	0.0059666666666666575	0.01052222222222221	0.010922222222222213	0.011022222222222211	0.008588888888888887	0.008322222222222222	0.007188888888888893	0.007833333333333331	0.0069222222222222185	0.009122222222222226	0.009233333333333335	0.008311111111111122	0.006455555555555557	0.00573333333333334	0.005033333333333334	0.003744444444444439	0.0029777777777777736	0.005222222222222221	0.005977777777777786	0.005188888888888891	0.007233333333333342	0.008166666666666674	0.010288888888888903	0.007455555555555558	0.006733333333333332	0.00425555555555554	0.002199999999999989	0.0019444444444444338	0.0016999999999999977	0.0037111111111111004	0.003577777777777772	0.0047222222222222205	0.0034666666666666826	0.005177777777777791	0.004722222222222229	0.005533333333333325	0.004455555555555546	0.00684444444444444	0.008477777777777787	0.007066666666666684	0.0043000000000000165	0.003688888888888899	0.005199999999999992	0.005411111111111107	0.0028555555555555556	0.002888888888888904	0.0023666666666666745	0.0023333333333333353	0.0009666666666666712	0.00413333333333334	0.00413333333333334	0.0031666666666666696	Media control
B6	0.0	0.0	0.0	0.0	0.0	0.0	0.0	0.0	0.0	0.0	0.0	0.0004000000000000022	0.000666666666666658	0.00208888888888889	0.004855555555555557	0.008388888888888899	0.012933333333333333	0.01615555555555555	0.019188888888888894	0.019233333333333335	0.021277777777777784	0.024988888888888883	0.029666666666666664	0.033833333333333326	0.0388111111111111	0.04377777777777778	0.05128888888888889	0.05874444444444446	0.06675555555555555	0.07293333333333334	0.0817	0.09212222222222223	0.10302222222222224	0.11233333333333334	0.12038888888888888	0.12897777777777777	0.14425555555555555	0.162	0.18146666666666667	0.1947	0.2123555555555556	0.233	0.25547777777777786	0.2804222222222223	0.30506666666666665	0.33478888888888886	0.36194444444444446	0.38911111111111113	0.4151666666666667	0.44446666666666673	0.48062222222222223	0.5217666666666666	0.5581444444444444	0.6013555555555555	0.647788888888889	0.7013111111111111	0.7450777777777778	0.7918444444444445	0.8488333333333333	0.911911111111111	0.9536555555555556	Low proline supplementation with lactic acid treatment.
B7	0.04967777777777777	0.03991111111111112	0.031400000000000004	0.028122222222222215	0.03397777777777775	0.03793333333333332	0.027722222222222214	0.021966666666666662	0.019266666666666654	0.029122222222222206	0.03272222222222221	0.03742222222222222	0.035488888888888875	0.03532222222222222	0.03315555555555555	0.03562222222222223	0.0393	0.04295555555555556	0.049488888888888895	0.05246666666666668	0.05774444444444446	0.062255555555555564	0.0704	0.07566666666666667	0.08381111111111113	0.0931111111111111	0.10832222222222222	0.11734444444444443	0.1268222222222222	0.1358	0.14766666666666664	0.16192222222222222	0.17408888888888888	0.19053333333333333	0.2039222222222222	0.21697777777777774	0.2385222222222222	0.26596666666666663	0.2969333333333333	0.32103333333333334	0.34718888888888894	0.3771333333333333	0.40807777777777776	0.4408888888888889	0.47656666666666664	0.5206222222222222	0.5652444444444444	0.6151444444444445	0.6542666666666667	0.6964333333333333	0.7503555555555556	0.8205666666666667	0.8839777777777779	0.9545222222222223	1.0210222222222223	1.101811111111111	1.1560444444444444	1.2327777777777775	1.3097333333333332	1.406011111111111	1.4603222222222223	Low proline supplementation without lactic acid treatment.
B8	0.0	0.0	0.0	0.0	0.0	0.0	0.0	0.0	0.0	0.0	0.0	0.0	0.0	0.0	0.0	0.0	0.00035555555555554413	0.00035555555555554413	0.0021444444444444397	0.0031888888888888987	0.0045444444444444525	0.004399999999999997	0.004811111111111109	0.006433333333333337	0.00778888888888891	0.012166666666666687	0.015844444444444456	0.020355555555555554	0.023955555555555553	0.02785555555555556	0.03241111111111112	0.03702222222222223	0.03937777777777778	0.042722222222222224	0.04556666666666667	0.05103333333333334	0.056555555555555546	0.061166666666666654	0.06659999999999998	0.07414444444444443	0.08323333333333331	0.09387777777777777	0.10229999999999999	0.11262222222222222	0.12409999999999999	0.13855555555555554	0.1536	0.16854444444444447	0.18473333333333333	0.20181111111111108	0.21502222222222223	0.22792222222222222	0.2459111111111111	0.2658777777777778	0.28673333333333334	0.30717777777777777	0.3357666666666667	0.3602222222222222	0.38666666666666666	0.4144444444444444	0.4391111111111112	Lactic acid treatment without proline supplementation.
B9	0.005411111111111107	0.005411111111111107	0.0058444444444444394	0.0012888888888888856	0.0012888888888888856	0.0008555555555555538	0.00011111111111111738	0.0011222222222222282	0.002377777777777784	0.0032222222222222188	0.0047222222222222205	0.005855555555555549	0.005399999999999998	0.005544444444444445	0.005933333333333346	0.007622222222222234	0.009588888888888888	0.011255555555555546	0.013555555555555552	0.013866666666666675	0.015011111111111114	0.015600000000000003	0.015344444444444438	0.016633333333333323	0.01838888888888888	0.021966666666666662	0.023777777777777776	0.026588888888888884	0.030788888888888893	0.0342888888888889	0.03834444444444446	0.041788888888888896	0.04417777777777777	0.048155555555555556	0.051666666666666666	0.058633333333333336	0.06235555555555555	0.06580000000000001	0.06900000000000002	0.07651111111111113	0.08439999999999999	0.09464444444444442	0.10413333333333334	0.11645555555555558	0.1280666666666667	0.14075555555555555	0.15413333333333332	0.1672111111111111	0.18576666666666664	0.20501111111111112	0.2226222222222222	0.23828888888888888	0.2576777777777778	0.2791777777777778	0.3002	0.32147777777777775	0.35056666666666664	0.3744222222222222	0.40263333333333334	0.4310444444444444	0.4571444444444444	Low proline supplementation with lactic acid treatment.
B10	0.009355555555555556	0.009922222222222226	0.007055555555555561	0.00736666666666667	0.003777777777777769	0.005599999999999984	0.0053111111111111	0.006366666666666669	0.006733333333333341	0.0062777777777777806	0.010433333333333331	0.009299999999999994	0.009788888888888883	0.006966666666666667	0.007166666666666673	0.006477777777777786	0.005166666666666671	0.005588888888888893	0.004888888888888905	0.005533333333333353	0.005333333333333357	0.006544444444444446	0.007099999999999995	0.005955555555555538	0.005888888888888878	0.0049111111111111065	0.007622222222222225	0.008266666666666672	0.008100000000000005	0.007522222222222226	0.004933333333333345	0.00790000000000001	0.007877777777777789	0.008277777777777781	0.006966666666666667	0.008200000000000004	0.01158888888888889	0.009144444444444446	0.006266666666666661	0.007222222222222223	0.00993333333333333	0.013777777777777769	0.011411111111111103	0.008099999999999996	0.006488888888888896	0.004999999999999995	0.0067777777777777715	0.0056333333333333235	0.008122222222222225	0.009800000000000003	0.011744444444444455	0.012211111111111117	0.011233333333333336	0.008488888888888888	0.007888888888888881	0.007266666666666662	0.01001111111111111	0.008044444444444446	0.008044444444444446	0.005166666666666662	0.004588888888888883	Media control
B11	0.0023000000000000013	0.00341111111111111	0.008555555555555561	0.011266666666666675	0.01581111111111112	0.016100000000000003	0.01827777777777778	0.01943333333333334	0.021400000000000002	0.02114444444444445	0.01996666666666667	0.018699999999999994	0.01942222222222222	0.021266666666666666	0.024433333333333345	0.026611111111111113	0.029899999999999993	0.031188888888888888	0.03365555555555556	0.03476666666666669	0.036900000000000016	0.03784444444444445	0.0388	0.04088888888888889	0.04285555555555556	0.04521111111111112	0.05042222222222221	0.05579999999999999	0.06123333333333333	0.06562222222222223	0.07110000000000001	0.07906666666666669	0.0841777777777778	0.09074444444444445	0.09419999999999999	0.10023333333333333	0.10778888888888888	0.11877777777777776	0.12949999999999998	0.14198888888888886	0.15473333333333336	0.1690777777777778	0.1821777777777778	0.1975444444444445	0.21433333333333335	0.23204444444444447	0.2494777777777778	0.2679	0.2818555555555556	0.29906666666666665	0.31964444444444445	0.3454111111111111	0.3688666666666666	0.3974555555555555	0.4266222222222222	0.46269999999999994	0.4833444444444444	0.5186777777777778	0.5526444444444444	0.6304	0.686088888888889	Lactic acid treatment without proline supplementation.
B12	0.002433333333333329	0.0028111111111111114	0.006322222222222225	0.009233333333333343	0.013244444444444448	0.014300000000000007	0.01564444444444445	0.014866666666666676	0.016200000000000003	0.01617777777777778	0.018533333333333336	0.018633333333333335	0.02038888888888889	0.020700000000000007	0.02450000000000001	0.026711111111111113	0.031633333333333326	0.032888888888888884	0.03455555555555556	0.036100000000000014	0.03880000000000001	0.04134444444444444	0.0443	0.04678888888888889	0.04935555555555556	0.05194444444444445	0.05765555555555554	0.06606666666666665	0.07583333333333332	0.08492222222222223	0.0938666666666667	0.10310000000000002	0.1123777777777778	0.1227777777777778	0.1332	0.14423333333333332	0.1571888888888889	0.17237777777777777	0.1885	0.2061888888888889	0.22640000000000002	0.2513111111111111	0.2750444444444444	0.30164444444444444	0.3289	0.3592777777777778	0.38904444444444447	0.42110000000000003	0.4556555555555555	0.4958666666666667	0.5405444444444445	0.5872777777777778	0.635	0.6901222222222222	0.7514888888888889	0.8157666666666666	0.8751111111111111	0.9379111111111111	1.0124111111111112	1.1651	1.2932555555555554	High proline supplementation with lactic acid treatment.
C1	0.001977777777777782	0.007444444444444448	0.010877777777777783	0.017200000000000003	0.025922222222222235	0.03771111111111113	0.0403888888888889	0.03573333333333333	0.03517777777777776	0.0380111111111111	0.04517777777777777	0.04538888888888889	0.04642222222222222	0.045322222222222215	0.04614444444444444	0.05028888888888889	0.0537	0.05987777777777777	0.06623333333333332	0.07485555555555555	0.08206666666666666	0.08967777777777779	0.09707777777777778	0.10722222222222222	0.11623333333333331	0.12665555555555555	0.13966666666666666	0.15613333333333335	0.17227777777777775	0.1907444444444444	0.21055555555555552	0.23449999999999996	0.2605222222222222	0.28604444444444443	0.3085333333333333	0.3299222222222222	0.3576333333333333	0.39185555555555557	0.4272	0.4658222222222222	0.5093666666666666	0.5588555555555555	0.6067	0.6549222222222223	0.7071777777777778	0.766111111111111	0.8245333333333332	0.8808333333333334	0.9364444444444443	0.9988777777777779	1.0711444444444445	1.1452777777777776	1.2068777777777777	1.2731666666666666	1.3351444444444445	1.4094666666666669	1.467377777777778	1.532788888888889	1.5976444444444444	1.7519222222222222	1.8801666666666665	High proline supplementation without lactic acid treatment.
C2	0.00997777777777778	0.011677777777777773	0.013911111111111105	0.010466666666666671	0.012288888888888896	0.014477777777777784	0.011422222222222222	0.009766666666666665	0.007011111111111097	0.007044444444444427	0.005644444444444424	0.005022222222222215	0.0041222222222222216	0.004522222222222233	0.003944444444444454	0.004122222222222231	0.0035333333333333328	0.003311111111111107	0.004633333333333323	0.0056555555555555526	0.006599999999999995	0.005444444444444446	0.004544444444444444	0.004355555555555547	0.003599999999999983	0.004688888888888863	0.004299999999999989	0.004933333333333336	0.004511111111111123	0.005311111111111109	0.006188888888888883	0.004666666666666652	0.005022222222222215	0.004977777777777775	0.005866666666666677	0.005255555555555559	0.00470000000000001	0.004655555555555552	0.0033666666666666754	0.004422222222222216	0.004633333333333332	0.005555555555555554	0.004766666666666669	0.004622222222222222	0.0038444444444444372	0.005044444444444435	0.005433333333333327	0.006599999999999995	0.005444444444444437	0.006277777777777771	0.007244444444444433	0.007677777777777765	0.007577777777777767	0.006666666666666664	0.006377777777777778	0.005399999999999998	0.005144444444444442	0.004855555555555557	0.005444444444444446	0.004555555555555553	0.0036666666666666605	Media control
C3	0.005211111111111111	0.009844444444444442	0.017577777777777776	0.017733333333333334	0.018755555555555564	0.018244444444444452	0.021155555555555556	0.019299999999999994	0.02417777777777776	0.025477777777777755	0.031344444444444425	0.031122222222222218	0.03392222222222222	0.03412222222222223	0.03241111111111111	0.033355555555555555	0.03583333333333333	0.04184444444444444	0.0473	0.05352222222222222	0.0607	0.06821111111111111	0.07907777777777779	0.08915555555555554	0.09929999999999999	0.10705555555555553	0.11946666666666665	0.13513333333333333	0.1494777777777778	0.16361111111111112	0.1804888888888889	0.20166666666666666	0.22345555555555555	0.2420111111111111	0.25553333333333333	0.26682222222222224	0.29186666666666666	0.32665555555555553	0.3634	0.3945555555555556	0.42536666666666667	0.4620888888888888	0.4978666666666666	0.5393222222222223	0.5794111111111111	0.6224777777777778	0.6723666666666667	0.7273000000000001	0.8073444444444444	0.8845111111111112	0.8667444444444445	0.7906444444444444	0.7055111111111111	0.6082000000000001	0.48871111111111115	0.3475333333333333	0.29117777777777776	0.2688888888888889	0.2587777777777778	0.3441222222222222	0.43483333333333335	Low proline supplementation without lactic acid treatment.
C4	0.0	0.0	0.0	0.0	0.0	0.0	0.0	0.00045555555555555166	0.00045555555555555166	0.00045555555555555166	0.0	0.0	0.00037777777777778243	0.003277777777777787	0.0046888888888888995	0.006755555555555561	0.007088888888888885	0.009755555555555554	0.011655555555555558	0.01526666666666667	0.017622222222222223	0.020133333333333326	0.021711111111111098	0.024344444444444436	0.02886666666666667	0.03440000000000002	0.03771111111111112	0.041944444444444444	0.048977777777777766	0.05453333333333333	0.06002222222222223	0.06271111111111112	0.06981111111111112	0.07706666666666669	0.08984444444444445	0.10518888888888889	0.11548888888888888	0.12269999999999999	0.12860000000000002	0.14141111111111113	0.1545888888888889	0.1703333333333333	0.18686666666666663	0.20567777777777776	0.22556666666666667	0.2459	0.2699333333333333	0.29715555555555556	0.3357666666666667	0.37443333333333334	0.4049777777777778	0.42806666666666676	0.4619666666666667	0.49772222222222223	0.5346222222222222	0.5627888888888889	0.6138666666666667	0.6595333333333334	0.7081666666666667	0.7506444444444443	0.7870333333333331	High proline supplementation with lactic acid treatment.
C5	0.006366666666666669	0.006366666666666669	0.006366666666666669	0.004688888888888891	0.004688888888888891	0.004688888888888891	0.0	0.0	0.006144444444444443	0.016511111111111105	0.019555555555555548	0.022255555555555546	0.01827777777777777	0.02261111111111112	0.024711111111111128	0.027933333333333348	0.029644444444444445	0.02836666666666666	0.028544444444444445	0.030177777777777786	0.03613333333333335	0.04521111111111112	0.05558888888888889	0.06303333333333333	0.07214444444444444	0.07842222222222223	0.08972222222222222	0.10115555555555555	0.11433333333333333	0.12728888888888887	0.14106666666666665	0.15863333333333332	0.1754	0.1932222222222222	0.20752222222222225	0.2227	0.24644444444444447	0.27867777777777775	0.313	0.3404333333333333	0.3695	0.4012	0.43567777777777783	0.47407777777777776	0.5122666666666668	0.5571	0.6023777777777778	0.6553666666666667	0.7045444444444445	0.7579777777777778	0.8157222222222223	0.8874666666666666	0.9548666666666668	1.0289777777777778	1.0935555555555556	1.163611111111111	1.220988888888889	1.2998333333333332	1.380577777777778	1.546166666666667	1.6716111111111112	Low proline supplementation without lactic acid treatment.
C6	0.0	0.0	0.0	0.0	0.0	0.0	0.0	0.0	0.0	0.0	0.0	0.0	0.0	0.0	0.0	0.0004000000000000022	0.001666666666666668	0.0037555555555555584	0.004488888888888894	0.005066666666666673	0.006011111111111124	0.010255555555555565	0.013933333333333344	0.017133333333333344	0.020177777777777784	0.02457777777777778	0.02938888888888889	0.03414444444444445	0.038955555555555556	0.04393333333333333	0.048466666666666665	0.05365555555555556	0.058688888888888895	0.06403333333333333	0.07038888888888888	0.0778111111111111	0.08528888888888887	0.09233333333333334	0.09963333333333331	0.10833333333333332	0.11875555555555556	0.1312	0.14461111111111113	0.15815555555555558	0.17333333333333334	0.18908888888888886	0.20614444444444446	0.21794444444444447	0.2433	0.26636666666666664	0.28778888888888887	0.29956666666666665	0.32451111111111114	0.3445888888888889	0.36772222222222223	0.38004444444444446	0.42254444444444444	0.4521111111111111	0.48056666666666664	0.49547777777777774	0.5113555555555556	Lactic acid treatment without proline supplementation.
C7	0.009044444444444447	0.009044444444444447	0.01688888888888888	0.017533333333333317	0.023477777777777774	0.019244444444444463	0.009555555555555576	0.0036111111111111205	0.0038111111111111076	0.01004444444444444	0.01887777777777777	0.02102222222222221	0.021766666666666656	0.017711111111111105	0.018077777777777776	0.02161111111111111	0.02723333333333332	0.034622222222222214	0.03804444444444443	0.04907777777777777	0.05752222222222222	0.06895555555555555	0.07075555555555556	0.07701111111111113	0.08288888888888891	0.09700000000000002	0.1043888888888889	0.11057777777777779	0.11964444444444444	0.12923333333333334	0.14201111111111112	0.1494777777777778	0.1625	0.17826666666666666	0.1978888888888889	0.21912222222222222	0.2386111111111111	0.2574888888888889	0.27917777777777775	0.3045111111111111	0.33146666666666663	0.3619666666666666	0.3957333333333333	0.4304444444444444	0.4675777777777778	0.5097555555555556	0.5620333333333334	0.6108444444444444	0.6711666666666667	0.7269	0.7822	0.8275333333333333	0.8941555555555555	0.957388888888889	1.0210555555555556	1.0655444444444444	1.1421	1.208788888888889	1.2826666666666666	1.3659444444444446	1.4393333333333336	Control group with no supplementation or treatment.
C8	0.0	0.0	0.0	0.0	0.0	0.0	0.0	0.00040000000000001146	0.0005777777777777882	0.0009444444444444514	0.005088888888888883	0.006133333333333324	0.006711111111111103	0.004999999999999995	0.0062777777777777806	0.007444444444444448	0.00837777777777778	0.009077777777777777	0.011677777777777778	0.013811111111111107	0.0152	0.015888888888888886	0.016488888888888897	0.017288888888888892	0.01886666666666667	0.024800000000000006	0.030388888888888892	0.03471111111111111	0.03854444444444443	0.042255555555555546	0.04674444444444444	0.048933333333333336	0.051744444444444454	0.056400000000000006	0.06491111111111111	0.0766111111111111	0.08354444444444444	0.08508888888888888	0.0874111111111111	0.09748888888888889	0.1078111111111111	0.11973333333333334	0.12865555555555555	0.1395111111111111	0.15262222222222221	0.16697777777777778	0.18503333333333336	0.2023777777777778	0.23560000000000003	0.2682777777777778	0.28615555555555555	0.29192222222222225	0.3158222222222222	0.3343555555555556	0.3560888888888889	0.3612444444444445	0.41333333333333333	0.44059999999999994	0.4698111111111111	0.4801111111111111	0.5040888888888889	Low proline supplementation with lactic acid treatment.
C9	0.0006777777777777771	0.0006777777777777771	0.00421111111111111	0.006622222222222214	0.01006666666666666	0.01105555555555554	0.013299999999999979	0.014766666666666642	0.015499999999999977	0.015933333333333327	0.016177777777777763	0.016533333333333317	0.01738888888888888	0.01781111111111111	0.020355555555555554	0.02264444444444443	0.027144444444444433	0.02848888888888888	0.030099999999999988	0.029666666666666647	0.03248888888888887	0.03458888888888887	0.03854444444444444	0.041177777777777785	0.04380000000000001	0.04413333333333335	0.04832222222222223	0.05305555555555556	0.05771111111111111	0.0626111111111111	0.06998888888888888	0.08032222222222223	0.08604444444444444	0.09266666666666667	0.09308888888888889	0.09486666666666665	0.10175555555555556	0.1160111111111111	0.13163333333333332	0.14343333333333333	0.1556222222222222	0.1687	0.18034444444444442	0.19362222222222222	0.20885555555555557	0.2252111111111111	0.24283333333333332	0.2611666666666667	0.2671444444444444	0.2724222222222222	0.28891111111111106	0.31992222222222216	0.3421888888888889	0.3703222222222222	0.3999888888888889	0.44482222222222223	0.4552333333333333	0.4843555555555555	0.5176666666666666	0.5717777777777777	0.5982888888888889	Lactic acid treatment without proline supplementation.
C10	0.0	0.0	0.0	0.0	0.0	0.0	0.0	0.0	0.0	0.0	0.0	0.0	0.00018888888888889585	0.00018888888888889585	0.0013888888888889024	0.002666666666666669	0.004633333333333332	0.005355555555555548	0.006455555555555566	0.005866666666666687	0.007300000000000019	0.007677777777777783	0.00893333333333333	0.009622222222222218	0.010288888888888884	0.011111111111111118	0.01418888888888889	0.01726666666666667	0.021366666666666673	0.024288888888888905	0.028966666666666686	0.034366666666666684	0.03731111111111113	0.04144444444444446	0.044500000000000005	0.04926666666666666	0.05318888888888889	0.05777777777777778	0.0634	0.07178888888888889	0.08073333333333334	0.09121111111111113	0.09907777777777782	0.10971111111111113	0.12070000000000002	0.13254444444444446	0.14274444444444448	0.1542	0.1708222222222222	0.1907	0.20494444444444446	0.2173777777777778	0.23566666666666666	0.2546555555555556	0.2731222222222222	0.2873333333333334	0.31164444444444445	0.33417777777777774	0.35817777777777776	0.38176666666666664	0.40162222222222227	Low proline supplementation with lactic acid treatment.
C11	0.006755555555555547	0.009955555555555546	0.013322222222222221	0.00733333333333334	0.005311111111111118	0.00573333333333334	0.007644444444444454	0.006866666666666678	0.01523333333333333	0.02401111111111111	0.025466666666666665	0.021933333333333332	0.01735555555555555	0.018733333333333334	0.01773333333333334	0.02104444444444445	0.028233333333333322	0.03218888888888888	0.03445555555555555	0.035900000000000015	0.038600000000000016	0.04234444444444444	0.04753333333333332	0.051622222222222215	0.05628888888888889	0.06364444444444445	0.07222222222222222	0.07989999999999998	0.08706666666666667	0.09755555555555555	0.10943333333333334	0.12226666666666668	0.13324444444444447	0.14731111111111111	0.1626	0.1781	0.1932222222222222	0.2081777777777778	0.22643333333333335	0.24985555555555558	0.2743333333333334	0.30104444444444445	0.32884444444444444	0.3605444444444445	0.3924	0.42301111111111106	0.4543111111111111	0.49049999999999994	0.5347555555555554	0.5876333333333332	0.6341111111111112	0.6803444444444445	0.7313000000000001	0.7864888888888889	0.8419888888888889	0.8932000000000001	0.9569444444444445	1.0234777777777777	1.0919777777777777	1.1598333333333333	1.2060888888888888	Control group with no supplementation or treatment.
C12	0.0	0.0	0.0	0.0	0.0	0.0	0.0	0.0002444444444444453	0.0002444444444444453	0.0009777777777777812	0.0007333333333333358	0.0023333333333333353	0.0015999999999999996	0.0015999999999999996	0.0	0.0	0.0007333333333333266	0.0007333333333333266	0.0010000000000000009	0.0002666666666666743	0.0002666666666666743	0.0	0.0	0.0	0.0	0.0005555555555555591	0.0005555555555555591	0.0005555555555555591	0.0	0.0	0.0	0.0	0.0	0.0	0.0	0.0	0.0	3.333333333332966e-05	3.333333333332966e-05	3.333333333332966e-05	0.0	0.0	0.0	0.0005444444444444493	0.0005444444444444493	0.0016000000000000088	0.0027666666666666764	0.0027666666666666764	0.001711111111111117	0.0	0.0	0.0	0.0	0.0	0.0	0.0	0.0	0.0	5.555555555555869e-05	0.0003555555555555627	0.0006555555555555667	Media control
D1	0.004133333333333332	0.004777777777777774	0.003888888888888886	0.008055555555555557	0.00946666666666667	0.013066666666666671	0.015977777777777775	0.017055555555555556	0.019122222222222218	0.019011111111111107	0.019211111111111113	0.02144444444444445	0.023766666666666676	0.025911111111111107	0.025477777777777776	0.025922222222222218	0.028466666666666668	0.03096666666666666	0.03418888888888888	0.03579999999999999	0.03821111111111111	0.040222222222222236	0.04366666666666668	0.048044444444444445	0.05095555555555555	0.05427777777777778	0.057911111111111115	0.06192222222222223	0.06708888888888889	0.06988888888888889	0.07562222222222222	0.08164444444444445	0.09076666666666666	0.09771111111111112	0.1096111111111111	0.12179999999999998	0.13178888888888887	0.13795555555555553	0.1424888888888889	0.15515555555555557	0.16863333333333333	0.18517777777777777	0.1998777777777778	0.2151888888888889	0.2296222222222222	0.24706666666666666	0.2673	0.2890333333333333	0.3274333333333334	0.3682888888888889	0.3913777777777778	0.40073333333333333	0.43222222222222223	0.46115555555555554	0.49101111111111106	0.5009222222222222	0.5638888888888888	0.6019777777777778	0.6405888888888889	0.8185555555555556	1.0093666666666665	Low proline supplementation with lactic acid treatment.
D2	0.0005444444444444493	0.004277777777777779	0.007011111111111116	0.01203333333333334	0.012855555555555573	0.016844444444444457	0.01945555555555556	0.02416666666666666	0.026544444444444426	0.026977777777777757	0.027677777777777756	0.029188888888888886	0.031322222222222224	0.03315555555555557	0.03331111111111112	0.03492222222222222	0.03593333333333334	0.03974444444444445	0.043833333333333335	0.04832222222222222	0.052399999999999995	0.055911111111111106	0.058977777777777775	0.06435555555555554	0.06849999999999999	0.07535555555555555	0.08036666666666667	0.08743333333333332	0.0935111111111111	0.10027777777777776	0.10975555555555554	0.11929999999999998	0.13088888888888886	0.13981111111111108	0.15066666666666664	0.16082222222222223	0.17403333333333335	0.18638888888888885	0.20013333333333336	0.21488888888888888	0.23346666666666668	0.25575555555555557	0.27823333333333333	0.3000555555555556	0.3195444444444444	0.3419777777777777	0.36753333333333327	0.3965666666666667	0.4251444444444444	0.4559111111111111	0.48594444444444446	0.5165777777777778	0.5511777777777778	0.5842666666666667	0.623411111111111	0.6609666666666666	0.7085111111111111	0.7576222222222223	0.8095111111111112	0.8716555555555555	0.9166666666666666	Lactic acid treatment without proline supplementation.
D3	0.003377777777777785	0.010811111111111113	0.01667777777777778	0.022766666666666657	0.021688888888888896	0.029044444444444456	0.032255555555555565	0.03789999999999999	0.03261111111111109	0.026411111111111097	0.022844444444444435	0.024855555555555547	0.03132222222222222	0.03805555555555556	0.04251111111111111	0.04575555555555555	0.044766666666666656	0.046577777777777774	0.04583333333333333	0.048688888888888886	0.05029999999999999	0.053877777777777774	0.05664444444444444	0.06192222222222222	0.06666666666666667	0.07405555555555556	0.0812	0.09126666666666668	0.10034444444444446	0.11057777777777777	0.12105555555555554	0.13386666666666666	0.1474222222222222	0.16051111111111108	0.1759333333333333	0.1917222222222222	0.21093333333333333	0.22792222222222222	0.2447	0.26638888888888884	0.2896666666666667	0.31968888888888886	0.3466666666666667	0.3770222222222222	0.4054111111111111	0.4393777777777778	0.4771666666666666	0.5173666666666666	0.5522777777777778	0.5871444444444444	0.6299444444444444	0.6801777777777778	0.7321444444444444	0.7812333333333333	0.8359111111111112	0.8912999999999999	0.9477777777777776	1.0028555555555556	1.067811111111111	1.3137888888888887	1.5392	Control group with no supplementation or treatment.
D4	0.01157777777777777	0.005788888888888885	0.0	0.0	0.0	0.0	0.0	0.0	0.0	0.0	0.0	0.0	0.0	0.0	0.0	0.0	0.0	0.0	0.0	0.0	0.0	0.0	0.0	0.0	0.0	0.0	0.0	0.0	0.0	0.0	0.0	0.0	0.0	0.0	0.0	0.0	0.0	0.0	0.0	0.0	0.0	0.0	0.0	0.0	0.0	0.0	0.0	0.0	0.0	0.0	0.0	0.0	0.0	0.0	0.0	0.0	0.0	0.0	0.0	0.0	0.0	Media control
D5	0.0	0.0	0.0	0.0	0.0	0.0	0.0	0.0	0.0	0.0	0.0	0.00016666666666666682	0.0006444444444444383	0.001133333333333338	0.0016111111111111187	0.0032444444444444573	0.004833333333333328	0.007266666666666653	0.00947777777777777	0.012177777777777787	0.015500000000000014	0.019444444444444448	0.021977777777777763	0.025944444444444426	0.028866666666666662	0.03372222222222223	0.037577777777777786	0.04209999999999999	0.0457111111111111	0.049844444444444434	0.056366666666666655	0.06418888888888888	0.07353333333333333	0.08035555555555556	0.08649999999999998	0.09163333333333333	0.10215555555555556	0.1160111111111111	0.13041111111111112	0.14336666666666664	0.1564111111111111	0.17556666666666668	0.1926777777777778	0.2111222222222222	0.2282	0.2517333333333333	0.2782222222222222	0.3028777777777778	0.31954444444444446	0.3403444444444445	0.36978888888888894	0.41254444444444444	0.4436333333333334	0.478188888888889	0.5095333333333334	0.5534	0.5801111111111111	0.6200555555555556	0.6618888888888889	0.7215000000000001	0.7560555555555556	High proline supplementation with lactic acid treatment.
D7	0.01866666666666666	0.013555555555555548	0.011477777777777767	0.012966666666666663	0.015511111111111114	0.017455555555555568	0.020177777777777784	0.02192222222222222	0.021066666666666668	0.02253333333333335	0.024766666666666676	0.027022222222222225	0.030211111111111105	0.032322222222222224	0.03620000000000001	0.038188888888888904	0.042266666666666675	0.046000000000000006	0.05055555555555555	0.05394444444444444	0.057044444444444446	0.06367777777777779	0.07075555555555556	0.07987777777777778	0.08868888888888889	0.09684444444444446	0.10718888888888889	0.11777777777777777	0.13049999999999998	0.14267777777777776	0.1582333333333333	0.17386666666666664	0.18983333333333333	0.20363333333333333	0.21975555555555557	0.23856666666666668	0.25806666666666667	0.28236666666666665	0.30825555555555556	0.3370222222222223	0.3655111111111111	0.3963777777777778	0.4314777777777778	0.46883333333333327	0.5061666666666667	0.5457888888888888	0.5885444444444444	0.6345666666666666	0.6771111111111111	0.7203333333333334	0.7721888888888889	0.8368444444444445	0.8924	0.9548666666666666	1.0083111111111112	1.0779777777777777	1.1288222222222224	1.1965000000000001	1.2531333333333334	1.4088333333333332	1.5321333333333333	High proline supplementation without lactic acid treatment.
D8	0.009733333333333335	0.004866666666666668	0.001688888888888888	0.003044444444444442	0.006077777777777775	0.005055555555555554	0.005877777777777778	0.0031888888888888987	0.004333333333333346	0.0026666666666666783	0.0023222222222222255	0.0015111111111111113	0.0010000000000000009	0.0019222222222222234	0.001700000000000007	0.0017222222222222268	0.00206666666666667	0.0019999999999999927	0.0019777777777777727	0.0007111111111111068	0.0	0.0	0.0	3.333333333332966e-05	0.0007888888888888853	0.0007888888888888853	0.0007555555555555556	0.0	0.0	0.0	0.0	0.0	0.00022222222222221624	0.0004888888888888906	0.0004888888888888906	0.0002666666666666743	0.00033333333333333365	0.0006333333333333376	0.0006333333333333376	0.000300000000000004	0.0	0.0007555555555555556	0.0008555555555555538	0.001666666666666668	0.0009111111111111125	0.0011333333333333289	0.0006222222222222185	0.000699999999999997	0.00037777777777778243	7.777777777777846e-05	0.0	0.0	0.0011444444444444386	0.002077777777777771	0.002077777777777771	0.0009333333333333323	0.0	4.444444444443955e-05	4.444444444443955e-05	5.555555555554944e-05	2.2222222222219774e-05	Media control
D9	0.001422222222222223	0.00208888888888889	0.0054111111111111165	0.007400000000000008	0.01094444444444446	0.011855555555555564	0.01363333333333333	0.012788888888888877	0.01416666666666666	0.015011111111111114	0.013799999999999998	0.013922222222222216	0.014977777777777776	0.016944444444444446	0.02095555555555556	0.023788888888888887	0.03259999999999999	0.03486666666666666	0.037699999999999984	0.03403333333333333	0.037422222222222225	0.04121111111111112	0.04916666666666667	0.0542	0.058444444444444445	0.056633333333333334	0.061366666666666674	0.06671111111111111	0.07264444444444446	0.07817777777777779	0.08744444444444448	0.10294444444444446	0.1149	0.12404444444444446	0.12482222222222224	0.12298888888888888	0.1341111111111111	0.15745555555555557	0.18296666666666664	0.19706666666666664	0.21365555555555557	0.23198888888888888	0.25472222222222224	0.2755666666666667	0.2952222222222222	0.3138222222222222	0.3364888888888889	0.36164444444444444	0.3632666666666667	0.36493333333333333	0.38996666666666663	0.44618888888888897	0.4751333333333334	0.511888888888889	0.5514222222222223	0.6207555555555556	0.6292777777777778	0.6731111111111111	0.7232555555555557	0.8130333333333334	0.850288888888889	High proline supplementation with lactic acid treatment.
D10	0.0070444444444444365	0.0035222222222222183	0.0007888888888888945	0.0024666666666666726	0.0047444444444444496	0.0066555555555555534	0.009733333333333335	0.009222222222222224	0.010933333333333331	0.01367777777777777	0.0147	0.015388888888888888	0.014211111111111119	0.01577777777777777	0.019322222222222223	0.02202222222222222	0.02926666666666668	0.03313333333333335	0.037000000000000005	0.03946666666666666	0.04348888888888888	0.0482111111111111	0.05433333333333334	0.06026666666666667	0.06664444444444446	0.07033333333333333	0.07773333333333332	0.08587777777777776	0.0941111111111111	0.10044444444444445	0.10841111111111112	0.11904444444444445	0.13023333333333334	0.1431111111111111	0.15522222222222223	0.16825555555555557	0.18287777777777778	0.20308888888888887	0.22540000000000002	0.246	0.2687222222222222	0.29425555555555555	0.32405555555555554	0.35273333333333334	0.38025555555555557	0.4091555555555555	0.44225555555555557	0.47807777777777777	0.5131666666666667	0.5482999999999999	0.5877666666666667	0.634788888888889	0.6827333333333333	0.7318888888888889	0.7839222222222221	0.8392888888888889	0.8990777777777779	0.9646111111111112	1.0367222222222223	1.1782000000000001	1.2931222222222223	Control group with no supplementation or treatment.
D11	0.0242888888888889	0.012766666666666676	0.0012444444444444508	0.0	0.00045555555555555166	0.00045555555555555166	0.0014666666666666623	0.0010444444444444496	0.0025000000000000022	0.003788888888888888	0.003755555555555549	0.002488888888888883	0.003777777777777778	0.006066666666666665	0.010400000000000012	0.011955555555555561	0.016422222222222237	0.017133333333333344	0.0208888888888889	0.023800000000000016	0.03153333333333335	0.03946666666666668	0.0452888888888889	0.05387777777777778	0.05920000000000001	0.06944444444444445	0.07853333333333333	0.0879888888888889	0.09936666666666666	0.10805555555555553	0.1211222222222222	0.13145555555555555	0.146	0.1595222222222222	0.1753	0.18912222222222222	0.20614444444444444	0.22425555555555557	0.24573333333333336	0.2674888888888889	0.29046666666666665	0.31559999999999994	0.3433888888888889	0.37612222222222225	0.4105666666666667	0.44715555555555553	0.4814333333333333	0.5215444444444445	0.5605444444444445	0.6110777777777777	0.6584	0.7151777777777778	0.7681111111111111	0.8221888888888889	0.8816555555555556	0.9405333333333333	1.0067222222222223	1.0721333333333334	1.1347666666666667	1.3289222222222221	1.497522222222222	Low proline supplementation without lactic acid treatment.
D12	0.0	0.0	0.0	0.0	0.0	0.0	0.0	0.0	0.000122222222222218	0.000122222222222218	0.000122222222222218	0.0	0.0	0.000688888888888887	0.003277777777777787	0.006122222222222233	0.0099888888888889	0.011766666666666667	0.013222222222222227	0.01360000000000001	0.015333333333333346	0.017033333333333334	0.01902222222222223	0.02317777777777778	0.026900000000000007	0.02991111111111111	0.032733333333333337	0.03715555555555555	0.043699999999999996	0.049055555555555554	0.05592222222222223	0.06095555555555556	0.06716666666666667	0.07412222222222221	0.08209999999999999	0.0902222222222222	0.09671111111111112	0.10595555555555554	0.11296666666666666	0.12548888888888887	0.13696666666666665	0.15309999999999999	0.16808888888888887	0.18592222222222224	0.20353333333333334	0.22205555555555556	0.23913333333333334	0.2611111111111111	0.2864777777777778	0.3151777777777778	0.3362	0.3539777777777778	0.37857777777777774	0.40982222222222225	0.44272222222222224	0.4745	0.5120888888888889	0.5513333333333333	0.5879	0.9755555555555556	1.3527888888888888	Low proline supplementation with lactic acid treatment.
E1	0.0	0.0	0.0	0.0	0.0	0.0014444444444444426	0.004355555555555557	0.007488888888888888	0.00945555555555555	0.010611111111111099	0.01151111111111111	0.014077777777777781	0.01686666666666668	0.01837777777777777	0.01934444444444443	0.021188888888888868	0.02419999999999999	0.027533333333333326	0.03128888888888889	0.03473333333333333	0.03931111111111111	0.04308888888888889	0.04936666666666665	0.05524444444444443	0.06048888888888887	0.0632111111111111	0.07067777777777777	0.07962222222222222	0.08645555555555555	0.09302222222222223	0.10162222222222222	0.1157777777777778	0.12776666666666667	0.13777777777777778	0.14324444444444442	0.1469	0.1610222222222222	0.18218888888888887	0.20348888888888886	0.21805555555555556	0.23346666666666668	0.2534444444444444	0.2750777777777778	0.2957222222222223	0.3188222222222223	0.34230000000000005	0.3684	0.39503333333333335	0.4067	0.4215555555555556	0.45351111111111114	0.5033666666666666	0.5348888888888889	0.5707888888888889	0.6078777777777777	0.6646555555555556	0.6862555555555555	0.7299444444444445	0.7797222222222223	0.9353222222222223	1.0566666666666666	Lactic acid treatment without proline supplementation.
E2	0.012244444444444447	0.013088888888888891	0.013466666666666674	0.014422222222222225	0.017033333333333334	0.022033333333333332	0.03357777777777778	0.03702222222222223	0.03718888888888889	0.0290111111111111	0.02837777777777778	0.03194444444444444	0.03736666666666668	0.043511111111111105	0.046444444444444434	0.04992222222222221	0.05616666666666666	0.0644	0.06985555555555555	0.0747	0.07771111111111112	0.08515555555555555	0.09319999999999999	0.10691111111111111	0.11848888888888887	0.13077777777777777	0.14127777777777775	0.15395555555555557	0.1693888888888889	0.1827222222222222	0.1990222222222222	0.21454444444444443	0.2351	0.25841111111111115	0.2850111111111111	0.3166	0.34565555555555555	0.3749222222222222	0.4010888888888889	0.4337555555555555	0.46866666666666673	0.5128777777777779	0.5561111111111112	0.6024555555555556	0.6469222222222223	0.7019333333333334	0.7551666666666668	0.8193333333333334	0.8938333333333333	0.9738555555555554	1.0429777777777778	1.1093666666666666	1.1829888888888889	1.2534222222222222	1.3226777777777778	1.3833222222222223	1.4557555555555555	1.5101777777777778	1.5860888888888889	1.7449555555555556	1.8926333333333334	Control group with no supplementation or treatment.
E3	0.0	0.0006444444444444383	0.0006444444444444383	0.0006444444444444383	0.0	0.0	0.0	0.0	0.0	0.000300000000000004	0.0007333333333333266	0.0007333333333333266	0.00043333333333332263	0.0	0.001244444444444437	0.001499999999999992	0.002555555555555552	0.00156666666666667	0.0013111111111111147	0.00025555555555555515	0.0005444444444444493	0.0005444444444444493	0.0026666666666666783	0.002122222222222229	0.003188888888888889	0.0010666666666666602	0.001233333333333327	0.0005888888888888796	0.0015999999999999903	0.0029555555555555446	0.002533333333333332	0.0034666666666666643	0.001944444444444443	0.0029111111111111143	0.0021666666666666687	0.002577777777777781	0.001788888888888886	0.002233333333333328	0.004611111111111094	0.004433333333333317	0.003655555555555551	0.000866666666666673	0.000866666666666673	0.0015666666666666607	0.0037111111111111004	0.0037111111111111004	0.0021444444444444397	0.0	0.0	0.0	0.000833333333333334	0.000833333333333334	0.0018888888888889028	0.001055555555555569	0.001055555555555569	0.0013222222222222246	0.0020222222222222217	0.0020222222222222217	0.000955555555555552	0.0011333333333333289	0.0020111111111111024	Media control
E4	0.0	0.004511111111111105	0.006288888888888881	0.012422222222222215	0.011866666666666673	0.015000000000000013	0.015211111111111128	0.017533333333333345	0.021700000000000007	0.023655555555555558	0.027011111111111107	0.02731111111111111	0.026644444444444443	0.027233333333333342	0.026099999999999995	0.03308888888888888	0.032888888888888884	0.03690000000000001	0.036933333333333346	0.04437777777777779	0.049233333333333344	0.0533888888888889	0.05597777777777779	0.06236666666666668	0.06912222222222222	0.08034444444444444	0.08864444444444446	0.09856666666666665	0.10880000000000001	0.12018888888888886	0.13196666666666665	0.14169999999999996	0.15483333333333332	0.16836666666666666	0.18825555555555554	0.2089777777777778	0.22615555555555555	0.24126666666666666	0.2605444444444444	0.28528888888888887	0.31221111111111105	0.3380666666666667	0.37129999999999996	0.4023666666666666	0.43649999999999994	0.47007777777777776	0.5093777777777778	0.5530111111111111	0.6159333333333333	0.6858222222222222	0.7403444444444446	0.7796	0.8370000000000001	0.8958222222222222	0.9539111111111112	0.9951777777777778	1.089088888888889	1.161011111111111	1.2403111111111111	1.311188888888889	1.3875444444444447	High proline supplementation without lactic acid treatment.
E5	0.002722222222222223	0.007911111111111105	0.013844444444444442	0.0193	0.020577777777777796	0.02248888888888891	0.021244444444444455	0.023244444444444446	0.02476666666666666	0.02265555555555555	0.017466666666666658	0.01675555555555555	0.018655555555555564	0.020911111111111113	0.016566666666666664	0.02041111111111109	0.022977777777777764	0.026511111111111096	0.02776666666666666	0.029855555555555552	0.035344444444444435	0.035622222222222215	0.03364444444444444	0.033944444444444444	0.033977777777777766	0.03985555555555554	0.04238888888888887	0.04677777777777778	0.049800000000000004	0.055011111111111115	0.062099999999999995	0.06792222222222222	0.07534444444444445	0.08020000000000001	0.08762222222222223	0.09301111111111111	0.10307777777777778	0.11062222222222223	0.12216666666666666	0.13542222222222222	0.14959999999999998	0.16063333333333332	0.17356666666666665	0.1875888888888889	0.20103333333333331	0.21524444444444443	0.23363333333333328	0.2534666666666667	0.27682222222222225	0.3025111111111111	0.32088888888888883	0.3351333333333333	0.36149999999999993	0.38678888888888885	0.41319999999999996	0.42958888888888885	0.47221111111111114	0.5034111111111111	0.5341888888888889	0.5526666666666668	0.5733333333333334	Lactic acid treatment without proline supplementation.
E6	0.0	0.0025888888888888815	0.0025888888888888815	0.00529999999999999	0.005144444444444442	0.00634444444444444	0.003633333333333331	0.0011999999999999973	0.00015555555555554768	0.002922222222222206	0.007211111111111094	0.010877777777777755	0.011999999999999983	0.012588888888888872	0.01523333333333333	0.019844444444444442	0.02039999999999999	0.020477777777777772	0.01839999999999999	0.02108888888888888	0.024488888888888883	0.026966666666666667	0.02983333333333334	0.032244444444444444	0.0383	0.04577777777777778	0.05185555555555555	0.05809999999999999	0.06482222222222221	0.07404444444444444	0.0829	0.09157777777777776	0.09863333333333331	0.10975555555555554	0.1186	0.13312222222222223	0.14183333333333334	0.15786666666666663	0.1710111111111111	0.18996666666666664	0.20466666666666666	0.22301111111111108	0.2445222222222222	0.2723555555555555	0.299	0.3236666666666666	0.34563333333333324	0.37361111111111106	0.40909999999999996	0.44622222222222224	0.4810666666666667	0.5175	0.5647222222222222	0.6120111111111112	0.6574888888888889	0.7054333333333332	0.7623333333333333	0.8149555555555557	0.8701555555555557	1.0612777777777778	1.2417333333333334	High proline supplementation without lactic acid treatment.
E7	0.0	0.0	0.002922222222222215	0.0033777777777777664	0.005044444444444435	0.004555555555555563	0.0063444444444444486	0.009055555555555558	0.008133333333333326	0.009033333333333338	0.011266666666666666	0.012455555555555553	0.01477777777777777	0.014655555555555552	0.0183	0.01845555555555556	0.019200000000000005	0.021833333333333333	0.023422222222222216	0.0251111111111111	0.024511111111111105	0.028144444444444444	0.02885555555555555	0.03244444444444444	0.03468888888888889	0.040677777777777785	0.04605555555555555	0.05311111111111111	0.05546666666666666	0.061544444444444436	0.0657	0.07523333333333333	0.07773333333333332	0.08613333333333333	0.08222222222222222	0.08553333333333335	0.08723333333333334	0.09843333333333333	0.10378888888888889	0.10435555555555558	0.10714444444444444	0.1108777777777778	0.11287777777777779	0.11296666666666667	0.1129	0.12175555555555556	0.13547777777777778	0.1509	0.1756777777777778	0.17983333333333332	0.1853888888888889	0.16224444444444444	0.14893333333333336	0.12493333333333334	0.10947777777777778	0.09307777777777776	0.08608888888888888	0.07999999999999999	0.07576666666666666	0.0794	0.08536666666666666	High proline supplementation with lactic acid treatment.
E8	0.0	0.002222222222222218	0.002222222222222218	0.004077777777777773	0.004555555555555553	0.004955555555555556	0.0031000000000000008	0.0004000000000000022	0.0016111111111111187	0.001855555555555564	0.0026666666666666783	0.001988888888888892	0.0054111111111111165	0.009022222222222228	0.013966666666666683	0.016388888888888908	0.019966666666666678	0.022166666666666668	0.02675555555555555	0.031211111111111106	0.03741111111111111	0.042444444444444444	0.04852222222222222	0.05431111111111111	0.06175555555555556	0.07144444444444445	0.08185555555555556	0.09361111111111113	0.1078	0.12191111111111112	0.1366666666666667	0.14893333333333333	0.16519999999999999	0.18176666666666663	0.20602222222222222	0.23206666666666667	0.256	0.27373333333333333	0.29365555555555556	0.32008888888888887	0.3484777777777777	0.3791777777777778	0.4149444444444444	0.45659999999999995	0.49899999999999994	0.5443222222222222	0.5928444444444444	0.6462333333333333	0.7108777777777778	0.7776333333333333	0.8396888888888889	0.8937111111111111	0.9638333333333334	1.0330333333333332	1.100377777777778	1.1513444444444445	1.2326555555555556	1.2989333333333335	1.3808666666666667	1.4806666666666668	1.5763666666666667	Low proline supplementation without lactic acid treatment.
E9	0.0	0.0	0.0	0.0	0.0	0.0	0.0	0.0	0.0	0.0	0.0	0.0	0.0	0.0	0.0	0.0	0.0	0.0	0.0	0.0	0.0	0.0	0.0	0.0	0.0	0.0	0.0	0.0	0.0	0.0	0.0	0.0	0.0	0.0	0.0	0.0	0.0	0.0	0.0	0.0	0.0	0.0	0.0	0.0	0.0	0.0	0.0	0.0	0.0	0.0	0.0	0.0	0.0	0.0	0.0	0.0	0.0	0.0	0.0	0.0	0.0	Media control
E10	0.0	0.0003111111111111046	0.0003111111111111046	0.0027444444444444382	0.002577777777777781	0.002577777777777781	0.00014444444444444704	0.0004666666666666708	0.0004666666666666708	0.0013222222222222246	0.0008555555555555538	0.002211111111111108	0.0035777777777777817	0.004055555555555553	0.008233333333333334	0.009866666666666654	0.016566666666666657	0.017133333333333316	0.02059999999999999	0.01946666666666666	0.022366666666666674	0.02563333333333334	0.029633333333333334	0.03304444444444444	0.03722222222222222	0.03945555555555555	0.04546666666666666	0.05142222222222221	0.05825555555555556	0.06733333333333333	0.07693333333333334	0.09146666666666665	0.10118888888888888	0.11194444444444444	0.11614444444444445	0.12244444444444447	0.13368888888888888	0.15448888888888887	0.17466666666666664	0.19163333333333332	0.20975555555555556	0.22843333333333335	0.2501777777777778	0.27253333333333335	0.3001666666666667	0.3275666666666666	0.3569555555555555	0.38874444444444434	0.40827777777777774	0.42977777777777765	0.4673333333333333	0.5243555555555556	0.5565333333333333	0.5918555555555556	0.6322111111111112	0.7002777777777777	0.7324555555555555	0.7819666666666666	0.8444111111111111	1.0244666666666669	1.1665222222222222	High proline supplementation without lactic acid treatment.
E11	0.003522222222222232	0.0055111111111111055	0.007088888888888876	0.007744444444444433	0.008099999999999996	0.008022222222222227	0.009722222222222224	0.011266666666666666	0.0168111111111111	0.01844444444444444	0.019633333333333336	0.01792222222222223	0.020155555555555565	0.02034444444444446	0.024844444444444464	0.026900000000000007	0.033922222222222215	0.03593333333333332	0.03822222222222221	0.0385	0.04244444444444445	0.04712222222222224	0.05092222222222225	0.05505555555555557	0.060044444444444456	0.0654	0.07183333333333335	0.0777	0.0865777777777778	0.09471111111111112	0.10431111111111112	0.1137111111111111	0.12142222222222222	0.1303888888888889	0.1411888888888889	0.15504444444444443	0.1696222222222222	0.18425555555555553	0.19740000000000002	0.21525555555555556	0.23410000000000006	0.2564777777777778	0.27497777777777777	0.2969555555555556	0.3176111111111111	0.33980000000000005	0.3622	0.38937777777777777	0.41475555555555554	0.44275555555555557	0.47436666666666677	0.5066444444444445	0.5420777777777778	0.5788222222222222	0.6209111111111111	0.6649888888888889	0.6960000000000001	0.7389222222222221	0.7772222222222224	0.872088888888889	0.9435888888888891	Low proline supplementation with lactic acid treatment.
E12	0.00263333333333333	0.005666666666666671	0.006655555555555563	0.0054111111111111165	0.003999999999999994	0.004322222222222218	0.006388888888888888	0.008733333333333343	0.011877777777777774	0.012411111111111114	0.013400000000000004	0.012655555555555567	0.014622222222222231	0.014911111111111116	0.018077777777777786	0.01946666666666667	0.02268888888888888	0.024999999999999984	0.02635555555555554	0.027966666666666657	0.02934444444444444	0.032688888888888885	0.03422222222222223	0.03778888888888889	0.04164444444444445	0.04683333333333333	0.05160000000000001	0.055933333333333335	0.06271111111111112	0.0677111111111111	0.07357777777777778	0.0791111111111111	0.08695555555555556	0.0943888888888889	0.10265555555555556	0.11227777777777777	0.12122222222222222	0.12885555555555553	0.13566666666666669	0.14838888888888888	0.16126666666666667	0.17647777777777776	0.18977777777777774	0.20575555555555555	0.22244444444444442	0.24	0.25876666666666664	0.2803111111111111	0.3058888888888889	0.3364555555555555	0.36256666666666665	0.38891111111111104	0.41607777777777777	0.44708888888888887	0.47951111111111117	0.5099555555555555	0.5483	0.5841222222222222	0.6261555555555556	0.9321222222222222	1.2289555555555556	High proline supplementation with lactic acid treatment.
F1	0.023488888888888896	0.018088888888888894	0.013277777777777791	0.009377777777777799	0.013833333333333355	0.017711111111111132	0.021888888888888913	0.02832222222222225	0.0317888888888889	0.03420000000000001	0.031377777777777775	0.03454444444444444	0.0394888888888889	0.043855555555555564	0.04603333333333334	0.049199999999999994	0.05353333333333333	0.058555555555555555	0.06418888888888888	0.07015555555555555	0.07657777777777777	0.08425555555555557	0.09320000000000002	0.10584444444444448	0.11686666666666667	0.13043333333333332	0.14396666666666666	0.16033333333333333	0.17637777777777783	0.19344444444444445	0.21275555555555556	0.23568888888888892	0.26176666666666665	0.28824444444444447	0.3111777777777778	0.3357222222222222	0.36417777777777777	0.4006444444444445	0.43603333333333333	0.4766111111111111	0.518411111111111	0.5639333333333334	0.6116555555555555	0.6675111111111112	0.7260111111111112	0.7858666666666667	0.8398222222222222	0.8935	0.9492333333333333	1.0111777777777775	1.0734111111111109	1.1407888888888886	1.206788888888889	1.2791	1.3495222222222223	1.4152777777777779	1.4824333333333335	1.5452444444444444	1.618688888888889	1.8168333333333333	1.9934222222222224	Low proline supplementation without lactic acid treatment.
F2	0.010588888888888889	0.007688888888888888	0.005677777777777772	0.0009444444444444422	0.0011999999999999973	0.00031111111111111384	0.0004222222222222312	0.0004888888888888998	0.0015555555555555693	0.0013888888888888933	0.0010666666666666695	0.00019999999999999649	0.00019999999999999649	0.00019999999999999649	0.0	0.0	0.0	0.0	0.0	0.0	0.0	0.0	0.0	0.0	0.0	0.0	0.0	0.0	0.0	0.0	0.0	0.0	0.0	0.0	0.0	0.0	0.0	0.0	0.0	0.0	0.0	0.0	0.00010000000000000749	0.00010000000000000749	0.00010000000000000749	0.0	0.0	0.0	0.0	0.0	0.0	0.0	0.0	0.0	0.0	0.0	0.0	0.0	0.0	8.888888888888835e-05	0.0001777777777777767	Media control
F3	0.0	0.001777777777777767	0.001777777777777767	0.0074111111111111	0.013588888888888881	0.020199999999999996	0.021944444444444444	0.020800000000000003	0.02046666666666667	0.019755555555555544	0.019644444444444437	0.02277777777777777	0.026211111111111112	0.03063333333333333	0.030333333333333313	0.0325222222222222	0.034788888888888876	0.04153333333333334	0.04673333333333334	0.0512111111111111	0.05663333333333332	0.0636222222222222	0.07127777777777776	0.08009999999999999	0.08692222222222219	0.09457777777777776	0.10347777777777778	0.11486666666666666	0.12526666666666664	0.13508888888888887	0.14786666666666667	0.1646333333333333	0.18253333333333333	0.19836666666666666	0.21225555555555556	0.22664444444444443	0.2475888888888889	0.2722333333333333	0.2974111111111111	0.3191888888888889	0.34157777777777776	0.3650666666666667	0.3887666666666667	0.40986666666666666	0.4218333333333333	0.4905111111111111	0.6818111111111111	0.8895444444444446	1.03	1.0456555555555556	1.068011111111111	0.9758666666666667	0.8506666666666666	0.6574888888888889	0.5541111111111111	0.5102777777777777	0.47998888888888885	0.5550111111111111	0.6361111111111112	0.8522222222222222	0.9903444444444446	High proline supplementation without lactic acid treatment.
F4	0.0	0.0	0.0011777777777777776	0.002577777777777781	0.003500000000000003	0.005400000000000006	0.007044444444444455	0.00940000000000001	0.009900000000000011	0.009388888888888891	0.008744444444444435	0.00904444444444443	0.010911111111111094	0.012333333333333326	0.012566666666666651	0.01312222222222221	0.01422222222222222	0.016433333333333338	0.01926666666666667	0.022344444444444445	0.024833333333333336	0.02715555555555556	0.028544444444444456	0.031666666666666676	0.033855555555555555	0.03877777777777777	0.04307777777777777	0.04896666666666666	0.05429999999999999	0.05862222222222221	0.06469999999999998	0.07103333333333332	0.078	0.0825	0.08918888888888891	0.09577777777777778	0.10378888888888889	0.10999999999999999	0.11801111111111111	0.13105555555555554	0.14367777777777777	0.15846666666666667	0.16976666666666665	0.18336666666666668	0.1949	0.2102111111111111	0.22744444444444445	0.2475111111111111	0.2677	0.2903222222222222	0.31351111111111113	0.3376666666666666	0.3619666666666667	0.38995555555555556	0.41891111111111107	0.44837777777777776	0.47975555555555555	0.5134111111111112	0.5504111111111111	0.5911222222222222	0.619511111111111	Low proline supplementation with lactic acid treatment.
F5	0.0192111111111111	0.014399999999999991	0.015466666666666662	0.011699999999999988	0.010922222222222213	0.007299999999999991	0.005988888888888895	0.01045555555555557	0.009900000000000011	0.011811111111111114	0.01162222222222222	0.017655555555555553	0.01827777777777777	0.021288888888888885	0.024066666666666663	0.028922222222222228	0.03414444444444445	0.03662222222222223	0.04180000000000001	0.045544444444444464	0.053400000000000024	0.06251111111111113	0.0741888888888889	0.08385555555555557	0.0952111111111111	0.10329999999999999	0.11648888888888886	0.1324111111111111	0.14616666666666667	0.16084444444444446	0.1769888888888889	0.20267777777777782	0.22723333333333331	0.24839999999999995	0.2631333333333333	0.27518888888888887	0.3007666666666667	0.3350444444444445	0.3742888888888889	0.4075555555555555	0.442	0.4812	0.5226333333333334	0.566711111111111	0.6099444444444444	0.6579222222222222	0.7075999999999999	0.7613888888888889	0.7922111111111111	0.8269333333333333	0.8857444444444443	0.9746444444444444	1.0316888888888889	1.0999666666666668	1.1627888888888889	1.2562222222222224	1.2873444444444446	1.3489333333333333	1.412711111111111	1.5983999999999998	1.7319222222222221	High proline supplementation without lactic acid treatment.
F6	0.0	0.0003111111111111046	0.00036666666666665404	0.003866666666666648	0.006677777777777773	0.010088888888888889	0.010144444444444456	0.013855555555555565	0.016000000000000004	0.01887777777777777	0.02172222222222221	0.025988888888888877	0.03094444444444443	0.034755555555555546	0.03803333333333333	0.04138888888888889	0.04371111111111111	0.04805555555555555	0.0525	0.061611111111111116	0.07073333333333334	0.08137777777777778	0.09038888888888891	0.10055555555555556	0.11004444444444443	0.12276666666666665	0.13488888888888892	0.1502777777777778	0.16556666666666667	0.18144444444444444	0.19755555555555557	0.21337777777777778	0.23373333333333335	0.25579999999999997	0.28373333333333334	0.3161888888888889	0.34349999999999997	0.36861111111111106	0.3916555555555555	0.42268888888888884	0.4561333333333333	0.4957	0.5401666666666666	0.5871444444444444	0.6337777777777778	0.6840888888888887	0.7375666666666666	0.7943222222222222	0.8736444444444444	0.9525	1.0186777777777778	1.0711777777777778	1.128988888888889	1.1912	1.2470888888888887	1.304388888888889	1.3934111111111112	1.4671000000000003	1.5351777777777775	1.6628999999999998	1.7842222222222224	Control group with no supplementation or treatment.
F7	0.0022999999999999965	0.0047888888888888885	0.0047888888888888885	0.0033999999999999955	0.0010777777777777702	0.0014222222222222136	0.0005111111111111103	0.0017888888888888954	0.002655555555555559	0.0046999999999999915	0.005866666666666649	0.006322222222222211	0.0065333333333333354	0.005366666666666668	0.005499999999999995	0.004988888888888886	0.005611111111111113	0.0055333333333333345	0.006222222222222212	0.006511111111111097	0.008144444444444445	0.00886666666666668	0.010111111111111135	0.010022222222222238	0.00991111111111112	0.010233333333333336	0.01	0.01045555555555556	0.00996666666666668	0.010477777777777789	0.010644444444444448	0.01056666666666666	0.010255555555555554	0.009077777777777777	0.008922222222222212	0.009333333333333313	0.008644444444444427	0.00793333333333332	0.007411111111111109	0.009022222222222228	0.00934444444444446	0.008433333333333348	0.0075666666666666755	0.006599999999999995	0.0063555555555555405	0.006611111111111105	0.007633333333333335	0.008344444444444451	0.008566666666666667	0.008222222222222223	0.00785555555555556	0.008033333333333337	0.006244444444444451	0.005166666666666671	0.004844444444444457	0.007244444444444452	0.009122222222222226	0.00893333333333333	0.008577777777777776	0.008122222222222216	0.008088888888888876	Media control
F8	0.0	0.00265555555555555	0.0039777777777777745	0.006999999999999997	0.006844444444444449	0.010788888888888884	0.011311111111111105	0.014422222222222206	0.013433333333333316	0.014099999999999982	0.014766666666666659	0.016522222222222226	0.019644444444444454	0.01995555555555556	0.022166666666666678	0.023555555555555562	0.02720000000000002	0.028566666666666674	0.030588888888888888	0.030811111111111095	0.03187777777777776	0.03367777777777777	0.03668888888888888	0.04034444444444443	0.04348888888888888	0.048744444444444444	0.053888888888888896	0.05834444444444445	0.0649	0.06987777777777777	0.077	0.08020000000000001	0.08716666666666668	0.09380000000000001	0.10512222222222223	0.11803333333333332	0.12856666666666663	0.13599999999999998	0.1423222222222222	0.1541888888888889	0.16691111111111112	0.1819777777777778	0.1953777777777778	0.21010000000000004	0.22406666666666666	0.24125555555555556	0.25771111111111117	0.2773333333333333	0.3082111111111111	0.34473333333333334	0.36802222222222225	0.38151111111111113	0.40873333333333334	0.43496666666666667	0.46657777777777776	0.4852444444444444	0.5363888888888889	0.5712	0.6063333333333333	0.6304333333333334	0.6568333333333334	Low proline supplementation with lactic acid treatment.
F9	0.004533333333333334	0.007055555555555547	0.009711111111111106	0.007999999999999988	0.009311111111111112	0.012788888888888886	0.017577777777777776	0.019322222222222213	0.017233333333333323	0.01523333333333333	0.017166666666666674	0.018788888888888893	0.020377777777777783	0.02205555555555555	0.02620000000000001	0.029355555555555562	0.032700000000000014	0.036366666666666665	0.040355555555555554	0.04787777777777777	0.05197777777777777	0.05787777777777778	0.06032222222222222	0.06754444444444445	0.07622222222222223	0.09157777777777777	0.10328888888888887	0.1132111111111111	0.12653333333333333	0.13777777777777778	0.15103333333333335	0.1572	0.1717666666666667	0.18756666666666666	0.21788888888888888	0.25303333333333333	0.27330000000000004	0.283	0.29092222222222225	0.32245555555555555	0.3547444444444445	0.39271111111111107	0.4296111111111111	0.4659333333333333	0.5034	0.5492555555555555	0.6089111111111111	0.6821666666666667	0.7996777777777777	0.9187	0.9778888888888888	0.9605111111111112	0.9023	0.7489	0.5786444444444444	0.3996111111111111	0.3161555555555555	0.2506333333333333	0.21053333333333335	0.3403333333333333	0.47973333333333334	High proline supplementation without lactic acid treatment.
F10	0.001777777777777781	0.004088888888888896	0.0038333333333333414	0.0031888888888888987	0.0006222222222222277	0.0006222222222222277	0.0008888888888888927	0.006399999999999999	0.011277777777777775	0.016133333333333322	0.017055555555555556	0.01737777777777778	0.015588888888888902	0.011800000000000005	0.014299999999999998	0.018555555555555547	0.024922222222222217	0.02616666666666667	0.029155555555555556	0.031933333333333334	0.033888888888888885	0.034455555555555566	0.03690000000000001	0.041	0.04443333333333333	0.050211111111111116	0.050855555555555564	0.05698888888888889	0.06252222222222222	0.06983333333333333	0.0759	0.07971111111111111	0.08788888888888889	0.09449999999999999	0.10258888888888891	0.11411111111111112	0.12310000000000003	0.13195555555555555	0.1390111111111111	0.1514777777777778	0.1664	0.18168888888888887	0.19433333333333333	0.20944444444444443	0.22484444444444449	0.24477777777777776	0.2630777777777778	0.2844111111111111	0.3177888888888889	0.3569333333333333	0.38033333333333336	0.3908777777777778	0.41654444444444444	0.44203333333333333	0.47217777777777775	0.48743333333333333	0.5469555555555555	0.5773444444444444	0.6095555555555556	0.6158555555555556	0.6398	High proline supplementation with lactic acid treatment.
F11	0.009044444444444447	0.008988888888888893	0.007044444444444446	0.0043333333333333375	0.002800000000000006	0.005944444444444456	0.01301111111111112	0.02048888888888889	0.025411111111111117	0.026999999999999996	0.029655555555555563	0.03041111111111111	0.028922222222222238	0.025333333333333336	0.02900000000000001	0.034022222222222225	0.04185555555555556	0.046866666666666675	0.050855555555555564	0.054733333333333335	0.05942222222222223	0.0675888888888889	0.07550000000000001	0.08403333333333333	0.09216666666666666	0.10277777777777776	0.11448888888888888	0.12785555555555553	0.14178888888888888	0.15606666666666666	0.17016666666666666	0.1867444444444444	0.2043222222222222	0.22263333333333332	0.24202222222222222	0.2607777777777778	0.285	0.31082222222222217	0.33994444444444444	0.3721777777777777	0.40499999999999997	0.44225555555555546	0.48036666666666666	0.5240111111111112	0.5665777777777778	0.6118111111111111	0.6560444444444444	0.7114444444444444	0.7613888888888889	0.8201	0.8806333333333334	0.9472777777777779	1.007577777777778	1.0673666666666668	1.1317777777777778	1.2021333333333333	1.262822222222222	1.324177777777778	1.396522222222222	1.5121222222222224	1.6046000000000002	Control group with no supplementation or treatment.
F12	0.0036444444444444593	0.0018444444444444495	2.2222222222219774e-05	0.0005555555555555499	0.0009888888888888818	0.0009888888888888818	0.0038444444444444468	0.004677777777777781	0.004677777777777781	0.002822222222222217	0.004588888888888883	0.009044444444444438	0.011299999999999996	0.012988888888888892	0.01614444444444445	0.018811111111111122	0.024488888888888883	0.024511111111111105	0.02748888888888887	0.02795555555555555	0.03328888888888889	0.039077777777777795	0.04394444444444446	0.048088888888888896	0.0549	0.06145555555555554	0.07234444444444443	0.07793333333333331	0.0856111111111111	0.09266666666666667	0.1044	0.11966666666666669	0.13092222222222225	0.14372222222222222	0.15386666666666668	0.16714444444444446	0.1794	0.19491111111111112	0.21156666666666668	0.23278888888888885	0.2518444444444445	0.2694222222222223	0.28792222222222225	0.30977777777777776	0.3400444444444444	0.36646666666666666	0.3934	0.42029999999999995	0.44839999999999997	0.4840777777777778	0.5208666666666667	0.5641111111111111	0.6034777777777779	0.6482333333333333	0.6885666666666665	0.7296888888888889	0.7658555555555555	0.8125444444444444	0.8700000000000001	1.1957111111111112	1.5012	Lactic acid treatment without proline supplementation.
G1	0.011355555555555558	0.01152222222222222	0.012977777777777777	0.013811111111111116	0.01996666666666667	0.025844444444444448	0.028355555555555568	0.030022222222222245	0.030555555555555575	0.031700000000000006	0.03034444444444444	0.03287777777777778	0.03505555555555556	0.03885555555555556	0.03923333333333334	0.04173333333333334	0.0456	0.05082222222222222	0.05622222222222221	0.05928888888888889	0.06227777777777777	0.06662222222222224	0.07070000000000001	0.0781777777777778	0.08386666666666669	0.08893333333333332	0.0958	0.10496666666666665	0.11551111111111112	0.12511111111111115	0.13622222222222224	0.15028888888888892	0.16599999999999998	0.18057777777777775	0.19217777777777778	0.2034888888888889	0.22281111111111107	0.25111111111111106	0.27859999999999996	0.30317777777777777	0.32787777777777777	0.3585666666666667	0.3874555555555556	0.4176777777777778	0.44607777777777774	0.47933333333333333	0.5140555555555556	0.5514666666666667	0.5806666666666667	0.6151111111111112	0.6645777777777778	0.7331888888888889	0.783888888888889	0.8382999999999999	0.8885222222222223	0.9582444444444445	1.0096	1.0720444444444444	1.1390888888888888	1.216	1.2623555555555557	High proline supplementation with lactic acid treatment.
G2	0.022455555555555565	0.02182222222222223	0.016211111111111124	0.018144444444444463	0.020300000000000012	0.025311111111111118	0.0256888888888889	0.029255555555555573	0.03512222222222223	0.0341	0.03301111111111111	0.03481111111111112	0.0394888888888889	0.044422222222222224	0.04613333333333333	0.05039999999999999	0.051233333333333325	0.05468888888888888	0.06012222222222221	0.06855555555555555	0.07587777777777778	0.08285555555555559	0.09026666666666668	0.09937777777777779	0.10836666666666668	0.12143333333333332	0.13529999999999998	0.1486666666666666	0.16467777777777778	0.1791111111111111	0.19662222222222225	0.21175555555555556	0.2337	0.2542111111111111	0.2792444444444444	0.30595555555555554	0.33394444444444443	0.3597111111111111	0.3838	0.4158777777777778	0.4479111111111111	0.48806666666666665	0.5304222222222221	0.5755444444444445	0.6212111111111112	0.6702	0.7246222222222222	0.7842333333333333	0.8470333333333334	0.9161444444444445	0.9774444444444444	1.0407555555555554	1.1138555555555554	1.1851	1.255488888888889	1.3138777777777777	1.3938666666666666	1.460511111111111	1.5315222222222225	1.7091666666666667	1.8762555555555556	Low proline supplementation without lactic acid treatment.
G3	0.0013222222222222292	0.001288888888888895	0.0012555555555555608	0.0	0.0005222222222222203	0.001288888888888895	0.0033222222222222355	0.004955555555555574	0.007488888888888906	0.007933333333333339	0.008277777777777781	0.008611111111111106	0.010355555555555562	0.013988888888888884	0.01466666666666667	0.018766666666666664	0.020100000000000007	0.023722222222222217	0.02585555555555555	0.029122222222222226	0.03531111111111112	0.04035555555555557	0.047133333333333326	0.05207777777777778	0.05543333333333333	0.06163333333333334	0.06846666666666666	0.07623333333333333	0.07991111111111111	0.08784444444444445	0.09852222222222222	0.1120888888888889	0.1199	0.1281777777777778	0.1366111111111111	0.14915555555555554	0.1655111111111111	0.1822111111111111	0.2021666666666667	0.22304444444444446	0.24567777777777777	0.2697333333333333	0.29488888888888887	0.3209111111111111	0.34461111111111115	0.37023333333333336	0.39792222222222223	0.4261000000000001	0.44780000000000003	0.4714444444444445	0.5060777777777777	0.5470555555555555	0.5896222222222222	0.6356333333333334	0.6813888888888889	0.7261777777777777	0.7604333333333333	0.8124444444444445	0.8628888888888889	0.9312	0.9704555555555556	Low proline supplementation with lactic acid treatment.
G4	0.017366666666666673	0.016900000000000002	0.019066666666666673	0.021933333333333332	0.024744444444444447	0.030055555555555558	0.030277777777777792	0.03570000000000001	0.03377777777777779	0.030366666666666663	0.02947777777777777	0.034377777777777764	0.040755555555555545	0.043533333333333334	0.04213333333333333	0.04385555555555554	0.04601111111111109	0.04986666666666666	0.051222222222222225	0.05398888888888889	0.0573	0.06317777777777779	0.06795555555555556	0.07586666666666668	0.08193333333333332	0.08845555555555555	0.0962	0.10542222222222224	0.11414444444444444	0.12385555555555554	0.13488888888888886	0.15239999999999998	0.16873333333333332	0.18756666666666666	0.19696666666666665	0.20767777777777774	0.22135555555555553	0.24535555555555555	0.27016666666666667	0.29481111111111113	0.32125555555555557	0.3498555555555556	0.3791111111111111	0.4098888888888889	0.4418222222222223	0.48155555555555557	0.5159555555555556	0.5560444444444445	0.5786111111111111	0.6086444444444444	0.6553111111111111	0.7155666666666667	0.7695	0.8250444444444445	0.8838111111111111	0.9519777777777777	0.989588888888889	1.0507333333333333	1.1094222222222223	1.3888777777777779	1.627711111111111	Low proline supplementation without lactic acid treatment.
G5	0.0	0.0	0.0	0.0	0.0	0.0	0.0	0.0	0.0014111111111111037	0.0014111111111111037	0.0014222222222222136	0.00265555555555555	0.005311111111111109	0.010188888888888886	0.012666666666666668	0.015822222222222227	0.01731111111111112	0.02038888888888891	0.021866666666666673	0.024811111111111117	0.027699999999999985	0.03184444444444443	0.03675555555555555	0.040255555555555565	0.044777777777777784	0.04910000000000001	0.05482222222222224	0.061177777777777796	0.06633333333333334	0.07267777777777779	0.08045555555555557	0.0927777777777778	0.10010000000000001	0.10886666666666667	0.11406666666666666	0.12502222222222223	0.1340333333333333	0.14594444444444443	0.15798888888888887	0.17155555555555557	0.18483333333333332	0.20086666666666667	0.2197	0.24131111111111112	0.2622111111111111	0.28375555555555554	0.3053666666666666	0.3291555555555556	0.3538444444444444	0.3818333333333334	0.41144444444444445	0.44201111111111113	0.4713222222222222	0.5015000000000001	0.5339555555555555	0.5662222222222223	0.6068444444444445	0.6468333333333334	0.6934777777777779	0.7371333333333334	0.7693888888888889	Low proline supplementation with lactic acid treatment.
G6	4.444444444443955e-05	2.2222222222219774e-05	0.0	0.0	0.0	0.0003666666666666633	0.0004888888888888906	0.0004888888888888906	0.00012222222222222726	0.0	0.0	0.0	0.0	0.0	0.0	0.0	0.0	0.0	0.0	0.0	0.0	0.0	0.0	0.0	0.0	0.0	0.0	0.0	0.0	0.0	0.0	0.0	0.0	0.0	0.0	0.0	0.0	0.0	0.0	0.0	0.0	0.0	0.0	0.0	0.0	0.0	0.0	0.0	0.0	0.0	0.0	0.0	1.1111111111109887e-05	0.0002333333333333354	0.0002333333333333354	0.0002222222222222255	0.0	0.0	0.0	0.0	0.0	Media control
G7	0.00019999999999999649	0.00019999999999999649	0.00019999999999999649	0.0	0.0	0.0	0.0	0.0	0.0	0.0	0.0	0.0	0.0	0.0	0.0	0.0	0.0	0.0	0.0004888888888888998	0.0012444444444444553	0.0026666666666666783	0.005311111111111118	0.007755555555555571	0.010222222222222235	0.012344444444444444	0.01266666666666666	0.016088888888888885	0.020277777777777773	0.02679999999999999	0.03164444444444444	0.03628888888888888	0.041111111111111105	0.045566666666666665	0.050833333333333335	0.05473333333333333	0.06105555555555555	0.0663	0.07747777777777777	0.08735555555555556	0.09685555555555554	0.10606666666666668	0.11670000000000001	0.13073333333333334	0.1438111111111111	0.15804444444444443	0.17385555555555554	0.18876666666666664	0.20508888888888888	0.2165111111111111	0.2322	0.2525777777777778	0.27861111111111114	0.3023222222222222	0.32606666666666667	0.3514555555555556	0.3829888888888889	0.40687777777777784	0.4388666666666667	0.46941111111111117	0.5124	0.5386222222222222	Lactic acid treatment without proline supplementation.
G8	0.003211111111111118	0.002822222222222226	0.004355555555555557	0.010211111111111115	0.015633333333333343	0.017611111111111123	0.015755555555555568	0.01720000000000001	0.01997777777777778	0.023033333333333333	0.024466666666666664	0.02722222222222222	0.02772222222222222	0.03116666666666666	0.03559999999999999	0.040766666666666666	0.04780000000000001	0.0536888888888889	0.05914444444444445	0.06812222222222222	0.0764888888888889	0.08623333333333334	0.09362222222222223	0.1046777777777778	0.11796666666666668	0.13423333333333334	0.14817777777777777	0.16345555555555555	0.17899999999999996	0.19692222222222222	0.2146888888888889	0.23392222222222225	0.25562222222222225	0.2796666666666667	0.3106888888888889	0.3426666666666667	0.37124444444444443	0.3949444444444444	0.4208222222222222	0.4523333333333333	0.4864777777777778	0.5268444444444444	0.5758777777777777	0.6239555555555555	0.6701999999999999	0.7180888888888889	0.7678888888888888	0.8260888888888888	0.8975666666666666	0.9670888888888888	1.0279888888888888	1.079888888888889	1.1521222222222223	1.2170666666666665	1.2767888888888888	1.3184666666666665	1.3896333333333333	1.4523555555555554	1.5274777777777777	1.6505555555555553	1.7624888888888888	High proline supplementation without lactic acid treatment.
G9	0.000844444444444444	0.000422222222222222	0.0	0.006088888888888894	0.01052222222222222	0.01052222222222222	0.0056555555555555526	0.0029333333333333433	0.006477777777777795	0.009266666666666673	0.013055555555555551	0.0153111111111111	0.015988888888888896	0.016066666666666674	0.018500000000000016	0.02208888888888889	0.02675555555555556	0.028299999999999992	0.031855555555555554	0.032466666666666665	0.0364888888888889	0.04142222222222222	0.04733333333333333	0.05299999999999999	0.059033333333333333	0.06534444444444444	0.07405555555555556	0.08315555555555555	0.09278888888888888	0.1049	0.11663333333333332	0.13141111111111112	0.14265555555555556	0.15670000000000003	0.1690555555555556	0.18184444444444445	0.20096666666666665	0.2245222222222222	0.2500777777777778	0.2697111111111111	0.29116666666666663	0.31772222222222224	0.34620000000000006	0.3779777777777778	0.40921111111111114	0.44707777777777774	0.48371111111111115	0.5351777777777778	0.5896888888888888	0.657	0.731	0.8117444444444445	0.8929777777777779	0.9758333333333334	1.062311111111111	1.1493333333333333	1.229088888888889	1.3093444444444444	1.395822222222222	1.5903555555555553	1.7558666666666667	Control group with no supplementation or treatment.
G10	0.01687777777777778	0.01728888888888888	0.017044444444444445	0.0147	0.01466666666666668	0.015111111111111112	0.02514444444444444	0.03778888888888888	0.04814444444444444	0.045566666666666665	0.04145555555555555	0.0409111111111111	0.04155555555555555	0.04283333333333333	0.04716666666666666	0.052122222222222216	0.05935555555555556	0.06356666666666667	0.06902222222222223	0.0738	0.07915555555555556	0.08752222222222222	0.09516666666666666	0.10436666666666665	0.11399999999999999	0.12774444444444444	0.14125555555555555	0.15458888888888891	0.16808888888888893	0.1822	0.19799999999999998	0.2129777777777778	0.23025555555555555	0.24823333333333333	0.27192222222222223	0.2957444444444444	0.3202666666666667	0.34402222222222223	0.3695111111111111	0.4013777777777778	0.4343333333333333	0.47408888888888884	0.5158333333333333	0.5591444444444443	0.6021444444444445	0.6476777777777777	0.6968777777777776	0.7500777777777777	0.8120888888888889	0.8795000000000001	0.9480333333333334	1.0123444444444445	1.0828111111111112	1.1489666666666667	1.2254777777777779	1.2817	1.3550555555555557	1.4051111111111112	1.4859555555555557	1.6666555555555556	1.8376333333333335	Low proline supplementation without lactic acid treatment.
G11	0.0	0.0	1.111111111111914e-05	1.111111111111914e-05	1.111111111111914e-05	0.0	0.0	0.0	0.0	0.0	0.0	0.0	0.0	0.0	0.0	0.0	0.0	0.0	0.0	0.0	0.0	0.0	0.0	0.0	0.0	0.0	0.0	0.0	0.0	0.0	0.0	0.0	0.0	0.0	0.0	0.0	0.0	0.0	0.0	0.0	0.0	0.0	0.0	0.0	0.0	0.0	0.0	0.0	0.0	0.0	0.0	0.0	0.0	0.0	0.0	0.0	0.0	0.0	0.0	0.0	0.0	Media control
G12	0.008711111111111109	0.006788888888888882	0.0033666666666666615	0.009022222222222218	0.014188888888888898	0.014577777777777792	0.009511111111111128	0.0062222222222222305	0.009144444444444455	0.01156666666666667	0.012988888888888892	0.015111111111111103	0.01568888888888888	0.016533333333333327	0.020666666666666667	0.024122222222222222	0.029555555555555557	0.03050000000000001	0.03172222222222223	0.0335	0.036422222222222224	0.04192222222222223	0.04506666666666667	0.0494	0.05436666666666667	0.06247777777777779	0.06955555555555556	0.07462222222222224	0.08155555555555556	0.08953333333333334	0.09943333333333333	0.1066111111111111	0.11642222222222225	0.12580000000000002	0.1404888888888889	0.15461111111111114	0.17193333333333335	0.18615555555555555	0.2004111111111111	0.21827777777777777	0.23776666666666668	0.26188888888888884	0.28173333333333334	0.30374444444444443	0.32661111111111113	0.3538111111111111	0.3816777777777777	0.4119777777777777	0.4506222222222222	0.49499999999999994	0.5302333333333333	0.5608777777777777	0.601111111111111	0.6407999999999999	0.6875444444444444	0.7295999999999999	0.7984888888888889	0.850311111111111	0.9069222222222222	1.0724888888888888	1.2351333333333334	High proline supplementation without lactic acid treatment.
H1	0.0	0.0044000000000000055	0.005988888888888905	0.008577777777777795	0.0058333333333333475	0.007211111111111122	0.00622222222222224	0.007155555555555572	0.00572222222222223	0.0052666666666666695	0.003744444444444439	0.004544444444444444	0.005688888888888892	0.006088888888888894	0.004233333333333339	0.00263333333333333	0.002266666666666667	0.0033888888888888857	0.005588888888888884	0.007055555555555555	0.006177777777777782	0.005655555555555571	0.003866666666666685	0.005577777777777802	0.004366666666666676	0.005133333333333323	0.0051333333333333135	0.005766666666666652	0.0046444444444444415	0.002777777777777777	0.0028555555555555465	0.002755555555555548	0.004966666666666647	0.004511111111111105	0.005677777777777772	0.00425555555555555	0.00471111111111111	0.003577777777777772	0.0022222222222222274	0.0038333333333333275	0.005399999999999998	0.008233333333333334	0.006855555555555559	0.006211111111111121	0.004344444444444456	0.005233333333333349	0.006722222222222231	0.00836666666666668	0.005800000000000018	0.004711111111111129	0.003377777777777785	0.0051888888888889	0.004288888888888898	0.005033333333333344	0.0047222222222222205	0.005344444444444448	0.004566666666666673	0.004877777777777786	0.00575555555555556	0.004511111111111114	0.0022777777777777766	Media control
H2	0.0	0.0	0.0	0.0	0.0	0.0030444444444444516	0.003377777777777794	0.007011111111111135	0.00935555555555557	0.012555555555555561	0.012911111111111115	0.010266666666666674	0.01100000000000001	0.011611111111111109	0.012833333333333327	0.015622222222222213	0.016622222222222222	0.022955555555555562	0.027011111111111114	0.03301111111111111	0.03416666666666666	0.03518888888888889	0.03673333333333334	0.038911111111111125	0.04311111111111113	0.04650000000000001	0.052266666666666656	0.05729999999999997	0.06379999999999998	0.06959999999999998	0.07554444444444444	0.08389999999999999	0.09324444444444445	0.10525555555555555	0.11546666666666668	0.12832222222222223	0.14101111111111111	0.1575888888888889	0.1721222222222222	0.1884111111111111	0.20573333333333335	0.2285111111111111	0.2541444444444445	0.28143333333333337	0.30693333333333334	0.33383333333333337	0.3627777777777778	0.3952333333333333	0.4230666666666667	0.4513444444444444	0.49014444444444444	0.5361555555555556	0.5823	0.629788888888889	0.6769111111111111	0.7308444444444445	0.7766000000000001	0.8365	0.9060444444444444	1.2079666666666666	1.4829	High proline supplementation without lactic acid treatment.
H3	0.0	0.0	0.0	0.0	0.0	0.0	0.0	0.0021000000000000094	0.0021000000000000094	0.0021000000000000094	0.0	0.0	0.0003666666666666725	0.001400000000000003	0.002700000000000008	0.00422222222222222	0.0038555555555555565	0.00475555555555555	0.005044444444444435	0.007244444444444424	0.008166666666666647	0.009955555555555542	0.012166666666666668	0.016411111111111116	0.02137777777777779	0.024400000000000015	0.02623333333333334	0.02616666666666667	0.02789999999999999	0.030733333333333324	0.0348111111111111	0.03999999999999999	0.042977777777777774	0.04845555555555555	0.05296666666666666	0.05955555555555555	0.06391111111111111	0.06962222222222222	0.07448888888888888	0.0800111111111111	0.08589999999999999	0.09527777777777778	0.10491111111111112	0.11566666666666668	0.12420000000000002	0.1353	0.14507777777777778	0.15710000000000002	0.1637666666666667	0.1726777777777778	0.18624444444444443	0.2065888888888889	0.22119999999999998	0.24052222222222222	0.2587444444444445	0.2865777777777778	0.2966666666666667	0.31770000000000004	0.33921111111111113	0.7319	1.1086666666666665	Lactic acid treatment without proline supplementation.
H4	0.0	0.0008999999999999934	0.0008999999999999934	0.0008999999999999934	0.0005777777777777789	0.001544444444444441	0.002044444444444441	0.004277777777777779	0.005733333333333331	0.008044444444444446	0.0077666666666666535	0.011844444444444444	0.016766666666666662	0.02094444444444445	0.020733333333333326	0.02159999999999999	0.024355555555555547	0.02834444444444445	0.02986666666666667	0.0309	0.03365555555555555	0.037611111111111116	0.04332222222222223	0.04807777777777778	0.05212222222222223	0.05618888888888889	0.061277777777777785	0.0666	0.07013333333333334	0.07522222222222223	0.08212222222222222	0.0913888888888889	0.0989222222222222	0.106	0.11070000000000002	0.11532222222222223	0.12417777777777778	0.1368222222222222	0.15113333333333331	0.16358888888888887	0.17617777777777777	0.1910333333333333	0.20656666666666668	0.22442222222222222	0.23964444444444447	0.25838888888888895	0.2765777777777778	0.2982	0.3103888888888889	0.3223777777777778	0.3397333333333334	0.3665444444444445	0.3840888888888889	0.40630000000000005	0.4318666666666667	0.4733444444444445	0.4983222222222223	0.5306333333333334	0.5624666666666668	0.9557888888888889	1.3299	Lactic acid treatment without proline supplementation.
H5	0.0	0.001677777777777778	0.005133333333333333	0.009366666666666662	0.01154444444444444	0.008088888888888887	0.004111111111111121	0.001988888888888901	0.005366666666666677	0.00781111111111112	0.008288888888888893	0.005288888888888889	0.0025888888888888815	0.00037777777777777316	0.0	0.0	0.0007777777777777753	0.0009777777777777812	0.0011999999999999973	0.000422222222222222	0.00022222222222221624	0.0	0.0	5.555555555555869e-05	0.00031111111111111384	0.00031111111111111384	0.00025555555555555515	0.0	0.0	0.0	0.0	0.0	0.0	0.0	0.0	0.0	0.0	0.0	0.0	0.0	0.0	0.0	0.0001333333333333279	0.0001333333333333279	0.0001333333333333279	0.0	0.0	0.0	0.0002333333333333354	0.0002333333333333354	0.0002333333333333354	0.0	0.0	0.0	0.0	0.0	0.0	0.0	0.0	0.0	0.0	Media control
H6	0.0	0.0	0.0	0.0	0.0	0.0	0.0	0.0	0.0	0.0	0.000844444444444444	0.0030555555555555522	0.007244444444444442	0.007855555555555551	0.0084	0.008588888888888896	0.012811111111111115	0.0177888888888889	0.01786666666666667	0.017011111111111126	0.01736666666666667	0.02247777777777778	0.028222222222222232	0.03055555555555557	0.033677777777777786	0.03446666666666667	0.038388888888888896	0.042344444444444455	0.04726666666666667	0.05304444444444445	0.05885555555555557	0.06681111111111113	0.07286666666666668	0.0803	0.0881	0.09682222222222221	0.10459999999999998	0.11384444444444446	0.12408888888888887	0.1343888888888889	0.14846666666666666	0.16376666666666667	0.1845	0.20494444444444446	0.2255777777777778	0.24625555555555556	0.2668	0.2912222222222222	0.3100777777777778	0.3288333333333333	0.3549777777777778	0.39151111111111114	0.4200888888888889	0.45483333333333337	0.4883555555555555	0.5355888888888889	0.5577111111111112	0.6004333333333333	0.6470777777777778	0.7155	0.7514222222222222	High proline supplementation with lactic acid treatment.
H7	0.0	0.0005777777777777789	0.0009333333333333323	0.001499999999999992	0.001377777777777774	0.0017222222222222177	0.00154444444444445	0.0014888888888888914	0.002966666666666664	0.0035444444444444334	0.004988888888888876	0.007055555555555547	0.010377777777777764	0.011988888888888882	0.013600000000000001	0.014955555555555574	0.016911111111111116	0.018288888888888893	0.020666666666666667	0.025577777777777783	0.028600000000000004	0.031044444444444458	0.03315555555555558	0.03552222222222224	0.03821111111111111	0.04303333333333332	0.04815555555555554	0.053911111111111104	0.05983333333333333	0.06451111111111112	0.0714888888888889	0.07637777777777778	0.08443333333333332	0.0911	0.10086666666666666	0.11185555555555556	0.12069999999999999	0.12891111111111112	0.13698888888888885	0.14985555555555555	0.16283333333333333	0.17689999999999997	0.1935	0.21094444444444446	0.22677777777777777	0.2438888888888889	0.26266666666666666	0.2862222222222222	0.3158111111111111	0.3464	0.37071111111111116	0.38997777777777776	0.41802222222222224	0.44753333333333334	0.47922222222222227	0.5070888888888889	0.5553111111111112	0.5931666666666667	0.6298444444444445	0.7079999999999999	0.7848222222222222	Low proline supplementation with lactic acid treatment.
H8	0.01853333333333333	0.009266666666666664	0.004888888888888887	0.009888888888888892	0.012677777777777779	0.008755555555555553	0.007888888888888881	0.009888888888888872	0.016999999999999998	0.020600000000000007	0.021711111111111125	0.021711111111111115	0.024466666666666664	0.02781111111111111	0.03310000000000001	0.03614444444444445	0.042600000000000006	0.047099999999999996	0.05144444444444445	0.05714444444444445	0.059700000000000024	0.0660888888888889	0.07051111111111112	0.08014444444444443	0.08915555555555554	0.10138888888888886	0.11232222222222221	0.12408888888888887	0.1369	0.14774444444444443	0.1600111111111111	0.17284444444444447	0.19118888888888888	0.2114	0.23913333333333334	0.26849999999999996	0.2893888888888889	0.3053333333333334	0.32138888888888895	0.3482	0.3767222222222222	0.40815555555555555	0.44485555555555556	0.48401111111111117	0.5212333333333333	0.5579222222222223	0.5955888888888888	0.645411111111111	0.7152444444444445	0.7862777777777777	0.8353888888888888	0.8755222222222222	0.9353555555555556	0.9950777777777778	1.0509444444444445	1.0931666666666666	1.1828888888888889	1.2497444444444445	1.3191555555555556	1.543211111111111	1.7686000000000002	Control group with no supplementation or treatment.
H9	0.0289111111111111	0.01445555555555555	0.0	2.2222222222219774e-05	2.2222222222219774e-05	0.00016666666666665755	0.000666666666666658	0.006977777777777768	0.010955555555555552	0.015666666666666662	0.014888888888888887	0.017600000000000005	0.01678888888888889	0.013622222222222221	0.012699999999999989	0.015488888888888885	0.02101111111111111	0.02525555555555556	0.02726666666666667	0.03148888888888889	0.03401111111111111	0.038733333333333335	0.04096666666666667	0.0461	0.05444444444444444	0.05968888888888888	0.06458888888888888	0.06786666666666666	0.07532222222222221	0.08278888888888887	0.09037777777777778	0.10023333333333334	0.10932222222222222	0.12028888888888889	0.1300111111111111	0.14054444444444444	0.15373333333333336	0.16903333333333337	0.18661111111111114	0.20377777777777775	0.22334444444444443	0.24457777777777778	0.2683555555555555	0.2921333333333333	0.3173888888888889	0.3428111111111111	0.3709777777777778	0.4042888888888889	0.43500000000000005	0.4724	0.5105222222222222	0.5541444444444444	0.5968555555555556	0.6427	0.6941999999999999	0.7430666666666667	0.7983555555555556	0.8529333333333332	0.9147888888888889	1.2149222222222222	1.4973999999999998	Low proline supplementation without lactic acid treatment.
H10	0.004533333333333334	0.009133333333333327	0.012977777777777774	0.012799999999999997	0.016100000000000003	0.01887777777777778	0.021277777777777784	0.019255555555555554	0.018511111111111107	0.017766666666666653	0.017622222222222216	0.0175111111111111	0.01948888888888888	0.020799999999999996	0.020733333333333336	0.017988888888888888	0.017388888888888888	0.01836666666666667	0.018155555555555564	0.016033333333333333	0.014255555555555558	0.015322222222222218	0.015466666666666665	0.016233333333333332	0.015733333333333332	0.015011111111111114	0.014788888888888888	0.01362222222222223	0.014188888888888898	0.014266666666666669	0.015499999999999995	0.015944444444444438	0.015622222222222232	0.015233333333333349	0.014522222222222233	0.016077777777777774	0.01579999999999999	0.016922222222222217	0.015044444444444444	0.014477777777777775	0.014633333333333323	0.01575555555555554	0.01526666666666666	0.014377777777777776	0.012277777777777776	0.013411111111111105	0.013977777777777764	0.01584444444444443	0.013388888888888876	0.012566666666666662	0.011866666666666664	0.012911111111111104	0.014577777777777773	0.01579999999999999	0.018177777777777775	0.0168	0.015822222222222238	0.013511111111111121	0.013255555555555567	0.012688888888888897	0.013700000000000018	Media control
H11	0.006777777777777781	0.005222222222222216	0.002677777777777779	0.001544444444444441	0.0002777777777777842	0.0	0.002255555555555557	0.004799999999999999	0.00841111111111111	0.012066666666666661	0.014155555555555551	0.016111111111111104	0.015155555555555552	0.014199999999999999	0.0169	0.020322222222222224	0.02638888888888889	0.027666666666666673	0.02992222222222222	0.031166666666666665	0.033988888888888895	0.03772222222222223	0.041266666666666674	0.04476666666666667	0.048666666666666664	0.052844444444444444	0.05918888888888888	0.06455555555555556	0.07152222222222222	0.07786666666666668	0.0861	0.09427777777777778	0.10382222222222222	0.1125	0.12052222222222224	0.12794444444444444	0.13996666666666666	0.15442222222222224	0.16881111111111113	0.18344444444444444	0.19836666666666666	0.21492222222222224	0.23076666666666668	0.24944444444444447	0.2717444444444445	0.2982444444444445	0.3239111111111111	0.35157777777777777	0.37385555555555555	0.40009999999999996	0.43143333333333334	0.4659111111111111	0.5034444444444445	0.5416333333333333	0.5935111111111111	0.6545333333333333	0.7173222222222222	0.7874111111111111	0.8633888888888889	0.946422222222222	0.9999333333333332	High proline supplementation with lactic acid treatment.
H12	0.007711111111111117	0.009488888888888889	0.014211111111111114	0.03286666666666666	0.03890000000000001	0.04204444444444445	0.03184444444444445	0.03738888888888889	0.03254444444444445	0.0411	0.043922222222222224	0.0499111111111111	0.052955555555555554	0.05349999999999999	0.06156666666666666	0.05872222222222221	0.051088888888888885	0.043966666666666675	0.03838888888888889	0.03906666666666666	0.039722222222222214	0.04452222222222222	0.05033333333333334	0.054866666666666675	0.06116666666666667	0.0651111111111111	0.07322222222222222	0.07955555555555556	0.0872888888888889	0.09489999999999998	0.1028	0.11327777777777777	0.12295555555555555	0.13326666666666667	0.1444888888888889	0.15744444444444447	0.17336666666666667	0.1903888888888889	0.20704444444444445	0.2254777777777778	0.24386666666666668	0.2703555555555555	0.2964	0.32757777777777775	0.3547777777777778	0.3840444444444444	0.4138777777777778	0.45047777777777775	0.4921222222222223	0.5289333333333334	0.5848	0.690111111111111	0.7353444444444444	0.8331666666666666	0.9258777777777777	1.0632666666666666	1.0053888888888889	0.8704777777777778	0.7335555555555556	0.7770888888888888	0.8381333333333334	Control group with no supplementation or treatment.
