	0	1200	2400	3600	4800	6000	7200	8400	9600	10800	12000	13200	14400	15600	16800	18000	19200	20400	21600	22800	24000	25200	26400	27600	28800	30000	31200	32400	33600	34800	36000	37200	38400	39600	40800	42000	43200	44400	45600	46800	48000	49200	50400	51600	52800	54000	55200	56400	57600	58800	60000	61200	62400	63600	64800	66000	67200	68400	69600	70800	72000	73200
A01	-0.002633333333333321	0.010433333333333322	-0.00996666666666668	-0.013333333333333336	0.001433333333333342	-0.002233333333333337	0.016766666666666652	0.004166666666666652	0.019233333333333325	0.015899999999999997	0.01573333333333335	0.016066666666666646	0.005199999999999982	-0.002966666666666673	0.00683333333333333	0.010199999999999987	0.024499999999999994	0.006466666666666676	0.005666666666666653	0.005233333333333312	0.012233333333333346	0.01683333333333331	-0.0010000000000000009	-0.0017666666666666664	0.002333333333333326	0.002533333333333332	0.008566666666666639	0.008733333333333315	0.00883333333333336	0.010499999999999982	0.013333333333333336	0.010633333333333328	0.0069999999999999785	0.011633333333333329	0.008633333333333326	0.008133333333333326	0.009833333333333333	0.00633333333333333	0.008033333333333337	0.004866666666666686	0.01366666666666666	0.009133333333333327	0.0029000000000000137	0.0025666666666666893	0.0041999999999999815	0.002066666666666689	0.007500000000000007	-0.00023333333333330764	0.005099999999999993	0.0004333333333333411	-0.0012333333333333363	-0.001433333333333342	-6.666666666668708e-05	0.0012333333333333363	-0.001899999999999985	-0.0022000000000000075	-0.003666666666666679	-0.0032000000000000084	-0.0012999999999999956	-0.0008333333333333526	0.0002333333333333354	-0.003599999999999992
A02	0.06506666666666668	0.044933333333333325	0.054933333333333306	0.06596666666666667	0.04843333333333333	0.06826666666666667	0.024866666666666648	0.06596666666666665	0.0716333333333333	0.13119999999999998	0.12233333333333332	0.13476666666666662	0.1322	0.1781333333333333	0.19473333333333334	0.22569999999999998	0.2195	0.2559666666666667	0.26406666666666667	0.2914333333333333	0.3420333333333334	0.35653333333333326	0.3952	0.44643333333333335	0.42003333333333337	0.46443333333333336	0.5381666666666666	0.5727333333333333	0.5932333333333334	0.6796	0.7166333333333333	0.7897333333333334	0.8922	0.9535333333333333	1.0132333333333332	1.0730333333333335	1.1494333333333333	1.2255333333333331	1.2721333333333333	1.3486666666666667	1.3695666666666666	1.4533333333333334	1.4961	1.5645666666666667	1.6458	1.6591666666666667	1.7141	1.7691666666666666	1.8048	1.8772333333333333	1.9327666666666667	1.9060666666666666	2.0601333333333334	2.0366333333333335	2.0879999999999996	2.147	2.1990333333333334	2.2201	2.2895	2.1595666666666666	2.221433333333333	2.2862999999999998
A03	0.07056666666666668	0.04103333333333331	0.028633333333333316	0.06786666666666666	0.04453333333333334	0.07346666666666665	0.03336666666666668	0.06426666666666667	0.06983333333333333	0.09499999999999997	0.12573333333333334	0.13386666666666666	0.1534	0.17203333333333332	0.21033333333333334	0.2064	0.21280000000000002	0.24036666666666665	0.26336666666666664	0.28103333333333336	0.3095333333333333	0.35153333333333325	0.3945000000000001	0.4277333333333333	0.44023333333333337	0.48573333333333335	0.5776666666666667	0.6162333333333333	0.6435333333333334	0.7435999999999999	0.7732333333333333	0.8399333333333334	0.9130999999999999	1.0177333333333334	1.0848333333333333	1.1402333333333334	1.2207333333333332	1.2709333333333332	1.3727333333333334	1.4197666666666666	1.4394666666666667	1.5128333333333335	1.5666	1.6154666666666666	1.714	1.6943666666666668	1.7621	1.8420666666666665	1.8711	1.9611333333333332	2.0320666666666667	1.9764666666666664	2.194833333333333	2.191533333333333	2.1658999999999997	2.2206	2.3265333333333333	2.3177	2.2809	2.2018666666666666	2.3536333333333332	2.3613
A04	0.06643333333333332	0.035499999999999976	0.02623333333333333	0.048166666666666635	0.037566666666666665	0.053166666666666695	0.01836666666666667	0.04613333333333333	0.04583333333333334	0.04866666666666661	0.06796666666666665	0.0907	0.09303333333333336	0.1408	0.13576666666666665	0.1586333333333333	0.13846666666666663	0.14800000000000002	0.17153333333333337	0.17646666666666666	0.20289999999999997	0.21863333333333335	0.2576666666666667	0.28143333333333337	0.2849666666666667	0.32736666666666664	0.3817	0.4117	0.45780000000000004	0.5153000000000001	0.5383333333333333	0.5967333333333333	0.6292666666666665	0.6848	0.7198333333333334	0.8234	0.8434666666666665	0.8839	0.9339000000000001	0.9739	0.9807999999999999	1.0124333333333333	1.0587666666666666	1.0907333333333333	1.165	1.1299333333333332	1.1427333333333332	1.1983333333333333	1.2530999999999999	1.3087	1.3336333333333332	1.3155333333333332	1.3969666666666667	1.4186	1.4550999999999998	1.4722000000000004	1.5250666666666666	1.5666000000000002	1.5500333333333334	1.4056333333333333	1.6278000000000001	1.5842999999999998
A05	0.036400000000000016	0.041766666666666674	0.01319999999999999	-0.002166666666666678	0.017066666666666674	-0.007166666666666627	0.01633333333333334	-0.00273333333333331	0.01529999999999998	-0.00873333333333337	0.005300000000000027	-0.01826666666666671	0.0017333333333333645	-0.011699999999999988	-0.001033333333333275	0.2564333333333333	-0.20540000000000008	-0.12663333333333338	-0.4582666666666666	-0.3382666666666668	-0.24293333333333322	-0.20153333333333334	0.05159999999999998	-0.0036999999999999256	0.005166666666666764	-0.00023333333333330764	0.025966666666666693	0.026000000000000023	0.07563333333333333	0.047866666666666724	0.032399999999999984	0.008499999999999952	0.014333333333333309	0.018199999999999994	0.009133333333333438	0.055433333333333445	0.06263333333333332	0.014599999999999946	0.0630666666666666	0.029333333333333433	0.04066666666666663	0.047366666666667	0.06479999999999997	0.023100000000000342	0.06373333333333342	-0.0005333333333332746	0.05580000000000007	0.06886666666666663	0.0665	0.06890000000000018	0.07056666666666622	0.013733333333333597	0.05503333333333327	0.0906666666666669	0.0650333333333335	0.07243333333333313	0.0928333333333331	0.1259999999999999	0.16356666666666664	0.014199999999999768	0.17373333333333374	0.07999999999999963
A06	0.0232	0.024866666666666676	0.011399999999999993	0.013433333333333325	0.00996666666666668	0.017533333333333345	0.008733333333333343	0.0018666666666666831	0.0020999999999999908	0.014666666666666606	0.006200000000000039	-0.011266666666666703	-0.020166666666666666	-0.03250000000000003	-0.017833333333333312	-0.0017666666666666941	-0.2568000000000001	-0.6527333333333334	-0.4858666666666666	-0.3667666666666668	-0.2543333333333333	-0.32363333333333333	0.034399999999999986	0.0029000000000001247	0.04686666666666672	0.042266666666666675	0.0672666666666667	0.07600000000000007	0.0850333333333333	0.10686666666666678	0.1077999999999999	0.0804999999999999	0.08833333333333337	0.060799999999999965	0.08623333333333338	0.06723333333333348	0.09393333333333342	0.060899999999999954	0.09636666666666671	0.09483333333333355	0.07506666666666661	0.08436666666666692	0.10240000000000005	0.06560000000000032	0.0831333333333335	0.07126666666666659	0.09499999999999997	0.11916666666666664	0.0838000000000001	0.11630000000000029	0.07876666666666621	0.025733333333333608	0.09783333333333344	0.10646666666666693	0.06993333333333318	0.10423333333333318	0.0968333333333331	0.2023999999999999	0.1358666666666668	0.12019999999999964	0.10403333333333364	0.11469999999999958
A07	0.01369999999999999	0.01936666666666667	0.02949999999999997	0.025433333333333336	0.01676666666666668	0.015933333333333355	0.012633333333333358	0.015466666666666684	0.010599999999999998	0.006966666666666621	0.016199999999999992	0.0008333333333332971	-0.015666666666666662	-0.0378	-0.03843333333333332	-0.1316666666666667	-0.28380000000000005	-0.6693333333333333	-0.5056666666666666	-0.3795666666666668	-0.2662333333333332	-0.3482333333333334	0.03599999999999992	-0.007099999999999884	0.05906666666666671	0.0420666666666667	0.0772666666666667	0.0877	0.06813333333333327	0.07396666666666674	0.08139999999999992	0.05910000000000004	0.07953333333333323	0.06590000000000007	0.058533333333333326	0.049833333333333396	0.05373333333333341	0.04049999999999976	0.06116666666666659	0.05503333333333349	0.05056666666666665	0.05196666666666694	0.05479999999999996	0.037100000000000355	0.059833333333333405	0.03306666666666658	0.05170000000000008	0.09086666666666687	0.11129999999999995	0.07109999999999994	0.09836666666666627	0.02353333333333385	0.12223333333333342	0.15166666666666684	0.05143333333333322	0.10723333333333329	0.059933333333333394	0.09149999999999991	0.07666666666666666	0.0674999999999999	0.08843333333333359	0.016599999999999504
A08	0.010899999999999993	0.0013666666666666827	0.007299999999999973	-0.006866666666666688	-0.002533333333333332	0.004033333333333361	0.002333333333333326	-0.009333333333333305	-0.008500000000000008	0.020466666666666633	-0.006199999999999983	0.012433333333333296	-0.02636666666666665	-0.04260000000000003	-0.03893333333333332	-0.13256666666666672	-0.27820000000000006	-0.6717333333333334	-0.5119666666666667	-0.3936666666666668	-0.2510333333333332	-0.34153333333333336	0.03069999999999995	-0.007899999999999907	0.057666666666666755	0.03846666666666665	0.07606666666666673	0.09079999999999999	0.10093333333333332	0.1055666666666667	0.11519999999999986	0.07979999999999998	0.0740333333333334	0.06780000000000008	0.09853333333333336	0.08023333333333338	0.08513333333333328	0.06799999999999984	0.07736666666666658	0.06493333333333351	0.05696666666666661	0.04856666666666687	0.08420000000000005	0.07040000000000024	0.10203333333333342	0.08066666666666666	0.06600000000000006	0.11006666666666653	0.06740000000000013	0.08620000000000028	0.07016666666666627	0.008033333333333559	0.12023333333333319	0.12646666666666695	0.10503333333333309	0.08743333333333325	0.10793333333333344	0.12329999999999997	0.1285666666666665	0.09499999999999975	0.07673333333333376	-0.00820000000000043
A09	0.012800000000000006	0.020566666666666678	0.014399999999999968	0.005933333333333318	0.033766666666666695	0.02453333333333335	0.024033333333333323	0.026066666666666682	0.022299999999999986	0.03866666666666663	0.022299999999999986	-0.0022666666666666946	-0.02146666666666669	-0.027600000000000013	-0.03423333333333328	-0.12896666666666673	-0.26760000000000006	-0.6621333333333335	-0.5015666666666666	-0.37066666666666676	-0.2555333333333333	-0.32873333333333343	0.04299999999999993	-0.009999999999999898	0.04646666666666677	0.04166666666666663	0.07606666666666673	0.07230000000000003	0.0759333333333333	0.09506666666666674	0.07579999999999998	0.07419999999999993	0.06703333333333328	0.06120000000000014	0.051033333333333486	0.06553333333333344	0.06153333333333344	0.05379999999999985	0.06366666666666676	0.06013333333333337	0.055566666666666764	0.06636666666666691	0.07160000000000011	0.07820000000000027	0.06973333333333342	0.05276666666666663	0.04259999999999997	0.06846666666666668	0.04740000000000011	0.041400000000000325	0.024566666666666404	-0.005066666666666553	0.11163333333333325	0.09406666666666696	0.06343333333333323	0.01523333333333321	0.08973333333333322	0.07560000000000011	0.04456666666666642	0.04489999999999972	0.021233333333333437	0.11429999999999962
A10	0.02679999999999999	0.02313333333333334	0.016933333333333328	0.02909999999999996	0.032800000000000024	0.028033333333333327	0.0159333333333333	0.047566666666666674	0.04846666666666663	0.07479999999999998	0.06849999999999998	0.08096666666666666	0.08983333333333335	0.09363333333333332	0.11073333333333338	0.10303333333333331	0.1307333333333333	0.1655333333333333	0.18663333333333337	0.17909999999999998	0.2010333333333333	0.21359999999999996	0.2255333333333333	0.24043333333333322	0.2759000000000001	0.29913333333333325	0.33336666666666676	0.3464333333333333	0.39323333333333327	0.4554333333333333	0.47193333333333337	0.5518333333333334	0.5685333333333333	0.6066333333333334	0.6769333333333333	0.6768666666666668	0.7596	0.8076	0.8145666666666668	0.8955333333333332	0.9188	0.9555	0.9966	1.0334333333333334	1.053266666666667	1.1004666666666667	1.1125333333333334	1.1823000000000001	1.1352333333333333	1.2124666666666668	1.2226333333333335	1.2484000000000002	1.2971666666666666	1.2915	1.3706666666666667	1.3378666666666668	1.4336333333333333	1.4695333333333331	1.3938333333333333	1.4012666666666664	1.4843333333333333	1.4943666666666666
A11	0.09496666666666666	0.09423333333333331	0.08129999999999998	0.06823333333333334	0.06286666666666665	0.0673	0.057033333333333325	0.07769999999999999	0.08453333333333335	0.12156666666666663	0.12223333333333333	0.13063333333333338	0.1557	0.15533333333333332	0.16659999999999997	0.17466666666666666	0.17560000000000003	0.21896666666666667	0.23336666666666664	0.2776666666666666	0.3222999999999999	0.2952666666666667	0.3174	0.3566666666666667	0.386	0.40966666666666673	0.47050000000000003	0.47216666666666673	0.526	0.566	0.6379333333333334	0.6971666666666666	0.7321666666666666	0.8058666666666666	0.8558666666666667	0.9115666666666666	0.9934999999999999	1.0535666666666668	1.0987333333333333	1.1816666666666666	1.2240333333333333	1.28	1.3339666666666667	1.4037333333333333	1.4453666666666667	1.5046	1.5793	1.5905333333333334	1.6102333333333334	1.6814333333333333	1.7261666666666668	1.7590333333333334	1.8490333333333333	1.8690666666666664	1.8829666666666667	1.8782666666666668	1.9401333333333333	1.9946666666666668	2.0341333333333336	1.9780666666666669	2.059266666666667	2.1038666666666668
A12	0.03756666666666665	-0.0033666666666666845	0.03059999999999999	0.015033333333333343	0.01476666666666665	0.0411	0.019333333333333313	0.0398	-0.011066666666666669	0.040166666666666656	0.014033333333333314	0.023833333333333345	0.02360000000000001	0.034533333333333305	0.028799999999999992	0.00576666666666667	0.03989999999999999	0.04706666666666667	0.05686666666666665	0.017066666666666647	0.042399999999999965	0.02566666666666667	0.026400000000000007	0.01886666666666667	0.062100000000000016	0.026266666666666688	0.0739	0.0271666666666667	0.007700000000000012	0.028799999999999992	0.014833333333333337	0.04086666666666666	0.05826666666666666	0.060666666666666674	0.04456666666666667	0.03336666666666668	0.025500000000000023	0.018066666666666675	0.031233333333333335	0.03336666666666668	0.03823333333333334	0.020499999999999963	0.022066666666666707	0.03353333333333333	-0.0033333333333332993	-0.01629999999999998	0.006500000000000006	0.0014333333333333143	-0.0028666666666666563	0.02313333333333334	0.007466666666666677	0.023033333333333322	0.005633333333333351	0.01576666666666665	-0.005033333333333334	0.0018666666666666554	-0.0007666666666666655	0.0026666666666666783	0.0038333333333333275	0.0072666666666666435	0.07476666666666662	0.0069666666666666766
B01	0.010366666666666677	-0.015999999999999986	0.018400000000000027	0.007533333333333336	-0.01206666666666667	-0.002333333333333354	-0.02146666666666666	-0.005533333333333307	-0.03190000000000001	-0.031399999999999956	-0.028166666666666673	-0.027933333333333338	-0.003633333333333294	-0.006200000000000011	-0.014366666666666666	-0.03366666666666665	-0.04803333333333332	-0.010833333333333334	-0.011299999999999977	-0.010599999999999998	-0.021800000000000014	-0.03796666666666665	-0.011166666666666658	0.0015666666666666884	-0.00016666666666670382	-0.004133333333333322	-0.02209999999999998	-0.014933333333333326	-0.009200000000000014	-0.015033333333333343	-0.013466666666666682	-0.011833333333333335	-0.011899999999999966	-0.013999999999999985	-0.01153333333333334	-0.010933333333333323	-0.015566666666666673	-0.010866666666666636	-0.013600000000000001	-0.00993333333333335	-0.015200000000000019	-0.01369999999999999	-0.00416666666666668	-0.0006333333333333468	-0.0024000000000000132	-0.002233333333333365	-0.011300000000000032	-0.0035333333333333328	-0.009766666666666673	-0.003400000000000014	-0.0008666666666666822	-0.0019333333333333425	-0.0017999999999999683	-0.00466666666666668	0.0008333333333333248	0.00040000000000001146	0.004766666666666669	0.0012000000000000066	-0.0022999999999999965	-0.0025666666666666615	-0.001333333333333353	0.002466666666666645
B02	0.04686666666666668	0.036500000000000005	0.03810000000000002	0.06593333333333332	0.07463333333333333	0.07136666666666666	0.06623333333333334	0.07076666666666667	0.0859	0.10910000000000006	0.13863333333333333	0.15836666666666668	0.2010666666666667	0.2597	0.22683333333333336	0.23473333333333332	0.21946666666666667	0.24006666666666668	0.25650000000000006	0.28380000000000005	0.3085	0.3429333333333333	0.3690333333333333	0.3956666666666667	0.42093333333333327	0.44266666666666665	0.5266000000000001	0.5921666666666667	0.5895	0.6901666666666666	0.7237333333333333	0.8005666666666668	0.8538000000000001	0.9224	1.0070666666666668	1.0570666666666666	1.1438333333333333	1.2047333333333332	1.285	1.3384666666666667	1.3768	1.4237	1.5179333333333334	1.5371666666666666	1.6139	1.6729666666666667	1.7016	1.7472666666666665	1.7708333333333335	1.8588000000000002	1.9488333333333334	1.9533666666666665	1.9878	1.9648333333333334	2.0045333333333333	2.0184	2.1010666666666666	2.1178	2.1774999999999998	2.1004333333333336	2.1206666666666667	2.1536666666666666
B03	0.039466666666666664	0.02150000000000002	0.02730000000000002	0.04313333333333333	0.04153333333333334	0.046566666666666645	0.03933333333333333	0.05646666666666669	0.05879999999999999	0.08070000000000002	0.10923333333333335	0.13436666666666666	0.16046666666666667	0.2737	0.29623333333333335	0.26793333333333336	0.2817666666666667	0.31356666666666666	0.29590000000000005	0.28769999999999996	0.3063	0.42033333333333334	0.32533333333333336	0.40756666666666663	0.3955333333333333	0.41946666666666665	0.5207	0.5582666666666667	0.6121	0.6872666666666666	0.7255333333333333	0.8325666666666666	0.8744000000000001	0.9726	1.0253666666666668	1.0989666666666666	1.1893333333333334	1.2474333333333332	1.3044	1.3942666666666668	1.3937	1.4506000000000001	1.5174333333333334	1.5821666666666667	1.6078	1.6997666666666666	1.7115	1.7592666666666665	1.7901333333333334	1.9044999999999999	1.940233333333333	1.9948666666666666	1.9889999999999999	1.9435333333333333	1.9815333333333331	2.0603	2.110266666666667	2.1479999999999997	2.2232	2.1328333333333336	2.1587666666666667	2.2234666666666665
B04	0.010899999999999993	0.014033333333333314	0.007800000000000001	0.02626666666666666	0.026533333333333325	0.020066666666666677	0.00883333333333336	0.027266666666666634	0.04043333333333329	0.05246666666666666	0.07603333333333331	0.10040000000000002	0.131	0.19513333333333333	0.2699	0.20336666666666664	0.16443333333333326	0.17623333333333324	0.10426666666666667	0.14950000000000002	0.19523333333333331	0.2388333333333334	0.23199999999999998	0.2983666666666666	0.2710333333333333	0.2909333333333334	0.3503	0.3616333333333333	0.3875999999999999	0.4728333333333334	0.5005999999999999	0.5487333333333333	0.5971	0.6554333333333333	0.7038333333333333	0.7587999999999999	0.8182999999999999	0.8339333333333333	0.8944333333333333	0.9568333333333333	0.9293333333333332	0.9683666666666667	1.0261666666666667	1.0901333333333332	1.0887333333333333	1.1708333333333334	1.1444333333333334	1.1911666666666667	1.1941333333333333	1.3137666666666665	1.336666666666667	1.3423333333333334	1.3901	1.358	1.3659666666666666	1.3828333333333331	1.417266666666667	1.4651333333333336	1.513	1.4654333333333334	1.4474666666666667	1.4452000000000003
B05	-0.007500000000000007	-0.004533333333333334	0.021399999999999975	-0.002766666666666695	-0.007133333333333325	-0.009266666666666645	-0.010766666666666674	-0.018733333333333324	-0.00830000000000003	-0.004033333333333389	-0.007500000000000007	-0.00936666666666669	-0.004766666666666641	0.014500000000000013	0.03806666666666669	-0.0012666666666667492	-0.20670000000000005	-0.0015333333333333865	-0.43046666666666655	-0.35296666666666676	-0.25093333333333323	-0.18613333333333337	-0.02300000000000002	-0.021599999999999953	-0.03723333333333323	-0.021333333333333315	6.666666666665932e-05	-0.027200000000000002	-0.035566666666666746	-0.019033333333333236	-0.04400000000000004	-0.029900000000000038	-0.05586666666666662	-0.039699999999999847	-0.0328666666666666	-0.013666666666666494	-0.025966666666666693	-0.045500000000000096	-0.050933333333333275	-0.0469666666666666	-0.050933333333333275	-0.008933333333333016	-0.0230999999999999	-0.03169999999999984	-0.04566666666666652	-0.04813333333333336	-0.04589999999999983	-0.02623333333333333	-0.046299999999999786	-0.0019999999999997797	-0.0672333333333337	0.02553333333333363	-0.028366666666666873	-0.053433333333333	-0.10886666666666667	-0.09726666666666661	-0.07636666666666692	-0.015200000000000102	0.04906666666666659	0.018799999999999706	-0.05826666666666647	-0.03430000000000044
B06	-0.009899999999999992	0.0004666666666666708	0.0042999999999999705	-0.004366666666666685	-0.007833333333333331	-0.01536666666666664	-0.003766666666666668	-0.005133333333333323	-0.009199999999999986	-0.002933333333333399	-0.019499999999999962	-0.013066666666666671	-0.0001666666666666483	0.010299999999999976	0.017366666666666697	0.02093333333333325	0.18099999999999994	0.30266666666666664	0.07103333333333339	-0.05066666666666675	0.020566666666666733	0.1498666666666667	-0.0020000000000000018	0.12450000000000006	0.01536666666666675	-0.0026333333333333764	-0.020033333333333236	-0.03059999999999996	-0.008366666666666744	-0.007733333333333259	-0.017300000000000093	-0.01540000000000008	-0.018866666666666587	-0.03200000000000003	-0.017766666666666486	-0.03146666666666653	-0.010666666666666602	-0.04180000000000006	-0.050833333333333286	-0.04006666666666647	-0.0740333333333334	-0.024133333333333118	-0.03639999999999999	-0.035199999999999676	-0.06366666666666654	-0.03403333333333336	-0.07489999999999997	-0.07773333333333343	-0.07889999999999975	-0.05069999999999997	-0.1114333333333335	-0.008466666666666178	-0.0552666666666668	-0.08313333333333306	-0.12366666666666681	-0.15006666666666701	-0.06026666666666669	-0.02740000000000009	-0.009233333333333427	-0.02100000000000035	-0.05136666666666656	-0.0860000000000003
B07	-0.004599999999999993	-0.00793333333333332	-0.013500000000000012	-0.009166666666666684	-0.0055333333333333345	-0.008166666666666628	-0.002966666666666673	-0.006333333333333302	-0.0030999999999999917	0.004566666666666608	-0.007899999999999963	-0.002566666666666717	-0.0011666666666666492	0.018600000000000005	0.00986666666666669	0.06593333333333329	-0.0029000000000000137	0.23016666666666663	-0.11616666666666664	-0.1710666666666668	-0.15703333333333325	-0.014533333333333398	-0.019000000000000017	-0.00649999999999995	-0.020533333333333292	-0.014133333333333331	-0.046433333333333326	-0.052099999999999924	-0.03406666666666669	-0.04523333333333324	-0.0525000000000001	-0.05390000000000006	-0.05886666666666662	-0.06400000000000006	-0.07066666666666666	-0.04366666666666652	-0.049766666666666515	-0.05490000000000017	-0.06303333333333327	-0.04716666666666658	-0.0507333333333333	-0.03833333333333311	-0.06309999999999993	-0.05689999999999973	-0.0548666666666664	-0.05943333333333345	-0.07879999999999998	-0.06383333333333341	-0.06699999999999973	-0.059499999999999886	-0.08843333333333359	-0.0458666666666665	-0.059566666666666546	-0.0939333333333332	-0.09786666666666655	-0.136166666666667	-0.030266666666666886	-0.03399999999999981	0.02066666666666661	0.015499999999999847	-0.013366666666666305	0.004599999999999493
B08	-0.00470000000000001	-0.013333333333333336	-0.0039000000000000146	-0.016566666666666702	-0.017033333333333317	-0.005766666666666642	-0.004966666666666675	-0.0011333333333333195	-0.0023000000000000242	-0.00283333333333341	0.0022000000000000353	0.006633333333333324	0.0017333333333333645	0.015699999999999992	0.014266666666666705	0.041033333333333255	-0.05740000000000012	0.19656666666666656	-0.17446666666666666	-0.21706666666666674	-0.18213333333333326	-0.05843333333333334	-0.010100000000000109	-0.01519999999999988	-0.018833333333333258	-0.021633333333333393	-0.02293333333333325	-0.028699999999999948	-0.024566666666666737	-0.03363333333333329	-0.03520000000000001	-0.016100000000000003	-0.045466666666666655	-0.04129999999999989	-0.039766666666666506	-0.015966666666666463	-0.014466666666666628	-0.04970000000000008	-0.030433333333333312	-0.021266666666666545	-0.044333333333333336	-0.015733333333333155	-0.007500000000000062	0.013100000000000334	-0.022766666666666602	-0.034533333333333305	-0.02729999999999988	-0.017333333333333423	-0.03229999999999977	-0.06579999999999986	-0.030133333333333567	0.025333333333333652	-0.01676666666666682	-0.0628333333333333	-0.053166666666666806	-0.09396666666666675	-0.011866666666666692	0.054300000000000015	-0.012333333333333307	-0.013200000000000323	0.044633333333333525	-0.018600000000000616
B09	-0.020100000000000007	0.0004666666666666708	-0.009600000000000025	-0.007366666666666688	-0.00793333333333332	-0.0036666666666666237	0.005433333333333318	0.005966666666666676	0.0025000000000000022	0.015366666666666584	0.01930000000000004	0.020033333333333292	-0.0017666666666666386	0.029700000000000004	0.016766666666666707	-0.011766666666666703	-0.22530000000000006	-0.25983333333333336	-0.4740666666666666	-0.37056666666666677	-0.2501333333333332	-0.25473333333333337	-0.013800000000000034	-0.06369999999999987	-0.05333333333333323	-0.04423333333333335	-0.02973333333333328	-0.01429999999999998	-0.003966666666666674	-0.02413333333333323	-0.007900000000000018	-0.03639999999999999	-0.05936666666666668	-0.06489999999999996	-0.05156666666666654	-0.06966666666666654	-0.037666666666666515	-0.059900000000000064	-0.0719333333333334	-0.05666666666666664	-0.07163333333333322	-0.04283333333333306	-0.04939999999999989	-0.05249999999999977	-0.04026666666666645	-0.06153333333333344	-0.04079999999999995	-0.0164333333333333	-0.05389999999999984	-0.0815999999999999	-0.06873333333333376	-0.013366666666666305	-0.07416666666666671	-0.12163333333333304	-0.0762666666666667	-0.11046666666666694	-0.09656666666666691	-0.019099999999999895	-0.03933333333333344	-0.018600000000000172	-0.03406666666666647	-0.021400000000000308
B10	0.06486666666666667	0.02633333333333332	0.03469999999999998	0.01773333333333335	0.03836666666666666	0.03939999999999999	0.03933333333333333	0.04720000000000002	0.04853333333333332	0.07186666666666666	0.09543333333333334	0.12563333333333337	0.1578	0.18513333333333332	0.2147	0.2548666666666667	0.2132	0.23506666666666667	0.24246666666666664	0.26736666666666664	0.2993	0.29736666666666667	0.3268	0.34106666666666674	0.39670000000000005	0.42456666666666676	0.48130000000000006	0.4785666666666667	0.5443	0.5873	0.6639333333333334	0.7407666666666666	0.7929666666666667	0.8412666666666667	0.9042666666666667	0.9577666666666667	1.0438999999999998	1.0995666666666666	1.1649333333333334	1.2313666666666667	1.2718333333333334	1.3397999999999999	1.4005666666666667	1.4594333333333331	1.5056666666666667	1.5572	1.648	1.6807333333333334	1.6475333333333335	1.7153333333333332	1.7965666666666666	1.8391333333333333	1.8993333333333333	1.8548666666666667	1.9090666666666667	1.9394666666666667	2.0294333333333334	2.160266666666667	2.1349333333333336	2.0852666666666666	2.1193666666666666	2.176066666666667
B11	0.06006666666666664	0.052333333333333315	0.0562	0.04083333333333333	0.05866666666666667	0.05649999999999997	0.05143333333333333	0.0791	0.07783333333333331	0.09126666666666663	0.10373333333333332	0.09883333333333338	0.11280000000000001	0.1480333333333333	0.1508	0.14386666666666667	0.17770000000000002	0.21236666666666668	0.21916666666666665	0.24506666666666663	0.2808999999999999	0.3000666666666667	0.3183	0.3220666666666667	0.37160000000000004	0.3736666666666667	0.43100000000000005	0.4432666666666667	0.469	0.5154	0.5407333333333334	0.6112666666666666	0.6555666666666666	0.7193666666666666	0.7606666666666667	0.7945666666666666	0.8777	0.9194666666666667	0.9833333333333334	1.0543666666666667	1.0842333333333334	1.1401999999999999	1.2212666666666667	1.2593333333333332	1.3079666666666667	1.3696000000000002	1.4402	1.4876333333333334	1.4901333333333335	1.5794333333333332	1.6110666666666666	1.6281333333333334	1.7013333333333334	1.7018666666666666	1.7568666666666666	1.7718666666666667	1.8496333333333332	1.8758666666666666	1.8943333333333334	1.8849666666666667	1.9427666666666665	1.9383666666666668
B12	0.018766666666666668	0.0040333333333333055	-0.014600000000000002	-0.006466666666666648	0.010466666666666652	0.006399999999999989	0.01843333333333333	0.012999999999999984	0.004033333333333333	-0.009033333333333365	0.001533333333333331	0.01933333333333337	-0.002799999999999997	0.007833333333333303	0.0022999999999999965	0.010166666666666685	0.0169	0.011366666666666664	0.004266666666666641	0.024966666666666637	0.0068999999999999895	0.027066666666666656	0.017199999999999993	0.02576666666666666	0.008599999999999997	0.004066666666666691	-0.012899999999999995	-0.00163333333333332	-0.006500000000000006	9.999999999998899e-05	0.02203333333333335	-0.011933333333333351	-0.003233333333333338	0.011066666666666641	0.014766666666666678	0.014666666666666689	-0.00839999999999999	0.006766666666666671	-0.014866666666666667	-0.007333333333333331	0.0008333333333333248	-0.005400000000000016	0.011166666666666686	-0.0034666666666666734	-0.004633333333333295	0.010200000000000015	-0.011499999999999982	-0.009566666666666696	-0.011666666666666659	-0.007766666666666672	-0.006033333333333335	-0.008366666666666661	-0.00686666666666666	-0.005133333333333351	-0.02103333333333335	-0.015633333333333332	-0.0035666666666666624	-0.016233333333333322	-0.014766666666666678	-0.008633333333333354	-0.008133333333333354	-0.0006333333333333191
C01	-0.0065333333333333354	0.0012999999999999956	-0.008766666666666673	0.015166666666666662	0.01319999999999999	-0.0002333333333333354	-0.0003333333333333244	-0.007600000000000023	0.006333333333333302	0.009266666666666673	0.004833333333333328	0.0014333333333333143	-0.009433333333333349	0.006566666666666637	-0.005899999999999989	0.02793333333333331	0.022499999999999992	0.004266666666666669	-0.002999999999999975	-0.0050000000000000044	0.00839999999999999	0.022199999999999998	0.01999999999999999	-0.0016333333333333477	-0.012566666666666643	0.003500000000000031	0.016533333333333344	0.009466666666666679	-0.0008666666666666822	-0.0027666666666666673	0.001366666666666655	0.005599999999999994	0.010699999999999987	0.002766666666666695	0.0032999999999999974	0.001700000000000007	0.004133333333333322	0.002966666666666673	0.0032666666666666677	0.0018333333333333257	-0.002600000000000019	0.003433333333333344	-0.003166666666666651	-0.010566666666666669	-0.011499999999999982	-0.003866666666666685	0.00269999999999998	0.0028666666666666563	0.004299999999999998	0.001466666666666644	-0.0006333333333333468	0.0017333333333333367	-0.0007000000000000062	0.0015333333333333588	-0.0016666666666666496	-0.001966666666666672	-0.006500000000000006	-0.0018666666666666554	2.7755575615628914e-17	0.001366666666666655	-0.00036666666666665404	0.0006000000000000172
C02	0.05306666666666665	0.032200000000000006	0.016933333333333328	0.03946666666666665	0.04409999999999997	0.042866666666666664	0.044466666666666654	0.05829999999999999	0.07583333333333328	0.08476666666666668	0.12653333333333336	0.1372333333333333	0.14046666666666666	0.15606666666666666	0.1812	0.1735333333333333	0.1926	0.2379666666666667	0.2519	0.2583	0.2855	0.32299999999999995	0.3556999999999999	0.38716666666666666	0.4205333333333334	0.4335000000000001	0.5253333333333334	0.5829666666666667	0.6034333333333333	0.6649333333333334	0.7184666666666667	0.8065	0.8333	0.9104666666666666	0.9781	1.0558999999999998	1.0951333333333333	1.1690666666666665	1.2569666666666666	1.3032333333333332	1.3497999999999999	1.3955333333333335	1.4822333333333333	1.5444333333333333	1.5712	1.6392333333333333	1.6896	1.7361666666666666	1.7545000000000002	1.8363666666666667	1.9182666666666666	1.9087333333333334	1.9647000000000001	1.9742333333333335	1.9893333333333334	1.9842333333333333	2.0584	2.045233333333333	2.0532000000000004	2.0151666666666666	2.082333333333333	2.1382
C03	0.046066666666666645	0.045399999999999996	0.03503333333333333	0.05056666666666665	0.042899999999999966	0.056566666666666654	0.05526666666666666	0.06849999999999998	0.09573333333333331	0.1078666666666667	0.14443333333333333	0.1723333333333333	0.24216666666666667	0.3131666666666666	0.2902	0.2725333333333333	0.2948	0.3362666666666667	0.2836000000000001	0.28059999999999996	0.3225	0.3691	0.35929999999999995	0.4109666666666667	0.45253333333333334	0.4656	0.5604333333333333	0.6127666666666667	0.6721333333333334	0.7237333333333333	0.7747666666666667	0.8575	0.9296999999999999	0.9934666666666668	1.0879	1.1166999999999998	1.1954333333333333	1.2590666666666666	1.3563666666666667	1.3776333333333333	1.4273	1.4785333333333335	1.5456333333333332	1.5707333333333333	1.6255	1.6858333333333333	1.7569	1.7766666666666666	1.7785	1.8464666666666667	1.9475666666666667	1.9540333333333335	2.0152	1.9890333333333332	2.025933333333333	2.0510333333333337	2.1132999999999997	2.1396333333333333	2.1373	2.0416666666666665	2.182533333333333	2.1599
C04	0.030999999999999986	0.024566666666666653	0.02150000000000002	0.01670000000000002	0.025933333333333336	0.03843333333333335	0.03923333333333334	0.05619999999999997	0.08026666666666663	0.09593333333333337	0.11486666666666664	0.13896666666666668	0.2079666666666667	0.24870000000000003	0.3440666666666667	0.23646666666666666	0.18476666666666663	-0.03933333333333333	-0.09989999999999999	-0.05829999999999991	0.025466666666666637	0.08596666666666664	0.2604666666666667	0.3059000000000001	0.3068333333333334	0.3340666666666667	0.3784333333333333	0.4357666666666667	0.4721666666666667	0.5138	0.5411333333333332	0.6249333333333333	0.6677666666666666	0.7118	0.7657666666666668	0.8044333333333334	0.8629333333333334	0.9060333333333334	0.9452666666666668	0.9729333333333334	1.0223	1.0574	1.0954000000000002	1.1159666666666666	1.1483	1.1855333333333333	1.1817333333333333	1.2343000000000002	1.2376	1.2860666666666667	1.3654666666666668	1.3542999999999998	1.3941	1.3854333333333333	1.3661000000000003	1.3959000000000001	1.4693999999999998	1.459166666666667	1.500033333333333	1.4184333333333332	1.4485666666666663	1.4689666666666668
C05	-0.007300000000000001	0.0005999999999999894	0.006066666666666665	-0.0014666666666666717	0.004799999999999999	0.012699999999999989	0.013300000000000006	0.012099999999999972	0.0218666666666667	0.03586666666666666	0.024433333333333307	0.04696666666666671	0.049000000000000044	0.06360000000000005	0.09806666666666669	0.07146666666666668	0.0033333333333332993	-0.18243333333333323	-0.36353333333333326	-0.3382333333333334	-0.26546666666666663	-0.2990666666666667	0.031066666666666687	0.03656666666666675	0.06313333333333337	0.01849999999999996	0.028933333333333366	0.036766666666666725	0.051066666666666594	0.04069999999999996	0.021399999999999975	0.03506666666666669	0.04039999999999999	0.08730000000000016	0.06883333333333352	0.01869999999999994	0.044333333333333336	0.04306666666666681	0.04416666666666669	0.0164333333333333	0.04736666666666678	0.04656666666666687	0.05263333333333309	0.03379999999999983	0.0200666666666669	0.025766666666666938	0.009800000000000031	0.006266666666666643	0.020399999999999974	-0.00013333333333331865	0.09393333333333365	0.021566666666666734	-0.03236666666666643	0.01856666666666662	-0.02946666666666653	0.06410000000000027	-0.05023333333333335	-0.008000000000000007	-0.09493333333333309	-0.06256666666666666	-0.08246666666666691	-0.03269999999999973
C06	-0.0007000000000000062	0.009000000000000008	0.01796666666666666	0.009333333333333332	0.015199999999999991	0.0116	0.01770000000000002	0.01119999999999996	0.0203666666666667	0.016766666666666707	0.024933333333333307	0.0344666666666667	0.040000000000000036	0.051600000000000035	0.04076666666666667	0.15936666666666666	-0.028866666666666707	-0.1152333333333333	-0.4052333333333332	-0.37913333333333343	-0.28026666666666666	-0.2909666666666667	0.020166666666666666	0.021766666666666712	0.04603333333333337	0.030000000000000027	0.02743333333333342	0.054366666666666674	0.04346666666666654	0.05619999999999992	0.03970000000000007	0.059666666666666646	0.028699999999999948	0.04760000000000009	0.04513333333333347	0.045600000000000085	0.06483333333333352	0.030066666666666908	0.060766666666666636	0.05903333333333327	0.03956666666666675	0.06776666666666697	0.05583333333333318	0.010299999999999754	0.028166666666666895	0.01446666666666685	0.0132000000000001	0.04926666666666657	0.018000000000000016	0.015966666666666907	0.09513333333333351	0.045666666666666966	-0.010266666666666424	0.00896666666666679	-0.00556666666666672	0.10130000000000017	-0.07493333333333352	-0.020199999999999996	-0.0855333333333328	-0.09786666666666655	-0.026966666666667027	-0.06629999999999958
C07	0.001799999999999996	-0.0032999999999999974	0.0017666666666666664	-0.0018666666666666554	0.00020000000000000573	0.002899999999999986	0.0008000000000000229	9.999999999998899e-05	-0.0005333333333333301	-0.007133333333333325	0.0008333333333332971	0.007866666666666688	0.014900000000000024	0.012800000000000034	0.01796666666666663	0.054366666666666674	0.23233333333333328	0.2103666666666668	0.49736666666666673	0.46996666666666653	0.3511333333333334	0.2676333333333333	-0.007133333333333325	0.021166666666666667	-0.014466666666666628	-0.014000000000000012	-0.011666666666666603	-0.007533333333333281	-0.01743333333333341	-0.028800000000000048	-0.012399999999999967	0.004766666666666586	-0.008399999999999963	0.01760000000000006	0.02313333333333345	-0.001100000000000101	0.00773333333333337	0.011766666666666925	0.005666666666666709	0.007933333333333348	0.009666666666666712	-0.011233333333333206	0.00633333333333308	0.0014999999999998348	-0.005133333333333212	0.0220666666666669	0.025900000000000034	-0.010733333333333261	-0.01990000000000003	-0.004133333333333322	0.020633333333333503	0.0076666666666667105	-0.06576666666666675	-0.026033333333333353	0.03613333333333335	0.044500000000000206	-0.05393333333333317	-0.07350000000000012	-0.13033333333333275	-0.07216666666666649	-0.08306666666666684	-0.06689999999999952
C08	-0.0126	-0.007500000000000007	0.009366666666666662	0.007033333333333336	0.0030000000000000027	0.0068000000000000005	0.009000000000000008	0.015499999999999986	0.015366666666666695	0.013066666666666671	0.026833333333333265	0.025466666666666693	0.02030000000000004	0.03140000000000004	0.03576666666666667	0.10856666666666659	0.19313333333333327	0.11966666666666681	0.12606666666666677	0.02636666666666654	-0.029866666666666597	-0.14836666666666665	0.029066666666666685	0.03416666666666668	0.020533333333333403	-0.005599999999999938	0.01993333333333336	0.02976666666666672	-0.0009333333333334526	-0.0014000000000000679	0.008199999999999985	-0.004033333333333333	-0.023399999999999976	-0.013599999999999834	-0.012666666666666382	-0.013800000000000034	0.006333333333333524	-0.03153333333333319	-0.03633333333333333	-0.004066666666666663	0.004766666666666808	0.0070666666666667766	-0.029666666666666952	-0.03420000000000023	-0.029933333333333145	-0.01283333333333303	0.0015000000000000568	-0.02623333333333333	-0.025100000000000122	-0.05233333333333312	0.0448333333333335	-0.012733333333333263	-0.07556666666666656	-0.0437333333333334	-0.0008666666666665712	0.03610000000000024	-0.07843333333333335	-0.058399999999999785	-0.11003333333333298	-0.07756666666666634	-0.10736666666666705	-0.11779999999999946
C09	-0.0032000000000000084	0.009199999999999986	0.01476666666666665	0.012733333333333346	0.017100000000000004	0.01469999999999999	0.018100000000000033	0.028099999999999986	0.012366666666666692	0.014866666666666695	0.03193333333333326	0.0203666666666667	0.01770000000000005	0.01940000000000003	0.023366666666666647	-0.06593333333333334	-0.14716666666666678	-0.4457333333333333	-0.4116333333333332	-0.28743333333333343	-0.1963666666666667	-0.27226666666666666	0.016866666666666585	-0.00983333333333325	0.02733333333333343	0.019399999999999973	0.029033333333333355	0.03626666666666678	0.052066666666666594	0.0262	0.01990000000000003	0.019266666666666654	-0.001000000000000112	0.004000000000000226	-0.011166666666666547	-0.0020000000000000018	0.0029333333333334544	-0.008533333333333282	0.03716666666666679	-0.021666666666666723	0.014566666666666839	0.04436666666666689	0.015933333333333133	-0.0049000000000001265	-0.007433333333333181	0.02416666666666689	0.035700000000000065	-0.023433333333333417	-0.032299999999999995	-0.003833333333333133	0.08243333333333336	0.017166666666666774	-0.05576666666666652	-0.004133333333333322	0.014833333333333254	0.07600000000000007	-0.07723333333333349	-0.05889999999999995	-0.06303333333333283	-0.04056666666666642	-0.10446666666666671	-0.06109999999999971
C10	0.05106666666666666	0.008033333333333309	0.004699999999999982	0.009733333333333344	0.023766666666666658	0.04249999999999998	0.024933333333333335	0.04980000000000001	0.04833333333333334	0.07106666666666664	0.10163333333333333	0.12493333333333334	0.14989999999999998	0.16483333333333333	0.17419999999999997	0.18936666666666666	0.19630000000000003	0.21316666666666664	0.21676666666666664	0.24036666666666665	0.2712	0.2736666666666666	0.30389999999999995	0.3515666666666667	0.3993	0.4047666666666667	0.4676	0.4854666666666667	0.5298999999999999	0.6061	0.6536333333333334	0.7271666666666666	0.7784666666666666	0.8334666666666667	0.9198666666666667	0.9708666666666668	1.0280999999999998	1.0984666666666667	1.1678333333333333	1.2247666666666668	1.3111333333333333	1.3391	1.4412666666666667	1.4757333333333333	1.5004666666666666	1.5958999999999999	1.6761	1.6560333333333335	1.6528333333333332	1.7722333333333333	1.8374666666666666	1.8492333333333333	1.8642333333333334	1.9017666666666666	1.9978666666666667	2.0797666666666665	2.0282333333333336	2.0238666666666667	2.0790333333333333	1.9680666666666666	2.0484666666666667	2.102866666666667
C11	0.05386666666666666	0.03003333333333333	0.04719999999999999	0.04663333333333336	0.05256666666666668	0.060200000000000004	0.04633333333333334	0.06140000000000001	0.0557333333333333	0.07766666666666663	0.09113333333333332	0.12743333333333334	0.1422	0.1670333333333333	0.1714	0.1702666666666667	0.1724	0.19676666666666667	0.23236666666666664	0.26226666666666665	0.2778999999999999	0.2781666666666667	0.2912	0.3043666666666667	0.34220000000000006	0.34876666666666667	0.39990000000000003	0.42656666666666676	0.43189999999999995	0.4869	0.5330333333333334	0.5959666666666666	0.6667666666666666	0.7007666666666666	0.7736666666666667	0.7909666666666667	0.8501	0.9207666666666667	0.9932333333333334	1.0506666666666666	1.1015333333333333	1.1492	1.2246666666666668	1.2830333333333335	1.2920666666666667	1.4113000000000002	1.4526999999999999	1.4809333333333334	1.4981333333333335	1.5597333333333332	1.6240666666666668	1.6458333333333335	1.6743333333333335	1.7562666666666666	1.7827666666666666	1.8439666666666668	1.8507333333333333	1.9014666666666664	1.8561333333333336	1.8885666666666667	1.8736666666666668	1.9289666666666665
C12	-0.019433333333333344	-0.02566666666666667	-0.012800000000000006	-0.02096666666666666	-0.03363333333333335	-0.031100000000000017	-0.026466666666666666	-0.04100000000000001	-0.019266666666666682	-0.018533333333333346	-0.026466666666666666	-0.040866666666666634	-0.015199999999999991	-0.03086666666666668	-0.024200000000000027	-0.011333333333333334	-0.016199999999999992	-0.02673333333333333	-0.02103333333333335	-0.028033333333333355	-0.015000000000000013	-0.03323333333333334	-0.030700000000000005	-0.03833333333333333	-0.0242	-0.030133333333333318	-0.0011999999999999789	-0.01633333333333331	-0.008000000000000007	-0.014000000000000012	-0.011766666666666648	0.002366666666666656	-0.0030333333333333323	-0.010233333333333344	-0.026433333333333336	-0.016733333333333322	-0.025999999999999995	-0.02263333333333334	0.008933333333333349	-0.01423333333333332	-0.023866666666666675	-0.02460000000000004	-0.030633333333333318	-0.01576666666666668	-0.006533333333333308	-0.021399999999999975	0.008000000000000007	0.0020333333333333037	0.016033333333333344	0.0028333333333333266	0.001966666666666672	-0.0024666666666666726	0.01043333333333335	-0.00303333333333336	0.021266666666666656	0.010666666666666658	0.010333333333333333	0.011766666666666703	0.010633333333333328	-0.0012333333333333363	0.009766666666666646	-0.0003333333333333244
D01	-0.005333333333333329	0.008733333333333315	0.0011333333333333473	-0.015333333333333338	0.0029333333333333156	0.011399999999999993	0.011499999999999982	0.018733333333333324	0.01516666666666669	0.01633333333333334	0.01793333333333333	0.021166666666666667	0.015066666666666673	0.010166666666666657	0.027466666666666667	0.00520000000000001	0.00949999999999998	0.008933333333333349	0.014900000000000024	0.02259999999999998	0.009733333333333344	0.006966666666666649	-0.001966666666666672	0.004799999999999999	0.026599999999999957	0.009000000000000008	0.003400000000000014	-0.0009666666666666712	0.00576666666666667	0.01990000000000003	0.0020333333333333314	-0.003933333333333344	-0.005833333333333329	0.002766666666666695	0.002700000000000008	0.004933333333333317	0.006766666666666671	0.0068999999999999895	0.008933333333333349	0.010833333333333334	0.011200000000000015	0.0063	0.012933333333333297	0.021366666666666673	0.023633333333333367	0.012433333333333352	0.005366666666666686	0.004400000000000015	0.0012333333333333363	0.004299999999999998	0.007966666666666677	0.006533333333333308	0.008200000000000013	0.009166666666666684	0.010399999999999993	0.012866666666666665	0.014433333333333354	0.01316666666666666	0.01316666666666666	0.009366666666666662	0.007966666666666677	0.005699999999999983
D02	0.05946666666666668	0.029833333333333323	0.01723333333333335	0.029266666666666663	0.02313333333333331	0.023599999999999982	0.021699999999999997	0.03903333333333331	0.044766666666666705	0.05343333333333336	0.08733333333333332	0.10516666666666669	0.12536666666666665	0.13456666666666664	0.15776666666666664	0.16290000000000002	0.18119999999999997	0.21993333333333334	0.2441	0.253	0.3056333333333334	0.32476666666666665	0.3570333333333333	0.40659999999999996	0.4596999999999999	0.4658	0.5352	0.5950333333333333	0.6220666666666667	0.7189	0.7686333333333333	0.8223666666666667	0.8774666666666666	0.9809666666666668	1.0726	1.1027333333333333	1.1785666666666665	1.2466	1.3018333333333334	1.3556333333333335	1.4583	1.4579	1.5873333333333335	1.6224666666666667	1.6811333333333334	1.7056333333333333	1.7995666666666668	1.8561999999999999	1.8283333333333336	1.9345	1.901066666666667	2.0243333333333333	2.1401000000000003	2.069366666666667	2.0646999999999998	2.1862666666666666	2.218633333333333	2.2481666666666666	2.338966666666667	2.1621666666666663	2.3099666666666665	2.2683999999999997
D03	0.06656666666666668	0.027233333333333304	0.03653333333333336	0.04206666666666667	0.041233333333333316	0.04819999999999999	0.05199999999999999	0.0671333333333333	0.07496666666666671	0.09073333333333336	0.13853333333333334	0.15186666666666665	0.22166666666666665	0.2769666666666667	0.2757666666666667	0.23329999999999998	0.23709999999999998	0.3178333333333333	0.26360000000000006	0.28779999999999994	0.3370333333333334	0.35896666666666666	0.4036333333333333	0.4476	0.4857999999999999	0.5112	0.5973	0.6463333333333333	0.6980666666666666	0.7843	0.8367333333333333	0.9283666666666666	0.9751666666666667	1.0524666666666667	1.1318	1.2130333333333332	1.2671666666666666	1.3386	1.3881333333333334	1.4753333333333334	1.5326	1.5506	1.6640333333333335	1.6964666666666666	1.7793333333333332	1.8130333333333333	1.8656666666666668	1.9228	1.8910333333333336	2.0370999999999997	1.9641666666666668	2.1245333333333334	2.2067	2.143066666666667	2.1906	2.2579666666666665	2.3738333333333332	2.3771666666666667	2.474466666666667	2.2539666666666665	2.3228666666666666	2.4552
D04	0.03133333333333334	0.026499999999999996	0.024900000000000033	0.03166666666666665	0.02776666666666666	0.03423333333333334	0.031233333333333335	0.04580000000000001	0.04729999999999998	0.060733333333333334	0.0998	0.11719999999999997	0.17246666666666666	0.19653333333333328	0.2944333333333333	0.20080000000000003	0.15089999999999998	0.07639999999999991	0.0887	0.12446666666666661	0.14493333333333341	0.19456666666666672	0.2463333333333333	0.28563333333333335	0.31233333333333335	0.32616666666666666	0.39873333333333333	0.4367	0.4547333333333334	0.47536666666666666	0.5272666666666667	0.5992666666666668	0.6121333333333334	0.6815333333333333	0.7236999999999999	0.7556333333333333	0.8258666666666666	0.8615	0.8876333333333334	0.9507666666666666	1.0077333333333334	1.0226333333333333	1.0828333333333333	1.0984000000000003	1.1127333333333334	1.1934	1.1998333333333333	1.2722333333333333	1.2361	1.3212000000000002	1.2746	1.3989333333333334	1.4389333333333334	1.4146	1.4203333333333337	1.4127999999999998	1.5573666666666663	1.5449333333333333	1.5753333333333335	1.522066666666667	1.5476	1.6179000000000001
D05	-0.02253333333333335	0.012900000000000023	0.0031666666666666787	0.004066666666666663	0.010733333333333317	0.004066666666666663	0.006666666666666682	0.005466666666666675	0.002366666666666628	0.005766666666666642	0.018133333333333335	0.015266666666666595	0.030966666666666642	0.03496666666666659	0.06806666666666666	-0.03316666666666673	-0.24863333333333337	-0.48786666666666667	-0.6296666666666668	-0.4998666666666667	-0.38293333333333335	-0.2395333333333335	0.024533333333333407	-0.039833333333333276	0.04243333333333332	0.02540000000000009	0.053333333333333344	0.10676666666666679	0.055333333333333234	0.05689999999999995	0.0460666666666667	0.020100000000000007	0.029333333333333433	-0.000300000000000189	0.034633333333333294	0.04936666666666656	0.057566666666666766	0.04743333333333344	0.051266666666666794	0.06556666666666677	0.03476666666666661	0.04940000000000033	0.0556333333333332	0.040266666666666895	0.03256666666666663	0.05063333333333353	0.012033333333333118	0.06423333333333336	0.046733333333333515	0.08356666666666701	0.013533333333333175	0.10806666666666676	0.08613333333333317	0.11393333333333322	0.02389999999999981	0.014800000000000146	0.08353333333333346	0.14623333333333344	0.1380333333333339	0.1195999999999997	0.14579999999999993	0.13183333333333325
D06	-0.007933333333333348	-0.0023999999999999855	0.018966666666666687	0.013966666666666655	0.018733333333333296	0.01876666666666668	0.02146666666666669	0.021266666666666684	0.02836666666666665	0.035466666666666646	0.03803333333333336	0.036166666666666625	0.0424666666666666	0.04486666666666661	0.03666666666666668	0.00543333333333329	-0.22853333333333337	-0.29166666666666674	-0.5749666666666668	-0.47396666666666665	-0.3864333333333334	-0.24263333333333348	0.01003333333333345	-0.031133333333333346	0.007733333333333259	-0.00979999999999992	0.017033333333333345	0.030566666666666853	0.018233333333333213	-0.000500000000000056	0.03426666666666678	0.010199999999999987	0.004533333333333278	0.0129999999999999	0.01103333333333345	-0.0014333333333333975	0.014166666666666883	-6.666666666665932e-05	0.011466666666666736	0.018366666666666642	0.017966666666666686	0.0396000000000003	0.02983333333333338	0.003866666666666907	0.021666666666666723	0.012833333333333474	-0.0018666666666669052	0.023733333333333162	0.0184333333333333	0.044566666666666865	0.01213333333333333	0.0014666666666669492	0.0646333333333331	0.10783333333333323	0.05500000000000016	-0.019400000000000084	0.09173333333333344	0.15373333333333328	0.14343333333333375	0.1036999999999999	0.0495000000000001	0.07453333333333312
D07	-0.003133333333333349	0.005900000000000016	-0.0040333333333333055	0.0052666666666666695	0.002433333333333315	0.00026666666666666505	-0.0021333333333333204	0.0031666666666666787	0.005066666666666664	0.006366666666666687	0.004833333333333356	-0.004733333333333367	0.003166666666666651	-0.014233333333333376	-0.03283333333333327	-0.11066666666666675	-0.23543333333333338	-0.20306666666666673	-0.34116666666666684	-0.29456666666666664	-0.19413333333333338	-0.10563333333333347	0.004333333333333411	-0.041133333333333355	0.010133333333333328	0.012900000000000023	0.03623333333333334	0.024866666666666815	0.027633333333333288	0.050899999999999945	0.038866666666666716	0.02080000000000004	0.042333333333333334	0.009099999999999886	0.009733333333333372	0.03426666666666667	0.013666666666666938	0.024333333333333318	0.028866666666666818	0.012666666666666604	0.00996666666666668	0.02660000000000018	0.026933333333333254	0.03856666666666686	0.0350666666666668	0.02223333333333355	0.019333333333333202	0.01873333333333327	0.03943333333333343	0.02336666666666698	-0.006166666666666654	0.022566666666666624	0.09033333333333315	0.06493333333333329	0.041999999999999815	0.008100000000000218	0.07593333333333341	0.1314333333333333	0.14753333333333352	0.07259999999999955	0.08479999999999999	0.0769333333333333
D08	0.0037666666666666404	0.002600000000000019	0.018366666666666698	0.00846666666666665	0.013133333333333302	0.011366666666666664	0.023666666666666697	0.024666666666666698	0.02686666666666665	0.031766666666666665	0.04253333333333337	0.04216666666666663	0.05276666666666663	0.05686666666666662	0.10466666666666674	0.018333333333333313	-0.24603333333333344	-0.36226666666666674	-0.6265666666666668	-0.4936666666666667	-0.3732333333333333	-0.24303333333333343	0.00773333333333337	-0.03293333333333337	0.041033333333333255	0.009400000000000075	0.05613333333333337	0.05176666666666685	0.04193333333333327	0.05279999999999996	0.04836666666666678	0.03850000000000009	0.030033333333333356	0.03829999999999978	0.016133333333333333	0.03266666666666662	0.06386666666666674	0.031033333333333468	0.01536666666666675	0.04926666666666679	0.023366666666666758	0.07360000000000033	0.0296333333333334	0.025966666666666915	0.053366666666666784	0.035733333333333395	0.03703333333333325	0.05023333333333313	0.050033333333333374	0.08646666666666691	0.00533333333333319	0.032866666666667044	0.1109333333333331	0.14223333333333343	0.05030000000000001	0.02090000000000014	0.07673333333333332	0.1080333333333332	0.1377333333333337	0.1253999999999995	0.1301000000000001	0.10793333333333299
D09	0.0072666666666666435	-0.0005999999999999894	0.014466666666666683	0.004066666666666663	0.016033333333333316	0.011066666666666669	0.019666666666666693	0.023966666666666664	0.03066666666666662	0.021366666666666645	0.03733333333333333	0.02996666666666664	-0.004533333333333389	0.006366666666666632	0.0218666666666667	-0.09436666666666671	-0.3439333333333334	-0.7028666666666666	-0.6913666666666668	-0.5276666666666667	-0.3988333333333334	-0.3664333333333334	-0.0069666666666665655	-0.038933333333333375	0.06333333333333324	0.017800000000000038	0.05683333333333329	0.0653666666666668	0.03923333333333323	0.023699999999999943	0.022466666666666746	-0.0010999999999999899	0.011533333333333395	-0.009100000000000108	-0.02416666666666667	-0.010233333333333317	-0.024133333333333118	-0.04056666666666664	-0.003933333333333344	-0.03263333333333329	-0.011033333333333228	-0.009599999999999831	-0.017866666666666697	-0.013733333333333153	-0.0019333333333333425	-0.018766666666666598	-0.019766666666666932	-0.0012666666666667492	-0.010066666666666668	-0.03863333333333285	-0.04066666666666663	-0.05823333333333336	0.05463333333333287	0.11103333333333332	0.04760000000000009	0.000300000000000189	-0.011766666666666481	0.04863333333333353	0.020733333333333714	0.040699999999999736	0.0040000000000000036	-0.01966666666666672
D10	0.050400000000000014	0.030100000000000016	0.03556666666666669	0.030133333333333345	0.042366666666666664	0.06353333333333336	0.055466666666666664	0.08310000000000003	0.0922	0.09490000000000001	0.13823333333333335	0.18103333333333332	0.16366666666666665	0.19883333333333333	0.21576666666666666	0.1979	0.21076666666666666	0.25153333333333333	0.27786666666666665	0.2883	0.32033333333333336	0.3420333333333334	0.3681333333333333	0.3983333333333333	0.4295	0.46673333333333333	0.5010666666666667	0.5491666666666666	0.5792666666666666	0.6618333333333333	0.7383333333333333	0.8121333333333334	0.8559333333333333	0.9090333333333332	0.9599333333333334	1.0197	1.1135333333333333	1.204	1.2647333333333333	1.3254333333333335	1.3766	1.4366333333333334	1.4954333333333334	1.5491666666666666	1.6097000000000001	1.6645666666666665	1.7166666666666666	1.7987666666666666	1.7636666666666667	1.8356000000000001	1.8910000000000002	1.9062333333333332	2.0268	2.0357333333333334	2.074266666666667	2.0686666666666667	2.157	2.203733333333333	2.235666666666667	2.103	2.104233333333333	2.2983
D11	0.0836	0.019000000000000017	0.0286666666666667	0.03003333333333333	0.03396666666666667	0.04453333333333334	0.05726666666666663	0.0627	0.0514	0.054999999999999966	0.08813333333333331	0.09793333333333332	0.1041666666666666	0.1205333333333333	0.15026666666666666	0.15170000000000003	0.17286666666666667	0.20253333333333334	0.21486666666666665	0.22740000000000002	0.25503333333333333	0.27693333333333336	0.3116333333333333	0.3279333333333333	0.3601	0.3664333333333334	0.39736666666666665	0.4301666666666666	0.4555666666666667	0.5026333333333333	0.5677333333333333	0.6205333333333333	0.6962333333333334	0.7411333333333333	0.8201333333333333	0.8346999999999999	0.9150333333333335	0.9843999999999999	1.0512333333333332	1.1062333333333334	1.1443	1.1993333333333334	1.2814333333333334	1.3307666666666667	1.3556000000000001	1.4337666666666666	1.4905666666666666	1.5228666666666666	1.5490666666666666	1.6003	1.6666	1.7179333333333333	1.716	1.8032333333333332	1.8078666666666665	1.8631666666666666	1.9068	1.923833333333333	1.9613666666666667	1.9304999999999999	1.8941333333333334	2.0383
D12	0.01390000000000001	0.0388	0.034866666666666685	0.03553333333333333	0.03616666666666668	0.03713333333333335	0.028266666666666662	0.041700000000000015	0.029299999999999993	0.037000000000000005	0.03693333333333332	0.03783333333333333	0.03066666666666662	0.033333333333333326	0.033866666666666656	0.01930000000000001	0.02046666666666669	0.026133333333333342	0.025466666666666665	0.0184	0.01373333333333332	0.018733333333333352	0.02453333333333335	0.02893333333333334	0.02310000000000001	0.03313333333333335	0.007466666666666649	0.02686666666666665	0.021766666666666656	0.020133333333333336	0.005433333333333318	0.011433333333333351	0.008133333333333354	0.011133333333333328	0.019733333333333353	0.009799999999999975	0.04023333333333334	0.02150000000000002	0.012533333333333313	0.027133333333333343	0.03419999999999998	0.03793333333333332	0.038233333333333314	0.03206666666666669	0.02009999999999998	0.019266666666666682	0.0008666666666666545	0.003966666666666674	-0.0008333333333333526	0.005300000000000027	0.006299999999999972	0.010533333333333339	0.0009000000000000119	0.010533333333333311	-3.333333333332966e-05	0.0052666666666666695	-0.0010000000000000009	0.0024333333333333707	0.00466666666666668	0.010899999999999993	0.0003333333333332966	0.003500000000000003
E01	0.010866666666666663	0.0028000000000000247	0.005966666666666676	0.008933333333333321	-0.0067000000000000115	-0.008300000000000002	-0.00326666666666664	-0.010166666666666685	-0.0066000000000000225	-0.009866666666666662	-0.009500000000000036	-0.006933333333333347	-0.004466666666666674	-0.007466666666666677	-0.01686666666666664	-0.006633333333333324	-0.002066666666666661	-0.00953333333333331	0.00020000000000000573	-0.008200000000000013	-0.008066666666666639	-0.006066666666666665	-0.005466666666666675	-0.0007000000000000062	-0.017233333333333323	-0.01150000000000001	-0.007566666666666666	-0.0028666666666666563	-0.007633333333333353	-0.022433333333333333	-0.010833333333333334	-0.005666666666666681	-0.004066666666666635	-0.0058	-0.005566666666666664	-0.007866666666666688	-0.008766666666666645	-0.0067000000000000115	-0.007700000000000012	-0.009666666666666657	-0.010099999999999998	-0.00833333333333336	-0.0096333333333333	-0.01663333333333336	-0.018500000000000016	-0.0131	-0.010066666666666668	-0.007199999999999984	0.0003666666666666818	-0.005666666666666681	-0.008700000000000041	-0.005333333333333329	-0.00786666666666666	-0.012333333333333335	-0.011699999999999988	-0.014400000000000024	-0.015366666666666667	-0.014133333333333331	-0.016866666666666696	-0.014600000000000002	-0.013899999999999996	-0.013766666666666677
E02	0.043066666666666656	0.02260000000000001	0.026466666666666666	0.032333333333333325	0.03989999999999999	0.0421	0.05103333333333335	0.06263333333333335	0.0817	0.08393333333333333	0.10819999999999994	0.12056666666666666	0.12613333333333335	0.1356333333333333	0.15803333333333333	0.17106666666666667	0.19723333333333337	0.21956666666666666	0.22390000000000002	0.246	0.2924333333333333	0.3017333333333333	0.3492333333333333	0.3817999999999999	0.4251666666666667	0.4437	0.5243333333333333	0.5465333333333333	0.6026666666666667	0.6423666666666666	0.6974666666666667	0.7907333333333333	0.8113333333333334	0.9032000000000001	0.9866333333333335	1.0432333333333335	1.0698333333333332	1.1624999999999999	1.204	1.3000333333333334	1.3757000000000001	1.3834666666666666	1.4848666666666666	1.5516666666666667	1.5859	1.6599000000000002	1.6863333333333332	1.7898	1.7284666666666668	1.8833333333333335	1.8969999999999998	1.9899666666666667	2.003233333333333	1.9803666666666666	2.0034	2.1452	2.0868333333333333	2.117566666666667	2.224133333333333	2.0664	2.1914	2.1988333333333334
E03	0.04596666666666667	0.014300000000000007	0.006566666666666665	0.016133333333333333	0.016699999999999993	0.02149999999999999	0.02363333333333334	0.037633333333333324	0.050299999999999956	0.06833333333333333	0.12189999999999998	0.14096666666666668	0.21283333333333335	0.2414333333333333	0.3198333333333334	0.25126666666666664	0.23383333333333334	0.2978666666666667	0.26880000000000004	0.2612	0.30533333333333335	0.3320333333333333	0.36293333333333333	0.4003	0.4449666666666666	0.47750000000000004	0.5606333333333333	0.6060333333333333	0.6762666666666667	0.7089666666666666	0.8102666666666667	0.8905333333333334	0.9493333333333334	1.0194999999999999	1.1053333333333333	1.1790333333333334	1.2224333333333333	1.3162	1.3964999999999999	1.4413333333333334	1.516	1.5434666666666668	1.6442666666666665	1.6968666666666667	1.7373	1.8049000000000002	1.822733333333333	1.8922	1.8774666666666664	1.9942333333333335	2.0532	2.105166666666667	2.135733333333333	2.0863666666666667	2.2147	2.2874	2.319033333333333	2.1921666666666666	2.356333333333333	2.1397	2.3024	2.4877333333333334
E04	0.019666666666666652	0.014266666666666677	0.0275333333333333	0.03183333333333335	0.02096666666666666	0.017666666666666664	0.022266666666666657	0.030700000000000005	0.03650000000000003	0.04920000000000002	0.08763333333333331	0.11309999999999998	0.19366666666666663	0.26306666666666667	0.24893333333333334	0.3117	0.34970000000000007	0.06226666666666658	0.06933333333333336	0.12186666666666662	0.18330000000000002	0.25560000000000005	0.25266666666666665	0.3107	0.2991	0.3087666666666667	0.3534	0.4020000000000001	0.4316333333333333	0.4426666666666666	0.5108666666666666	0.5561666666666667	0.6299999999999999	0.6248	0.6933666666666668	0.7681333333333334	0.8114666666666668	0.8536666666666667	0.9178666666666665	0.9485333333333333	0.9744333333333334	1.0198999999999998	1.0532666666666666	1.0978999999999999	1.1146666666666665	1.1772666666666667	1.1942333333333335	1.2283666666666666	1.2186666666666666	1.2931666666666666	1.3147000000000002	1.3703999999999996	1.3493999999999997	1.3939	1.4624000000000001	1.4904000000000002	1.4855	1.4710333333333336	1.5295333333333332	1.4000333333333335	1.5577333333333332	1.6855666666666669
E05	0.015266666666666678	0.004633333333333323	0.0015000000000000013	0.005299999999999971	0.015266666666666678	0.016300000000000037	0.009933333333333322	0.020366666666666672	0.026133333333333342	0.02416666666666667	0.03700000000000003	0.053666666666666696	0.06876666666666664	0.08993333333333331	0.04843333333333333	0.12336666666666674	0.1881666666666666	-0.11433333333333318	-0.1397666666666667	-0.16283333333333327	-0.1467666666666667	-0.1030333333333332	0.013800000000000034	-0.0009000000000000119	0.01093333333333335	0.012433333333333296	0.041266666666666674	0.04500000000000015	0.030033333333333356	0.0003999999999998449	0.04123333333333323	0.03363333333333329	0.04856666666666665	0.04133333333333322	0.04273333333333329	0.03249999999999997	0.03269999999999995	0.029200000000000115	0.05496666666666683	0.044633333333333525	0.025299999999999878	0.06303333333333327	0.036966666666666814	0.02286666666666659	0.0325333333333333	0.03579999999999983	0.04106666666666681	0.036633333333333296	0.02629999999999999	0.05689999999999973	0.04163333333333341	0.0730333333333335	-0.06883333333333352	-0.005466666666666953	0.028499999999999748	0.05349999999999966	0.021366666666666756	-0.07719999999999994	0.029100000000000126	-0.06876666666666686	-0.007000000000000117	0.08150000000000013
E06	0.001966666666666672	-0.0014666666666666717	0.004500000000000004	0.010899999999999965	0.017766666666666653	0.007800000000000029	-0.0014666666666666717	0.004666666666666652	-0.0054666666666666475	-0.01423333333333332	-0.012799999999999978	0.0025666666666666615	0.005966666666666676	0.002933333333333288	0.003233333333333366	0.12016666666666675	0.3693666666666665	0.26826666666666665	0.3882333333333333	0.2587666666666667	0.1727333333333333	-0.07663333333333322	0.01319999999999999	0.019100000000000006	0.022333333333333316	0.04153333333333331	0.023766666666666714	0.04510000000000014	0.04713333333333325	0.010099999999999887	0.033333333333333215	0.02073333333333338	0.053066666666666595	0.05003333333333315	0.05233333333333312	0.05459999999999998	0.060699999999999976	0.05270000000000019	0.05026666666666668	0.05133333333333345	0.057499999999999885	0.05433333333333312	0.05396666666666672	0.02936666666666654	0.036733333333333285	0.0501999999999998	0.038866666666666605	0.06743333333333346	0.05719999999999992	0.03949999999999987	0.06783333333333319	0.02753333333333341	0.027266666666666328	-0.010266666666666868	0.04709999999999992	0.0371999999999999	0.11046666666666649	-0.08400000000000007	-0.013299999999999645	-0.03136666666666699	0.006199999999999761	-0.03169999999999984
E07	0.00466666666666668	-0.00466666666666668	0.0012000000000000066	-0.006800000000000028	-0.0056333333333333235	-0.0069999999999999785	-0.004866666666666658	-0.007733333333333342	-0.012766666666666648	-0.015533333333333343	-0.018699999999999994	-0.008833333333333304	-0.03483333333333333	-0.016566666666666674	0.029133333333333344	0.0843666666666667	0.16406666666666658	0.13626666666666676	0.17613333333333336	0.1207666666666668	0.06253333333333333	-0.050933333333333275	0.0041999999999999815	0.03260000000000007	-0.013366666666666638	0.0029333333333333433	-0.02423333333333333	-0.016599999999999837	-0.0073666666666667435	-0.01330000000000009	-0.015566666666666729	-0.009166666666666656	-0.017133333333333223	-0.003066666666666773	0.005633333333333157	-0.01980000000000004	-0.0029000000000001247	-0.0028999999999999027	-0.008033333333333115	-0.00876666666666659	-0.0013000000000000789	-0.003166666666666762	-0.0006333333333332636	-0.008133333333333548	-0.010366666666666635	-0.021700000000000275	-0.0004333333333332856	0.016233333333333322	-0.01980000000000004	0.0002999999999997449	0.009133333333333216	-0.021566666666666734	-0.029433333333333422	-0.04926666666666657	-0.04390000000000027	0.023499999999999854	-0.03313333333333324	-0.11739999999999995	-0.09949999999999992	-0.08006666666666673	-0.025500000000000078	-0.04239999999999977
E08	0.017166666666666663	-0.0024666666666666726	0.0006000000000000172	0.006899999999999962	0.011366666666666664	0.014800000000000035	0.015933333333333327	0.015566666666666645	0.027733333333333332	0.03206666666666669	0.052800000000000014	0.06056666666666666	0.09816666666666668	0.1207333333333333	0.04813333333333336	0.16466666666666674	0.08006666666666662	-0.01873333333333327	-0.1518666666666667	-0.13613333333333322	-0.14126666666666676	-0.07303333333333328	-0.007600000000000051	-0.0047999999999999154	0.021233333333333326	0.020333333333333314	0.023666666666666725	0.03380000000000016	0.016633333333333278	0.015499999999999847	0.03423333333333323	0.054233333333333245	0.024766666666666604	0.04943333333333322	0.010733333333333261	0.03959999999999986	0.03689999999999993	0.02750000000000008	0.036966666666666814	0.046733333333333515	0.022499999999999964	0.048433333333333106	0.03846666666666665	0.009166666666666545	0.01853333333333329	0.024499999999999744	0.023466666666666747	0.022433333333333305	0.026499999999999968	0.040200000000000014	0.033433333333333426	0.01863333333333328	-0.004333333333333744	0.07243333333333313	-0.032200000000000006	0.03329999999999966	-0.005633333333333379	0.026699999999999946	0.039000000000000146	-0.046866666666666834	0.08509999999999973	-0.030899999999999483
E09	-0.009733333333333316	-0.0004666666666666708	-0.006399999999999989	0.0008999999999999841	-0.003933333333333344	0.001500000000000029	0.011633333333333329	0.008766666666666673	0.0005333333333333301	-0.014033333333333342	-0.01689999999999997	-0.013833333333333309	-0.05513333333333337	-0.08756666666666668	-0.10386666666666666	-0.08023333333333332	-0.011233333333333428	-0.12773333333333325	0.6068333333333332	0.8061666666666668	0.7687333333333334	0.7885666666666669	0.03720000000000001	-0.04789999999999994	-0.037766666666666726	-0.04166666666666663	-0.009233333333333316	-0.0015999999999998238	-0.010466666666666735	-0.023400000000000087	-0.026166666666666782	-0.05366666666666664	-0.03193333333333326	-0.032666666666666844	-0.03926666666666678	-0.017200000000000104	-0.040100000000000025	-0.033399999999999874	-0.03173333333333317	-0.01086666666666658	-0.04600000000000004	-0.0073666666666667435	-0.009433333333333183	-0.04743333333333344	-0.02516666666666656	-0.008500000000000174	-0.024733333333333274	-0.020266666666666655	-0.04420000000000002	-0.011900000000000244	0.004033333333333555	-0.033266666666666556	-0.03843333333333376	0.02203333333333335	-0.047800000000000065	-0.024700000000000166	-0.010033333333333339	-0.01440000000000019	-0.03509999999999991	-0.09776666666666678	-0.01650000000000018	-0.10429999999999984
E10	0.065	0.02313333333333331	0.011766666666666675	0.012233333333333346	0.021800000000000014	0.02313333333333334	0.037099999999999994	0.04613333333333333	0.054800000000000015	0.07343333333333332	0.09503333333333333	0.1549666666666666	0.17470000000000002	0.2673333333333333	0.2916666666666667	0.22193333333333332	0.21906666666666666	0.23103333333333334	0.24846666666666664	0.29233333333333333	0.2945333333333333	0.3121333333333334	0.33109999999999995	0.34120000000000006	0.40726666666666667	0.4181	0.4860333333333333	0.5439333333333334	0.5530333333333334	0.6440333333333333	0.6742	0.7550666666666667	0.7854	0.8534333333333334	0.9232333333333332	0.9715666666666666	1.0365333333333333	1.1181	1.2184000000000001	1.2654666666666667	1.3048	1.3809	1.4617333333333333	1.5088333333333335	1.5645333333333333	1.6269	1.6767	1.6924000000000001	1.7348000000000001	1.7898666666666665	1.8786666666666667	1.8828000000000003	2.005533333333333	2.0343999999999998	1.9894333333333334	2.0736333333333334	2.1134333333333335	2.1356666666666664	2.1988333333333334	1.9864000000000002	2.1610666666666667	2.2035666666666667
E11	0.06289999999999998	0.056933333333333336	0.07246666666666668	0.02263333333333334	0.039600000000000024	0.05353333333333335	0.06260000000000002	0.050233333333333324	0.07799999999999999	0.06853333333333331	0.11123333333333332	0.12806666666666663	0.13830000000000003	0.1529333333333333	0.15626666666666666	0.16173333333333334	0.17316666666666666	0.16103333333333333	0.18786666666666665	0.24463333333333334	0.24643333333333337	0.28193333333333337	0.33030000000000004	0.3547	0.3403666666666667	0.34520000000000006	0.38473333333333337	0.40813333333333335	0.4338333333333334	0.45033333333333336	0.5292	0.5775666666666667	0.6481	0.7170333333333334	0.7373333333333333	0.7994666666666667	0.8299333333333333	0.9172999999999999	0.9768000000000001	1.0347666666666666	1.0693	1.1386	1.2147333333333334	1.2655333333333334	1.3206333333333333	1.3769	1.4822	1.4754	1.514	1.5694666666666666	1.6423666666666668	1.6438000000000001	1.7413333333333334	1.7493	1.7282333333333333	1.8114333333333332	1.8959333333333332	1.8926666666666667	1.9402333333333335	1.85	1.9412666666666667	1.9971666666666665
E12	-0.006000000000000005	-0.02836666666666668	-0.024333333333333318	-0.020366666666666672	-0.020899999999999974	-0.02576666666666666	-0.0189	-0.022766666666666685	-0.0189	-0.021266666666666684	-0.022866666666666674	-0.01773333333333335	-0.02479999999999999	-0.018966666666666687	-0.026633333333333342	-0.018666666666666665	-0.021633333333333338	-0.016466666666666657	-0.01853333333333332	-0.010766666666666674	-0.006266666666666643	-0.00436666666666663	-0.009700000000000014	-0.011300000000000004	-0.008633333333333326	-0.014899999999999997	-0.002066666666666661	-0.018066666666666648	-0.013866666666666638	-0.009866666666666635	-0.007599999999999996	-0.01253333333333334	-0.005999999999999978	-0.011566666666666642	-0.006566666666666693	-0.0030333333333333323	-0.023866666666666675	-0.008900000000000019	-0.018699999999999967	-0.017533333333333345	-0.026400000000000035	-0.026100000000000012	-0.02886666666666665	-0.02786666666666665	-0.019466666666666688	-0.010299999999999976	-0.00410000000000002	-0.004699999999999982	-0.009399999999999992	-0.008833333333333332	-0.009733333333333344	-0.011100000000000027	-0.00986666666666669	-0.010300000000000004	-0.012366666666666665	-0.012866666666666665	-0.010566666666666669	-0.00743333333333332	-0.01156666666666667	-0.0116	-0.00843333333333332	-0.0065333333333333354
F01	-0.010800000000000004	-0.012233333333333318	-0.011133333333333328	-0.0010666666666666602	0.002366666666666656	0.00683333333333333	-0.0021000000000000185	0.0031333333333333213	-0.00040000000000001146	0.0065333333333333354	0.002133333333333348	-0.007433333333333347	-0.0006000000000000172	0.0048000000000000265	0.007533333333333309	-0.002599999999999991	-0.006933333333333347	0.0010333333333333028	-0.008066666666666666	-0.0052666666666666695	-0.001266666666666666	-0.0003333333333333244	0.0007333333333333358	-0.0025000000000000022	6.666666666665932e-05	-0.0008999999999999564	0.0022000000000000075	0.002233333333333337	0.004399999999999987	0.013033333333333341	0.010766666666666674	0.0058	0.008500000000000008	0.004866666666666658	0.003333333333333355	0.003666666666666679	-0.0008666666666666822	-0.005433333333333318	-0.0027666666666666673	0.0011999999999999789	0.004466666666666674	0.005166666666666625	0.0012000000000000066	0.0049000000000000155	0.005633333333333351	0.007766666666666672	0.010599999999999998	0.006766666666666643	-3.333333333332966e-05	0.0058	0.005133333333333351	0.0005333333333333301	0.0035333333333333328	0.008099999999999996	0.006200000000000011	0.008666666666666684	0.012766666666666676	0.008166666666666655	0.012466666666666681	0.013833333333333309	0.013366666666666666	0.016033333333333316
F02	0.0475	0.019166666666666693	0.03826666666666667	0.031133333333333346	0.03576666666666664	0.04923333333333332	0.05509999999999998	0.0691333333333333	0.0796	0.10743333333333335	0.13253333333333336	0.13756666666666664	0.15080000000000002	0.17010000000000003	0.1839333333333333	0.19249999999999998	0.20776666666666666	0.2269333333333333	0.24333333333333332	0.27263333333333334	0.2976333333333333	0.33576666666666677	0.3745333333333333	0.38959999999999995	0.43876666666666664	0.4840000000000001	0.5422	0.5654333333333333	0.6264	0.6946333333333333	0.7469666666666667	0.7947	0.8364	0.9117666666666667	0.9989333333333333	1.0824666666666665	1.1459333333333332	1.1983666666666668	1.2305333333333333	1.3294	1.3917666666666668	1.4479666666666666	1.5382	1.5927	1.6364333333333332	1.7077666666666667	1.7439	1.8231666666666666	1.8168666666666666	1.8948999999999998	1.9667333333333332	2.0120333333333336	2.1238333333333332	1.9952999999999999	2.1018999999999997	2.1481666666666666	2.2419666666666664	2.282366666666667	2.274966666666667	2.118033333333333	2.2501666666666664	2.2871333333333332
F03	0.0553	0.017366666666666697	0.013066666666666671	0.02043333333333333	0.02946666666666664	0.03433333333333333	0.04469999999999999	0.06143333333333331	0.0665	0.07883333333333334	0.12863333333333335	0.15666666666666665	0.19559999999999997	0.24920000000000003	0.33433333333333326	0.2872	0.2685666666666667	0.29903333333333326	0.27503333333333335	0.28983333333333333	0.3280333333333334	0.39646666666666674	0.35683333333333334	0.3961	0.45156666666666667	0.46930000000000005	0.5706	0.6057333333333333	0.6283	0.7265333333333334	0.7747666666666667	0.8507	0.9235	1.0099666666666667	1.0837333333333334	1.1332666666666666	1.2155333333333334	1.2719666666666667	1.3680333333333332	1.3961999999999999	1.4770666666666667	1.5079666666666667	1.5996000000000001	1.6476	1.6882333333333333	1.7390666666666668	1.769	1.8672666666666666	1.8585666666666667	1.943	1.9870333333333334	2.0796333333333337	2.1344333333333334	2.0465999999999998	2.1624	2.2157666666666667	2.2814666666666668	2.321266666666667	2.239466666666667	2.231533333333333	2.3669666666666664	2.3616333333333333
F04	0.03430000000000001	0.004600000000000021	0.0027666666666666673	0.0013000000000000234	0.007566666666666638	0.010199999999999987	0.013266666666666677	0.02423333333333333	0.026100000000000012	0.041299999999999976	0.07260000000000003	0.09120000000000003	0.14843333333333336	0.1942333333333333	0.2599666666666667	0.23103333333333337	0.20810000000000006	0.07890000000000003	0.1047999999999999	0.15333333333333327	0.16526666666666673	0.2022	0.2633666666666667	0.26396666666666674	0.30156666666666665	0.31309999999999993	0.37396666666666667	0.4086666666666666	0.4252000000000001	0.46213333333333345	0.5007	0.5551000000000001	0.6185333333333334	0.6612666666666667	0.7148000000000001	0.7544000000000001	0.7988666666666666	0.8672333333333334	0.9164	0.9334000000000001	0.9934333333333333	1.0086666666666666	1.0579666666666667	1.1133000000000002	1.1201666666666665	1.1478666666666668	1.184	1.2183333333333333	1.2125333333333335	1.2920666666666665	1.3238999999999996	1.4045999999999998	1.4424666666666668	1.3773666666666666	1.4880666666666666	1.5088666666666666	1.605066666666667	1.5772666666666666	1.4804333333333335	1.4842999999999997	1.520433333333333	1.5480666666666667
F05	0.001799999999999996	-0.004266666666666669	0.005999999999999978	0.006166666666666681	0.011266666666666647	0.003433333333333344	0.006399999999999989	0.008899999999999991	0.019100000000000006	0.0026333333333333764	0.021133333333333393	0.029166666666666674	0.040999999999999925	0.02306666666666668	0.008299999999999974	0.011966666666666681	-0.03713333333333335	0.005266666666666531	-0.02410000000000012	-0.061900000000000066	-0.05896666666666661	0.02629999999999999	0.02173333333333327	0.02086666666666659	0.02059999999999995	0.03366666666666651	0.062000000000000055	0.019200000000000106	0.02206666666666668	-0.006366666666666743	0.024699999999999944	-0.01193333333333324	-0.0014666666666667272	0.005800000000000027	-0.02046666666666641	-0.0075666666666669435	-0.012166666666666437	-0.026933333333333476	-0.02523333333333344	-0.027466666666666528	-0.043500000000000094	-0.015300000000000091	-0.026133333333333342	-0.014266666666666428	-0.04146666666666654	-0.033399999999999874	-0.05413333333333337	-0.0410333333333337	-0.04699999999999993	-0.049866666666666504	-0.017799999999999816	0.016900000000000137	-0.033033333333333914	0.00943333333333296	0.054300000000000015	0.009300000000000086	-0.057766666666666744	0.09753333333333325	-0.06159999999999988	0.05610000000000026	0.03949999999999987	-0.02883333333333349
F06	-0.006099999999999994	-0.011166666666666658	-0.00030000000000002247	-0.0003333333333332966	0.010066666666666668	0.004233333333333367	0.00269999999999998	0.0058	0.011699999999999988	0.016733333333333378	0.027333333333333376	0.021366666666666645	0.023299999999999932	0.01156666666666667	0.0020999999999999908	0.007966666666666677	-0.012433333333333407	0.12766666666666637	0.08949999999999991	0.037799999999999945	0.07653333333333334	0.014700000000000046	0.055433333333333334	0.009566666666666612	0.025899999999999923	0.028666666666666507	0.024700000000000055	0.013700000000000045	0.016966666666666685	0.042033333333333256	0.048799999999999955	0.04106666666666681	0.052033333333333154	0.0363	0.052433333333333554	0.03923333333333301	0.05763333333333365	0.05146666666666655	0.05676666666666663	0.057733333333333414	0.03789999999999982	0.07210000000000005	0.035566666666666524	0.061933333333333396	0.050933333333333275	0.04100000000000015	0.03716666666666657	0.05436666666666645	0.017000000000000126	0.03153333333333341	0.07889999999999997	0.053600000000000314	0.0660666666666665	0.09913333333333307	0.07799999999999985	0.05810000000000004	0.052133333333333365	0.19463333333333344	0.043400000000000105	0.15420000000000034	0.05679999999999996	0.03386666666666649
F07	-0.008300000000000002	-0.0009666666666666712	-0.001600000000000018	-0.00163333333333332	-0.0012333333333333363	0.006733333333333341	0.008199999999999985	0.005599999999999994	0.009799999999999975	0.016833333333333367	0.015733333333333377	0.009666666666666657	0.005799999999999916	-0.008733333333333315	-0.02080000000000004	-0.04793333333333338	-0.0830333333333334	0.04656666666666642	-0.009700000000000042	-0.005400000000000071	0.026633333333333398	0.05740000000000001	0.0013333333333332975	0.0076666666666665995	0.012099999999999889	-0.015233333333333432	-0.012699999999999934	-0.015799999999999925	-0.019333333333333313	-0.019266666666666765	-0.02290000000000003	-0.01193333333333324	-0.029966666666666808	-0.02729999999999988	-0.04166666666666652	-0.028866666666666818	-0.02716666666666634	-0.04193333333333338	-0.03323333333333345	-0.01946666666666652	-0.012700000000000156	-0.02400000000000002	-0.03983333333333339	-0.027966666666666473	-0.023366666666666536	0.000700000000000145	-0.042233333333333345	-0.027033333333333687	-0.0026999999999999247	-0.02536666666666676	-0.011299999999999866	-0.008099999999999774	-0.014833333333333698	0.029133333333333233	-0.033399999999999874	-0.062100000000000044	-0.012466666666666626	0.05683333333333351	0.007800000000000029	0.07679999999999998	-0.01750000000000007	0.015766666666666485
F08	-0.0068999999999999895	-0.015466666666666656	-0.009500000000000036	-0.0023333333333332984	0.005066666666666664	-0.0007666666666666377	-0.0011000000000000176	0.003400000000000014	0.009499999999999953	0.013433333333333408	0.011033333333333395	0.004666666666666652	0.011199999999999932	0.019766666666666655	0.007399999999999962	-0.014533333333333398	-0.1929333333333334	-0.1245333333333336	-0.24260000000000004	-0.1926000000000001	-0.17476666666666663	-0.02639999999999998	-0.016866666666666696	-0.04323333333333346	-0.019200000000000106	-0.0013333333333335196	0.022700000000000053	0.0047000000000000375	0.02416666666666667	0.043133333333333246	0.0242	0.025866666666666704	0.030333333333333323	-0.0035000000000000586	0.028433333333333533	0.05093333333333305	0.020433333333333525	-0.0015333333333333865	0.04596666666666671	0.03303333333333347	-0.0039000000000002366	0.00770000000000004	0.0077666666666666995	0.006033333333333557	0.005133333333333434	0.02650000000000019	-0.004833333333333467	0.012566666666666393	0.013699999999999823	0.024533333333333296	-0.0501999999999998	0.020300000000000207	0.02026666666666621	0.044233333333333125	-0.10619999999999985	-0.12029999999999985	-0.0559666666666665	0.021733333333333604	0.029300000000000104	0.059100000000000374	-0.006200000000000205	-0.19093333333333318
F09	-0.002700000000000008	-0.007566666666666666	-0.010100000000000026	-0.0014333333333333143	-0.0002333333333333354	-0.007466666666666649	0.005299999999999971	0.0126	0.01589999999999997	0.00823333333333337	0.036833333333333385	0.02636666666666665	0.040099999999999913	-0.0037333333333333107	0.0040000000000000036	-0.03173333333333339	-0.27243333333333336	-0.4599333333333335	-0.3616000000000001	-0.24480000000000002	-0.21406666666666663	-0.10939999999999994	-0.013666666666666716	-0.09853333333333336	-0.014900000000000024	-0.009033333333333449	0.02090000000000003	0.009100000000000108	-0.006733333333333369	-0.017166666666666774	-0.022300000000000098	-0.038733333333333175	-0.02856666666666674	-0.047599999999999865	-0.06646666666666645	-0.04056666666666686	-0.03966666666666652	-0.06063333333333332	-0.07143333333333346	-0.04506666666666659	-0.05640000000000023	-0.04180000000000006	-0.04023333333333334	-0.06296666666666662	-0.07776666666666654	-0.05679999999999974	-0.05843333333333334	-0.043533333333333646	-0.05689999999999995	-0.053166666666666806	-0.07469999999999999	-0.043099999999999916	-0.06533333333333369	-0.015066666666666784	-0.16210000000000013	-0.13859999999999983	-0.1568666666666667	0.02213333333333356	-0.028000000000000025	0.027200000000000113	-0.07100000000000017	-0.19563333333333333
F10	0.05956666666666667	0.035433333333333344	0.02426666666666666	0.01896666666666666	0.007733333333333342	0.022233333333333327	0.03153333333333333	0.042800000000000005	0.0626666666666667	0.08593333333333333	0.11653333333333332	0.11726666666666666	0.1415666666666667	0.188	0.17950000000000002	0.1893	0.18833333333333332	0.21530000000000002	0.2243333333333333	0.24423333333333336	0.27763333333333334	0.2925333333333333	0.3486666666666667	0.35693333333333344	0.40826666666666667	0.43513333333333337	0.46953333333333336	0.5437666666666666	0.5437000000000001	0.6415333333333333	0.6740666666666667	0.7498	0.8108333333333334	0.8679666666666667	0.9713666666666667	1.0012666666666667	1.0946333333333333	1.1666333333333334	1.2298666666666667	1.3026333333333333	1.3532666666666668	1.4040333333333332	1.4995	1.5663333333333334	1.5796999999999999	1.6505333333333334	1.7081	1.7333666666666667	1.7765333333333335	1.8352666666666668	1.8822333333333334	1.9505666666666668	2.0173666666666668	2.015	1.9831999999999999	2.0543666666666667	2.0918666666666668	2.1834333333333333	2.2366333333333333	2.128433333333333	2.2068666666666665	2.2026333333333334
F11	0.06136666666666667	0.04523333333333335	0.03946666666666665	0.05396666666666666	0.047533333333333344	0.05913333333333334	0.06443333333333331	0.08560000000000001	0.09706666666666669	0.11763333333333334	0.11103333333333332	0.12326666666666666	0.1309666666666667	0.13549999999999995	0.15930000000000002	0.1727	0.18323333333333333	0.21020000000000003	0.23303333333333334	0.22393333333333332	0.26353333333333334	0.2707333333333334	0.3022666666666667	0.3067333333333334	0.3544666666666667	0.3661333333333334	0.40413333333333334	0.41256666666666664	0.4677	0.5150333333333333	0.5621666666666667	0.6072000000000001	0.6378333333333334	0.7124666666666667	0.7628666666666667	0.8235666666666667	0.8677333333333332	0.9154333333333333	1.0282666666666667	1.0569333333333333	1.1249666666666667	1.1779333333333333	1.2321	1.2986333333333333	1.3277	1.4158333333333333	1.4563	1.4869666666666668	1.5275333333333334	1.5915666666666668	1.6453333333333333	1.6589666666666667	1.7263666666666666	1.74	1.7276	1.7939666666666667	1.8595666666666668	1.8988333333333334	1.9168333333333334	1.8834333333333333	1.9531666666666665	1.9544333333333335
F12	-0.0009333333333333277	0.005533333333333362	0.0008666666666666545	0.0015666666666666607	0.0013333333333333253	0.010933333333333323	-0.0023666666666666836	0.0063	0.0031666666666666787	0.0038333333333333275	0.0032333333333333103	0.0016666666666666774	0.008566666666666695	0.00789999999999999	0.015500000000000014	0.009899999999999992	0.016133333333333333	0.013800000000000007	0.01473333333333332	0.0007333333333333358	0.002333333333333326	-0.005866666666666659	-0.0021333333333333204	-0.00036666666666665404	0.0006666666666666765	0.0006333333333333468	0.0006333333333333191	0.005866666666666631	0.0014000000000000123	0.0056333333333333235	0.010866666666666691	0.0116	0.008933333333333349	0.013266666666666677	0.004566666666666663	0.009566666666666668	0.014633333333333332	0.008833333333333332	0.015066666666666673	0.010233333333333344	0.020166666666666666	0.016433333333333355	0.017100000000000004	0.018233333333333324	0.017100000000000004	0.014733333333333348	0.011899999999999994	0.014566666666666672	0.012333333333333335	0.012666666666666632	0.014633333333333332	0.014866666666666667	0.013866666666666666	0.010800000000000004	0.016100000000000003	0.018566666666666648	0.017466666666666658	0.014433333333333326	0.015433333333333327	0.014933333333333326	0.015166666666666662	0.011933333333333324
G01	0.00683333333333333	0.0050000000000000044	0.0031333333333333213	-0.0019333333333333425	0.0010333333333333306	-0.009866666666666662	-0.0010666666666666602	-0.0038333333333332997	-0.0013000000000000234	-0.01006666666666664	-0.0020000000000000018	0.008066666666666694	0.0012333333333333085	-0.004366666666666658	-0.003766666666666668	0.0014666666666666717	0.0016333333333333477	0.004699999999999982	0.004866666666666686	0.006766666666666671	0.006599999999999995	0.001166666666666677	0.0017666666666666664	0.0064333333333333464	0.0032000000000000084	0.0034999999999999754	0.0028000000000000247	-0.001966666666666672	0.0035333333333333328	0.001366666666666655	0.00163333333333332	0.002966666666666673	-0.008133333333333326	-3.333333333332966e-05	-0.0005666666666666875	0.003999999999999976	0.012466666666666681	0.01369999999999999	0.007600000000000023	0.0030333333333333046	-0.0002333333333333354	-0.0018333333333333257	0.0006666666666666488	-0.0015666666666666884	0.0002333333333333354	-0.0012999999999999956	-0.0054666666666666475	-0.0026666666666666783	-0.0007000000000000062	-0.0005000000000000282	0.0010000000000000286	0.0024000000000000132	0.0021333333333333204	-0.0020333333333333314	-0.0004333333333333689	-0.0009333333333333138	-0.005933333333333318	-0.0019666666666666444	-0.004066666666666663	-0.0054666666666666475	-0.0056333333333333235	-0.006633333333333324
G02	0.03613333333333332	0.02210000000000001	0.04943333333333333	0.03346666666666667	0.039633333333333326	0.05463333333333334	0.07413333333333336	0.07676666666666668	0.09479999999999997	0.09603333333333336	0.11560000000000001	0.12566666666666668	0.1512333333333333	0.16663333333333333	0.19283333333333333	0.20496666666666666	0.22593333333333332	0.2429	0.2715666666666667	0.30036666666666667	0.31989999999999996	0.3724666666666667	0.39446666666666674	0.4287333333333334	0.4514	0.49849999999999994	0.5491	0.5789333333333333	0.6275333333333333	0.6839666666666666	0.7532333333333333	0.7871666666666667	0.8472666666666667	0.9543666666666667	0.9945333333333333	1.0636999999999999	1.1100666666666668	1.1966999999999999	1.2617	1.3350333333333333	1.4278666666666666	1.4324666666666666	1.5631666666666668	1.6185333333333334	1.6481333333333332	1.6979	1.7610333333333332	1.7763333333333333	1.8361999999999998	1.9057000000000002	1.9643	1.9811	2.1062333333333334	1.9824666666666666	2.0705666666666667	2.153166666666667	2.2481666666666666	2.2910333333333335	2.302033333333333	2.088633333333333	2.2860666666666667	2.2644666666666664
G03	0.04843333333333333	0.027700000000000002	0.04063333333333333	0.04026666666666667	0.03363333333333332	0.03883333333333333	0.04663333333333336	0.05596666666666669	0.08079999999999996	0.08653333333333335	0.1287	0.1490666666666667	0.2475333333333333	0.2707333333333334	0.30813333333333337	0.2800666666666667	0.2799333333333333	0.30169999999999997	0.2941666666666667	0.2991666666666667	0.3117	0.35416666666666663	0.3756666666666667	0.4105333333333334	0.4691000000000001	0.5135	0.5784	0.6167333333333334	0.6842333333333334	0.7598666666666667	0.8343333333333334	0.8752666666666667	0.9533666666666668	1.0461666666666667	1.1100333333333334	1.1709	1.2537666666666667	1.3333	1.4047	1.4642333333333335	1.5413666666666666	1.5718666666666665	1.6592666666666667	1.7173333333333334	1.7655333333333334	1.8586999999999998	1.8719333333333332	1.9087333333333334	1.9253999999999998	2.0395999999999996	2.0515000000000003	2.0657	2.2404333333333333	2.082066666666667	2.1362666666666663	2.2875666666666667	2.3794666666666666	2.3769333333333336	2.422833333333333	2.1697333333333333	2.3784666666666667	2.4243666666666663
G04	0.036700000000000024	0.03153333333333336	0.037633333333333324	0.03159999999999999	0.03559999999999999	0.03410000000000002	0.04780000000000004	0.05933333333333335	0.05739999999999998	0.06800000000000003	0.10563333333333333	0.12889999999999996	0.2367333333333333	0.3375	0.36236666666666667	0.3192	0.48366666666666663	0.24819999999999992	0.284	0.2725333333333333	0.3214333333333334	0.2806	0.29586666666666667	0.31029999999999996	0.32526666666666665	0.33190000000000003	0.3674666666666666	0.41839999999999994	0.4407	0.4597333333333334	0.5359666666666667	0.5451333333333332	0.6439333333333332	0.6618	0.7124333333333334	0.7715	0.8096666666666666	0.8754333333333334	0.9085333333333334	0.9383333333333334	1.0043	1.0178666666666665	1.0684	1.1175000000000002	1.1570333333333331	1.1645333333333334	1.2133666666666667	1.2188333333333334	1.2593333333333336	1.3366333333333333	1.3565333333333331	1.4018000000000002	1.5063666666666666	1.3462333333333336	1.3561333333333332	1.5096000000000003	1.5340666666666665	1.5670666666666668	1.6352333333333333	1.4284	1.6319	1.5614999999999997
G05	-0.00626666666666667	0.0003999999999999837	0.00466666666666668	0.010266666666666674	0.014666666666666633	0.014399999999999996	0.02416666666666667	0.014700000000000019	0.01576666666666665	0.006966666666666621	0.03120000000000006	0.03306666666666663	0.10670000000000007	0.15033333333333337	0.13779999999999998	0.10833333333333339	0.1573	-0.23883333333333334	-0.06766666666666665	-0.02113333333333345	-0.004533333333333389	-0.06810000000000005	0.038766666666666616	-0.011233333333333317	0.02733333333333343	0.04039999999999999	0.021500000000000075	0.026833333333333154	0.03173333333333328	0.014066666666666672	0.03190000000000004	0.0073666666666666325	0.0482666666666669	0.008433333333333515	0.022399999999999975	0.06293333333333329	0.023966666666666914	0.02756666666666674	0.0350666666666668	0.04923333333333324	0.014633333333333498	0.03723333333333323	0.013266666666666538	0.03320000000000012	0.03166666666666673	0.01886666666666681	0.04373333333333318	-0.001100000000000101	0.021266666666666545	0.04583333333333339	0.02823333333333311	0.08153333333333324	0.0870333333333333	-0.04413333333333336	-0.10570000000000013	0.08543333333333347	-0.010433333333333294	0.09226666666666672	0.09096666666666708	-0.06679999999999975	0.11209999999999987	-0.04359999999999964
G06	-0.002366666666666656	-0.001700000000000007	-0.0008333333333333248	-0.0013333333333333253	0.0028666666666666285	-0.007100000000000023	-0.007133333333333353	0.00020000000000000573	-0.0036333333333333495	-0.02303333333333335	-0.0043999999999999595	0.011766666666666648	0.059300000000000075	0.10583333333333339	0.08040000000000008	0.09063333333333345	0.20040000000000002	-0.01993333333333336	0.04383333333333328	0.03416666666666657	0.037866666666666604	-0.05249999999999999	0.03476666666666661	-0.006833333333333358	0.0011333333333334306	-0.005400000000000071	-0.0016999999999999238	-0.005466666666666842	0.0017333333333332535	-0.019233333333333325	0.01750000000000007	-0.009133333333333216	-0.006633333333333269	0.00553333333333339	0.0020000000000000018	0.005633333333333379	0.006466666666666843	0.01756666666666673	0.016966666666666796	0.020033333333333125	0.010133333333333328	0.008333333333333304	-0.01873333333333349	0.01550000000000007	0.0070666666666665545	-0.026633333333333287	0.005033333333333223	-0.04739999999999989	0.012466666666666626	0.025533333333333186	-0.010166666666666657	0.08333333333333348	0.023533333333333406	-0.06183333333333341	-0.11030000000000006	0.04823333333333357	0.00696666666666701	-0.010033333333333339	0.10126666666666706	-0.09179999999999966	0.10449999999999982	-0.07769999999999966
G07	-0.0004666666666666708	-0.001600000000000018	-0.0021333333333333204	0.004066666666666663	0.0011666666666666492	-0.0030000000000000027	-0.007233333333333342	-0.003799999999999998	-0.002433333333333343	-0.0016333333333333755	0.0017000000000000348	0.0016666666666666496	0.03240000000000004	0.04563333333333336	0.02560000000000001	0.0508333333333334	0.07310000000000005	-0.09773333333333334	-0.06676666666666664	-0.0387333333333334	-0.04083333333333339	-0.04820000000000002	0.0016666666666665941	-0.017733333333333268	0.005733333333333368	0.014399999999999968	0.02090000000000003	0.03153333333333319	0.020533333333333292	0.025966666666666582	0.023800000000000043	0.012866666666666693	0.029166666666666785	0.03093333333333348	0.04489999999999994	0.03643333333333332	0.034566666666666857	0.04626666666666668	0.04276666666666662	0.033233333333333226	0.015133333333333443	0.025533333333333408	0.0489666666666666	0.027700000000000058	0.02836666666666665	0.0008666666666667933	0.06003333333333338	0.019600000000000062	0.012266666666666648	0.01743333333333341	0.0043333333333333	0.02653333333333352	0.008533333333333282	-0.042233333333333345	0.08329999999999993	0.06663333333333332	0.033866666666666934	0.007866666666666688	0.08466666666666667	-0.07739999999999991	0.07229999999999981	0.028900000000000148
G08	-0.003066666666666662	-0.02300000000000002	-0.02003333333333332	0.0017666666666666664	-0.002033333333333359	-0.013100000000000028	-0.015833333333333366	-0.0131	-0.02043333333333333	-0.034333333333333355	-0.03349999999999992	-0.02103333333333335	-0.04219999999999996	-0.0358666666666666	-0.00039999999999995595	0.01663333333333339	0.18480000000000008	0.25596666666666656	0.28183333333333327	0.18266666666666653	0.08986666666666665	-0.025000000000000022	-0.00893333333333346	-0.022633333333333283	-0.029066666666666574	-0.014900000000000024	0.0020000000000000018	-0.031466666666666754	-0.01776666666666671	-0.021533333333333404	-0.041099999999999914	-0.01953333333333329	-0.028833333333333266	-0.018266666666666653	0.006999999999999895	-0.0014666666666665051	-0.016833333333333034	0.003466666666666729	0.002266666666666639	-0.011566666666666725	-0.0072666666666665325	-0.010666666666666602	-0.0028333333333334654	-0.006099999999999994	-0.015033333333333454	-0.018033333333333124	-0.01106666666666678	-0.02400000000000002	-0.03833333333333333	-0.023666666666666725	-0.06416666666666648	-0.02426666666666666	-0.015666666666666718	0.018266666666666875	-0.007300000000000306	0.06963333333333344	-0.036633333333333074	-0.012433333333333518	0.0451666666666668	-0.07909999999999995	0.06630000000000003	-0.014599999999999724
G09	0.0020333333333333314	-0.0189	-0.021433333333333332	-0.0009333333333333416	-0.0026333333333333764	-0.006900000000000017	-0.007833333333333359	-0.0010000000000000009	-0.013733333333333347	-0.03243333333333337	-0.04389999999999994	-0.04413333333333336	-0.05129999999999996	0.012933333333333352	0.09260000000000007	0.06453333333333344	0.036900000000000044	-0.2493333333333334	-0.2083666666666667	-0.15263333333333345	-0.13073333333333337	-0.0998	-0.046133333333333415	-0.10993333333333333	-0.029366666666666652	-0.0039000000000000146	-0.031099999999999905	-0.01656666666666684	-0.03536666666666666	-0.02403333333333335	-0.03949999999999998	-0.037833333333333274	-0.016633333333333278	-0.03836666666666666	-0.028200000000000003	-0.03846666666666665	-0.008333333333333082	-0.04053333333333331	-0.023233333333333217	-0.011466666666666736	-0.02646666666666664	0.0020333333333333314	-0.027033333333333465	-0.0039000000000000146	-0.02633333333333332	-0.025333333333333208	-0.019966666666666688	-0.019600000000000062	-0.037833333333333385	-0.05366666666666697	0.00013333333333331865	-0.045466666666666544	-0.019266666666666765	0.02636666666666665	-0.031099999999999905	0.037833333333333385	0.00036666666666684833	-0.0314333333333332	-0.01633333333333331	0.030299999999999994	-0.00039999999999995595	-0.09599999999999964
G10	0.0666	0.057866666666666705	0.045999999999999985	0.03786666666666669	0.03553333333333333	0.03936666666666666	0.033233333333333365	0.06193333333333331	0.09173333333333336	0.11063333333333328	0.1023	0.11323333333333332	0.13006666666666664	0.1545	0.23280000000000003	0.2815	0.49429999999999996	0.7196	0.2694	0.25193333333333334	0.26316666666666666	0.3028333333333333	0.3141999999999999	0.34286666666666665	0.3962	0.4072	0.4653666666666666	0.5140333333333332	0.5668333333333333	0.6231000000000001	0.6690666666666667	0.7531333333333333	0.8096000000000001	0.8811	0.9564333333333334	1.0048666666666668	1.0834000000000001	1.1479333333333335	1.2311	1.2933000000000001	1.3364666666666667	1.406	1.4704333333333333	1.5638	1.5700333333333332	1.6391333333333333	1.7035333333333333	1.7645666666666666	1.7402666666666666	1.8580666666666668	1.8835333333333335	1.9423666666666666	2.0044666666666666	2.0019333333333336	2.097366666666667	2.1393666666666666	2.1773666666666665	2.1316333333333333	2.2196	2.1662999999999997	2.1721666666666666	2.281433333333333
G11	0.06119999999999999	0.0889666666666667	0.0731	0.04246666666666668	0.05983333333333335	0.08006666666666667	0.06923333333333334	0.0882333333333333	0.11303333333333335	0.13543333333333332	0.15960000000000002	0.16723333333333332	0.16846666666666668	0.1766	0.17280000000000004	0.19040000000000004	0.20409999999999998	0.24440000000000003	0.2562	0.26203333333333334	0.2819666666666667	0.2858333333333333	0.3234999999999999	0.32786666666666664	0.3708	0.375	0.4290666666666666	0.4596333333333332	0.4924333333333333	0.5321	0.5146666666666666	0.5995333333333334	0.6692	0.6964	0.7688333333333333	0.8095666666666667	0.9013999999999999	0.9542333333333334	1.0454	1.083	1.1377666666666666	1.1864999999999999	1.2493333333333332	1.3035	1.3800333333333332	1.4229333333333334	1.4911333333333334	1.5072666666666668	1.5255666666666667	1.6387666666666667	1.6621333333333335	1.7088666666666668	1.7460666666666667	1.7628333333333335	1.8012666666666668	1.8633666666666664	1.9353666666666665	1.8651333333333335	2.0008	1.9370999999999998	1.9328666666666667	2.0376333333333334
G12	-0.0063	-0.0032333333333333103	-0.00020000000000000573	-0.00043333333333331336	0.007233333333333342	-0.012933333333333352	0.004333333333333356	-0.00466666666666668	-0.007666666666666655	-0.010666666666666685	-0.002599999999999991	-0.004566666666666691	-0.009333333333333332	-0.012900000000000023	-0.020199999999999996	-0.01849999999999999	-0.020300000000000012	-0.016599999999999976	-0.01369999999999999	0.0036333333333333495	-0.003433333333333316	0.009833333333333305	0.0034999999999999754	-0.0006333333333333191	-0.0041999999999999815	0.00020000000000000573	-0.0010333333333333306	-0.005966666666666703	-0.0003666666666666818	-0.011599999999999971	-0.013133333333333358	-0.017466666666666686	-0.013299999999999979	-0.01679999999999998	-0.009266666666666673	-0.016133333333333333	-0.02040000000000003	-0.01776666666666668	-0.018799999999999956	-0.0204	-0.02783333333333335	-0.024300000000000016	-0.023266666666666685	-0.0247	-0.022766666666666657	-0.023866666666666703	-0.020166666666666666	-0.02503333333333338	-0.02153333333333332	-0.017233333333333323	-0.0193666666666667	-0.022133333333333338	-0.018333333333333313	-0.014666666666666661	-0.019333333333333313	-0.023333333333333317	-0.014833333333333337	-0.01726666666666668	-0.017000000000000015	-0.01849999999999999	-0.015133333333333332	-0.00996666666666668
H01	-0.0014666666666666717	0.0049000000000000155	0.00683333333333333	-0.0018333333333333257	-0.005566666666666664	0.004333333333333328	-0.0011666666666666492	-0.0005333333333333579	-0.0029000000000000414	-0.0001666666666666483	-0.0049000000000000155	-0.005233333333333368	-0.00886666666666669	-0.005966666666666676	-0.006566666666666665	-0.004233333333333311	-0.0016666666666666774	-0.01040000000000002	-0.004933333333333317	-0.009833333333333333	-0.010899999999999993	-0.007233333333333314	-0.006933333333333319	-0.012166666666666659	-0.0034999999999999754	-0.0025000000000000022	-0.008699999999999986	-0.001066666666666688	-0.01096666666666668	-0.012333333333333335	-0.012866666666666693	-0.007733333333333342	0.0030666666666666897	-0.006633333333333324	-0.001466666666666644	-0.006900000000000017	-0.01153333333333334	-0.007000000000000006	-0.0037000000000000366	-0.003466666666666701	-0.0038333333333333275	-0.002333333333333326	-0.0015333333333333588	0.00013333333333331865	-0.003666666666666679	-0.0066000000000000225	-0.0034666666666666457	-0.003866666666666657	-0.0022000000000000075	-0.007800000000000029	-0.0069999999999999785	-0.005099999999999993	-0.008166666666666683	-0.005033333333333334	-0.005633333333333351	-0.00823333333333337	-0.00743333333333332	-0.006066666666666665	-0.00736666666666666	-0.008766666666666673	-0.006633333333333352	-0.009033333333333338
H02	0.05083333333333334	0.028999999999999998	0.04173333333333332	0.06296666666666667	0.06483333333333333	0.05663333333333334	0.061633333333333346	0.06566666666666662	0.08559999999999998	0.09243333333333337	0.12149999999999997	0.12616666666666662	0.1602333333333333	0.1582333333333333	0.17353333333333334	0.19526666666666667	0.20793333333333336	0.2363	0.25656666666666667	0.2810666666666667	0.3183	0.33776666666666666	0.3516666666666667	0.38793333333333335	0.4293	0.44889999999999997	0.5061	0.5724333333333333	0.5794333333333334	0.6412666666666667	0.6849333333333333	0.7307666666666667	0.8107666666666667	0.8967666666666666	0.9636333333333333	1.0034	1.0654666666666668	1.1378	1.2192	1.2737333333333334	1.3288666666666666	1.3795666666666666	1.4659666666666666	1.5708333333333333	1.5720333333333334	1.6396	1.6815333333333333	1.7275333333333334	1.7585000000000002	1.8929000000000002	1.8962	1.8961000000000001	2.0239333333333334	1.9665666666666668	2.0188666666666664	2.0145666666666666	2.1282666666666668	2.1919333333333335	2.2465333333333333	2.122533333333333	2.2553666666666663	2.1225666666666667
H03	0.07103333333333334	0.018500000000000016	0.030433333333333312	0.028466666666666668	0.02313333333333334	0.02573333333333333	0.03653333333333336	0.04696666666666663	0.06099999999999997	0.06613333333333338	0.10829999999999998	0.11296666666666663	0.18173333333333333	0.18633333333333332	0.21063333333333337	0.24316666666666667	0.25653333333333334	0.2743	0.27066666666666667	0.30866666666666664	0.3236	0.37416666666666665	0.35926666666666673	0.3715333333333334	0.41700000000000004	0.4316	0.5121	0.5559333333333333	0.5804333333333334	0.6495666666666666	0.7181333333333333	0.7748666666666667	0.8543666666666666	0.9373666666666666	1.0049333333333335	1.0825	1.1501666666666668	1.1877	1.2777	1.3466333333333333	1.3956666666666666	1.4394666666666667	1.5606666666666666	1.6093333333333333	1.6414333333333333	1.6988	1.7140333333333333	1.7759333333333334	1.8248000000000002	1.9379000000000002	1.9151	1.9948000000000001	2.078733333333333	2.1019666666666668	2.0973666666666664	2.1119666666666665	2.286166666666667	2.1999333333333335	2.3844333333333334	2.2061333333333337	2.182666666666667	2.2235666666666667
H04	0.04636666666666668	0.009933333333333322	0.027366666666666678	0.02316666666666667	0.031899999999999984	0.031766666666666665	0.02873333333333336	0.03823333333333334	0.04466666666666666	0.052833333333333315	0.08470000000000003	0.08980000000000002	0.22026666666666664	0.1882333333333333	0.2018333333333333	0.2074666666666667	0.18143333333333328	0.1518	0.18493333333333334	0.2139999999999999	0.2491	0.21943333333333342	0.2547333333333333	0.2833333333333334	0.2871666666666666	0.31170000000000003	0.3607666666666667	0.3810333333333334	0.42546666666666666	0.46319999999999995	0.5184333333333333	0.5355999999999999	0.5778666666666665	0.6103000000000001	0.6686333333333333	0.7151999999999998	0.7609333333333334	0.8011666666666667	0.8604666666666667	0.9074333333333334	0.9501333333333334	0.9744333333333334	1.0243666666666669	1.0745333333333331	1.0893333333333333	1.1272333333333333	1.1602	1.1943333333333332	1.1949666666666667	1.2822333333333331	1.2881333333333331	1.3161666666666667	1.3862666666666668	1.4221333333333335	1.3815666666666666	1.4232	1.5200666666666667	1.4595333333333333	1.6446999999999998	1.4967666666666664	1.4277000000000002	1.4572333333333334
H05	0.016133333333333333	-0.00940000000000002	0.010366666666666663	0.0015666666666666607	0.0017666666666666386	-0.008100000000000024	-0.009033333333333338	-0.01050000000000001	-0.017433333333333273	-0.030433333333333368	-0.04009999999999997	-0.03763333333333335	-0.06839999999999996	-0.10026666666666662	-0.0042999999999999705	-0.03446666666666659	-0.055400000000000005	-0.2645333333333334	-0.12486666666666668	-0.06543333333333334	-0.057533333333333436	-0.05010000000000003	0.034566666666666634	-0.0035333333333332773	0.010233333333333428	0.03280000000000005	0.010000000000000009	0.022333333333333205	0.01213333333333333	0.003166666666666651	0.015000000000000013	-0.010533333333333283	0.00036666666666684833	0.013633333333333386	-0.01540000000000008	0.027833333333333377	0.01866666666666661	0.01976666666666671	0.019366666666666754	0.01743333333333341	0.005733333333333368	0.02503333333333324	0.023566666666666514	0.03770000000000007	0.014666666666666606	0.0008666666666665712	-0.028766666666666607	-0.023800000000000043	0.00376666666666603	0.03913333333333302	0.018133333333333113	0.039933333333333376	-0.017266666666666985	0.037766666666666726	0.0019999999999997797	-0.025166666666666337	0.04066666666666663	-0.025333333333333208	0.10886666666666622	0.0748000000000002	-0.021500000000000075	-0.12719999999999976
H06	0.016033333333333344	0.0007000000000000062	0.017466666666666658	0.0007666666666666655	-0.0062333333333333685	-0.002600000000000019	-0.008133333333333326	-0.009800000000000003	-0.008933333333333293	-0.02313333333333334	-0.01859999999999995	-0.01363333333333333	0.006500000000000061	-0.021266666666666656	-0.0009999999999999454	-0.027066666666666572	-0.08199999999999996	-0.2636333333333334	-0.12186666666666668	-0.05953333333333333	-0.044533333333333425	-0.047800000000000065	0.014866666666666695	-0.010433333333333294	0.014033333333333342	0.04490000000000005	0.009400000000000075	0.009133333333333216	0.02203333333333335	0.0076666666666665995	0.02970000000000006	0.004166666666666763	0.02536666666666676	0.0009333333333334526	-0.0045000000000001705	0.024333333333333318	0.025666666666666726	0.01746666666666674	0.016966666666666796	0.024933333333333474	0.021733333333333382	0.012633333333333274	0.02286666666666659	0.044300000000000006	0.026566666666666627	0.025866666666666482	-0.016166666666666663	0.0050000000000001155	0.04116666666666635	0.02063333333333306	0.021633333333333393	0.014833333333333254	0.022133333333333116	0.11206666666666676	0.010799999999999699	-0.02636666666666665	-0.050033333333333374	-0.031233333333333224	0.1700666666666666	0.07710000000000017	-0.05920000000000014	-0.08619999999999983
H07	0.011333333333333334	0.008800000000000002	0.009766666666666673	-0.0001333333333333464	0.0046666666666666246	-0.0023000000000000242	0.0017666666666666664	0.0013999999999999846	-0.004233333333333283	-0.014433333333333354	-0.011899999999999966	-0.01093333333333335	-0.013899999999999968	-0.010466666666666624	-0.012899999999999967	-0.042266666666666564	-0.09039999999999992	-0.16593333333333338	-0.09636666666666671	-0.07313333333333327	-0.07653333333333334	-0.03170000000000006	-0.009533333333333283	-0.005333333333333301	-0.012666666666666604	-0.0023999999999999577	0.01090000000000002	-0.0013666666666668492	0.008433333333333293	-0.004033333333333333	0.01200000000000001	0.009566666666666834	0.019366666666666754	0.011233333333333428	0.0024999999999999467	0.01113333333333344	0.002666666666666595	0.002966666666666784	-0.0004333333333332856	-0.004266666666666641	0.0037333333333333663	0.009033333333333227	-0.004933333333333456	0.009400000000000075	0.004566666666666608	0.01416666666666666	-0.0218666666666667	0.006000000000000005	0.0070666666666663325	0.03053333333333308	0.03293333333333326	0.013433333333333408	0.03893333333333304	0.0643666666666669	-0.024799999999999933	-0.010166666666666657	0.003666666666666707	-0.031333333333333435	-0.06383333333333363	0.06479999999999997	-0.08250000000000002	-0.03379999999999983
H08	-0.0005666666666666598	0.0007999999999999952	0.0032666666666666677	0.0033666666666666567	0.008466666666666622	0.001999999999999974	0.006666666666666682	0.008199999999999985	0.012666666666666715	0.002266666666666639	0.014500000000000068	0.0073666666666666325	-0.021399999999999975	-0.030966666666666642	-0.03999999999999998	-0.04576666666666657	-0.182	-0.2765333333333334	-0.17936666666666667	-0.11743333333333328	-0.11003333333333343	-0.06030000000000002	-0.023833333333333262	-0.02943333333333331	-0.015666666666666607	0.002100000000000102	0.022199999999999998	0.016933333333333245	0.008133333333333326	0.010166666666666657	0.01870000000000005	0.011466666666666625	0.00336666666666674	0.004933333333333456	0.02299999999999991	0.023833333333333373	0.019566666666666732	0.009766666666666701	0.002966666666666784	0.017033333333333456	-0.004466666666666619	-0.01546666666666674	0.00046666666666661527	0.00990000000000002	0.002766666666666584	-0.00893333333333346	-0.06226666666666669	-0.025800000000000045	0.0065666666666661655	-0.023166666666667002	-0.022866666666666813	-0.0070666666666663325	-0.029366666666666763	0.005966666666666676	-0.028999999999999915	0.04243333333333332	0.005066666666666997	-0.0690333333333335	-0.028233333333333555	0.002000000000000224	-0.06289999999999996	-0.014299999999999535
H09	3.333333333332966e-05	0.007499999999999979	-0.008033333333333337	0.009166666666666656	0.0012666666666666382	0.0005999999999999894	0.001966666666666672	0.008899999999999991	0.01746666666666674	0.0018666666666666276	0.011300000000000032	-0.00033333333333335213	-0.05609999999999993	-0.05316666666666664	-0.06059999999999999	-0.038366666666666605	-0.20539999999999997	-0.29113333333333336	-0.20346666666666668	-0.1438333333333333	-0.13313333333333344	-0.07930000000000004	-0.014033333333333342	-0.07033333333333336	0.0022333333333334204	0.02980000000000005	0.02980000000000005	0.036733333333333174	0.046633333333333304	0.034466666666666645	0.05010000000000003	0.028766666666666718	0.03316666666666679	0.006433333333333513	0.027699999999999836	0.02973333333333339	0.0368666666666666	0.03416666666666668	0.03876666666666684	0.03193333333333337	0.02403333333333335	0.025933333333333364	0.03176666666666672	0.022399999999999975	0.04126666666666656	0.029066666666666574	0.007133333333333214	0.04919999999999991	0.013366666666666305	0.06563333333333299	0.0285333333333333	0.017233333333333434	0.029233333333333	0.05136666666666656	0.017599999999999838	-0.0064666666666663986	0.045666666666666966	-0.02623333333333333	-0.03753333333333364	0.035800000000000054	-0.05830000000000002	0.057000000000000384
H10	0.05299999999999999	0.04516666666666666	0.04099999999999998	0.037466666666666676	0.03353333333333333	0.018766666666666654	0.03253333333333336	0.041733333333333344	0.08783333333333335	0.11033333333333331	0.13	0.1437333333333333	0.17146666666666668	0.18289999999999998	0.1955	0.20260000000000003	0.22479999999999997	0.2174	0.2433	0.25733333333333336	0.27936666666666665	0.29823333333333335	0.3448	0.36386666666666667	0.4161	0.4527	0.49106666666666665	0.5616333333333334	0.5979333333333334	0.6445000000000001	0.6980666666666666	0.7639333333333334	0.8076	0.8868	0.9632333333333333	1.0272666666666668	1.092	1.1509333333333334	1.2476	1.3132	1.3622666666666665	1.3966	1.4939333333333333	1.5496	1.5902333333333332	1.6663333333333334	1.7063333333333335	1.7835666666666667	1.7930666666666666	1.9250666666666665	1.9138333333333335	1.953466666666667	2.0708666666666664	2.0626333333333333	2.111466666666667	2.1096666666666666	2.1770666666666667	2.1047333333333333	2.2763	2.1717999999999997	2.1406666666666663	2.309633333333333
H11	0.0529	0.05506666666666668	0.046999999999999986	0.06036666666666668	0.05783333333333335	0.05516666666666664	0.08453333333333338	0.07413333333333333	0.07073333333333334	0.0892333333333333	0.1043	0.11963333333333334	0.19036666666666666	0.1816	0.17209999999999998	0.2049	0.19970000000000002	0.2105	0.25	0.24583333333333335	0.2789666666666667	0.28293333333333337	0.3133	0.3315666666666667	0.3610000000000001	0.37150000000000005	0.4167666666666666	0.44023333333333337	0.47163333333333335	0.5172000000000001	0.5515666666666666	0.6064333333333333	0.6667	0.765	0.7914333333333333	0.8144666666666667	0.9078	0.9707333333333333	1.0161	1.0677	1.1222666666666665	1.1781	1.2500333333333333	1.3018	1.3830333333333333	1.4079333333333335	1.4639333333333333	1.5214666666666667	1.5496666666666667	1.6087666666666665	1.6639333333333335	1.7397666666666667	1.7841666666666667	1.7938333333333334	1.8247666666666666	1.8959666666666664	1.9296666666666669	1.9174333333333333	1.9823	1.9415000000000002	1.9661666666666668	2.0282333333333336
H12	0.011799999999999991	0.005866666666666659	0.006399999999999989	-0.0009333333333333138	-0.007466666666666649	0.01476666666666665	0.004833333333333356	0.0026333333333333486	0.009133333333333354	0.008733333333333315	0.00470000000000001	0.006233333333333313	0.008566666666666667	0.012899999999999995	0.018299999999999983	0.017900000000000027	0.011199999999999988	0.0049000000000000155	0.00020000000000000573	-0.001266666666666666	0.0005666666666666875	-0.005766666666666642	-0.0009000000000000119	0.0003666666666666818	0.0028000000000000247	-0.0007999999999999952	-0.0007333333333333636	0.002233333333333365	-0.0046666666666666246	0.003400000000000014	0.0016666666666666774	0.010633333333333328	0.00269999999999998	0.004500000000000004	0.003433333333333344	0.002066666666666661	0.008199999999999985	0.009733333333333316	0.007900000000000018	0.017100000000000032	0.018666666666666637	0.0184	0.017233333333333378	0.017100000000000004	0.010033333333333339	0.009233333333333343	0.009833333333333333	0.0140666666666667	0.016366666666666668	0.009166666666666684	0.007233333333333286	0.014666666666666661	0.007966666666666677	0.007433333333333347	0.006066666666666692	0.008066666666666666	-0.005133333333333351	-0.0010666666666666602	0.001899999999999985	0.005400000000000016	-0.002333333333333326	-0.005466666666666675
