,Molecule List Name,Precursor Name,Precursor Formula,Precursor Adduct,Precursor Charge,Product m/z,Product Charge,CCS
0,CCS Compendium-7,Glutamine,C5H10N2O3,[M+Na]+,1.0,169.0589,1.0,137.2
2,CCS Compendium-8,Glutamine,C5H10N2O3,[M+H]+,1.0,147.0762,1.0,130.9
4,CCS Compendium-8,Galactose 1-phosphate,C6H13O9P,[M+K]+,1.0,298.9924,1.0,158.3
5,CCS Compendium-8,Galactose 1-phosphate,C6H13O9P,[M+Na]+,1.0,283.0183,1.0,157.5
7,CCS Compendium-78,Quinolinic acid,C7H5NO4,[M+H]+,1.0,168.0277,1.0,134.9
9,CCS Compendium-8,Trehalose,C12H22O11,[M+K]+,1.0,381.0754,1.0,179.7
10,CCS Compendium-78,Trehalose,C12H22O11,[M+Na]+,1.0,365.106,1.0,176.1
12,CCS Compendium-8,Cyclic AMP,C10H12N5O6P,[M+H]+,1.0,330.0609,1.0,172.7
13,CCS Compendium-8,Cyclic AMP,C10H12N5O6P,[M+H]+,1.0,330.0609,1.0,177.0
14,CCS Compendium-8,Cyclic AMP,C10H12N5O6P,[M+Na]+,1.0,352.0403,1.0,181.3
15,CCS Compendium-8,Cyclic AMP,C10H12N5O6P,[M+Na]+,1.0,352.0437,1.0,189.0
17,CCS Compendium-8,Isocitric acid,C6H8O7,[M+Na]+,1.0,215.0168,1.0,142.8
20,CCS Compendium-8,Purine,C5H4N4,[M+H]+,1.0,121.0519,1.0,121.7
21,CCS Compendium-8,Pyridoxine,C8H11NO3,[M+Na]+,1.0,192.0625,1.0,144.2
23,CCS Compendium-78,Pyridoxine,C8H11NO3,[M+H]+,1.0,170.0832,1.0,134.5
25,CCS Compendium-6,Isoleucine,C6H13NO2,[M+H]+,1.0,132.1019,1.0,133.3
27,CCS Compendium-478,Isoleucine,C6H13NO2,[M+H]+,1.0,132.1024,1.0,134.3
29,CCS Compendium-7,L-Cysteine,C3H7NO2S,[M+H]+,1.0,122.0276,1.0,148.6
30,CCS Compendium-7,L-Cysteine,C3H7NO2S,[M+Na]+,1.0,144.0095,1.0,150.4
33,CCS Compendium-78,Uridine 5'-monophosphate,C9H13N2O9P,[M+H]+,1.0,325.0437,1.0,167.0
34,CCS Compendium-78,Uridine 5'-monophosphate,C9H13N2O9P,[M+Na]+,1.0,347.0256,1.0,172.8
36,CCS Compendium-8,Cytidine,C9H13N3O5,[M+H]+,1.0,244.0927,1.0,151.6
37,CCS Compendium-8,Cytidine,C9H13N3O5,[M+Na]+,1.0,266.0743,1.0,159.5
38,CCS Compendium-8,Protoporphyrin IX,C34H34N4O4,[M+H]+,1.0,563.2629,1.0,241.7
40,CCS Compendium-8,Adenosine,C10H13N5O4,[M+H]+,1.0,268.1041,1.0,161.6
41,CCS Compendium-8,Adenosine,C10H13N5O4,[M+Na]+,1.0,290.0875,1.0,165.6
42,CCS Compendium-78,Adenosine,C10H13N5O4,[M+H]+,1.0,268.1046,1.0,155.5
44,CCS Compendium-8,Citrulline,C6H13N3O3,[M+H]+,1.0,176.1028,1.0,137.7
45,CCS Compendium-8,Citrulline,C6H13N3O3,[M+Na]+,1.0,198.0844,1.0,139.2
48,CCS Compendium-8,CDP,C9H15N3O11P2,[M+H]+,1.0,404.0233,1.0,175.6
49,CCS Compendium-8,CDP,C9H15N3O11P2,[M+Na]+,1.0,426.0052,1.0,179.9
52,CCS Compendium-8,N-Acetyl-L-glutamic acid,C7H11NO5,[M+Na]+,1.0,212.054,1.0,142.5
55,CCS Compendium-78,Palmitic acid,C16H32O2,[M+Na]+,1.0,279.2309,1.0,177.8
56,CCS Compendium-8,D-Galactose,C6H12O6,[M+Na]+,1.0,203.0528,1.0,142.0
59,CCS Compendium-78,Fructose 6-phosphate,C6H13O9P,[M+Na]+,1.0,283.0195,1.0,155.2
60,CCS Compendium-8,5-Aminolevulinic acid,C5H9NO3,[M+H]+,1.0,132.0652,1.0,130.7
62,CCS Compendium-7,Flavin mononucleotide,C17H21N4O9P,[M+H]+,1.0,457.1124,1.0,200.2
63,CCS Compendium-7,Flavin mononucleotide,C17H21N4O9P,[M+Na]+,1.0,479.0944,1.0,209.3
64,CCS Compendium-8,Citric acid,C6H8O7,[M+Na]+,1.0,215.0161,1.0,143.0
68,CCS Compendium-8,,C14H26N4O11P2,[M+H]+,1.0,489.1105,1.0,198.5
69,CCS Compendium-8,,C14H26N4O11P2,[M+Na]+,1.0,511.0926,1.0,208.1
71,CCS Compendium-7,,C14H26N4O11P2,[M+H]+,1.0,489.1152,1.0,197.6
72,CCS Compendium-7,,C14H26N4O11P2,[M+Na]+,1.0,511.0971,1.0,207.7
74,CCS Compendium-8,Adenosine monophosphate,C10H14N5O7P,[M+Na]+,1.0,370.0489,1.0,177.1
76,CCS Compendium-78,Adenosine monophosphate,C10H14N5O7P,[M+H]+,1.0,348.0686,1.0,171.5
77,CCS Compendium-7,Uracil,C4H4N2O2,[M+H]+,1.0,113.0351,1.0,126.2
79,CCS Compendium-78,Fumaric acid,C4H4O4,[M+Na]+,1.0,139.0007,1.0,132.8
81,CCS Compendium-8,L-Homoserine,C4H9NO3,[M+H]+,1.0,120.0654,1.0,126.1
83,CCS Compendium-8,Pyroglutamic acid,C5H7NO3,[M+H]+,1.0,130.0492,1.0,130.6
86,CCS Compendium-8,Adenosine triphosphate,C10H16N5O13P3,[M+H]+,1.0,508.0034,1.0,196.7
87,CCS Compendium-78,Adenosine triphosphate,C10H16N5O13P3,[M+Na]+,1.0,529.9854,1.0,204.2
90,CCS Compendium-78,,C21H27N7O14P2,[M+H]+,1.0,664.1143,1.0,227.7
91,CCS Compendium-78,,C21H27N7O14P2,[M+Na]+,1.0,686.0963,1.0,223.5
93,CCS Compendium-7,,C5H11O8P,[M+Na]+,1.0,253.0089,1.0,153.4
95,CCS Compendium-8,L-Tryptophan,C11H12N2O2,[M+Na]+,1.0,227.0786,1.0,147.2
97,CCS Compendium-78,L-Tryptophan,C11H12N2O2,[M+H]+,1.0,205.0964,1.0,151.3
98,CCS Compendium-7,Uridine,C9H12N2O6,[M+H]+,1.0,245.0774,1.0,161.1
100,CCS Compendium-78,Uridine,C9H12N2O6,[M+Na]+,1.0,267.0581,1.0,162.5
102,CCS Compendium-7,Oleic acid,C18H34O2,[M+Na]+,1.0,305.2456,1.0,180.2
105,CCS Compendium-7,Trehalose 6-phosphate,C12H23O14P,[M+Na]+,1.0,445.0723,1.0,191.2
106,CCS Compendium-78,,C11H15N2O8P,[M+H]+,1.0,335.0628,1.0,165.8
109,CCS Compendium-8,Oxoadipic acid,C6H8O5,[M+Na]+,1.0,183.0261,1.0,137.5
110,CCS Compendium-7,D-Glucose,C6H12O6,[M+Na]+,1.0,203.0532,1.0,146.8
112,CCS Compendium-8,5'-Deoxyadenosine,C10H13N5O3,[M+H]+,1.0,252.108,1.0,159.6
113,CCS Compendium-78,5'-Deoxyadenosine,C10H13N5O3,[M+H]+,1.0,252.108,1.0,152.3
114,CCS Compendium-78,5'-Deoxyadenosine,C10H13N5O3,[M+Na]+,1.0,274.0895,1.0,168.0
116,CCS Compendium-8,L-Valine,C5H11NO2,[M+H]+,1.0,118.0868,1.0,120.8
117,CCS Compendium-8,L-Valine,C5H11NO2,[M+Na]+,1.0,140.0687,1.0,133.1
120,CCS Compendium-8,Glutathione,C10H17N3O6S,[M+H]+,1.0,308.0911,1.0,167.9
122,CCS Compendium-78,Glutathione,C10H17N3O6S,[M+Na]+,1.0,330.0712,1.0,167.1
123,CCS Compendium-7,5-Thymidylic acid,C10H15N2O8P,[M+H]+,1.0,323.0644,1.0,162.8
126,CCS Compendium-8,5-Thymidylic acid,C10H15N2O8P,[M+Na]+,1.0,345.0467,1.0,173.5
130,CCS Compendium-8,myo-Inositol,C6H12O6,[M+Na]+,1.0,203.0532,1.0,148.7
131,CCS Compendium-8,5'-Methylthioadenosine,C11H15N5O3S,[M+H]+,1.0,298.0974,1.0,162.0
133,CCS Compendium-78,5'-Methylthioadenosine,C11H15N5O3S,[M+H]+,1.0,298.0992,1.0,171.0
134,CCS Compendium-78,5'-Methylthioadenosine,C11H15N5O3S,[M+Na]+,1.0,320.0793,1.0,173.5
135,CCS Compendium-78,Phosphorylcholine,C5H14NO4P,[M+H]+,1.0,184.0732,1.0,137.1
138,CCS Compendium-8,S-Adenosylhomocysteine,C14H20N6O5S,[M+H]+,1.0,385.1274,1.0,183.0
139,CCS Compendium-8,S-Adenosylhomocysteine,C14H20N6O5S,[M+Na]+,1.0,407.1089,1.0,189.3
142,CCS Compendium-8,Deoxyuridine triphosphate,C9H15N2O14P3,[M+Na]+,1.0,490.9617,1.0,185.1
145,CCS Compendium-8,Guanosine diphosphate mannose,C16H25N5O16P2,[M+H]+,1.0,606.0812,1.0,227.7
146,CCS Compendium-8,Guanosine diphosphate mannose,C16H25N5O16P2,[M+Na]+,1.0,628.0629,1.0,222.5
149,CCS Compendium-8,Pantothenic acid,C9H17NO5,[M+H]+,1.0,220.118,1.0,129.8
150,CCS Compendium-8,Pantothenic acid,C9H17NO5,[M+Na]+,1.0,242.1005,1.0,150.8
151,CCS Compendium-8,L-Sorbose,C6H12O6,[M+Na]+,1.0,203.0532,1.0,139.3
152,CCS Compendium-8,L-Sorbose,C6H12O6,[M+Na]+,1.0,203.0532,1.0,144.2
153,CCS Compendium-7,dCMP,C9H14N3O7P,[M+H]+,1.0,308.0648,1.0,164.5
154,CCS Compendium-8,dCMP,C9H14N3O7P,[M+Na]+,1.0,330.0446,1.0,156.6
156,CCS Compendium-78,dCMP,C9H14N3O7P,[M+Na]+,1.0,330.0446,1.0,164.9
158,CCS Compendium-78,Allantoin,C4H6N4O3,[M+Na]+,1.0,181.0325,1.0,143.3
160,CCS Compendium-78,L-Threonine,C4H9NO3,[M+H]+,1.0,120.0661,1.0,127.3
161,CCS Compendium-7,Shikimic acid,C7H10O5,[M+H]+,1.0,175.0606,1.0,148.6
164,CCS Compendium-7,6-Phosphogluconic acid,C6H13O10P,[M+Na]+,1.0,299.0144,1.0,166.1
165,CCS Compendium-7,Pyrophosphate,H4P2O7,[M+Na]+,1.0,200.933,1.0,144.7
170,CCS Compendium-8,dUMP,C9H13N2O8P,[M+Na]+,1.0,331.0292,1.0,168.1
172,CCS Compendium-7,D-Erythrose 4-phosphate,C4H9O7P,[M+Na]+,1.0,222.9984,1.0,152.9
174,CCS Compendium-8,Nicotinic acid,C6H5NO2,[M+H]+,1.0,124.0407,1.0,123.9
175,CCS Compendium-7,L-Asparagine,C4H8N2O3,[M+H]+,1.0,133.0613,1.0,130.7
177,CCS Compendium-78,L-Asparagine,C4H8N2O3,[M+Na]+,1.0,155.0421,1.0,129.3
179,CCS Compendium-8,Spermine,C10H26N4,[M+H]+,1.0,203.2231,1.0,148.6
180,CCS Compendium-8,Spermine,C10H26N4,[M+Na]+,1.0,225.2045,1.0,151.4
181,CCS Compendium-8,Spermidine,C7H19N3,[M+H]+,1.0,146.1653,1.0,131.3
182,CCS Compendium-8,Spermidine,C7H19N3,[M+Na]+,1.0,168.1472,1.0,136.2
185,CCS Compendium-8,L-Cystathionine,C7H14N2O4S,[M+H]+,1.0,223.0732,1.0,147.4
186,CCS Compendium-8,L-Cystathionine,C7H14N2O4S,[M+Na]+,1.0,245.0543,1.0,147.2
187,CCS Compendium-78,D-Ribose,C5H10O5,[M+Na]+,1.0,173.0426,1.0,135.8
189,CCS Compendium-8,3-Hydroxyanthranilic acid,C7H7NO3,[M+H]+,1.0,154.0493,1.0,131.3
192,CCS Compendium-8,Guanosine monophosphate,C10H14N5O8P,[M+H]+,1.0,364.064,1.0,179.6
193,CCS Compendium-8,Guanosine monophosphate,C10H14N5O8P,[M+Na]+,1.0,386.0452,1.0,174.3
194,CCS Compendium-7,Xanthine,C5H4N4O2,[M+Na]+,1.0,175.0232,1.0,151.7
196,CCS Compendium-78,Xanthine,C5H4N4O2,[M+H]+,1.0,153.0402,1.0,132.9
202,CCS Compendium-7,Glutamic acid,C5H9NO4,[M+Na]+,1.0,170.0429,1.0,142.4
204,CCS Compendium-8,Glutamic acid,C5H9NO4,[M+K]+,1.0,186.016,1.0,149.3
206,CCS Compendium-78,Glutamic acid,C5H9NO4,[M+H]+,1.0,148.0599,1.0,130.9
207,CCS Compendium-6,alpha-D-Glucose,C6H12O6,[M+Na]+,1.0,203.0526,1.0,147.1
208,CCS Compendium-8,alpha-D-Glucose,C6H12O6,[M+Na]+,1.0,203.0533,1.0,146.5
209,CCS Compendium-8,Niacinamide,C6H6N2O,[M+Na]+,1.0,145.0368,1.0,136.4
210,CCS Compendium-78,Niacinamide,C6H6N2O,[M+H]+,1.0,123.0557,1.0,126.7
214,CCS Compendium-8,Cytidine triphosphate,C9H16N3O14P3,[M+H]+,1.0,483.9927,1.0,188.5
215,CCS Compendium-78,Cytidine triphosphate,C9H16N3O14P3,[M+Na]+,1.0,505.974,1.0,197.2
217,CCS Compendium-8,Biotin,C10H16N2O3S,[M+K]+,1.0,283.0494,1.0,160.6
219,CCS Compendium-78,Biotin,C10H16N2O3S,[M+H]+,1.0,245.0959,1.0,151.4
220,CCS Compendium-78,Biotin,C10H16N2O3S,[M+Na]+,1.0,267.0787,1.0,161.6
223,CCS Compendium-8,Xanthylic acid,C10H13N4O9P,[M+H]+,1.0,365.0477,1.0,175.5
224,CCS Compendium-8,Xanthylic acid,C10H13N4O9P,[M+Na]+,1.0,387.0293,1.0,176.6
228,CCS Compendium-8,FAD,C27H33N9O15P2,[M+H]+,1.0,786.1609,1.0,249.2
229,CCS Compendium-8,FAD,C27H33N9O15P2,[M+Na]+,1.0,808.1427,1.0,250.5
231,CCS Compendium-6,Phenylalanine,C9H11NO2,[M+H]+,1.0,166.0863,1.0,140.8
233,CCS Compendium-78,Phenylalanine,C9H11NO2,[M+H]+,1.0,166.0868,1.0,140.1
234,CCS Compendium-78,Phenylalanine,C9H11NO2,[M+Na]+,1.0,188.0687,1.0,138.2
237,CCS Compendium-8,Uridine 5'-diphosphate,C9H14N2O12P2,[M+H]+,1.0,405.0095,1.0,176.5
238,CCS Compendium-8,Uridine 5'-diphosphate,C9H14N2O12P2,[M+Na]+,1.0,426.9909,1.0,178.1
239,CCS Compendium-8,Uridine 5'-diphosphate,C9H14N2O12P2,[M+Na]+,1.0,426.9909,1.0,181.7
241,CCS Compendium-6,Methionine,C5H11NO2S,[M+H]+,1.0,150.0583,1.0,133.6
243,CCS Compendium-78,Methionine,C5H11NO2S,[M+H]+,1.0,150.0589,1.0,132.9
244,CCS Compendium-7,Dihydroxyacetone phosphate,C3H7O6P,[M+Na]+,1.0,192.9878,1.0,143.2
247,CCS Compendium-8,Uridine triphosphate,C9H15N2O15P3,[M+H]+,1.0,484.9755,1.0,186.9
248,CCS Compendium-8,Uridine triphosphate,C9H15N2O15P3,[M+Na]+,1.0,506.9545,1.0,188.5
249,CCS Compendium-8,Sphinganine,C18H39NO2,[M+H]+,1.0,302.3046,1.0,188.9
250,CCS Compendium-8,Sphinganine,C18H39NO2,[M+Na]+,1.0,324.2865,1.0,190.8
251,CCS Compendium-6,Lysine,C6H14N2O2,[M+H]+,1.0,147.1128,1.0,131.5
252,CCS Compendium-8,Lysine,C6H14N2O2,[M+Na]+,1.0,169.0939,1.0,135.2
254,CCS Compendium-78,Lysine,C6H14N2O2,[M+H]+,1.0,147.1123,1.0,131.1
255,CCS Compendium-7,Succinic acid,C4H6O4,[M+H]+,1.0,119.0344,1.0,121.9
258,CCS Compendium-7,,C6H6O6,[M+H]+,1.0,175.0243,1.0,152.0
259,CCS Compendium-7,,C6H6O6,[M+Na]+,1.0,197.0062,1.0,148.2
261,CCS Compendium-8,,C9H17NO4,[M+H]+,1.0,204.1222,1.0,143.5
264,CCS Compendium-78,Inosinic acid,C10H13N4O8P,[M+H]+,1.0,349.0532,1.0,174.9
265,CCS Compendium-78,Inosinic acid,C10H13N4O8P,[M+Na]+,1.0,371.0353,1.0,171.5
267,CCS Compendium-8,Indoleacetaldehyde,C10H9NO,[M+H]+,1.0,160.075,1.0,132.4
272,CCS Compendium-8,Adenosine diphosphate ribose,C15H23N5O14P2,[M+H]+,1.0,560.0791,1.0,212.5
273,CCS Compendium-8,Adenosine diphosphate ribose,C15H23N5O14P2,[M+Na]+,1.0,582.0605,1.0,217.6
275,CCS Compendium-6,Pyridoxal 5'-phosphate,C8H10NO6P,[M+H]+,1.0,248.0319,1.0,151.7
276,CCS Compendium-6,Pyridoxal 5'-phosphate,C8H10NO6P,[M+Na]+,1.0,270.0138,1.0,161.4
279,CCS Compendium-78,Pyridoxal 5'-phosphate,C8H10NO6P,[M+H]+,1.0,248.0313,1.0,152.4
280,CCS Compendium-78,Pyridoxal 5'-phosphate,C8H10NO6P,[M+Na]+,1.0,270.0148,1.0,162.4
282,CCS Compendium-6,L-Tyrosine,C9H11NO3,[M+H]+,1.0,182.0812,1.0,146.0
284,CCS Compendium-78,L-Tyrosine,C9H11NO3,[M+H]+,1.0,182.0806,1.0,145.5
285,CCS Compendium-78,L-Tyrosine,C9H11NO3,[M+Na]+,1.0,204.0626,1.0,143.2
287,CCS Compendium-6,Histidine,C6H9N3O2,[M+H]+,1.0,156.0768,1.0,132.3
288,CCS Compendium-6,Histidine,C6H9N3O2,[M+Na]+,1.0,178.0587,1.0,134.9
290,CCS Compendium-78,Histidine,C6H9N3O2,[M+H]+,1.0,156.0774,1.0,131.9
291,CCS Compendium-78,Histidine,C6H9N3O2,[M+Na]+,1.0,178.0586,1.0,134.7
292,CCS Compendium-6,,C4H9NO2S,[M+H]+,1.0,136.0427,1.0,130.2
296,CCS Compendium-8,Kynurenine,C10H12N2O3,[M+H]+,1.0,209.0908,1.0,149.8
297,CCS Compendium-8,Kynurenine,C10H12N2O3,[M+Na]+,1.0,231.0737,1.0,153.3
298,CCS Compendium-6,Proline,C5H9NO2,[M+H]+,1.0,116.0706,1.0,125.8
300,CCS Compendium-78,Proline,C5H9NO2,[M+H]+,1.0,116.0703,1.0,125.4
302,CCS Compendium-8,Thiamine pyrophosphate,C12H18N4O7P2S,[M+H]+,1.0,425.0434,1.0,182.0
303,CCS Compendium-8,Thiamine pyrophosphate,C12H18N4O7P2S,[M+Na]+,1.0,447.0265,1.0,187.0
304,CCS Compendium-7,Gluconic acid,C6H12O7,[M+H]+,1.0,197.0661,1.0,141.0
306,CCS Compendium-78,Gluconic acid,C6H12O7,[M+Na]+,1.0,219.0488,1.0,146.9
309,CCS Compendium-6,Leucine,C6H13NO2,[M+H]+,1.0,132.1019,1.0,135.1
310,CCS Compendium-47,Leucine,C6H13NO2,[M+H]+,1.0,132.1024,1.0,134.7
313,CCS Compendium-7,,C7H8O5,[M+H]+,1.0,173.045,1.0,131.9
315,CCS Compendium-8,,C7H8O5,[M+Na]+,1.0,195.0245,1.0,149.2
317,CCS Compendium-8,Pyridoxal,C8H9NO3,[M+H]+,1.0,168.0654,1.0,131.3
318,CCS Compendium-8,Pyridoxal,C8H9NO3,[M+Na]+,1.0,190.0465,1.0,142.7
320,CCS Compendium-7,Orotic acid,C5H4N2O4,[M+H]+,1.0,157.0249,1.0,138.0
321,CCS Compendium-7,Orotic acid,C5H4N2O4,[M+Na]+,1.0,179.0069,1.0,180.7
325,CCS Compendium-78,Cytidine monophosphate,C9H14N3O8P,[M+H]+,1.0,324.0578,1.0,167.1
326,CCS Compendium-78,Cytidine monophosphate,C9H14N3O8P,[M+Na]+,1.0,346.0393,1.0,168.7
328,CCS Compendium-8,NADPH,C21H30N7O17P3,[M+H]+,1.0,746.0989,1.0,232.4
332,CCS Compendium-8,,C21H28N7O17P3,[M+H]+,1.0,744.0791,1.0,232.7
333,CCS Compendium-8,,C21H28N7O17P3,[M+K]+,1.0,782.026,1.0,242.9
334,CCS Compendium-8,,C21H28N7O17P3,[M+Na]+,1.0,766.0609,1.0,241.1
338,CCS Compendium-78,Deoxyadenosine monophosphate,C10H14N5O6P,[M+H]+,1.0,332.076,1.0,168.6
339,CCS Compendium-78,Deoxyadenosine monophosphate,C10H14N5O6P,[M+Na]+,1.0,354.0579,1.0,173.9
341,CCS Compendium-8,Hydroxyphenyllactic acid,C9H10O4,[M+Na]+,1.0,205.0462,1.0,144.0
343,CCS Compendium-8,4-Acetamidobutanoic acid,C6H11NO3,[M+Na]+,1.0,168.0612,1.0,135.7
344,CCS Compendium-8,p-Aminobenzoic acid,C7H7NO2,[M+H]+,1.0,138.0559,1.0,127.3
348,CCS Compendium-8,Deoxyadenosine,C10H13N5O3,[M+H]+,1.0,252.1096,1.0,152.3
349,CCS Compendium-8,Deoxyadenosine,C10H13N5O3,[M+H]+,1.0,252.1096,1.0,158.2
350,CCS Compendium-8,Deoxyadenosine,C10H13N5O3,[M+Na]+,1.0,274.0912,1.0,161.9
352,CCS Compendium-8,Deoxycytidine,C9H13N3O4,[M+K]+,1.0,266.0527,1.0,158.5
353,CCS Compendium-78,Deoxycytidine,C9H13N3O4,[M+Na]+,1.0,250.0771,1.0,156.1
355,CCS Compendium-8,Deoxyguanosine,C10H13N5O4,[M+K]+,1.0,306.0588,1.0,171.6
356,CCS Compendium-8,Deoxyguanosine,C10H13N5O4,[M+Na]+,1.0,290.0861,1.0,171.8
358,CCS Compendium-78,Thymidine,C10H14N2O5,[M+Na]+,1.0,265.0796,1.0,161.2
360,CCS Compendium-8,Guanosine,C10H13N5O5,[M+K]+,1.0,322.0539,1.0,174.3
361,CCS Compendium-78,Guanosine,C10H13N5O5,[M+H]+,1.0,284.0977,1.0,163.5
362,CCS Compendium-78,Guanosine,C10H13N5O5,[M+Na]+,1.0,306.0813,1.0,175.3
363,CCS Compendium-7,Inosine,C10H12N4O5,[M+H]+,1.0,269.0886,1.0,158.2
364,CCS Compendium-8,Inosine,C10H12N4O5,[M+K]+,1.0,307.043,1.0,170.3
366,CCS Compendium-78,Inosine,C10H12N4O5,[M+Na]+,1.0,291.071,1.0,172.1
368,CCS Compendium-8,Xanthosine,C10H12N4O6,[M+H]+,1.0,285.0805,1.0,162.1
369,CCS Compendium-8,Xanthosine,C10H12N4O6,[M+K]+,1.0,323.0359,1.0,172.9
370,CCS Compendium-8,Xanthosine,C10H12N4O6,[M+Na]+,1.0,307.0624,1.0,173.4
373,CCS Compendium-7,Riboflavin,C17H20N4O6,[M+Na]+,1.0,399.128,1.0,198.1
375,CCS Compendium-78,Riboflavin,C17H20N4O6,[M+H]+,1.0,377.1433,1.0,189.7
378,CCS Compendium-78,Hypoxanthine,C5H4N4O,[M+H]+,1.0,137.0461,1.0,130.5
379,CCS Compendium-78,Hypoxanthine,C5H4N4O,[M+Na]+,1.0,159.0272,1.0,135.9
384,CCS Compendium-8,AICAR,C9H15N4O8P,[M+H]+,1.0,339.0708,1.0,171.9
385,CCS Compendium-8,AICAR,C9H15N4O8P,[M+Na]+,1.0,361.0504,1.0,168.9
386,CCS Compendium-8,Indoleacetic acid,C10H9NO2,[M+Na]+,1.0,198.0532,1.0,143.6
387,CCS Compendium-78,Indoleacetic acid,C10H9NO2,[M+H]+,1.0,176.072,1.0,136.4
389,CCS Compendium-8,Tryptophol,C10H11NO,[M+H]+,1.0,162.0912,1.0,133.8
390,CCS Compendium-1,,C12H22O11,[M+K]+,1.0,381.0799,1.0,181.9
391,CCS Compendium-1,,C12H22O11,[M+Na]+,1.0,365.11,1.0,179.7
393,CCS Compendium-8,L-Arabitol,C5H12O5,[M+Na]+,1.0,175.0577,1.0,136.0
396,CCS Compendium-6,L-Arginine,C6H14N4O2,[M+H]+,1.0,175.119,1.0,136.6
397,CCS Compendium-78,L-Arginine,C6H14N4O2,[M+H]+,1.0,175.1174,1.0,136.3
398,CCS Compendium-8,L-Arginine,C6H14N4O2,[M+Na]+,1.0,197.1,1.0,147.9
399,CCS Compendium-8,Cytosine,C4H5N3O,[M+H]+,1.0,112.0509,1.0,117.4
400,CCS Compendium-8,Cytosine,C4H5N3O,[M+H]+,1.0,112.0509,1.0,122.6
401,CCS Compendium-8,O-Acetylserine,C5H9NO4,[M+H]+,1.0,148.0602,1.0,130.5
403,CCS Compendium-8,Sorbitol,C6H14O6,[M+Na]+,1.0,205.0686,1.0,143.1
404,CCS Compendium-8,,C6H12O6,[M+Na]+,1.0,203.0529,1.0,141.7
407,CCS Compendium-7,Palmitoleic acid,C16H30O2,[M+Na]+,1.0,277.2143,1.0,171.5
410,CCS Compendium-7,Stearic acid,C18H36O2,[M+Na]+,1.0,307.2613,1.0,190.6
414,CCS Compendium-7,Tetracosanoic acid,C24H48O2,[M+Na]+,1.0,391.3552,1.0,215.5
415,CCS Compendium-8,Lipoamide,C8H15NOS2,[M+Na]+,1.0,228.0482,1.0,150.6
416,CCS Compendium-78,Guanine,C5H5N5O,[M+H]+,1.0,152.0562,1.0,131.0
417,CCS Compendium-8,Guanine,C5H5N5O,[M+K]+,1.0,190.0121,1.0,136.2
418,CCS Compendium-8,Guanine,C5H5N5O,[M+Na]+,1.0,174.038,1.0,137.7
420,CCS Compendium-7,Methylhistidine,C7H11N3O2,[M+H]+,1.0,170.0929,1.0,135.7
422,CCS Compendium-8,Mevalonic acid,C6H12O4,[M+Na]+,1.0,171.062,1.0,132.9
424,CCS Compendium-8,Itaconic acid,C5H6O4,[M+Na]+,1.0,153.0154,1.0,131.9
426,CCS Compendium-8,4-Hydroxyproline,C5H9NO3,[M+Na]+,1.0,154.0466,1.0,139.4
427,CCS Compendium-78,4-Hydroxyproline,C5H9NO3,[M+H]+,1.0,132.064,1.0,127.9
429,CCS Compendium-7,Leukotriene B4,C20H32O4,[M+Na]+,1.0,359.2198,1.0,194.8
430,CCS Compendium-8,N-Acetylputrescine,C6H14N2O,[M+H]+,1.0,131.1179,1.0,128.4
431,CCS Compendium-8,N-Acetylputrescine,C6H14N2O,[M+Na]+,1.0,153.0998,1.0,134.3
434,CCS Compendium-8,Phosphoserine,C3H8NO6P,[M+Na]+,1.0,207.9974,1.0,140.9
438,CCS Compendium-8,Taurine,C2H7NO3S,[M+H]+,1.0,126.0219,1.0,127.9
439,CCS Compendium-8,Taurine,C2H7NO3S,[M+H]+,1.0,126.0219,1.0,134.3
441,CCS Compendium-78,D-Xylitol,C5H12O5,[M+Na]+,1.0,175.0577,1.0,137.3
443,CCS Compendium-8,,C5H9NO4,[M+Na]+,1.0,170.0424,1.0,133.4
446,CCS Compendium-8,L-Gulonolactone,C6H10O6,[M+Na]+,1.0,201.0368,1.0,140.9
448,CCS Compendium-7,,C13H14N2O3,[M+H]+,1.0,247.1083,1.0,154.7
449,CCS Compendium-7,,C13H14N2O3,[M+Na]+,1.0,269.0902,1.0,161.7
451,CCS Compendium-8,Mannitol,C6H14O6,[M+Na]+,1.0,205.0679,1.0,141.2
452,CCS Compendium-1,,C6H13NO2,[M+H]+,1.0,132.1024,1.0,127.6
455,CCS Compendium-8,Cellobiose,C12H22O11,[M+K]+,1.0,381.0793,1.0,180.6
456,CCS Compendium-8,Cellobiose,C12H22O11,[M+Na]+,1.0,365.1045,1.0,178.4
458,CCS Compendium-8,Thymine,C5H6N2O2,[M+H]+,1.0,127.0502,1.0,122.1
460,CCS Compendium-6,L-Cystine,C6H12N2O4S2,[M+H]+,1.0,241.0311,1.0,149.8
461,CCS Compendium-6,L-Cystine,C6H12N2O4S2,[M+Na]+,1.0,263.0131,1.0,151.5
464,CCS Compendium-8,L-Cystine,C6H12N2O4S2,[M+H]+,1.0,241.0318,1.0,149.1
465,CCS Compendium-8,L-Cystine,C6H12N2O4S2,[M+Na]+,1.0,263.0121,1.0,151.1
466,CCS Compendium-8,Adenine,C5H5N5,[M+Na]+,1.0,158.0434,1.0,137.0
468,CCS Compendium-78,Adenine,C5H5N5,[M+H]+,1.0,136.0614,1.0,125.6
470,CCS Compendium-78,Pyridoxamine,C8H12N2O2,[M+H]+,1.0,169.0968,1.0,134.4
471,CCS Compendium-78,Pyridoxamine,C8H12N2O2,[M+Na]+,1.0,191.0789,1.0,145.7
472,CCS Compendium-8,,C6H12O6,[M+Na]+,1.0,203.0524,1.0,141.6
474,CCS Compendium-8,,C12H22O11,[M+H]+,1.0,343.1231,1.0,180.3
475,CCS Compendium-8,,C12H22O11,[M+K]+,1.0,381.0783,1.0,179.8
476,CCS Compendium-8,,C12H22O11,[M+Na]+,1.0,365.106,1.0,177.1
479,CCS Compendium-8,3-Methyladenine,C6H7N5,[M+H]+,1.0,150.0769,1.0,126.5
481,CCS Compendium-8,Sucrose,C12H22O11,[M+K]+,1.0,381.0785,1.0,175.5
482,CCS Compendium-8,Sucrose,C12H22O11,[M+Na]+,1.0,365.1061,1.0,173.9
485,CCS Compendium-78,ADP,C10H15N5O10P2,[M+H]+,1.0,428.033,1.0,187.2
486,CCS Compendium-78,ADP,C10H15N5O10P2,[M+Na]+,1.0,450.0142,1.0,194.2
488,CCS Compendium-78,,C8H13NO6,[M+H]+,1.0,220.0798,1.0,146.2
489,CCS Compendium-78,,C8H13NO6,[M+Na]+,1.0,242.0617,1.0,146.0
492,CCS Compendium-78,Glucose 6-phosphate,C6H13O9P,[M+Na]+,1.0,283.0176,1.0,158.8
496,CCS Compendium-8,,C6H13O9P,[M+Na]+,1.0,283.0183,1.0,156.2
498,CCS Compendium-78,Glucose 1-phosphate,C6H13O9P,[M+Na]+,1.0,283.0192,1.0,159.8
500,CCS Compendium-7,7-Methylguanine,C6H7N5O,[M+H]+,1.0,166.0729,1.0,133.4
501,CCS Compendium-7,7-Methylguanine,C6H7N5O,[M+Na]+,1.0,188.0548,1.0,148.8
504,CCS Compendium-8,beta-Glycerophosphoric acid,C3H9O6P,[M+Na]+,1.0,195.0032,1.0,140.6
505,CCS Compendium-1,,C6H13NO2,[M+H]+,1.0,132.1024,1.0,127.9
509,CCS Compendium-8,D-Tryptophan,C11H12N2O2,[M+H]+,1.0,205.0964,1.0,150.6
510,CCS Compendium-8,D-Tryptophan,C11H12N2O2,[M+Na]+,1.0,227.0786,1.0,147.9
513,CCS Compendium-78,Aminoadipic acid,C6H11NO4,[M+H]+,1.0,162.0747,1.0,135.0
514,CCS Compendium-78,Aminoadipic acid,C6H11NO4,[M+Na]+,1.0,184.0568,1.0,140.1
516,CCS Compendium-48,L-Norleucine,C6H13NO2,[M+H]+,1.0,132.1024,1.0,136.4
519,CCS Compendium-8,2-Methylglutaric acid,C6H10O4,[M+Na]+,1.0,169.0466,1.0,137.2
520,CCS Compendium-8,Citramalic acid,C5H8O5,[M+Na]+,1.0,171.027,1.0,133.2
523,CCS Compendium-8,,C6H11NO2,[M+H]+,1.0,130.0865,1.0,127.4
524,CCS Compendium-8,,C6H11NO2,[M+Na]+,1.0,152.0671,1.0,139.0
525,CCS Compendium-7,,C6H13NO5,[M+H]+,1.0,180.1052,1.0,134.7
526,CCS Compendium-7,,C6H13NO5,[M+Na]+,1.0,202.0871,1.0,146.3
527,CCS Compendium-8,Kynurenic acid,C10H7NO3,[M+H]+,1.0,190.0497,1.0,136.6
528,CCS Compendium-8,Kynurenic acid,C10H7NO3,[M+Na]+,1.0,212.0312,1.0,151.2
530,CCS Compendium-8,N-Acetyl-L-alanine,C5H9NO3,[M+Na]+,1.0,154.0473,1.0,134.7
532,CCS Compendium-8,Xanthurenic acid,C10H7NO4,[M+H]+,1.0,206.0446,1.0,140.4
533,CCS Compendium-8,Xanthurenic acid,C10H7NO4,[M+Na]+,1.0,228.0265,1.0,148.0
536,CCS Compendium-0,Heptadecanoic acid,C17H34O2,[M+H]+,1.0,271.2625,1.0,189.6
540,CCS Compendium-1,Benzophenone,C13H10O,[M+H]+,1.0,183.081,1.0,138.3
541,CCS Compendium-7,,C10H16,[M+H]+,1.0,137.133,1.0,129.8
542,CCS Compendium-7,,C10H16,[M+Na]+,1.0,159.115,1.0,132.2
0,DarkChem-31661259.0,5'-Phosphoribosyl-N-formylglycinamide,C8H15N2O9P,[M+H]+,1.0,315.0588,1.0,172.6
2,AllCCS-32859911.0,5'-Phosphoribosyl-N-formylglycinamide,C8H15N2O9P,[M+H]+,1.0,315.0588,1.0,165.4
4,DeepCCS-30932474.0,5'-Phosphoribosyl-N-formylglycinamide,C8H15N2O9P,[M+H]+,1.0,315.0588,1.0,162.2
7,DeepCCS-30932474.0,5'-Phosphoribosyl-N-formylglycinamide,C8H15N2O9P,[M+Na]+,1.0,337.0407,1.0,168.3
9,AllCCS-32859911.0,5'-Phosphoribosyl-N-formylglycinamide,C8H15N2O9P,[M+H-H2O]+,1.0,297.0482,1.0,162.4
10,AllCCS-32859911.0,5'-Phosphoribosyl-N-formylglycinamide,C8H15N2O9P,[M+NH4]+,1.0,332.0853,1.0,168.2
11,AllCCS-32859911.0,5'-Phosphoribosyl-N-formylglycinamide,C8H15N2O9P,[M+Na]+,1.0,337.0407,1.0,169.0
15,DarkChem-31661259.0,Glutamine,C5H10N2O3,[M+H]+,1.0,147.0764,1.0,130.6
17,AllCCS-32859911.0,Glutamine,C5H10N2O3,[M+H]+,1.0,147.0764,1.0,134.2
19,DeepCCS-30932474.0,Glutamine,C5H10N2O3,[M+H]+,1.0,147.0764,1.0,128.9
22,DeepCCS-30932474.0,Glutamine,C5H10N2O3,[M+Na]+,1.0,169.0584,1.0,138.0
24,AllCCS-32859911.0,Glutamine,C5H10N2O3,[M+H-H2O]+,1.0,129.0659,1.0,130.2
25,AllCCS-32859911.0,Glutamine,C5H10N2O3,[M+NH4]+,1.0,164.103,1.0,137.9
26,AllCCS-32859911.0,Glutamine,C5H10N2O3,[M+Na]+,1.0,169.0584,1.0,139.0
30,DarkChem-31661259.0,Urea,CH4N2O,[M+H]+,1.0,61.0396,1.0,108.1
32,AllCCS-32859911.0,Urea,CH4N2O,[M+H]+,1.0,61.0396,1.0,108.7
34,DeepCCS-30932474.0,Urea,CH4N2O,[M+H]+,1.0,61.0396,1.0,117.3
37,DeepCCS-30932474.0,Urea,CH4N2O,[M+Na]+,1.0,83.0216,1.0,124.4
40,AllCCS-32859911.0,Urea,CH4N2O,[M+NH4]+,1.0,78.0662,1.0,112.9
41,AllCCS-32859911.0,Urea,CH4N2O,[M+Na]+,1.0,83.0216,1.0,114.1
45,DarkChem-31661259.0,Galactose 1-phosphate,C6H13O9P,[M+H]+,1.0,261.037,1.0,157.9
47,AllCCS-32859911.0,Galactose 1-phosphate,C6H13O9P,[M+H]+,1.0,261.037,1.0,156.4
49,DeepCCS-30932474.0,Galactose 1-phosphate,C6H13O9P,[M+H]+,1.0,261.037,1.0,143.2
52,DeepCCS-30932474.0,Galactose 1-phosphate,C6H13O9P,[M+Na]+,1.0,283.0189,1.0,150.3
54,AllCCS-32859911.0,Galactose 1-phosphate,C6H13O9P,[M+H-H2O]+,1.0,243.0264,1.0,152.8
55,AllCCS-32859911.0,Galactose 1-phosphate,C6H13O9P,[M+NH4]+,1.0,278.0635,1.0,159.7
56,AllCCS-32859911.0,Galactose 1-phosphate,C6H13O9P,[M+Na]+,1.0,283.0189,1.0,160.6
61,DarkChem-31661259.0,"D-myo-Inositol 1,4,5,6-tetrakisphosphate",C6H16O18P4,[M+H]+,1.0,500.936,1.0,205.4
63,DeepCCS-30932474.0,"D-myo-Inositol 1,4,5,6-tetrakisphosphate",C6H16O18P4,[M+H]+,1.0,500.936,1.0,174.1
66,DeepCCS-30932474.0,"D-myo-Inositol 1,4,5,6-tetrakisphosphate",C6H16O18P4,[M+Na]+,1.0,522.9179,1.0,179.9
67,AllCCS-32859911.0,"D-myo-Inositol 1,4,5,6-tetrakisphosphate",C6H16O18P4,[M+H]+,1.0,500.936,1.0,194.7
68,AllCCS-32859911.0,"D-myo-Inositol 1,4,5,6-tetrakisphosphate",C6H16O18P4,[M+H-H2O]+,1.0,482.9254,1.0,192.8
69,AllCCS-32859911.0,"D-myo-Inositol 1,4,5,6-tetrakisphosphate",C6H16O18P4,[M+NH4]+,1.0,517.9625,1.0,196.4
70,AllCCS-32859911.0,"D-myo-Inositol 1,4,5,6-tetrakisphosphate",C6H16O18P4,[M+Na]+,1.0,522.9179,1.0,196.9
74,DarkChem-31661259.0,Quinolinic acid,C7H5NO4,[M+H]+,1.0,168.0291,1.0,136.0
76,AllCCS-32859911.0,Quinolinic acid,C7H5NO4,[M+H]+,1.0,168.0291,1.0,134.8
78,DeepCCS-30932474.0,Quinolinic acid,C7H5NO4,[M+H]+,1.0,168.0291,1.0,132.1
81,DeepCCS-30932474.0,Quinolinic acid,C7H5NO4,[M+Na]+,1.0,190.0111,1.0,141.0
83,AllCCS-32859911.0,Quinolinic acid,C7H5NO4,[M+H-H2O]+,1.0,150.0186,1.0,130.4
84,AllCCS-32859911.0,Quinolinic acid,C7H5NO4,[M+NH4]+,1.0,185.0557,1.0,139.0
85,AllCCS-32859911.0,Quinolinic acid,C7H5NO4,[M+Na]+,1.0,190.0111,1.0,140.2
89,DarkChem-31661259.0,Trehalose,C12H22O11,[M+H]+,1.0,343.1235,1.0,174.6
91,AllCCS-32859911.0,Trehalose,C12H22O11,[M+H]+,1.0,343.1235,1.0,176.3
93,DeepCCS-30932474.0,Trehalose,C12H22O11,[M+H]+,1.0,343.1235,1.0,171.3
96,DeepCCS-30932474.0,Trehalose,C12H22O11,[M+Na]+,1.0,365.1054,1.0,177.1
98,AllCCS-32859911.0,Trehalose,C12H22O11,[M+H-H2O]+,1.0,325.1129,1.0,173.5
99,AllCCS-32859911.0,Trehalose,C12H22O11,[M+NH4]+,1.0,360.15,1.0,178.9
100,AllCCS-32859911.0,Trehalose,C12H22O11,[M+Na]+,1.0,365.1054,1.0,179.6
104,DarkChem-31661259.0,Ethanolamine,C2H7NO,[M+H]+,1.0,62.06,1.0,108.8
106,AllCCS-32859911.0,Ethanolamine,C2H7NO,[M+H]+,1.0,62.06,1.0,121.2
108,DeepCCS-30932474.0,Ethanolamine,C2H7NO,[M+H]+,1.0,62.06,1.0,118.3
111,DeepCCS-30932474.0,Ethanolamine,C2H7NO,[M+Na]+,1.0,84.042,1.0,126.2
114,AllCCS-32859911.0,Ethanolamine,C2H7NO,[M+NH4]+,1.0,79.0866,1.0,125.5
115,AllCCS-32859911.0,Ethanolamine,C2H7NO,[M+Na]+,1.0,84.042,1.0,126.7
119,DarkChem-31661259.0,"4-(2-Aminophenyl)-2,4-dioxobutanoic acid",C10H9NO4,[M+H]+,1.0,208.0604,1.0,146.8
121,AllCCS-32859911.0,"4-(2-Aminophenyl)-2,4-dioxobutanoic acid",C10H9NO4,[M+H]+,1.0,208.0604,1.0,144.9
123,DeepCCS-30932474.0,"4-(2-Aminophenyl)-2,4-dioxobutanoic acid",C10H9NO4,[M+H]+,1.0,208.0604,1.0,144.6
126,DeepCCS-30932474.0,"4-(2-Aminophenyl)-2,4-dioxobutanoic acid",C10H9NO4,[M+Na]+,1.0,230.0424,1.0,152.6
128,AllCCS-32859911.0,"4-(2-Aminophenyl)-2,4-dioxobutanoic acid",C10H9NO4,[M+H-H2O]+,1.0,190.0499,1.0,140.8
129,AllCCS-32859911.0,"4-(2-Aminophenyl)-2,4-dioxobutanoic acid",C10H9NO4,[M+NH4]+,1.0,225.087,1.0,148.6
130,AllCCS-32859911.0,"4-(2-Aminophenyl)-2,4-dioxobutanoic acid",C10H9NO4,[M+Na]+,1.0,230.0424,1.0,149.7
134,DarkChem-31661259.0,"D-Fructose 2,6-bisphosphate",C6H14O12P2,[M+H]+,1.0,341.0033,1.0,172.9
136,AllCCS-32859911.0,"D-Fructose 2,6-bisphosphate",C6H14O12P2,[M+H]+,1.0,341.0033,1.0,170.0
138,DeepCCS-30932474.0,"D-Fructose 2,6-bisphosphate",C6H14O12P2,[M+H]+,1.0,341.0033,1.0,148.5
141,DeepCCS-30932474.0,"D-Fructose 2,6-bisphosphate",C6H14O12P2,[M+Na]+,1.0,362.9853,1.0,155.1
143,AllCCS-32859911.0,"D-Fructose 2,6-bisphosphate",C6H14O12P2,[M+H-H2O]+,1.0,322.9928,1.0,167.0
144,AllCCS-32859911.0,"D-Fructose 2,6-bisphosphate",C6H14O12P2,[M+NH4]+,1.0,358.0299,1.0,172.8
145,AllCCS-32859911.0,"D-Fructose 2,6-bisphosphate",C6H14O12P2,[M+Na]+,1.0,362.9853,1.0,173.6
150,DeepCCS-30932474.0,5-Diphosphoinositol pentakisphosphate,C6H19O27P7,[M+H]+,1.0,740.835,1.0,199.0
153,DeepCCS-30932474.0,5-Diphosphoinositol pentakisphosphate,C6H19O27P7,[M+Na]+,1.0,762.8169,1.0,206.4
154,AllCCS-32859911.0,5-Diphosphoinositol pentakisphosphate,C6H19O27P7,[M+H]+,1.0,740.835,1.0,222.8
155,AllCCS-32859911.0,5-Diphosphoinositol pentakisphosphate,C6H19O27P7,[M+H-H2O]+,1.0,722.8244,1.0,222.2
156,AllCCS-32859911.0,5-Diphosphoinositol pentakisphosphate,C6H19O27P7,[M+NH4]+,1.0,757.8615,1.0,223.2
157,AllCCS-32859911.0,5-Diphosphoinositol pentakisphosphate,C6H19O27P7,[M+Na]+,1.0,762.8169,1.0,223.3
161,AllCCS-32859911.0,"D-Arabinono-1,4-lactone",C5H8O5,[M+H]+,1.0,149.0444,1.0,133.3
162,AllCCS-32859911.0,"D-Arabinono-1,4-lactone",C5H8O5,[M+H-H2O]+,1.0,131.0339,1.0,128.8
163,AllCCS-32859911.0,"D-Arabinono-1,4-lactone",C5H8O5,[M+Na]+,1.0,171.0264,1.0,138.7
164,AllCCS-32859911.0,"D-Arabinono-1,4-lactone",C5H8O5,[M+NH4]+,1.0,166.071,1.0,137.5
168,DeepCCS-30932474.0,"D-Arabinono-1,4-lactone",C5H8O5,[M+H]+,1.0,149.0444,1.0,131.8
171,DeepCCS-30932474.0,"D-Arabinono-1,4-lactone",C5H8O5,[M+Na]+,1.0,171.0264,1.0,138.6
172,DarkChem-31661259.0,"delta8,14-Sterol",C29H46O,[M+H]+,1.0,411.3621,1.0,200.5
175,DeepCCS-30932474.0,"delta8,14-Sterol",C29H46O,[M+Na]+,1.0,433.3441,1.0,217.5
176,AllCCS-32859911.0,"delta8,14-Sterol",C29H46O,[M+H]+,1.0,411.3621,1.0,208.4
177,AllCCS-32859911.0,"delta8,14-Sterol",C29H46O,[M+H-H2O]+,1.0,393.3516,1.0,206.3
178,AllCCS-32859911.0,"delta8,14-Sterol",C29H46O,[M+NH4]+,1.0,428.3887,1.0,210.3
179,AllCCS-32859911.0,"delta8,14-Sterol",C29H46O,[M+Na]+,1.0,433.3441,1.0,210.8
183,DarkChem-31661259.0,Glycine,C2H5NO2,[M+H]+,1.0,76.0393,1.0,112.3
185,AllCCS-32859911.0,Glycine,C2H5NO2,[M+H]+,1.0,76.0393,1.0,122.9
187,DeepCCS-30932474.0,Glycine,C2H5NO2,[M+H]+,1.0,76.0393,1.0,128.1
190,DeepCCS-30932474.0,Glycine,C2H5NO2,[M+Na]+,1.0,98.0212,1.0,136.3
192,AllCCS-32859911.0,Glycine,C2H5NO2,[M+H-H2O]+,1.0,58.0287,1.0,118.5
193,AllCCS-32859911.0,Glycine,C2H5NO2,[M+NH4]+,1.0,93.0659,1.0,127.1
194,AllCCS-32859911.0,Glycine,C2H5NO2,[M+Na]+,1.0,98.0212,1.0,128.3
198,DarkChem-31661259.0,2-(3-Carboxy-3-aminopropyl)-L-histidine,C10H16N4O4,[M+H]+,1.0,257.1244,1.0,160.1
200,DeepCCS-30932474.0,2-(3-Carboxy-3-aminopropyl)-L-histidine,C10H16N4O4,[M+H]+,1.0,257.1244,1.0,158.6
203,DeepCCS-30932474.0,2-(3-Carboxy-3-aminopropyl)-L-histidine,C10H16N4O4,[M+Na]+,1.0,279.1064,1.0,164.7
204,AllCCS-32859911.0,2-(3-Carboxy-3-aminopropyl)-L-histidine,C10H16N4O4,[M+H]+,1.0,257.1244,1.0,156.9
205,AllCCS-32859911.0,2-(3-Carboxy-3-aminopropyl)-L-histidine,C10H16N4O4,[M+H-H2O]+,1.0,239.1139,1.0,153.6
206,AllCCS-32859911.0,2-(3-Carboxy-3-aminopropyl)-L-histidine,C10H16N4O4,[M+NH4]+,1.0,274.151,1.0,160.0
207,AllCCS-32859911.0,2-(3-Carboxy-3-aminopropyl)-L-histidine,C10H16N4O4,[M+Na]+,1.0,279.1064,1.0,160.8
211,DarkChem-31661259.0,Dihydroxyacetone,C3H6O3,[M+H]+,1.0,91.039,1.0,116.8
213,AllCCS-32859911.0,Dihydroxyacetone,C3H6O3,[M+H]+,1.0,91.039,1.0,123.7
215,DeepCCS-30932474.0,Dihydroxyacetone,C3H6O3,[M+H]+,1.0,91.039,1.0,127.6
218,DeepCCS-30932474.0,Dihydroxyacetone,C3H6O3,[M+Na]+,1.0,113.0209,1.0,135.7
220,AllCCS-32859911.0,Dihydroxyacetone,C3H6O3,[M+H-H2O]+,1.0,73.0284,1.0,119.3
221,AllCCS-32859911.0,Dihydroxyacetone,C3H6O3,[M+NH4]+,1.0,108.0655,1.0,127.8
222,AllCCS-32859911.0,Dihydroxyacetone,C3H6O3,[M+Na]+,1.0,113.0209,1.0,129.0
226,DarkChem-31661259.0,Saccharopine,C11H20N2O6,[M+H]+,1.0,277.1394,1.0,163.9
228,AllCCS-32859911.0,Saccharopine,C11H20N2O6,[M+H]+,1.0,277.1394,1.0,160.6
230,DeepCCS-30932474.0,Saccharopine,C11H20N2O6,[M+H]+,1.0,277.1394,1.0,163.6
233,DeepCCS-30932474.0,Saccharopine,C11H20N2O6,[M+Na]+,1.0,299.1214,1.0,169.7
235,AllCCS-32859911.0,Saccharopine,C11H20N2O6,[M+H-H2O]+,1.0,259.1288,1.0,157.7
236,AllCCS-32859911.0,Saccharopine,C11H20N2O6,[M+NH4]+,1.0,294.166,1.0,163.3
237,AllCCS-32859911.0,Saccharopine,C11H20N2O6,[M+Na]+,1.0,299.1214,1.0,164.1
249,DeepCCS-30932474.0,Acetaldehyde,C2H4O,[M+Na]+,1.0,67.0154,1.0,123.1
250,DarkChem-31661259.0,Cyclic AMP,C10H12N5O6P,[M+H]+,1.0,330.0598,1.0,173.9
252,AllCCS-32859911.0,Cyclic AMP,C10H12N5O6P,[M+H]+,1.0,330.0598,1.0,172.3
255,DeepCCS-30932474.0,Cyclic AMP,C10H12N5O6P,[M+Na]+,1.0,352.0417,1.0,165.9
257,AllCCS-32859911.0,Cyclic AMP,C10H12N5O6P,[M+H-H2O]+,1.0,312.0492,1.0,169.2
258,AllCCS-32859911.0,Cyclic AMP,C10H12N5O6P,[M+NH4]+,1.0,347.0863,1.0,175.2
259,AllCCS-32859911.0,Cyclic AMP,C10H12N5O6P,[M+Na]+,1.0,352.0417,1.0,176.0
263,DarkChem-31661259.0,"5-(Methylthio)-2,3-dioxopentyl phosphate",C6H11O6PS,[M+H]+,1.0,243.0087,1.0,155.7
265,DeepCCS-30932474.0,"5-(Methylthio)-2,3-dioxopentyl phosphate",C6H11O6PS,[M+H]+,1.0,243.0087,1.0,147.1
268,DeepCCS-30932474.0,"5-(Methylthio)-2,3-dioxopentyl phosphate",C6H11O6PS,[M+Na]+,1.0,264.9906,1.0,155.9
269,AllCCS-32859911.0,"5-(Methylthio)-2,3-dioxopentyl phosphate",C6H11O6PS,[M+H]+,1.0,243.0087,1.0,150.2
270,AllCCS-32859911.0,"5-(Methylthio)-2,3-dioxopentyl phosphate",C6H11O6PS,[M+H-H2O]+,1.0,224.9981,1.0,146.9
271,AllCCS-32859911.0,"5-(Methylthio)-2,3-dioxopentyl phosphate",C6H11O6PS,[M+NH4]+,1.0,260.0352,1.0,153.4
272,AllCCS-32859911.0,"5-(Methylthio)-2,3-dioxopentyl phosphate",C6H11O6PS,[M+Na]+,1.0,264.9906,1.0,154.3
276,DarkChem-31661259.0,Orotidylic acid,C10H13N2O11P,[M+H]+,1.0,369.033,1.0,180.2
278,AllCCS-32859911.0,Orotidylic acid,C10H13N2O11P,[M+H]+,1.0,369.033,1.0,176.3
280,DeepCCS-30932474.0,Orotidylic acid,C10H13N2O11P,[M+H]+,1.0,369.033,1.0,172.6
283,DeepCCS-30932474.0,Orotidylic acid,C10H13N2O11P,[M+Na]+,1.0,391.0149,1.0,178.5
285,AllCCS-32859911.0,Orotidylic acid,C10H13N2O11P,[M+H-H2O]+,1.0,351.0224,1.0,173.5
286,AllCCS-32859911.0,Orotidylic acid,C10H13N2O11P,[M+NH4]+,1.0,386.0595,1.0,178.9
287,AllCCS-32859911.0,Orotidylic acid,C10H13N2O11P,[M+Na]+,1.0,391.0149,1.0,179.7
291,DarkChem-31661259.0,Isocitric acid,C6H8O7,[M+H]+,1.0,193.0343,1.0,142.2
293,AllCCS-32859911.0,Isocitric acid,C6H8O7,[M+H]+,1.0,193.0343,1.0,141.8
295,DeepCCS-30932474.0,Isocitric acid,C6H8O7,[M+H]+,1.0,193.0343,1.0,131.1
298,DeepCCS-30932474.0,Isocitric acid,C6H8O7,[M+Na]+,1.0,215.0162,1.0,140.5
300,AllCCS-32859911.0,Isocitric acid,C6H8O7,[M+H-H2O]+,1.0,175.0237,1.0,138.1
301,AllCCS-32859911.0,Isocitric acid,C6H8O7,[M+NH4]+,1.0,210.0608,1.0,145.3
302,AllCCS-32859911.0,Isocitric acid,C6H8O7,[M+Na]+,1.0,215.0162,1.0,146.3
306,DarkChem-31661259.0,Ureidosuccinic acid,C5H8N2O5,[M+H]+,1.0,177.0506,1.0,141.6
308,AllCCS-32859911.0,Ureidosuccinic acid,C5H8N2O5,[M+H]+,1.0,177.0506,1.0,139.7
310,DeepCCS-30932474.0,Ureidosuccinic acid,C5H8N2O5,[M+H]+,1.0,177.0506,1.0,131.9
313,DeepCCS-30932474.0,Ureidosuccinic acid,C5H8N2O5,[M+Na]+,1.0,199.0325,1.0,140.9
315,AllCCS-32859911.0,Ureidosuccinic acid,C5H8N2O5,[M+H-H2O]+,1.0,159.04,1.0,135.9
316,AllCCS-32859911.0,Ureidosuccinic acid,C5H8N2O5,[M+NH4]+,1.0,194.0771,1.0,143.2
317,AllCCS-32859911.0,Ureidosuccinic acid,C5H8N2O5,[M+Na]+,1.0,199.0325,1.0,144.2
321,DarkChem-31661259.0,N2-Acetylornithine,C7H14N2O3,[M+H]+,1.0,175.1077,1.0,141.1
323,DeepCCS-30932474.0,N2-Acetylornithine,C7H14N2O3,[M+H]+,1.0,175.1077,1.0,136.3
326,DeepCCS-30932474.0,N2-Acetylornithine,C7H14N2O3,[M+Na]+,1.0,197.0897,1.0,145.4
327,AllCCS-32859911.0,N2-Acetylornithine,C7H14N2O3,[M+H]+,1.0,175.1077,1.0,140.1
328,AllCCS-32859911.0,N2-Acetylornithine,C7H14N2O3,[M+H-H2O]+,1.0,157.0972,1.0,136.4
329,AllCCS-32859911.0,N2-Acetylornithine,C7H14N2O3,[M+NH4]+,1.0,192.1343,1.0,143.7
330,AllCCS-32859911.0,N2-Acetylornithine,C7H14N2O3,[M+Na]+,1.0,197.0897,1.0,144.7
336,AllCCS-32859911.0,3-deoxy-D-arabino-heptulosonate-7-phosphate,C7H13O10P,[M+H]+,1.0,289.0319,1.0,160.7
337,AllCCS-32859911.0,3-deoxy-D-arabino-heptulosonate-7-phosphate,C7H13O10P,[M+H-H2O]+,1.0,271.0213,1.0,157.6
338,AllCCS-32859911.0,3-deoxy-D-arabino-heptulosonate-7-phosphate,C7H13O10P,[M+Na]+,1.0,311.0139,1.0,164.4
339,AllCCS-32859911.0,3-deoxy-D-arabino-heptulosonate-7-phosphate,C7H13O10P,[M+NH4]+,1.0,306.0585,1.0,163.6
343,DeepCCS-30932474.0,3-deoxy-D-arabino-heptulosonate-7-phosphate,C7H13O10P,[M+H]+,1.0,289.0319,1.0,154.4
346,DeepCCS-30932474.0,3-deoxy-D-arabino-heptulosonate-7-phosphate,C7H13O10P,[M+Na]+,1.0,311.0139,1.0,160.4
347,DarkChem-31661259.0,Purine,C5H4N4,[M+H]+,1.0,121.0509,1.0,122.7
349,AllCCS-32859911.0,Purine,C5H4N4,[M+H]+,1.0,121.0509,1.0,124.9
354,DeepCCS-30932474.0,Purine,C5H4N4,[M+Na]+,1.0,143.0328,1.0,130.4
357,AllCCS-32859911.0,Purine,C5H4N4,[M+NH4]+,1.0,138.0774,1.0,129.5
358,AllCCS-32859911.0,Purine,C5H4N4,[M+Na]+,1.0,143.0328,1.0,130.9
362,DarkChem-31661259.0,Glyoxylic acid,C2H2O3,[M+H]+,1.0,75.0077,1.0,111.2
364,AllCCS-32859911.0,Glyoxylic acid,C2H2O3,[M+H]+,1.0,75.0077,1.0,123.2
366,DeepCCS-30932474.0,Glyoxylic acid,C2H2O3,[M+H]+,1.0,75.0077,1.0,119.3
369,DeepCCS-30932474.0,Glyoxylic acid,C2H2O3,[M+Na]+,1.0,96.9896,1.0,127.4
371,AllCCS-32859911.0,Glyoxylic acid,C2H2O3,[M+H-H2O]+,1.0,56.9971,1.0,118.7
372,AllCCS-32859911.0,Glyoxylic acid,C2H2O3,[M+NH4]+,1.0,92.0342,1.0,127.4
373,AllCCS-32859911.0,Glyoxylic acid,C2H2O3,[M+Na]+,1.0,96.9896,1.0,128.6
377,DarkChem-31661259.0,L-Aspartate-semialdehyde,C4H7NO3,[M+H]+,1.0,118.0499,1.0,125.8
379,DeepCCS-30932474.0,L-Aspartate-semialdehyde,C4H7NO3,[M+H]+,1.0,118.0499,1.0,122.5
382,DeepCCS-30932474.0,L-Aspartate-semialdehyde,C4H7NO3,[M+Na]+,1.0,140.0318,1.0,131.2
383,AllCCS-32859911.0,L-Aspartate-semialdehyde,C4H7NO3,[M+H]+,1.0,118.0499,1.0,129.2
384,AllCCS-32859911.0,L-Aspartate-semialdehyde,C4H7NO3,[M+H-H2O]+,1.0,100.0393,1.0,125.0
385,AllCCS-32859911.0,L-Aspartate-semialdehyde,C4H7NO3,[M+NH4]+,1.0,135.0764,1.0,133.2
386,AllCCS-32859911.0,L-Aspartate-semialdehyde,C4H7NO3,[M+Na]+,1.0,140.0318,1.0,134.3
391,DarkChem-31661259.0,4-alpha-Methyl-5-alpha-cholest-7-en-3-beta-ol,C28H48O,[M+H]+,1.0,401.3778,1.0,199.0
394,DeepCCS-30932474.0,4-alpha-Methyl-5-alpha-cholest-7-en-3-beta-ol,C28H48O,[M+Na]+,1.0,423.3597,1.0,219.7
395,AllCCS-32859911.0,4-alpha-Methyl-5-alpha-cholest-7-en-3-beta-ol,C28H48O,[M+H]+,1.0,401.3778,1.0,206.7
396,AllCCS-32859911.0,4-alpha-Methyl-5-alpha-cholest-7-en-3-beta-ol,C28H48O,[M+H-H2O]+,1.0,383.3672,1.0,204.7
397,AllCCS-32859911.0,4-alpha-Methyl-5-alpha-cholest-7-en-3-beta-ol,C28H48O,[M+NH4]+,1.0,418.4043,1.0,208.6
398,AllCCS-32859911.0,4-alpha-Methyl-5-alpha-cholest-7-en-3-beta-ol,C28H48O,[M+Na]+,1.0,423.3597,1.0,209.2
402,DarkChem-31661259.0,Pyridoxine,C8H11NO3,[M+H]+,1.0,170.0812,1.0,136.3
406,DeepCCS-30932474.0,Pyridoxine,C8H11NO3,[M+H]+,1.0,170.0812,1.0,137.0
409,DeepCCS-30932474.0,Pyridoxine,C8H11NO3,[M+Na]+,1.0,192.0631,1.0,146.1
411,AllCCS-32859911.0,Pyridoxine,C8H11NO3,[M+H-H2O]+,1.0,152.0706,1.0,132.0
412,AllCCS-32859911.0,Pyridoxine,C8H11NO3,[M+NH4]+,1.0,187.1077,1.0,140.4
413,AllCCS-32859911.0,Pyridoxine,C8H11NO3,[M+Na]+,1.0,192.0631,1.0,141.6
417,DarkChem-31661259.0,Isoleucine,C6H13NO2,[M+H]+,1.0,132.1019,1.0,130.7
419,AllCCS-32859911.0,Isoleucine,C6H13NO2,[M+H]+,1.0,132.1019,1.0,132.3
421,DeepCCS-30932474.0,Isoleucine,C6H13NO2,[M+H]+,1.0,132.1019,1.0,131.2
424,DeepCCS-30932474.0,Isoleucine,C6H13NO2,[M+Na]+,1.0,154.0838,1.0,140.4
426,AllCCS-32859911.0,Isoleucine,C6H13NO2,[M+H-H2O]+,1.0,114.0913,1.0,128.2
427,AllCCS-32859911.0,Isoleucine,C6H13NO2,[M+NH4]+,1.0,149.1285,1.0,136.2
428,AllCCS-32859911.0,Isoleucine,C6H13NO2,[M+Na]+,1.0,154.0838,1.0,137.3
432,DarkChem-31661259.0,(S)-2-Aceto-2-hydroxybutanoic acid,C6H10O4,[M+H]+,1.0,147.0652,1.0,133.2
434,DeepCCS-30932474.0,(S)-2-Aceto-2-hydroxybutanoic acid,C6H10O4,[M+H]+,1.0,147.0652,1.0,126.1
437,DeepCCS-30932474.0,(S)-2-Aceto-2-hydroxybutanoic acid,C6H10O4,[M+Na]+,1.0,169.0471,1.0,135.0
438,AllCCS-32859911.0,(S)-2-Aceto-2-hydroxybutanoic acid,C6H10O4,[M+H]+,1.0,147.0652,1.0,133.5
439,AllCCS-32859911.0,(S)-2-Aceto-2-hydroxybutanoic acid,C6H10O4,[M+H-H2O]+,1.0,129.0546,1.0,129.4
440,AllCCS-32859911.0,(S)-2-Aceto-2-hydroxybutanoic acid,C6H10O4,[M+NH4]+,1.0,164.0917,1.0,137.3
441,AllCCS-32859911.0,(S)-2-Aceto-2-hydroxybutanoic acid,C6H10O4,[M+Na]+,1.0,169.0471,1.0,138.4
447,DarkChem-31661259.0,"1,3-Diaminopropane",C3H10N2,[M+H]+,1.0,75.0917,1.0,112.4
449,AllCCS-32859911.0,"1,3-Diaminopropane",C3H10N2,[M+H]+,1.0,75.0917,1.0,121.6
451,DeepCCS-30932474.0,"1,3-Diaminopropane",C3H10N2,[M+H]+,1.0,75.0917,1.0,120.1
454,DeepCCS-30932474.0,"1,3-Diaminopropane",C3H10N2,[M+Na]+,1.0,97.0736,1.0,127.9
457,AllCCS-32859911.0,"1,3-Diaminopropane",C3H10N2,[M+NH4]+,1.0,92.1182,1.0,125.7
458,AllCCS-32859911.0,"1,3-Diaminopropane",C3H10N2,[M+Na]+,1.0,97.0736,1.0,126.9
462,DarkChem-31661259.0,N-Acetyl-glucosamine 1-phosphate,C8H16NO9P,[M+H]+,1.0,302.0635,1.0,168.4
464,AllCCS-32859911.0,N-Acetyl-glucosamine 1-phosphate,C8H16NO9P,[M+H]+,1.0,302.0635,1.0,165.3
466,DeepCCS-30932474.0,N-Acetyl-glucosamine 1-phosphate,C8H16NO9P,[M+H]+,1.0,302.0635,1.0,163.8
469,DeepCCS-30932474.0,N-Acetyl-glucosamine 1-phosphate,C8H16NO9P,[M+Na]+,1.0,324.0455,1.0,169.7
471,AllCCS-32859911.0,N-Acetyl-glucosamine 1-phosphate,C8H16NO9P,[M+H-H2O]+,1.0,284.053,1.0,162.1
472,AllCCS-32859911.0,N-Acetyl-glucosamine 1-phosphate,C8H16NO9P,[M+NH4]+,1.0,319.0901,1.0,168.3
473,AllCCS-32859911.0,N-Acetyl-glucosamine 1-phosphate,C8H16NO9P,[M+Na]+,1.0,324.0455,1.0,169.1
477,DarkChem-31661259.0,Glucosamine 6-phosphate,C6H14NO8P,[M+H]+,1.0,260.053,1.0,158.4
479,AllCCS-32859911.0,Glucosamine 6-phosphate,C6H14NO8P,[M+H]+,1.0,260.053,1.0,156.3
481,DeepCCS-30932474.0,Glucosamine 6-phosphate,C6H14NO8P,[M+H]+,1.0,260.053,1.0,150.8
484,DeepCCS-30932474.0,Glucosamine 6-phosphate,C6H14NO8P,[M+Na]+,1.0,282.0349,1.0,157.7
486,AllCCS-32859911.0,Glucosamine 6-phosphate,C6H14NO8P,[M+H-H2O]+,1.0,242.0424,1.0,152.7
487,AllCCS-32859911.0,Glucosamine 6-phosphate,C6H14NO8P,[M+NH4]+,1.0,277.0795,1.0,159.5
488,AllCCS-32859911.0,Glucosamine 6-phosphate,C6H14NO8P,[M+Na]+,1.0,282.0349,1.0,160.5
493,DarkChem-31661259.0,L-Cysteine,C3H7NO2S,[M+H]+,1.0,122.027,1.0,123.9
495,AllCCS-32859911.0,L-Cysteine,C3H7NO2S,[M+H]+,1.0,122.027,1.0,130.1
497,DeepCCS-30932474.0,L-Cysteine,C3H7NO2S,[M+H]+,1.0,122.027,1.0,123.0
500,DeepCCS-30932474.0,L-Cysteine,C3H7NO2S,[M+Na]+,1.0,144.009,1.0,131.6
502,AllCCS-32859911.0,L-Cysteine,C3H7NO2S,[M+H-H2O]+,1.0,104.0165,1.0,126.0
503,AllCCS-32859911.0,L-Cysteine,C3H7NO2S,[M+NH4]+,1.0,139.0536,1.0,134.0
504,AllCCS-32859911.0,L-Cysteine,C3H7NO2S,[M+Na]+,1.0,144.009,1.0,135.1
508,DarkChem-31661259.0,N-Acetyl-L-glutamyl 5-phosphate,C7H12NO8P,[M+H]+,1.0,270.0373,1.0,161.4
510,DeepCCS-30932474.0,N-Acetyl-L-glutamyl 5-phosphate,C7H12NO8P,[M+H]+,1.0,270.0373,1.0,150.8
513,DeepCCS-30932474.0,N-Acetyl-L-glutamyl 5-phosphate,C7H12NO8P,[M+Na]+,1.0,292.0193,1.0,156.7
514,AllCCS-32859911.0,N-Acetyl-L-glutamyl 5-phosphate,C7H12NO8P,[M+H]+,1.0,270.0373,1.0,157.1
515,AllCCS-32859911.0,N-Acetyl-L-glutamyl 5-phosphate,C7H12NO8P,[M+H-H2O]+,1.0,252.0268,1.0,153.9
516,AllCCS-32859911.0,N-Acetyl-L-glutamyl 5-phosphate,C7H12NO8P,[M+NH4]+,1.0,287.0639,1.0,160.1
517,AllCCS-32859911.0,N-Acetyl-L-glutamyl 5-phosphate,C7H12NO8P,[M+Na]+,1.0,292.0193,1.0,161.0
521,DarkChem-31661259.0,3-Aminopropionaldehyde,C3H7NO,[M+H]+,1.0,74.06,1.0,112.1
523,AllCCS-32859911.0,3-Aminopropionaldehyde,C3H7NO,[M+H]+,1.0,74.06,1.0,122.3
525,DeepCCS-30932474.0,3-Aminopropionaldehyde,C3H7NO,[M+H]+,1.0,74.06,1.0,120.0
528,DeepCCS-30932474.0,3-Aminopropionaldehyde,C3H7NO,[M+Na]+,1.0,96.042,1.0,127.5
530,AllCCS-32859911.0,3-Aminopropionaldehyde,C3H7NO,[M+H-H2O]+,1.0,56.0495,1.0,117.9
531,AllCCS-32859911.0,3-Aminopropionaldehyde,C3H7NO,[M+NH4]+,1.0,91.0866,1.0,126.5
532,AllCCS-32859911.0,3-Aminopropionaldehyde,C3H7NO,[M+Na]+,1.0,96.042,1.0,127.7
536,DarkChem-31661259.0,Uridine 5'-monophosphate,C9H13N2O9P,[M+H]+,1.0,325.0431,1.0,170.7
538,AllCCS-32859911.0,Uridine 5'-monophosphate,C9H13N2O9P,[M+H]+,1.0,325.0431,1.0,169.0
540,DeepCCS-30932474.0,Uridine 5'-monophosphate,C9H13N2O9P,[M+H]+,1.0,325.0431,1.0,166.9
543,DeepCCS-30932474.0,Uridine 5'-monophosphate,C9H13N2O9P,[M+Na]+,1.0,347.0251,1.0,173.4
545,AllCCS-32859911.0,Uridine 5'-monophosphate,C9H13N2O9P,[M+H-H2O]+,1.0,307.0326,1.0,165.9
546,AllCCS-32859911.0,Uridine 5'-monophosphate,C9H13N2O9P,[M+NH4]+,1.0,342.0697,1.0,171.9
547,AllCCS-32859911.0,Uridine 5'-monophosphate,C9H13N2O9P,[M+Na]+,1.0,347.0251,1.0,172.7
551,DarkChem-31661259.0,8-Oxo-dGMP,C10H14N5O8P,[M+H]+,1.0,364.0653,1.0,179.1
553,DeepCCS-30932474.0,8-Oxo-dGMP,C10H14N5O8P,[M+H]+,1.0,364.0653,1.0,169.9
556,DeepCCS-30932474.0,8-Oxo-dGMP,C10H14N5O8P,[M+Na]+,1.0,386.0472,1.0,178.2
557,AllCCS-32859911.0,8-Oxo-dGMP,C10H14N5O8P,[M+H]+,1.0,364.0653,1.0,176.8
558,AllCCS-32859911.0,8-Oxo-dGMP,C10H14N5O8P,[M+H-H2O]+,1.0,346.0547,1.0,173.9
559,AllCCS-32859911.0,8-Oxo-dGMP,C10H14N5O8P,[M+NH4]+,1.0,381.0918,1.0,179.4
560,AllCCS-32859911.0,8-Oxo-dGMP,C10H14N5O8P,[M+Na]+,1.0,386.0472,1.0,180.2
564,DarkChem-31661259.0,Cytidine,C9H13N3O5,[M+H]+,1.0,244.0928,1.0,154.3
566,AllCCS-32859911.0,Cytidine,C9H13N3O5,[M+H]+,1.0,244.0928,1.0,154.6
568,DeepCCS-30932474.0,Cytidine,C9H13N3O5,[M+H]+,1.0,244.0928,1.0,154.0
571,DeepCCS-30932474.0,Cytidine,C9H13N3O5,[M+Na]+,1.0,266.0747,1.0,161.0
573,AllCCS-32859911.0,Cytidine,C9H13N3O5,[M+H-H2O]+,1.0,226.0822,1.0,151.0
574,AllCCS-32859911.0,Cytidine,C9H13N3O5,[M+NH4]+,1.0,261.1193,1.0,158.1
575,AllCCS-32859911.0,Cytidine,C9H13N3O5,[M+Na]+,1.0,266.0747,1.0,159.1
580,DarkChem-31661259.0,(S)-3-Hydroxyisobutyryl-CoA,C25H42N7O18P3S,[M+H]+,1.0,854.1593,1.0,285.4
582,AllCCS-32859911.0,(S)-3-Hydroxyisobutyryl-CoA,C25H42N7O18P3S,[M+H]+,1.0,854.1593,1.0,257.1
585,DeepCCS-30932474.0,(S)-3-Hydroxyisobutyryl-CoA,C25H42N7O18P3S,[M+Na]+,1.0,876.1412,1.0,204.2
587,AllCCS-32859911.0,(S)-3-Hydroxyisobutyryl-CoA,C25H42N7O18P3S,[M+H-H2O]+,1.0,836.1487,1.0,257.5
588,AllCCS-32859911.0,(S)-3-Hydroxyisobutyryl-CoA,C25H42N7O18P3S,[M+NH4]+,1.0,871.1858,1.0,256.7
589,AllCCS-32859911.0,(S)-3-Hydroxyisobutyryl-CoA,C25H42N7O18P3S,[M+Na]+,1.0,876.1412,1.0,256.5
594,AllCCS-32859911.0,Protoporphyrin IX,C34H34N4O4,[M+H]+,1.0,563.2653,1.0,237.4
596,DeepCCS-30932474.0,Protoporphyrin IX,C34H34N4O4,[M+H]+,1.0,563.2653,1.0,251.0
599,DeepCCS-30932474.0,Protoporphyrin IX,C34H34N4O4,[M+Na]+,1.0,585.2472,1.0,256.6
601,AllCCS-32859911.0,Protoporphyrin IX,C34H34N4O4,[M+H-H2O]+,1.0,545.2547,1.0,235.8
602,AllCCS-32859911.0,Protoporphyrin IX,C34H34N4O4,[M+NH4]+,1.0,580.2918,1.0,239.0
603,AllCCS-32859911.0,Protoporphyrin IX,C34H34N4O4,[M+Na]+,1.0,585.2472,1.0,239.4
607,DarkChem-31661259.0,Acetic acid,C2H4O2,[M+H]+,1.0,61.0284,1.0,108.8
609,AllCCS-32859911.0,Acetic acid,C2H4O2,[M+H]+,1.0,61.0284,1.0,121.7
611,DeepCCS-30932474.0,Acetic acid,C2H4O2,[M+H]+,1.0,61.0284,1.0,124.7
614,DeepCCS-30932474.0,Acetic acid,C2H4O2,[M+Na]+,1.0,83.0103,1.0,133.2
617,AllCCS-32859911.0,Acetic acid,C2H4O2,[M+NH4]+,1.0,78.055,1.0,126.0
618,AllCCS-32859911.0,Acetic acid,C2H4O2,[M+Na]+,1.0,83.0103,1.0,127.2
623,DarkChem-31661259.0,Adenosine,C10H13N5O4,[M+H]+,1.0,268.104,1.0,160.0
625,AllCCS-32859911.0,Adenosine,C10H13N5O4,[M+H]+,1.0,268.104,1.0,160.4
627,DeepCCS-30932474.0,Adenosine,C10H13N5O4,[M+H]+,1.0,268.104,1.0,162.8
630,DeepCCS-30932474.0,Adenosine,C10H13N5O4,[M+Na]+,1.0,290.086,1.0,169.5
632,AllCCS-32859911.0,Adenosine,C10H13N5O4,[M+H-H2O]+,1.0,250.0935,1.0,156.9
633,AllCCS-32859911.0,Adenosine,C10H13N5O4,[M+NH4]+,1.0,285.1306,1.0,163.7
634,AllCCS-32859911.0,Adenosine,C10H13N5O4,[M+Na]+,1.0,290.086,1.0,164.6
639,DarkChem-31661259.0,Citrulline,C6H13N3O3,[M+H]+,1.0,176.103,1.0,139.4
643,DeepCCS-30932474.0,Citrulline,C6H13N3O3,[M+H]+,1.0,176.103,1.0,134.8
646,DeepCCS-30932474.0,Citrulline,C6H13N3O3,[M+Na]+,1.0,198.0849,1.0,144.1
648,AllCCS-32859911.0,Citrulline,C6H13N3O3,[M+H-H2O]+,1.0,158.0924,1.0,135.6
649,AllCCS-32859911.0,Citrulline,C6H13N3O3,[M+NH4]+,1.0,193.1295,1.0,142.9
650,AllCCS-32859911.0,Citrulline,C6H13N3O3,[M+Na]+,1.0,198.0849,1.0,143.9
654,DarkChem-31661259.0,Ribose 1-phosphate,C5H11O8P,[M+H]+,1.0,231.0264,1.0,150.8
656,AllCCS-32859911.0,Ribose 1-phosphate,C5H11O8P,[M+H]+,1.0,231.0264,1.0,150.2
658,DeepCCS-30932474.0,Ribose 1-phosphate,C5H11O8P,[M+H]+,1.0,231.0264,1.0,141.5
661,DeepCCS-30932474.0,Ribose 1-phosphate,C5H11O8P,[M+Na]+,1.0,253.0084,1.0,148.1
663,AllCCS-32859911.0,Ribose 1-phosphate,C5H11O8P,[M+H-H2O]+,1.0,213.0159,1.0,146.4
664,AllCCS-32859911.0,Ribose 1-phosphate,C5H11O8P,[M+NH4]+,1.0,248.053,1.0,153.7
665,AllCCS-32859911.0,Ribose 1-phosphate,C5H11O8P,[M+Na]+,1.0,253.0084,1.0,154.7
672,DeepCCS-30932474.0,Methanethiol,CH4S,[M+Na]+,1.0,70.9926,1.0,119.0
673,DarkChem-31661259.0,"(R)-2,3-Dihydroxy-isovalerate",C5H10O4,[M+H]+,1.0,135.0652,1.0,128.9
675,DeepCCS-30932474.0,"(R)-2,3-Dihydroxy-isovalerate",C5H10O4,[M+H]+,1.0,135.0652,1.0,126.7
678,DeepCCS-30932474.0,"(R)-2,3-Dihydroxy-isovalerate",C5H10O4,[M+Na]+,1.0,157.0471,1.0,135.6
679,AllCCS-32859911.0,"(R)-2,3-Dihydroxy-isovalerate",C5H10O4,[M+H]+,1.0,135.0652,1.0,131.8
680,AllCCS-32859911.0,"(R)-2,3-Dihydroxy-isovalerate",C5H10O4,[M+H-H2O]+,1.0,117.0546,1.0,127.8
681,AllCCS-32859911.0,"(R)-2,3-Dihydroxy-isovalerate",C5H10O4,[M+NH4]+,1.0,152.0917,1.0,135.6
682,AllCCS-32859911.0,"(R)-2,3-Dihydroxy-isovalerate",C5H10O4,[M+Na]+,1.0,157.0471,1.0,136.7
686,DarkChem-31661259.0,CDP,C9H15N3O11P2,[M+H]+,1.0,404.0255,1.0,188.2
688,AllCCS-32859911.0,CDP,C9H15N3O11P2,[M+H]+,1.0,404.0255,1.0,182.3
690,DeepCCS-30932474.0,CDP,C9H15N3O11P2,[M+H]+,1.0,404.0255,1.0,164.8
693,DeepCCS-30932474.0,CDP,C9H15N3O11P2,[M+Na]+,1.0,426.0074,1.0,172.4
695,AllCCS-32859911.0,CDP,C9H15N3O11P2,[M+H-H2O]+,1.0,386.0149,1.0,179.8
696,AllCCS-32859911.0,CDP,C9H15N3O11P2,[M+NH4]+,1.0,421.052,1.0,184.6
697,AllCCS-32859911.0,CDP,C9H15N3O11P2,[M+Na]+,1.0,426.0074,1.0,185.2
701,DarkChem-31661259.0,5-Aminoimidazole ribonucleotide,C8H14N3O7P,[M+H]+,1.0,296.0642,1.0,165.7
703,AllCCS-32859911.0,5-Aminoimidazole ribonucleotide,C8H14N3O7P,[M+H]+,1.0,296.0642,1.0,164.7
705,DeepCCS-30932474.0,5-Aminoimidazole ribonucleotide,C8H14N3O7P,[M+H]+,1.0,296.0642,1.0,153.4
708,DeepCCS-30932474.0,5-Aminoimidazole ribonucleotide,C8H14N3O7P,[M+Na]+,1.0,318.0462,1.0,160.3
710,AllCCS-32859911.0,5-Aminoimidazole ribonucleotide,C8H14N3O7P,[M+H-H2O]+,1.0,278.0536,1.0,161.3
711,AllCCS-32859911.0,5-Aminoimidazole ribonucleotide,C8H14N3O7P,[M+NH4]+,1.0,313.0908,1.0,167.8
712,AllCCS-32859911.0,5-Aminoimidazole ribonucleotide,C8H14N3O7P,[M+Na]+,1.0,318.0462,1.0,168.7
716,DeepCCS-30932474.0,N-Acetyl-L-glutamic acid,C7H11NO5,[M+H]+,1.0,190.071,1.0,135.4
719,DeepCCS-30932474.0,N-Acetyl-L-glutamic acid,C7H11NO5,[M+Na]+,1.0,212.0529,1.0,144.5
720,AllCCS-32859911.0,N-Acetyl-L-glutamic acid,C7H11NO5,[M+H]+,1.0,190.071,1.0,142.7
721,AllCCS-32859911.0,N-Acetyl-L-glutamic acid,C7H11NO5,[M+H-H2O]+,1.0,172.0604,1.0,139.0
722,AllCCS-32859911.0,N-Acetyl-L-glutamic acid,C7H11NO5,[M+NH4]+,1.0,207.0975,1.0,146.2
723,AllCCS-32859911.0,N-Acetyl-L-glutamic acid,C7H11NO5,[M+Na]+,1.0,212.0529,1.0,147.2
727,DarkChem-31661259.0,5-Phosphoribosylamine,C5H12NO7P,[M+H]+,1.0,230.0424,1.0,150.6
729,AllCCS-32859911.0,5-Phosphoribosylamine,C5H12NO7P,[M+H]+,1.0,230.0424,1.0,150.0
731,DeepCCS-30932474.0,5-Phosphoribosylamine,C5H12NO7P,[M+H]+,1.0,230.0424,1.0,142.0
734,DeepCCS-30932474.0,5-Phosphoribosylamine,C5H12NO7P,[M+Na]+,1.0,252.0244,1.0,148.7
736,AllCCS-32859911.0,5-Phosphoribosylamine,C5H12NO7P,[M+H-H2O]+,1.0,212.0318,1.0,146.2
737,AllCCS-32859911.0,5-Phosphoribosylamine,C5H12NO7P,[M+NH4]+,1.0,247.069,1.0,153.6
738,AllCCS-32859911.0,5-Phosphoribosylamine,C5H12NO7P,[M+Na]+,1.0,252.0244,1.0,154.6
742,DarkChem-31661259.0,"(R)-2,3-Dihydroxy-3-methylvalerate",C6H12O4,[M+H]+,1.0,149.0808,1.0,132.1
744,DeepCCS-30932474.0,"(R)-2,3-Dihydroxy-3-methylvalerate",C6H12O4,[M+H]+,1.0,149.0808,1.0,129.1
747,DeepCCS-30932474.0,"(R)-2,3-Dihydroxy-3-methylvalerate",C6H12O4,[M+Na]+,1.0,171.0628,1.0,137.5
748,AllCCS-32859911.0,"(R)-2,3-Dihydroxy-3-methylvalerate",C6H12O4,[M+H]+,1.0,149.0808,1.0,135.1
749,AllCCS-32859911.0,"(R)-2,3-Dihydroxy-3-methylvalerate",C6H12O4,[M+H-H2O]+,1.0,131.0703,1.0,131.1
750,AllCCS-32859911.0,"(R)-2,3-Dihydroxy-3-methylvalerate",C6H12O4,[M+NH4]+,1.0,166.1074,1.0,138.9
751,AllCCS-32859911.0,"(R)-2,3-Dihydroxy-3-methylvalerate",C6H12O4,[M+Na]+,1.0,171.0628,1.0,139.9
755,DarkChem-31661259.0,Palmitic acid,C16H32O2,[M+H]+,1.0,257.2475,1.0,167.4
757,AllCCS-32859911.0,Palmitic acid,C16H32O2,[M+H]+,1.0,257.2475,1.0,172.2
759,DeepCCS-30932474.0,Palmitic acid,C16H32O2,[M+H]+,1.0,257.2475,1.0,165.9
762,DeepCCS-30932474.0,Palmitic acid,C16H32O2,[M+Na]+,1.0,279.2294,1.0,175.0
764,AllCCS-32859911.0,Palmitic acid,C16H32O2,[M+H-H2O]+,1.0,239.2369,1.0,169.0
765,AllCCS-32859911.0,Palmitic acid,C16H32O2,[M+NH4]+,1.0,274.2741,1.0,175.1
766,AllCCS-32859911.0,Palmitic acid,C16H32O2,[M+Na]+,1.0,279.2294,1.0,175.9
770,DarkChem-31661259.0,Imidazole acetol-phosphate,C6H9N2O5P,[M+H]+,1.0,221.0322,1.0,148.6
772,DeepCCS-30932474.0,Imidazole acetol-phosphate,C6H9N2O5P,[M+H]+,1.0,221.0322,1.0,124.5
775,DeepCCS-30932474.0,Imidazole acetol-phosphate,C6H9N2O5P,[M+Na]+,1.0,243.0141,1.0,133.4
776,AllCCS-32859911.0,Imidazole acetol-phosphate,C6H9N2O5P,[M+H]+,1.0,221.0322,1.0,146.2
777,AllCCS-32859911.0,Imidazole acetol-phosphate,C6H9N2O5P,[M+H-H2O]+,1.0,203.0216,1.0,142.3
778,AllCCS-32859911.0,Imidazole acetol-phosphate,C6H9N2O5P,[M+NH4]+,1.0,238.0587,1.0,149.8
779,AllCCS-32859911.0,Imidazole acetol-phosphate,C6H9N2O5P,[M+Na]+,1.0,243.0141,1.0,150.8
783,DarkChem-31661259.0,2-Ketobutyric acid,C4H6O3,[M+H]+,1.0,103.039,1.0,121.3
785,AllCCS-32859911.0,2-Ketobutyric acid,C4H6O3,[M+H]+,1.0,103.039,1.0,126.3
787,DeepCCS-30932474.0,2-Ketobutyric acid,C4H6O3,[M+H]+,1.0,103.039,1.0,126.7
790,DeepCCS-30932474.0,2-Ketobutyric acid,C4H6O3,[M+Na]+,1.0,125.0209,1.0,134.9
792,AllCCS-32859911.0,2-Ketobutyric acid,C4H6O3,[M+H-H2O]+,1.0,85.0284,1.0,121.9
793,AllCCS-32859911.0,2-Ketobutyric acid,C4H6O3,[M+NH4]+,1.0,120.0655,1.0,130.4
794,AllCCS-32859911.0,2-Ketobutyric acid,C4H6O3,[M+Na]+,1.0,125.0209,1.0,131.5
798,DarkChem-31661259.0,D-Galactose,C6H12O6,[M+H]+,1.0,181.0707,1.0,140.2
800,AllCCS-32859911.0,D-Galactose,C6H12O6,[M+H]+,1.0,181.0707,1.0,140.8
802,DeepCCS-30932474.0,D-Galactose,C6H12O6,[M+H]+,1.0,181.0707,1.0,141.3
805,DeepCCS-30932474.0,D-Galactose,C6H12O6,[M+Na]+,1.0,203.0526,1.0,147.7
807,AllCCS-32859911.0,D-Galactose,C6H12O6,[M+H-H2O]+,1.0,163.0601,1.0,136.7
808,AllCCS-32859911.0,D-Galactose,C6H12O6,[M+NH4]+,1.0,198.0972,1.0,144.7
809,AllCCS-32859911.0,D-Galactose,C6H12O6,[M+Na]+,1.0,203.0526,1.0,145.8
813,DarkChem-31661259.0,Glycerol 3-phosphate,C3H9O6P,[M+H]+,1.0,173.021,1.0,135.4
815,AllCCS-32859911.0,Glycerol 3-phosphate,C3H9O6P,[M+H]+,1.0,173.021,1.0,138.4
817,DeepCCS-30932474.0,Glycerol 3-phosphate,C3H9O6P,[M+H]+,1.0,173.021,1.0,127.5
820,DeepCCS-30932474.0,Glycerol 3-phosphate,C3H9O6P,[M+Na]+,1.0,195.0029,1.0,136.5
822,AllCCS-32859911.0,Glycerol 3-phosphate,C3H9O6P,[M+H-H2O]+,1.0,155.0104,1.0,134.5
823,AllCCS-32859911.0,Glycerol 3-phosphate,C3H9O6P,[M+NH4]+,1.0,190.0475,1.0,142.0
824,AllCCS-32859911.0,Glycerol 3-phosphate,C3H9O6P,[M+Na]+,1.0,195.0029,1.0,143.0
829,DarkChem-31661259.0,Dethiobiotin,C10H18N2O3,[M+H]+,1.0,215.139,1.0,149.7
831,DeepCCS-30932474.0,Dethiobiotin,C10H18N2O3,[M+H]+,1.0,215.139,1.0,149.6
834,DeepCCS-30932474.0,Dethiobiotin,C10H18N2O3,[M+Na]+,1.0,237.121,1.0,155.5
835,AllCCS-32859911.0,Dethiobiotin,C10H18N2O3,[M+H]+,1.0,215.139,1.0,150.8
836,AllCCS-32859911.0,Dethiobiotin,C10H18N2O3,[M+H-H2O]+,1.0,197.1285,1.0,147.1
837,AllCCS-32859911.0,Dethiobiotin,C10H18N2O3,[M+NH4]+,1.0,232.1656,1.0,154.3
838,AllCCS-32859911.0,Dethiobiotin,C10H18N2O3,[M+Na]+,1.0,237.121,1.0,155.3
842,DarkChem-31661259.0,DL-O-Phosphoserine,C3H8NO6P,[M+H]+,1.0,186.0162,1.0,139.1
844,AllCCS-32859911.0,DL-O-Phosphoserine,C3H8NO6P,[M+H]+,1.0,186.0162,1.0,140.6
846,DeepCCS-30932474.0,DL-O-Phosphoserine,C3H8NO6P,[M+H]+,1.0,186.0162,1.0,126.5
849,DeepCCS-30932474.0,DL-O-Phosphoserine,C3H8NO6P,[M+Na]+,1.0,207.9981,1.0,135.3
851,AllCCS-32859911.0,DL-O-Phosphoserine,C3H8NO6P,[M+H-H2O]+,1.0,168.0056,1.0,136.8
852,AllCCS-32859911.0,DL-O-Phosphoserine,C3H8NO6P,[M+NH4]+,1.0,203.0427,1.0,144.1
853,AllCCS-32859911.0,DL-O-Phosphoserine,C3H8NO6P,[M+Na]+,1.0,207.9981,1.0,145.1
857,DarkChem-31661259.0,5-Amino-1-(5-phospho-D-ribosyl)imidazole-4-carboxylic acid,C9H14N3O9P,[M+H]+,1.0,340.054,1.0,174.7
859,DeepCCS-30932474.0,5-Amino-1-(5-phospho-D-ribosyl)imidazole-4-carboxylic acid,C9H14N3O9P,[M+H]+,1.0,340.054,1.0,166.1
862,DeepCCS-30932474.0,5-Amino-1-(5-phospho-D-ribosyl)imidazole-4-carboxylic acid,C9H14N3O9P,[M+Na]+,1.0,362.036,1.0,172.3
863,AllCCS-32859911.0,5-Amino-1-(5-phospho-D-ribosyl)imidazole-4-carboxylic acid,C9H14N3O9P,[M+H]+,1.0,340.054,1.0,172.4
864,AllCCS-32859911.0,5-Amino-1-(5-phospho-D-ribosyl)imidazole-4-carboxylic acid,C9H14N3O9P,[M+H-H2O]+,1.0,322.0435,1.0,169.4
865,AllCCS-32859911.0,5-Amino-1-(5-phospho-D-ribosyl)imidazole-4-carboxylic acid,C9H14N3O9P,[M+NH4]+,1.0,357.0806,1.0,175.1
866,AllCCS-32859911.0,5-Amino-1-(5-phospho-D-ribosyl)imidazole-4-carboxylic acid,C9H14N3O9P,[M+Na]+,1.0,362.036,1.0,175.9
870,DarkChem-31661259.0,Fructose 6-phosphate,C6H13O9P,[M+H]+,1.0,261.037,1.0,161.0
872,AllCCS-32859911.0,Fructose 6-phosphate,C6H13O9P,[M+H]+,1.0,261.037,1.0,154.5
874,DeepCCS-30932474.0,Fructose 6-phosphate,C6H13O9P,[M+H]+,1.0,261.037,1.0,150.7
877,DeepCCS-30932474.0,Fructose 6-phosphate,C6H13O9P,[M+Na]+,1.0,283.0189,1.0,156.6
879,AllCCS-32859911.0,Fructose 6-phosphate,C6H13O9P,[M+H-H2O]+,1.0,243.0264,1.0,151.1
880,AllCCS-32859911.0,Fructose 6-phosphate,C6H13O9P,[M+NH4]+,1.0,278.0635,1.0,157.5
881,AllCCS-32859911.0,Fructose 6-phosphate,C6H13O9P,[M+Na]+,1.0,283.0189,1.0,158.4
885,DarkChem-31661259.0,Dihydrofolic acid,C19H21N7O6,[M+H]+,1.0,444.1626,1.0,200.4
887,AllCCS-32859911.0,Dihydrofolic acid,C19H21N7O6,[M+H]+,1.0,444.1626,1.0,197.4
889,DeepCCS-30932474.0,Dihydrofolic acid,C19H21N7O6,[M+H]+,1.0,444.1626,1.0,200.1
892,DeepCCS-30932474.0,Dihydrofolic acid,C19H21N7O6,[M+Na]+,1.0,466.1445,1.0,206.1
894,AllCCS-32859911.0,Dihydrofolic acid,C19H21N7O6,[M+H-H2O]+,1.0,426.152,1.0,195.4
895,AllCCS-32859911.0,Dihydrofolic acid,C19H21N7O6,[M+NH4]+,1.0,461.1892,1.0,199.2
896,AllCCS-32859911.0,Dihydrofolic acid,C19H21N7O6,[M+Na]+,1.0,466.1445,1.0,199.7
900,DarkChem-31661259.0,10-Formyltetrahydrofolate,C20H23N7O7,[M+H]+,1.0,474.1732,1.0,210.2
902,AllCCS-32859911.0,10-Formyltetrahydrofolate,C20H23N7O7,[M+H]+,1.0,474.1732,1.0,203.5
904,DeepCCS-30932474.0,10-Formyltetrahydrofolate,C20H23N7O7,[M+H]+,1.0,474.1732,1.0,203.1
907,DeepCCS-30932474.0,10-Formyltetrahydrofolate,C20H23N7O7,[M+Na]+,1.0,496.1551,1.0,209.0
909,AllCCS-32859911.0,10-Formyltetrahydrofolate,C20H23N7O7,[M+H-H2O]+,1.0,456.1626,1.0,201.7
910,AllCCS-32859911.0,10-Formyltetrahydrofolate,C20H23N7O7,[M+NH4]+,1.0,491.1997,1.0,205.0
911,AllCCS-32859911.0,10-Formyltetrahydrofolate,C20H23N7O7,[M+Na]+,1.0,496.1551,1.0,205.5
915,DeepCCS-30932474.0,Tetrahydropteroyltri-L-glutamic acid,C29H37N9O12,[M+H]+,1.0,704.2634,1.0,241.8
918,DeepCCS-30932474.0,Tetrahydropteroyltri-L-glutamic acid,C29H37N9O12,[M+Na]+,1.0,726.2454,1.0,247.7
919,AllCCS-32859911.0,Tetrahydropteroyltri-L-glutamic acid,C29H37N9O12,[M+H]+,1.0,704.2634,1.0,240.7
920,AllCCS-32859911.0,Tetrahydropteroyltri-L-glutamic acid,C29H37N9O12,[M+H-H2O]+,1.0,686.2529,1.0,240.6
921,AllCCS-32859911.0,Tetrahydropteroyltri-L-glutamic acid,C29H37N9O12,[M+NH4]+,1.0,721.29,1.0,240.8
922,AllCCS-32859911.0,Tetrahydropteroyltri-L-glutamic acid,C29H37N9O12,[M+Na]+,1.0,726.2454,1.0,240.8
926,DarkChem-31661259.0,Carbamoyl phosphate,CH4NO5P,[M+H]+,1.0,141.99,1.0,127.2
928,AllCCS-32859911.0,Carbamoyl phosphate,CH4NO5P,[M+H]+,1.0,141.99,1.0,134.4
930,DeepCCS-30932474.0,Carbamoyl phosphate,CH4NO5P,[M+H]+,1.0,141.99,1.0,113.5
933,DeepCCS-30932474.0,Carbamoyl phosphate,CH4NO5P,[M+Na]+,1.0,163.9719,1.0,122.0
935,AllCCS-32859911.0,Carbamoyl phosphate,CH4NO5P,[M+H-H2O]+,1.0,123.9794,1.0,130.4
936,AllCCS-32859911.0,Carbamoyl phosphate,CH4NO5P,[M+NH4]+,1.0,159.0165,1.0,138.2
937,AllCCS-32859911.0,Carbamoyl phosphate,CH4NO5P,[M+Na]+,1.0,163.9719,1.0,139.2
941,DarkChem-31661259.0,5-Aminolevulinic acid,C5H9NO3,[M+H]+,1.0,132.0655,1.0,128.8
943,AllCCS-32859911.0,5-Aminolevulinic acid,C5H9NO3,[M+H]+,1.0,132.0655,1.0,130.0
945,DeepCCS-30932474.0,5-Aminolevulinic acid,C5H9NO3,[M+H]+,1.0,132.0655,1.0,127.0
948,DeepCCS-30932474.0,5-Aminolevulinic acid,C5H9NO3,[M+Na]+,1.0,154.0475,1.0,135.5
950,AllCCS-32859911.0,5-Aminolevulinic acid,C5H9NO3,[M+H-H2O]+,1.0,114.055,1.0,125.9
951,AllCCS-32859911.0,5-Aminolevulinic acid,C5H9NO3,[M+NH4]+,1.0,149.0921,1.0,133.9
952,AllCCS-32859911.0,5-Aminolevulinic acid,C5H9NO3,[M+Na]+,1.0,154.0475,1.0,135.0
956,DarkChem-31661259.0,Coproporphyrinogen III,C36H44N4O8,[M+H]+,1.0,661.3232,1.0,254.5
958,AllCCS-32859911.0,Coproporphyrinogen III,C36H44N4O8,[M+H]+,1.0,661.3232,1.0,251.7
960,DeepCCS-30932474.0,Coproporphyrinogen III,C36H44N4O8,[M+H]+,1.0,661.3232,1.0,247.2
963,DeepCCS-30932474.0,Coproporphyrinogen III,C36H44N4O8,[M+Na]+,1.0,683.3051,1.0,252.9
965,AllCCS-32859911.0,Coproporphyrinogen III,C36H44N4O8,[M+H-H2O]+,1.0,643.3126,1.0,250.8
966,AllCCS-32859911.0,Coproporphyrinogen III,C36H44N4O8,[M+NH4]+,1.0,678.3497,1.0,252.5
967,AllCCS-32859911.0,Coproporphyrinogen III,C36H44N4O8,[M+Na]+,1.0,683.3051,1.0,252.7
971,DarkChem-31661259.0,Flavin mononucleotide,C17H21N4O9P,[M+H]+,1.0,457.1119,1.0,201.6
973,AllCCS-32859911.0,Flavin mononucleotide,C17H21N4O9P,[M+H]+,1.0,457.1119,1.0,199.4
975,DeepCCS-30932474.0,Flavin mononucleotide,C17H21N4O9P,[M+H]+,1.0,457.1119,1.0,188.3
978,DeepCCS-30932474.0,Flavin mononucleotide,C17H21N4O9P,[M+Na]+,1.0,479.0938,1.0,195.0
980,AllCCS-32859911.0,Flavin mononucleotide,C17H21N4O9P,[M+H-H2O]+,1.0,439.1013,1.0,197.4
981,AllCCS-32859911.0,Flavin mononucleotide,C17H21N4O9P,[M+NH4]+,1.0,474.1384,1.0,201.2
982,AllCCS-32859911.0,Flavin mononucleotide,C17H21N4O9P,[M+Na]+,1.0,479.0938,1.0,201.8
986,DarkChem-31661259.0,Citric acid,C6H8O7,[M+H]+,1.0,193.0343,1.0,142.5
988,AllCCS-32859911.0,Citric acid,C6H8O7,[M+H]+,1.0,193.0343,1.0,141.1
990,DeepCCS-30932474.0,Citric acid,C6H8O7,[M+H]+,1.0,193.0343,1.0,133.9
993,DeepCCS-30932474.0,Citric acid,C6H8O7,[M+Na]+,1.0,215.0162,1.0,143.4
995,AllCCS-32859911.0,Citric acid,C6H8O7,[M+H-H2O]+,1.0,175.0237,1.0,137.3
996,AllCCS-32859911.0,Citric acid,C6H8O7,[M+NH4]+,1.0,210.0608,1.0,144.5
997,AllCCS-32859911.0,Citric acid,C6H8O7,[M+Na]+,1.0,215.0162,1.0,145.5
1001,DarkChem-31661259.0,L-Iditol,C6H14O6,[M+H]+,1.0,183.0863,1.0,139.8
1003,DeepCCS-30932474.0,L-Iditol,C6H14O6,[M+H]+,1.0,183.0863,1.0,146.9
1006,DeepCCS-30932474.0,L-Iditol,C6H14O6,[M+Na]+,1.0,205.0683,1.0,152.8
1007,AllCCS-32859911.0,L-Iditol,C6H14O6,[M+H]+,1.0,183.0863,1.0,141.6
1008,AllCCS-32859911.0,L-Iditol,C6H14O6,[M+H-H2O]+,1.0,165.0757,1.0,137.8
1009,AllCCS-32859911.0,L-Iditol,C6H14O6,[M+NH4]+,1.0,200.1129,1.0,145.1
1010,AllCCS-32859911.0,L-Iditol,C6H14O6,[M+Na]+,1.0,205.0683,1.0,146.1
1014,DarkChem-31661259.0,Ubiquinone-1,C14H18O4,[M+H]+,1.0,251.1278,1.0,161.0
1016,DeepCCS-30932474.0,Ubiquinone-1,C14H18O4,[M+H]+,1.0,251.1278,1.0,163.5
1019,DeepCCS-30932474.0,Ubiquinone-1,C14H18O4,[M+Na]+,1.0,273.1097,1.0,169.6
1020,AllCCS-32859911.0,Ubiquinone-1,C14H18O4,[M+H]+,1.0,251.1278,1.0,157.5
1021,AllCCS-32859911.0,Ubiquinone-1,C14H18O4,[M+H-H2O]+,1.0,233.1172,1.0,153.9
1022,AllCCS-32859911.0,Ubiquinone-1,C14H18O4,[M+NH4]+,1.0,268.1543,1.0,160.8
1023,AllCCS-32859911.0,Ubiquinone-1,C14H18O4,[M+Na]+,1.0,273.1097,1.0,161.8
1027,DarkChem-31661259.0,D-Erythro-imidazole-glycerol-phosphate,C6H11N2O6P,[M+H]+,1.0,239.0427,1.0,153.8
1029,DeepCCS-30932474.0,D-Erythro-imidazole-glycerol-phosphate,C6H11N2O6P,[M+H]+,1.0,239.0427,1.0,141.1
1032,DeepCCS-30932474.0,D-Erythro-imidazole-glycerol-phosphate,C6H11N2O6P,[M+Na]+,1.0,261.0247,1.0,147.1
1033,AllCCS-32859911.0,D-Erythro-imidazole-glycerol-phosphate,C6H11N2O6P,[M+H]+,1.0,239.0427,1.0,151.6
1034,AllCCS-32859911.0,D-Erythro-imidazole-glycerol-phosphate,C6H11N2O6P,[M+H-H2O]+,1.0,221.0322,1.0,147.9
1035,AllCCS-32859911.0,D-Erythro-imidazole-glycerol-phosphate,C6H11N2O6P,[M+NH4]+,1.0,256.0693,1.0,155.0
1036,AllCCS-32859911.0,D-Erythro-imidazole-glycerol-phosphate,C6H11N2O6P,[M+Na]+,1.0,261.0247,1.0,156.0
1042,DeepCCS-30932474.0,Phosphoribulosylformimino-AICAR-P,C15H25N5O15P2,[M+H]+,1.0,578.0895,1.0,184.5
1045,DeepCCS-30932474.0,Phosphoribulosylformimino-AICAR-P,C15H25N5O15P2,[M+Na]+,1.0,600.0715,1.0,191.3
1046,AllCCS-32859911.0,Phosphoribulosylformimino-AICAR-P,C15H25N5O15P2,[M+H]+,1.0,578.0895,1.0,212.2
1047,AllCCS-32859911.0,Phosphoribulosylformimino-AICAR-P,C15H25N5O15P2,[M+H-H2O]+,1.0,560.0789,1.0,211.1
1048,AllCCS-32859911.0,Phosphoribulosylformimino-AICAR-P,C15H25N5O15P2,[M+NH4]+,1.0,595.1161,1.0,213.3
1049,AllCCS-32859911.0,Phosphoribulosylformimino-AICAR-P,C15H25N5O15P2,[M+Na]+,1.0,600.0715,1.0,213.6
1053,AllCCS-32859911.0,2-dehydropantoate,C6H10O4,[M+H]+,1.0,147.0652,1.0,132.6
1054,AllCCS-32859911.0,2-dehydropantoate,C6H10O4,[M+H-H2O]+,1.0,129.0546,1.0,128.6
1055,AllCCS-32859911.0,2-dehydropantoate,C6H10O4,[M+Na]+,1.0,169.0471,1.0,137.4
1056,AllCCS-32859911.0,2-dehydropantoate,C6H10O4,[M+NH4]+,1.0,164.0917,1.0,136.3
1060,DeepCCS-30932474.0,2-dehydropantoate,C6H10O4,[M+H]+,1.0,147.0652,1.0,128.9
1063,DeepCCS-30932474.0,2-dehydropantoate,C6H10O4,[M+Na]+,1.0,169.0471,1.0,137.7
1064,DarkChem-31661259.0,Methylisocitric acid,C7H10O7,[M+H]+,1.0,207.0499,1.0,145.8
1066,DeepCCS-30932474.0,Methylisocitric acid,C7H10O7,[M+H]+,1.0,207.0499,1.0,133.2
1069,DeepCCS-30932474.0,Methylisocitric acid,C7H10O7,[M+Na]+,1.0,229.0319,1.0,142.2
1070,AllCCS-32859911.0,Methylisocitric acid,C7H10O7,[M+H]+,1.0,207.0499,1.0,144.2
1071,AllCCS-32859911.0,Methylisocitric acid,C7H10O7,[M+H-H2O]+,1.0,189.0394,1.0,140.6
1072,AllCCS-32859911.0,Methylisocitric acid,C7H10O7,[M+NH4]+,1.0,224.0765,1.0,147.6
1073,AllCCS-32859911.0,Methylisocitric acid,C7H10O7,[M+Na]+,1.0,229.0319,1.0,148.6
1077,DarkChem-31661259.0,Dimethylallylpyrophosphate,C5H12O7P2,[M+H]+,1.0,247.0131,1.0,156.7
1079,AllCCS-32859911.0,Dimethylallylpyrophosphate,C5H12O7P2,[M+H]+,1.0,247.0131,1.0,153.3
1081,DeepCCS-30932474.0,Dimethylallylpyrophosphate,C5H12O7P2,[M+H]+,1.0,247.0131,1.0,135.3
1084,DeepCCS-30932474.0,Dimethylallylpyrophosphate,C5H12O7P2,[M+Na]+,1.0,268.995,1.0,144.6
1086,AllCCS-32859911.0,Dimethylallylpyrophosphate,C5H12O7P2,[M+H-H2O]+,1.0,229.0025,1.0,149.9
1087,AllCCS-32859911.0,Dimethylallylpyrophosphate,C5H12O7P2,[M+NH4]+,1.0,264.0396,1.0,156.5
1088,AllCCS-32859911.0,Dimethylallylpyrophosphate,C5H12O7P2,[M+Na]+,1.0,268.995,1.0,157.4
1092,DarkChem-31661259.0,Homocitric acid,C7H10O7,[M+H]+,1.0,207.0499,1.0,145.7
1094,DeepCCS-30932474.0,Homocitric acid,C7H10O7,[M+H]+,1.0,207.0499,1.0,135.0
1097,DeepCCS-30932474.0,Homocitric acid,C7H10O7,[M+Na]+,1.0,229.0319,1.0,143.0
1098,AllCCS-32859911.0,Homocitric acid,C7H10O7,[M+H]+,1.0,207.0499,1.0,144.5
1099,AllCCS-32859911.0,Homocitric acid,C7H10O7,[M+H-H2O]+,1.0,189.0394,1.0,140.9
1100,AllCCS-32859911.0,Homocitric acid,C7H10O7,[M+NH4]+,1.0,224.0765,1.0,147.9
1101,AllCCS-32859911.0,Homocitric acid,C7H10O7,[M+Na]+,1.0,229.0319,1.0,148.8
1105,DarkChem-31661259.0,Adenosine monophosphate,C10H14N5O7P,[M+H]+,1.0,348.0704,1.0,176.4
1107,AllCCS-32859911.0,Adenosine monophosphate,C10H14N5O7P,[M+H]+,1.0,348.0704,1.0,175.1
1109,DeepCCS-30932474.0,Adenosine monophosphate,C10H14N5O7P,[M+H]+,1.0,348.0704,1.0,171.7
1110,DeepCCS-30932474.0,Adenosine monophosphate,C10H14N5O7P,[M+H]+,1.0,348.0704,1.0,169.8
1114,DeepCCS-30932474.0,Adenosine monophosphate,C10H14N5O7P,[M+Na]+,1.0,370.0523,1.0,177.8
1116,DeepCCS-30932474.0,Adenosine monophosphate,C10H14N5O7P,[M+Na]+,1.0,370.0523,1.0,175.9
1118,AllCCS-32859911.0,Adenosine monophosphate,C10H14N5O7P,[M+H-H2O]+,1.0,330.0598,1.0,172.2
1119,AllCCS-32859911.0,Adenosine monophosphate,C10H14N5O7P,[M+NH4]+,1.0,365.0969,1.0,177.8
1120,AllCCS-32859911.0,Adenosine monophosphate,C10H14N5O7P,[M+Na]+,1.0,370.0523,1.0,178.6
1124,DarkChem-31661259.0,Uracil,C4H4N2O2,[M+H]+,1.0,113.0346,1.0,119.7
1126,AllCCS-32859911.0,Uracil,C4H4N2O2,[M+H]+,1.0,113.0346,1.0,124.2
1128,DeepCCS-30932474.0,Uracil,C4H4N2O2,[M+H]+,1.0,113.0346,1.0,123.7
1131,DeepCCS-30932474.0,Uracil,C4H4N2O2,[M+Na]+,1.0,135.0165,1.0,132.1
1133,AllCCS-32859911.0,Uracil,C4H4N2O2,[M+H-H2O]+,1.0,95.024,1.0,119.2
1134,AllCCS-32859911.0,Uracil,C4H4N2O2,[M+NH4]+,1.0,130.0611,1.0,128.8
1135,AllCCS-32859911.0,Uracil,C4H4N2O2,[M+Na]+,1.0,135.0165,1.0,130.1
1139,AllCCS-32859911.0,Tetradecanoyl-CoA,C35H62N7O17P3S,[M+H]+,1.0,978.3208,1.0,285.7
1141,DeepCCS-30932474.0,Tetradecanoyl-CoA,C35H62N7O17P3S,[M+H]+,1.0,978.3208,1.0,240.1
1144,DeepCCS-30932474.0,Tetradecanoyl-CoA,C35H62N7O17P3S,[M+Na]+,1.0,1000.3028,1.0,246.5
1146,AllCCS-32859911.0,Tetradecanoyl-CoA,C35H62N7O17P3S,[M+H-H2O]+,1.0,960.3103,1.0,286.3
1147,AllCCS-32859911.0,Tetradecanoyl-CoA,C35H62N7O17P3S,[M+NH4]+,1.0,995.3474,1.0,285.1
1148,AllCCS-32859911.0,Tetradecanoyl-CoA,C35H62N7O17P3S,[M+Na]+,1.0,1000.3028,1.0,284.9
1152,DarkChem-31661259.0,3-Dehydroquinic acid,C7H10O6,[M+H]+,1.0,191.055,1.0,141.5
1154,DeepCCS-30932474.0,3-Dehydroquinic acid,C7H10O6,[M+H]+,1.0,191.055,1.0,138.3
1157,DeepCCS-30932474.0,3-Dehydroquinic acid,C7H10O6,[M+Na]+,1.0,213.037,1.0,144.2
1158,AllCCS-32859911.0,3-Dehydroquinic acid,C7H10O6,[M+H]+,1.0,191.055,1.0,141.4
1159,AllCCS-32859911.0,3-Dehydroquinic acid,C7H10O6,[M+H-H2O]+,1.0,173.0444,1.0,137.4
1160,AllCCS-32859911.0,3-Dehydroquinic acid,C7H10O6,[M+NH4]+,1.0,208.0816,1.0,145.2
1161,AllCCS-32859911.0,3-Dehydroquinic acid,C7H10O6,[M+Na]+,1.0,213.037,1.0,146.3
1165,DarkChem-31661259.0,Fumaric acid,C4H4O4,[M+H]+,1.0,117.0182,1.0,124.4
1167,AllCCS-32859911.0,Fumaric acid,C4H4O4,[M+H]+,1.0,117.0182,1.0,127.0
1169,DeepCCS-30932474.0,Fumaric acid,C4H4O4,[M+H]+,1.0,117.0182,1.0,120.9
1172,DeepCCS-30932474.0,Fumaric acid,C4H4O4,[M+Na]+,1.0,139.0002,1.0,129.5
1174,AllCCS-32859911.0,Fumaric acid,C4H4O4,[M+H-H2O]+,1.0,99.0077,1.0,122.7
1175,AllCCS-32859911.0,Fumaric acid,C4H4O4,[M+NH4]+,1.0,134.0448,1.0,131.0
1176,AllCCS-32859911.0,Fumaric acid,C4H4O4,[M+Na]+,1.0,139.0002,1.0,132.2
1180,AllCCS-32859911.0,"7,8-diaminopelargonate",C9H20N2O2,[M+H]+,1.0,189.1598,1.0,145.8
1181,AllCCS-32859911.0,"7,8-diaminopelargonate",C9H20N2O2,[M+H-H2O]+,1.0,171.1492,1.0,142.1
1182,AllCCS-32859911.0,"7,8-diaminopelargonate",C9H20N2O2,[M+Na]+,1.0,211.1417,1.0,150.2
1183,AllCCS-32859911.0,"7,8-diaminopelargonate",C9H20N2O2,[M+NH4]+,1.0,206.1863,1.0,149.2
1187,DeepCCS-30932474.0,"7,8-diaminopelargonate",C9H20N2O2,[M+H]+,1.0,189.1598,1.0,144.3
1190,DeepCCS-30932474.0,"7,8-diaminopelargonate",C9H20N2O2,[M+Na]+,1.0,211.1417,1.0,153.2
1191,DarkChem-31661259.0,Nicotinamide riboside,C11H15N2O5,[M+H]+,1.0,256.1054,1.0,158.7
1193,AllCCS-32859911.0,Nicotinamide riboside,C11H15N2O5,[M+H]+,1.0,256.1054,1.0,156.0
1195,DeepCCS-30932474.0,Nicotinamide riboside,C11H15N2O5,[M+H]+,1.0,256.1054,1.0,154.4
1198,DeepCCS-30932474.0,Nicotinamide riboside,C11H15N2O5,[M+Na]+,1.0,278.0873,1.0,161.1
1200,AllCCS-32859911.0,Nicotinamide riboside,C11H15N2O5,[M+H-H2O]+,1.0,238.0948,1.0,152.4
1201,AllCCS-32859911.0,Nicotinamide riboside,C11H15N2O5,[M+NH4]+,1.0,273.1319,1.0,159.4
1202,AllCCS-32859911.0,Nicotinamide riboside,C11H15N2O5,[M+Na]+,1.0,278.0873,1.0,160.3
1206,DarkChem-31661259.0,L-Homoserine,C4H9NO3,[M+H]+,1.0,120.0655,1.0,125.8
1208,AllCCS-32859911.0,L-Homoserine,C4H9NO3,[M+H]+,1.0,120.0655,1.0,129.1
1210,DeepCCS-30932474.0,L-Homoserine,C4H9NO3,[M+H]+,1.0,120.0655,1.0,122.1
1213,DeepCCS-30932474.0,L-Homoserine,C4H9NO3,[M+Na]+,1.0,142.0475,1.0,130.7
1215,AllCCS-32859911.0,L-Homoserine,C4H9NO3,[M+H-H2O]+,1.0,102.055,1.0,124.9
1216,AllCCS-32859911.0,L-Homoserine,C4H9NO3,[M+NH4]+,1.0,137.0921,1.0,133.0
1217,AllCCS-32859911.0,L-Homoserine,C4H9NO3,[M+Na]+,1.0,142.0475,1.0,134.1
1221,DarkChem-31661259.0,L-3-Hydroxykynurenine,C10H12N2O4,[M+H]+,1.0,225.087,1.0,152.1
1223,DeepCCS-30932474.0,L-3-Hydroxykynurenine,C10H12N2O4,[M+H]+,1.0,225.087,1.0,150.9
1226,DeepCCS-30932474.0,L-3-Hydroxykynurenine,C10H12N2O4,[M+Na]+,1.0,247.0689,1.0,156.8
1227,AllCCS-32859911.0,L-3-Hydroxykynurenine,C10H12N2O4,[M+H]+,1.0,225.087,1.0,150.3
1228,AllCCS-32859911.0,L-3-Hydroxykynurenine,C10H12N2O4,[M+H-H2O]+,1.0,207.0764,1.0,146.5
1229,AllCCS-32859911.0,L-3-Hydroxykynurenine,C10H12N2O4,[M+NH4]+,1.0,242.1135,1.0,153.9
1230,AllCCS-32859911.0,L-3-Hydroxykynurenine,C10H12N2O4,[M+Na]+,1.0,247.0689,1.0,154.9
1234,DarkChem-31661259.0,2-Isopropylmalic acid,C7H12O5,[M+H]+,1.0,177.0757,1.0,138.7
1236,AllCCS-32859911.0,2-Isopropylmalic acid,C7H12O5,[M+H]+,1.0,177.0757,1.0,139.4
1238,DeepCCS-30932474.0,2-Isopropylmalic acid,C7H12O5,[M+H]+,1.0,177.0757,1.0,131.9
1241,DeepCCS-30932474.0,2-Isopropylmalic acid,C7H12O5,[M+Na]+,1.0,199.0577,1.0,141.0
1243,AllCCS-32859911.0,2-Isopropylmalic acid,C7H12O5,[M+H-H2O]+,1.0,159.0652,1.0,135.6
1244,AllCCS-32859911.0,2-Isopropylmalic acid,C7H12O5,[M+NH4]+,1.0,194.1023,1.0,142.9
1245,AllCCS-32859911.0,2-Isopropylmalic acid,C7H12O5,[M+Na]+,1.0,199.0577,1.0,144.0
1249,DarkChem-31661259.0,Pyroglutamic acid,C5H7NO3,[M+H]+,1.0,130.0499,1.0,128.1
1251,AllCCS-32859911.0,Pyroglutamic acid,C5H7NO3,[M+H]+,1.0,130.0499,1.0,128.7
1253,DeepCCS-30932474.0,Pyroglutamic acid,C5H7NO3,[M+H]+,1.0,130.0499,1.0,124.3
1256,DeepCCS-30932474.0,Pyroglutamic acid,C5H7NO3,[M+Na]+,1.0,152.0318,1.0,133.2
1258,AllCCS-32859911.0,Pyroglutamic acid,C5H7NO3,[M+H-H2O]+,1.0,112.0393,1.0,124.1
1259,AllCCS-32859911.0,Pyroglutamic acid,C5H7NO3,[M+NH4]+,1.0,147.0764,1.0,133.0
1260,AllCCS-32859911.0,Pyroglutamic acid,C5H7NO3,[M+Na]+,1.0,152.0318,1.0,134.2
1265,DarkChem-31661259.0,Adenosine triphosphate,C10H16N5O13P3,[M+H]+,1.0,508.003,1.0,208.3
1267,AllCCS-32859911.0,Adenosine triphosphate,C10H16N5O13P3,[M+H]+,1.0,508.003,1.0,198.9
1269,DeepCCS-30932474.0,Adenosine triphosphate,C10H16N5O13P3,[M+H]+,1.0,508.003,1.0,171.7
1272,DeepCCS-30932474.0,Adenosine triphosphate,C10H16N5O13P3,[M+Na]+,1.0,529.985,1.0,179.7
1274,AllCCS-32859911.0,Adenosine triphosphate,C10H16N5O13P3,[M+H-H2O]+,1.0,489.9925,1.0,197.1
1275,AllCCS-32859911.0,Adenosine triphosphate,C10H16N5O13P3,[M+NH4]+,1.0,525.0296,1.0,200.5
1276,AllCCS-32859911.0,Adenosine triphosphate,C10H16N5O13P3,[M+Na]+,1.0,529.985,1.0,201.0
1281,DarkChem-31661259.0,D-Lactaldehyde,C3H6O2,[M+H]+,1.0,75.0441,1.0,112.7
1283,DeepCCS-30932474.0,D-Lactaldehyde,C3H6O2,[M+H]+,1.0,75.0441,1.0,118.5
1286,DeepCCS-30932474.0,D-Lactaldehyde,C3H6O2,[M+Na]+,1.0,97.026,1.0,126.8
1287,AllCCS-32859911.0,D-Lactaldehyde,C3H6O2,[M+H]+,1.0,75.0441,1.0,122.8
1288,AllCCS-32859911.0,D-Lactaldehyde,C3H6O2,[M+H-H2O]+,1.0,57.0335,1.0,118.3
1289,AllCCS-32859911.0,D-Lactaldehyde,C3H6O2,[M+NH4]+,1.0,92.0706,1.0,127.0
1290,AllCCS-32859911.0,D-Lactaldehyde,C3H6O2,[M+Na]+,1.0,97.026,1.0,128.2
1294,DarkChem-31661259.0,Serine,C3H7NO3,[M+H]+,1.0,106.0499,1.0,120.6
1296,AllCCS-32859911.0,Serine,C3H7NO3,[M+H]+,1.0,106.0499,1.0,127.6
1298,DeepCCS-30932474.0,Serine,C3H7NO3,[M+H]+,1.0,106.0499,1.0,118.2
1301,DeepCCS-30932474.0,Serine,C3H7NO3,[M+Na]+,1.0,128.0318,1.0,126.6
1303,AllCCS-32859911.0,Serine,C3H7NO3,[M+H-H2O]+,1.0,88.0393,1.0,123.3
1304,AllCCS-32859911.0,Serine,C3H7NO3,[M+NH4]+,1.0,123.0764,1.0,131.6
1305,AllCCS-32859911.0,Serine,C3H7NO3,[M+Na]+,1.0,128.0318,1.0,132.8
1309,DeepCCS-30932474.0,L-Aspartyl-4-phosphate,C4H8NO7P,[M+H]+,1.0,214.0111,1.0,128.4
1312,DeepCCS-30932474.0,L-Aspartyl-4-phosphate,C4H8NO7P,[M+Na]+,1.0,235.9931,1.0,135.8
1313,AllCCS-32859911.0,L-Aspartyl-4-phosphate,C4H8NO7P,[M+H]+,1.0,214.0111,1.0,145.4
1314,AllCCS-32859911.0,L-Aspartyl-4-phosphate,C4H8NO7P,[M+H-H2O]+,1.0,196.0005,1.0,141.8
1315,AllCCS-32859911.0,L-Aspartyl-4-phosphate,C4H8NO7P,[M+NH4]+,1.0,231.0377,1.0,148.7
1316,AllCCS-32859911.0,L-Aspartyl-4-phosphate,C4H8NO7P,[M+Na]+,1.0,235.9931,1.0,149.7
1322,DarkChem-31661259.0,Phenylacetaldehyde,C8H8O,[M+H]+,1.0,121.0648,1.0,123.6
1324,DeepCCS-30932474.0,Phenylacetaldehyde,C8H8O,[M+H]+,1.0,121.0648,1.0,124.6
1327,DeepCCS-30932474.0,Phenylacetaldehyde,C8H8O,[M+Na]+,1.0,143.0467,1.0,133.3
1329,AllCCS-32859911.0,Phenylacetaldehyde,C8H8O,[M+H-H2O]+,1.0,103.0542,1.0,119.7
1330,AllCCS-32859911.0,Phenylacetaldehyde,C8H8O,[M+NH4]+,1.0,138.0913,1.0,129.1
1331,AllCCS-32859911.0,Phenylacetaldehyde,C8H8O,[M+Na]+,1.0,143.0467,1.0,130.4
1336,DeepCCS-30932474.0,4-Amino-5-hydroxymethyl-2-methylpyrimidine,C6H9N3O,[M+H]+,1.0,140.0818,1.0,134.1
1339,DeepCCS-30932474.0,4-Amino-5-hydroxymethyl-2-methylpyrimidine,C6H9N3O,[M+Na]+,1.0,162.0638,1.0,143.1
1340,AllCCS-32859911.0,4-Amino-5-hydroxymethyl-2-methylpyrimidine,C6H9N3O,[M+H]+,1.0,140.0818,1.0,130.9
1341,AllCCS-32859911.0,4-Amino-5-hydroxymethyl-2-methylpyrimidine,C6H9N3O,[M+H-H2O]+,1.0,122.0713,1.0,126.3
1342,AllCCS-32859911.0,4-Amino-5-hydroxymethyl-2-methylpyrimidine,C6H9N3O,[M+NH4]+,1.0,157.1084,1.0,135.1
1343,AllCCS-32859911.0,4-Amino-5-hydroxymethyl-2-methylpyrimidine,C6H9N3O,[M+Na]+,1.0,162.0638,1.0,136.3
1352,DeepCCS-30932474.0,Sulfide,S,[M+Na]+,1.0,54.9613,1.0,118.3
1354,AllCCS-32859911.0,L-histidinol-phosphate,C6H12N3O4P,[M+H]+,1.0,222.0638,1.0,148.3
1355,AllCCS-32859911.0,L-histidinol-phosphate,C6H12N3O4P,[M+H-H2O]+,1.0,204.0533,1.0,144.5
1356,AllCCS-32859911.0,L-histidinol-phosphate,C6H12N3O4P,[M+Na]+,1.0,244.0458,1.0,152.9
1357,AllCCS-32859911.0,L-histidinol-phosphate,C6H12N3O4P,[M+NH4]+,1.0,239.0904,1.0,151.9
1361,DeepCCS-30932474.0,L-histidinol-phosphate,C6H12N3O4P,[M+H]+,1.0,222.0638,1.0,138.0
1364,DeepCCS-30932474.0,L-histidinol-phosphate,C6H12N3O4P,[M+Na]+,1.0,244.0458,1.0,144.8
1365,DeepCCS-30932474.0,Allophanic acid,C2H4N2O3,[M+H]+,1.0,105.0295,1.0,124.9
1368,DeepCCS-30932474.0,Allophanic acid,C2H4N2O3,[M+Na]+,1.0,127.0114,1.0,133.1
1369,AllCCS-32859911.0,Allophanic acid,C2H4N2O3,[M+H]+,1.0,105.0295,1.0,128.3
1370,AllCCS-32859911.0,Allophanic acid,C2H4N2O3,[M+H-H2O]+,1.0,87.0189,1.0,124.1
1371,AllCCS-32859911.0,Allophanic acid,C2H4N2O3,[M+NH4]+,1.0,122.056,1.0,132.2
1372,AllCCS-32859911.0,Allophanic acid,C2H4N2O3,[M+Na]+,1.0,127.0114,1.0,133.3
1376,DarkChem-31661259.0,O-Phosphoethanolamine,C2H8NO4P,[M+H]+,1.0,142.0264,1.0,128.6
1378,AllCCS-32859911.0,O-Phosphoethanolamine,C2H8NO4P,[M+H]+,1.0,142.0264,1.0,132.9
1380,DeepCCS-30932474.0,O-Phosphoethanolamine,C2H8NO4P,[M+H]+,1.0,142.0264,1.0,127.7
1383,DeepCCS-30932474.0,O-Phosphoethanolamine,C2H8NO4P,[M+Na]+,1.0,164.0083,1.0,135.8
1385,AllCCS-32859911.0,O-Phosphoethanolamine,C2H8NO4P,[M+H-H2O]+,1.0,124.0158,1.0,128.8
1386,AllCCS-32859911.0,O-Phosphoethanolamine,C2H8NO4P,[M+NH4]+,1.0,159.0529,1.0,136.7
1387,AllCCS-32859911.0,O-Phosphoethanolamine,C2H8NO4P,[M+Na]+,1.0,164.0083,1.0,137.7
1391,DarkChem-31661259.0,L-Tryptophan,C11H12N2O2,[M+H]+,1.0,205.0972,1.0,147.6
1393,AllCCS-32859911.0,L-Tryptophan,C11H12N2O2,[M+H]+,1.0,205.0972,1.0,146.3
1395,DeepCCS-30932474.0,L-Tryptophan,C11H12N2O2,[M+H]+,1.0,205.0972,1.0,143.1
1398,DeepCCS-30932474.0,L-Tryptophan,C11H12N2O2,[M+Na]+,1.0,227.0791,1.0,149.3
1400,AllCCS-32859911.0,L-Tryptophan,C11H12N2O2,[M+H-H2O]+,1.0,187.0866,1.0,142.2
1401,AllCCS-32859911.0,L-Tryptophan,C11H12N2O2,[M+NH4]+,1.0,222.1237,1.0,150.1
1402,AllCCS-32859911.0,L-Tryptophan,C11H12N2O2,[M+Na]+,1.0,227.0791,1.0,151.2
1406,DarkChem-31661259.0,Uridine,C9H12N2O6,[M+H]+,1.0,245.0768,1.0,154.7
1408,AllCCS-32859911.0,Uridine,C9H12N2O6,[M+H]+,1.0,245.0768,1.0,154.4
1410,DeepCCS-30932474.0,Uridine,C9H12N2O6,[M+H]+,1.0,245.0768,1.0,156.9
1411,DeepCCS-30932474.0,Uridine,C9H12N2O6,[M+H]+,1.0,245.0768,1.0,146.4
1415,DeepCCS-30932474.0,Uridine,C9H12N2O6,[M+Na]+,1.0,267.0588,1.0,162.8
1417,DeepCCS-30932474.0,Uridine,C9H12N2O6,[M+Na]+,1.0,267.0588,1.0,153.8
1419,AllCCS-32859911.0,Uridine,C9H12N2O6,[M+H-H2O]+,1.0,227.0662,1.0,150.7
1420,AllCCS-32859911.0,Uridine,C9H12N2O6,[M+NH4]+,1.0,262.1034,1.0,157.8
1421,AllCCS-32859911.0,Uridine,C9H12N2O6,[M+Na]+,1.0,267.0588,1.0,158.8
1425,DeepCCS-30932474.0,(4-Amino-2-methylpyrimidin-5-YL)methyl dihydrogen phosphate,C6H10N3O4P,[M+H]+,1.0,220.0482,1.0,145.2
1428,DeepCCS-30932474.0,(4-Amino-2-methylpyrimidin-5-YL)methyl dihydrogen phosphate,C6H10N3O4P,[M+Na]+,1.0,242.0301,1.0,152.7
1429,AllCCS-32859911.0,(4-Amino-2-methylpyrimidin-5-YL)methyl dihydrogen phosphate,C6H10N3O4P,[M+H]+,1.0,220.0482,1.0,147.6
1430,AllCCS-32859911.0,(4-Amino-2-methylpyrimidin-5-YL)methyl dihydrogen phosphate,C6H10N3O4P,[M+H-H2O]+,1.0,202.0376,1.0,143.8
1431,AllCCS-32859911.0,(4-Amino-2-methylpyrimidin-5-YL)methyl dihydrogen phosphate,C6H10N3O4P,[M+NH4]+,1.0,237.0747,1.0,151.2
1432,AllCCS-32859911.0,(4-Amino-2-methylpyrimidin-5-YL)methyl dihydrogen phosphate,C6H10N3O4P,[M+Na]+,1.0,242.0301,1.0,152.3
1436,DarkChem-31661259.0,5-Methylthioribulose 1-phosphate,C6H13O7PS,[M+H]+,1.0,261.0192,1.0,158.4
1438,AllCCS-32859911.0,5-Methylthioribulose 1-phosphate,C6H13O7PS,[M+H]+,1.0,261.0192,1.0,154.7
1440,DeepCCS-30932474.0,5-Methylthioribulose 1-phosphate,C6H13O7PS,[M+H]+,1.0,261.0192,1.0,146.2
1443,DeepCCS-30932474.0,5-Methylthioribulose 1-phosphate,C6H13O7PS,[M+Na]+,1.0,283.0012,1.0,152.3
1445,AllCCS-32859911.0,5-Methylthioribulose 1-phosphate,C6H13O7PS,[M+H-H2O]+,1.0,243.0087,1.0,151.5
1446,AllCCS-32859911.0,5-Methylthioribulose 1-phosphate,C6H13O7PS,[M+NH4]+,1.0,278.0458,1.0,157.7
1447,AllCCS-32859911.0,5-Methylthioribulose 1-phosphate,C6H13O7PS,[M+Na]+,1.0,283.0012,1.0,158.6
1451,AllCCS-32859911.0,S-Adenosylmethioninamine,C14H23N6O3S,[M+H]+,1.0,356.1625,1.0,181.0
1453,DeepCCS-30932474.0,S-Adenosylmethioninamine,C14H23N6O3S,[M+H]+,1.0,356.1625,1.0,171.2
1456,DeepCCS-30932474.0,S-Adenosylmethioninamine,C14H23N6O3S,[M+Na]+,1.0,378.1445,1.0,177.9
1458,AllCCS-32859911.0,S-Adenosylmethioninamine,C14H23N6O3S,[M+H-H2O]+,1.0,338.1519,1.0,178.4
1459,AllCCS-32859911.0,S-Adenosylmethioninamine,C14H23N6O3S,[M+NH4]+,1.0,373.1891,1.0,183.3
1460,AllCCS-32859911.0,S-Adenosylmethioninamine,C14H23N6O3S,[M+Na]+,1.0,378.1445,1.0,183.9
1464,DarkChem-31661259.0,Oleic acid,C18H34O2,[M+H]+,1.0,283.2632,1.0,176.6
1466,AllCCS-32859911.0,Oleic acid,C18H34O2,[M+H]+,1.0,283.2632,1.0,179.6
1468,DeepCCS-30932474.0,Oleic acid,C18H34O2,[M+H]+,1.0,283.2632,1.0,180.8
1471,DeepCCS-30932474.0,Oleic acid,C18H34O2,[M+Na]+,1.0,305.2451,1.0,189.8
1473,AllCCS-32859911.0,Oleic acid,C18H34O2,[M+H-H2O]+,1.0,265.2526,1.0,176.6
1474,AllCCS-32859911.0,Oleic acid,C18H34O2,[M+NH4]+,1.0,300.2897,1.0,182.3
1475,AllCCS-32859911.0,Oleic acid,C18H34O2,[M+Na]+,1.0,305.2451,1.0,183.1
1479,DarkChem-31661259.0,Putrescine,C4H12N2,[M+H]+,1.0,89.1073,1.0,117.2
1481,AllCCS-32859911.0,Putrescine,C4H12N2,[M+H]+,1.0,89.1073,1.0,122.6
1483,DeepCCS-30932474.0,Putrescine,C4H12N2,[M+H]+,1.0,89.1073,1.0,120.9
1486,DeepCCS-30932474.0,Putrescine,C4H12N2,[M+Na]+,1.0,111.0893,1.0,128.9
1489,AllCCS-32859911.0,Putrescine,C4H12N2,[M+NH4]+,1.0,106.1339,1.0,126.6
1490,AllCCS-32859911.0,Putrescine,C4H12N2,[M+Na]+,1.0,111.0893,1.0,127.8
1495,AllCCS-32859911.0,Diadenosine triphosphate,C20H27N10O16P3,[M+H]+,1.0,757.0892,1.0,240.0
1498,DeepCCS-30932474.0,Diadenosine triphosphate,C20H27N10O16P3,[M+Na]+,1.0,779.0712,1.0,237.4
1500,AllCCS-32859911.0,Diadenosine triphosphate,C20H27N10O16P3,[M+H-H2O]+,1.0,739.0786,1.0,239.7
1501,AllCCS-32859911.0,Diadenosine triphosphate,C20H27N10O16P3,[M+NH4]+,1.0,774.1158,1.0,240.2
1502,AllCCS-32859911.0,Diadenosine triphosphate,C20H27N10O16P3,[M+Na]+,1.0,779.0712,1.0,240.2
1508,DarkChem-31661259.0,Trehalose 6-phosphate,C12H23O14P,[M+H]+,1.0,423.0898,1.0,190.9
1510,AllCCS-32859911.0,Trehalose 6-phosphate,C12H23O14P,[M+H]+,1.0,423.0898,1.0,189.5
1512,DeepCCS-30932474.0,Trehalose 6-phosphate,C12H23O14P,[M+H]+,1.0,423.0898,1.0,175.8
1515,DeepCCS-30932474.0,Trehalose 6-phosphate,C12H23O14P,[M+Na]+,1.0,445.0718,1.0,181.6
1517,AllCCS-32859911.0,Trehalose 6-phosphate,C12H23O14P,[M+H-H2O]+,1.0,405.0793,1.0,187.3
1518,AllCCS-32859911.0,Trehalose 6-phosphate,C12H23O14P,[M+NH4]+,1.0,440.1164,1.0,191.6
1519,AllCCS-32859911.0,Trehalose 6-phosphate,C12H23O14P,[M+Na]+,1.0,445.0718,1.0,192.2
1525,DarkChem-31661259.0,6-Phosphonoglucono-D-lactone,C6H11O9P,[M+H]+,1.0,259.0213,1.0,154.4
1527,AllCCS-32859911.0,6-Phosphonoglucono-D-lactone,C6H11O9P,[M+H]+,1.0,259.0213,1.0,155.7
1529,DeepCCS-30932474.0,6-Phosphonoglucono-D-lactone,C6H11O9P,[M+H]+,1.0,259.0213,1.0,143.8
1532,DeepCCS-30932474.0,6-Phosphonoglucono-D-lactone,C6H11O9P,[M+Na]+,1.0,281.0033,1.0,150.6
1534,AllCCS-32859911.0,6-Phosphonoglucono-D-lactone,C6H11O9P,[M+H-H2O]+,1.0,241.0108,1.0,152.1
1535,AllCCS-32859911.0,6-Phosphonoglucono-D-lactone,C6H11O9P,[M+NH4]+,1.0,276.0479,1.0,159.1
1536,AllCCS-32859911.0,6-Phosphonoglucono-D-lactone,C6H11O9P,[M+Na]+,1.0,281.0033,1.0,160.1
1540,DarkChem-31661259.0,"ADP-ribose 1""-2"" cyclic phosphate",C15H22N5O16P3,[M+H]+,1.0,622.0347,1.0,230.8
1542,DeepCCS-30932474.0,"ADP-ribose 1""-2"" cyclic phosphate",C15H22N5O16P3,[M+H]+,1.0,622.0347,1.0,183.9
1545,DeepCCS-30932474.0,"ADP-ribose 1""-2"" cyclic phosphate",C15H22N5O16P3,[M+Na]+,1.0,644.0167,1.0,189.7
1546,AllCCS-32859911.0,"ADP-ribose 1""-2"" cyclic phosphate",C15H22N5O16P3,[M+H]+,1.0,622.0347,1.0,220.7
1547,AllCCS-32859911.0,"ADP-ribose 1""-2"" cyclic phosphate",C15H22N5O16P3,[M+H-H2O]+,1.0,604.0242,1.0,219.6
1548,AllCCS-32859911.0,"ADP-ribose 1""-2"" cyclic phosphate",C15H22N5O16P3,[M+NH4]+,1.0,639.0613,1.0,221.6
1549,AllCCS-32859911.0,"ADP-ribose 1""-2"" cyclic phosphate",C15H22N5O16P3,[M+Na]+,1.0,644.0167,1.0,221.9
1553,DarkChem-31661259.0,Oxoadipic acid,C6H8O5,[M+H]+,1.0,161.0444,1.0,137.1
1555,AllCCS-32859911.0,Oxoadipic acid,C6H8O5,[M+H]+,1.0,161.0444,1.0,135.4
1557,DeepCCS-30932474.0,Oxoadipic acid,C6H8O5,[M+H]+,1.0,161.0444,1.0,129.6
1560,DeepCCS-30932474.0,Oxoadipic acid,C6H8O5,[M+Na]+,1.0,183.0264,1.0,138.5
1561,AllCCS-32859911.0,Oxoadipic acid,C6H8O5,[M+H]+,1.0,161.0444,1.0,135.3
1562,AllCCS-32859911.0,Oxoadipic acid,C6H8O5,[M+H-H2O]+,1.0,143.0339,1.0,131.4
1563,AllCCS-32859911.0,Oxoadipic acid,C6H8O5,[M+NH4]+,1.0,178.071,1.0,139.0
1564,AllCCS-32859911.0,Oxoadipic acid,C6H8O5,[M+Na]+,1.0,183.0264,1.0,140.1
1570,AllCCS-32859911.0,Hydroxymethylbilane,C40H46N4O17,[M+H]+,1.0,855.2931,1.0,284.2
1572,DeepCCS-30932474.0,Hydroxymethylbilane,C40H46N4O17,[M+H]+,1.0,855.2931,1.0,271.2
1575,DeepCCS-30932474.0,Hydroxymethylbilane,C40H46N4O17,[M+Na]+,1.0,877.275,1.0,277.0
1577,AllCCS-32859911.0,Hydroxymethylbilane,C40H46N4O17,[M+H-H2O]+,1.0,837.2825,1.0,284.1
1578,AllCCS-32859911.0,Hydroxymethylbilane,C40H46N4O17,[M+NH4]+,1.0,872.3196,1.0,284.3
1579,AllCCS-32859911.0,Hydroxymethylbilane,C40H46N4O17,[M+Na]+,1.0,877.275,1.0,284.3
1583,DarkChem-31661259.0,D-Glucose,C6H12O6,[M+H]+,1.0,181.0707,1.0,140.5
1585,AllCCS-32859911.0,D-Glucose,C6H12O6,[M+H]+,1.0,181.0707,1.0,141.0
1587,DeepCCS-30932474.0,D-Glucose,C6H12O6,[M+H]+,1.0,181.0707,1.0,141.7
1590,DeepCCS-30932474.0,D-Glucose,C6H12O6,[M+Na]+,1.0,203.0526,1.0,148.2
1592,AllCCS-32859911.0,D-Glucose,C6H12O6,[M+H-H2O]+,1.0,163.0601,1.0,136.8
1593,AllCCS-32859911.0,D-Glucose,C6H12O6,[M+NH4]+,1.0,198.0972,1.0,145.0
1594,AllCCS-32859911.0,D-Glucose,C6H12O6,[M+Na]+,1.0,203.0526,1.0,146.2
1598,AllCCS-32859911.0,"2,5-diamino-6-(5-phospho-D-ribosylamino)pyrimidin-4(3H)-one",C9H16N5O8P,[M+H]+,1.0,354.0809,1.0,176.8
1599,AllCCS-32859911.0,"2,5-diamino-6-(5-phospho-D-ribosylamino)pyrimidin-4(3H)-one",C9H16N5O8P,[M+H-H2O]+,1.0,336.0704,1.0,173.8
1600,AllCCS-32859911.0,"2,5-diamino-6-(5-phospho-D-ribosylamino)pyrimidin-4(3H)-one",C9H16N5O8P,[M+Na]+,1.0,376.0629,1.0,180.3
1601,AllCCS-32859911.0,"2,5-diamino-6-(5-phospho-D-ribosylamino)pyrimidin-4(3H)-one",C9H16N5O8P,[M+NH4]+,1.0,371.1075,1.0,179.5
1605,DeepCCS-30932474.0,"2,5-diamino-6-(5-phospho-D-ribosylamino)pyrimidin-4(3H)-one",C9H16N5O8P,[M+H]+,1.0,354.0809,1.0,167.6
1608,DeepCCS-30932474.0,"2,5-diamino-6-(5-phospho-D-ribosylamino)pyrimidin-4(3H)-one",C9H16N5O8P,[M+Na]+,1.0,376.0629,1.0,174.2
1609,DarkChem-31661259.0,Chorismate,C10H10O6,[M+H]+,1.0,227.055,1.0,154.0
1611,DeepCCS-30932474.0,Chorismate,C10H10O6,[M+H]+,1.0,227.055,1.0,149.1
1614,DeepCCS-30932474.0,Chorismate,C10H10O6,[M+Na]+,1.0,249.037,1.0,155.0
1615,AllCCS-32859911.0,Chorismate,C10H10O6,[M+H]+,1.0,227.055,1.0,150.8
1616,AllCCS-32859911.0,Chorismate,C10H10O6,[M+H-H2O]+,1.0,209.0444,1.0,147.0
1617,AllCCS-32859911.0,Chorismate,C10H10O6,[M+NH4]+,1.0,244.0816,1.0,154.3
1618,AllCCS-32859911.0,Chorismate,C10H10O6,[M+Na]+,1.0,249.037,1.0,155.3
1622,AllCCS-32859911.0,"6-hydroxymethyl-7,8-dihydropterin",C7H9N5O2,[M+H]+,1.0,196.0829,1.0,142.6
1623,AllCCS-32859911.0,"6-hydroxymethyl-7,8-dihydropterin",C7H9N5O2,[M+H-H2O]+,1.0,178.0723,1.0,138.5
1624,AllCCS-32859911.0,"6-hydroxymethyl-7,8-dihydropterin",C7H9N5O2,[M+Na]+,1.0,218.0648,1.0,147.6
1625,AllCCS-32859911.0,"6-hydroxymethyl-7,8-dihydropterin",C7H9N5O2,[M+NH4]+,1.0,213.1094,1.0,146.5
1629,DeepCCS-30932474.0,"6-hydroxymethyl-7,8-dihydropterin",C7H9N5O2,[M+H]+,1.0,196.0829,1.0,141.9
1632,DeepCCS-30932474.0,"6-hydroxymethyl-7,8-dihydropterin",C7H9N5O2,[M+Na]+,1.0,218.0648,1.0,150.8
1633,DarkChem-31661259.0,5'-Deoxyadenosine,C10H13N5O3,[M+H]+,1.0,252.1091,1.0,158.7
1635,AllCCS-32859911.0,5'-Deoxyadenosine,C10H13N5O3,[M+H]+,1.0,252.1091,1.0,157.6
1638,DeepCCS-30932474.0,5'-Deoxyadenosine,C10H13N5O3,[M+Na]+,1.0,274.0911,1.0,160.0
1640,AllCCS-32859911.0,5'-Deoxyadenosine,C10H13N5O3,[M+H-H2O]+,1.0,234.0986,1.0,154.0
1641,AllCCS-32859911.0,5'-Deoxyadenosine,C10H13N5O3,[M+NH4]+,1.0,269.1357,1.0,161.0
1642,AllCCS-32859911.0,5'-Deoxyadenosine,C10H13N5O3,[M+Na]+,1.0,274.0911,1.0,162.0
1647,DarkChem-31661259.0,L-Valine,C5H11NO2,[M+H]+,1.0,118.0863,1.0,126.6
1649,AllCCS-32859911.0,L-Valine,C5H11NO2,[M+H]+,1.0,118.0863,1.0,129.5
1651,DeepCCS-30932474.0,L-Valine,C5H11NO2,[M+H]+,1.0,118.0863,1.0,124.7
1654,DeepCCS-30932474.0,L-Valine,C5H11NO2,[M+Na]+,1.0,140.0682,1.0,133.3
1656,AllCCS-32859911.0,L-Valine,C5H11NO2,[M+H-H2O]+,1.0,100.0757,1.0,125.3
1657,AllCCS-32859911.0,L-Valine,C5H11NO2,[M+NH4]+,1.0,135.1128,1.0,133.4
1658,AllCCS-32859911.0,L-Valine,C5H11NO2,[M+Na]+,1.0,140.0682,1.0,134.5
1662,DarkChem-31661259.0,Oxoglutaric acid,C5H6O5,[M+H]+,1.0,147.0288,1.0,131.9
1664,AllCCS-32859911.0,Oxoglutaric acid,C5H6O5,[M+H]+,1.0,147.0288,1.0,132.7
1666,DeepCCS-30932474.0,Oxoglutaric acid,C5H6O5,[M+H]+,1.0,147.0288,1.0,125.6
1669,DeepCCS-30932474.0,Oxoglutaric acid,C5H6O5,[M+Na]+,1.0,169.0107,1.0,134.3
1671,AllCCS-32859911.0,Oxoglutaric acid,C5H6O5,[M+H-H2O]+,1.0,129.0182,1.0,128.7
1672,AllCCS-32859911.0,Oxoglutaric acid,C5H6O5,[M+NH4]+,1.0,164.0553,1.0,136.5
1673,AllCCS-32859911.0,Oxoglutaric acid,C5H6O5,[M+Na]+,1.0,169.0107,1.0,137.6
1677,DarkChem-31661259.0,L-Alanine,C3H7NO2,[M+H]+,1.0,90.055,1.0,116.8
1679,AllCCS-32859911.0,L-Alanine,C3H7NO2,[M+H]+,1.0,90.055,1.0,125.6
1681,DeepCCS-30932474.0,L-Alanine,C3H7NO2,[M+H]+,1.0,90.055,1.0,121.4
1684,DeepCCS-30932474.0,L-Alanine,C3H7NO2,[M+Na]+,1.0,112.0369,1.0,129.6
1686,AllCCS-32859911.0,L-Alanine,C3H7NO2,[M+H-H2O]+,1.0,72.0444,1.0,121.2
1687,AllCCS-32859911.0,L-Alanine,C3H7NO2,[M+NH4]+,1.0,107.0815,1.0,129.7
1688,AllCCS-32859911.0,L-Alanine,C3H7NO2,[M+Na]+,1.0,112.0369,1.0,130.9
1692,DarkChem-31661259.0,Quinone,C6H4O2,[M+H]+,1.0,109.0284,1.0,123.2
1694,DeepCCS-30932474.0,Quinone,C6H4O2,[M+H]+,1.0,109.0284,1.0,122.4
1697,DeepCCS-30932474.0,Quinone,C6H4O2,[M+Na]+,1.0,131.0103,1.0,131.2
1698,AllCCS-32859911.0,Quinone,C6H4O2,[M+H]+,1.0,109.0284,1.0,122.5
1699,AllCCS-32859911.0,Quinone,C6H4O2,[M+H-H2O]+,1.0,91.0178,1.0,117.5
1700,AllCCS-32859911.0,Quinone,C6H4O2,[M+NH4]+,1.0,126.055,1.0,127.1
1701,AllCCS-32859911.0,Quinone,C6H4O2,[M+Na]+,1.0,131.0103,1.0,128.4
1705,DarkChem-31661259.0,Protoporphyrinogen IX,C34H40N4O4,[M+H]+,1.0,569.3122,1.0,231.9
1707,AllCCS-32859911.0,Protoporphyrinogen IX,C34H40N4O4,[M+H]+,1.0,569.3122,1.0,238.3
1709,DeepCCS-30932474.0,Protoporphyrinogen IX,C34H40N4O4,[M+H]+,1.0,569.3122,1.0,241.1
1712,DeepCCS-30932474.0,Protoporphyrinogen IX,C34H40N4O4,[M+Na]+,1.0,591.2942,1.0,247.0
1714,AllCCS-32859911.0,Protoporphyrinogen IX,C34H40N4O4,[M+H-H2O]+,1.0,551.3017,1.0,236.8
1715,AllCCS-32859911.0,Protoporphyrinogen IX,C34H40N4O4,[M+NH4]+,1.0,586.3388,1.0,239.6
1716,AllCCS-32859911.0,Protoporphyrinogen IX,C34H40N4O4,[M+Na]+,1.0,591.2942,1.0,240.0
1720,DarkChem-31661259.0,Nicotinic acid ribonucleoside,C11H14NO6,[M+H]+,1.0,257.0894,1.0,158.7
1722,DeepCCS-30932474.0,Nicotinic acid ribonucleoside,C11H14NO6,[M+H]+,1.0,257.0894,1.0,156.1
1725,DeepCCS-30932474.0,Nicotinic acid ribonucleoside,C11H14NO6,[M+Na]+,1.0,279.0713,1.0,162.5
1726,AllCCS-32859911.0,Nicotinic acid ribonucleoside,C11H14NO6,[M+H]+,1.0,257.0894,1.0,156.2
1727,AllCCS-32859911.0,Nicotinic acid ribonucleoside,C11H14NO6,[M+H-H2O]+,1.0,239.0788,1.0,152.6
1728,AllCCS-32859911.0,Nicotinic acid ribonucleoside,C11H14NO6,[M+NH4]+,1.0,274.1159,1.0,159.6
1729,AllCCS-32859911.0,Nicotinic acid ribonucleoside,C11H14NO6,[M+Na]+,1.0,279.0713,1.0,160.5
1734,DarkChem-31661259.0,cis-4-Carboxymethylenebut-2-en-4-olide,C6H4O4,[M+H]+,1.0,141.0182,1.0,132.1
1736,DeepCCS-30932474.0,cis-4-Carboxymethylenebut-2-en-4-olide,C6H4O4,[M+H]+,1.0,141.0182,1.0,126.3
1739,DeepCCS-30932474.0,cis-4-Carboxymethylenebut-2-en-4-olide,C6H4O4,[M+Na]+,1.0,163.0002,1.0,135.7
1740,AllCCS-32859911.0,cis-4-Carboxymethylenebut-2-en-4-olide,C6H4O4,[M+H]+,1.0,141.0182,1.0,128.8
1741,AllCCS-32859911.0,cis-4-Carboxymethylenebut-2-en-4-olide,C6H4O4,[M+H-H2O]+,1.0,123.0077,1.0,124.2
1742,AllCCS-32859911.0,cis-4-Carboxymethylenebut-2-en-4-olide,C6H4O4,[M+NH4]+,1.0,158.0448,1.0,133.2
1743,AllCCS-32859911.0,cis-4-Carboxymethylenebut-2-en-4-olide,C6H4O4,[M+Na]+,1.0,163.0002,1.0,134.4
1747,DarkChem-31661259.0,Glutathione,C10H17N3O6S,[M+H]+,1.0,308.0911,1.0,170.6
1749,AllCCS-32859911.0,Glutathione,C10H17N3O6S,[M+H]+,1.0,308.0911,1.0,165.4
1751,DeepCCS-30932474.0,Glutathione,C10H17N3O6S,[M+H]+,1.0,308.0911,1.0,168.3
1754,DeepCCS-30932474.0,Glutathione,C10H17N3O6S,[M+Na]+,1.0,330.073,1.0,174.4
1756,AllCCS-32859911.0,Glutathione,C10H17N3O6S,[M+H-H2O]+,1.0,290.0805,1.0,162.7
1757,AllCCS-32859911.0,Glutathione,C10H17N3O6S,[M+NH4]+,1.0,325.1176,1.0,168.0
1758,AllCCS-32859911.0,Glutathione,C10H17N3O6S,[M+Na]+,1.0,330.073,1.0,168.7
1763,DarkChem-31661259.0,5-Thymidylic acid,C10H15N2O8P,[M+H]+,1.0,323.0639,1.0,169.5
1765,AllCCS-32859911.0,5-Thymidylic acid,C10H15N2O8P,[M+H]+,1.0,323.0639,1.0,169.7
1767,DeepCCS-30932474.0,5-Thymidylic acid,C10H15N2O8P,[M+H]+,1.0,323.0639,1.0,172.5
1770,DeepCCS-30932474.0,5-Thymidylic acid,C10H15N2O8P,[M+Na]+,1.0,345.0458,1.0,180.1
1772,AllCCS-32859911.0,5-Thymidylic acid,C10H15N2O8P,[M+H-H2O]+,1.0,305.0533,1.0,166.6
1773,AllCCS-32859911.0,5-Thymidylic acid,C10H15N2O8P,[M+NH4]+,1.0,340.0904,1.0,172.5
1774,AllCCS-32859911.0,5-Thymidylic acid,C10H15N2O8P,[M+Na]+,1.0,345.0458,1.0,173.3
1782,DarkChem-31661259.0,Lactaldehyde,C3H6O2,[M+H]+,1.0,75.0441,1.0,113.6
1784,DeepCCS-30932474.0,Lactaldehyde,C3H6O2,[M+H]+,1.0,75.0441,1.0,118.0
1787,DeepCCS-30932474.0,Lactaldehyde,C3H6O2,[M+Na]+,1.0,97.026,1.0,126.3
1788,AllCCS-32859911.0,Lactaldehyde,C3H6O2,[M+H]+,1.0,75.0441,1.0,122.8
1789,AllCCS-32859911.0,Lactaldehyde,C3H6O2,[M+H-H2O]+,1.0,57.0335,1.0,118.3
1790,AllCCS-32859911.0,Lactaldehyde,C3H6O2,[M+NH4]+,1.0,92.0706,1.0,127.0
1791,AllCCS-32859911.0,Lactaldehyde,C3H6O2,[M+Na]+,1.0,97.026,1.0,128.2
1795,DeepCCS-30932474.0,3-Methyl-2-oxovaleric acid,C6H10O3,[M+H]+,1.0,131.0703,1.0,126.4
1798,DeepCCS-30932474.0,3-Methyl-2-oxovaleric acid,C6H10O3,[M+Na]+,1.0,153.0522,1.0,135.0
1799,AllCCS-32859911.0,3-Methyl-2-oxovaleric acid,C6H10O3,[M+H]+,1.0,131.0703,1.0,130.9
1800,AllCCS-32859911.0,3-Methyl-2-oxovaleric acid,C6H10O3,[M+H-H2O]+,1.0,113.0597,1.0,126.7
1801,AllCCS-32859911.0,3-Methyl-2-oxovaleric acid,C6H10O3,[M+NH4]+,1.0,148.0968,1.0,134.8
1802,AllCCS-32859911.0,3-Methyl-2-oxovaleric acid,C6H10O3,[M+Na]+,1.0,153.0522,1.0,135.9
1806,DarkChem-31661259.0,Indolepyruvate,C11H9NO3,[M+H]+,1.0,204.0655,1.0,146.3
1808,DeepCCS-30932474.0,Indolepyruvate,C11H9NO3,[M+H]+,1.0,204.0655,1.0,140.4
1811,DeepCCS-30932474.0,Indolepyruvate,C11H9NO3,[M+Na]+,1.0,226.0475,1.0,147.5
1812,AllCCS-32859911.0,Indolepyruvate,C11H9NO3,[M+H]+,1.0,204.0655,1.0,144.0
1813,AllCCS-32859911.0,Indolepyruvate,C11H9NO3,[M+H-H2O]+,1.0,186.055,1.0,139.8
1814,AllCCS-32859911.0,Indolepyruvate,C11H9NO3,[M+NH4]+,1.0,221.0921,1.0,147.9
1815,AllCCS-32859911.0,Indolepyruvate,C11H9NO3,[M+Na]+,1.0,226.0475,1.0,149.0
1819,DarkChem-31661259.0,Pyruvaldehyde,C3H4O2,[M+H]+,1.0,73.0284,1.0,111.5
1821,AllCCS-32859911.0,Pyruvaldehyde,C3H4O2,[M+H]+,1.0,73.0284,1.0,121.1
1823,DeepCCS-30932474.0,Pyruvaldehyde,C3H4O2,[M+H]+,1.0,73.0284,1.0,119.8
1826,DeepCCS-30932474.0,Pyruvaldehyde,C3H4O2,[M+Na]+,1.0,95.0103,1.0,128.0
1828,AllCCS-32859911.0,Pyruvaldehyde,C3H4O2,[M+H-H2O]+,1.0,55.0178,1.0,116.6
1829,AllCCS-32859911.0,Pyruvaldehyde,C3H4O2,[M+NH4]+,1.0,90.055,1.0,125.4
1830,AllCCS-32859911.0,Pyruvaldehyde,C3H4O2,[M+Na]+,1.0,95.0103,1.0,126.6
1835,DarkChem-31661259.0,S-Hydroxymethylglutathione,C11H19N3O7S,[M+H]+,1.0,338.1016,1.0,177.2
1837,DeepCCS-30932474.0,S-Hydroxymethylglutathione,C11H19N3O7S,[M+H]+,1.0,338.1016,1.0,174.2
1840,DeepCCS-30932474.0,S-Hydroxymethylglutathione,C11H19N3O7S,[M+Na]+,1.0,360.0836,1.0,180.5
1841,AllCCS-32859911.0,S-Hydroxymethylglutathione,C11H19N3O7S,[M+H]+,1.0,338.1016,1.0,170.7
1842,AllCCS-32859911.0,S-Hydroxymethylglutathione,C11H19N3O7S,[M+H-H2O]+,1.0,320.0911,1.0,168.2
1843,AllCCS-32859911.0,S-Hydroxymethylglutathione,C11H19N3O7S,[M+NH4]+,1.0,355.1282,1.0,173.0
1844,AllCCS-32859911.0,S-Hydroxymethylglutathione,C11H19N3O7S,[M+Na]+,1.0,360.0836,1.0,173.7
1848,DarkChem-31661259.0,myo-Inositol,C6H12O6,[M+H]+,1.0,181.0707,1.0,140.8
1850,AllCCS-32859911.0,myo-Inositol,C6H12O6,[M+H]+,1.0,181.0707,1.0,141.7
1852,DeepCCS-30932474.0,myo-Inositol,C6H12O6,[M+H]+,1.0,181.0707,1.0,144.1
1855,DeepCCS-30932474.0,myo-Inositol,C6H12O6,[M+Na]+,1.0,203.0526,1.0,150.7
1857,AllCCS-32859911.0,myo-Inositol,C6H12O6,[M+H-H2O]+,1.0,163.0601,1.0,137.7
1858,AllCCS-32859911.0,myo-Inositol,C6H12O6,[M+NH4]+,1.0,198.0972,1.0,145.4
1859,AllCCS-32859911.0,myo-Inositol,C6H12O6,[M+Na]+,1.0,203.0526,1.0,146.5
1863,DeepCCS-30932474.0,"2-Hexaprenyl-6-methoxy-1,4-benzoquinone",C37H54O3,[M+H]+,1.0,547.4146,1.0,242.6
1866,DeepCCS-30932474.0,"2-Hexaprenyl-6-methoxy-1,4-benzoquinone",C37H54O3,[M+Na]+,1.0,569.3965,1.0,248.5
1867,AllCCS-32859911.0,"2-Hexaprenyl-6-methoxy-1,4-benzoquinone",C37H54O3,[M+H]+,1.0,547.4146,1.0,244.6
1868,AllCCS-32859911.0,"2-Hexaprenyl-6-methoxy-1,4-benzoquinone",C37H54O3,[M+H-H2O]+,1.0,529.404,1.0,243.0
1869,AllCCS-32859911.0,"2-Hexaprenyl-6-methoxy-1,4-benzoquinone",C37H54O3,[M+NH4]+,1.0,564.4411,1.0,246.0
1870,AllCCS-32859911.0,"2-Hexaprenyl-6-methoxy-1,4-benzoquinone",C37H54O3,[M+Na]+,1.0,569.3965,1.0,246.4
1874,DarkChem-31661259.0,Pyruvic acid,C3H4O3,[M+H]+,1.0,89.0233,1.0,115.7
1876,AllCCS-32859911.0,Pyruvic acid,C3H4O3,[M+H]+,1.0,89.0233,1.0,124.3
1878,DeepCCS-30932474.0,Pyruvic acid,C3H4O3,[M+H]+,1.0,89.0233,1.0,122.3
1881,DeepCCS-30932474.0,Pyruvic acid,C3H4O3,[M+Na]+,1.0,111.0053,1.0,130.5
1883,AllCCS-32859911.0,Pyruvic acid,C3H4O3,[M+H-H2O]+,1.0,71.0128,1.0,119.9
1884,AllCCS-32859911.0,Pyruvic acid,C3H4O3,[M+NH4]+,1.0,106.0499,1.0,128.4
1885,AllCCS-32859911.0,Pyruvic acid,C3H4O3,[M+Na]+,1.0,111.0053,1.0,129.6
1889,DarkChem-31661259.0,(S)-2-Acetolactate,C5H8O4,[M+H]+,1.0,133.0495,1.0,129.8
1891,DeepCCS-30932474.0,(S)-2-Acetolactate,C5H8O4,[M+H]+,1.0,133.0495,1.0,120.9
1894,DeepCCS-30932474.0,(S)-2-Acetolactate,C5H8O4,[M+Na]+,1.0,155.0315,1.0,129.7
1895,AllCCS-32859911.0,(S)-2-Acetolactate,C5H8O4,[M+H]+,1.0,133.0495,1.0,130.7
1896,AllCCS-32859911.0,(S)-2-Acetolactate,C5H8O4,[M+H-H2O]+,1.0,115.039,1.0,126.6
1897,AllCCS-32859911.0,(S)-2-Acetolactate,C5H8O4,[M+NH4]+,1.0,150.0761,1.0,134.5
1898,AllCCS-32859911.0,(S)-2-Acetolactate,C5H8O4,[M+Na]+,1.0,155.0315,1.0,135.7
1902,DarkChem-31661259.0,5'-Methylthioadenosine,C11H15N5O3S,[M+H]+,1.0,298.0968,1.0,170.2
1904,AllCCS-32859911.0,5'-Methylthioadenosine,C11H15N5O3S,[M+H]+,1.0,298.0968,1.0,167.3
1906,DeepCCS-30932474.0,5'-Methylthioadenosine,C11H15N5O3S,[M+H]+,1.0,298.0968,1.0,158.5
1909,DeepCCS-30932474.0,5'-Methylthioadenosine,C11H15N5O3S,[M+Na]+,1.0,320.0788,1.0,165.1
1911,AllCCS-32859911.0,5'-Methylthioadenosine,C11H15N5O3S,[M+H-H2O]+,1.0,280.0863,1.0,164.1
1912,AllCCS-32859911.0,5'-Methylthioadenosine,C11H15N5O3S,[M+NH4]+,1.0,315.1234,1.0,170.3
1913,AllCCS-32859911.0,5'-Methylthioadenosine,C11H15N5O3S,[M+Na]+,1.0,320.0788,1.0,171.1
1917,AllCCS-32859911.0,"(1S,2R)-1-C-(indol-3-yl)glycerol 3-phosphate",C11H14NO6P,[M+H]+,1.0,288.0631,1.0,164.1
1918,AllCCS-32859911.0,"(1S,2R)-1-C-(indol-3-yl)glycerol 3-phosphate",C11H14NO6P,[M+H-H2O]+,1.0,270.0526,1.0,160.7
1919,AllCCS-32859911.0,"(1S,2R)-1-C-(indol-3-yl)glycerol 3-phosphate",C11H14NO6P,[M+Na]+,1.0,310.0451,1.0,168.2
1920,AllCCS-32859911.0,"(1S,2R)-1-C-(indol-3-yl)glycerol 3-phosphate",C11H14NO6P,[M+NH4]+,1.0,305.0897,1.0,167.3
1924,DeepCCS-30932474.0,"(1S,2R)-1-C-(indol-3-yl)glycerol 3-phosphate",C11H14NO6P,[M+H]+,1.0,288.0631,1.0,149.2
1927,DeepCCS-30932474.0,"(1S,2R)-1-C-(indol-3-yl)glycerol 3-phosphate",C11H14NO6P,[M+Na]+,1.0,310.0451,1.0,155.6
1929,DarkChem-31661259.0,Mevalonic acid-5P,C6H13O7P,[M+H]+,1.0,229.0472,1.0,151.3
1931,AllCCS-32859911.0,Mevalonic acid-5P,C6H13O7P,[M+H]+,1.0,229.0472,1.0,149.7
1933,DeepCCS-30932474.0,Mevalonic acid-5P,C6H13O7P,[M+H]+,1.0,229.0472,1.0,135.3
1936,DeepCCS-30932474.0,Mevalonic acid-5P,C6H13O7P,[M+Na]+,1.0,251.0291,1.0,142.7
1938,AllCCS-32859911.0,Mevalonic acid-5P,C6H13O7P,[M+H-H2O]+,1.0,211.0366,1.0,146.2
1939,AllCCS-32859911.0,Mevalonic acid-5P,C6H13O7P,[M+NH4]+,1.0,246.0737,1.0,153.0
1940,AllCCS-32859911.0,Mevalonic acid-5P,C6H13O7P,[M+Na]+,1.0,251.0291,1.0,153.9
1944,DarkChem-31661259.0,3-beta-Hydroxy-4-beta-methyl-5-alpha-cholest-7-ene-4-alpha-carboxylate,C29H48O3,[M+H]+,1.0,445.3676,1.0,207.8
1947,DeepCCS-30932474.0,3-beta-Hydroxy-4-beta-methyl-5-alpha-cholest-7-ene-4-alpha-carboxylate,C29H48O3,[M+Na]+,1.0,467.3496,1.0,230.9
1948,AllCCS-32859911.0,3-beta-Hydroxy-4-beta-methyl-5-alpha-cholest-7-ene-4-alpha-carboxylate,C29H48O3,[M+H]+,1.0,445.3676,1.0,212.6
1949,AllCCS-32859911.0,3-beta-Hydroxy-4-beta-methyl-5-alpha-cholest-7-ene-4-alpha-carboxylate,C29H48O3,[M+H-H2O]+,1.0,427.3571,1.0,210.8
1950,AllCCS-32859911.0,3-beta-Hydroxy-4-beta-methyl-5-alpha-cholest-7-ene-4-alpha-carboxylate,C29H48O3,[M+NH4]+,1.0,462.3942,1.0,214.2
1951,AllCCS-32859911.0,3-beta-Hydroxy-4-beta-methyl-5-alpha-cholest-7-ene-4-alpha-carboxylate,C29H48O3,[M+Na]+,1.0,467.3496,1.0,214.7
1955,DarkChem-31661259.0,3-Dehydrosphinganine,C18H37NO2,[M+H]+,1.0,300.2897,1.0,179.5
1957,AllCCS-32859911.0,3-Dehydrosphinganine,C18H37NO2,[M+H]+,1.0,300.2897,1.0,185.6
1959,DeepCCS-30932474.0,3-Dehydrosphinganine,C18H37NO2,[M+H]+,1.0,300.2897,1.0,186.3
1962,DeepCCS-30932474.0,3-Dehydrosphinganine,C18H37NO2,[M+Na]+,1.0,322.2716,1.0,194.0
1964,AllCCS-32859911.0,3-Dehydrosphinganine,C18H37NO2,[M+H-H2O]+,1.0,282.2791,1.0,182.8
1965,AllCCS-32859911.0,3-Dehydrosphinganine,C18H37NO2,[M+NH4]+,1.0,317.3163,1.0,188.3
1966,AllCCS-32859911.0,3-Dehydrosphinganine,C18H37NO2,[M+Na]+,1.0,322.2716,1.0,189.0
1971,DeepCCS-30932474.0,"1,2-Dihydroxy-3-keto-5-methylthiopentene",C6H10O3S,[M+H]+,1.0,163.0423,1.0,133.9
1974,DeepCCS-30932474.0,"1,2-Dihydroxy-3-keto-5-methylthiopentene",C6H10O3S,[M+Na]+,1.0,185.0243,1.0,142.9
1975,AllCCS-32859911.0,"1,2-Dihydroxy-3-keto-5-methylthiopentene",C6H10O3S,[M+H]+,1.0,163.0423,1.0,135.4
1976,AllCCS-32859911.0,"1,2-Dihydroxy-3-keto-5-methylthiopentene",C6H10O3S,[M+H-H2O]+,1.0,145.0318,1.0,131.6
1977,AllCCS-32859911.0,"1,2-Dihydroxy-3-keto-5-methylthiopentene",C6H10O3S,[M+NH4]+,1.0,180.0689,1.0,139.0
1978,AllCCS-32859911.0,"1,2-Dihydroxy-3-keto-5-methylthiopentene",C6H10O3S,[M+Na]+,1.0,185.0243,1.0,140.1
1982,DarkChem-31661259.0,4-alpha-Methyl-5-alpha-cholest-7-en-3-one,C28H46O,[M+H]+,1.0,399.3621,1.0,198.9
1985,DeepCCS-30932474.0,4-alpha-Methyl-5-alpha-cholest-7-en-3-one,C28H46O,[M+Na]+,1.0,421.3441,1.0,220.6
1986,AllCCS-32859911.0,4-alpha-Methyl-5-alpha-cholest-7-en-3-one,C28H46O,[M+H]+,1.0,399.3621,1.0,205.7
1987,AllCCS-32859911.0,4-alpha-Methyl-5-alpha-cholest-7-en-3-one,C28H46O,[M+H-H2O]+,1.0,381.3516,1.0,203.6
1988,AllCCS-32859911.0,4-alpha-Methyl-5-alpha-cholest-7-en-3-one,C28H46O,[M+NH4]+,1.0,416.3887,1.0,207.6
1989,AllCCS-32859911.0,4-alpha-Methyl-5-alpha-cholest-7-en-3-one,C28H46O,[M+Na]+,1.0,421.3441,1.0,208.2
1993,DeepCCS-30932474.0,1-palmitoyl-dihydroxyacetone-phosphate,C19H37O7P,[M+H]+,1.0,409.235,1.0,191.2
1996,DeepCCS-30932474.0,1-palmitoyl-dihydroxyacetone-phosphate,C19H37O7P,[M+Na]+,1.0,431.2169,1.0,199.0
1997,AllCCS-32859911.0,1-palmitoyl-dihydroxyacetone-phosphate,C19H37O7P,[M+H]+,1.0,409.235,1.0,204.0
1998,AllCCS-32859911.0,1-palmitoyl-dihydroxyacetone-phosphate,C19H37O7P,[M+H-H2O]+,1.0,391.2244,1.0,201.9
1999,AllCCS-32859911.0,1-palmitoyl-dihydroxyacetone-phosphate,C19H37O7P,[M+NH4]+,1.0,426.2615,1.0,206.0
2000,AllCCS-32859911.0,1-palmitoyl-dihydroxyacetone-phosphate,C19H37O7P,[M+Na]+,1.0,431.2169,1.0,206.6
2005,DeepCCS-30932474.0,"Beta-1,4-D-Mannosylchitobiosyldiphosphodolichol",C47H82N2O22P2,[M+H]+,1.0,1089.4907,1.0,313.6
2008,DeepCCS-30932474.0,"Beta-1,4-D-Mannosylchitobiosyldiphosphodolichol",C47H82N2O22P2,[M+Na]+,1.0,1111.4727,1.0,319.9
2009,AllCCS-32859911.0,"Beta-1,4-D-Mannosylchitobiosyldiphosphodolichol",C47H82N2O22P2,[M+H]+,1.0,1089.4907,1.0,319.6
2010,AllCCS-32859911.0,"Beta-1,4-D-Mannosylchitobiosyldiphosphodolichol",C47H82N2O22P2,[M+H-H2O]+,1.0,1071.4802,1.0,319.8
2011,AllCCS-32859911.0,"Beta-1,4-D-Mannosylchitobiosyldiphosphodolichol",C47H82N2O22P2,[M+NH4]+,1.0,1106.5173,1.0,319.3
2012,AllCCS-32859911.0,"Beta-1,4-D-Mannosylchitobiosyldiphosphodolichol",C47H82N2O22P2,[M+Na]+,1.0,1111.4727,1.0,319.2
2017,DarkChem-31661259.0,Phosphorylcholine,C5H15NO4P,[M+H]+,1.0,185.0811,1.0,139.2
2019,AllCCS-32859911.0,Phosphorylcholine,C5H15NO4P,[M+H]+,1.0,185.0811,1.0,138.8
2021,DeepCCS-30932474.0,Phosphorylcholine,C5H15NO4P,[M+H]+,1.0,185.0811,1.0,127.0
2024,DeepCCS-30932474.0,Phosphorylcholine,C5H15NO4P,[M+Na]+,1.0,207.0631,1.0,136.3
2026,AllCCS-32859911.0,Phosphorylcholine,C5H15NO4P,[M+H-H2O]+,1.0,167.0706,1.0,135.3
2027,AllCCS-32859911.0,Phosphorylcholine,C5H15NO4P,[M+NH4]+,1.0,202.1077,1.0,142.1
2028,AllCCS-32859911.0,Phosphorylcholine,C5H15NO4P,[M+Na]+,1.0,207.0631,1.0,143.1
2035,DarkChem-31661259.0,beta-Alanine,C3H7NO2,[M+H]+,1.0,90.055,1.0,115.2
2037,AllCCS-32859911.0,beta-Alanine,C3H7NO2,[M+H]+,1.0,90.055,1.0,124.1
2039,DeepCCS-30932474.0,beta-Alanine,C3H7NO2,[M+H]+,1.0,90.055,1.0,132.6
2042,DeepCCS-30932474.0,beta-Alanine,C3H7NO2,[M+Na]+,1.0,112.0369,1.0,140.8
2044,AllCCS-32859911.0,beta-Alanine,C3H7NO2,[M+H-H2O]+,1.0,72.0444,1.0,119.8
2045,AllCCS-32859911.0,beta-Alanine,C3H7NO2,[M+NH4]+,1.0,107.0815,1.0,128.2
2046,AllCCS-32859911.0,beta-Alanine,C3H7NO2,[M+Na]+,1.0,112.0369,1.0,129.4
2051,DarkChem-31661259.0,S-Adenosylhomocysteine,C14H20N6O5S,[M+H]+,1.0,385.1289,1.0,188.4
2053,AllCCS-32859911.0,S-Adenosylhomocysteine,C14H20N6O5S,[M+H]+,1.0,385.1289,1.0,183.7
2055,DeepCCS-30932474.0,S-Adenosylhomocysteine,C14H20N6O5S,[M+H]+,1.0,385.1289,1.0,187.1
2058,DeepCCS-30932474.0,S-Adenosylhomocysteine,C14H20N6O5S,[M+Na]+,1.0,407.1108,1.0,193.1
2060,AllCCS-32859911.0,S-Adenosylhomocysteine,C14H20N6O5S,[M+H-H2O]+,1.0,367.1183,1.0,181.4
2061,AllCCS-32859911.0,S-Adenosylhomocysteine,C14H20N6O5S,[M+NH4]+,1.0,402.1554,1.0,185.9
2062,AllCCS-32859911.0,S-Adenosylhomocysteine,C14H20N6O5S,[M+Na]+,1.0,407.1108,1.0,186.5
2066,DarkChem-31661259.0,Allantoic acid,C4H8N4O4,[M+H]+,1.0,177.0618,1.0,139.2
2068,AllCCS-32859911.0,Allantoic acid,C4H8N4O4,[M+H]+,1.0,177.0618,1.0,140.1
2070,DeepCCS-30932474.0,Allantoic acid,C4H8N4O4,[M+H]+,1.0,177.0618,1.0,128.7
2073,DeepCCS-30932474.0,Allantoic acid,C4H8N4O4,[M+Na]+,1.0,199.0438,1.0,137.7
2075,AllCCS-32859911.0,Allantoic acid,C4H8N4O4,[M+H-H2O]+,1.0,159.0513,1.0,136.4
2076,AllCCS-32859911.0,Allantoic acid,C4H8N4O4,[M+NH4]+,1.0,194.0884,1.0,143.6
2077,AllCCS-32859911.0,Allantoic acid,C4H8N4O4,[M+Na]+,1.0,199.0438,1.0,144.6
2081,DarkChem-31661259.0,Isopentenyl pyrophosphate,C5H12O7P2,[M+H]+,1.0,247.0131,1.0,156.7
2083,AllCCS-32859911.0,Isopentenyl pyrophosphate,C5H12O7P2,[M+H]+,1.0,247.0131,1.0,153.6
2085,DeepCCS-30932474.0,Isopentenyl pyrophosphate,C5H12O7P2,[M+H]+,1.0,247.0131,1.0,136.0
2088,DeepCCS-30932474.0,Isopentenyl pyrophosphate,C5H12O7P2,[M+Na]+,1.0,268.995,1.0,145.4
2090,AllCCS-32859911.0,Isopentenyl pyrophosphate,C5H12O7P2,[M+H-H2O]+,1.0,229.0025,1.0,150.2
2091,AllCCS-32859911.0,Isopentenyl pyrophosphate,C5H12O7P2,[M+NH4]+,1.0,264.0396,1.0,156.8
2092,AllCCS-32859911.0,Isopentenyl pyrophosphate,C5H12O7P2,[M+Na]+,1.0,268.995,1.0,157.7
2096,DarkChem-31661259.0,Deoxyuridine triphosphate,C9H15N2O14P3,[M+H]+,1.0,468.9809,1.0,197.2
2098,AllCCS-32859911.0,Deoxyuridine triphosphate,C9H15N2O14P3,[M+H]+,1.0,468.9809,1.0,190.7
2100,DeepCCS-30932474.0,Deoxyuridine triphosphate,C9H15N2O14P3,[M+H]+,1.0,468.9809,1.0,146.6
2103,DeepCCS-30932474.0,Deoxyuridine triphosphate,C9H15N2O14P3,[M+Na]+,1.0,490.9628,1.0,153.9
2105,AllCCS-32859911.0,Deoxyuridine triphosphate,C9H15N2O14P3,[M+H-H2O]+,1.0,450.9703,1.0,188.7
2106,AllCCS-32859911.0,Deoxyuridine triphosphate,C9H15N2O14P3,[M+NH4]+,1.0,486.0074,1.0,192.6
2107,AllCCS-32859911.0,Deoxyuridine triphosphate,C9H15N2O14P3,[M+Na]+,1.0,490.9628,1.0,193.2
2111,AllCCS-32859911.0,Guanosine diphosphate mannose,C16H25N5O16P2,[M+H]+,1.0,606.0844,1.0,218.6
2113,DeepCCS-30932474.0,Guanosine diphosphate mannose,C16H25N5O16P2,[M+H]+,1.0,606.0844,1.0,192.0
2116,DeepCCS-30932474.0,Guanosine diphosphate mannose,C16H25N5O16P2,[M+Na]+,1.0,628.0664,1.0,197.8
2118,AllCCS-32859911.0,Guanosine diphosphate mannose,C16H25N5O16P2,[M+H-H2O]+,1.0,588.0739,1.0,217.4
2119,AllCCS-32859911.0,Guanosine diphosphate mannose,C16H25N5O16P2,[M+NH4]+,1.0,623.111,1.0,219.6
2120,AllCCS-32859911.0,Guanosine diphosphate mannose,C16H25N5O16P2,[M+Na]+,1.0,628.0664,1.0,219.8
2124,DarkChem-31661259.0,Pantothenic acid,C9H17NO5,[M+H]+,1.0,220.1179,1.0,152.1
2126,AllCCS-32859911.0,Pantothenic acid,C9H17NO5,[M+H]+,1.0,220.1179,1.0,149.7
2128,DeepCCS-30932474.0,Pantothenic acid,C9H17NO5,[M+H]+,1.0,220.1179,1.0,149.9
2131,DeepCCS-30932474.0,Pantothenic acid,C9H17NO5,[M+Na]+,1.0,242.0999,1.0,156.0
2133,AllCCS-32859911.0,Pantothenic acid,C9H17NO5,[M+H-H2O]+,1.0,202.1074,1.0,146.3
2134,AllCCS-32859911.0,Pantothenic acid,C9H17NO5,[M+NH4]+,1.0,237.1445,1.0,152.8
2135,AllCCS-32859911.0,Pantothenic acid,C9H17NO5,[M+Na]+,1.0,242.0999,1.0,153.7
2139,DarkChem-31661259.0,L-Sorbose,C6H12O6,[M+H]+,1.0,181.0707,1.0,140.6
2141,AllCCS-32859911.0,L-Sorbose,C6H12O6,[M+H]+,1.0,181.0707,1.0,140.4
2143,DeepCCS-30932474.0,L-Sorbose,C6H12O6,[M+H]+,1.0,181.0707,1.0,137.9
2146,DeepCCS-30932474.0,L-Sorbose,C6H12O6,[M+Na]+,1.0,203.0526,1.0,144.3
2148,AllCCS-32859911.0,L-Sorbose,C6H12O6,[M+H-H2O]+,1.0,163.0601,1.0,136.2
2149,AllCCS-32859911.0,L-Sorbose,C6H12O6,[M+NH4]+,1.0,198.0972,1.0,144.4
2150,AllCCS-32859911.0,L-Sorbose,C6H12O6,[M+Na]+,1.0,203.0526,1.0,145.6
2154,DarkChem-31661259.0,dTDP,C10H16N2O11P2,[M+H]+,1.0,403.0302,1.0,185.8
2156,AllCCS-32859911.0,dTDP,C10H16N2O11P2,[M+H]+,1.0,403.0302,1.0,183.1
2158,DeepCCS-30932474.0,dTDP,C10H16N2O11P2,[M+H]+,1.0,403.0302,1.0,173.0
2161,DeepCCS-30932474.0,dTDP,C10H16N2O11P2,[M+Na]+,1.0,425.0122,1.0,179.2
2163,AllCCS-32859911.0,dTDP,C10H16N2O11P2,[M+H-H2O]+,1.0,385.0196,1.0,180.6
2164,AllCCS-32859911.0,dTDP,C10H16N2O11P2,[M+NH4]+,1.0,420.0568,1.0,185.4
2165,AllCCS-32859911.0,dTDP,C10H16N2O11P2,[M+Na]+,1.0,425.0122,1.0,186.0
2169,DarkChem-31661259.0,dCMP,C9H14N3O7P,[M+H]+,1.0,308.0642,1.0,166.1
2173,DeepCCS-30932474.0,dCMP,C9H14N3O7P,[M+H]+,1.0,308.0642,1.0,159.4
2176,DeepCCS-30932474.0,dCMP,C9H14N3O7P,[M+Na]+,1.0,330.0462,1.0,165.8
2178,AllCCS-32859911.0,dCMP,C9H14N3O7P,[M+H-H2O]+,1.0,290.0536,1.0,162.9
2179,AllCCS-32859911.0,dCMP,C9H14N3O7P,[M+NH4]+,1.0,325.0908,1.0,169.1
2180,AllCCS-32859911.0,dCMP,C9H14N3O7P,[M+Na]+,1.0,330.0462,1.0,169.9
2186,DarkChem-31661259.0,N4-Acetylaminobutanal,C6H11NO2,[M+H]+,1.0,130.0863,1.0,129.3
2188,DeepCCS-30932474.0,N4-Acetylaminobutanal,C6H11NO2,[M+H]+,1.0,130.0863,1.0,130.9
2191,DeepCCS-30932474.0,N4-Acetylaminobutanal,C6H11NO2,[M+Na]+,1.0,152.0682,1.0,139.5
2192,AllCCS-32859911.0,N4-Acetylaminobutanal,C6H11NO2,[M+H]+,1.0,130.0863,1.0,130.0
2193,AllCCS-32859911.0,N4-Acetylaminobutanal,C6H11NO2,[M+H-H2O]+,1.0,112.0757,1.0,125.9
2194,AllCCS-32859911.0,N4-Acetylaminobutanal,C6H11NO2,[M+NH4]+,1.0,147.1128,1.0,133.8
2195,AllCCS-32859911.0,N4-Acetylaminobutanal,C6H11NO2,[M+Na]+,1.0,152.0682,1.0,134.9
2200,DarkChem-31661259.0,8-Oxo-dGTP,C10H16N5O14P3,[M+H]+,1.0,523.9979,1.0,213.0
2202,DeepCCS-30932474.0,8-Oxo-dGTP,C10H16N5O14P3,[M+H]+,1.0,523.9979,1.0,172.6
2205,DeepCCS-30932474.0,8-Oxo-dGTP,C10H16N5O14P3,[M+Na]+,1.0,545.9799,1.0,180.1
2206,AllCCS-32859911.0,8-Oxo-dGTP,C10H16N5O14P3,[M+H]+,1.0,523.9979,1.0,199.7
2207,AllCCS-32859911.0,8-Oxo-dGTP,C10H16N5O14P3,[M+H-H2O]+,1.0,505.9874,1.0,198.0
2208,AllCCS-32859911.0,8-Oxo-dGTP,C10H16N5O14P3,[M+NH4]+,1.0,541.0245,1.0,201.3
2209,AllCCS-32859911.0,8-Oxo-dGTP,C10H16N5O14P3,[M+Na]+,1.0,545.9799,1.0,201.8
2214,DarkChem-31661259.0,Allantoin,C4H6N4O3,[M+H]+,1.0,159.0513,1.0,133.3
2216,AllCCS-32859911.0,Allantoin,C4H6N4O3,[M+H]+,1.0,159.0513,1.0,135.3
2218,DeepCCS-30932474.0,Allantoin,C4H6N4O3,[M+H]+,1.0,159.0513,1.0,123.7
2221,DeepCCS-30932474.0,Allantoin,C4H6N4O3,[M+Na]+,1.0,181.0332,1.0,132.3
2223,AllCCS-32859911.0,Allantoin,C4H6N4O3,[M+H-H2O]+,1.0,141.0407,1.0,131.0
2224,AllCCS-32859911.0,Allantoin,C4H6N4O3,[M+NH4]+,1.0,176.0778,1.0,139.3
2225,AllCCS-32859911.0,Allantoin,C4H6N4O3,[M+Na]+,1.0,181.0332,1.0,140.5
2229,DarkChem-31661259.0,L-Threonine,C4H9NO3,[M+H]+,1.0,120.0655,1.0,127.0
2231,AllCCS-32859911.0,L-Threonine,C4H9NO3,[M+H]+,1.0,120.0655,1.0,130.4
2233,DeepCCS-30932474.0,L-Threonine,C4H9NO3,[M+H]+,1.0,120.0655,1.0,126.3
2236,DeepCCS-30932474.0,L-Threonine,C4H9NO3,[M+Na]+,1.0,142.0475,1.0,135.4
2238,AllCCS-32859911.0,L-Threonine,C4H9NO3,[M+H-H2O]+,1.0,102.055,1.0,126.2
2239,AllCCS-32859911.0,L-Threonine,C4H9NO3,[M+NH4]+,1.0,137.0921,1.0,134.3
2245,DarkChem-31661259.0,Shikimic acid,C7H10O5,[M+H]+,1.0,175.0601,1.0,140.2
2247,DeepCCS-30932474.0,Shikimic acid,C7H10O5,[M+H]+,1.0,175.0601,1.0,138.1
2250,DeepCCS-30932474.0,Shikimic acid,C7H10O5,[M+Na]+,1.0,197.042,1.0,144.0
2251,AllCCS-32859911.0,Shikimic acid,C7H10O5,[M+H]+,1.0,175.0601,1.0,139.8
2252,AllCCS-32859911.0,Shikimic acid,C7H10O5,[M+H-H2O]+,1.0,157.0495,1.0,135.7
2253,AllCCS-32859911.0,Shikimic acid,C7H10O5,[M+NH4]+,1.0,192.0866,1.0,143.6
2254,AllCCS-32859911.0,Shikimic acid,C7H10O5,[M+Na]+,1.0,197.042,1.0,144.8
2258,DarkChem-31661259.0,6-Phosphogluconic acid,C6H13O10P,[M+H]+,1.0,277.0319,1.0,160.0
2260,AllCCS-32859911.0,6-Phosphogluconic acid,C6H13O10P,[M+H]+,1.0,277.0319,1.0,158.3
2262,DeepCCS-30932474.0,6-Phosphogluconic acid,C6H13O10P,[M+H]+,1.0,277.0319,1.0,154.2
2265,DeepCCS-30932474.0,6-Phosphogluconic acid,C6H13O10P,[M+Na]+,1.0,299.0139,1.0,160.9
2266,AllCCS-32859911.0,6-Phosphogluconic acid,C6H13O10P,[M+H-H2O]+,1.0,259.0213,1.0,155.1
2267,AllCCS-32859911.0,6-Phosphogluconic acid,C6H13O10P,[M+NH4]+,1.0,294.0585,1.0,161.3
2268,AllCCS-32859911.0,6-Phosphogluconic acid,C6H13O10P,[M+Na]+,1.0,299.0139,1.0,162.1
2272,DarkChem-31661259.0,Pyrophosphate,H4O7P2,[M+H]+,1.0,178.9505,1.0,137.2
2274,AllCCS-32859911.0,Pyrophosphate,H4O7P2,[M+H]+,1.0,178.9505,1.0,140.4
2276,DeepCCS-30932474.0,Pyrophosphate,H4O7P2,[M+H]+,1.0,178.9505,1.0,92.0
2279,DeepCCS-30932474.0,Pyrophosphate,H4O7P2,[M+Na]+,1.0,200.9324,1.0,100.6
2281,AllCCS-32859911.0,Pyrophosphate,H4O7P2,[M+H-H2O]+,1.0,160.9399,1.0,136.6
2282,AllCCS-32859911.0,Pyrophosphate,H4O7P2,[M+NH4]+,1.0,195.977,1.0,144.0
2283,AllCCS-32859911.0,Pyrophosphate,H4O7P2,[M+Na]+,1.0,200.9324,1.0,145.0
2287,AllCCS-32859911.0,Thiamine,C12H17N4OS,[M+H]+,1.0,266.1196,1.0,158.6
2289,DeepCCS-30932474.0,Thiamine,C12H17N4OS,[M+H]+,1.0,266.1196,1.0,161.2
2292,DeepCCS-30932474.0,Thiamine,C12H17N4OS,[M+Na]+,1.0,288.1015,1.0,167.4
2294,AllCCS-32859911.0,Thiamine,C12H17N4OS,[M+H-H2O]+,1.0,248.109,1.0,155.1
2295,AllCCS-32859911.0,Thiamine,C12H17N4OS,[M+NH4]+,1.0,283.1461,1.0,161.8
2296,AllCCS-32859911.0,Thiamine,C12H17N4OS,[M+Na]+,1.0,288.1015,1.0,162.8
2300,DarkChem-31661259.0,dUMP,C9H13N2O8P,[M+H]+,1.0,309.0482,1.0,166.3
2302,AllCCS-32859911.0,dUMP,C9H13N2O8P,[M+H]+,1.0,309.0482,1.0,165.8
2304,DeepCCS-30932474.0,dUMP,C9H13N2O8P,[M+H]+,1.0,309.0482,1.0,160.9
2307,DeepCCS-30932474.0,dUMP,C9H13N2O8P,[M+Na]+,1.0,331.0302,1.0,167.5
2309,AllCCS-32859911.0,dUMP,C9H13N2O8P,[M+H-H2O]+,1.0,291.0377,1.0,162.6
2310,AllCCS-32859911.0,dUMP,C9H13N2O8P,[M+NH4]+,1.0,326.0748,1.0,168.8
2311,AllCCS-32859911.0,dUMP,C9H13N2O8P,[M+Na]+,1.0,331.0302,1.0,169.6
2316,DarkChem-31661259.0,D-Erythrose 4-phosphate,C4H9O7P,[M+H]+,1.0,201.0159,1.0,145.1
2318,AllCCS-32859911.0,D-Erythrose 4-phosphate,C4H9O7P,[M+H]+,1.0,201.0159,1.0,143.6
2320,DeepCCS-30932474.0,D-Erythrose 4-phosphate,C4H9O7P,[M+H]+,1.0,201.0159,1.0,134.9
2323,DeepCCS-30932474.0,D-Erythrose 4-phosphate,C4H9O7P,[M+Na]+,1.0,222.9978,1.0,140.8
2325,AllCCS-32859911.0,D-Erythrose 4-phosphate,C4H9O7P,[M+H-H2O]+,1.0,183.0053,1.0,139.9
2326,AllCCS-32859911.0,D-Erythrose 4-phosphate,C4H9O7P,[M+NH4]+,1.0,218.0424,1.0,147.0
2327,AllCCS-32859911.0,D-Erythrose 4-phosphate,C4H9O7P,[M+Na]+,1.0,222.9978,1.0,148.0
2331,DarkChem-31661259.0,Nicotinic acid,C6H5NO2,[M+H]+,1.0,124.0393,1.0,124.6
2333,AllCCS-32859911.0,Nicotinic acid,C6H5NO2,[M+H]+,1.0,124.0393,1.0,125.4
2335,DeepCCS-30932474.0,Nicotinic acid,C6H5NO2,[M+H]+,1.0,124.0393,1.0,124.7
2338,DeepCCS-30932474.0,Nicotinic acid,C6H5NO2,[M+Na]+,1.0,146.0212,1.0,133.5
2340,AllCCS-32859911.0,Nicotinic acid,C6H5NO2,[M+H-H2O]+,1.0,106.0287,1.0,120.6
2341,AllCCS-32859911.0,Nicotinic acid,C6H5NO2,[M+NH4]+,1.0,141.0659,1.0,130.0
2342,AllCCS-32859911.0,Nicotinic acid,C6H5NO2,[M+Na]+,1.0,146.0212,1.0,131.3
2346,AllCCS-32859911.0,Diadenosine tetraphosphate,C20H28N10O19P4,[M+H]+,1.0,837.0555,1.0,244.0
2349,DeepCCS-30932474.0,Diadenosine tetraphosphate,C20H28N10O19P4,[M+Na]+,1.0,859.0375,1.0,229.7
2351,AllCCS-32859911.0,Diadenosine tetraphosphate,C20H28N10O19P4,[M+H-H2O]+,1.0,819.045,1.0,244.1
2352,AllCCS-32859911.0,Diadenosine tetraphosphate,C20H28N10O19P4,[M+NH4]+,1.0,854.0821,1.0,243.8
2353,AllCCS-32859911.0,Diadenosine tetraphosphate,C20H28N10O19P4,[M+Na]+,1.0,859.0375,1.0,243.7
2357,DarkChem-31661259.0,L-Asparagine,C4H8N2O3,[M+H]+,1.0,133.0608,1.0,129.7
2359,AllCCS-32859911.0,L-Asparagine,C4H8N2O3,[M+H]+,1.0,133.0608,1.0,132.0
2361,DeepCCS-30932474.0,L-Asparagine,C4H8N2O3,[M+H]+,1.0,133.0608,1.0,124.0
2364,DeepCCS-30932474.0,L-Asparagine,C4H8N2O3,[M+Na]+,1.0,155.0427,1.0,133.0
2366,AllCCS-32859911.0,L-Asparagine,C4H8N2O3,[M+H-H2O]+,1.0,115.0502,1.0,127.9
2367,AllCCS-32859911.0,L-Asparagine,C4H8N2O3,[M+NH4]+,1.0,150.0873,1.0,135.8
2368,AllCCS-32859911.0,L-Asparagine,C4H8N2O3,[M+Na]+,1.0,155.0427,1.0,136.9
2372,AllCCS-32859911.0,Choline,C5H14NO,[M+H]+,1.0,105.1148,1.0,121.1
2374,DeepCCS-30932474.0,Choline,C5H14NO,[M+H]+,1.0,105.1148,1.0,122.3
2377,DeepCCS-30932474.0,Choline,C5H14NO,[M+Na]+,1.0,127.0968,1.0,131.1
2379,AllCCS-32859911.0,Choline,C5H14NO,[M+H-H2O]+,1.0,87.1043,1.0,117.0
2380,AllCCS-32859911.0,Choline,C5H14NO,[M+NH4]+,1.0,122.1414,1.0,124.8
2381,AllCCS-32859911.0,Choline,C5H14NO,[M+Na]+,1.0,127.0968,1.0,125.9
2385,DarkChem-31661259.0,Farnesyl pyrophosphate,C15H28O7P2,[M+H]+,1.0,383.1383,1.0,192.6
2387,AllCCS-32859911.0,Farnesyl pyrophosphate,C15H28O7P2,[M+H]+,1.0,383.1383,1.0,195.6
2389,DeepCCS-30932474.0,Farnesyl pyrophosphate,C15H28O7P2,[M+H]+,1.0,383.1383,1.0,168.2
2392,DeepCCS-30932474.0,Farnesyl pyrophosphate,C15H28O7P2,[M+Na]+,1.0,405.1202,1.0,176.6
2394,AllCCS-32859911.0,Farnesyl pyrophosphate,C15H28O7P2,[M+H-H2O]+,1.0,365.1277,1.0,193.0
2395,AllCCS-32859911.0,Farnesyl pyrophosphate,C15H28O7P2,[M+NH4]+,1.0,400.1649,1.0,197.9
2396,AllCCS-32859911.0,Farnesyl pyrophosphate,C15H28O7P2,[M+Na]+,1.0,405.1202,1.0,198.6
2403,AllCCS-32859911.0,Spermine,C10H26N4,[M+H]+,1.0,203.223,1.0,145.4
2408,DeepCCS-30932474.0,Spermine,C10H26N4,[M+Na]+,1.0,225.205,1.0,158.0
2411,AllCCS-32859911.0,Spermine,C10H26N4,[M+NH4]+,1.0,220.2496,1.0,148.4
2412,AllCCS-32859911.0,Spermine,C10H26N4,[M+Na]+,1.0,225.205,1.0,149.3
2416,DarkChem-31661259.0,Spermidine,C7H19N3,[M+H]+,1.0,146.1652,1.0,132.8
2418,AllCCS-32859911.0,Spermidine,C7H19N3,[M+H]+,1.0,146.1652,1.0,132.4
2420,DeepCCS-30932474.0,Spermidine,C7H19N3,[M+H]+,1.0,146.1652,1.0,135.7
2423,DeepCCS-30932474.0,Spermidine,C7H19N3,[M+Na]+,1.0,168.1471,1.0,144.5
2426,AllCCS-32859911.0,Spermidine,C7H19N3,[M+NH4]+,1.0,163.1917,1.0,136.0
2427,AllCCS-32859911.0,Spermidine,C7H19N3,[M+Na]+,1.0,168.1471,1.0,137.0
2431,DarkChem-31661259.0,L-Glutamic acid 5-phosphate,C5H10NO7P,[M+H]+,1.0,228.0268,1.0,151.1
2433,AllCCS-32859911.0,L-Glutamic acid 5-phosphate,C5H10NO7P,[M+H]+,1.0,228.0268,1.0,148.1
2435,DeepCCS-30932474.0,L-Glutamic acid 5-phosphate,C5H10NO7P,[M+H]+,1.0,228.0268,1.0,135.1
2438,DeepCCS-30932474.0,L-Glutamic acid 5-phosphate,C5H10NO7P,[M+Na]+,1.0,250.0087,1.0,141.5
2440,AllCCS-32859911.0,L-Glutamic acid 5-phosphate,C5H10NO7P,[M+H-H2O]+,1.0,210.0162,1.0,144.6
2441,AllCCS-32859911.0,L-Glutamic acid 5-phosphate,C5H10NO7P,[M+NH4]+,1.0,245.0533,1.0,151.4
2442,AllCCS-32859911.0,L-Glutamic acid 5-phosphate,C5H10NO7P,[M+Na]+,1.0,250.0087,1.0,152.3
2446,DarkChem-31661259.0,N'-Formylkynurenine,C11H12N2O4,[M+H]+,1.0,237.087,1.0,152.5
2448,AllCCS-32859911.0,N'-Formylkynurenine,C11H12N2O4,[M+H]+,1.0,237.087,1.0,152.8
2450,DeepCCS-30932474.0,N'-Formylkynurenine,C11H12N2O4,[M+H]+,1.0,237.087,1.0,144.6
2453,DeepCCS-30932474.0,N'-Formylkynurenine,C11H12N2O4,[M+Na]+,1.0,259.0689,1.0,152.1
2455,AllCCS-32859911.0,N'-Formylkynurenine,C11H12N2O4,[M+H-H2O]+,1.0,219.0764,1.0,149.0
2456,AllCCS-32859911.0,N'-Formylkynurenine,C11H12N2O4,[M+NH4]+,1.0,254.1135,1.0,156.2
2457,AllCCS-32859911.0,N'-Formylkynurenine,C11H12N2O4,[M+Na]+,1.0,259.0689,1.0,157.2
2461,DarkChem-31661259.0,Oxalacetic acid,C4H4O5,[M+H]+,1.0,133.0131,1.0,127.8
2463,AllCCS-32859911.0,Oxalacetic acid,C4H4O5,[M+H]+,1.0,133.0131,1.0,130.3
2465,DeepCCS-30932474.0,Oxalacetic acid,C4H4O5,[M+H]+,1.0,133.0131,1.0,123.0
2468,DeepCCS-30932474.0,Oxalacetic acid,C4H4O5,[M+Na]+,1.0,154.9951,1.0,131.6
2470,AllCCS-32859911.0,Oxalacetic acid,C4H4O5,[M+H-H2O]+,1.0,115.0026,1.0,126.1
2471,AllCCS-32859911.0,Oxalacetic acid,C4H4O5,[M+NH4]+,1.0,150.0397,1.0,134.2
2472,AllCCS-32859911.0,Oxalacetic acid,C4H4O5,[M+Na]+,1.0,154.9951,1.0,135.3
2476,DarkChem-31661259.0,Succinic acid semialdehyde,C4H6O3,[M+H]+,1.0,103.039,1.0,120.5
2478,AllCCS-32859911.0,Succinic acid semialdehyde,C4H6O3,[M+H]+,1.0,103.039,1.0,125.7
2480,DeepCCS-30932474.0,Succinic acid semialdehyde,C4H6O3,[M+H]+,1.0,103.039,1.0,121.4
2483,DeepCCS-30932474.0,Succinic acid semialdehyde,C4H6O3,[M+Na]+,1.0,125.0209,1.0,129.4
2485,AllCCS-32859911.0,Succinic acid semialdehyde,C4H6O3,[M+H-H2O]+,1.0,85.0284,1.0,121.4
2486,AllCCS-32859911.0,Succinic acid semialdehyde,C4H6O3,[M+NH4]+,1.0,120.0655,1.0,129.7
2487,AllCCS-32859911.0,Succinic acid semialdehyde,C4H6O3,[M+Na]+,1.0,125.0209,1.0,130.9
2491,DarkChem-31661259.0,5-Methyltetrahydrofolic acid,C20H25N7O6,[M+H]+,1.0,460.1939,1.0,206.3
2493,AllCCS-32859911.0,5-Methyltetrahydrofolic acid,C20H25N7O6,[M+H]+,1.0,460.1939,1.0,203.8
2495,DeepCCS-30932474.0,5-Methyltetrahydrofolic acid,C20H25N7O6,[M+H]+,1.0,460.1939,1.0,197.0
2498,DeepCCS-30932474.0,5-Methyltetrahydrofolic acid,C20H25N7O6,[M+Na]+,1.0,482.1758,1.0,203.0
2500,AllCCS-32859911.0,5-Methyltetrahydrofolic acid,C20H25N7O6,[M+H-H2O]+,1.0,442.1833,1.0,201.9
2501,AllCCS-32859911.0,5-Methyltetrahydrofolic acid,C20H25N7O6,[M+NH4]+,1.0,477.2205,1.0,205.4
2502,AllCCS-32859911.0,5-Methyltetrahydrofolic acid,C20H25N7O6,[M+Na]+,1.0,482.1758,1.0,205.9
2506,DarkChem-31661259.0,Lipoyl-AMP,C18H26N5O8PS2,[M+H]+,1.0,536.1033,1.0,221.0
2508,DeepCCS-30932474.0,Lipoyl-AMP,C18H26N5O8PS2,[M+H]+,1.0,536.1033,1.0,192.6
2511,DeepCCS-30932474.0,Lipoyl-AMP,C18H26N5O8PS2,[M+Na]+,1.0,558.0853,1.0,198.5
2512,AllCCS-32859911.0,Lipoyl-AMP,C18H26N5O8PS2,[M+H]+,1.0,536.1033,1.0,214.3
2513,AllCCS-32859911.0,Lipoyl-AMP,C18H26N5O8PS2,[M+H-H2O]+,1.0,518.0928,1.0,212.9
2514,AllCCS-32859911.0,Lipoyl-AMP,C18H26N5O8PS2,[M+NH4]+,1.0,553.1299,1.0,215.6
2515,AllCCS-32859911.0,Lipoyl-AMP,C18H26N5O8PS2,[M+Na]+,1.0,558.0853,1.0,216.0
2520,DarkChem-31661259.0,Mannose 6-phosphate,C6H13O9P,[M+H]+,1.0,261.037,1.0,153.7
2522,AllCCS-32859911.0,Mannose 6-phosphate,C6H13O9P,[M+H]+,1.0,261.037,1.0,156.3
2524,DeepCCS-30932474.0,Mannose 6-phosphate,C6H13O9P,[M+H]+,1.0,261.037,1.0,143.6
2527,DeepCCS-30932474.0,Mannose 6-phosphate,C6H13O9P,[M+Na]+,1.0,283.0189,1.0,150.2
2529,AllCCS-32859911.0,Mannose 6-phosphate,C6H13O9P,[M+H-H2O]+,1.0,243.0264,1.0,152.8
2530,AllCCS-32859911.0,Mannose 6-phosphate,C6H13O9P,[M+NH4]+,1.0,278.0635,1.0,159.6
2531,AllCCS-32859911.0,Mannose 6-phosphate,C6H13O9P,[M+Na]+,1.0,283.0189,1.0,160.5
2536,DarkChem-31661259.0,L-Cystathionine,C7H14N2O4S,[M+H]+,1.0,223.0747,1.0,150.0
2538,AllCCS-32859911.0,L-Cystathionine,C7H14N2O4S,[M+H]+,1.0,223.0747,1.0,146.7
2540,DeepCCS-30932474.0,L-Cystathionine,C7H14N2O4S,[M+H]+,1.0,223.0747,1.0,145.1
2543,DeepCCS-30932474.0,L-Cystathionine,C7H14N2O4S,[M+Na]+,1.0,245.0566,1.0,151.6
2545,AllCCS-32859911.0,L-Cystathionine,C7H14N2O4S,[M+H-H2O]+,1.0,205.0641,1.0,143.4
2546,AllCCS-32859911.0,L-Cystathionine,C7H14N2O4S,[M+NH4]+,1.0,240.1013,1.0,149.8
2547,AllCCS-32859911.0,L-Cystathionine,C7H14N2O4S,[M+Na]+,1.0,245.0566,1.0,150.6
2551,DarkChem-31661259.0,S-Lactoylglutathione,C13H21N3O8S,[M+H]+,1.0,380.1122,1.0,187.2
2553,AllCCS-32859911.0,S-Lactoylglutathione,C13H21N3O8S,[M+H]+,1.0,380.1122,1.0,182.4
2555,DeepCCS-30932474.0,S-Lactoylglutathione,C13H21N3O8S,[M+H]+,1.0,380.1122,1.0,185.7
2558,DeepCCS-30932474.0,S-Lactoylglutathione,C13H21N3O8S,[M+Na]+,1.0,402.0942,1.0,192.4
2560,AllCCS-32859911.0,S-Lactoylglutathione,C13H21N3O8S,[M+H-H2O]+,1.0,362.1016,1.0,180.1
2561,AllCCS-32859911.0,S-Lactoylglutathione,C13H21N3O8S,[M+NH4]+,1.0,397.1388,1.0,184.4
2562,AllCCS-32859911.0,S-Lactoylglutathione,C13H21N3O8S,[M+Na]+,1.0,402.0942,1.0,185.0
2566,DarkChem-31661259.0,Lactic acid,C3H6O3,[M+H]+,1.0,91.039,1.0,116.3
2568,AllCCS-32859911.0,Lactic acid,C3H6O3,[M+H]+,1.0,91.039,1.0,125.9
2570,DeepCCS-30932474.0,Lactic acid,C3H6O3,[M+H]+,1.0,91.039,1.0,120.2
2573,DeepCCS-30932474.0,Lactic acid,C3H6O3,[M+Na]+,1.0,113.0209,1.0,128.4
2575,AllCCS-32859911.0,Lactic acid,C3H6O3,[M+H-H2O]+,1.0,73.0284,1.0,121.6
2576,AllCCS-32859911.0,Lactic acid,C3H6O3,[M+NH4]+,1.0,108.0655,1.0,130.0
2577,AllCCS-32859911.0,Lactic acid,C3H6O3,[M+Na]+,1.0,113.0209,1.0,131.2
2581,DarkChem-31661259.0,4-Nitrophenyl phosphate,C6H6NO6P,[M+H]+,1.0,220.0005,1.0,149.6
2583,DeepCCS-30932474.0,4-Nitrophenyl phosphate,C6H6NO6P,[M+H]+,1.0,220.0005,1.0,121.0
2586,DeepCCS-30932474.0,4-Nitrophenyl phosphate,C6H6NO6P,[M+Na]+,1.0,241.9825,1.0,129.0
2587,AllCCS-32859911.0,4-Nitrophenyl phosphate,C6H6NO6P,[M+H]+,1.0,220.0005,1.0,145.4
2588,AllCCS-32859911.0,4-Nitrophenyl phosphate,C6H6NO6P,[M+H-H2O]+,1.0,201.99,1.0,141.4
2589,AllCCS-32859911.0,4-Nitrophenyl phosphate,C6H6NO6P,[M+NH4]+,1.0,237.0271,1.0,149.0
2590,AllCCS-32859911.0,4-Nitrophenyl phosphate,C6H6NO6P,[M+Na]+,1.0,241.9825,1.0,150.1
2595,AllCCS-32859911.0,S-adenosyl-4-methylthio-2-oxobutanoate,C15H20N5O6S,[M+H]+,1.0,399.1207,1.0,186.7
2596,AllCCS-32859911.0,S-adenosyl-4-methylthio-2-oxobutanoate,C15H20N5O6S,[M+H-H2O]+,1.0,381.1101,1.0,184.6
2597,AllCCS-32859911.0,S-adenosyl-4-methylthio-2-oxobutanoate,C15H20N5O6S,[M+Na]+,1.0,421.1026,1.0,189.3
2598,AllCCS-32859911.0,S-adenosyl-4-methylthio-2-oxobutanoate,C15H20N5O6S,[M+NH4]+,1.0,416.1473,1.0,188.8
2602,DeepCCS-30932474.0,S-adenosyl-4-methylthio-2-oxobutanoate,C15H20N5O6S,[M+H]+,1.0,399.1207,1.0,177.3
2605,DeepCCS-30932474.0,S-adenosyl-4-methylthio-2-oxobutanoate,C15H20N5O6S,[M+Na]+,1.0,421.1026,1.0,183.3
2607,DarkChem-31661259.0,gamma-Glutamylcysteine,C8H14N2O5S,[M+H]+,1.0,251.0696,1.0,156.7
2609,AllCCS-32859911.0,gamma-Glutamylcysteine,C8H14N2O5S,[M+H]+,1.0,251.0696,1.0,154.1
2611,DeepCCS-30932474.0,gamma-Glutamylcysteine,C8H14N2O5S,[M+H]+,1.0,251.0696,1.0,157.7
2614,DeepCCS-30932474.0,gamma-Glutamylcysteine,C8H14N2O5S,[M+Na]+,1.0,273.0516,1.0,163.7
2616,AllCCS-32859911.0,gamma-Glutamylcysteine,C8H14N2O5S,[M+H-H2O]+,1.0,233.0591,1.0,150.9
2617,AllCCS-32859911.0,gamma-Glutamylcysteine,C8H14N2O5S,[M+NH4]+,1.0,268.0962,1.0,157.0
2618,AllCCS-32859911.0,gamma-Glutamylcysteine,C8H14N2O5S,[M+Na]+,1.0,273.0516,1.0,157.9
2622,DarkChem-31661259.0,D-Ribose,C5H10O5,[M+H]+,1.0,151.0601,1.0,133.3
2624,AllCCS-32859911.0,D-Ribose,C5H10O5,[M+H]+,1.0,151.0601,1.0,134.3
2626,DeepCCS-30932474.0,D-Ribose,C5H10O5,[M+H]+,1.0,151.0601,1.0,132.7
2629,DeepCCS-30932474.0,D-Ribose,C5H10O5,[M+Na]+,1.0,173.042,1.0,140.0
2631,AllCCS-32859911.0,D-Ribose,C5H10O5,[M+H-H2O]+,1.0,133.0495,1.0,130.0
2632,AllCCS-32859911.0,D-Ribose,C5H10O5,[M+NH4]+,1.0,168.0866,1.0,138.4
2633,AllCCS-32859911.0,D-Ribose,C5H10O5,[M+Na]+,1.0,173.042,1.0,139.5
2637,DarkChem-31661259.0,3-Hydroxyanthranilic acid,C7H7NO3,[M+H]+,1.0,154.0499,1.0,131.5
2639,AllCCS-32859911.0,3-Hydroxyanthranilic acid,C7H7NO3,[M+H]+,1.0,154.0499,1.0,133.2
2641,DeepCCS-30932474.0,3-Hydroxyanthranilic acid,C7H7NO3,[M+H]+,1.0,154.0499,1.0,131.0
2644,DeepCCS-30932474.0,3-Hydroxyanthranilic acid,C7H7NO3,[M+Na]+,1.0,176.0318,1.0,139.7
2646,AllCCS-32859911.0,3-Hydroxyanthranilic acid,C7H7NO3,[M+H-H2O]+,1.0,136.0393,1.0,128.7
2647,AllCCS-32859911.0,3-Hydroxyanthranilic acid,C7H7NO3,[M+NH4]+,1.0,171.0764,1.0,137.5
2648,AllCCS-32859911.0,3-Hydroxyanthranilic acid,C7H7NO3,[M+Na]+,1.0,176.0318,1.0,138.7
2652,DarkChem-31661259.0,N-Acetyl-L-glutamate 5-semialdehyde,C7H11NO4,[M+H]+,1.0,174.0761,1.0,140.9
2654,DeepCCS-30932474.0,N-Acetyl-L-glutamate 5-semialdehyde,C7H11NO4,[M+H]+,1.0,174.0761,1.0,135.3
2657,DeepCCS-30932474.0,N-Acetyl-L-glutamate 5-semialdehyde,C7H11NO4,[M+Na]+,1.0,196.058,1.0,144.5
2658,AllCCS-32859911.0,N-Acetyl-L-glutamate 5-semialdehyde,C7H11NO4,[M+H]+,1.0,174.0761,1.0,139.4
2659,AllCCS-32859911.0,N-Acetyl-L-glutamate 5-semialdehyde,C7H11NO4,[M+H-H2O]+,1.0,156.0655,1.0,135.6
2660,AllCCS-32859911.0,N-Acetyl-L-glutamate 5-semialdehyde,C7H11NO4,[M+NH4]+,1.0,191.1026,1.0,142.9
2661,AllCCS-32859911.0,N-Acetyl-L-glutamate 5-semialdehyde,C7H11NO4,[M+Na]+,1.0,196.058,1.0,143.9
2665,DarkChem-31661259.0,Adenosine phosphosulfate,C10H14N5O10PS,[M+H]+,1.0,428.0272,1.0,191.3
2667,AllCCS-32859911.0,Adenosine phosphosulfate,C10H14N5O10PS,[M+H]+,1.0,428.0272,1.0,187.3
2669,DeepCCS-30932474.0,Adenosine phosphosulfate,C10H14N5O10PS,[M+H]+,1.0,428.0272,1.0,170.5
2672,DeepCCS-30932474.0,Adenosine phosphosulfate,C10H14N5O10PS,[M+Na]+,1.0,450.0091,1.0,176.5
2674,AllCCS-32859911.0,Adenosine phosphosulfate,C10H14N5O10PS,[M+H-H2O]+,1.0,410.0166,1.0,185.0
2675,AllCCS-32859911.0,Adenosine phosphosulfate,C10H14N5O10PS,[M+NH4]+,1.0,445.0537,1.0,189.5
2676,AllCCS-32859911.0,Adenosine phosphosulfate,C10H14N5O10PS,[M+Na]+,1.0,450.0091,1.0,190.1
2680,DarkChem-31661259.0,Guanosine diphosphate,C10H15N5O11P2,[M+H]+,1.0,444.0316,1.0,197.4
2682,AllCCS-32859911.0,Guanosine diphosphate,C10H15N5O11P2,[M+H]+,1.0,444.0316,1.0,189.3
2684,DeepCCS-30932474.0,Guanosine diphosphate,C10H15N5O11P2,[M+H]+,1.0,444.0316,1.0,174.5
2687,DeepCCS-30932474.0,Guanosine diphosphate,C10H15N5O11P2,[M+Na]+,1.0,466.0135,1.0,181.8
2689,AllCCS-32859911.0,Guanosine diphosphate,C10H15N5O11P2,[M+H-H2O]+,1.0,426.021,1.0,187.1
2690,AllCCS-32859911.0,Guanosine diphosphate,C10H15N5O11P2,[M+NH4]+,1.0,461.0582,1.0,191.4
2691,AllCCS-32859911.0,Guanosine diphosphate,C10H15N5O11P2,[M+Na]+,1.0,466.0135,1.0,192.0
2695,DarkChem-31661259.0,O-Phosphohomoserine,C4H10NO6P,[M+H]+,1.0,200.0318,1.0,143.3
2697,DeepCCS-30932474.0,O-Phosphohomoserine,C4H10NO6P,[M+H]+,1.0,200.0318,1.0,132.8
2700,DeepCCS-30932474.0,O-Phosphohomoserine,C4H10NO6P,[M+Na]+,1.0,222.0138,1.0,142.2
2701,AllCCS-32859911.0,O-Phosphohomoserine,C4H10NO6P,[M+H]+,1.0,200.0318,1.0,142.9
2702,AllCCS-32859911.0,O-Phosphohomoserine,C4H10NO6P,[M+H-H2O]+,1.0,182.0213,1.0,139.2
2703,AllCCS-32859911.0,O-Phosphohomoserine,C4H10NO6P,[M+NH4]+,1.0,217.0584,1.0,146.3
2704,AllCCS-32859911.0,O-Phosphohomoserine,C4H10NO6P,[M+Na]+,1.0,222.0138,1.0,147.3
2708,DarkChem-31661259.0,"5,10-Methylene-THF",C20H23N7O6,[M+H]+,1.0,458.1783,1.0,207.6
2710,AllCCS-32859911.0,"5,10-Methylene-THF",C20H23N7O6,[M+H]+,1.0,458.1783,1.0,199.9
2713,DeepCCS-30932474.0,"5,10-Methylene-THF",C20H23N7O6,[M+Na]+,1.0,480.1602,1.0,206.6
2715,AllCCS-32859911.0,"5,10-Methylene-THF",C20H23N7O6,[M+H-H2O]+,1.0,440.1677,1.0,198.1
2716,AllCCS-32859911.0,"5,10-Methylene-THF",C20H23N7O6,[M+NH4]+,1.0,475.2048,1.0,201.5
2717,AllCCS-32859911.0,"5,10-Methylene-THF",C20H23N7O6,[M+Na]+,1.0,480.1602,1.0,202.0
2721,DarkChem-31661259.0,Guanosine monophosphate,C10H14N5O8P,[M+H]+,1.0,364.0653,1.0,180.4
2723,AllCCS-32859911.0,Guanosine monophosphate,C10H14N5O8P,[M+H]+,1.0,364.0653,1.0,177.0
2725,DeepCCS-30932474.0,Guanosine monophosphate,C10H14N5O8P,[M+H]+,1.0,364.0653,1.0,172.0
2728,DeepCCS-30932474.0,Guanosine monophosphate,C10H14N5O8P,[M+Na]+,1.0,386.0472,1.0,177.9
2730,AllCCS-32859911.0,Guanosine monophosphate,C10H14N5O8P,[M+H-H2O]+,1.0,346.0547,1.0,174.2
2731,AllCCS-32859911.0,Guanosine monophosphate,C10H14N5O8P,[M+NH4]+,1.0,381.0918,1.0,179.6
2732,AllCCS-32859911.0,Guanosine monophosphate,C10H14N5O8P,[M+Na]+,1.0,386.0472,1.0,180.3
2736,DarkChem-31661259.0,Lanosterol,C30H50O,[M+H]+,1.0,427.3934,1.0,207.8
2738,AllCCS-32859911.0,Lanosterol,C30H50O,[M+H]+,1.0,427.3934,1.0,215.1
2741,DeepCCS-30932474.0,Lanosterol,C30H50O,[M+Na]+,1.0,449.3754,1.0,222.9
2743,AllCCS-32859911.0,Lanosterol,C30H50O,[M+H-H2O]+,1.0,409.3829,1.0,213.3
2744,AllCCS-32859911.0,Lanosterol,C30H50O,[M+NH4]+,1.0,444.42,1.0,216.7
2745,AllCCS-32859911.0,Lanosterol,C30H50O,[M+Na]+,1.0,449.3754,1.0,217.2
2749,DarkChem-31661259.0,Xanthine,C5H4N4O2,[M+H]+,1.0,153.0407,1.0,131.5
2751,AllCCS-32859911.0,Xanthine,C5H4N4O2,[M+H]+,1.0,153.0407,1.0,132.6
2753,DeepCCS-30932474.0,Xanthine,C5H4N4O2,[M+H]+,1.0,153.0407,1.0,130.6
2756,DeepCCS-30932474.0,Xanthine,C5H4N4O2,[M+Na]+,1.0,175.0226,1.0,139.6
2758,AllCCS-32859911.0,Xanthine,C5H4N4O2,[M+H-H2O]+,1.0,135.0301,1.0,127.9
2759,AllCCS-32859911.0,Xanthine,C5H4N4O2,[M+NH4]+,1.0,170.0672,1.0,136.9
2760,AllCCS-32859911.0,Xanthine,C5H4N4O2,[M+Na]+,1.0,175.0226,1.0,138.2
2764,DarkChem-31661259.0,Leukotriene A4,C20H30O3,[M+H]+,1.0,319.2268,1.0,188.5
2766,AllCCS-32859911.0,Leukotriene A4,C20H30O3,[M+H]+,1.0,319.2268,1.0,187.1
2768,DeepCCS-30932474.0,Leukotriene A4,C20H30O3,[M+H]+,1.0,319.2268,1.0,193.8
2771,DeepCCS-30932474.0,Leukotriene A4,C20H30O3,[M+Na]+,1.0,341.2087,1.0,200.3
2773,AllCCS-32859911.0,Leukotriene A4,C20H30O3,[M+H-H2O]+,1.0,301.2162,1.0,184.1
2774,AllCCS-32859911.0,Leukotriene A4,C20H30O3,[M+NH4]+,1.0,336.2533,1.0,189.8
2775,AllCCS-32859911.0,Leukotriene A4,C20H30O3,[M+Na]+,1.0,341.2087,1.0,190.6
2780,DarkChem-31661259.0,Geranyl-PP,C10H20O7P2,[M+H]+,1.0,315.0757,1.0,176.8
2782,AllCCS-32859911.0,Geranyl-PP,C10H20O7P2,[M+H]+,1.0,315.0757,1.0,173.6
2784,DeepCCS-30932474.0,Geranyl-PP,C10H20O7P2,[M+H]+,1.0,315.0757,1.0,160.1
2787,DeepCCS-30932474.0,Geranyl-PP,C10H20O7P2,[M+Na]+,1.0,337.0576,1.0,167.6
2789,AllCCS-32859911.0,Geranyl-PP,C10H20O7P2,[M+H-H2O]+,1.0,297.0651,1.0,170.6
2790,AllCCS-32859911.0,Geranyl-PP,C10H20O7P2,[M+NH4]+,1.0,332.1022,1.0,176.4
2791,AllCCS-32859911.0,Geranyl-PP,C10H20O7P2,[M+Na]+,1.0,337.0576,1.0,177.2
2795,AllCCS-32859911.0,Uroporphyrinogen III,C40H44N4O16,[M+H]+,1.0,837.2825,1.0,276.4
2797,DeepCCS-30932474.0,Uroporphyrinogen III,C40H44N4O16,[M+H]+,1.0,837.2825,1.0,262.9
2800,DeepCCS-30932474.0,Uroporphyrinogen III,C40H44N4O16,[M+Na]+,1.0,859.2644,1.0,268.7
2802,AllCCS-32859911.0,Uroporphyrinogen III,C40H44N4O16,[M+H-H2O]+,1.0,819.2719,1.0,276.4
2803,AllCCS-32859911.0,Uroporphyrinogen III,C40H44N4O16,[M+NH4]+,1.0,854.3091,1.0,276.3
2804,AllCCS-32859911.0,Uroporphyrinogen III,C40H44N4O16,[M+Na]+,1.0,859.2644,1.0,276.3
2808,DarkChem-31661259.0,"4,4-Dimethylcholesta-8,14,24-trienol",C29H46O,[M+H]+,1.0,411.3621,1.0,202.1
2810,AllCCS-32859911.0,"4,4-Dimethylcholesta-8,14,24-trienol",C29H46O,[M+H]+,1.0,411.3621,1.0,209.9
2813,DeepCCS-30932474.0,"4,4-Dimethylcholesta-8,14,24-trienol",C29H46O,[M+Na]+,1.0,433.3441,1.0,212.4
2815,AllCCS-32859911.0,"4,4-Dimethylcholesta-8,14,24-trienol",C29H46O,[M+H-H2O]+,1.0,393.3516,1.0,207.8
2816,AllCCS-32859911.0,"4,4-Dimethylcholesta-8,14,24-trienol",C29H46O,[M+NH4]+,1.0,428.3887,1.0,211.7
2817,AllCCS-32859911.0,"4,4-Dimethylcholesta-8,14,24-trienol",C29H46O,[M+Na]+,1.0,433.3441,1.0,212.3
2821,DarkChem-31661259.0,"(Z)-But-1-ene-1,2,4-tricarboxylate",C7H8O6,[M+H]+,1.0,189.0394,1.0,145.5
2823,DeepCCS-30932474.0,"(Z)-But-1-ene-1,2,4-tricarboxylate",C7H8O6,[M+H]+,1.0,189.0394,1.0,136.3
2826,DeepCCS-30932474.0,"(Z)-But-1-ene-1,2,4-tricarboxylate",C7H8O6,[M+Na]+,1.0,211.0213,1.0,145.6
2827,AllCCS-32859911.0,"(Z)-But-1-ene-1,2,4-tricarboxylate",C7H8O6,[M+H]+,1.0,189.0394,1.0,141.0
2828,AllCCS-32859911.0,"(Z)-But-1-ene-1,2,4-tricarboxylate",C7H8O6,[M+H-H2O]+,1.0,171.0288,1.0,137.2
2829,AllCCS-32859911.0,"(Z)-But-1-ene-1,2,4-tricarboxylate",C7H8O6,[M+NH4]+,1.0,206.0659,1.0,144.5
2835,DarkChem-31661259.0,Glutamic acid,C5H9NO4,[M+H]+,1.0,148.0604,1.0,130.8
2837,AllCCS-32859911.0,Glutamic acid,C5H9NO4,[M+H]+,1.0,148.0604,1.0,133.8
2839,DeepCCS-30932474.0,Glutamic acid,C5H9NO4,[M+H]+,1.0,148.0604,1.0,127.8
2842,DeepCCS-30932474.0,Glutamic acid,C5H9NO4,[M+Na]+,1.0,170.0424,1.0,136.8
2844,AllCCS-32859911.0,Glutamic acid,C5H9NO4,[M+H-H2O]+,1.0,130.0499,1.0,129.8
2845,AllCCS-32859911.0,Glutamic acid,C5H9NO4,[M+NH4]+,1.0,165.087,1.0,137.6
2846,AllCCS-32859911.0,Glutamic acid,C5H9NO4,[M+Na]+,1.0,170.0424,1.0,138.6
2851,DarkChem-31661259.0,alpha-D-Glucose,C6H12O6,[M+H]+,1.0,181.0707,1.0,139.4
2853,DeepCCS-30932474.0,alpha-D-Glucose,C6H12O6,[M+H]+,1.0,181.0707,1.0,141.4
2856,DeepCCS-30932474.0,alpha-D-Glucose,C6H12O6,[M+Na]+,1.0,203.0526,1.0,147.8
2857,AllCCS-32859911.0,alpha-D-Glucose,C6H12O6,[M+H]+,1.0,181.0707,1.0,140.8
2858,AllCCS-32859911.0,alpha-D-Glucose,C6H12O6,[M+H-H2O]+,1.0,163.0601,1.0,136.7
2859,AllCCS-32859911.0,alpha-D-Glucose,C6H12O6,[M+NH4]+,1.0,198.0972,1.0,144.7
2860,AllCCS-32859911.0,alpha-D-Glucose,C6H12O6,[M+Na]+,1.0,203.0526,1.0,145.8
2864,DarkChem-31661259.0,Niacinamide,C6H6N2O,[M+H]+,1.0,123.0553,1.0,124.5
2866,AllCCS-32859911.0,Niacinamide,C6H6N2O,[M+H]+,1.0,123.0553,1.0,125.6
2871,DeepCCS-30932474.0,Niacinamide,C6H6N2O,[M+Na]+,1.0,145.0372,1.0,133.2
2873,AllCCS-32859911.0,Niacinamide,C6H6N2O,[M+H-H2O]+,1.0,105.0447,1.0,120.7
2874,AllCCS-32859911.0,Niacinamide,C6H6N2O,[M+NH4]+,1.0,140.0818,1.0,130.1
2875,AllCCS-32859911.0,Niacinamide,C6H6N2O,[M+Na]+,1.0,145.0372,1.0,131.4
2879,DarkChem-31661259.0,Dihydroxyacetone Phosphate Acyl Ester,C4H7O7P,[M+H]+,1.0,199.0002,1.0,143.6
2881,DeepCCS-30932474.0,Dihydroxyacetone Phosphate Acyl Ester,C4H7O7P,[M+H]+,1.0,199.0002,1.0,109.2
2884,DeepCCS-30932474.0,Dihydroxyacetone Phosphate Acyl Ester,C4H7O7P,[M+Na]+,1.0,220.9822,1.0,118.4
2885,AllCCS-32859911.0,Dihydroxyacetone Phosphate Acyl Ester,C4H7O7P,[M+H]+,1.0,199.0002,1.0,140.9
2886,AllCCS-32859911.0,Dihydroxyacetone Phosphate Acyl Ester,C4H7O7P,[M+H-H2O]+,1.0,180.9897,1.0,137.2
2887,AllCCS-32859911.0,Dihydroxyacetone Phosphate Acyl Ester,C4H7O7P,[M+NH4]+,1.0,216.0268,1.0,144.4
2888,AllCCS-32859911.0,Dihydroxyacetone Phosphate Acyl Ester,C4H7O7P,[M+Na]+,1.0,220.9822,1.0,145.3
2892,DarkChem-31661259.0,Phosphoenolpyruvic acid,C3H5O6P,[M+H]+,1.0,168.9897,1.0,135.1
2894,AllCCS-32859911.0,Phosphoenolpyruvic acid,C3H5O6P,[M+H]+,1.0,168.9897,1.0,137.7
2896,DeepCCS-30932474.0,Phosphoenolpyruvic acid,C3H5O6P,[M+H]+,1.0,168.9897,1.0,121.8
2899,DeepCCS-30932474.0,Phosphoenolpyruvic acid,C3H5O6P,[M+Na]+,1.0,190.9716,1.0,130.6
2901,AllCCS-32859911.0,Phosphoenolpyruvic acid,C3H5O6P,[M+H-H2O]+,1.0,150.9791,1.0,133.8
2902,AllCCS-32859911.0,Phosphoenolpyruvic acid,C3H5O6P,[M+NH4]+,1.0,186.0162,1.0,141.4
2903,AllCCS-32859911.0,Phosphoenolpyruvic acid,C3H5O6P,[M+Na]+,1.0,190.9716,1.0,142.4
2907,AllCCS-32859911.0,Uridine diphosphate-N-acetylglucosamine,C17H27N3O17P2,[M+H]+,1.0,608.0888,1.0,220.0
2909,DeepCCS-30932474.0,Uridine diphosphate-N-acetylglucosamine,C17H27N3O17P2,[M+H]+,1.0,608.0888,1.0,220.4
2912,DeepCCS-30932474.0,Uridine diphosphate-N-acetylglucosamine,C17H27N3O17P2,[M+Na]+,1.0,630.0708,1.0,228.1
2914,AllCCS-32859911.0,Uridine diphosphate-N-acetylglucosamine,C17H27N3O17P2,[M+H-H2O]+,1.0,590.0783,1.0,218.9
2915,AllCCS-32859911.0,Uridine diphosphate-N-acetylglucosamine,C17H27N3O17P2,[M+NH4]+,1.0,625.1154,1.0,221.0
2916,AllCCS-32859911.0,Uridine diphosphate-N-acetylglucosamine,C17H27N3O17P2,[M+Na]+,1.0,630.0708,1.0,221.3
2920,DarkChem-31661259.0,2-Aminobenzoic acid,C7H7NO2,[M+H]+,1.0,138.055,1.0,128.4
2922,AllCCS-32859911.0,2-Aminobenzoic acid,C7H7NO2,[M+H]+,1.0,138.055,1.0,129.5
2924,DeepCCS-30932474.0,2-Aminobenzoic acid,C7H7NO2,[M+H]+,1.0,138.055,1.0,127.1
2927,DeepCCS-30932474.0,2-Aminobenzoic acid,C7H7NO2,[M+Na]+,1.0,160.0369,1.0,135.7
2929,AllCCS-32859911.0,2-Aminobenzoic acid,C7H7NO2,[M+H-H2O]+,1.0,120.0444,1.0,124.8
2930,AllCCS-32859911.0,2-Aminobenzoic acid,C7H7NO2,[M+NH4]+,1.0,155.0815,1.0,133.8
2931,AllCCS-32859911.0,2-Aminobenzoic acid,C7H7NO2,[M+Na]+,1.0,160.0369,1.0,135.1
2935,DarkChem-31661259.0,Cytidine triphosphate,C9H16N3O14P3,[M+H]+,1.0,483.9918,1.0,201.8
2937,AllCCS-32859911.0,Cytidine triphosphate,C9H16N3O14P3,[M+H]+,1.0,483.9918,1.0,193.6
2939,DeepCCS-30932474.0,Cytidine triphosphate,C9H16N3O14P3,[M+H]+,1.0,483.9918,1.0,174.5
2942,DeepCCS-30932474.0,Cytidine triphosphate,C9H16N3O14P3,[M+Na]+,1.0,505.9737,1.0,182.7
2944,AllCCS-32859911.0,Cytidine triphosphate,C9H16N3O14P3,[M+H-H2O]+,1.0,465.9812,1.0,191.6
2945,AllCCS-32859911.0,Cytidine triphosphate,C9H16N3O14P3,[M+NH4]+,1.0,501.0183,1.0,195.4
2946,AllCCS-32859911.0,Cytidine triphosphate,C9H16N3O14P3,[M+Na]+,1.0,505.9737,1.0,195.9
2950,DarkChem-31661259.0,Malic acid,C4H6O5,[M+H]+,1.0,135.0288,1.0,130.2
2952,AllCCS-32859911.0,Malic acid,C4H6O5,[M+H]+,1.0,135.0288,1.0,131.9
2954,DeepCCS-30932474.0,Malic acid,C4H6O5,[M+H]+,1.0,135.0288,1.0,122.8
2957,DeepCCS-30932474.0,Malic acid,C4H6O5,[M+Na]+,1.0,157.0107,1.0,131.7
2959,AllCCS-32859911.0,Malic acid,C4H6O5,[M+H-H2O]+,1.0,117.0182,1.0,127.8
2960,AllCCS-32859911.0,Malic acid,C4H6O5,[M+NH4]+,1.0,152.0553,1.0,135.7
2961,AllCCS-32859911.0,Malic acid,C4H6O5,[M+Na]+,1.0,157.0107,1.0,136.8
2965,DarkChem-31661259.0,Phosphoribosyl formamidocarboxamide,C10H15N4O9P,[M+H]+,1.0,367.0649,1.0,181.9
2967,AllCCS-32859911.0,Phosphoribosyl formamidocarboxamide,C10H15N4O9P,[M+H]+,1.0,367.0649,1.0,177.1
2969,DeepCCS-30932474.0,Phosphoribosyl formamidocarboxamide,C10H15N4O9P,[M+H]+,1.0,367.0649,1.0,165.3
2972,DeepCCS-30932474.0,Phosphoribosyl formamidocarboxamide,C10H15N4O9P,[M+Na]+,1.0,389.0469,1.0,172.1
2974,AllCCS-32859911.0,Phosphoribosyl formamidocarboxamide,C10H15N4O9P,[M+H-H2O]+,1.0,349.0544,1.0,174.3
2975,AllCCS-32859911.0,Phosphoribosyl formamidocarboxamide,C10H15N4O9P,[M+NH4]+,1.0,384.0915,1.0,179.6
2976,AllCCS-32859911.0,Phosphoribosyl formamidocarboxamide,C10H15N4O9P,[M+Na]+,1.0,389.0469,1.0,180.4
2980,DarkChem-31661259.0,Biotin,C10H16N2O3S,[M+H]+,1.0,245.0954,1.0,157.5
2982,AllCCS-32859911.0,Biotin,C10H16N2O3S,[M+H]+,1.0,245.0954,1.0,154.6
2985,DeepCCS-30932474.0,Biotin,C10H16N2O3S,[M+Na]+,1.0,267.0774,1.0,164.5
2987,AllCCS-32859911.0,Biotin,C10H16N2O3S,[M+H-H2O]+,1.0,227.0849,1.0,151.1
2988,AllCCS-32859911.0,Biotin,C10H16N2O3S,[M+NH4]+,1.0,262.122,1.0,157.8
2989,AllCCS-32859911.0,Biotin,C10H16N2O3S,[M+Na]+,1.0,267.0774,1.0,158.7
2993,DarkChem-31661259.0,Glycerol,C3H8O3,[M+H]+,1.0,93.0546,1.0,117.2
2995,AllCCS-32859911.0,Glycerol,C3H8O3,[M+H]+,1.0,93.0546,1.0,125.8
2997,DeepCCS-30932474.0,Glycerol,C3H8O3,[M+H]+,1.0,93.0546,1.0,124.3
3000,DeepCCS-30932474.0,Glycerol,C3H8O3,[M+Na]+,1.0,115.0366,1.0,132.5
3002,AllCCS-32859911.0,Glycerol,C3H8O3,[M+H-H2O]+,1.0,75.0441,1.0,121.4
3003,AllCCS-32859911.0,Glycerol,C3H8O3,[M+NH4]+,1.0,110.0812,1.0,129.8
3004,AllCCS-32859911.0,Glycerol,C3H8O3,[M+Na]+,1.0,115.0366,1.0,131.0
3008,DarkChem-31661259.0,D-Serine,C3H7NO3,[M+H]+,1.0,106.0499,1.0,120.1
3010,DeepCCS-30932474.0,D-Serine,C3H7NO3,[M+H]+,1.0,106.0499,1.0,117.9
3013,DeepCCS-30932474.0,D-Serine,C3H7NO3,[M+Na]+,1.0,128.0318,1.0,126.2
3014,AllCCS-32859911.0,D-Serine,C3H7NO3,[M+H]+,1.0,106.0499,1.0,127.6
3015,AllCCS-32859911.0,D-Serine,C3H7NO3,[M+H-H2O]+,1.0,88.0393,1.0,123.3
3016,AllCCS-32859911.0,D-Serine,C3H7NO3,[M+NH4]+,1.0,123.0764,1.0,131.6
3017,AllCCS-32859911.0,D-Serine,C3H7NO3,[M+Na]+,1.0,128.0318,1.0,132.8
3021,DarkChem-31661259.0,Phytosphingosine,C18H39NO3,[M+H]+,1.0,318.3003,1.0,182.6
3023,DeepCCS-30932474.0,Phytosphingosine,C18H39NO3,[M+H]+,1.0,318.3003,1.0,192.4
3026,DeepCCS-30932474.0,Phytosphingosine,C18H39NO3,[M+Na]+,1.0,340.2822,1.0,200.8
3027,AllCCS-32859911.0,Phytosphingosine,C18H39NO3,[M+H]+,1.0,318.3003,1.0,191.3
3028,AllCCS-32859911.0,Phytosphingosine,C18H39NO3,[M+H-H2O]+,1.0,300.2897,1.0,188.5
3029,AllCCS-32859911.0,Phytosphingosine,C18H39NO3,[M+NH4]+,1.0,335.3268,1.0,193.8
3030,AllCCS-32859911.0,Phytosphingosine,C18H39NO3,[M+Na]+,1.0,340.2822,1.0,194.5
3035,DarkChem-31661259.0,D-Lactic acid,C3H6O3,[M+H]+,1.0,91.039,1.0,118.3
3037,AllCCS-32859911.0,D-Lactic acid,C3H6O3,[M+H]+,1.0,91.039,1.0,125.9
3039,DeepCCS-30932474.0,D-Lactic acid,C3H6O3,[M+H]+,1.0,91.039,1.0,117.1
3042,DeepCCS-30932474.0,D-Lactic acid,C3H6O3,[M+Na]+,1.0,113.0209,1.0,125.4
3044,AllCCS-32859911.0,D-Lactic acid,C3H6O3,[M+H-H2O]+,1.0,73.0284,1.0,121.6
3045,AllCCS-32859911.0,D-Lactic acid,C3H6O3,[M+NH4]+,1.0,108.0655,1.0,130.0
3046,AllCCS-32859911.0,D-Lactic acid,C3H6O3,[M+Na]+,1.0,113.0209,1.0,131.2
3051,DarkChem-31661259.0,Xanthylic acid,C10H13N4O9P,[M+H]+,1.0,365.0493,1.0,183.7
3053,AllCCS-32859911.0,Xanthylic acid,C10H13N4O9P,[M+H]+,1.0,365.0493,1.0,177.2
3055,DeepCCS-30932474.0,Xanthylic acid,C10H13N4O9P,[M+H]+,1.0,365.0493,1.0,160.9
3058,DeepCCS-30932474.0,Xanthylic acid,C10H13N4O9P,[M+Na]+,1.0,387.0312,1.0,166.9
3060,AllCCS-32859911.0,Xanthylic acid,C10H13N4O9P,[M+H-H2O]+,1.0,347.0387,1.0,174.4
3061,AllCCS-32859911.0,Xanthylic acid,C10H13N4O9P,[M+NH4]+,1.0,382.0758,1.0,179.8
3062,AllCCS-32859911.0,Xanthylic acid,C10H13N4O9P,[M+Na]+,1.0,387.0312,1.0,180.5
3066,DarkChem-31661259.0,"4,4-Dimethyl-5a-cholesta-8,24-dien-3-b-ol",C29H48O,[M+H]+,1.0,413.3778,1.0,200.8
3068,AllCCS-32859911.0,"4,4-Dimethyl-5a-cholesta-8,24-dien-3-b-ol",C29H48O,[M+H]+,1.0,413.3778,1.0,210.8
3071,DeepCCS-30932474.0,"4,4-Dimethyl-5a-cholesta-8,24-dien-3-b-ol",C29H48O,[M+Na]+,1.0,435.3597,1.0,215.4
3073,AllCCS-32859911.0,"4,4-Dimethyl-5a-cholesta-8,24-dien-3-b-ol",C29H48O,[M+H-H2O]+,1.0,395.3672,1.0,208.9
3074,AllCCS-32859911.0,"4,4-Dimethyl-5a-cholesta-8,24-dien-3-b-ol",C29H48O,[M+NH4]+,1.0,430.4043,1.0,212.6
3075,AllCCS-32859911.0,"4,4-Dimethyl-5a-cholesta-8,24-dien-3-b-ol",C29H48O,[M+Na]+,1.0,435.3597,1.0,213.1
3079,DarkChem-31661259.0,"myo-Inositol 1,4,5-trisphosphate",C6H15O15P3,[M+H]+,1.0,420.9697,1.0,190.0
3081,AllCCS-32859911.0,"myo-Inositol 1,4,5-trisphosphate",C6H15O15P3,[M+H]+,1.0,420.9697,1.0,183.2
3083,DeepCCS-30932474.0,"myo-Inositol 1,4,5-trisphosphate",C6H15O15P3,[M+H]+,1.0,420.9697,1.0,158.0
3086,DeepCCS-30932474.0,"myo-Inositol 1,4,5-trisphosphate",C6H15O15P3,[M+Na]+,1.0,442.9516,1.0,164.2
3088,AllCCS-32859911.0,"myo-Inositol 1,4,5-trisphosphate",C6H15O15P3,[M+H-H2O]+,1.0,402.9591,1.0,180.8
3089,AllCCS-32859911.0,"myo-Inositol 1,4,5-trisphosphate",C6H15O15P3,[M+NH4]+,1.0,437.9962,1.0,185.3
3090,AllCCS-32859911.0,"myo-Inositol 1,4,5-trisphosphate",C6H15O15P3,[M+Na]+,1.0,442.9516,1.0,186.0
3095,DarkChem-31661259.0,"7,8-Dihydropteroic acid",C14H14N6O3,[M+H]+,1.0,315.12,1.0,172.6
3097,AllCCS-32859911.0,"7,8-Dihydropteroic acid",C14H14N6O3,[M+H]+,1.0,315.12,1.0,172.4
3099,DeepCCS-30932474.0,"7,8-Dihydropteroic acid",C14H14N6O3,[M+H]+,1.0,315.12,1.0,173.0
3102,DeepCCS-30932474.0,"7,8-Dihydropteroic acid",C14H14N6O3,[M+Na]+,1.0,337.102,1.0,179.2
3104,AllCCS-32859911.0,"7,8-Dihydropteroic acid",C14H14N6O3,[M+H-H2O]+,1.0,297.1094,1.0,169.2
3105,AllCCS-32859911.0,"7,8-Dihydropteroic acid",C14H14N6O3,[M+NH4]+,1.0,332.1466,1.0,175.4
3106,AllCCS-32859911.0,"7,8-Dihydropteroic acid",C14H14N6O3,[M+Na]+,1.0,337.102,1.0,176.3
3111,DarkChem-31661259.0,L-Allothreonine,C4H9NO3,[M+H]+,1.0,120.0655,1.0,124.4
3113,DeepCCS-30932474.0,L-Allothreonine,C4H9NO3,[M+H]+,1.0,120.0655,1.0,125.0
3116,DeepCCS-30932474.0,L-Allothreonine,C4H9NO3,[M+Na]+,1.0,142.0475,1.0,133.9
3117,AllCCS-32859911.0,L-Allothreonine,C4H9NO3,[M+H]+,1.0,120.0655,1.0,130.4
3118,AllCCS-32859911.0,L-Allothreonine,C4H9NO3,[M+H-H2O]+,1.0,102.055,1.0,126.2
3119,AllCCS-32859911.0,L-Allothreonine,C4H9NO3,[M+NH4]+,1.0,137.0921,1.0,134.3
3120,AllCCS-32859911.0,L-Allothreonine,C4H9NO3,[M+Na]+,1.0,142.0475,1.0,135.4
3124,AllCCS-32859911.0,FAD,C27H33N9O15P2,[M+H]+,1.0,786.1644,1.0,249.8
3126,DeepCCS-30932474.0,FAD,C27H33N9O15P2,[M+H]+,1.0,786.1644,1.0,231.1
3129,DeepCCS-30932474.0,FAD,C27H33N9O15P2,[M+Na]+,1.0,808.1464,1.0,236.9
3131,AllCCS-32859911.0,FAD,C27H33N9O15P2,[M+H-H2O]+,1.0,768.1538,1.0,249.8
3132,AllCCS-32859911.0,FAD,C27H33N9O15P2,[M+NH4]+,1.0,803.191,1.0,249.8
3133,AllCCS-32859911.0,FAD,C27H33N9O15P2,[M+Na]+,1.0,808.1464,1.0,249.7
3139,DarkChem-31661259.0,Sphinganine 1-phosphate,C18H40NO5P,[M+H]+,1.0,382.2717,1.0,198.5
3141,AllCCS-32859911.0,Sphinganine 1-phosphate,C18H40NO5P,[M+H]+,1.0,382.2717,1.0,203.3
3143,DeepCCS-30932474.0,Sphinganine 1-phosphate,C18H40NO5P,[M+H]+,1.0,382.2717,1.0,194.7
3146,DeepCCS-30932474.0,Sphinganine 1-phosphate,C18H40NO5P,[M+Na]+,1.0,404.2536,1.0,202.5
3148,AllCCS-32859911.0,Sphinganine 1-phosphate,C18H40NO5P,[M+H-H2O]+,1.0,364.2611,1.0,201.0
3149,AllCCS-32859911.0,Sphinganine 1-phosphate,C18H40NO5P,[M+NH4]+,1.0,399.2982,1.0,205.5
3150,AllCCS-32859911.0,Sphinganine 1-phosphate,C18H40NO5P,[M+Na]+,1.0,404.2536,1.0,206.1
3156,DeepCCS-30932474.0,2-(3-Carboxy-3-(methylammonio)propyl)-L-histidine,C11H19N4O4,[M+H]+,1.0,272.1479,1.0,157.8
3159,DeepCCS-30932474.0,2-(3-Carboxy-3-(methylammonio)propyl)-L-histidine,C11H19N4O4,[M+Na]+,1.0,294.1298,1.0,163.9
3160,AllCCS-32859911.0,2-(3-Carboxy-3-(methylammonio)propyl)-L-histidine,C11H19N4O4,[M+H]+,1.0,272.1479,1.0,160.9
3161,AllCCS-32859911.0,2-(3-Carboxy-3-(methylammonio)propyl)-L-histidine,C11H19N4O4,[M+H-H2O]+,1.0,254.1373,1.0,157.8
3162,AllCCS-32859911.0,2-(3-Carboxy-3-(methylammonio)propyl)-L-histidine,C11H19N4O4,[M+NH4]+,1.0,289.1745,1.0,163.8
3163,AllCCS-32859911.0,2-(3-Carboxy-3-(methylammonio)propyl)-L-histidine,C11H19N4O4,[M+Na]+,1.0,294.1298,1.0,164.6
3168,DarkChem-31661259.0,Phenylalanine,C9H11NO2,[M+H]+,1.0,166.0863,1.0,136.8
3170,AllCCS-32859911.0,Phenylalanine,C9H11NO2,[M+H]+,1.0,166.0863,1.0,136.9
3172,DeepCCS-30932474.0,Phenylalanine,C9H11NO2,[M+H]+,1.0,166.0863,1.0,133.9
3173,DeepCCS-30932474.0,Phenylalanine,C9H11NO2,[M+H]+,1.0,166.0863,1.0,130.1
3177,DeepCCS-30932474.0,Phenylalanine,C9H11NO2,[M+Na]+,1.0,188.0682,1.0,143.3
3179,DeepCCS-30932474.0,Phenylalanine,C9H11NO2,[M+Na]+,1.0,188.0682,1.0,139.1
3181,AllCCS-32859911.0,Phenylalanine,C9H11NO2,[M+H-H2O]+,1.0,148.0757,1.0,132.5
3182,AllCCS-32859911.0,Phenylalanine,C9H11NO2,[M+NH4]+,1.0,183.1128,1.0,140.9
3183,AllCCS-32859911.0,Phenylalanine,C9H11NO2,[M+Na]+,1.0,188.0682,1.0,142.0
3187,AllCCS-32859911.0,Nicotinic acid adenine dinucleotide,C21H27N6O15P2,[M+H]+,1.0,666.1082,1.0,231.3
3189,DeepCCS-30932474.0,Nicotinic acid adenine dinucleotide,C21H27N6O15P2,[M+H]+,1.0,666.1082,1.0,208.0
3192,DeepCCS-30932474.0,Nicotinic acid adenine dinucleotide,C21H27N6O15P2,[M+Na]+,1.0,688.0902,1.0,213.7
3194,AllCCS-32859911.0,Nicotinic acid adenine dinucleotide,C21H27N6O15P2,[M+H-H2O]+,1.0,648.0977,1.0,230.6
3195,AllCCS-32859911.0,Nicotinic acid adenine dinucleotide,C21H27N6O15P2,[M+NH4]+,1.0,683.1348,1.0,231.9
3196,AllCCS-32859911.0,Nicotinic acid adenine dinucleotide,C21H27N6O15P2,[M+Na]+,1.0,688.0902,1.0,232.0
3200,DarkChem-31661259.0,Uridine 5'-diphosphate,C9H14N2O12P2,[M+H]+,1.0,405.0095,1.0,188.8
3202,AllCCS-32859911.0,Uridine 5'-diphosphate,C9H14N2O12P2,[M+H]+,1.0,405.0095,1.0,181.9
3204,DeepCCS-30932474.0,Uridine 5'-diphosphate,C9H14N2O12P2,[M+H]+,1.0,405.0095,1.0,169.5
3207,DeepCCS-30932474.0,Uridine 5'-diphosphate,C9H14N2O12P2,[M+Na]+,1.0,426.9914,1.0,176.2
3209,AllCCS-32859911.0,Uridine 5'-diphosphate,C9H14N2O12P2,[M+H-H2O]+,1.0,386.9989,1.0,179.4
3210,AllCCS-32859911.0,Uridine 5'-diphosphate,C9H14N2O12P2,[M+NH4]+,1.0,422.036,1.0,184.2
3211,AllCCS-32859911.0,Uridine 5'-diphosphate,C9H14N2O12P2,[M+Na]+,1.0,426.9914,1.0,184.9
3217,DarkChem-31661259.0,beta-D-Glucose 6-phosphate,C6H13O9P,[M+H]+,1.0,261.037,1.0,154.7
3219,DeepCCS-30932474.0,beta-D-Glucose 6-phosphate,C6H13O9P,[M+H]+,1.0,261.037,1.0,143.3
3222,DeepCCS-30932474.0,beta-D-Glucose 6-phosphate,C6H13O9P,[M+Na]+,1.0,283.0189,1.0,149.9
3223,AllCCS-32859911.0,beta-D-Glucose 6-phosphate,C6H13O9P,[M+H]+,1.0,261.037,1.0,156.8
3224,AllCCS-32859911.0,beta-D-Glucose 6-phosphate,C6H13O9P,[M+H-H2O]+,1.0,243.0264,1.0,153.2
3225,AllCCS-32859911.0,beta-D-Glucose 6-phosphate,C6H13O9P,[M+NH4]+,1.0,278.0635,1.0,160.2
3226,AllCCS-32859911.0,beta-D-Glucose 6-phosphate,C6H13O9P,[M+Na]+,1.0,283.0189,1.0,161.1
3230,AllCCS-32859911.0,Acetyl-CoA,C23H38N7O17P3S,[M+H]+,1.0,810.133,1.0,249.8
3232,DeepCCS-30932474.0,Acetyl-CoA,C23H38N7O17P3S,[M+H]+,1.0,810.133,1.0,173.9
3235,DeepCCS-30932474.0,Acetyl-CoA,C23H38N7O17P3S,[M+Na]+,1.0,832.115,1.0,181.1
3237,AllCCS-32859911.0,Acetyl-CoA,C23H38N7O17P3S,[M+H-H2O]+,1.0,792.1225,1.0,250.0
3238,AllCCS-32859911.0,Acetyl-CoA,C23H38N7O17P3S,[M+NH4]+,1.0,827.1596,1.0,249.5
3239,AllCCS-32859911.0,Acetyl-CoA,C23H38N7O17P3S,[M+Na]+,1.0,832.115,1.0,249.4
3244,AllCCS-32859911.0,4-amino-4-deoxychorismate,C10H11NO5,[M+H]+,1.0,226.071,1.0,151.0
3245,AllCCS-32859911.0,4-amino-4-deoxychorismate,C10H11NO5,[M+H-H2O]+,1.0,208.0604,1.0,147.3
3246,AllCCS-32859911.0,4-amino-4-deoxychorismate,C10H11NO5,[M+Na]+,1.0,248.0529,1.0,155.5
3247,AllCCS-32859911.0,4-amino-4-deoxychorismate,C10H11NO5,[M+NH4]+,1.0,243.0975,1.0,154.5
3251,DeepCCS-30932474.0,4-amino-4-deoxychorismate,C10H11NO5,[M+H]+,1.0,226.071,1.0,149.7
3254,DeepCCS-30932474.0,4-amino-4-deoxychorismate,C10H11NO5,[M+Na]+,1.0,248.0529,1.0,155.6
3255,DarkChem-31661259.0,Acetamidopropanal,C5H9NO2,[M+H]+,1.0,116.0706,1.0,124.1
3257,DeepCCS-30932474.0,Acetamidopropanal,C5H9NO2,[M+H]+,1.0,116.0706,1.0,127.5
3260,DeepCCS-30932474.0,Acetamidopropanal,C5H9NO2,[M+Na]+,1.0,138.0525,1.0,135.8
3262,AllCCS-32859911.0,Acetamidopropanal,C5H9NO2,[M+H-H2O]+,1.0,98.06,1.0,123.3
3263,AllCCS-32859911.0,Acetamidopropanal,C5H9NO2,[M+NH4]+,1.0,133.0972,1.0,131.4
3264,AllCCS-32859911.0,Acetamidopropanal,C5H9NO2,[M+Na]+,1.0,138.0525,1.0,132.5
3268,DarkChem-31661259.0,4-Nitrophenol,C6H5NO3,[M+H]+,1.0,140.0342,1.0,129.4
3270,AllCCS-32859911.0,4-Nitrophenol,C6H5NO3,[M+H]+,1.0,140.0342,1.0,128.4
3272,DeepCCS-30932474.0,4-Nitrophenol,C6H5NO3,[M+H]+,1.0,140.0342,1.0,130.4
3275,DeepCCS-30932474.0,4-Nitrophenol,C6H5NO3,[M+Na]+,1.0,162.0162,1.0,139.3
3277,AllCCS-32859911.0,4-Nitrophenol,C6H5NO3,[M+H-H2O]+,1.0,122.0237,1.0,123.8
3278,AllCCS-32859911.0,4-Nitrophenol,C6H5NO3,[M+NH4]+,1.0,157.0608,1.0,132.7
3279,AllCCS-32859911.0,4-Nitrophenol,C6H5NO3,[M+Na]+,1.0,162.0162,1.0,134.0
3284,DarkChem-31661259.0,Methionine,C5H11NO2S,[M+H]+,1.0,150.0583,1.0,133.7
3288,DeepCCS-30932474.0,Methionine,C5H11NO2S,[M+H]+,1.0,150.0583,1.0,128.7
3291,DeepCCS-30932474.0,Methionine,C5H11NO2S,[M+Na]+,1.0,172.0403,1.0,137.4
3293,AllCCS-32859911.0,Methionine,C5H11NO2S,[M+H-H2O]+,1.0,132.0478,1.0,129.8
3294,AllCCS-32859911.0,Methionine,C5H11NO2S,[M+NH4]+,1.0,167.0849,1.0,137.3
3295,AllCCS-32859911.0,Methionine,C5H11NO2S,[M+Na]+,1.0,172.0403,1.0,138.4
3299,AllCCS-32859911.0,4-methyl-5-(2-phosphonooxyethyl)thiazole,C6H10NO4PS,[M+H]+,1.0,224.0141,1.0,146.1
3300,AllCCS-32859911.0,4-methyl-5-(2-phosphonooxyethyl)thiazole,C6H10NO4PS,[M+H-H2O]+,1.0,206.0035,1.0,142.3
3301,AllCCS-32859911.0,4-methyl-5-(2-phosphonooxyethyl)thiazole,C6H10NO4PS,[M+Na]+,1.0,245.996,1.0,150.7
3302,AllCCS-32859911.0,4-methyl-5-(2-phosphonooxyethyl)thiazole,C6H10NO4PS,[M+NH4]+,1.0,241.0406,1.0,149.7
3306,DeepCCS-30932474.0,4-methyl-5-(2-phosphonooxyethyl)thiazole,C6H10NO4PS,[M+H]+,1.0,224.0141,1.0,136.5
3309,DeepCCS-30932474.0,4-methyl-5-(2-phosphonooxyethyl)thiazole,C6H10NO4PS,[M+Na]+,1.0,245.996,1.0,145.8
3310,DarkChem-31661259.0,S-Formylglutathione,C11H17N3O7S,[M+H]+,1.0,336.086,1.0,177.7
3312,AllCCS-32859911.0,S-Formylglutathione,C11H17N3O7S,[M+H]+,1.0,336.086,1.0,170.0
3314,DeepCCS-30932474.0,S-Formylglutathione,C11H17N3O7S,[M+H]+,1.0,336.086,1.0,171.7
3317,DeepCCS-30932474.0,S-Formylglutathione,C11H17N3O7S,[M+Na]+,1.0,358.0679,1.0,177.9
3319,AllCCS-32859911.0,S-Formylglutathione,C11H17N3O7S,[M+H-H2O]+,1.0,318.0754,1.0,167.4
3320,AllCCS-32859911.0,S-Formylglutathione,C11H17N3O7S,[M+NH4]+,1.0,353.1125,1.0,172.3
3321,AllCCS-32859911.0,S-Formylglutathione,C11H17N3O7S,[M+Na]+,1.0,358.0679,1.0,173.0
3328,DeepCCS-30932474.0,Formaldehyde,CH2O,[M+Na]+,1.0,52.9998,1.0,118.0
3329,DarkChem-31661259.0,Dihydroxyacetone phosphate,C3H7O6P,[M+H]+,1.0,171.0053,1.0,136.3
3331,AllCCS-32859911.0,Dihydroxyacetone phosphate,C3H7O6P,[M+H]+,1.0,171.0053,1.0,136.4
3333,DeepCCS-30932474.0,Dihydroxyacetone phosphate,C3H7O6P,[M+H]+,1.0,171.0053,1.0,123.9
3336,DeepCCS-30932474.0,Dihydroxyacetone phosphate,C3H7O6P,[M+Na]+,1.0,192.9872,1.0,132.7
3338,AllCCS-32859911.0,Dihydroxyacetone phosphate,C3H7O6P,[M+H-H2O]+,1.0,152.9947,1.0,132.5
3339,AllCCS-32859911.0,Dihydroxyacetone phosphate,C3H7O6P,[M+NH4]+,1.0,188.0318,1.0,140.0
3340,AllCCS-32859911.0,Dihydroxyacetone phosphate,C3H7O6P,[M+Na]+,1.0,192.9872,1.0,141.1
3360,DarkChem-31661259.0,Uridine triphosphate,C9H15N2O15P3,[M+H]+,1.0,484.9758,1.0,202.9
3362,AllCCS-32859911.0,Uridine triphosphate,C9H15N2O15P3,[M+H]+,1.0,484.9758,1.0,193.2
3364,DeepCCS-30932474.0,Uridine triphosphate,C9H15N2O15P3,[M+H]+,1.0,484.9758,1.0,172.8
3367,DeepCCS-30932474.0,Uridine triphosphate,C9H15N2O15P3,[M+Na]+,1.0,506.9577,1.0,180.1
3369,AllCCS-32859911.0,Uridine triphosphate,C9H15N2O15P3,[M+H-H2O]+,1.0,466.9652,1.0,191.2
3370,AllCCS-32859911.0,Uridine triphosphate,C9H15N2O15P3,[M+NH4]+,1.0,502.0024,1.0,195.0
3371,AllCCS-32859911.0,Uridine triphosphate,C9H15N2O15P3,[M+Na]+,1.0,506.9577,1.0,195.5
3375,DarkChem-31661259.0,Sphinganine,C18H39NO2,[M+H]+,1.0,302.3054,1.0,180.9
3377,AllCCS-32859911.0,Sphinganine,C18H39NO2,[M+H]+,1.0,302.3054,1.0,187.8
3379,DeepCCS-30932474.0,Sphinganine,C18H39NO2,[M+H]+,1.0,302.3054,1.0,186.7
3382,DeepCCS-30932474.0,Sphinganine,C18H39NO2,[M+Na]+,1.0,324.2873,1.0,194.3
3384,AllCCS-32859911.0,Sphinganine,C18H39NO2,[M+H-H2O]+,1.0,284.2948,1.0,185.0
3385,AllCCS-32859911.0,Sphinganine,C18H39NO2,[M+NH4]+,1.0,319.3319,1.0,190.4
3386,AllCCS-32859911.0,Sphinganine,C18H39NO2,[M+Na]+,1.0,324.2873,1.0,191.1
3390,DarkChem-31661259.0,N8-Acetylspermidine,C9H21N3O,[M+H]+,1.0,188.1757,1.0,143.1
3392,DeepCCS-30932474.0,N8-Acetylspermidine,C9H21N3O,[M+H]+,1.0,188.1757,1.0,145.1
3395,DeepCCS-30932474.0,N8-Acetylspermidine,C9H21N3O,[M+Na]+,1.0,210.1577,1.0,154.2
3396,AllCCS-32859911.0,N8-Acetylspermidine,C9H21N3O,[M+H]+,1.0,188.1757,1.0,143.4
3397,AllCCS-32859911.0,N8-Acetylspermidine,C9H21N3O,[M+H-H2O]+,1.0,170.1652,1.0,139.9
3398,AllCCS-32859911.0,N8-Acetylspermidine,C9H21N3O,[M+NH4]+,1.0,205.2023,1.0,146.7
3399,AllCCS-32859911.0,N8-Acetylspermidine,C9H21N3O,[M+Na]+,1.0,210.1577,1.0,147.7
3403,DarkChem-31661259.0,Lysine,C6H14N2O2,[M+H]+,1.0,147.1128,1.0,133.4
3405,AllCCS-32859911.0,Lysine,C6H14N2O2,[M+H]+,1.0,147.1128,1.0,133.2
3407,DeepCCS-30932474.0,Lysine,C6H14N2O2,[M+H]+,1.0,147.1128,1.0,131.4
3410,DeepCCS-30932474.0,Lysine,C6H14N2O2,[M+Na]+,1.0,169.0947,1.0,140.1
3411,AllCCS-32859911.0,Lysine,C6H14N2O2,[M+H-H2O]+,1.0,129.1022,1.0,129.2
3412,AllCCS-32859911.0,Lysine,C6H14N2O2,[M+NH4]+,1.0,164.1394,1.0,136.9
3413,AllCCS-32859911.0,Lysine,C6H14N2O2,[M+Na]+,1.0,169.0947,1.0,138.0
3417,AllCCS-32859911.0,Shikimic acid 3-phosphate,C7H11O8P,[M+H]+,1.0,255.0264,1.0,155.4
3418,AllCCS-32859911.0,Shikimic acid 3-phosphate,C7H11O8P,[M+H-H2O]+,1.0,237.0159,1.0,151.8
3419,AllCCS-32859911.0,Shikimic acid 3-phosphate,C7H11O8P,[M+Na]+,1.0,277.0084,1.0,159.7
3420,AllCCS-32859911.0,Shikimic acid 3-phosphate,C7H11O8P,[M+NH4]+,1.0,272.053,1.0,158.8
3424,DeepCCS-30932474.0,Shikimic acid 3-phosphate,C7H11O8P,[M+H]+,1.0,255.0264,1.0,146.9
3427,DeepCCS-30932474.0,Shikimic acid 3-phosphate,C7H11O8P,[M+Na]+,1.0,277.0084,1.0,152.8
3428,DeepCCS-30932474.0,2-Maleylacetate,C6H6O5,[M+H]+,1.0,159.0288,1.0,129.4
3431,DeepCCS-30932474.0,2-Maleylacetate,C6H6O5,[M+Na]+,1.0,181.0107,1.0,138.4
3432,AllCCS-32859911.0,2-Maleylacetate,C6H6O5,[M+H]+,1.0,159.0288,1.0,134.2
3433,AllCCS-32859911.0,2-Maleylacetate,C6H6O5,[M+H-H2O]+,1.0,141.0182,1.0,130.1
3434,AllCCS-32859911.0,2-Maleylacetate,C6H6O5,[M+NH4]+,1.0,176.0553,1.0,137.9
3435,AllCCS-32859911.0,2-Maleylacetate,C6H6O5,[M+Na]+,1.0,181.0107,1.0,139.0
3439,DarkChem-31661259.0,(R)-Lipoic acid,C8H14O2S2,[M+H]+,1.0,207.0508,1.0,146.3
3441,AllCCS-32859911.0,(R)-Lipoic acid,C8H14O2S2,[M+H]+,1.0,207.0508,1.0,143.4
3443,DeepCCS-30932474.0,(R)-Lipoic acid,C8H14O2S2,[M+H]+,1.0,207.0508,1.0,142.3
3446,DeepCCS-30932474.0,(R)-Lipoic acid,C8H14O2S2,[M+Na]+,1.0,229.0327,1.0,149.6
3448,AllCCS-32859911.0,(R)-Lipoic acid,C8H14O2S2,[M+H-H2O]+,1.0,189.0402,1.0,139.7
3449,AllCCS-32859911.0,(R)-Lipoic acid,C8H14O2S2,[M+NH4]+,1.0,224.0773,1.0,147.0
3450,AllCCS-32859911.0,(R)-Lipoic acid,C8H14O2S2,[M+Na]+,1.0,229.0327,1.0,148.0
3454,DarkChem-31661259.0,gamma-Aminobutyric acid,C4H9NO2,[M+H]+,1.0,104.0706,1.0,120.0
3456,AllCCS-32859911.0,gamma-Aminobutyric acid,C4H9NO2,[M+H]+,1.0,104.0706,1.0,125.7
3458,DeepCCS-30932474.0,gamma-Aminobutyric acid,C4H9NO2,[M+H]+,1.0,104.0706,1.0,133.7
3461,DeepCCS-30932474.0,gamma-Aminobutyric acid,C4H9NO2,[M+Na]+,1.0,126.0525,1.0,141.8
3463,AllCCS-32859911.0,gamma-Aminobutyric acid,C4H9NO2,[M+H-H2O]+,1.0,86.06,1.0,121.4
3464,AllCCS-32859911.0,gamma-Aminobutyric acid,C4H9NO2,[M+NH4]+,1.0,121.0972,1.0,129.7
3465,AllCCS-32859911.0,gamma-Aminobutyric acid,C4H9NO2,[M+Na]+,1.0,126.0525,1.0,130.9
3469,DarkChem-31661259.0,Benzoin,C14H12O2,[M+H]+,1.0,213.091,1.0,149.5
3471,DeepCCS-30932474.0,Benzoin,C14H12O2,[M+H]+,1.0,213.091,1.0,145.7
3474,DeepCCS-30932474.0,Benzoin,C14H12O2,[M+Na]+,1.0,235.0729,1.0,151.7
3475,AllCCS-32859911.0,Benzoin,C14H12O2,[M+H]+,1.0,213.091,1.0,148.3
3476,AllCCS-32859911.0,Benzoin,C14H12O2,[M+H-H2O]+,1.0,195.0804,1.0,143.9
3477,AllCCS-32859911.0,Benzoin,C14H12O2,[M+NH4]+,1.0,230.1176,1.0,152.4
3478,AllCCS-32859911.0,Benzoin,C14H12O2,[M+Na]+,1.0,235.0729,1.0,153.5
3482,DarkChem-31661259.0,(S)-3-Hydroxyisobutyric acid,C4H8O3,[M+H]+,1.0,105.0546,1.0,121.1
3484,AllCCS-32859911.0,(S)-3-Hydroxyisobutyric acid,C4H8O3,[M+H]+,1.0,105.0546,1.0,126.8
3486,DeepCCS-30932474.0,(S)-3-Hydroxyisobutyric acid,C4H8O3,[M+H]+,1.0,105.0546,1.0,118.7
3489,DeepCCS-30932474.0,(S)-3-Hydroxyisobutyric acid,C4H8O3,[M+Na]+,1.0,127.0366,1.0,127.2
3491,AllCCS-32859911.0,(S)-3-Hydroxyisobutyric acid,C4H8O3,[M+H-H2O]+,1.0,87.0441,1.0,122.5
3492,AllCCS-32859911.0,(S)-3-Hydroxyisobutyric acid,C4H8O3,[M+NH4]+,1.0,122.0812,1.0,130.8
3493,AllCCS-32859911.0,(S)-3-Hydroxyisobutyric acid,C4H8O3,[M+Na]+,1.0,127.0366,1.0,132.0
3497,DarkChem-31661259.0,Succinic acid,C4H6O4,[M+H]+,1.0,119.0339,1.0,124.5
3499,AllCCS-32859911.0,Succinic acid,C4H6O4,[M+H]+,1.0,119.0339,1.0,128.1
3501,DeepCCS-30932474.0,Succinic acid,C4H6O4,[M+H]+,1.0,119.0339,1.0,123.0
3504,DeepCCS-30932474.0,Succinic acid,C4H6O4,[M+Na]+,1.0,141.0158,1.0,131.5
3506,AllCCS-32859911.0,Succinic acid,C4H6O4,[M+H-H2O]+,1.0,101.0233,1.0,123.8
3507,AllCCS-32859911.0,Succinic acid,C4H6O4,[M+NH4]+,1.0,136.0604,1.0,132.0
3508,AllCCS-32859911.0,Succinic acid,C4H6O4,[M+Na]+,1.0,141.0158,1.0,133.1
3512,DarkChem-31661259.0,N1-Acetylspermine,C12H28N4O,[M+H]+,1.0,245.2336,1.0,158.5
3514,AllCCS-32859911.0,N1-Acetylspermine,C12H28N4O,[M+H]+,1.0,245.2336,1.0,158.1
3516,DeepCCS-30932474.0,N1-Acetylspermine,C12H28N4O,[M+H]+,1.0,245.2336,1.0,156.1
3519,DeepCCS-30932474.0,N1-Acetylspermine,C12H28N4O,[M+Na]+,1.0,267.2155,1.0,163.8
3521,AllCCS-32859911.0,N1-Acetylspermine,C12H28N4O,[M+H-H2O]+,1.0,227.223,1.0,155.1
3522,AllCCS-32859911.0,N1-Acetylspermine,C12H28N4O,[M+NH4]+,1.0,262.2601,1.0,160.9
3523,AllCCS-32859911.0,N1-Acetylspermine,C12H28N4O,[M+Na]+,1.0,267.2155,1.0,161.6
3528,DarkChem-31661259.0,3-Phosphoglyceric acid,C3H7O7P,[M+H]+,1.0,187.0002,1.0,139.4
3530,AllCCS-32859911.0,3-Phosphoglyceric acid,C3H7O7P,[M+H]+,1.0,187.0002,1.0,140.7
3532,DeepCCS-30932474.0,3-Phosphoglyceric acid,C3H7O7P,[M+H]+,1.0,187.0002,1.0,126.5
3535,DeepCCS-30932474.0,3-Phosphoglyceric acid,C3H7O7P,[M+Na]+,1.0,208.9822,1.0,135.2
3537,AllCCS-32859911.0,3-Phosphoglyceric acid,C3H7O7P,[M+H-H2O]+,1.0,168.9897,1.0,136.9
3538,AllCCS-32859911.0,3-Phosphoglyceric acid,C3H7O7P,[M+NH4]+,1.0,204.0268,1.0,144.2
3539,AllCCS-32859911.0,3-Phosphoglyceric acid,C3H7O7P,[M+Na]+,1.0,208.9822,1.0,145.2
3543,DarkChem-31661259.0,"2-Octaprenyl-3-methyl-6-methoxy-1,4-benzoquinol",C38H60O3,[M+H]+,1.0,565.4615,1.0,234.5
3545,DeepCCS-30932474.0,"2-Octaprenyl-3-methyl-6-methoxy-1,4-benzoquinol",C38H60O3,[M+H]+,1.0,565.4615,1.0,248.0
3548,DeepCCS-30932474.0,"2-Octaprenyl-3-methyl-6-methoxy-1,4-benzoquinol",C38H60O3,[M+Na]+,1.0,587.4435,1.0,253.9
3549,AllCCS-32859911.0,"2-Octaprenyl-3-methyl-6-methoxy-1,4-benzoquinol",C38H60O3,[M+H]+,1.0,565.4615,1.0,250.5
3550,AllCCS-32859911.0,"2-Octaprenyl-3-methyl-6-methoxy-1,4-benzoquinol",C38H60O3,[M+H-H2O]+,1.0,547.451,1.0,249.0
3551,AllCCS-32859911.0,"2-Octaprenyl-3-methyl-6-methoxy-1,4-benzoquinol",C38H60O3,[M+NH4]+,1.0,582.4881,1.0,251.8
3552,AllCCS-32859911.0,"2-Octaprenyl-3-methyl-6-methoxy-1,4-benzoquinol",C38H60O3,[M+Na]+,1.0,587.4435,1.0,252.2
3556,DarkChem-31661259.0,Glycolaldehyde,C2H4O2,[M+H]+,1.0,61.0284,1.0,108.2
3558,DeepCCS-30932474.0,Glycolaldehyde,C2H4O2,[M+H]+,1.0,61.0284,1.0,120.4
3561,DeepCCS-30932474.0,Glycolaldehyde,C2H4O2,[M+Na]+,1.0,83.0103,1.0,128.3
3562,AllCCS-32859911.0,Glycolaldehyde,C2H4O2,[M+H]+,1.0,61.0284,1.0,121.3
3564,AllCCS-32859911.0,Glycolaldehyde,C2H4O2,[M+NH4]+,1.0,78.055,1.0,125.6
3565,AllCCS-32859911.0,Glycolaldehyde,C2H4O2,[M+Na]+,1.0,83.0103,1.0,126.8
3571,DarkChem-31661259.0,1-Methylnicotinamide,C7H9N2O,[M+H]+,1.0,138.0788,1.0,130.4
3573,AllCCS-32859911.0,1-Methylnicotinamide,C7H9N2O,[M+H]+,1.0,138.0788,1.0,126.6
3575,DeepCCS-30932474.0,1-Methylnicotinamide,C7H9N2O,[M+H]+,1.0,138.0788,1.0,131.3
3578,DeepCCS-30932474.0,1-Methylnicotinamide,C7H9N2O,[M+Na]+,1.0,160.0607,1.0,138.9
3580,AllCCS-32859911.0,1-Methylnicotinamide,C7H9N2O,[M+H-H2O]+,1.0,120.0682,1.0,122.0
3581,AllCCS-32859911.0,1-Methylnicotinamide,C7H9N2O,[M+NH4]+,1.0,155.1053,1.0,131.0
3582,AllCCS-32859911.0,1-Methylnicotinamide,C7H9N2O,[M+Na]+,1.0,160.0607,1.0,132.3
3586,DarkChem-31661259.0,"Adenosine 3',5'-diphosphate",C10H15N5O10P2,[M+H]+,1.0,428.0367,1.0,193.2
3588,AllCCS-32859911.0,"Adenosine 3',5'-diphosphate",C10H15N5O10P2,[M+H]+,1.0,428.0367,1.0,188.2
3590,DeepCCS-30932474.0,"Adenosine 3',5'-diphosphate",C10H15N5O10P2,[M+H]+,1.0,428.0367,1.0,169.0
3593,DeepCCS-30932474.0,"Adenosine 3',5'-diphosphate",C10H15N5O10P2,[M+Na]+,1.0,450.0186,1.0,175.9
3595,AllCCS-32859911.0,"Adenosine 3',5'-diphosphate",C10H15N5O10P2,[M+H-H2O]+,1.0,410.0261,1.0,185.8
3596,AllCCS-32859911.0,"Adenosine 3',5'-diphosphate",C10H15N5O10P2,[M+NH4]+,1.0,445.0632,1.0,190.3
3597,AllCCS-32859911.0,"Adenosine 3',5'-diphosphate",C10H15N5O10P2,[M+Na]+,1.0,450.0186,1.0,191.0
3601,DarkChem-31661259.0,SAICAR,C13H19N4O12P,[M+H]+,1.0,455.081,1.0,203.7
3603,AllCCS-32859911.0,SAICAR,C13H19N4O12P,[M+H]+,1.0,455.081,1.0,192.7
3605,DeepCCS-30932474.0,SAICAR,C13H19N4O12P,[M+H]+,1.0,455.081,1.0,179.2
3608,DeepCCS-30932474.0,SAICAR,C13H19N4O12P,[M+Na]+,1.0,477.0629,1.0,185.1
3610,AllCCS-32859911.0,SAICAR,C13H19N4O12P,[M+H-H2O]+,1.0,437.0704,1.0,190.7
3611,AllCCS-32859911.0,SAICAR,C13H19N4O12P,[M+NH4]+,1.0,472.1075,1.0,194.5
3612,AllCCS-32859911.0,SAICAR,C13H19N4O12P,[M+Na]+,1.0,477.0629,1.0,195.0
3617,DarkChem-31661259.0,Inosinic acid,C10H13N4O8P,[M+H]+,1.0,349.0544,1.0,176.8
3619,AllCCS-32859911.0,Inosinic acid,C10H13N4O8P,[M+H]+,1.0,349.0544,1.0,174.6
3621,DeepCCS-30932474.0,Inosinic acid,C10H13N4O8P,[M+H]+,1.0,349.0544,1.0,159.1
3624,DeepCCS-30932474.0,Inosinic acid,C10H13N4O8P,[M+Na]+,1.0,371.0363,1.0,165.2
3626,AllCCS-32859911.0,Inosinic acid,C10H13N4O8P,[M+H-H2O]+,1.0,331.0438,1.0,171.7
3627,AllCCS-32859911.0,Inosinic acid,C10H13N4O8P,[M+NH4]+,1.0,366.0809,1.0,177.3
3628,AllCCS-32859911.0,Inosinic acid,C10H13N4O8P,[M+Na]+,1.0,371.0363,1.0,178.1
3632,DarkChem-31661259.0,Ornithine,C5H12N2O2,[M+H]+,1.0,133.0972,1.0,129.6
3634,AllCCS-32859911.0,Ornithine,C5H12N2O2,[M+H]+,1.0,133.0972,1.0,130.7
3636,DeepCCS-30932474.0,Ornithine,C5H12N2O2,[M+H]+,1.0,133.0972,1.0,126.8
3639,DeepCCS-30932474.0,Ornithine,C5H12N2O2,[M+Na]+,1.0,155.0791,1.0,135.4
3641,AllCCS-32859911.0,Ornithine,C5H12N2O2,[M+H-H2O]+,1.0,115.0866,1.0,126.7
3642,AllCCS-32859911.0,Ornithine,C5H12N2O2,[M+NH4]+,1.0,150.1237,1.0,134.6
3643,AllCCS-32859911.0,Ornithine,C5H12N2O2,[M+Na]+,1.0,155.0791,1.0,135.7
3647,DarkChem-31661259.0,Indoleacetaldehyde,C10H9NO,[M+H]+,1.0,160.0757,1.0,133.6
3649,AllCCS-32859911.0,Indoleacetaldehyde,C10H9NO,[M+H]+,1.0,160.0757,1.0,134.0
3651,DeepCCS-30932474.0,Indoleacetaldehyde,C10H9NO,[M+H]+,1.0,160.0757,1.0,134.2
3654,DeepCCS-30932474.0,Indoleacetaldehyde,C10H9NO,[M+Na]+,1.0,182.0576,1.0,143.3
3656,AllCCS-32859911.0,Indoleacetaldehyde,C10H9NO,[M+H-H2O]+,1.0,142.0651,1.0,129.4
3657,AllCCS-32859911.0,Indoleacetaldehyde,C10H9NO,[M+NH4]+,1.0,177.1022,1.0,138.2
3658,AllCCS-32859911.0,Indoleacetaldehyde,C10H9NO,[M+Na]+,1.0,182.0576,1.0,139.5
3662,DarkChem-31661259.0,O-Phospho-4-hydroxy-L-threonine,C4H10NO7P,[M+H]+,1.0,216.0268,1.0,145.7
3664,DeepCCS-30932474.0,O-Phospho-4-hydroxy-L-threonine,C4H10NO7P,[M+H]+,1.0,216.0268,1.0,140.2
3667,DeepCCS-30932474.0,O-Phospho-4-hydroxy-L-threonine,C4H10NO7P,[M+Na]+,1.0,238.0087,1.0,146.1
3668,AllCCS-32859911.0,O-Phospho-4-hydroxy-L-threonine,C4H10NO7P,[M+H]+,1.0,216.0268,1.0,146.3
3669,AllCCS-32859911.0,O-Phospho-4-hydroxy-L-threonine,C4H10NO7P,[M+H-H2O]+,1.0,198.0162,1.0,142.7
3670,AllCCS-32859911.0,O-Phospho-4-hydroxy-L-threonine,C4H10NO7P,[M+NH4]+,1.0,233.0533,1.0,149.6
3671,AllCCS-32859911.0,O-Phospho-4-hydroxy-L-threonine,C4H10NO7P,[M+Na]+,1.0,238.0087,1.0,150.5
3680,DeepCCS-30932474.0,Calcium,Ca,[M+Na]+,1.0,62.9518,1.0,116.5
3681,DarkChem-31661259.0,Geranylgeranyl-PP,C20H36O7P2,[M+H]+,1.0,451.2009,1.0,204.7
3683,DeepCCS-30932474.0,Geranylgeranyl-PP,C20H36O7P2,[M+H]+,1.0,451.2009,1.0,194.1
3686,DeepCCS-30932474.0,Geranylgeranyl-PP,C20H36O7P2,[M+Na]+,1.0,473.1828,1.0,202.7
3687,AllCCS-32859911.0,Geranylgeranyl-PP,C20H36O7P2,[M+H]+,1.0,451.2009,1.0,215.8
3688,AllCCS-32859911.0,Geranylgeranyl-PP,C20H36O7P2,[M+H-H2O]+,1.0,433.1903,1.0,213.7
3689,AllCCS-32859911.0,Geranylgeranyl-PP,C20H36O7P2,[M+NH4]+,1.0,468.2274,1.0,217.7
3690,AllCCS-32859911.0,Geranylgeranyl-PP,C20H36O7P2,[M+Na]+,1.0,473.1828,1.0,218.3
3694,DarkChem-31661259.0,Adenosine diphosphate ribose,C15H23N5O14P2,[M+H]+,1.0,560.0789,1.0,221.8
3696,AllCCS-32859911.0,Adenosine diphosphate ribose,C15H23N5O14P2,[M+H]+,1.0,560.0789,1.0,214.8
3698,DeepCCS-30932474.0,Adenosine diphosphate ribose,C15H23N5O14P2,[M+H]+,1.0,560.0789,1.0,183.3
3701,DeepCCS-30932474.0,Adenosine diphosphate ribose,C15H23N5O14P2,[M+Na]+,1.0,582.0609,1.0,190.8
3703,AllCCS-32859911.0,Adenosine diphosphate ribose,C15H23N5O14P2,[M+H-H2O]+,1.0,542.0684,1.0,213.4
3704,AllCCS-32859911.0,Adenosine diphosphate ribose,C15H23N5O14P2,[M+NH4]+,1.0,577.1055,1.0,216.1
3705,AllCCS-32859911.0,Adenosine diphosphate ribose,C15H23N5O14P2,[M+Na]+,1.0,582.0609,1.0,216.5
3710,DarkChem-31661259.0,Xylulose 5-phosphate,C5H11O8P,[M+H]+,1.0,231.0264,1.0,154.8
3712,AllCCS-32859911.0,Xylulose 5-phosphate,C5H11O8P,[M+H]+,1.0,231.0264,1.0,148.3
3714,DeepCCS-30932474.0,Xylulose 5-phosphate,C5H11O8P,[M+H]+,1.0,231.0264,1.0,138.0
3717,DeepCCS-30932474.0,Xylulose 5-phosphate,C5H11O8P,[M+Na]+,1.0,253.0084,1.0,144.1
3719,AllCCS-32859911.0,Xylulose 5-phosphate,C5H11O8P,[M+H-H2O]+,1.0,213.0159,1.0,144.8
3720,AllCCS-32859911.0,Xylulose 5-phosphate,C5H11O8P,[M+NH4]+,1.0,248.053,1.0,151.6
3721,AllCCS-32859911.0,Xylulose 5-phosphate,C5H11O8P,[M+Na]+,1.0,253.0084,1.0,152.5
3725,DarkChem-31661259.0,Pyridoxal 5'-phosphate,C8H10NO6P,[M+H]+,1.0,248.0318,1.0,152.8
3727,AllCCS-32859911.0,Pyridoxal 5'-phosphate,C8H10NO6P,[M+H]+,1.0,248.0318,1.0,152.9
3729,DeepCCS-30932474.0,Pyridoxal 5'-phosphate,C8H10NO6P,[M+H]+,1.0,248.0318,1.0,147.6
3732,DeepCCS-30932474.0,Pyridoxal 5'-phosphate,C8H10NO6P,[M+Na]+,1.0,270.0138,1.0,154.8
3734,AllCCS-32859911.0,Pyridoxal 5'-phosphate,C8H10NO6P,[M+H-H2O]+,1.0,230.0213,1.0,149.2
3735,AllCCS-32859911.0,Pyridoxal 5'-phosphate,C8H10NO6P,[M+NH4]+,1.0,265.0584,1.0,156.4
3736,AllCCS-32859911.0,Pyridoxal 5'-phosphate,C8H10NO6P,[M+Na]+,1.0,270.0138,1.0,157.4
3740,DarkChem-31661259.0,L-Tyrosine,C9H11NO3,[M+H]+,1.0,182.0812,1.0,141.8
3742,AllCCS-32859911.0,L-Tyrosine,C9H11NO3,[M+H]+,1.0,182.0812,1.0,140.5
3744,DeepCCS-30932474.0,L-Tyrosine,C9H11NO3,[M+H]+,1.0,182.0812,1.0,138.9
3745,DeepCCS-30932474.0,L-Tyrosine,C9H11NO3,[M+H]+,1.0,182.0812,1.0,135.3
3749,DeepCCS-30932474.0,L-Tyrosine,C9H11NO3,[M+Na]+,1.0,204.0631,1.0,146.6
3751,DeepCCS-30932474.0,L-Tyrosine,C9H11NO3,[M+Na]+,1.0,204.0631,1.0,144.4
3753,AllCCS-32859911.0,L-Tyrosine,C9H11NO3,[M+H-H2O]+,1.0,164.0706,1.0,136.3
3754,AllCCS-32859911.0,L-Tyrosine,C9H11NO3,[M+NH4]+,1.0,199.1077,1.0,144.4
3755,AllCCS-32859911.0,L-Tyrosine,C9H11NO3,[M+Na]+,1.0,204.0631,1.0,145.5
3759,DarkChem-31661259.0,alpha-Ketoisovaleric acid,C5H8O3,[M+H]+,1.0,117.0546,1.0,124.0
3761,AllCCS-32859911.0,alpha-Ketoisovaleric acid,C5H8O3,[M+H]+,1.0,117.0546,1.0,127.9
3763,DeepCCS-30932474.0,alpha-Ketoisovaleric acid,C5H8O3,[M+H]+,1.0,117.0546,1.0,125.9
3766,DeepCCS-30932474.0,alpha-Ketoisovaleric acid,C5H8O3,[M+Na]+,1.0,139.0366,1.0,134.4
3768,AllCCS-32859911.0,alpha-Ketoisovaleric acid,C5H8O3,[M+H-H2O]+,1.0,99.0441,1.0,123.7
3769,AllCCS-32859911.0,alpha-Ketoisovaleric acid,C5H8O3,[M+NH4]+,1.0,134.0812,1.0,131.8
3770,AllCCS-32859911.0,alpha-Ketoisovaleric acid,C5H8O3,[M+Na]+,1.0,139.0366,1.0,132.9
3774,DarkChem-31661259.0,N1-Acetylspermidine,C9H21N3O,[M+H]+,1.0,188.1757,1.0,142.7
3776,AllCCS-32859911.0,N1-Acetylspermidine,C9H21N3O,[M+H]+,1.0,188.1757,1.0,142.9
3778,DeepCCS-30932474.0,N1-Acetylspermidine,C9H21N3O,[M+H]+,1.0,188.1757,1.0,145.1
3781,DeepCCS-30932474.0,N1-Acetylspermidine,C9H21N3O,[M+Na]+,1.0,210.1577,1.0,154.2
3783,AllCCS-32859911.0,N1-Acetylspermidine,C9H21N3O,[M+H-H2O]+,1.0,170.1652,1.0,139.4
3784,AllCCS-32859911.0,N1-Acetylspermidine,C9H21N3O,[M+NH4]+,1.0,205.2023,1.0,146.2
3785,AllCCS-32859911.0,N1-Acetylspermidine,C9H21N3O,[M+Na]+,1.0,210.1577,1.0,147.1
3789,DarkChem-31661259.0,Diacetyl,C4H6O2,[M+H]+,1.0,87.0441,1.0,116.3
3791,DeepCCS-30932474.0,Diacetyl,C4H6O2,[M+H]+,1.0,87.0441,1.0,121.1
3794,DeepCCS-30932474.0,Diacetyl,C4H6O2,[M+Na]+,1.0,109.026,1.0,129.2
3795,AllCCS-32859911.0,Diacetyl,C4H6O2,[M+H]+,1.0,87.0441,1.0,123.0
3796,AllCCS-32859911.0,Diacetyl,C4H6O2,[M+H-H2O]+,1.0,69.0335,1.0,118.6
3797,AllCCS-32859911.0,Diacetyl,C4H6O2,[M+NH4]+,1.0,104.0706,1.0,127.2
3798,AllCCS-32859911.0,Diacetyl,C4H6O2,[M+Na]+,1.0,109.026,1.0,128.3
3802,DarkChem-31661259.0,3-Isopropylmalic acid,C7H12O5,[M+H]+,1.0,177.0757,1.0,143.3
3804,DeepCCS-30932474.0,3-Isopropylmalic acid,C7H12O5,[M+H]+,1.0,177.0757,1.0,139.6
3807,DeepCCS-30932474.0,3-Isopropylmalic acid,C7H12O5,[M+Na]+,1.0,199.0577,1.0,145.5
3809,AllCCS-32859911.0,3-Isopropylmalic acid,C7H12O5,[M+H-H2O]+,1.0,159.0652,1.0,135.9
3810,AllCCS-32859911.0,3-Isopropylmalic acid,C7H12O5,[M+NH4]+,1.0,194.1023,1.0,143.2
3811,AllCCS-32859911.0,3-Isopropylmalic acid,C7H12O5,[M+Na]+,1.0,199.0577,1.0,144.2
3815,DarkChem-31661259.0,Histidine,C6H9N3O2,[M+H]+,1.0,156.0768,1.0,133.8
3817,AllCCS-32859911.0,Histidine,C6H9N3O2,[M+H]+,1.0,156.0768,1.0,134.4
3819,DeepCCS-30932474.0,Histidine,C6H9N3O2,[M+H]+,1.0,156.0768,1.0,129.1
3820,DeepCCS-30932474.0,Histidine,C6H9N3O2,[M+H]+,1.0,156.0768,1.0,125.2
3824,DeepCCS-30932474.0,Histidine,C6H9N3O2,[M+Na]+,1.0,178.0587,1.0,138.3
3826,DeepCCS-30932474.0,Histidine,C6H9N3O2,[M+Na]+,1.0,178.0587,1.0,134.1
3828,AllCCS-32859911.0,Histidine,C6H9N3O2,[M+H-H2O]+,1.0,138.0662,1.0,130.1
3829,AllCCS-32859911.0,Histidine,C6H9N3O2,[M+NH4]+,1.0,173.1033,1.0,138.5
3830,AllCCS-32859911.0,Histidine,C6H9N3O2,[M+Na]+,1.0,178.0587,1.0,139.6
3839,DeepCCS-30932474.0,Superoxide,O2,[M+Na]+,1.0,54.979,1.0,116.5
3840,DarkChem-31661259.0,Glycineamideribotide,C7H15N2O8P,[M+H]+,1.0,287.0639,1.0,166.3
3842,DeepCCS-30932474.0,Glycineamideribotide,C7H15N2O8P,[M+H]+,1.0,287.0639,1.0,154.7
3845,DeepCCS-30932474.0,Glycineamideribotide,C7H15N2O8P,[M+Na]+,1.0,309.0458,1.0,161.8
3846,AllCCS-32859911.0,Glycineamideribotide,C7H15N2O8P,[M+H]+,1.0,287.0639,1.0,160.5
3847,AllCCS-32859911.0,Glycineamideribotide,C7H15N2O8P,[M+H-H2O]+,1.0,269.0533,1.0,157.2
3848,AllCCS-32859911.0,Glycineamideribotide,C7H15N2O8P,[M+NH4]+,1.0,304.0904,1.0,163.5
3849,AllCCS-32859911.0,Glycineamideribotide,C7H15N2O8P,[M+Na]+,1.0,309.0458,1.0,164.4
3853,DarkChem-31661259.0,Kynurenine,C10H12N2O3,[M+H]+,1.0,209.0921,1.0,148.7
3855,AllCCS-32859911.0,Kynurenine,C10H12N2O3,[M+H]+,1.0,209.0921,1.0,146.9
3857,DeepCCS-30932474.0,Kynurenine,C10H12N2O3,[M+H]+,1.0,209.0921,1.0,144.3
3860,DeepCCS-30932474.0,Kynurenine,C10H12N2O3,[M+Na]+,1.0,231.074,1.0,150.3
3862,AllCCS-32859911.0,Kynurenine,C10H12N2O3,[M+H-H2O]+,1.0,191.0815,1.0,143.0
3863,AllCCS-32859911.0,Kynurenine,C10H12N2O3,[M+NH4]+,1.0,226.1186,1.0,150.6
3864,AllCCS-32859911.0,Kynurenine,C10H12N2O3,[M+Na]+,1.0,231.074,1.0,151.7
3868,DeepCCS-30932474.0,Pantoic acid,C6H12O4,[M+H]+,1.0,149.0808,1.0,131.7
3871,DeepCCS-30932474.0,Pantoic acid,C6H12O4,[M+Na]+,1.0,171.0628,1.0,140.9
3872,AllCCS-32859911.0,Pantoic acid,C6H12O4,[M+H]+,1.0,149.0808,1.0,134.3
3873,AllCCS-32859911.0,Pantoic acid,C6H12O4,[M+H-H2O]+,1.0,131.0703,1.0,130.4
3874,AllCCS-32859911.0,Pantoic acid,C6H12O4,[M+NH4]+,1.0,166.1074,1.0,138.0
3875,AllCCS-32859911.0,Pantoic acid,C6H12O4,[M+Na]+,1.0,171.0628,1.0,139.0
3879,DarkChem-31661259.0,(S)-Ureidoglycolic acid,C3H6N2O4,[M+H]+,1.0,135.04,1.0,127.8
3881,AllCCS-32859911.0,(S)-Ureidoglycolic acid,C3H6N2O4,[M+H]+,1.0,135.04,1.0,132.0
3883,DeepCCS-30932474.0,(S)-Ureidoglycolic acid,C3H6N2O4,[M+H]+,1.0,135.04,1.0,123.3
3886,DeepCCS-30932474.0,(S)-Ureidoglycolic acid,C3H6N2O4,[M+Na]+,1.0,157.022,1.0,132.3
3888,AllCCS-32859911.0,(S)-Ureidoglycolic acid,C3H6N2O4,[M+H-H2O]+,1.0,117.0295,1.0,127.9
3889,AllCCS-32859911.0,(S)-Ureidoglycolic acid,C3H6N2O4,[M+NH4]+,1.0,152.0666,1.0,135.8
3890,AllCCS-32859911.0,(S)-Ureidoglycolic acid,C3H6N2O4,[M+Na]+,1.0,157.022,1.0,136.9
3894,DarkChem-31661259.0,Proline,C5H9NO2,[M+H]+,1.0,116.0706,1.0,124.1
3896,AllCCS-32859911.0,Proline,C5H9NO2,[M+H]+,1.0,116.0706,1.0,125.1
3898,DeepCCS-30932474.0,Proline,C5H9NO2,[M+H]+,1.0,116.0706,1.0,119.3
3901,DeepCCS-30932474.0,Proline,C5H9NO2,[M+Na]+,1.0,138.0525,1.0,128.3
3903,AllCCS-32859911.0,Proline,C5H9NO2,[M+H-H2O]+,1.0,98.06,1.0,120.3
3904,AllCCS-32859911.0,Proline,C5H9NO2,[M+NH4]+,1.0,133.0972,1.0,129.5
3905,AllCCS-32859911.0,Proline,C5H9NO2,[M+Na]+,1.0,138.0525,1.0,130.8
3910,DarkChem-31661259.0,cis-2-Methylaconitate,C7H8O6,[M+H]+,1.0,189.0394,1.0,145.2
3912,DeepCCS-30932474.0,cis-2-Methylaconitate,C7H8O6,[M+H]+,1.0,189.0394,1.0,138.7
3915,DeepCCS-30932474.0,cis-2-Methylaconitate,C7H8O6,[M+Na]+,1.0,211.0213,1.0,147.2
3916,AllCCS-32859911.0,cis-2-Methylaconitate,C7H8O6,[M+H]+,1.0,189.0394,1.0,141.2
3917,AllCCS-32859911.0,cis-2-Methylaconitate,C7H8O6,[M+H-H2O]+,1.0,171.0288,1.0,137.4
3918,AllCCS-32859911.0,cis-2-Methylaconitate,C7H8O6,[M+NH4]+,1.0,206.0659,1.0,144.7
3919,AllCCS-32859911.0,cis-2-Methylaconitate,C7H8O6,[M+Na]+,1.0,211.0213,1.0,145.7
3923,DarkChem-31661259.0,Thiamine pyrophosphate,C12H19N4O7P2S,[M+H]+,1.0,426.0522,1.0,192.3
3925,AllCCS-32859911.0,Thiamine pyrophosphate,C12H19N4O7P2S,[M+H]+,1.0,426.0522,1.0,189.4
3927,DeepCCS-30932474.0,Thiamine pyrophosphate,C12H19N4O7P2S,[M+H]+,1.0,426.0522,1.0,156.1
3930,DeepCCS-30932474.0,Thiamine pyrophosphate,C12H19N4O7P2S,[M+Na]+,1.0,448.0342,1.0,163.6
3932,AllCCS-32859911.0,Thiamine pyrophosphate,C12H19N4O7P2S,[M+H-H2O]+,1.0,408.0417,1.0,187.1
3933,AllCCS-32859911.0,Thiamine pyrophosphate,C12H19N4O7P2S,[M+NH4]+,1.0,443.0788,1.0,191.4
3934,AllCCS-32859911.0,Thiamine pyrophosphate,C12H19N4O7P2S,[M+Na]+,1.0,448.0342,1.0,192.0
3938,DarkChem-31661259.0,Hydrogen carbonate,CH2O3,[M+H]+,1.0,63.0077,1.0,108.1
3940,AllCCS-32859911.0,Hydrogen carbonate,CH2O3,[M+H]+,1.0,63.0077,1.0,108.9
3942,DeepCCS-30932474.0,Hydrogen carbonate,CH2O3,[M+H]+,1.0,63.0077,1.0,121.8
3945,DeepCCS-30932474.0,Hydrogen carbonate,CH2O3,[M+Na]+,1.0,84.9896,1.0,130.3
3948,AllCCS-32859911.0,Hydrogen carbonate,CH2O3,[M+NH4]+,1.0,80.0342,1.0,113.1
3949,AllCCS-32859911.0,Hydrogen carbonate,CH2O3,[M+Na]+,1.0,84.9896,1.0,114.3
3953,DarkChem-31661259.0,Gluconic acid,C6H12O7,[M+H]+,1.0,197.0656,1.0,144.3
3955,AllCCS-32859911.0,Gluconic acid,C6H12O7,[M+H]+,1.0,197.0656,1.0,143.9
3957,DeepCCS-30932474.0,Gluconic acid,C6H12O7,[M+H]+,1.0,197.0656,1.0,149.0
3960,DeepCCS-30932474.0,Gluconic acid,C6H12O7,[M+Na]+,1.0,219.0475,1.0,155.0
3962,AllCCS-32859911.0,Gluconic acid,C6H12O7,[M+H-H2O]+,1.0,179.055,1.0,140.2
3963,AllCCS-32859911.0,Gluconic acid,C6H12O7,[M+NH4]+,1.0,214.0921,1.0,147.3
3964,AllCCS-32859911.0,Gluconic acid,C6H12O7,[M+Na]+,1.0,219.0475,1.0,148.3
3968,DarkChem-31661259.0,2-Oxo-3-hydroxy-4-phosphobutanoic acid,C4H7O8P,[M+H]+,1.0,214.9951,1.0,148.0
3970,DeepCCS-30932474.0,2-Oxo-3-hydroxy-4-phosphobutanoic acid,C4H7O8P,[M+H]+,1.0,214.9951,1.0,133.0
3973,DeepCCS-30932474.0,2-Oxo-3-hydroxy-4-phosphobutanoic acid,C4H7O8P,[M+Na]+,1.0,236.9771,1.0,140.9
3974,AllCCS-32859911.0,2-Oxo-3-hydroxy-4-phosphobutanoic acid,C4H7O8P,[M+H]+,1.0,214.9951,1.0,144.9
3975,AllCCS-32859911.0,2-Oxo-3-hydroxy-4-phosphobutanoic acid,C4H7O8P,[M+H-H2O]+,1.0,196.9846,1.0,141.3
3976,AllCCS-32859911.0,2-Oxo-3-hydroxy-4-phosphobutanoic acid,C4H7O8P,[M+NH4]+,1.0,232.0217,1.0,148.3
3977,AllCCS-32859911.0,2-Oxo-3-hydroxy-4-phosphobutanoic acid,C4H7O8P,[M+Na]+,1.0,236.9771,1.0,149.3
3984,DeepCCS-30932474.0,Formic acid,CH2O2,[M+Na]+,1.0,68.9947,1.0,120.8
3986,DarkChem-31661259.0,Leucine,C6H13NO2,[M+H]+,1.0,132.1019,1.0,129.2
3988,AllCCS-32859911.0,Leucine,C6H13NO2,[M+H]+,1.0,132.1019,1.0,132.0
3990,DeepCCS-30932474.0,Leucine,C6H13NO2,[M+H]+,1.0,132.1019,1.0,129.8
3993,DeepCCS-30932474.0,Leucine,C6H13NO2,[M+Na]+,1.0,154.0838,1.0,138.7
3995,AllCCS-32859911.0,Leucine,C6H13NO2,[M+H-H2O]+,1.0,114.0913,1.0,127.9
3996,AllCCS-32859911.0,Leucine,C6H13NO2,[M+NH4]+,1.0,149.1285,1.0,135.8
3997,AllCCS-32859911.0,Leucine,C6H13NO2,[M+Na]+,1.0,154.0838,1.0,136.9
4001,DarkChem-31661259.0,Ketoleucine,C6H10O3,[M+H]+,1.0,131.0703,1.0,129.5
4003,AllCCS-32859911.0,Ketoleucine,C6H10O3,[M+H]+,1.0,131.0703,1.0,130.0
4005,DeepCCS-30932474.0,Ketoleucine,C6H10O3,[M+H]+,1.0,131.0703,1.0,133.6
4008,DeepCCS-30932474.0,Ketoleucine,C6H10O3,[M+Na]+,1.0,153.0522,1.0,142.2
4010,AllCCS-32859911.0,Ketoleucine,C6H10O3,[M+H-H2O]+,1.0,113.0597,1.0,125.9
4011,AllCCS-32859911.0,Ketoleucine,C6H10O3,[M+NH4]+,1.0,148.0968,1.0,133.9
4012,AllCCS-32859911.0,Ketoleucine,C6H10O3,[M+Na]+,1.0,153.0522,1.0,135.0
4016,DarkChem-31661259.0,CDP-ethanolamine,C11H20N4O11P2,[M+H]+,1.0,447.0677,1.0,201.6
4018,AllCCS-32859911.0,CDP-ethanolamine,C11H20N4O11P2,[M+H]+,1.0,447.0677,1.0,190.6
4020,DeepCCS-30932474.0,CDP-ethanolamine,C11H20N4O11P2,[M+H]+,1.0,447.0677,1.0,177.7
4023,DeepCCS-30932474.0,CDP-ethanolamine,C11H20N4O11P2,[M+Na]+,1.0,469.0496,1.0,183.6
4025,AllCCS-32859911.0,CDP-ethanolamine,C11H20N4O11P2,[M+H-H2O]+,1.0,429.0571,1.0,188.5
4026,AllCCS-32859911.0,CDP-ethanolamine,C11H20N4O11P2,[M+NH4]+,1.0,464.0942,1.0,192.5
4027,AllCCS-32859911.0,CDP-ethanolamine,C11H20N4O11P2,[M+Na]+,1.0,469.0496,1.0,193.0
4032,DeepCCS-30932474.0,Thiocyanate,CNS,[M+H]+,1.0,58.9824,1.0,112.8
4035,DeepCCS-30932474.0,Thiocyanate,CNS,[M+Na]+,1.0,80.9644,1.0,119.9
4036,DarkChem-31661259.0,Pyridoxal,C8H9NO3,[M+H]+,1.0,168.0655,1.0,135.7
4038,AllCCS-32859911.0,Pyridoxal,C8H9NO3,[M+H]+,1.0,168.0655,1.0,135.6
4040,DeepCCS-30932474.0,Pyridoxal,C8H9NO3,[M+H]+,1.0,168.0655,1.0,138.6
4043,DeepCCS-30932474.0,Pyridoxal,C8H9NO3,[M+Na]+,1.0,190.0475,1.0,147.8
4045,AllCCS-32859911.0,Pyridoxal,C8H9NO3,[M+H-H2O]+,1.0,150.055,1.0,131.2
4046,AllCCS-32859911.0,Pyridoxal,C8H9NO3,[M+NH4]+,1.0,185.0921,1.0,139.7
4047,AllCCS-32859911.0,Pyridoxal,C8H9NO3,[M+Na]+,1.0,190.0475,1.0,140.9
4051,DarkChem-31661259.0,Phosphohydroxypyruvic acid,C3H5O7P,[M+H]+,1.0,184.9846,1.0,139.1
4055,DeepCCS-30932474.0,Phosphohydroxypyruvic acid,C3H5O7P,[M+H]+,1.0,184.9846,1.0,130.6
4058,DeepCCS-30932474.0,Phosphohydroxypyruvic acid,C3H5O7P,[M+Na]+,1.0,206.9665,1.0,139.6
4060,AllCCS-32859911.0,Phosphohydroxypyruvic acid,C3H5O7P,[M+H-H2O]+,1.0,166.974,1.0,135.2
4061,AllCCS-32859911.0,Phosphohydroxypyruvic acid,C3H5O7P,[M+NH4]+,1.0,202.0111,1.0,142.6
4062,AllCCS-32859911.0,Phosphohydroxypyruvic acid,C3H5O7P,[M+Na]+,1.0,206.9665,1.0,143.6
4066,DarkChem-31661259.0,2-Acetolactate,C5H8O4,[M+H]+,1.0,133.0495,1.0,129.0
4068,DeepCCS-30932474.0,2-Acetolactate,C5H8O4,[M+H]+,1.0,133.0495,1.0,123.2
4071,DeepCCS-30932474.0,2-Acetolactate,C5H8O4,[M+Na]+,1.0,155.0315,1.0,131.8
4072,AllCCS-32859911.0,2-Acetolactate,C5H8O4,[M+H]+,1.0,133.0495,1.0,130.7
4073,AllCCS-32859911.0,2-Acetolactate,C5H8O4,[M+H-H2O]+,1.0,115.039,1.0,126.6
4074,AllCCS-32859911.0,2-Acetolactate,C5H8O4,[M+NH4]+,1.0,150.0761,1.0,134.5
4075,AllCCS-32859911.0,2-Acetolactate,C5H8O4,[M+Na]+,1.0,155.0315,1.0,135.7
4079,DarkChem-31661259.0,Palmitaldehyde,C16H32O,[M+H]+,1.0,241.2526,1.0,164.1
4081,AllCCS-32859911.0,Palmitaldehyde,C16H32O,[M+H]+,1.0,241.2526,1.0,168.7
4083,DeepCCS-30932474.0,Palmitaldehyde,C16H32O,[M+H]+,1.0,241.2526,1.0,166.0
4086,DeepCCS-30932474.0,Palmitaldehyde,C16H32O,[M+Na]+,1.0,263.2345,1.0,175.3
4088,AllCCS-32859911.0,Palmitaldehyde,C16H32O,[M+H-H2O]+,1.0,223.242,1.0,165.5
4089,AllCCS-32859911.0,Palmitaldehyde,C16H32O,[M+NH4]+,1.0,258.2791,1.0,171.7
4090,AllCCS-32859911.0,Palmitaldehyde,C16H32O,[M+Na]+,1.0,263.2345,1.0,172.6
4094,DarkChem-31661259.0,L-Dihydroorotic acid,C5H6N2O4,[M+H]+,1.0,159.04,1.0,136.3
4096,DeepCCS-30932474.0,L-Dihydroorotic acid,C5H6N2O4,[M+H]+,1.0,159.04,1.0,128.5
4099,DeepCCS-30932474.0,L-Dihydroorotic acid,C5H6N2O4,[M+Na]+,1.0,181.022,1.0,137.0
4100,AllCCS-32859911.0,L-Dihydroorotic acid,C5H6N2O4,[M+H]+,1.0,159.04,1.0,134.4
4101,AllCCS-32859911.0,L-Dihydroorotic acid,C5H6N2O4,[M+H-H2O]+,1.0,141.0295,1.0,130.0
4102,AllCCS-32859911.0,L-Dihydroorotic acid,C5H6N2O4,[M+NH4]+,1.0,176.0666,1.0,138.6
4103,AllCCS-32859911.0,L-Dihydroorotic acid,C5H6N2O4,[M+Na]+,1.0,181.022,1.0,139.7
4107,DarkChem-31661259.0,Pyridoxamine 5'-phosphate,C8H13N2O5P,[M+H]+,1.0,249.0635,1.0,156.7
4109,AllCCS-32859911.0,Pyridoxamine 5'-phosphate,C8H13N2O5P,[M+H]+,1.0,249.0635,1.0,154.0
4111,DeepCCS-30932474.0,Pyridoxamine 5'-phosphate,C8H13N2O5P,[M+H]+,1.0,249.0635,1.0,151.2
4114,DeepCCS-30932474.0,Pyridoxamine 5'-phosphate,C8H13N2O5P,[M+Na]+,1.0,271.0454,1.0,157.6
4116,AllCCS-32859911.0,Pyridoxamine 5'-phosphate,C8H13N2O5P,[M+H-H2O]+,1.0,231.0529,1.0,150.3
4117,AllCCS-32859911.0,Pyridoxamine 5'-phosphate,C8H13N2O5P,[M+NH4]+,1.0,266.09,1.0,157.4
4118,AllCCS-32859911.0,Pyridoxamine 5'-phosphate,C8H13N2O5P,[M+Na]+,1.0,271.0454,1.0,158.4
4123,DarkChem-31661259.0,4'-Phosphopantothenoylcysteine,C12H23N2O9PS,[M+H]+,1.0,403.0935,1.0,190.5
4125,AllCCS-32859911.0,4'-Phosphopantothenoylcysteine,C12H23N2O9PS,[M+H]+,1.0,403.0935,1.0,185.1
4127,DeepCCS-30932474.0,4'-Phosphopantothenoylcysteine,C12H23N2O9PS,[M+H]+,1.0,403.0935,1.0,191.9
4130,DeepCCS-30932474.0,4'-Phosphopantothenoylcysteine,C12H23N2O9PS,[M+Na]+,1.0,425.0754,1.0,199.1
4132,AllCCS-32859911.0,4'-Phosphopantothenoylcysteine,C12H23N2O9PS,[M+H-H2O]+,1.0,385.0829,1.0,183.0
4133,AllCCS-32859911.0,4'-Phosphopantothenoylcysteine,C12H23N2O9PS,[M+NH4]+,1.0,420.12,1.0,186.9
4134,AllCCS-32859911.0,4'-Phosphopantothenoylcysteine,C12H23N2O9PS,[M+Na]+,1.0,425.0754,1.0,187.5
4138,DarkChem-31661259.0,Porphobilinogen,C10H14N2O4,[M+H]+,1.0,227.1026,1.0,152.1
4140,AllCCS-32859911.0,Porphobilinogen,C10H14N2O4,[M+H]+,1.0,227.1026,1.0,150.3
4142,DeepCCS-30932474.0,Porphobilinogen,C10H14N2O4,[M+H]+,1.0,227.1026,1.0,148.1
4145,DeepCCS-30932474.0,Porphobilinogen,C10H14N2O4,[M+Na]+,1.0,249.0846,1.0,155.1
4147,AllCCS-32859911.0,Porphobilinogen,C10H14N2O4,[M+H-H2O]+,1.0,209.0921,1.0,146.6
4148,AllCCS-32859911.0,Porphobilinogen,C10H14N2O4,[M+NH4]+,1.0,244.1292,1.0,153.8
4149,AllCCS-32859911.0,Porphobilinogen,C10H14N2O4,[M+Na]+,1.0,249.0846,1.0,154.8
4153,DarkChem-31661259.0,Phosphoribosyl pyrophosphate,C5H13O14P3,[M+H]+,1.0,390.9591,1.0,182.1
4155,AllCCS-32859911.0,Phosphoribosyl pyrophosphate,C5H13O14P3,[M+H]+,1.0,390.9591,1.0,176.8
4157,DeepCCS-30932474.0,Phosphoribosyl pyrophosphate,C5H13O14P3,[M+H]+,1.0,390.9591,1.0,154.8
4160,DeepCCS-30932474.0,Phosphoribosyl pyrophosphate,C5H13O14P3,[M+Na]+,1.0,412.941,1.0,162.7
4162,AllCCS-32859911.0,Phosphoribosyl pyrophosphate,C5H13O14P3,[M+H-H2O]+,1.0,372.9485,1.0,174.2
4163,AllCCS-32859911.0,Phosphoribosyl pyrophosphate,C5H13O14P3,[M+NH4]+,1.0,407.9856,1.0,179.2
4164,AllCCS-32859911.0,Phosphoribosyl pyrophosphate,C5H13O14P3,[M+Na]+,1.0,412.941,1.0,179.9
4168,DarkChem-31661259.0,(R)-5-Diphosphomevalonic acid,C6H14O10P2,[M+H]+,1.0,309.0135,1.0,167.8
4170,AllCCS-32859911.0,(R)-5-Diphosphomevalonic acid,C6H14O10P2,[M+H]+,1.0,309.0135,1.0,164.5
4172,DeepCCS-30932474.0,(R)-5-Diphosphomevalonic acid,C6H14O10P2,[M+H]+,1.0,309.0135,1.0,148.5
4175,DeepCCS-30932474.0,(R)-5-Diphosphomevalonic acid,C6H14O10P2,[M+Na]+,1.0,330.9954,1.0,154.4
4177,AllCCS-32859911.0,(R)-5-Diphosphomevalonic acid,C6H14O10P2,[M+H-H2O]+,1.0,291.0029,1.0,161.5
4178,AllCCS-32859911.0,(R)-5-Diphosphomevalonic acid,C6H14O10P2,[M+NH4]+,1.0,326.04,1.0,167.3
4179,AllCCS-32859911.0,(R)-5-Diphosphomevalonic acid,C6H14O10P2,[M+Na]+,1.0,330.9954,1.0,168.1
4183,DarkChem-31661259.0,Farnesol,C15H26O,[M+H]+,1.0,223.2056,1.0,157.0
4185,DeepCCS-30932474.0,Farnesol,C15H26O,[M+H]+,1.0,223.2056,1.0,157.2
4188,DeepCCS-30932474.0,Farnesol,C15H26O,[M+Na]+,1.0,245.1876,1.0,164.1
4189,AllCCS-32859911.0,Farnesol,C15H26O,[M+H]+,1.0,223.2056,1.0,159.0
4190,AllCCS-32859911.0,Farnesol,C15H26O,[M+H-H2O]+,1.0,205.1951,1.0,155.4
4191,AllCCS-32859911.0,Farnesol,C15H26O,[M+NH4]+,1.0,240.2322,1.0,162.3
4192,AllCCS-32859911.0,Farnesol,C15H26O,[M+Na]+,1.0,245.1876,1.0,163.2
4196,DarkChem-31661259.0,Orotic acid,C5H4N2O4,[M+H]+,1.0,157.0244,1.0,133.4
4198,AllCCS-32859911.0,Orotic acid,C5H4N2O4,[M+H]+,1.0,157.0244,1.0,133.1
4200,DeepCCS-30932474.0,Orotic acid,C5H4N2O4,[M+H]+,1.0,157.0244,1.0,130.0
4203,DeepCCS-30932474.0,Orotic acid,C5H4N2O4,[M+Na]+,1.0,179.0063,1.0,139.0
4205,AllCCS-32859911.0,Orotic acid,C5H4N2O4,[M+H-H2O]+,1.0,139.0138,1.0,128.6
4206,AllCCS-32859911.0,Orotic acid,C5H4N2O4,[M+NH4]+,1.0,174.0509,1.0,137.3
4207,AllCCS-32859911.0,Orotic acid,C5H4N2O4,[M+Na]+,1.0,179.0063,1.0,138.5
4211,DarkChem-31661259.0,Cytidine monophosphate,C9H14N3O8P,[M+H]+,1.0,324.0591,1.0,170.0
4213,AllCCS-32859911.0,Cytidine monophosphate,C9H14N3O8P,[M+H]+,1.0,324.0591,1.0,169.3
4215,DeepCCS-30932474.0,Cytidine monophosphate,C9H14N3O8P,[M+H]+,1.0,324.0591,1.0,161.2
4216,DeepCCS-30932474.0,Cytidine monophosphate,C9H14N3O8P,[M+H]+,1.0,324.0591,1.0,157.0
4220,DeepCCS-30932474.0,Cytidine monophosphate,C9H14N3O8P,[M+Na]+,1.0,346.0411,1.0,168.6
4222,DeepCCS-30932474.0,Cytidine monophosphate,C9H14N3O8P,[M+Na]+,1.0,346.0411,1.0,163.3
4224,AllCCS-32859911.0,Cytidine monophosphate,C9H14N3O8P,[M+H-H2O]+,1.0,306.0486,1.0,166.3
4225,AllCCS-32859911.0,Cytidine monophosphate,C9H14N3O8P,[M+NH4]+,1.0,341.0857,1.0,172.2
4226,AllCCS-32859911.0,Cytidine monophosphate,C9H14N3O8P,[M+Na]+,1.0,346.0411,1.0,173.0
4230,DarkChem-31661259.0,Pyridoxine 5'-phosphate,C8H12NO6P,[M+H]+,1.0,250.0475,1.0,157.0
4232,AllCCS-32859911.0,Pyridoxine 5'-phosphate,C8H12NO6P,[M+H]+,1.0,250.0475,1.0,153.7
4234,DeepCCS-30932474.0,Pyridoxine 5'-phosphate,C8H12NO6P,[M+H]+,1.0,250.0475,1.0,151.2
4237,DeepCCS-30932474.0,Pyridoxine 5'-phosphate,C8H12NO6P,[M+Na]+,1.0,272.0294,1.0,157.8
4239,AllCCS-32859911.0,Pyridoxine 5'-phosphate,C8H12NO6P,[M+H-H2O]+,1.0,232.0369,1.0,149.9
4240,AllCCS-32859911.0,Pyridoxine 5'-phosphate,C8H12NO6P,[M+NH4]+,1.0,267.074,1.0,157.1
4241,AllCCS-32859911.0,Pyridoxine 5'-phosphate,C8H12NO6P,[M+Na]+,1.0,272.0294,1.0,158.1
4245,DarkChem-31661259.0,"(2R,3R)-2,3-Butanediol",C4H10O2,[M+H]+,1.0,91.0754,1.0,118.0
4247,DeepCCS-30932474.0,"(2R,3R)-2,3-Butanediol",C4H10O2,[M+H]+,1.0,91.0754,1.0,125.4
4250,DeepCCS-30932474.0,"(2R,3R)-2,3-Butanediol",C4H10O2,[M+Na]+,1.0,113.0573,1.0,133.7
4251,AllCCS-32859911.0,"(2R,3R)-2,3-Butanediol",C4H10O2,[M+H]+,1.0,91.0754,1.0,126.3
4252,AllCCS-32859911.0,"(2R,3R)-2,3-Butanediol",C4H10O2,[M+H-H2O]+,1.0,73.0648,1.0,122.0
4253,AllCCS-32859911.0,"(2R,3R)-2,3-Butanediol",C4H10O2,[M+NH4]+,1.0,108.1019,1.0,130.4
4254,AllCCS-32859911.0,"(2R,3R)-2,3-Butanediol",C4H10O2,[M+Na]+,1.0,113.0573,1.0,131.6
4259,DeepCCS-30932474.0,Phosphoribosylformimino-AICAR-P,C15H25N5O15P2,[M+H]+,1.0,578.0895,1.0,201.4
4262,DeepCCS-30932474.0,Phosphoribosylformimino-AICAR-P,C15H25N5O15P2,[M+Na]+,1.0,600.0715,1.0,207.2
4263,AllCCS-32859911.0,Phosphoribosylformimino-AICAR-P,C15H25N5O15P2,[M+H]+,1.0,578.0895,1.0,214.9
4264,AllCCS-32859911.0,Phosphoribosylformimino-AICAR-P,C15H25N5O15P2,[M+H-H2O]+,1.0,560.0789,1.0,213.6
4265,AllCCS-32859911.0,Phosphoribosylformimino-AICAR-P,C15H25N5O15P2,[M+NH4]+,1.0,595.1161,1.0,216.0
4266,AllCCS-32859911.0,Phosphoribosylformimino-AICAR-P,C15H25N5O15P2,[M+Na]+,1.0,600.0715,1.0,216.3
4270,DarkChem-31661259.0,2-Oxo-4-methylthiobutanoic acid,C5H8O3S,[M+H]+,1.0,149.0267,1.0,131.4
4272,AllCCS-32859911.0,2-Oxo-4-methylthiobutanoic acid,C5H8O3S,[M+H]+,1.0,149.0267,1.0,131.9
4274,DeepCCS-30932474.0,2-Oxo-4-methylthiobutanoic acid,C5H8O3S,[M+H]+,1.0,149.0267,1.0,131.0
4277,DeepCCS-30932474.0,2-Oxo-4-methylthiobutanoic acid,C5H8O3S,[M+Na]+,1.0,171.0086,1.0,139.5
4279,AllCCS-32859911.0,2-Oxo-4-methylthiobutanoic acid,C5H8O3S,[M+H-H2O]+,1.0,131.0161,1.0,128.0
4280,AllCCS-32859911.0,2-Oxo-4-methylthiobutanoic acid,C5H8O3S,[M+NH4]+,1.0,166.0532,1.0,135.6
4281,AllCCS-32859911.0,2-Oxo-4-methylthiobutanoic acid,C5H8O3S,[M+Na]+,1.0,171.0086,1.0,136.7
4289,AllCCS-32859911.0,"2,5-diamino-6-(5-phospho-D-ribitylamino)pyrimidin-4(3H)-one",C9H18N5O8P,[M+H]+,1.0,356.0966,1.0,175.5
4290,AllCCS-32859911.0,"2,5-diamino-6-(5-phospho-D-ribitylamino)pyrimidin-4(3H)-one",C9H18N5O8P,[M+H-H2O]+,1.0,338.086,1.0,172.8
4291,AllCCS-32859911.0,"2,5-diamino-6-(5-phospho-D-ribitylamino)pyrimidin-4(3H)-one",C9H18N5O8P,[M+Na]+,1.0,378.0785,1.0,178.8
4292,AllCCS-32859911.0,"2,5-diamino-6-(5-phospho-D-ribitylamino)pyrimidin-4(3H)-one",C9H18N5O8P,[M+NH4]+,1.0,373.1231,1.0,178.1
4296,DeepCCS-30932474.0,"2,5-diamino-6-(5-phospho-D-ribitylamino)pyrimidin-4(3H)-one",C9H18N5O8P,[M+H]+,1.0,356.0966,1.0,167.7
4299,DeepCCS-30932474.0,"2,5-diamino-6-(5-phospho-D-ribitylamino)pyrimidin-4(3H)-one",C9H18N5O8P,[M+Na]+,1.0,378.0785,1.0,176.3
4300,DeepCCS-30932474.0,5-Amino-6-(5'-phosphoribitylamino)uracil,C9H17N4O9P,[M+H]+,1.0,357.0806,1.0,176.0
4303,DeepCCS-30932474.0,5-Amino-6-(5'-phosphoribitylamino)uracil,C9H17N4O9P,[M+Na]+,1.0,379.0625,1.0,184.6
4304,AllCCS-32859911.0,5-Amino-6-(5'-phosphoribitylamino)uracil,C9H17N4O9P,[M+H]+,1.0,357.0806,1.0,174.8
4305,AllCCS-32859911.0,5-Amino-6-(5'-phosphoribitylamino)uracil,C9H17N4O9P,[M+H-H2O]+,1.0,339.07,1.0,172.1
4306,AllCCS-32859911.0,5-Amino-6-(5'-phosphoribitylamino)uracil,C9H17N4O9P,[M+NH4]+,1.0,374.1071,1.0,177.3
4307,AllCCS-32859911.0,5-Amino-6-(5'-phosphoribitylamino)uracil,C9H17N4O9P,[M+Na]+,1.0,379.0625,1.0,178.1
4311,DeepCCS-30932474.0,NADPH,C21H30N7O17P3,[M+H]+,1.0,746.0984,1.0,221.2
4314,DeepCCS-30932474.0,NADPH,C21H30N7O17P3,[M+Na]+,1.0,768.0803,1.0,226.8
4315,AllCCS-32859911.0,NADPH,C21H30N7O17P3,[M+H]+,1.0,746.0984,1.0,237.9
4316,AllCCS-32859911.0,NADPH,C21H30N7O17P3,[M+H-H2O]+,1.0,728.0878,1.0,237.6
4317,AllCCS-32859911.0,NADPH,C21H30N7O17P3,[M+NH4]+,1.0,763.1249,1.0,238.0
4318,AllCCS-32859911.0,NADPH,C21H30N7O17P3,[M+Na]+,1.0,768.0803,1.0,238.0
4337,DeepCCS-30932474.0,"2-Hexaprenyl-3-methyl-6-methoxy-1,4 benzoquinone",C38H56O3,[M+H]+,1.0,561.4302,1.0,247.0
4340,DeepCCS-30932474.0,"2-Hexaprenyl-3-methyl-6-methoxy-1,4 benzoquinone",C38H56O3,[M+Na]+,1.0,583.4122,1.0,252.9
4341,AllCCS-32859911.0,"2-Hexaprenyl-3-methyl-6-methoxy-1,4 benzoquinone",C38H56O3,[M+H]+,1.0,561.4302,1.0,247.4
4342,AllCCS-32859911.0,"2-Hexaprenyl-3-methyl-6-methoxy-1,4 benzoquinone",C38H56O3,[M+H-H2O]+,1.0,543.4197,1.0,245.9
4343,AllCCS-32859911.0,"2-Hexaprenyl-3-methyl-6-methoxy-1,4 benzoquinone",C38H56O3,[M+NH4]+,1.0,578.4568,1.0,248.8
4344,AllCCS-32859911.0,"2-Hexaprenyl-3-methyl-6-methoxy-1,4 benzoquinone",C38H56O3,[M+Na]+,1.0,583.4122,1.0,249.2
4348,DarkChem-31661259.0,S-Adenosylmethionine,C15H23N6O5S,[M+H]+,1.0,400.1523,1.0,189.7
4350,AllCCS-32859911.0,S-Adenosylmethionine,C15H23N6O5S,[M+H]+,1.0,400.1523,1.0,188.7
4352,DeepCCS-30932474.0,S-Adenosylmethionine,C15H23N6O5S,[M+H]+,1.0,400.1523,1.0,180.5
4355,DeepCCS-30932474.0,S-Adenosylmethionine,C15H23N6O5S,[M+Na]+,1.0,422.1343,1.0,186.6
4357,AllCCS-32859911.0,S-Adenosylmethionine,C15H23N6O5S,[M+H-H2O]+,1.0,382.1418,1.0,186.6
4358,AllCCS-32859911.0,S-Adenosylmethionine,C15H23N6O5S,[M+NH4]+,1.0,417.1789,1.0,190.7
4359,AllCCS-32859911.0,S-Adenosylmethionine,C15H23N6O5S,[M+Na]+,1.0,422.1343,1.0,191.3
4363,DarkChem-31661259.0,2-Hexaprenyl-6-methoxyphenol,C37H56O2,[M+H]+,1.0,533.4353,1.0,226.7
4365,DeepCCS-30932474.0,2-Hexaprenyl-6-methoxyphenol,C37H56O2,[M+H]+,1.0,533.4353,1.0,238.5
4368,DeepCCS-30932474.0,2-Hexaprenyl-6-methoxyphenol,C37H56O2,[M+Na]+,1.0,555.4172,1.0,244.4
4369,AllCCS-32859911.0,2-Hexaprenyl-6-methoxyphenol,C37H56O2,[M+H]+,1.0,533.4353,1.0,241.6
4370,AllCCS-32859911.0,2-Hexaprenyl-6-methoxyphenol,C37H56O2,[M+H-H2O]+,1.0,515.4247,1.0,240.0
4371,AllCCS-32859911.0,2-Hexaprenyl-6-methoxyphenol,C37H56O2,[M+NH4]+,1.0,550.4619,1.0,243.0
4372,AllCCS-32859911.0,2-Hexaprenyl-6-methoxyphenol,C37H56O2,[M+Na]+,1.0,555.4172,1.0,243.5
4377,DarkChem-31661259.0,Isopropylmaleic acid,C7H10O4,[M+H]+,1.0,159.0652,1.0,136.0
4379,DeepCCS-30932474.0,Isopropylmaleic acid,C7H10O4,[M+H]+,1.0,159.0652,1.0,132.6
4382,DeepCCS-30932474.0,Isopropylmaleic acid,C7H10O4,[M+Na]+,1.0,181.0471,1.0,141.9
4383,AllCCS-32859911.0,Isopropylmaleic acid,C7H10O4,[M+H]+,1.0,159.0652,1.0,135.7
4384,AllCCS-32859911.0,Isopropylmaleic acid,C7H10O4,[M+H-H2O]+,1.0,141.0546,1.0,131.7
4385,AllCCS-32859911.0,Isopropylmaleic acid,C7H10O4,[M+NH4]+,1.0,176.0917,1.0,139.4
4386,AllCCS-32859911.0,Isopropylmaleic acid,C7H10O4,[M+Na]+,1.0,181.0471,1.0,140.5
4390,DeepCCS-30932474.0,Propionyl-CoA,C24H40N7O17P3S,[M+H]+,1.0,824.1487,1.0,176.8
4393,DeepCCS-30932474.0,Propionyl-CoA,C24H40N7O17P3S,[M+Na]+,1.0,846.1306,1.0,184.1
4394,AllCCS-32859911.0,Propionyl-CoA,C24H40N7O17P3S,[M+H]+,1.0,824.1487,1.0,253.1
4395,AllCCS-32859911.0,Propionyl-CoA,C24H40N7O17P3S,[M+H-H2O]+,1.0,806.1381,1.0,253.4
4396,AllCCS-32859911.0,Propionyl-CoA,C24H40N7O17P3S,[M+NH4]+,1.0,841.1752,1.0,252.8
4397,AllCCS-32859911.0,Propionyl-CoA,C24H40N7O17P3S,[M+Na]+,1.0,846.1306,1.0,252.7
4401,DarkChem-31661259.0,2-Isopropyl-3-oxosuccinate,C7H10O5,[M+H]+,1.0,175.0601,1.0,140.2
4403,DeepCCS-30932474.0,2-Isopropyl-3-oxosuccinate,C7H10O5,[M+H]+,1.0,175.0601,1.0,135.3
4406,DeepCCS-30932474.0,2-Isopropyl-3-oxosuccinate,C7H10O5,[M+Na]+,1.0,197.042,1.0,144.2
4407,AllCCS-32859911.0,2-Isopropyl-3-oxosuccinate,C7H10O5,[M+H]+,1.0,175.0601,1.0,138.1
4408,AllCCS-32859911.0,2-Isopropyl-3-oxosuccinate,C7H10O5,[M+H-H2O]+,1.0,157.0495,1.0,134.2
4409,AllCCS-32859911.0,2-Isopropyl-3-oxosuccinate,C7H10O5,[M+NH4]+,1.0,192.0866,1.0,141.6
4410,AllCCS-32859911.0,2-Isopropyl-3-oxosuccinate,C7H10O5,[M+Na]+,1.0,197.042,1.0,142.6
4414,DarkChem-31661259.0,Deoxyadenosine monophosphate,C10H14N5O6P,[M+H]+,1.0,332.0754,1.0,172.2
4416,AllCCS-32859911.0,Deoxyadenosine monophosphate,C10H14N5O6P,[M+H]+,1.0,332.0754,1.0,172.0
4418,DeepCCS-30932474.0,Deoxyadenosine monophosphate,C10H14N5O6P,[M+H]+,1.0,332.0754,1.0,161.4
4421,DeepCCS-30932474.0,Deoxyadenosine monophosphate,C10H14N5O6P,[M+Na]+,1.0,354.0574,1.0,167.6
4423,AllCCS-32859911.0,Deoxyadenosine monophosphate,C10H14N5O6P,[M+H-H2O]+,1.0,314.0649,1.0,169.0
4424,AllCCS-32859911.0,Deoxyadenosine monophosphate,C10H14N5O6P,[M+NH4]+,1.0,349.102,1.0,174.8
4425,AllCCS-32859911.0,Deoxyadenosine monophosphate,C10H14N5O6P,[M+Na]+,1.0,354.0574,1.0,175.6
4431,DarkChem-31661259.0,Cyclic GMP,C10H12N5O7P,[M+H]+,1.0,346.0547,1.0,177.0
4433,AllCCS-32859911.0,Cyclic GMP,C10H12N5O7P,[M+H]+,1.0,346.0547,1.0,174.1
4435,DeepCCS-30932474.0,Cyclic GMP,C10H12N5O7P,[M+H]+,1.0,346.0547,1.0,174.9
4438,DeepCCS-30932474.0,Cyclic GMP,C10H12N5O7P,[M+Na]+,1.0,368.0367,1.0,183.0
4440,AllCCS-32859911.0,Cyclic GMP,C10H12N5O7P,[M+H-H2O]+,1.0,328.0441,1.0,171.1
4441,AllCCS-32859911.0,Cyclic GMP,C10H12N5O7P,[M+NH4]+,1.0,363.0813,1.0,176.9
4442,AllCCS-32859911.0,Cyclic GMP,C10H12N5O7P,[M+Na]+,1.0,368.0367,1.0,177.7
4447,AllCCS-32859911.0,1-deoxy-L-glycero-tetrulose 4-phosphate,C4H9O6P,[M+H]+,1.0,185.021,1.0,140.5
4448,AllCCS-32859911.0,1-deoxy-L-glycero-tetrulose 4-phosphate,C4H9O6P,[M+H-H2O]+,1.0,167.0104,1.0,136.7
4449,AllCCS-32859911.0,1-deoxy-L-glycero-tetrulose 4-phosphate,C4H9O6P,[M+Na]+,1.0,207.0029,1.0,145.1
4450,AllCCS-32859911.0,1-deoxy-L-glycero-tetrulose 4-phosphate,C4H9O6P,[M+NH4]+,1.0,202.0475,1.0,144.1
4454,DeepCCS-30932474.0,1-deoxy-L-glycero-tetrulose 4-phosphate,C4H9O6P,[M+H]+,1.0,185.021,1.0,127.8
4457,DeepCCS-30932474.0,1-deoxy-L-glycero-tetrulose 4-phosphate,C4H9O6P,[M+Na]+,1.0,207.0029,1.0,136.6
4458,DarkChem-31661259.0,Hydroxyphenyllactic acid,C9H10O4,[M+H]+,1.0,183.0652,1.0,141.3
4460,AllCCS-32859911.0,Hydroxyphenyllactic acid,C9H10O4,[M+H]+,1.0,183.0652,1.0,140.2
4462,DeepCCS-30932474.0,Hydroxyphenyllactic acid,C9H10O4,[M+H]+,1.0,183.0652,1.0,134.3
4465,DeepCCS-30932474.0,Hydroxyphenyllactic acid,C9H10O4,[M+Na]+,1.0,205.0471,1.0,143.4
4467,AllCCS-32859911.0,Hydroxyphenyllactic acid,C9H10O4,[M+H-H2O]+,1.0,165.0546,1.0,136.0
4468,AllCCS-32859911.0,Hydroxyphenyllactic acid,C9H10O4,[M+NH4]+,1.0,200.0917,1.0,144.2
4469,AllCCS-32859911.0,Hydroxyphenyllactic acid,C9H10O4,[M+Na]+,1.0,205.0471,1.0,145.3
4473,DarkChem-31661259.0,3-Hexaprenyl-4-hydroxybenzoic acid,C37H54O3,[M+H]+,1.0,547.4146,1.0,233.7
4475,DeepCCS-30932474.0,3-Hexaprenyl-4-hydroxybenzoic acid,C37H54O3,[M+H]+,1.0,547.4146,1.0,231.5
4478,DeepCCS-30932474.0,3-Hexaprenyl-4-hydroxybenzoic acid,C37H54O3,[M+Na]+,1.0,569.3965,1.0,237.4
4479,AllCCS-32859911.0,3-Hexaprenyl-4-hydroxybenzoic acid,C37H54O3,[M+H]+,1.0,547.4146,1.0,243.6
4480,AllCCS-32859911.0,3-Hexaprenyl-4-hydroxybenzoic acid,C37H54O3,[M+H-H2O]+,1.0,529.404,1.0,242.0
4481,AllCCS-32859911.0,3-Hexaprenyl-4-hydroxybenzoic acid,C37H54O3,[M+NH4]+,1.0,564.4411,1.0,245.0
4482,AllCCS-32859911.0,3-Hexaprenyl-4-hydroxybenzoic acid,C37H54O3,[M+Na]+,1.0,569.3965,1.0,245.4
4486,AllCCS-32859911.0,"3-Hexaprenyl-4,5-Dihydroxybenzoic acid",C37H54O4,[M+H]+,1.0,563.4095,1.0,245.8
4488,DeepCCS-30932474.0,"3-Hexaprenyl-4,5-Dihydroxybenzoic acid",C37H54O4,[M+H]+,1.0,563.4095,1.0,234.9
4491,DeepCCS-30932474.0,"3-Hexaprenyl-4,5-Dihydroxybenzoic acid",C37H54O4,[M+Na]+,1.0,585.3914,1.0,240.8
4493,AllCCS-32859911.0,"3-Hexaprenyl-4,5-Dihydroxybenzoic acid",C37H54O4,[M+H-H2O]+,1.0,545.3989,1.0,244.3
4494,AllCCS-32859911.0,"3-Hexaprenyl-4,5-Dihydroxybenzoic acid",C37H54O4,[M+NH4]+,1.0,580.436,1.0,247.2
4495,AllCCS-32859911.0,"3-Hexaprenyl-4,5-Dihydroxybenzoic acid",C37H54O4,[M+Na]+,1.0,585.3914,1.0,247.6
4499,DarkChem-31661259.0,3-Hexaprenyl-4-hydroxy-5-methoxybenzoic acid,C38H56O4,[M+H]+,1.0,577.4251,1.0,238.9
4501,AllCCS-32859911.0,3-Hexaprenyl-4-hydroxy-5-methoxybenzoic acid,C38H56O4,[M+H]+,1.0,577.4251,1.0,248.1
4503,DeepCCS-30932474.0,3-Hexaprenyl-4-hydroxy-5-methoxybenzoic acid,C38H56O4,[M+H]+,1.0,577.4251,1.0,243.3
4506,DeepCCS-30932474.0,3-Hexaprenyl-4-hydroxy-5-methoxybenzoic acid,C38H56O4,[M+Na]+,1.0,599.4071,1.0,249.2
4508,AllCCS-32859911.0,3-Hexaprenyl-4-hydroxy-5-methoxybenzoic acid,C38H56O4,[M+H-H2O]+,1.0,559.4146,1.0,246.6
4509,AllCCS-32859911.0,3-Hexaprenyl-4-hydroxy-5-methoxybenzoic acid,C38H56O4,[M+NH4]+,1.0,594.4517,1.0,249.4
4510,AllCCS-32859911.0,3-Hexaprenyl-4-hydroxy-5-methoxybenzoic acid,C38H56O4,[M+Na]+,1.0,599.4071,1.0,249.8
4529,DeepCCS-30932474.0,3-Oxotetradecanoyl-CoA,C35H60N7O18P3S,[M+H]+,1.0,992.3001,1.0,228.4
4532,DeepCCS-30932474.0,3-Oxotetradecanoyl-CoA,C35H60N7O18P3S,[M+Na]+,1.0,1014.2821,1.0,235.1
4533,AllCCS-32859911.0,3-Oxotetradecanoyl-CoA,C35H60N7O18P3S,[M+H]+,1.0,992.3001,1.0,286.8
4534,AllCCS-32859911.0,3-Oxotetradecanoyl-CoA,C35H60N7O18P3S,[M+H-H2O]+,1.0,974.2895,1.0,287.5
4535,AllCCS-32859911.0,3-Oxotetradecanoyl-CoA,C35H60N7O18P3S,[M+NH4]+,1.0,1009.3267,1.0,286.2
4536,AllCCS-32859911.0,3-Oxotetradecanoyl-CoA,C35H60N7O18P3S,[M+Na]+,1.0,1014.2821,1.0,286.0
4543,DarkChem-31661259.0,(±)-2-Methylbutanal,C5H10O,[M+H]+,1.0,87.0804,1.0,117.2
4545,DeepCCS-30932474.0,(±)-2-Methylbutanal,C5H10O,[M+H]+,1.0,87.0804,1.0,127.3
4548,DeepCCS-30932474.0,(±)-2-Methylbutanal,C5H10O,[M+Na]+,1.0,109.0624,1.0,135.5
4549,AllCCS-32859911.0,(±)-2-Methylbutanal,C5H10O,[M+H]+,1.0,87.0804,1.0,122.8
4550,AllCCS-32859911.0,(±)-2-Methylbutanal,C5H10O,[M+H-H2O]+,1.0,69.0699,1.0,118.3
4551,AllCCS-32859911.0,(±)-2-Methylbutanal,C5H10O,[M+NH4]+,1.0,104.107,1.0,127.0
4552,AllCCS-32859911.0,(±)-2-Methylbutanal,C5H10O,[M+Na]+,1.0,109.0624,1.0,128.2
4556,DarkChem-31661259.0,4-Acetamidobutanoic acid,C6H11NO3,[M+H]+,1.0,146.0812,1.0,130.9
4558,DeepCCS-30932474.0,4-Acetamidobutanoic acid,C6H11NO3,[M+H]+,1.0,146.0812,1.0,129.2
4561,DeepCCS-30932474.0,4-Acetamidobutanoic acid,C6H11NO3,[M+Na]+,1.0,168.0631,1.0,137.8
4562,AllCCS-32859911.0,4-Acetamidobutanoic acid,C6H11NO3,[M+H]+,1.0,146.0812,1.0,133.3
4563,AllCCS-32859911.0,4-Acetamidobutanoic acid,C6H11NO3,[M+H-H2O]+,1.0,128.0706,1.0,129.3
4564,AllCCS-32859911.0,4-Acetamidobutanoic acid,C6H11NO3,[M+NH4]+,1.0,163.1077,1.0,137.0
4565,AllCCS-32859911.0,4-Acetamidobutanoic acid,C6H11NO3,[M+Na]+,1.0,168.0631,1.0,138.1
4570,DarkChem-31661259.0,p-Aminobenzoic acid,C7H7NO2,[M+H]+,1.0,138.055,1.0,129.2
4572,AllCCS-32859911.0,p-Aminobenzoic acid,C7H7NO2,[M+H]+,1.0,138.055,1.0,129.6
4574,DeepCCS-30932474.0,p-Aminobenzoic acid,C7H7NO2,[M+H]+,1.0,138.055,1.0,125.1
4577,DeepCCS-30932474.0,p-Aminobenzoic acid,C7H7NO2,[M+Na]+,1.0,160.0369,1.0,133.9
4578,AllCCS-32859911.0,p-Aminobenzoic acid,C7H7NO2,[M+H]+,1.0,138.055,1.0,129.5
4579,AllCCS-32859911.0,p-Aminobenzoic acid,C7H7NO2,[M+H-H2O]+,1.0,120.0444,1.0,124.9
4580,AllCCS-32859911.0,p-Aminobenzoic acid,C7H7NO2,[M+NH4]+,1.0,155.0815,1.0,133.9
4581,AllCCS-32859911.0,p-Aminobenzoic acid,C7H7NO2,[M+Na]+,1.0,160.0369,1.0,135.1
4586,DarkChem-31661259.0,4-Hydroxybenzoic acid,C7H6O3,[M+H]+,1.0,139.039,1.0,129.1
4588,AllCCS-32859911.0,4-Hydroxybenzoic acid,C7H6O3,[M+H]+,1.0,139.039,1.0,129.0
4590,DeepCCS-30932474.0,4-Hydroxybenzoic acid,C7H6O3,[M+H]+,1.0,139.039,1.0,129.7
4593,DeepCCS-30932474.0,4-Hydroxybenzoic acid,C7H6O3,[M+Na]+,1.0,161.0209,1.0,139.0
4595,AllCCS-32859911.0,4-Hydroxybenzoic acid,C7H6O3,[M+H-H2O]+,1.0,121.0284,1.0,124.3
4596,AllCCS-32859911.0,4-Hydroxybenzoic acid,C7H6O3,[M+NH4]+,1.0,156.0655,1.0,133.3
4597,AllCCS-32859911.0,4-Hydroxybenzoic acid,C7H6O3,[M+Na]+,1.0,161.0209,1.0,134.6
4603,DeepCCS-30932474.0,4-Hydroxycinnamic acid,C9H8O3,[M+H]+,1.0,165.0546,1.0,133.5
4606,DeepCCS-30932474.0,4-Hydroxycinnamic acid,C9H8O3,[M+Na]+,1.0,187.0366,1.0,141.7
4607,AllCCS-32859911.0,4-Hydroxycinnamic acid,C9H8O3,[M+H]+,1.0,165.0546,1.0,134.5
4608,AllCCS-32859911.0,4-Hydroxycinnamic acid,C9H8O3,[M+H-H2O]+,1.0,147.0441,1.0,130.1
4609,AllCCS-32859911.0,4-Hydroxycinnamic acid,C9H8O3,[M+NH4]+,1.0,182.0812,1.0,138.6
4610,AllCCS-32859911.0,4-Hydroxycinnamic acid,C9H8O3,[M+Na]+,1.0,187.0366,1.0,139.7
4614,DarkChem-31661259.0,Isovaleraldehyde,C5H10O,[M+H]+,1.0,87.0804,1.0,116.7
4616,DeepCCS-30932474.0,Isovaleraldehyde,C5H10O,[M+H]+,1.0,87.0804,1.0,129.4
4619,DeepCCS-30932474.0,Isovaleraldehyde,C5H10O,[M+Na]+,1.0,109.0624,1.0,137.9
4620,AllCCS-32859911.0,Isovaleraldehyde,C5H10O,[M+H]+,1.0,87.0804,1.0,121.7
4621,AllCCS-32859911.0,Isovaleraldehyde,C5H10O,[M+H-H2O]+,1.0,69.0699,1.0,117.3
4622,AllCCS-32859911.0,Isovaleraldehyde,C5H10O,[M+NH4]+,1.0,104.107,1.0,125.8
4623,AllCCS-32859911.0,Isovaleraldehyde,C5H10O,[M+Na]+,1.0,109.0624,1.0,127.0
4627,DeepCCS-30932474.0,myo-Inositol hexakisphosphate,C6H18O24P6,[M+H]+,1.0,660.8686,1.0,174.3
4630,DeepCCS-30932474.0,myo-Inositol hexakisphosphate,C6H18O24P6,[M+Na]+,1.0,682.8506,1.0,180.0
4631,AllCCS-32859911.0,myo-Inositol hexakisphosphate,C6H18O24P6,[M+H]+,1.0,660.8686,1.0,215.2
4632,AllCCS-32859911.0,myo-Inositol hexakisphosphate,C6H18O24P6,[M+H-H2O]+,1.0,642.8581,1.0,214.2
4633,AllCCS-32859911.0,myo-Inositol hexakisphosphate,C6H18O24P6,[M+NH4]+,1.0,677.8952,1.0,216.0
4634,AllCCS-32859911.0,myo-Inositol hexakisphosphate,C6H18O24P6,[M+Na]+,1.0,682.8506,1.0,216.3
4640,DarkChem-31661259.0,Deoxyadenosine,C10H13N5O3,[M+H]+,1.0,252.1091,1.0,154.5
4642,AllCCS-32859911.0,Deoxyadenosine,C10H13N5O3,[M+H]+,1.0,252.1091,1.0,156.9
4644,DeepCCS-30932474.0,Deoxyadenosine,C10H13N5O3,[M+H]+,1.0,252.1091,1.0,157.2
4647,DeepCCS-30932474.0,Deoxyadenosine,C10H13N5O3,[M+Na]+,1.0,274.0911,1.0,163.4
4649,AllCCS-32859911.0,Deoxyadenosine,C10H13N5O3,[M+H-H2O]+,1.0,234.0986,1.0,153.3
4650,AllCCS-32859911.0,Deoxyadenosine,C10H13N5O3,[M+NH4]+,1.0,269.1357,1.0,160.3
4651,AllCCS-32859911.0,Deoxyadenosine,C10H13N5O3,[M+Na]+,1.0,274.0911,1.0,161.3
4655,DarkChem-31661259.0,Deoxycytidine,C9H13N3O4,[M+H]+,1.0,228.0979,1.0,149.4
4657,AllCCS-32859911.0,Deoxycytidine,C9H13N3O4,[M+H]+,1.0,228.0979,1.0,151.0
4659,DeepCCS-30932474.0,Deoxycytidine,C9H13N3O4,[M+H]+,1.0,228.0979,1.0,152.5
4662,DeepCCS-30932474.0,Deoxycytidine,C9H13N3O4,[M+Na]+,1.0,250.0798,1.0,158.8
4664,AllCCS-32859911.0,Deoxycytidine,C9H13N3O4,[M+H-H2O]+,1.0,210.0873,1.0,147.2
4665,AllCCS-32859911.0,Deoxycytidine,C9H13N3O4,[M+NH4]+,1.0,245.1244,1.0,154.6
4666,AllCCS-32859911.0,Deoxycytidine,C9H13N3O4,[M+Na]+,1.0,250.0798,1.0,155.6
4670,DarkChem-31661259.0,Deoxyguanosine,C10H13N5O4,[M+H]+,1.0,268.104,1.0,158.5
4672,AllCCS-32859911.0,Deoxyguanosine,C10H13N5O4,[M+H]+,1.0,268.104,1.0,159.4
4674,DeepCCS-30932474.0,Deoxyguanosine,C10H13N5O4,[M+H]+,1.0,268.104,1.0,159.8
4677,DeepCCS-30932474.0,Deoxyguanosine,C10H13N5O4,[M+Na]+,1.0,290.086,1.0,166.4
4679,AllCCS-32859911.0,Deoxyguanosine,C10H13N5O4,[M+H-H2O]+,1.0,250.0935,1.0,155.8
4680,AllCCS-32859911.0,Deoxyguanosine,C10H13N5O4,[M+NH4]+,1.0,285.1306,1.0,162.7
4681,AllCCS-32859911.0,Deoxyguanosine,C10H13N5O4,[M+Na]+,1.0,290.086,1.0,163.6
4685,DarkChem-31661259.0,2'-Deoxyguanosine 5'-monophosphate,C10H14N5O7P,[M+H]+,1.0,348.0704,1.0,175.7
4687,AllCCS-32859911.0,2'-Deoxyguanosine 5'-monophosphate,C10H14N5O7P,[M+H]+,1.0,348.0704,1.0,173.9
4689,DeepCCS-30932474.0,2'-Deoxyguanosine 5'-monophosphate,C10H14N5O7P,[M+H]+,1.0,348.0704,1.0,166.7
4692,DeepCCS-30932474.0,2'-Deoxyguanosine 5'-monophosphate,C10H14N5O7P,[M+Na]+,1.0,370.0523,1.0,173.9
4694,AllCCS-32859911.0,2'-Deoxyguanosine 5'-monophosphate,C10H14N5O7P,[M+H-H2O]+,1.0,330.0598,1.0,171.0
4695,AllCCS-32859911.0,2'-Deoxyguanosine 5'-monophosphate,C10H14N5O7P,[M+NH4]+,1.0,365.0969,1.0,176.7
4696,AllCCS-32859911.0,2'-Deoxyguanosine 5'-monophosphate,C10H14N5O7P,[M+Na]+,1.0,370.0523,1.0,177.4
4700,DarkChem-31661259.0,Thymidine,C10H14N2O5,[M+H]+,1.0,243.0975,1.0,153.4
4702,AllCCS-32859911.0,Thymidine,C10H14N2O5,[M+H]+,1.0,243.0975,1.0,154.4
4704,DeepCCS-30932474.0,Thymidine,C10H14N2O5,[M+H]+,1.0,243.0975,1.0,161.9
4707,DeepCCS-30932474.0,Thymidine,C10H14N2O5,[M+Na]+,1.0,265.0795,1.0,167.9
4709,AllCCS-32859911.0,Thymidine,C10H14N2O5,[M+H-H2O]+,1.0,225.087,1.0,150.7
4710,AllCCS-32859911.0,Thymidine,C10H14N2O5,[M+NH4]+,1.0,260.1241,1.0,157.9
4711,AllCCS-32859911.0,Thymidine,C10H14N2O5,[M+Na]+,1.0,265.0795,1.0,158.9
4716,DarkChem-31661259.0,Guanosine,C10H13N5O5,[M+H]+,1.0,284.0989,1.0,162.8
4723,DeepCCS-30932474.0,Guanosine,C10H13N5O5,[M+Na]+,1.0,306.0809,1.0,170.1
4725,AllCCS-32859911.0,Guanosine,C10H13N5O5,[M+H-H2O]+,1.0,266.0884,1.0,159.4
4726,AllCCS-32859911.0,Guanosine,C10H13N5O5,[M+NH4]+,1.0,301.1255,1.0,165.9
4727,AllCCS-32859911.0,Guanosine,C10H13N5O5,[M+Na]+,1.0,306.0809,1.0,166.8
4731,DarkChem-31661259.0,Inosine,C10H12N4O5,[M+H]+,1.0,269.088,1.0,159.8
4733,AllCCS-32859911.0,Inosine,C10H12N4O5,[M+H]+,1.0,269.088,1.0,160.1
4736,DeepCCS-30932474.0,Inosine,C10H12N4O5,[M+Na]+,1.0,291.07,1.0,161.2
4738,AllCCS-32859911.0,Inosine,C10H12N4O5,[M+H-H2O]+,1.0,251.0775,1.0,156.5
4739,AllCCS-32859911.0,Inosine,C10H12N4O5,[M+NH4]+,1.0,286.1146,1.0,163.3
4740,AllCCS-32859911.0,Inosine,C10H12N4O5,[M+Na]+,1.0,291.07,1.0,164.3
4744,DarkChem-31661259.0,Xanthosine,C10H12N4O6,[M+H]+,1.0,285.083,1.0,163.4
4746,AllCCS-32859911.0,Xanthosine,C10H12N4O6,[M+H]+,1.0,285.083,1.0,163.0
4748,DeepCCS-30932474.0,Xanthosine,C10H12N4O6,[M+H]+,1.0,285.083,1.0,154.2
4751,DeepCCS-30932474.0,Xanthosine,C10H12N4O6,[M+Na]+,1.0,307.0649,1.0,160.6
4753,AllCCS-32859911.0,Xanthosine,C10H12N4O6,[M+H-H2O]+,1.0,267.0724,1.0,159.6
4754,AllCCS-32859911.0,Xanthosine,C10H12N4O6,[M+NH4]+,1.0,302.1095,1.0,166.2
4755,AllCCS-32859911.0,Xanthosine,C10H12N4O6,[M+Na]+,1.0,307.0649,1.0,167.1
4759,DeepCCS-30932474.0,Succinyl-CoA,C25H40N7O19P3S,[M+H]+,1.0,868.1385,1.0,241.8
4762,DeepCCS-30932474.0,Succinyl-CoA,C25H40N7O19P3S,[M+Na]+,1.0,890.1205,1.0,248.1
4763,AllCCS-32859911.0,Succinyl-CoA,C25H40N7O19P3S,[M+H]+,1.0,868.1385,1.0,255.2
4764,AllCCS-32859911.0,Succinyl-CoA,C25H40N7O19P3S,[M+H-H2O]+,1.0,850.128,1.0,255.7
4765,AllCCS-32859911.0,Succinyl-CoA,C25H40N7O19P3S,[M+NH4]+,1.0,885.1651,1.0,254.7
4766,AllCCS-32859911.0,Succinyl-CoA,C25H40N7O19P3S,[M+Na]+,1.0,890.1205,1.0,254.6
4771,DeepCCS-30932474.0,Folinic acid,C20H23N7O7,[M+H]+,1.0,474.1732,1.0,202.2
4774,DeepCCS-30932474.0,Folinic acid,C20H23N7O7,[M+Na]+,1.0,496.1551,1.0,208.1
4775,AllCCS-32859911.0,Folinic acid,C20H23N7O7,[M+H]+,1.0,474.1732,1.0,203.4
4776,AllCCS-32859911.0,Folinic acid,C20H23N7O7,[M+H-H2O]+,1.0,456.1626,1.0,201.7
4777,AllCCS-32859911.0,Folinic acid,C20H23N7O7,[M+NH4]+,1.0,491.1997,1.0,205.0
4778,AllCCS-32859911.0,Folinic acid,C20H23N7O7,[M+Na]+,1.0,496.1551,1.0,205.5
4783,DeepCCS-30932474.0,5-Methyltetrahydropteroyltri-L-glutamic acid,C30H39N9O12,[M+H]+,1.0,718.2791,1.0,241.0
4786,DeepCCS-30932474.0,5-Methyltetrahydropteroyltri-L-glutamic acid,C30H39N9O12,[M+Na]+,1.0,740.261,1.0,246.6
4787,AllCCS-32859911.0,5-Methyltetrahydropteroyltri-L-glutamic acid,C30H39N9O12,[M+H]+,1.0,718.2791,1.0,245.5
4788,AllCCS-32859911.0,5-Methyltetrahydropteroyltri-L-glutamic acid,C30H39N9O12,[M+H-H2O]+,1.0,700.2685,1.0,245.4
4789,AllCCS-32859911.0,5-Methyltetrahydropteroyltri-L-glutamic acid,C30H39N9O12,[M+NH4]+,1.0,735.3056,1.0,245.5
4790,AllCCS-32859911.0,5-Methyltetrahydropteroyltri-L-glutamic acid,C30H39N9O12,[M+Na]+,1.0,740.261,1.0,245.5
4794,DeepCCS-30932474.0,Homocysteine,C4H9NO2S,[M+H]+,1.0,136.0427,1.0,127.2
4797,DeepCCS-30932474.0,Homocysteine,C4H9NO2S,[M+Na]+,1.0,158.0246,1.0,135.7
4798,AllCCS-32859911.0,Homocysteine,C4H9NO2S,[M+H]+,1.0,136.0427,1.0,131.8
4799,AllCCS-32859911.0,Homocysteine,C4H9NO2S,[M+H-H2O]+,1.0,118.0321,1.0,127.7
4800,AllCCS-32859911.0,Homocysteine,C4H9NO2S,[M+NH4]+,1.0,153.0692,1.0,135.5
4801,AllCCS-32859911.0,Homocysteine,C4H9NO2S,[M+Na]+,1.0,158.0246,1.0,136.6
4805,DeepCCS-30932474.0,Bisdiphosphoinositol tetrakisphosphate,C6H20O30P8,[M+H]+,1.0,820.8013,1.0,199.9
4808,DeepCCS-30932474.0,Bisdiphosphoinositol tetrakisphosphate,C6H20O30P8,[M+Na]+,1.0,842.7832,1.0,205.9
4809,AllCCS-32859911.0,Bisdiphosphoinositol tetrakisphosphate,C6H20O30P8,[M+H]+,1.0,820.8013,1.0,230.5
4810,AllCCS-32859911.0,Bisdiphosphoinositol tetrakisphosphate,C6H20O30P8,[M+H-H2O]+,1.0,802.7907,1.0,230.3
4811,AllCCS-32859911.0,Bisdiphosphoinositol tetrakisphosphate,C6H20O30P8,[M+NH4]+,1.0,837.8279,1.0,230.6
4812,AllCCS-32859911.0,Bisdiphosphoinositol tetrakisphosphate,C6H20O30P8,[M+Na]+,1.0,842.7832,1.0,230.6
4817,AllCCS-32859911.0,pimeloyl-CoA,C28H46N7O19P3S,[M+H]+,1.0,910.1855,1.0,264.0
4818,AllCCS-32859911.0,pimeloyl-CoA,C28H46N7O19P3S,[M+H-H2O]+,1.0,892.1749,1.0,264.6
4819,AllCCS-32859911.0,pimeloyl-CoA,C28H46N7O19P3S,[M+Na]+,1.0,932.1674,1.0,263.2
4820,AllCCS-32859911.0,pimeloyl-CoA,C28H46N7O19P3S,[M+NH4]+,1.0,927.212,1.0,263.4
4824,DeepCCS-30932474.0,pimeloyl-CoA,C28H46N7O19P3S,[M+H]+,1.0,910.1855,1.0,250.3
4827,DeepCCS-30932474.0,pimeloyl-CoA,C28H46N7O19P3S,[M+Na]+,1.0,932.1674,1.0,256.6
4828,AllCCS-32859911.0,Palmityl-CoA,C37H66N7O17P3S,[M+H]+,1.0,1006.3521,1.0,292.8
4830,DeepCCS-30932474.0,Palmityl-CoA,C37H66N7O17P3S,[M+H]+,1.0,1006.3521,1.0,230.8
4833,DeepCCS-30932474.0,Palmityl-CoA,C37H66N7O17P3S,[M+Na]+,1.0,1028.3341,1.0,237.6
4835,AllCCS-32859911.0,Palmityl-CoA,C37H66N7O17P3S,[M+H-H2O]+,1.0,988.3416,1.0,293.4
4836,AllCCS-32859911.0,Palmityl-CoA,C37H66N7O17P3S,[M+NH4]+,1.0,1023.3787,1.0,292.2
4837,AllCCS-32859911.0,Palmityl-CoA,C37H66N7O17P3S,[M+Na]+,1.0,1028.3341,1.0,292.0
4842,DeepCCS-30932474.0,Acetoacetyl-CoA,C25H40N7O18P3S,[M+H]+,1.0,852.1436,1.0,209.3
4845,DeepCCS-30932474.0,Acetoacetyl-CoA,C25H40N7O18P3S,[M+Na]+,1.0,874.1256,1.0,216.4
4846,AllCCS-32859911.0,Acetoacetyl-CoA,C25H40N7O18P3S,[M+H]+,1.0,852.1436,1.0,255.9
4847,AllCCS-32859911.0,Acetoacetyl-CoA,C25H40N7O18P3S,[M+H-H2O]+,1.0,834.133,1.0,256.3
4848,AllCCS-32859911.0,Acetoacetyl-CoA,C25H40N7O18P3S,[M+NH4]+,1.0,869.1702,1.0,255.5
4849,AllCCS-32859911.0,Acetoacetyl-CoA,C25H40N7O18P3S,[M+Na]+,1.0,874.1256,1.0,255.3
4853,DeepCCS-30932474.0,Lauroyl-CoA,C33H58N7O17P3S,[M+H]+,1.0,950.2895,1.0,233.0
4856,DeepCCS-30932474.0,Lauroyl-CoA,C33H58N7O17P3S,[M+Na]+,1.0,972.2715,1.0,239.6
4857,AllCCS-32859911.0,Lauroyl-CoA,C33H58N7O17P3S,[M+H]+,1.0,950.2895,1.0,279.5
4858,AllCCS-32859911.0,Lauroyl-CoA,C33H58N7O17P3S,[M+H-H2O]+,1.0,932.279,1.0,280.1
4859,AllCCS-32859911.0,Lauroyl-CoA,C33H58N7O17P3S,[M+NH4]+,1.0,967.3161,1.0,278.9
4860,AllCCS-32859911.0,Lauroyl-CoA,C33H58N7O17P3S,[M+Na]+,1.0,972.2715,1.0,278.7
4866,DeepCCS-30932474.0,Malonyl-CoA,C24H38N7O19P3S,[M+H]+,1.0,854.1229,1.0,243.9
4869,DeepCCS-30932474.0,Malonyl-CoA,C24H38N7O19P3S,[M+Na]+,1.0,876.1048,1.0,250.3
4870,AllCCS-32859911.0,Malonyl-CoA,C24H38N7O19P3S,[M+H]+,1.0,854.1229,1.0,252.7
4871,AllCCS-32859911.0,Malonyl-CoA,C24H38N7O19P3S,[M+H-H2O]+,1.0,836.1123,1.0,253.1
4872,AllCCS-32859911.0,Malonyl-CoA,C24H38N7O19P3S,[M+NH4]+,1.0,871.1494,1.0,252.2
4873,AllCCS-32859911.0,Malonyl-CoA,C24H38N7O19P3S,[M+Na]+,1.0,876.1048,1.0,252.1
4877,DarkChem-31661259.0,Riboflavin,C17H20N4O6,[M+H]+,1.0,377.1456,1.0,185.4
4879,AllCCS-32859911.0,Riboflavin,C17H20N4O6,[M+H]+,1.0,377.1456,1.0,186.0
4881,DeepCCS-30932474.0,Riboflavin,C17H20N4O6,[M+H]+,1.0,377.1456,1.0,190.8
4884,DeepCCS-30932474.0,Riboflavin,C17H20N4O6,[M+Na]+,1.0,399.1275,1.0,196.7
4886,AllCCS-32859911.0,Riboflavin,C17H20N4O6,[M+H-H2O]+,1.0,359.135,1.0,183.4
4887,AllCCS-32859911.0,Riboflavin,C17H20N4O6,[M+NH4]+,1.0,394.1721,1.0,188.3
4888,AllCCS-32859911.0,Riboflavin,C17H20N4O6,[M+Na]+,1.0,399.1275,1.0,189.0
4906,DeepCCS-30932474.0,Hexacosanoyl-CoA,C47H86N7O17P3S,[M+H]+,1.0,1146.5087,1.0,301.2
4909,DeepCCS-30932474.0,Hexacosanoyl-CoA,C47H86N7O17P3S,[M+Na]+,1.0,1168.4906,1.0,308.2
4910,AllCCS-32859911.0,Hexacosanoyl-CoA,C47H86N7O17P3S,[M+H]+,1.0,1146.5087,1.0,323.3
4911,AllCCS-32859911.0,Hexacosanoyl-CoA,C47H86N7O17P3S,[M+H-H2O]+,1.0,1128.4981,1.0,323.7
4912,AllCCS-32859911.0,Hexacosanoyl-CoA,C47H86N7O17P3S,[M+NH4]+,1.0,1163.5352,1.0,322.9
4913,AllCCS-32859911.0,Hexacosanoyl-CoA,C47H86N7O17P3S,[M+Na]+,1.0,1168.4906,1.0,322.8
4917,DeepCCS-30932474.0,Stearoyl-CoA,C39H70N7O17P3S,[M+H]+,1.0,1034.3835,1.0,236.6
4920,DeepCCS-30932474.0,Stearoyl-CoA,C39H70N7O17P3S,[M+Na]+,1.0,1056.3654,1.0,243.4
4921,AllCCS-32859911.0,Stearoyl-CoA,C39H70N7O17P3S,[M+H]+,1.0,1034.3835,1.0,299.1
4922,AllCCS-32859911.0,Stearoyl-CoA,C39H70N7O17P3S,[M+H-H2O]+,1.0,1016.3729,1.0,299.7
4923,AllCCS-32859911.0,Stearoyl-CoA,C39H70N7O17P3S,[M+NH4]+,1.0,1051.41,1.0,298.6
4924,AllCCS-32859911.0,Stearoyl-CoA,C39H70N7O17P3S,[M+Na]+,1.0,1056.3654,1.0,298.4
4928,DeepCCS-30932474.0,Oleoyl-CoA,C39H68N7O17P3S,[M+H]+,1.0,1032.3678,1.0,252.5
4931,DeepCCS-30932474.0,Oleoyl-CoA,C39H68N7O17P3S,[M+Na]+,1.0,1054.3497,1.0,259.6
4932,AllCCS-32859911.0,Oleoyl-CoA,C39H68N7O17P3S,[M+H]+,1.0,1032.3678,1.0,297.3
4933,AllCCS-32859911.0,Oleoyl-CoA,C39H68N7O17P3S,[M+H-H2O]+,1.0,1014.3572,1.0,297.8
4934,AllCCS-32859911.0,Oleoyl-CoA,C39H68N7O17P3S,[M+NH4]+,1.0,1049.3943,1.0,296.7
4935,AllCCS-32859911.0,Oleoyl-CoA,C39H68N7O17P3S,[M+Na]+,1.0,1054.3497,1.0,296.5
4940,DeepCCS-30932474.0,Episterol,C28H46O,[M+Na]+,1.0,421.3441,1.0,214.0
4941,AllCCS-32859911.0,Episterol,C28H46O,[M+H]+,1.0,399.3621,1.0,206.3
4942,AllCCS-32859911.0,Episterol,C28H46O,[M+H-H2O]+,1.0,381.3516,1.0,204.2
4943,AllCCS-32859911.0,Episterol,C28H46O,[M+NH4]+,1.0,416.3887,1.0,208.2
4944,AllCCS-32859911.0,Episterol,C28H46O,[M+Na]+,1.0,421.3441,1.0,208.7
4951,DeepCCS-30932474.0,Ergosterol,C28H44O,[M+Na]+,1.0,419.3284,1.0,216.9
4952,AllCCS-32859911.0,Ergosterol,C28H44O,[M+H]+,1.0,397.3465,1.0,205.1
4953,AllCCS-32859911.0,Ergosterol,C28H44O,[M+H-H2O]+,1.0,379.3359,1.0,202.9
4954,AllCCS-32859911.0,Ergosterol,C28H44O,[M+NH4]+,1.0,414.373,1.0,207.2
4955,AllCCS-32859911.0,Ergosterol,C28H44O,[M+Na]+,1.0,419.3284,1.0,207.7
4960,AllCCS-32859911.0,fecosterol,C28H46O,[M+H]+,1.0,399.3621,1.0,206.5
4961,AllCCS-32859911.0,fecosterol,C28H46O,[M+H-H2O]+,1.0,381.3516,1.0,204.5
4962,AllCCS-32859911.0,fecosterol,C28H46O,[M+Na]+,1.0,421.3441,1.0,208.9
4963,AllCCS-32859911.0,fecosterol,C28H46O,[M+NH4]+,1.0,416.3887,1.0,208.4
4968,DeepCCS-30932474.0,fecosterol,C28H46O,[M+Na]+,1.0,421.3441,1.0,209.8
4970,DarkChem-31661259.0,Zymosterol intermediate 2,C27H44O,[M+H]+,1.0,385.3465,1.0,193.1
4973,DeepCCS-30932474.0,Zymosterol intermediate 2,C27H44O,[M+Na]+,1.0,407.3284,1.0,205.4
4974,AllCCS-32859911.0,Zymosterol intermediate 2,C27H44O,[M+H]+,1.0,385.3465,1.0,204.4
4975,AllCCS-32859911.0,Zymosterol intermediate 2,C27H44O,[M+H-H2O]+,1.0,367.3359,1.0,202.2
4976,AllCCS-32859911.0,Zymosterol intermediate 2,C27H44O,[M+NH4]+,1.0,402.373,1.0,206.5
4977,AllCCS-32859911.0,Zymosterol intermediate 2,C27H44O,[M+Na]+,1.0,407.3284,1.0,207.1
4987,DarkChem-31661259.0,Hypoxanthine,C5H4N4O,[M+H]+,1.0,137.0458,1.0,125.2
4989,AllCCS-32859911.0,Hypoxanthine,C5H4N4O,[M+H]+,1.0,137.0458,1.0,128.6
4991,DeepCCS-30932474.0,Hypoxanthine,C5H4N4O,[M+H]+,1.0,137.0458,1.0,124.5
4994,DeepCCS-30932474.0,Hypoxanthine,C5H4N4O,[M+Na]+,1.0,159.0277,1.0,133.3
4996,AllCCS-32859911.0,Hypoxanthine,C5H4N4O,[M+H-H2O]+,1.0,119.0352,1.0,123.8
4997,AllCCS-32859911.0,Hypoxanthine,C5H4N4O,[M+NH4]+,1.0,154.0723,1.0,133.1
4998,AllCCS-32859911.0,Hypoxanthine,C5H4N4O,[M+Na]+,1.0,159.0277,1.0,134.4
5002,DarkChem-31661259.0,Guanosine triphosphate,C10H16N5O14P3,[M+H]+,1.0,523.9979,1.0,209.7
5004,AllCCS-32859911.0,Guanosine triphosphate,C10H16N5O14P3,[M+H]+,1.0,523.9979,1.0,200.0
5006,DeepCCS-30932474.0,Guanosine triphosphate,C10H16N5O14P3,[M+H]+,1.0,523.9979,1.0,144.6
5009,DeepCCS-30932474.0,Guanosine triphosphate,C10H16N5O14P3,[M+Na]+,1.0,545.9799,1.0,151.7
5011,AllCCS-32859911.0,Guanosine triphosphate,C10H16N5O14P3,[M+H-H2O]+,1.0,505.9874,1.0,198.2
5012,AllCCS-32859911.0,Guanosine triphosphate,C10H16N5O14P3,[M+NH4]+,1.0,541.0245,1.0,201.5
5013,AllCCS-32859911.0,Guanosine triphosphate,C10H16N5O14P3,[M+Na]+,1.0,545.9799,1.0,202.0
5017,DarkChem-31661259.0,Inosine triphosphate,C10H15N4O14P3,[M+H]+,1.0,508.987,1.0,208.3
5019,AllCCS-32859911.0,Inosine triphosphate,C10H15N4O14P3,[M+H]+,1.0,508.987,1.0,198.1
5021,DeepCCS-30932474.0,Inosine triphosphate,C10H15N4O14P3,[M+H]+,1.0,508.987,1.0,165.3
5024,DeepCCS-30932474.0,Inosine triphosphate,C10H15N4O14P3,[M+Na]+,1.0,530.969,1.0,171.7
5026,AllCCS-32859911.0,Inosine triphosphate,C10H15N4O14P3,[M+H-H2O]+,1.0,490.9765,1.0,196.3
5027,AllCCS-32859911.0,Inosine triphosphate,C10H15N4O14P3,[M+NH4]+,1.0,526.0136,1.0,199.8
5028,AllCCS-32859911.0,Inosine triphosphate,C10H15N4O14P3,[M+Na]+,1.0,530.969,1.0,200.2
5033,DarkChem-31661259.0,AICAR,C9H15N4O8P,[M+H]+,1.0,339.07,1.0,174.2
5035,AllCCS-32859911.0,AICAR,C9H15N4O8P,[M+H]+,1.0,339.07,1.0,172.1
5037,DeepCCS-30932474.0,AICAR,C9H15N4O8P,[M+H]+,1.0,339.07,1.0,164.2
5040,DeepCCS-30932474.0,AICAR,C9H15N4O8P,[M+Na]+,1.0,361.052,1.0,171.8
5042,AllCCS-32859911.0,AICAR,C9H15N4O8P,[M+H-H2O]+,1.0,321.0595,1.0,169.2
5043,AllCCS-32859911.0,AICAR,C9H15N4O8P,[M+NH4]+,1.0,356.0966,1.0,174.8
5044,AllCCS-32859911.0,AICAR,C9H15N4O8P,[M+Na]+,1.0,361.052,1.0,175.6
5050,DarkChem-31661259.0,(S)-2-Methyl-1-butanol,C5H12O,[M+H]+,1.0,89.0961,1.0,117.9
5052,DeepCCS-30932474.0,(S)-2-Methyl-1-butanol,C5H12O,[M+H]+,1.0,89.0961,1.0,126.8
5055,DeepCCS-30932474.0,(S)-2-Methyl-1-butanol,C5H12O,[M+Na]+,1.0,111.078,1.0,135.0
5056,AllCCS-32859911.0,(S)-2-Methyl-1-butanol,C5H12O,[M+H]+,1.0,89.0961,1.0,123.1
5057,AllCCS-32859911.0,(S)-2-Methyl-1-butanol,C5H12O,[M+H-H2O]+,1.0,71.0855,1.0,118.6
5058,AllCCS-32859911.0,(S)-2-Methyl-1-butanol,C5H12O,[M+NH4]+,1.0,106.1226,1.0,127.2
5059,AllCCS-32859911.0,(S)-2-Methyl-1-butanol,C5H12O,[M+Na]+,1.0,111.078,1.0,128.4
5063,DarkChem-31661259.0,2-Methylbutyl acetate,C7H14O2,[M+H]+,1.0,131.1067,1.0,129.0
5065,DeepCCS-30932474.0,2-Methylbutyl acetate,C7H14O2,[M+H]+,1.0,131.1067,1.0,132.4
5068,DeepCCS-30932474.0,2-Methylbutyl acetate,C7H14O2,[M+Na]+,1.0,153.0886,1.0,141.1
5069,AllCCS-32859911.0,2-Methylbutyl acetate,C7H14O2,[M+H]+,1.0,131.1067,1.0,131.3
5070,AllCCS-32859911.0,2-Methylbutyl acetate,C7H14O2,[M+H-H2O]+,1.0,113.0961,1.0,127.2
5071,AllCCS-32859911.0,2-Methylbutyl acetate,C7H14O2,[M+NH4]+,1.0,148.1332,1.0,135.1
5072,AllCCS-32859911.0,2-Methylbutyl acetate,C7H14O2,[M+Na]+,1.0,153.0886,1.0,136.2
5076,DarkChem-31661259.0,Ethyl acetate,C4H8O2,[M+H]+,1.0,89.0597,1.0,116.5
5078,DeepCCS-30932474.0,Ethyl acetate,C4H8O2,[M+H]+,1.0,89.0597,1.0,128.0
5081,DeepCCS-30932474.0,Ethyl acetate,C4H8O2,[M+Na]+,1.0,111.0416,1.0,136.0
5082,AllCCS-32859911.0,Ethyl acetate,C4H8O2,[M+H]+,1.0,89.0597,1.0,123.6
5083,AllCCS-32859911.0,Ethyl acetate,C4H8O2,[M+H-H2O]+,1.0,71.0491,1.0,119.2
5084,AllCCS-32859911.0,Ethyl acetate,C4H8O2,[M+NH4]+,1.0,106.0863,1.0,127.7
5085,AllCCS-32859911.0,Ethyl acetate,C4H8O2,[M+Na]+,1.0,111.0416,1.0,128.8
5089,DarkChem-31661259.0,2-Methylpropyl acetate,C6H12O2,[M+H]+,1.0,117.091,1.0,125.6
5091,DeepCCS-30932474.0,2-Methylpropyl acetate,C6H12O2,[M+H]+,1.0,117.091,1.0,130.0
5094,DeepCCS-30932474.0,2-Methylpropyl acetate,C6H12O2,[M+Na]+,1.0,139.0729,1.0,138.5
5095,AllCCS-32859911.0,2-Methylpropyl acetate,C6H12O2,[M+H]+,1.0,117.091,1.0,127.2
5096,AllCCS-32859911.0,2-Methylpropyl acetate,C6H12O2,[M+H-H2O]+,1.0,99.0804,1.0,123.0
5097,AllCCS-32859911.0,2-Methylpropyl acetate,C6H12O2,[M+NH4]+,1.0,134.1176,1.0,131.1
5098,AllCCS-32859911.0,2-Methylpropyl acetate,C6H12O2,[M+Na]+,1.0,139.0729,1.0,132.2
5102,DarkChem-31661259.0,Isobutanol,C4H10O,[M+H]+,1.0,75.0804,1.0,113.6
5104,DeepCCS-30932474.0,Isobutanol,C4H10O,[M+H]+,1.0,75.0804,1.0,124.3
5107,DeepCCS-30932474.0,Isobutanol,C4H10O,[M+Na]+,1.0,97.0624,1.0,132.4
5108,AllCCS-32859911.0,Isobutanol,C4H10O,[M+H]+,1.0,75.0804,1.0,120.6
5109,AllCCS-32859911.0,Isobutanol,C4H10O,[M+H-H2O]+,1.0,57.0699,1.0,116.1
5110,AllCCS-32859911.0,Isobutanol,C4H10O,[M+NH4]+,1.0,92.107,1.0,124.8
5111,AllCCS-32859911.0,Isobutanol,C4H10O,[M+Na]+,1.0,97.0624,1.0,126.0
5116,DarkChem-31661259.0,Indoleacetic acid,C10H9NO2,[M+H]+,1.0,176.0706,1.0,138.6
5118,AllCCS-32859911.0,Indoleacetic acid,C10H9NO2,[M+H]+,1.0,176.0706,1.0,137.5
5120,DeepCCS-30932474.0,Indoleacetic acid,C10H9NO2,[M+H]+,1.0,176.0706,1.0,135.1
5123,DeepCCS-30932474.0,Indoleacetic acid,C10H9NO2,[M+Na]+,1.0,198.0525,1.0,143.9
5125,AllCCS-32859911.0,Indoleacetic acid,C10H9NO2,[M+H-H2O]+,1.0,158.06,1.0,133.0
5126,AllCCS-32859911.0,Indoleacetic acid,C10H9NO2,[M+NH4]+,1.0,193.0972,1.0,141.6
5127,AllCCS-32859911.0,Indoleacetic acid,C10H9NO2,[M+Na]+,1.0,198.0525,1.0,142.8
5131,DarkChem-31661259.0,Tryptophol,C10H11NO,[M+H]+,1.0,162.0913,1.0,134.2
5136,DeepCCS-30932474.0,Tryptophol,C10H11NO,[M+Na]+,1.0,184.0733,1.0,143.3
5137,AllCCS-32859911.0,Tryptophol,C10H11NO,[M+H]+,1.0,162.0913,1.0,134.9
5138,AllCCS-32859911.0,Tryptophol,C10H11NO,[M+H-H2O]+,1.0,144.0808,1.0,130.3
5139,AllCCS-32859911.0,Tryptophol,C10H11NO,[M+NH4]+,1.0,179.1179,1.0,139.1
5140,AllCCS-32859911.0,Tryptophol,C10H11NO,[M+Na]+,1.0,184.0733,1.0,140.3
5144,AllCCS-32859911.0,Dihydroneopterin triphosphate,C9H16N5O13P3,[M+H]+,1.0,496.003,1.0,195.7
5146,DeepCCS-30932474.0,Dihydroneopterin triphosphate,C9H16N5O13P3,[M+H]+,1.0,496.003,1.0,167.3
5149,DeepCCS-30932474.0,Dihydroneopterin triphosphate,C9H16N5O13P3,[M+Na]+,1.0,517.985,1.0,174.8
5151,AllCCS-32859911.0,Dihydroneopterin triphosphate,C9H16N5O13P3,[M+H-H2O]+,1.0,477.9925,1.0,193.8
5152,AllCCS-32859911.0,Dihydroneopterin triphosphate,C9H16N5O13P3,[M+NH4]+,1.0,513.0296,1.0,197.4
5153,AllCCS-32859911.0,Dihydroneopterin triphosphate,C9H16N5O13P3,[M+Na]+,1.0,517.985,1.0,197.9
5157,DeepCCS-30932474.0,"7,8-Dihydroneopterin",C9H13N5O4,[M+H]+,1.0,256.104,1.0,163.5
5160,DeepCCS-30932474.0,"7,8-Dihydroneopterin",C9H13N5O4,[M+Na]+,1.0,278.086,1.0,169.6
5161,AllCCS-32859911.0,"7,8-Dihydroneopterin",C9H13N5O4,[M+H]+,1.0,256.104,1.0,156.4
5162,AllCCS-32859911.0,"7,8-Dihydroneopterin",C9H13N5O4,[M+H-H2O]+,1.0,238.0935,1.0,152.8
5163,AllCCS-32859911.0,"7,8-Dihydroneopterin",C9H13N5O4,[M+NH4]+,1.0,273.1306,1.0,159.8
5164,AllCCS-32859911.0,"7,8-Dihydroneopterin",C9H13N5O4,[M+Na]+,1.0,278.086,1.0,160.7
5171,DarkChem-31661259.0,4-Guanidinobutanoic acid,C5H11N3O2,[M+H]+,1.0,146.0924,1.0,131.5
5173,DeepCCS-30932474.0,4-Guanidinobutanoic acid,C5H11N3O2,[M+H]+,1.0,146.0924,1.0,131.1
5176,DeepCCS-30932474.0,4-Guanidinobutanoic acid,C5H11N3O2,[M+Na]+,1.0,168.0743,1.0,139.6
5177,AllCCS-32859911.0,4-Guanidinobutanoic acid,C5H11N3O2,[M+H]+,1.0,146.0924,1.0,133.0
5178,AllCCS-32859911.0,4-Guanidinobutanoic acid,C5H11N3O2,[M+H-H2O]+,1.0,128.0818,1.0,129.0
5179,AllCCS-32859911.0,4-Guanidinobutanoic acid,C5H11N3O2,[M+NH4]+,1.0,163.1189,1.0,136.7
5180,AllCCS-32859911.0,4-Guanidinobutanoic acid,C5H11N3O2,[M+Na]+,1.0,168.0743,1.0,137.8
5185,DarkChem-31661259.0,4-Aminobutyraldehyde,C4H9NO,[M+H]+,1.0,88.0757,1.0,116.7
5187,AllCCS-32859911.0,4-Aminobutyraldehyde,C4H9NO,[M+H]+,1.0,88.0757,1.0,123.2
5189,DeepCCS-30932474.0,4-Aminobutyraldehyde,C4H9NO,[M+H]+,1.0,88.0757,1.0,124.8
5192,DeepCCS-30932474.0,4-Aminobutyraldehyde,C4H9NO,[M+Na]+,1.0,110.0576,1.0,132.4
5194,AllCCS-32859911.0,4-Aminobutyraldehyde,C4H9NO,[M+H-H2O]+,1.0,70.0651,1.0,118.8
5195,AllCCS-32859911.0,4-Aminobutyraldehyde,C4H9NO,[M+NH4]+,1.0,105.1022,1.0,127.3
5196,AllCCS-32859911.0,4-Aminobutyraldehyde,C4H9NO,[M+Na]+,1.0,110.0576,1.0,128.5
5211,DarkChem-31661259.0,L-Arabitol,C5H12O5,[M+H]+,1.0,153.0757,1.0,132.6
5213,AllCCS-32859911.0,L-Arabitol,C5H12O5,[M+H]+,1.0,153.0757,1.0,135.8
5215,DeepCCS-30932474.0,L-Arabitol,C5H12O5,[M+H]+,1.0,153.0757,1.0,131.7
5218,DeepCCS-30932474.0,L-Arabitol,C5H12O5,[M+Na]+,1.0,175.0577,1.0,139.9
5220,AllCCS-32859911.0,L-Arabitol,C5H12O5,[M+H-H2O]+,1.0,135.0652,1.0,131.9
5221,AllCCS-32859911.0,L-Arabitol,C5H12O5,[M+NH4]+,1.0,170.1023,1.0,139.5
5222,AllCCS-32859911.0,L-Arabitol,C5H12O5,[M+Na]+,1.0,175.0577,1.0,140.6
5226,DarkChem-31661259.0,L-Arginine,C6H14N4O2,[M+H]+,1.0,175.119,1.0,139.4
5228,AllCCS-32859911.0,L-Arginine,C6H14N4O2,[M+H]+,1.0,175.119,1.0,139.0
5230,DeepCCS-30932474.0,L-Arginine,C6H14N4O2,[M+H]+,1.0,175.119,1.0,136.5
5233,DeepCCS-30932474.0,L-Arginine,C6H14N4O2,[M+Na]+,1.0,197.1009,1.0,145.8
5235,AllCCS-32859911.0,L-Arginine,C6H14N4O2,[M+H-H2O]+,1.0,157.1084,1.0,135.3
5236,AllCCS-32859911.0,L-Arginine,C6H14N4O2,[M+NH4]+,1.0,192.1455,1.0,142.5
5237,AllCCS-32859911.0,L-Arginine,C6H14N4O2,[M+Na]+,1.0,197.1009,1.0,143.6
5242,AllCCS-32859911.0,Iminoaspartic acid,C4H5NO4,[M+H]+,1.0,132.0291,1.0,130.5
5244,DeepCCS-30932474.0,Iminoaspartic acid,C4H5NO4,[M+H]+,1.0,132.0291,1.0,125.5
5247,DeepCCS-30932474.0,Iminoaspartic acid,C4H5NO4,[M+Na]+,1.0,154.0111,1.0,134.2
5249,AllCCS-32859911.0,Iminoaspartic acid,C4H5NO4,[M+H-H2O]+,1.0,114.0186,1.0,126.4
5250,AllCCS-32859911.0,Iminoaspartic acid,C4H5NO4,[M+NH4]+,1.0,149.0557,1.0,134.4
5251,AllCCS-32859911.0,Iminoaspartic acid,C4H5NO4,[M+Na]+,1.0,154.0111,1.0,135.5
5255,AllCCS-32859911.0,FADH,C27H35N9O15P2,[M+H]+,1.0,788.1801,1.0,249.7
5257,DeepCCS-30932474.0,FADH,C27H35N9O15P2,[M+H]+,1.0,788.1801,1.0,232.5
5260,DeepCCS-30932474.0,FADH,C27H35N9O15P2,[M+Na]+,1.0,810.162,1.0,238.5
5262,AllCCS-32859911.0,FADH,C27H35N9O15P2,[M+H-H2O]+,1.0,770.1695,1.0,249.7
5263,AllCCS-32859911.0,FADH,C27H35N9O15P2,[M+NH4]+,1.0,805.2066,1.0,249.7
5264,AllCCS-32859911.0,FADH,C27H35N9O15P2,[M+Na]+,1.0,810.162,1.0,249.7
5268,AllCCS-32859911.0,Guanosine tetraphosphate adenosine,C20H28N10O20P4,[M+H]+,1.0,853.0505,1.0,245.6
5271,DeepCCS-30932474.0,Guanosine tetraphosphate adenosine,C20H28N10O20P4,[M+Na]+,1.0,875.0324,1.0,230.6
5273,AllCCS-32859911.0,Guanosine tetraphosphate adenosine,C20H28N10O20P4,[M+H-H2O]+,1.0,835.0399,1.0,245.8
5274,AllCCS-32859911.0,Guanosine tetraphosphate adenosine,C20H28N10O20P4,[M+NH4]+,1.0,870.077,1.0,245.4
5275,AllCCS-32859911.0,Guanosine tetraphosphate adenosine,C20H28N10O20P4,[M+Na]+,1.0,875.0324,1.0,245.3
5279,AllCCS-32859911.0,Diguanosine tetraphosphate,C20H28N10O21P4,[M+H]+,1.0,869.0454,1.0,245.3
5281,DeepCCS-30932474.0,Diguanosine tetraphosphate,C20H28N10O21P4,[M+H]+,1.0,869.0454,1.0,238.6
5284,DeepCCS-30932474.0,Diguanosine tetraphosphate,C20H28N10O21P4,[M+Na]+,1.0,891.0273,1.0,244.4
5286,AllCCS-32859911.0,Diguanosine tetraphosphate,C20H28N10O21P4,[M+H-H2O]+,1.0,851.0348,1.0,245.5
5287,AllCCS-32859911.0,Diguanosine tetraphosphate,C20H28N10O21P4,[M+NH4]+,1.0,886.0719,1.0,245.0
5288,AllCCS-32859911.0,Diguanosine tetraphosphate,C20H28N10O21P4,[M+Na]+,1.0,891.0273,1.0,244.9
5294,DarkChem-31661259.0,5-Dehydroepisterol,C28H44O,[M+H]+,1.0,397.3465,1.0,192.4
5297,DeepCCS-30932474.0,5-Dehydroepisterol,C28H44O,[M+Na]+,1.0,419.3284,1.0,217.9
5298,AllCCS-32859911.0,5-Dehydroepisterol,C28H44O,[M+H]+,1.0,397.3465,1.0,205.8
5299,AllCCS-32859911.0,5-Dehydroepisterol,C28H44O,[M+H-H2O]+,1.0,379.3359,1.0,203.6
5300,AllCCS-32859911.0,5-Dehydroepisterol,C28H44O,[M+NH4]+,1.0,414.373,1.0,207.8
5301,AllCCS-32859911.0,5-Dehydroepisterol,C28H44O,[M+Na]+,1.0,419.3284,1.0,208.4
5309,DarkChem-31661259.0,"4α-carboxy-4β-methyl-5α-cholesta-8,24-dien-3β-ol",C29H46O3,[M+H]+,1.0,443.352,1.0,209.5
5312,DeepCCS-30932474.0,"4α-carboxy-4β-methyl-5α-cholesta-8,24-dien-3β-ol",C29H46O3,[M+Na]+,1.0,465.3339,1.0,220.9
5313,AllCCS-32859911.0,"4α-carboxy-4β-methyl-5α-cholesta-8,24-dien-3β-ol",C29H46O3,[M+H]+,1.0,443.352,1.0,212.9
5314,AllCCS-32859911.0,"4α-carboxy-4β-methyl-5α-cholesta-8,24-dien-3β-ol",C29H46O3,[M+H-H2O]+,1.0,425.3414,1.0,211.1
5315,AllCCS-32859911.0,"4α-carboxy-4β-methyl-5α-cholesta-8,24-dien-3β-ol",C29H46O3,[M+NH4]+,1.0,460.3785,1.0,214.6
5316,AllCCS-32859911.0,"4α-carboxy-4β-methyl-5α-cholesta-8,24-dien-3β-ol",C29H46O3,[M+Na]+,1.0,465.3339,1.0,215.1
5320,DarkChem-31661259.0,4alpha-Methylzymosterol,C28H46O,[M+H]+,1.0,399.3621,1.0,200.9
5322,AllCCS-32859911.0,4alpha-Methylzymosterol,C28H46O,[M+H]+,1.0,399.3621,1.0,207.0
5325,DeepCCS-30932474.0,4alpha-Methylzymosterol,C28H46O,[M+Na]+,1.0,421.3441,1.0,218.8
5327,AllCCS-32859911.0,4alpha-Methylzymosterol,C28H46O,[M+H-H2O]+,1.0,381.3516,1.0,204.9
5328,AllCCS-32859911.0,4alpha-Methylzymosterol,C28H46O,[M+NH4]+,1.0,416.3887,1.0,208.9
5329,AllCCS-32859911.0,4alpha-Methylzymosterol,C28H46O,[M+Na]+,1.0,421.3441,1.0,209.5
5337,DeepCCS-30932474.0,L-Carnitine,C7H15NO3,[M+H]+,1.0,162.1125,1.0,132.1
5340,DeepCCS-30932474.0,L-Carnitine,C7H15NO3,[M+Na]+,1.0,184.0944,1.0,141.6
5341,AllCCS-32859911.0,L-Carnitine,C7H15NO3,[M+H]+,1.0,162.1125,1.0,135.1
5342,AllCCS-32859911.0,L-Carnitine,C7H15NO3,[M+H-H2O]+,1.0,144.1019,1.0,131.4
5343,AllCCS-32859911.0,L-Carnitine,C7H15NO3,[M+NH4]+,1.0,179.139,1.0,138.5
5344,AllCCS-32859911.0,L-Carnitine,C7H15NO3,[M+Na]+,1.0,184.0944,1.0,139.5
5349,DarkChem-31661259.0,Cer(d18:0/24:0),C42H85NO3,[M+H]+,1.0,652.6602,1.0,271.5
5351,DeepCCS-30932474.0,Cer(d18:0/24:0),C42H85NO3,[M+H]+,1.0,652.6602,1.0,266.4
5354,DeepCCS-30932474.0,Cer(d18:0/24:0),C42H85NO3,[M+Na]+,1.0,674.6422,1.0,273.2
5355,AllCCS-32859911.0,Cer(d18:0/24:0),C42H85NO3,[M+H]+,1.0,652.6602,1.0,285.7
5356,AllCCS-32859911.0,Cer(d18:0/24:0),C42H85NO3,[M+H-H2O]+,1.0,634.6497,1.0,285.3
5357,AllCCS-32859911.0,Cer(d18:0/24:0),C42H85NO3,[M+NH4]+,1.0,669.6868,1.0,286.0
5358,AllCCS-32859911.0,Cer(d18:0/24:0),C42H85NO3,[M+Na]+,1.0,674.6422,1.0,286.1
5363,DarkChem-31661259.0,Cer(d18:0/26:0),C44H89NO3,[M+H]+,1.0,680.6915,1.0,280.2
5365,DeepCCS-30932474.0,Cer(d18:0/26:0),C44H89NO3,[M+H]+,1.0,680.6915,1.0,272.5
5368,DeepCCS-30932474.0,Cer(d18:0/26:0),C44H89NO3,[M+Na]+,1.0,702.6735,1.0,279.8
5369,AllCCS-32859911.0,Cer(d18:0/26:0),C44H89NO3,[M+H]+,1.0,680.6915,1.0,290.2
5370,AllCCS-32859911.0,Cer(d18:0/26:0),C44H89NO3,[M+H-H2O]+,1.0,662.681,1.0,289.8
5371,AllCCS-32859911.0,Cer(d18:0/26:0),C44H89NO3,[M+NH4]+,1.0,697.7181,1.0,290.5
5372,AllCCS-32859911.0,Cer(d18:0/26:0),C44H89NO3,[M+Na]+,1.0,702.6735,1.0,290.6
5380,DarkChem-31661259.0,cis-Aconitic acid,C6H6O6,[M+H]+,1.0,175.0237,1.0,139.9
5382,AllCCS-32859911.0,cis-Aconitic acid,C6H6O6,[M+H]+,1.0,175.0237,1.0,137.9
5384,DeepCCS-30932474.0,cis-Aconitic acid,C6H6O6,[M+H]+,1.0,175.0237,1.0,132.4
5387,DeepCCS-30932474.0,cis-Aconitic acid,C6H6O6,[M+Na]+,1.0,197.0057,1.0,141.8
5389,AllCCS-32859911.0,cis-Aconitic acid,C6H6O6,[M+H-H2O]+,1.0,157.0131,1.0,134.0
5390,AllCCS-32859911.0,cis-Aconitic acid,C6H6O6,[M+NH4]+,1.0,192.0503,1.0,141.5
5391,AllCCS-32859911.0,cis-Aconitic acid,C6H6O6,[M+Na]+,1.0,197.0057,1.0,142.5
5408,DarkChem-31661259.0,Geranylfarnesyl diphosphate,C25H44O7P2,[M+H]+,1.0,519.2635,1.0,220.7
5410,DeepCCS-30932474.0,Geranylfarnesyl diphosphate,C25H44O7P2,[M+H]+,1.0,519.2635,1.0,211.1
5413,DeepCCS-30932474.0,Geranylfarnesyl diphosphate,C25H44O7P2,[M+Na]+,1.0,541.2454,1.0,217.2
5414,AllCCS-32859911.0,Geranylfarnesyl diphosphate,C25H44O7P2,[M+H]+,1.0,519.2635,1.0,232.7
5415,AllCCS-32859911.0,Geranylfarnesyl diphosphate,C25H44O7P2,[M+H-H2O]+,1.0,501.2529,1.0,231.0
5416,AllCCS-32859911.0,Geranylfarnesyl diphosphate,C25H44O7P2,[M+NH4]+,1.0,536.29,1.0,234.3
5417,AllCCS-32859911.0,Geranylfarnesyl diphosphate,C25H44O7P2,[M+Na]+,1.0,541.2454,1.0,234.7
5421,DarkChem-31661259.0,all-trans-Hexaprenyl diphosphate,C30H52O7P2,[M+H]+,1.0,587.3261,1.0,237.1
5423,DeepCCS-30932474.0,all-trans-Hexaprenyl diphosphate,C30H52O7P2,[M+H]+,1.0,587.3261,1.0,225.2
5426,DeepCCS-30932474.0,all-trans-Hexaprenyl diphosphate,C30H52O7P2,[M+Na]+,1.0,609.308,1.0,231.1
5427,AllCCS-32859911.0,all-trans-Hexaprenyl diphosphate,C30H52O7P2,[M+H]+,1.0,587.3261,1.0,246.6
5428,AllCCS-32859911.0,all-trans-Hexaprenyl diphosphate,C30H52O7P2,[M+H-H2O]+,1.0,569.3155,1.0,245.2
5429,AllCCS-32859911.0,all-trans-Hexaprenyl diphosphate,C30H52O7P2,[M+NH4]+,1.0,604.3527,1.0,247.9
5430,AllCCS-32859911.0,all-trans-Hexaprenyl diphosphate,C30H52O7P2,[M+Na]+,1.0,609.308,1.0,248.3
5434,DarkChem-31661259.0,all-trans-Heptaprenyl diphosphate,C35H60O7P2,[M+H]+,1.0,655.3887,1.0,253.5
5436,DeepCCS-30932474.0,all-trans-Heptaprenyl diphosphate,C35H60O7P2,[M+H]+,1.0,655.3887,1.0,244.9
5439,DeepCCS-30932474.0,all-trans-Heptaprenyl diphosphate,C35H60O7P2,[M+Na]+,1.0,677.3706,1.0,250.6
5440,AllCCS-32859911.0,all-trans-Heptaprenyl diphosphate,C35H60O7P2,[M+H]+,1.0,655.3887,1.0,259.4
5441,AllCCS-32859911.0,all-trans-Heptaprenyl diphosphate,C35H60O7P2,[M+H-H2O]+,1.0,637.3781,1.0,258.2
5442,AllCCS-32859911.0,all-trans-Heptaprenyl diphosphate,C35H60O7P2,[M+NH4]+,1.0,672.4153,1.0,260.5
5443,AllCCS-32859911.0,all-trans-Heptaprenyl diphosphate,C35H60O7P2,[M+Na]+,1.0,677.3706,1.0,260.8
5447,AllCCS-32859911.0,Octaprenyl diphosphate,C40H68O7P2,[M+H]+,1.0,723.4513,1.0,273.3
5449,DeepCCS-30932474.0,Octaprenyl diphosphate,C40H68O7P2,[M+H]+,1.0,723.4513,1.0,255.0
5452,DeepCCS-30932474.0,Octaprenyl diphosphate,C40H68O7P2,[M+Na]+,1.0,745.4332,1.0,260.8
5454,AllCCS-32859911.0,Octaprenyl diphosphate,C40H68O7P2,[M+H-H2O]+,1.0,705.4407,1.0,272.2
5455,AllCCS-32859911.0,Octaprenyl diphosphate,C40H68O7P2,[M+NH4]+,1.0,740.4779,1.0,274.2
5456,AllCCS-32859911.0,Octaprenyl diphosphate,C40H68O7P2,[M+Na]+,1.0,745.4332,1.0,274.5
5461,AllCCS-32859911.0,Undecaprenyl diphosphate,C55H92O7P2,[M+H]+,1.0,927.6391,1.0,294.2
5463,DeepCCS-30932474.0,Undecaprenyl diphosphate,C55H92O7P2,[M+H]+,1.0,927.6391,1.0,305.1
5466,DeepCCS-30932474.0,Undecaprenyl diphosphate,C55H92O7P2,[M+Na]+,1.0,949.621,1.0,310.8
5468,AllCCS-32859911.0,Undecaprenyl diphosphate,C55H92O7P2,[M+H-H2O]+,1.0,909.6285,1.0,293.8
5469,AllCCS-32859911.0,Undecaprenyl diphosphate,C55H92O7P2,[M+NH4]+,1.0,944.6657,1.0,294.6
5470,AllCCS-32859911.0,Undecaprenyl diphosphate,C55H92O7P2,[M+Na]+,1.0,949.621,1.0,294.7
5474,DeepCCS-30932474.0,Dodecaprenyl diphosphate,C60H100O7P2,[M+H]+,1.0,995.7017,1.0,328.7
5477,DeepCCS-30932474.0,Dodecaprenyl diphosphate,C60H100O7P2,[M+Na]+,1.0,1017.6836,1.0,335.0
5478,AllCCS-32859911.0,Dodecaprenyl diphosphate,C60H100O7P2,[M+H]+,1.0,995.7017,1.0,295.8
5479,AllCCS-32859911.0,Dodecaprenyl diphosphate,C60H100O7P2,[M+H-H2O]+,1.0,977.6911,1.0,295.4
5480,AllCCS-32859911.0,Dodecaprenyl diphosphate,C60H100O7P2,[M+NH4]+,1.0,1012.7283,1.0,296.2
5481,AllCCS-32859911.0,Dodecaprenyl diphosphate,C60H100O7P2,[M+Na]+,1.0,1017.6836,1.0,296.3
5495,DeepCCS-30932474.0,D-Ribose 5-phosphate,C5H11O8P,[M+H]+,1.0,231.0264,1.0,140.7
5498,DeepCCS-30932474.0,D-Ribose 5-phosphate,C5H11O8P,[M+Na]+,1.0,253.0084,1.0,147.4
5499,AllCCS-32859911.0,D-Ribose 5-phosphate,C5H11O8P,[M+H]+,1.0,231.0264,1.0,150.1
5500,AllCCS-32859911.0,D-Ribose 5-phosphate,C5H11O8P,[M+H-H2O]+,1.0,213.0159,1.0,146.3
5501,AllCCS-32859911.0,D-Ribose 5-phosphate,C5H11O8P,[M+NH4]+,1.0,248.053,1.0,153.6
5502,AllCCS-32859911.0,D-Ribose 5-phosphate,C5H11O8P,[M+Na]+,1.0,253.0084,1.0,154.6
5506,DarkChem-31661259.0,Cytosine,C4H5N3O,[M+H]+,1.0,112.0505,1.0,120.6
5508,AllCCS-32859911.0,Cytosine,C4H5N3O,[M+H]+,1.0,112.0505,1.0,123.9
5510,DeepCCS-30932474.0,Cytosine,C4H5N3O,[M+H]+,1.0,112.0505,1.0,124.8
5513,DeepCCS-30932474.0,Cytosine,C4H5N3O,[M+Na]+,1.0,134.0325,1.0,133.2
5515,AllCCS-32859911.0,Cytosine,C4H5N3O,[M+H-H2O]+,1.0,94.04,1.0,118.9
5516,AllCCS-32859911.0,Cytosine,C4H5N3O,[M+NH4]+,1.0,129.0771,1.0,128.5
5517,AllCCS-32859911.0,Cytosine,C4H5N3O,[M+Na]+,1.0,134.0325,1.0,129.9
5521,DarkChem-31661259.0,O-Acetylserine,C5H9NO4,[M+H]+,1.0,148.0604,1.0,131.1
5523,DeepCCS-30932474.0,O-Acetylserine,C5H9NO4,[M+H]+,1.0,148.0604,1.0,124.7
5526,DeepCCS-30932474.0,O-Acetylserine,C5H9NO4,[M+Na]+,1.0,170.0424,1.0,133.7
5527,AllCCS-32859911.0,O-Acetylserine,C5H9NO4,[M+H]+,1.0,148.0604,1.0,134.0
5528,AllCCS-32859911.0,O-Acetylserine,C5H9NO4,[M+H-H2O]+,1.0,130.0499,1.0,130.1
5529,AllCCS-32859911.0,O-Acetylserine,C5H9NO4,[M+NH4]+,1.0,165.087,1.0,137.7
5530,AllCCS-32859911.0,O-Acetylserine,C5H9NO4,[M+Na]+,1.0,170.0424,1.0,138.8
5537,DarkChem-31661259.0,Sorbitol,C6H14O6,[M+H]+,1.0,183.0863,1.0,141.1
5539,AllCCS-32859911.0,Sorbitol,C6H14O6,[M+H]+,1.0,183.0863,1.0,141.6
5541,DeepCCS-30932474.0,Sorbitol,C6H14O6,[M+H]+,1.0,183.0863,1.0,146.8
5544,DeepCCS-30932474.0,Sorbitol,C6H14O6,[M+Na]+,1.0,205.0683,1.0,152.7
5546,AllCCS-32859911.0,Sorbitol,C6H14O6,[M+H-H2O]+,1.0,165.0757,1.0,137.8
5547,AllCCS-32859911.0,Sorbitol,C6H14O6,[M+NH4]+,1.0,200.1129,1.0,145.1
5548,AllCCS-32859911.0,Sorbitol,C6H14O6,[M+Na]+,1.0,205.0683,1.0,146.1
5553,DarkChem-31661259.0,dCTP,C9H16N3O13P3,[M+H]+,1.0,467.9969,1.0,196.5
5555,AllCCS-32859911.0,dCTP,C9H16N3O13P3,[M+H]+,1.0,467.9969,1.0,191.1
5557,DeepCCS-30932474.0,dCTP,C9H16N3O13P3,[M+H]+,1.0,467.9969,1.0,156.6
5560,DeepCCS-30932474.0,dCTP,C9H16N3O13P3,[M+Na]+,1.0,489.9788,1.0,163.9
5562,AllCCS-32859911.0,dCTP,C9H16N3O13P3,[M+H-H2O]+,1.0,449.9863,1.0,189.1
5563,AllCCS-32859911.0,dCTP,C9H16N3O13P3,[M+NH4]+,1.0,485.0234,1.0,193.0
5564,AllCCS-32859911.0,dCTP,C9H16N3O13P3,[M+Na]+,1.0,489.9788,1.0,193.6
5568,DarkChem-31661259.0,Deoxyinosine,C10H12N4O4,[M+H]+,1.0,253.0931,1.0,154.6
5570,AllCCS-32859911.0,Deoxyinosine,C10H12N4O4,[M+H]+,1.0,253.0931,1.0,156.6
5572,DeepCCS-30932474.0,Deoxyinosine,C10H12N4O4,[M+H]+,1.0,253.0931,1.0,149.7
5575,DeepCCS-30932474.0,Deoxyinosine,C10H12N4O4,[M+Na]+,1.0,275.0751,1.0,155.6
5577,AllCCS-32859911.0,Deoxyinosine,C10H12N4O4,[M+H-H2O]+,1.0,235.0826,1.0,152.9
5578,AllCCS-32859911.0,Deoxyinosine,C10H12N4O4,[M+NH4]+,1.0,270.1197,1.0,160.0
5579,AllCCS-32859911.0,Deoxyinosine,C10H12N4O4,[M+Na]+,1.0,275.0751,1.0,161.0
5585,DarkChem-31661259.0,Deoxyribose 5-phosphate,C5H11O7P,[M+H]+,1.0,215.0315,1.0,146.8
5587,AllCCS-32859911.0,Deoxyribose 5-phosphate,C5H11O7P,[M+H]+,1.0,215.0315,1.0,146.3
5589,DeepCCS-30932474.0,Deoxyribose 5-phosphate,C5H11O7P,[M+H]+,1.0,215.0315,1.0,138.5
5592,DeepCCS-30932474.0,Deoxyribose 5-phosphate,C5H11O7P,[M+Na]+,1.0,237.0135,1.0,144.5
5594,AllCCS-32859911.0,Deoxyribose 5-phosphate,C5H11O7P,[M+H-H2O]+,1.0,197.021,1.0,142.4
5595,AllCCS-32859911.0,Deoxyribose 5-phosphate,C5H11O7P,[M+NH4]+,1.0,232.0581,1.0,149.9
5596,AllCCS-32859911.0,Deoxyribose 5-phosphate,C5H11O7P,[M+Na]+,1.0,237.0135,1.0,150.9
5600,DarkChem-31661259.0,Deoxyribose 1-phosphate,C5H11O7P,[M+H]+,1.0,215.0315,1.0,148.1
5602,AllCCS-32859911.0,Deoxyribose 1-phosphate,C5H11O7P,[M+H]+,1.0,215.0315,1.0,146.6
5604,DeepCCS-30932474.0,Deoxyribose 1-phosphate,C5H11O7P,[M+H]+,1.0,215.0315,1.0,128.6
5607,DeepCCS-30932474.0,Deoxyribose 1-phosphate,C5H11O7P,[M+Na]+,1.0,237.0135,1.0,136.1
5609,AllCCS-32859911.0,Deoxyribose 1-phosphate,C5H11O7P,[M+H-H2O]+,1.0,197.021,1.0,142.7
5610,AllCCS-32859911.0,Deoxyribose 1-phosphate,C5H11O7P,[M+NH4]+,1.0,232.0581,1.0,150.2
5611,AllCCS-32859911.0,Deoxyribose 1-phosphate,C5H11O7P,[M+Na]+,1.0,237.0135,1.0,151.3
5615,DeepCCS-30932474.0,Dephospho-CoA,C21H35N7O13P2S,[M+H]+,1.0,688.1562,1.0,221.8
5618,DeepCCS-30932474.0,Dephospho-CoA,C21H35N7O13P2S,[M+Na]+,1.0,710.1381,1.0,227.6
5619,AllCCS-32859911.0,Dephospho-CoA,C21H35N7O13P2S,[M+H]+,1.0,688.1562,1.0,233.9
5620,AllCCS-32859911.0,Dephospho-CoA,C21H35N7O13P2S,[M+H-H2O]+,1.0,670.1456,1.0,233.6
5621,AllCCS-32859911.0,Dephospho-CoA,C21H35N7O13P2S,[M+NH4]+,1.0,705.1827,1.0,234.2
5622,AllCCS-32859911.0,Dephospho-CoA,C21H35N7O13P2S,[M+Na]+,1.0,710.1381,1.0,234.3
5626,DeepCCS-30932474.0,Dihydroneopterin phosphate,C9H14N5O7P,[M+H]+,1.0,336.0704,1.0,166.6
5629,DeepCCS-30932474.0,Dihydroneopterin phosphate,C9H14N5O7P,[M+Na]+,1.0,358.0523,1.0,173.3
5630,AllCCS-32859911.0,Dihydroneopterin phosphate,C9H14N5O7P,[M+H]+,1.0,336.0704,1.0,171.3
5631,AllCCS-32859911.0,Dihydroneopterin phosphate,C9H14N5O7P,[M+H-H2O]+,1.0,318.0598,1.0,168.3
5632,AllCCS-32859911.0,Dihydroneopterin phosphate,C9H14N5O7P,[M+NH4]+,1.0,353.0969,1.0,174.0
5633,AllCCS-32859911.0,Dihydroneopterin phosphate,C9H14N5O7P,[M+Na]+,1.0,358.0523,1.0,174.8
5652,DarkChem-31661259.0,"2,3-Diphosphoglyceric acid",C3H8O10P2,[M+H]+,1.0,266.9665,1.0,158.5
5654,AllCCS-32859911.0,"2,3-Diphosphoglyceric acid",C3H8O10P2,[M+H]+,1.0,266.9665,1.0,154.7
5656,DeepCCS-30932474.0,"2,3-Diphosphoglyceric acid",C3H8O10P2,[M+H]+,1.0,266.9665,1.0,131.5
5659,DeepCCS-30932474.0,"2,3-Diphosphoglyceric acid",C3H8O10P2,[M+Na]+,1.0,288.9485,1.0,137.4
5661,AllCCS-32859911.0,"2,3-Diphosphoglyceric acid",C3H8O10P2,[M+H-H2O]+,1.0,248.956,1.0,151.4
5662,AllCCS-32859911.0,"2,3-Diphosphoglyceric acid",C3H8O10P2,[M+NH4]+,1.0,283.9931,1.0,157.8
5663,AllCCS-32859911.0,"2,3-Diphosphoglyceric acid",C3H8O10P2,[M+Na]+,1.0,288.9485,1.0,158.7
5667,DeepCCS-30932474.0,"Glyceric acid 1,3-biphosphate",C3H8O10P2,[M+H]+,1.0,266.9665,1.0,129.3
5670,DeepCCS-30932474.0,"Glyceric acid 1,3-biphosphate",C3H8O10P2,[M+Na]+,1.0,288.9485,1.0,135.3
5671,AllCCS-32859911.0,"Glyceric acid 1,3-biphosphate",C3H8O10P2,[M+H]+,1.0,266.9665,1.0,154.2
5672,AllCCS-32859911.0,"Glyceric acid 1,3-biphosphate",C3H8O10P2,[M+H-H2O]+,1.0,248.956,1.0,150.9
5673,AllCCS-32859911.0,"Glyceric acid 1,3-biphosphate",C3H8O10P2,[M+NH4]+,1.0,283.9931,1.0,157.2
5674,AllCCS-32859911.0,"Glyceric acid 1,3-biphosphate",C3H8O10P2,[M+Na]+,1.0,288.9485,1.0,158.1
5678,DarkChem-31661259.0,Galacturonic acid,C6H10O7,[M+H]+,1.0,195.0499,1.0,145.8
5680,DeepCCS-30932474.0,Galacturonic acid,C6H10O7,[M+H]+,1.0,195.0499,1.0,148.7
5683,DeepCCS-30932474.0,Galacturonic acid,C6H10O7,[M+Na]+,1.0,217.0319,1.0,154.6
5684,AllCCS-32859911.0,Galacturonic acid,C6H10O7,[M+H]+,1.0,195.0499,1.0,143.3
5685,AllCCS-32859911.0,Galacturonic acid,C6H10O7,[M+H-H2O]+,1.0,177.0394,1.0,139.6
5686,AllCCS-32859911.0,Galacturonic acid,C6H10O7,[M+NH4]+,1.0,212.0765,1.0,146.8
5687,AllCCS-32859911.0,Galacturonic acid,C6H10O7,[M+Na]+,1.0,217.0319,1.0,147.8
5691,DarkChem-31661259.0,2-Phospho-D-glyceric acid,C3H7O7P,[M+H]+,1.0,187.0002,1.0,140.4
5693,DeepCCS-30932474.0,2-Phospho-D-glyceric acid,C3H7O7P,[M+H]+,1.0,187.0002,1.0,126.1
5696,DeepCCS-30932474.0,2-Phospho-D-glyceric acid,C3H7O7P,[M+Na]+,1.0,208.9822,1.0,135.4
5697,AllCCS-32859911.0,2-Phospho-D-glyceric acid,C3H7O7P,[M+H]+,1.0,187.0002,1.0,141.1
5698,AllCCS-32859911.0,2-Phospho-D-glyceric acid,C3H7O7P,[M+H-H2O]+,1.0,168.9897,1.0,137.3
5699,AllCCS-32859911.0,2-Phospho-D-glyceric acid,C3H7O7P,[M+NH4]+,1.0,204.0268,1.0,144.7
5700,AllCCS-32859911.0,2-Phospho-D-glyceric acid,C3H7O7P,[M+Na]+,1.0,208.9822,1.0,145.7
5704,DarkChem-31661259.0,Caprylic acid,C8H16O2,[M+H]+,1.0,145.1223,1.0,134.7
5706,AllCCS-32859911.0,Caprylic acid,C8H16O2,[M+H]+,1.0,145.1223,1.0,135.7
5708,DeepCCS-30932474.0,Caprylic acid,C8H16O2,[M+H]+,1.0,145.1223,1.0,145.1
5711,DeepCCS-30932474.0,Caprylic acid,C8H16O2,[M+Na]+,1.0,167.1042,1.0,153.7
5713,AllCCS-32859911.0,Caprylic acid,C8H16O2,[M+H-H2O]+,1.0,127.1117,1.0,131.7
5714,AllCCS-32859911.0,Caprylic acid,C8H16O2,[M+NH4]+,1.0,162.1489,1.0,139.5
5715,AllCCS-32859911.0,Caprylic acid,C8H16O2,[M+Na]+,1.0,167.1042,1.0,140.6
5719,DarkChem-31661259.0,Capric acid,C10H20O2,[M+H]+,1.0,173.1536,1.0,143.2
5721,AllCCS-32859911.0,Capric acid,C10H20O2,[M+H]+,1.0,173.1536,1.0,143.8
5723,DeepCCS-30932474.0,Capric acid,C10H20O2,[M+H]+,1.0,173.1536,1.0,148.1
5726,DeepCCS-30932474.0,Capric acid,C10H20O2,[M+Na]+,1.0,195.1355,1.0,156.9
5728,AllCCS-32859911.0,Capric acid,C10H20O2,[M+H-H2O]+,1.0,155.143,1.0,140.0
5729,AllCCS-32859911.0,Capric acid,C10H20O2,[M+NH4]+,1.0,190.1802,1.0,147.4
5730,AllCCS-32859911.0,Capric acid,C10H20O2,[M+Na]+,1.0,195.1355,1.0,148.4
5734,DarkChem-31661259.0,Myristic acid,C14H28O2,[M+H]+,1.0,229.2162,1.0,159.6
5736,AllCCS-32859911.0,Myristic acid,C14H28O2,[M+H]+,1.0,229.2162,1.0,162.2
5738,DeepCCS-30932474.0,Myristic acid,C14H28O2,[M+H]+,1.0,229.2162,1.0,158.0
5741,DeepCCS-30932474.0,Myristic acid,C14H28O2,[M+Na]+,1.0,251.1981,1.0,166.8
5743,AllCCS-32859911.0,Myristic acid,C14H28O2,[M+H-H2O]+,1.0,211.2056,1.0,158.8
5744,AllCCS-32859911.0,Myristic acid,C14H28O2,[M+NH4]+,1.0,246.2428,1.0,165.4
5745,AllCCS-32859911.0,Myristic acid,C14H28O2,[M+Na]+,1.0,251.1981,1.0,166.3
5749,DarkChem-31661259.0,Myristoleic acid,C14H26O2,[M+H]+,1.0,227.2006,1.0,162.7
5751,DeepCCS-30932474.0,Myristoleic acid,C14H26O2,[M+H]+,1.0,227.2006,1.0,159.7
5754,DeepCCS-30932474.0,Myristoleic acid,C14H26O2,[M+Na]+,1.0,249.1825,1.0,168.8
5755,AllCCS-32859911.0,Myristoleic acid,C14H26O2,[M+H]+,1.0,227.2006,1.0,160.7
5756,AllCCS-32859911.0,Myristoleic acid,C14H26O2,[M+H-H2O]+,1.0,209.19,1.0,157.3
5757,AllCCS-32859911.0,Myristoleic acid,C14H26O2,[M+NH4]+,1.0,244.2271,1.0,163.9
5758,AllCCS-32859911.0,Myristoleic acid,C14H26O2,[M+Na]+,1.0,249.1825,1.0,164.8
5762,DarkChem-31661259.0,Palmitoleic acid,C16H30O2,[M+H]+,1.0,255.2319,1.0,168.8
5764,DeepCCS-30932474.0,Palmitoleic acid,C16H30O2,[M+H]+,1.0,255.2319,1.0,172.0
5767,DeepCCS-30932474.0,Palmitoleic acid,C16H30O2,[M+Na]+,1.0,277.2138,1.0,181.2
5768,AllCCS-32859911.0,Palmitoleic acid,C16H30O2,[M+H]+,1.0,255.2319,1.0,170.1
5769,AllCCS-32859911.0,Palmitoleic acid,C16H30O2,[M+H-H2O]+,1.0,237.2213,1.0,166.9
5770,AllCCS-32859911.0,Palmitoleic acid,C16H30O2,[M+NH4]+,1.0,272.2584,1.0,173.1
5771,AllCCS-32859911.0,Palmitoleic acid,C16H30O2,[M+Na]+,1.0,277.2138,1.0,173.9
5775,DarkChem-31661259.0,Stearic acid,C18H36O2,[M+H]+,1.0,285.2788,1.0,175.8
5777,AllCCS-32859911.0,Stearic acid,C18H36O2,[M+H]+,1.0,285.2788,1.0,182.3
5779,DeepCCS-30932474.0,Stearic acid,C18H36O2,[M+H]+,1.0,285.2788,1.0,174.3
5782,DeepCCS-30932474.0,Stearic acid,C18H36O2,[M+Na]+,1.0,307.2607,1.0,183.4
5784,AllCCS-32859911.0,Stearic acid,C18H36O2,[M+H-H2O]+,1.0,267.2682,1.0,179.4
5785,AllCCS-32859911.0,Stearic acid,C18H36O2,[M+NH4]+,1.0,302.3054,1.0,185.0
5786,AllCCS-32859911.0,Stearic acid,C18H36O2,[M+Na]+,1.0,307.2607,1.0,185.8
5790,DarkChem-31661259.0,Tetracosanoic acid,C24H48O2,[M+H]+,1.0,369.3727,1.0,199.6
5792,DeepCCS-30932474.0,Tetracosanoic acid,C24H48O2,[M+H]+,1.0,369.3727,1.0,194.4
5795,DeepCCS-30932474.0,Tetracosanoic acid,C24H48O2,[M+Na]+,1.0,391.3546,1.0,203.2
5796,AllCCS-32859911.0,Tetracosanoic acid,C24H48O2,[M+H]+,1.0,369.3727,1.0,212.5
5797,AllCCS-32859911.0,Tetracosanoic acid,C24H48O2,[M+H-H2O]+,1.0,351.3621,1.0,210.2
5798,AllCCS-32859911.0,Tetracosanoic acid,C24H48O2,[M+NH4]+,1.0,386.3993,1.0,214.6
5799,AllCCS-32859911.0,Tetracosanoic acid,C24H48O2,[M+Na]+,1.0,391.3546,1.0,215.2
5803,DarkChem-31661259.0,FMNH2,C17H23N4O9P,[M+H]+,1.0,459.1275,1.0,202.6
5805,AllCCS-32859911.0,FMNH2,C17H23N4O9P,[M+H]+,1.0,459.1275,1.0,199.8
5807,DeepCCS-30932474.0,FMNH2,C17H23N4O9P,[M+H]+,1.0,459.1275,1.0,188.4
5810,DeepCCS-30932474.0,FMNH2,C17H23N4O9P,[M+Na]+,1.0,481.1095,1.0,195.0
5812,AllCCS-32859911.0,FMNH2,C17H23N4O9P,[M+H-H2O]+,1.0,441.117,1.0,197.7
5813,AllCCS-32859911.0,FMNH2,C17H23N4O9P,[M+NH4]+,1.0,476.1541,1.0,201.6
5814,AllCCS-32859911.0,FMNH2,C17H23N4O9P,[M+Na]+,1.0,481.1095,1.0,202.2
5820,DarkChem-31661259.0,gamma-Glutamylalanine,C8H14N2O5,[M+H]+,1.0,219.0975,1.0,151.1
5822,DeepCCS-30932474.0,gamma-Glutamylalanine,C8H14N2O5,[M+H]+,1.0,219.0975,1.0,149.4
5825,DeepCCS-30932474.0,gamma-Glutamylalanine,C8H14N2O5,[M+Na]+,1.0,241.0795,1.0,155.4
5826,AllCCS-32859911.0,gamma-Glutamylalanine,C8H14N2O5,[M+H]+,1.0,219.0975,1.0,149.1
5827,AllCCS-32859911.0,gamma-Glutamylalanine,C8H14N2O5,[M+H-H2O]+,1.0,201.087,1.0,145.7
5828,AllCCS-32859911.0,gamma-Glutamylalanine,C8H14N2O5,[M+NH4]+,1.0,236.1241,1.0,152.3
5829,AllCCS-32859911.0,gamma-Glutamylalanine,C8H14N2O5,[M+Na]+,1.0,241.0795,1.0,153.2
5835,DarkChem-31661259.0,L-2-Amino-3-oxobutanoic acid,C4H7NO3,[M+H]+,1.0,118.0499,1.0,125.8
5837,DeepCCS-30932474.0,L-2-Amino-3-oxobutanoic acid,C4H7NO3,[M+H]+,1.0,118.0499,1.0,120.4
5840,DeepCCS-30932474.0,L-2-Amino-3-oxobutanoic acid,C4H7NO3,[M+Na]+,1.0,140.0318,1.0,129.1
5841,AllCCS-32859911.0,L-2-Amino-3-oxobutanoic acid,C4H7NO3,[M+H]+,1.0,118.0499,1.0,128.8
5842,AllCCS-32859911.0,L-2-Amino-3-oxobutanoic acid,C4H7NO3,[M+H-H2O]+,1.0,100.0393,1.0,124.6
5843,AllCCS-32859911.0,L-2-Amino-3-oxobutanoic acid,C4H7NO3,[M+NH4]+,1.0,135.0764,1.0,132.8
5844,AllCCS-32859911.0,L-2-Amino-3-oxobutanoic acid,C4H7NO3,[M+Na]+,1.0,140.0318,1.0,133.9
5848,DarkChem-31661259.0,S-aminomethyldihydrolipoamide,C9H20N2OS2,[M+H]+,1.0,237.109,1.0,154.3
5850,DeepCCS-30932474.0,S-aminomethyldihydrolipoamide,C9H20N2OS2,[M+H]+,1.0,237.109,1.0,155.1
5853,DeepCCS-30932474.0,S-aminomethyldihydrolipoamide,C9H20N2OS2,[M+Na]+,1.0,259.0909,1.0,164.4
5854,AllCCS-32859911.0,S-aminomethyldihydrolipoamide,C9H20N2OS2,[M+H]+,1.0,237.109,1.0,151.3
5855,AllCCS-32859911.0,S-aminomethyldihydrolipoamide,C9H20N2OS2,[M+H-H2O]+,1.0,219.0984,1.0,148.1
5856,AllCCS-32859911.0,S-aminomethyldihydrolipoamide,C9H20N2OS2,[M+NH4]+,1.0,254.1355,1.0,154.2
5857,AllCCS-32859911.0,S-aminomethyldihydrolipoamide,C9H20N2OS2,[M+Na]+,1.0,259.0909,1.0,155.1
5861,DarkChem-31661259.0,Lipoamide,C8H15NOS2,[M+H]+,1.0,206.0668,1.0,144.7
5863,AllCCS-32859911.0,Lipoamide,C8H15NOS2,[M+H]+,1.0,206.0668,1.0,143.7
5865,DeepCCS-30932474.0,Lipoamide,C8H15NOS2,[M+H]+,1.0,206.0668,1.0,147.4
5868,DeepCCS-30932474.0,Lipoamide,C8H15NOS2,[M+Na]+,1.0,228.0487,1.0,156.1
5870,AllCCS-32859911.0,Lipoamide,C8H15NOS2,[M+H-H2O]+,1.0,188.0562,1.0,139.9
5871,AllCCS-32859911.0,Lipoamide,C8H15NOS2,[M+NH4]+,1.0,223.0933,1.0,147.3
5872,AllCCS-32859911.0,Lipoamide,C8H15NOS2,[M+Na]+,1.0,228.0487,1.0,148.3
5876,DarkChem-31661259.0,Guanine,C5H5N5O,[M+H]+,1.0,152.0567,1.0,131.5
5878,AllCCS-32859911.0,Guanine,C5H5N5O,[M+H]+,1.0,152.0567,1.0,132.2
5883,DeepCCS-30932474.0,Guanine,C5H5N5O,[M+Na]+,1.0,174.0386,1.0,140.1
5885,AllCCS-32859911.0,Guanine,C5H5N5O,[M+H-H2O]+,1.0,134.0461,1.0,127.6
5886,AllCCS-32859911.0,Guanine,C5H5N5O,[M+NH4]+,1.0,169.0832,1.0,136.6
5887,AllCCS-32859911.0,Guanine,C5H5N5O,[M+Na]+,1.0,174.0386,1.0,137.9
5891,DarkChem-31661259.0,Deoxyadenosine triphosphate,C10H16N5O12P3,[M+H]+,1.0,492.0081,1.0,201.6
5893,AllCCS-32859911.0,Deoxyadenosine triphosphate,C10H16N5O12P3,[M+H]+,1.0,492.0081,1.0,196.5
5895,DeepCCS-30932474.0,Deoxyadenosine triphosphate,C10H16N5O12P3,[M+H]+,1.0,492.0081,1.0,157.6
5898,DeepCCS-30932474.0,Deoxyadenosine triphosphate,C10H16N5O12P3,[M+Na]+,1.0,513.99,1.0,164.7
5900,AllCCS-32859911.0,Deoxyadenosine triphosphate,C10H16N5O12P3,[M+H-H2O]+,1.0,473.9975,1.0,194.6
5901,AllCCS-32859911.0,Deoxyadenosine triphosphate,C10H16N5O12P3,[M+NH4]+,1.0,509.0347,1.0,198.2
5902,AllCCS-32859911.0,Deoxyadenosine triphosphate,C10H16N5O12P3,[M+Na]+,1.0,513.99,1.0,198.7
5907,DarkChem-31661259.0,L-Histidinol,C6H11N3O,[M+H]+,1.0,142.0975,1.0,129.7
5909,DeepCCS-30932474.0,L-Histidinol,C6H11N3O,[M+H]+,1.0,142.0975,1.0,127.9
5912,DeepCCS-30932474.0,L-Histidinol,C6H11N3O,[M+Na]+,1.0,164.0794,1.0,137.0
5913,AllCCS-32859911.0,L-Histidinol,C6H11N3O,[M+H]+,1.0,142.0975,1.0,131.8
5914,AllCCS-32859911.0,L-Histidinol,C6H11N3O,[M+H-H2O]+,1.0,124.0869,1.0,127.4
5915,AllCCS-32859911.0,L-Histidinol,C6H11N3O,[M+NH4]+,1.0,159.124,1.0,135.9
5916,AllCCS-32859911.0,L-Histidinol,C6H11N3O,[M+Na]+,1.0,164.0794,1.0,137.1
5920,DarkChem-31661259.0,Methylhistidine,C7H11N3O2,[M+H]+,1.0,170.0924,1.0,137.4
5922,AllCCS-32859911.0,Methylhistidine,C7H11N3O2,[M+H]+,1.0,170.0924,1.0,137.9
5924,DeepCCS-30932474.0,Methylhistidine,C7H11N3O2,[M+H]+,1.0,170.0924,1.0,131.1
5927,DeepCCS-30932474.0,Methylhistidine,C7H11N3O2,[M+Na]+,1.0,192.0743,1.0,139.3
5929,AllCCS-32859911.0,Methylhistidine,C7H11N3O2,[M+H-H2O]+,1.0,152.0818,1.0,133.7
5930,AllCCS-32859911.0,Methylhistidine,C7H11N3O2,[M+NH4]+,1.0,187.1189,1.0,141.9
5931,AllCCS-32859911.0,Methylhistidine,C7H11N3O2,[M+Na]+,1.0,192.0743,1.0,143.0
5936,DarkChem-31661259.0,5-(2-Hydroxyethyl)-4-methylthiazole,C6H9NOS,[M+H]+,1.0,144.0478,1.0,126.8
5938,DeepCCS-30932474.0,5-(2-Hydroxyethyl)-4-methylthiazole,C6H9NOS,[M+H]+,1.0,144.0478,1.0,133.3
5941,DeepCCS-30932474.0,5-(2-Hydroxyethyl)-4-methylthiazole,C6H9NOS,[M+Na]+,1.0,166.0297,1.0,142.0
5942,AllCCS-32859911.0,5-(2-Hydroxyethyl)-4-methylthiazole,C6H9NOS,[M+H]+,1.0,144.0478,1.0,128.7
5943,AllCCS-32859911.0,5-(2-Hydroxyethyl)-4-methylthiazole,C6H9NOS,[M+H-H2O]+,1.0,126.0372,1.0,124.1
5944,AllCCS-32859911.0,5-(2-Hydroxyethyl)-4-methylthiazole,C6H9NOS,[M+NH4]+,1.0,161.0743,1.0,132.9
5945,AllCCS-32859911.0,5-(2-Hydroxyethyl)-4-methylthiazole,C6H9NOS,[M+Na]+,1.0,166.0297,1.0,134.1
5949,DarkChem-31661259.0,Mevalonic acid,C6H12O4,[M+H]+,1.0,149.0808,1.0,133.5
5951,AllCCS-32859911.0,Mevalonic acid,C6H12O4,[M+H]+,1.0,149.0808,1.0,134.0
5953,DeepCCS-30932474.0,Mevalonic acid,C6H12O4,[M+H]+,1.0,149.0808,1.0,126.8
5956,DeepCCS-30932474.0,Mevalonic acid,C6H12O4,[M+Na]+,1.0,171.0628,1.0,135.4
5958,AllCCS-32859911.0,Mevalonic acid,C6H12O4,[M+H-H2O]+,1.0,131.0703,1.0,130.0
5959,AllCCS-32859911.0,Mevalonic acid,C6H12O4,[M+NH4]+,1.0,166.1074,1.0,137.7
5960,AllCCS-32859911.0,Mevalonic acid,C6H12O4,[M+Na]+,1.0,171.0628,1.0,138.8
5966,DeepCCS-30932474.0,"myo-Inositol 1,3,4,5-tetrakisphosphate",C6H16O18P4,[M+H]+,1.0,500.936,1.0,173.0
5969,DeepCCS-30932474.0,"myo-Inositol 1,3,4,5-tetrakisphosphate",C6H16O18P4,[M+Na]+,1.0,522.9179,1.0,178.8
5970,AllCCS-32859911.0,"myo-Inositol 1,3,4,5-tetrakisphosphate",C6H16O18P4,[M+H]+,1.0,500.936,1.0,194.7
5971,AllCCS-32859911.0,"myo-Inositol 1,3,4,5-tetrakisphosphate",C6H16O18P4,[M+H-H2O]+,1.0,482.9254,1.0,192.8
5972,AllCCS-32859911.0,"myo-Inositol 1,3,4,5-tetrakisphosphate",C6H16O18P4,[M+NH4]+,1.0,517.9625,1.0,196.4
5973,AllCCS-32859911.0,"myo-Inositol 1,3,4,5-tetrakisphosphate",C6H16O18P4,[M+Na]+,1.0,522.9179,1.0,196.9
5979,DeepCCS-30932474.0,myo-Inositol 1-phosphate,C6H13O9P,[M+H]+,1.0,261.037,1.0,150.0
5982,DeepCCS-30932474.0,myo-Inositol 1-phosphate,C6H13O9P,[M+Na]+,1.0,283.0189,1.0,156.4
5983,DarkChem-31661259.0,D-myo-Inositol 3-phosphate,C6H13O9P,[M+H]+,1.0,261.037,1.0,156.5
5985,DeepCCS-30932474.0,D-myo-Inositol 3-phosphate,C6H13O9P,[M+H]+,1.0,261.037,1.0,149.5
5988,DeepCCS-30932474.0,D-myo-Inositol 3-phosphate,C6H13O9P,[M+Na]+,1.0,283.0189,1.0,156.0
5989,AllCCS-32859911.0,D-myo-Inositol 3-phosphate,C6H13O9P,[M+H]+,1.0,261.037,1.0,157.3
5990,AllCCS-32859911.0,D-myo-Inositol 3-phosphate,C6H13O9P,[M+H-H2O]+,1.0,243.0264,1.0,153.8
5991,AllCCS-32859911.0,D-myo-Inositol 3-phosphate,C6H13O9P,[M+NH4]+,1.0,278.0635,1.0,160.5
5992,AllCCS-32859911.0,D-myo-Inositol 3-phosphate,C6H13O9P,[M+Na]+,1.0,283.0189,1.0,161.5
5996,DarkChem-31661259.0,Itaconic acid,C5H6O4,[M+H]+,1.0,131.0339,1.0,127.6
5998,DeepCCS-30932474.0,Itaconic acid,C5H6O4,[M+H]+,1.0,131.0339,1.0,123.9
6001,DeepCCS-30932474.0,Itaconic acid,C5H6O4,[M+Na]+,1.0,153.0158,1.0,132.6
6002,AllCCS-32859911.0,Itaconic acid,C5H6O4,[M+H]+,1.0,131.0339,1.0,130.7
6003,AllCCS-32859911.0,Itaconic acid,C5H6O4,[M+H-H2O]+,1.0,113.0233,1.0,126.5
6004,AllCCS-32859911.0,Itaconic acid,C5H6O4,[M+NH4]+,1.0,148.0604,1.0,134.6
6005,AllCCS-32859911.0,Itaconic acid,C5H6O4,[M+Na]+,1.0,153.0158,1.0,135.7
6010,DarkChem-31661259.0,Pyrroline hydroxycarboxylic acid,C5H7NO3,[M+H]+,1.0,130.0499,1.0,127.4
6012,AllCCS-32859911.0,Pyrroline hydroxycarboxylic acid,C5H7NO3,[M+H]+,1.0,130.0499,1.0,128.8
6014,DeepCCS-30932474.0,Pyrroline hydroxycarboxylic acid,C5H7NO3,[M+H]+,1.0,130.0499,1.0,123.7
6017,DeepCCS-30932474.0,Pyrroline hydroxycarboxylic acid,C5H7NO3,[M+Na]+,1.0,152.0318,1.0,132.2
6019,AllCCS-32859911.0,Pyrroline hydroxycarboxylic acid,C5H7NO3,[M+H-H2O]+,1.0,112.0393,1.0,124.1
6020,AllCCS-32859911.0,Pyrroline hydroxycarboxylic acid,C5H7NO3,[M+NH4]+,1.0,147.0764,1.0,133.2
6021,AllCCS-32859911.0,Pyrroline hydroxycarboxylic acid,C5H7NO3,[M+Na]+,1.0,152.0318,1.0,134.4
6025,DeepCCS-30932474.0,4-Hydroxy-L-glutamic acid,C5H9NO5,[M+H]+,1.0,164.0553,1.0,132.4
6028,DeepCCS-30932474.0,4-Hydroxy-L-glutamic acid,C5H9NO5,[M+Na]+,1.0,186.0373,1.0,139.8
6029,AllCCS-32859911.0,4-Hydroxy-L-glutamic acid,C5H9NO5,[M+H]+,1.0,164.0553,1.0,136.6
6030,AllCCS-32859911.0,4-Hydroxy-L-glutamic acid,C5H9NO5,[M+H-H2O]+,1.0,146.0448,1.0,132.7
6031,AllCCS-32859911.0,4-Hydroxy-L-glutamic acid,C5H9NO5,[M+NH4]+,1.0,181.0819,1.0,140.3
6032,AllCCS-32859911.0,4-Hydroxy-L-glutamic acid,C5H9NO5,[M+Na]+,1.0,186.0373,1.0,141.3
6036,DarkChem-31661259.0,L-4-Hydroxyglutamate semialdehyde,C5H9NO4,[M+H]+,1.0,148.0604,1.0,134.9
6038,DeepCCS-30932474.0,L-4-Hydroxyglutamate semialdehyde,C5H9NO4,[M+H]+,1.0,148.0604,1.0,131.6
6041,DeepCCS-30932474.0,L-4-Hydroxyglutamate semialdehyde,C5H9NO4,[M+Na]+,1.0,170.0424,1.0,140.3
6042,AllCCS-32859911.0,L-4-Hydroxyglutamate semialdehyde,C5H9NO4,[M+H]+,1.0,148.0604,1.0,133.8
6043,AllCCS-32859911.0,L-4-Hydroxyglutamate semialdehyde,C5H9NO4,[M+H-H2O]+,1.0,130.0499,1.0,129.7
6044,AllCCS-32859911.0,L-4-Hydroxyglutamate semialdehyde,C5H9NO4,[M+NH4]+,1.0,165.087,1.0,137.5
6045,AllCCS-32859911.0,L-4-Hydroxyglutamate semialdehyde,C5H9NO4,[M+Na]+,1.0,170.0424,1.0,138.6
6049,DarkChem-31661259.0,Allysine,C6H11NO3,[M+H]+,1.0,146.0812,1.0,132.3
6051,AllCCS-32859911.0,Allysine,C6H11NO3,[M+H]+,1.0,146.0812,1.0,133.6
6053,DeepCCS-30932474.0,Allysine,C6H11NO3,[M+H]+,1.0,146.0812,1.0,130.1
6056,DeepCCS-30932474.0,Allysine,C6H11NO3,[M+Na]+,1.0,168.0631,1.0,138.8
6058,AllCCS-32859911.0,Allysine,C6H11NO3,[M+H-H2O]+,1.0,128.0706,1.0,129.6
6059,AllCCS-32859911.0,Allysine,C6H11NO3,[M+NH4]+,1.0,163.1077,1.0,137.3
6060,AllCCS-32859911.0,Allysine,C6H11NO3,[M+Na]+,1.0,168.0631,1.0,138.4
6064,DarkChem-31661259.0,4-Hydroxy-2-oxoglutaric acid,C5H6O6,[M+H]+,1.0,163.0237,1.0,135.9
6066,DeepCCS-30932474.0,4-Hydroxy-2-oxoglutaric acid,C5H6O6,[M+H]+,1.0,163.0237,1.0,126.0
6069,DeepCCS-30932474.0,4-Hydroxy-2-oxoglutaric acid,C5H6O6,[M+Na]+,1.0,185.0057,1.0,135.1
6070,AllCCS-32859911.0,4-Hydroxy-2-oxoglutaric acid,C5H6O6,[M+H]+,1.0,163.0237,1.0,136.0
6071,AllCCS-32859911.0,4-Hydroxy-2-oxoglutaric acid,C5H6O6,[M+H-H2O]+,1.0,145.0131,1.0,132.0
6072,AllCCS-32859911.0,4-Hydroxy-2-oxoglutaric acid,C5H6O6,[M+NH4]+,1.0,180.0503,1.0,139.6
6073,AllCCS-32859911.0,4-Hydroxy-2-oxoglutaric acid,C5H6O6,[M+Na]+,1.0,185.0057,1.0,140.7
6077,DarkChem-31661259.0,4-Hydroxyproline,C5H9NO3,[M+H]+,1.0,132.0655,1.0,128.8
6079,AllCCS-32859911.0,4-Hydroxyproline,C5H9NO3,[M+H]+,1.0,132.0655,1.0,129.3
6081,DeepCCS-30932474.0,4-Hydroxyproline,C5H9NO3,[M+H]+,1.0,132.0655,1.0,125.4
6084,DeepCCS-30932474.0,4-Hydroxyproline,C5H9NO3,[M+Na]+,1.0,154.0475,1.0,134.5
6086,AllCCS-32859911.0,4-Hydroxyproline,C5H9NO3,[M+H-H2O]+,1.0,114.055,1.0,124.7
6087,AllCCS-32859911.0,4-Hydroxyproline,C5H9NO3,[M+NH4]+,1.0,149.0921,1.0,133.5
6088,AllCCS-32859911.0,4-Hydroxyproline,C5H9NO3,[M+Na]+,1.0,154.0475,1.0,134.7
6095,DarkChem-31661259.0,"(S)-2,3-Epoxysqualene",C30H50O,[M+H]+,1.0,427.3934,1.0,205.8
6097,AllCCS-32859911.0,"(S)-2,3-Epoxysqualene",C30H50O,[M+H]+,1.0,427.3934,1.0,222.3
6099,DeepCCS-30932474.0,"(S)-2,3-Epoxysqualene",C30H50O,[M+H]+,1.0,427.3934,1.0,221.3
6102,DeepCCS-30932474.0,"(S)-2,3-Epoxysqualene",C30H50O,[M+Na]+,1.0,449.3754,1.0,227.4
6104,AllCCS-32859911.0,"(S)-2,3-Epoxysqualene",C30H50O,[M+H-H2O]+,1.0,409.3829,1.0,220.2
6105,AllCCS-32859911.0,"(S)-2,3-Epoxysqualene",C30H50O,[M+NH4]+,1.0,444.42,1.0,224.1
6106,AllCCS-32859911.0,"(S)-2,3-Epoxysqualene",C30H50O,[M+Na]+,1.0,449.3754,1.0,224.7
6112,DarkChem-31661259.0,Leukotriene B4,C20H32O4,[M+H]+,1.0,337.2373,1.0,193.0
6114,AllCCS-32859911.0,Leukotriene B4,C20H32O4,[M+H]+,1.0,337.2373,1.0,190.8
6116,DeepCCS-30932474.0,Leukotriene B4,C20H32O4,[M+H]+,1.0,337.2373,1.0,197.2
6119,DeepCCS-30932474.0,Leukotriene B4,C20H32O4,[M+Na]+,1.0,359.2193,1.0,204.5
6121,AllCCS-32859911.0,Leukotriene B4,C20H32O4,[M+H-H2O]+,1.0,319.2268,1.0,188.0
6122,AllCCS-32859911.0,Leukotriene B4,C20H32O4,[M+NH4]+,1.0,354.2639,1.0,193.4
6123,AllCCS-32859911.0,Leukotriene B4,C20H32O4,[M+Na]+,1.0,359.2193,1.0,194.1
6128,DeepCCS-30932474.0,3-Oxoicosanoyl-CoA,C41H72N7O18P3S,[M+H]+,1.0,1076.394,1.0,287.1
6131,DeepCCS-30932474.0,3-Oxoicosanoyl-CoA,C41H72N7O18P3S,[M+Na]+,1.0,1098.376,1.0,295.1
6132,AllCCS-32859911.0,3-Oxoicosanoyl-CoA,C41H72N7O18P3S,[M+H]+,1.0,1076.394,1.0,305.7
6133,AllCCS-32859911.0,3-Oxoicosanoyl-CoA,C41H72N7O18P3S,[M+H-H2O]+,1.0,1058.3834,1.0,306.3
6134,AllCCS-32859911.0,3-Oxoicosanoyl-CoA,C41H72N7O18P3S,[M+NH4]+,1.0,1093.4206,1.0,305.2
6135,AllCCS-32859911.0,3-Oxoicosanoyl-CoA,C41H72N7O18P3S,[M+Na]+,1.0,1098.376,1.0,305.0
6139,DeepCCS-30932474.0,3-Oxodocosanoyl-CoA,C43H76N7O18P3S,[M+H]+,1.0,1104.4253,1.0,295.8
6142,DeepCCS-30932474.0,3-Oxodocosanoyl-CoA,C43H76N7O18P3S,[M+Na]+,1.0,1126.4073,1.0,303.2
6143,AllCCS-32859911.0,3-Oxodocosanoyl-CoA,C43H76N7O18P3S,[M+H]+,1.0,1104.4253,1.0,311.9
6144,AllCCS-32859911.0,3-Oxodocosanoyl-CoA,C43H76N7O18P3S,[M+H-H2O]+,1.0,1086.4147,1.0,312.5
6145,AllCCS-32859911.0,3-Oxodocosanoyl-CoA,C43H76N7O18P3S,[M+NH4]+,1.0,1121.4519,1.0,311.4
6146,AllCCS-32859911.0,3-Oxodocosanoyl-CoA,C43H76N7O18P3S,[M+Na]+,1.0,1126.4073,1.0,311.3
6151,DeepCCS-30932474.0,3-Oxotetracosanoyl-CoA,C45H80N7O18P3S,[M+H]+,1.0,1132.4566,1.0,297.7
6154,DeepCCS-30932474.0,3-Oxotetracosanoyl-CoA,C45H80N7O18P3S,[M+Na]+,1.0,1154.4386,1.0,304.5
6155,AllCCS-32859911.0,3-Oxotetracosanoyl-CoA,C45H80N7O18P3S,[M+H]+,1.0,1132.4566,1.0,318.0
6156,AllCCS-32859911.0,3-Oxotetracosanoyl-CoA,C45H80N7O18P3S,[M+H-H2O]+,1.0,1114.4461,1.0,318.5
6157,AllCCS-32859911.0,3-Oxotetracosanoyl-CoA,C45H80N7O18P3S,[M+NH4]+,1.0,1149.4832,1.0,317.5
6158,AllCCS-32859911.0,3-Oxotetracosanoyl-CoA,C45H80N7O18P3S,[M+Na]+,1.0,1154.4386,1.0,317.4
6163,DarkChem-31661259.0,N-Acetyl-D-Glucosamine 6-Phosphate,C8H16NO9P,[M+H]+,1.0,302.0635,1.0,167.6
6165,AllCCS-32859911.0,N-Acetyl-D-Glucosamine 6-Phosphate,C8H16NO9P,[M+H]+,1.0,302.0635,1.0,165.1
6167,DeepCCS-30932474.0,N-Acetyl-D-Glucosamine 6-Phosphate,C8H16NO9P,[M+H]+,1.0,302.0635,1.0,156.7
6170,DeepCCS-30932474.0,N-Acetyl-D-Glucosamine 6-Phosphate,C8H16NO9P,[M+Na]+,1.0,324.0455,1.0,164.0
6172,AllCCS-32859911.0,N-Acetyl-D-Glucosamine 6-Phosphate,C8H16NO9P,[M+H-H2O]+,1.0,284.053,1.0,162.0
6173,AllCCS-32859911.0,N-Acetyl-D-Glucosamine 6-Phosphate,C8H16NO9P,[M+NH4]+,1.0,319.0901,1.0,168.1
6174,AllCCS-32859911.0,N-Acetyl-D-Glucosamine 6-Phosphate,C8H16NO9P,[M+Na]+,1.0,324.0455,1.0,168.9
6178,DarkChem-31661259.0,N-Acetylputrescine,C6H14N2O,[M+H]+,1.0,131.1179,1.0,128.0
6180,DeepCCS-30932474.0,N-Acetylputrescine,C6H14N2O,[M+H]+,1.0,131.1179,1.0,130.3
6183,DeepCCS-30932474.0,N-Acetylputrescine,C6H14N2O,[M+Na]+,1.0,153.0998,1.0,139.3
6184,AllCCS-32859911.0,N-Acetylputrescine,C6H14N2O,[M+H]+,1.0,131.1179,1.0,130.4
6185,AllCCS-32859911.0,N-Acetylputrescine,C6H14N2O,[M+H-H2O]+,1.0,113.1073,1.0,126.4
6186,AllCCS-32859911.0,N-Acetylputrescine,C6H14N2O,[M+NH4]+,1.0,148.1444,1.0,134.2
6187,AllCCS-32859911.0,N-Acetylputrescine,C6H14N2O,[M+Na]+,1.0,153.0998,1.0,135.3
6192,DarkChem-31661259.0,Nicotinic acid mononucleotide,C11H15NO9P,[M+H]+,1.0,337.0557,1.0,174.0
6194,AllCCS-32859911.0,Nicotinic acid mononucleotide,C11H15NO9P,[M+H]+,1.0,337.0557,1.0,171.3
6196,DeepCCS-30932474.0,Nicotinic acid mononucleotide,C11H15NO9P,[M+H]+,1.0,337.0557,1.0,164.2
6199,DeepCCS-30932474.0,Nicotinic acid mononucleotide,C11H15NO9P,[M+Na]+,1.0,359.0377,1.0,170.6
6201,AllCCS-32859911.0,Nicotinic acid mononucleotide,C11H15NO9P,[M+H-H2O]+,1.0,319.0452,1.0,168.3
6202,AllCCS-32859911.0,Nicotinic acid mononucleotide,C11H15NO9P,[M+NH4]+,1.0,354.0823,1.0,174.1
6203,AllCCS-32859911.0,Nicotinic acid mononucleotide,C11H15NO9P,[M+Na]+,1.0,359.0377,1.0,174.9
6207,DarkChem-31661259.0,dGTP,C10H16N5O13P3,[M+H]+,1.0,508.003,1.0,204.0
6209,AllCCS-32859911.0,dGTP,C10H16N5O13P3,[M+H]+,1.0,508.003,1.0,197.6
6211,DeepCCS-30932474.0,dGTP,C10H16N5O13P3,[M+H]+,1.0,508.003,1.0,171.8
6214,DeepCCS-30932474.0,dGTP,C10H16N5O13P3,[M+Na]+,1.0,529.985,1.0,179.1
6216,AllCCS-32859911.0,dGTP,C10H16N5O13P3,[M+H-H2O]+,1.0,489.9925,1.0,195.8
6217,AllCCS-32859911.0,dGTP,C10H16N5O13P3,[M+NH4]+,1.0,525.0296,1.0,199.3
6218,AllCCS-32859911.0,dGTP,C10H16N5O13P3,[M+Na]+,1.0,529.985,1.0,199.7
6222,DarkChem-31661259.0,Thymidine 5'-triphosphate,C10H17N2O14P3,[M+H]+,1.0,482.9965,1.0,200.0
6224,AllCCS-32859911.0,Thymidine 5'-triphosphate,C10H17N2O14P3,[M+H]+,1.0,482.9965,1.0,194.7
6226,DeepCCS-30932474.0,Thymidine 5'-triphosphate,C10H17N2O14P3,[M+H]+,1.0,482.9965,1.0,175.7
6229,DeepCCS-30932474.0,Thymidine 5'-triphosphate,C10H17N2O14P3,[M+Na]+,1.0,504.9785,1.0,183.0
6231,AllCCS-32859911.0,Thymidine 5'-triphosphate,C10H17N2O14P3,[M+H-H2O]+,1.0,464.986,1.0,192.8
6232,AllCCS-32859911.0,Thymidine 5'-triphosphate,C10H17N2O14P3,[M+NH4]+,1.0,500.0231,1.0,196.5
6233,AllCCS-32859911.0,Thymidine 5'-triphosphate,C10H17N2O14P3,[M+Na]+,1.0,504.9785,1.0,197.0
6237,DarkChem-31661259.0,dUDP,C9H14N2O11P2,[M+H]+,1.0,389.0146,1.0,183.6
6239,AllCCS-32859911.0,dUDP,C9H14N2O11P2,[M+H]+,1.0,389.0146,1.0,179.1
6241,DeepCCS-30932474.0,dUDP,C9H14N2O11P2,[M+H]+,1.0,389.0146,1.0,170.7
6244,DeepCCS-30932474.0,dUDP,C9H14N2O11P2,[M+Na]+,1.0,410.9965,1.0,177.9
6246,AllCCS-32859911.0,dUDP,C9H14N2O11P2,[M+H-H2O]+,1.0,371.004,1.0,176.4
6247,AllCCS-32859911.0,dUDP,C9H14N2O11P2,[M+NH4]+,1.0,406.0411,1.0,181.5
6248,AllCCS-32859911.0,dUDP,C9H14N2O11P2,[M+Na]+,1.0,410.9965,1.0,182.2
6253,DeepCCS-30932474.0,D-4'-Phosphopantothenate,C9H18NO8P,[M+H]+,1.0,300.0843,1.0,163.1
6256,DeepCCS-30932474.0,D-4'-Phosphopantothenate,C9H18NO8P,[M+Na]+,1.0,322.0662,1.0,169.2
6257,AllCCS-32859911.0,D-4'-Phosphopantothenate,C9H18NO8P,[M+H]+,1.0,300.0843,1.0,164.7
6258,AllCCS-32859911.0,D-4'-Phosphopantothenate,C9H18NO8P,[M+H-H2O]+,1.0,282.0737,1.0,161.9
6259,AllCCS-32859911.0,D-4'-Phosphopantothenate,C9H18NO8P,[M+NH4]+,1.0,317.1108,1.0,167.3
6260,AllCCS-32859911.0,D-4'-Phosphopantothenate,C9H18NO8P,[M+Na]+,1.0,322.0662,1.0,168.1
6266,DarkChem-31661259.0,"Sedoheptulose 1,7-bisphosphate",C7H16O13P2,[M+H]+,1.0,371.0139,1.0,180.7
6268,DeepCCS-30932474.0,"Sedoheptulose 1,7-bisphosphate",C7H16O13P2,[M+H]+,1.0,371.0139,1.0,173.1
6271,DeepCCS-30932474.0,"Sedoheptulose 1,7-bisphosphate",C7H16O13P2,[M+Na]+,1.0,392.9958,1.0,179.0
6272,AllCCS-32859911.0,"Sedoheptulose 1,7-bisphosphate",C7H16O13P2,[M+H]+,1.0,371.0139,1.0,174.9
6273,AllCCS-32859911.0,"Sedoheptulose 1,7-bisphosphate",C7H16O13P2,[M+H-H2O]+,1.0,353.0033,1.0,172.3
6274,AllCCS-32859911.0,"Sedoheptulose 1,7-bisphosphate",C7H16O13P2,[M+NH4]+,1.0,388.0404,1.0,177.3
6275,AllCCS-32859911.0,"Sedoheptulose 1,7-bisphosphate",C7H16O13P2,[M+Na]+,1.0,392.9958,1.0,178.0
6281,DeepCCS-30932474.0,Glycerylphosphorylethanolamine,C5H14NO6P,[M+H]+,1.0,216.0631,1.0,141.6
6284,DeepCCS-30932474.0,Glycerylphosphorylethanolamine,C5H14NO6P,[M+Na]+,1.0,238.0451,1.0,150.7
6285,AllCCS-32859911.0,Glycerylphosphorylethanolamine,C5H14NO6P,[M+H]+,1.0,216.0631,1.0,146.0
6286,AllCCS-32859911.0,Glycerylphosphorylethanolamine,C5H14NO6P,[M+H-H2O]+,1.0,198.0526,1.0,142.5
6287,AllCCS-32859911.0,Glycerylphosphorylethanolamine,C5H14NO6P,[M+NH4]+,1.0,233.0897,1.0,149.2
6288,AllCCS-32859911.0,Glycerylphosphorylethanolamine,C5H14NO6P,[M+Na]+,1.0,238.0451,1.0,150.1
6295,DarkChem-31661259.0,Phosphoserine,C3H8NO6P,[M+H]+,1.0,186.0162,1.0,141.1
6297,AllCCS-32859911.0,Phosphoserine,C3H8NO6P,[M+H]+,1.0,186.0162,1.0,140.6
6299,DeepCCS-30932474.0,Phosphoserine,C3H8NO6P,[M+H]+,1.0,186.0162,1.0,127.5
6302,DeepCCS-30932474.0,Phosphoserine,C3H8NO6P,[M+Na]+,1.0,207.9981,1.0,136.9
6304,AllCCS-32859911.0,Phosphoserine,C3H8NO6P,[M+H-H2O]+,1.0,168.0056,1.0,136.8
6305,AllCCS-32859911.0,Phosphoserine,C3H8NO6P,[M+NH4]+,1.0,203.0427,1.0,144.1
6306,AllCCS-32859911.0,Phosphoserine,C3H8NO6P,[M+Na]+,1.0,207.9981,1.0,145.1
6313,DeepCCS-30932474.0,5-Amino-6-ribitylamino uracil,C9H16N4O6,[M+H]+,1.0,277.1143,1.0,170.3
6316,DeepCCS-30932474.0,5-Amino-6-ribitylamino uracil,C9H16N4O6,[M+Na]+,1.0,299.0962,1.0,176.4
6317,AllCCS-32859911.0,5-Amino-6-ribitylamino uracil,C9H16N4O6,[M+H]+,1.0,277.1143,1.0,160.4
6318,AllCCS-32859911.0,5-Amino-6-ribitylamino uracil,C9H16N4O6,[M+H-H2O]+,1.0,259.1037,1.0,157.1
6319,AllCCS-32859911.0,5-Amino-6-ribitylamino uracil,C9H16N4O6,[M+NH4]+,1.0,294.1408,1.0,163.5
6320,AllCCS-32859911.0,5-Amino-6-ribitylamino uracil,C9H16N4O6,[M+Na]+,1.0,299.0962,1.0,164.4
6324,DeepCCS-30932474.0,"6,7-Dimethyl-8-(1-D-ribityl)lumazine",C13H18N4O6,[M+H]+,1.0,327.1299,1.0,180.4
6327,DeepCCS-30932474.0,"6,7-Dimethyl-8-(1-D-ribityl)lumazine",C13H18N4O6,[M+Na]+,1.0,349.1119,1.0,187.0
6328,AllCCS-32859911.0,"6,7-Dimethyl-8-(1-D-ribityl)lumazine",C13H18N4O6,[M+H]+,1.0,327.1299,1.0,172.6
6329,AllCCS-32859911.0,"6,7-Dimethyl-8-(1-D-ribityl)lumazine",C13H18N4O6,[M+H-H2O]+,1.0,309.1193,1.0,169.6
6330,AllCCS-32859911.0,"6,7-Dimethyl-8-(1-D-ribityl)lumazine",C13H18N4O6,[M+NH4]+,1.0,344.1565,1.0,175.3
6331,AllCCS-32859911.0,"6,7-Dimethyl-8-(1-D-ribityl)lumazine",C13H18N4O6,[M+Na]+,1.0,349.1119,1.0,176.1
6335,DeepCCS-30932474.0,Squalene,C30H50,[M+H]+,1.0,411.3985,1.0,212.2
6338,DeepCCS-30932474.0,Squalene,C30H50,[M+Na]+,1.0,433.3805,1.0,219.3
6339,AllCCS-32859911.0,Squalene,C30H50,[M+H]+,1.0,411.3985,1.0,217.4
6341,AllCCS-32859911.0,Squalene,C30H50,[M+NH4]+,1.0,428.4251,1.0,219.4
6342,AllCCS-32859911.0,Squalene,C30H50,[M+Na]+,1.0,433.3805,1.0,219.9
6346,AllCCS-32859911.0,Taurocholic acid,C26H45NO7S,[M+H]+,1.0,516.2989,1.0,221.0
6349,DeepCCS-30932474.0,Taurocholic acid,C26H45NO7S,[M+Na]+,1.0,538.2809,1.0,225.0
6351,AllCCS-32859911.0,Taurocholic acid,C26H45NO7S,[M+H-H2O]+,1.0,498.2884,1.0,219.7
6352,AllCCS-32859911.0,Taurocholic acid,C26H45NO7S,[M+NH4]+,1.0,533.3255,1.0,222.2
6353,AllCCS-32859911.0,Taurocholic acid,C26H45NO7S,[M+Na]+,1.0,538.2809,1.0,222.5
6357,DeepCCS-30932474.0,2-Aminoacetaldehyde,C2H5NO,[M+H]+,1.0,60.0444,1.0,117.7
6360,DeepCCS-30932474.0,2-Aminoacetaldehyde,C2H5NO,[M+Na]+,1.0,82.0263,1.0,125.0
6361,DarkChem-31661259.0,Taurine,C2H7NO3S,[M+H]+,1.0,126.0219,1.0,123.5
6363,AllCCS-32859911.0,Taurine,C2H7NO3S,[M+H]+,1.0,126.0219,1.0,129.8
6365,DeepCCS-30932474.0,Taurine,C2H7NO3S,[M+H]+,1.0,126.0219,1.0,131.1
6368,DeepCCS-30932474.0,Taurine,C2H7NO3S,[M+Na]+,1.0,148.0039,1.0,139.2
6369,AllCCS-32859911.0,Taurine,C2H7NO3S,[M+H]+,1.0,126.0219,1.0,129.7
6370,AllCCS-32859911.0,Taurine,C2H7NO3S,[M+H-H2O]+,1.0,108.0114,1.0,125.6
6371,AllCCS-32859911.0,Taurine,C2H7NO3S,[M+NH4]+,1.0,143.0485,1.0,133.6
6372,AllCCS-32859911.0,Taurine,C2H7NO3S,[M+Na]+,1.0,148.0039,1.0,134.7
6377,DarkChem-31661259.0,Thiamine triphosphate,C12H20N4O10P3S,[M+H]+,1.0,506.0186,1.0,209.6
6379,AllCCS-32859911.0,Thiamine triphosphate,C12H20N4O10P3S,[M+H]+,1.0,506.0186,1.0,201.7
6381,DeepCCS-30932474.0,Thiamine triphosphate,C12H20N4O10P3S,[M+H]+,1.0,506.0186,1.0,177.0
6384,DeepCCS-30932474.0,Thiamine triphosphate,C12H20N4O10P3S,[M+Na]+,1.0,528.0005,1.0,182.9
6386,AllCCS-32859911.0,Thiamine triphosphate,C12H20N4O10P3S,[M+H-H2O]+,1.0,488.008,1.0,199.9
6387,AllCCS-32859911.0,Thiamine triphosphate,C12H20N4O10P3S,[M+NH4]+,1.0,523.0451,1.0,203.2
6388,AllCCS-32859911.0,Thiamine triphosphate,C12H20N4O10P3S,[M+Na]+,1.0,528.0005,1.0,203.7
6394,DeepCCS-30932474.0,D-Xylitol,C5H12O5,[M+H]+,1.0,153.0757,1.0,135.4
6397,DeepCCS-30932474.0,D-Xylitol,C5H12O5,[M+Na]+,1.0,175.0577,1.0,141.6
6398,AllCCS-32859911.0,D-Xylitol,C5H12O5,[M+H]+,1.0,153.0757,1.0,135.8
6399,AllCCS-32859911.0,D-Xylitol,C5H12O5,[M+H-H2O]+,1.0,135.0652,1.0,131.9
6400,AllCCS-32859911.0,D-Xylitol,C5H12O5,[M+NH4]+,1.0,170.1023,1.0,139.5
6401,AllCCS-32859911.0,D-Xylitol,C5H12O5,[M+Na]+,1.0,175.0577,1.0,140.6
6406,DarkChem-31661259.0,Pseudouridine 5'-phosphate,C9H13N2O9P,[M+H]+,1.0,325.0431,1.0,173.4
6408,AllCCS-32859911.0,Pseudouridine 5'-phosphate,C9H13N2O9P,[M+H]+,1.0,325.0431,1.0,170.1
6410,DeepCCS-30932474.0,Pseudouridine 5'-phosphate,C9H13N2O9P,[M+H]+,1.0,325.0431,1.0,168.9
6413,DeepCCS-30932474.0,Pseudouridine 5'-phosphate,C9H13N2O9P,[M+Na]+,1.0,347.0251,1.0,175.2
6415,AllCCS-32859911.0,Pseudouridine 5'-phosphate,C9H13N2O9P,[M+H-H2O]+,1.0,307.0326,1.0,166.8
6416,AllCCS-32859911.0,Pseudouridine 5'-phosphate,C9H13N2O9P,[M+NH4]+,1.0,342.0697,1.0,173.1
6417,AllCCS-32859911.0,Pseudouridine 5'-phosphate,C9H13N2O9P,[M+Na]+,1.0,347.0251,1.0,173.9
6424,DarkChem-31661259.0,Phenylpyruvic acid,C9H8O3,[M+H]+,1.0,165.0546,1.0,137.4
6426,AllCCS-32859911.0,Phenylpyruvic acid,C9H8O3,[M+H]+,1.0,165.0546,1.0,134.4
6428,DeepCCS-30932474.0,Phenylpyruvic acid,C9H8O3,[M+H]+,1.0,165.0546,1.0,133.4
6431,DeepCCS-30932474.0,Phenylpyruvic acid,C9H8O3,[M+Na]+,1.0,187.0366,1.0,142.5
6433,AllCCS-32859911.0,Phenylpyruvic acid,C9H8O3,[M+H-H2O]+,1.0,147.0441,1.0,129.9
6434,AllCCS-32859911.0,Phenylpyruvic acid,C9H8O3,[M+NH4]+,1.0,182.0812,1.0,138.5
6435,AllCCS-32859911.0,Phenylpyruvic acid,C9H8O3,[M+Na]+,1.0,187.0366,1.0,139.7
6439,DarkChem-31661259.0,4-Pyridoxolactone,C8H7NO3,[M+H]+,1.0,166.0499,1.0,136.7
6441,DeepCCS-30932474.0,4-Pyridoxolactone,C8H7NO3,[M+H]+,1.0,166.0499,1.0,136.1
6444,DeepCCS-30932474.0,4-Pyridoxolactone,C8H7NO3,[M+Na]+,1.0,188.0318,1.0,144.8
6445,AllCCS-32859911.0,4-Pyridoxolactone,C8H7NO3,[M+H]+,1.0,166.0499,1.0,133.2
6446,AllCCS-32859911.0,4-Pyridoxolactone,C8H7NO3,[M+H-H2O]+,1.0,148.0393,1.0,128.6
6447,AllCCS-32859911.0,4-Pyridoxolactone,C8H7NO3,[M+NH4]+,1.0,183.0764,1.0,137.5
6448,AllCCS-32859911.0,4-Pyridoxolactone,C8H7NO3,[M+Na]+,1.0,188.0318,1.0,138.7
6469,AllCCS-32859911.0,"4,4-dimethyl-5alpha-cholest-7-en-3beta-ol",C29H50O,[M+H]+,1.0,415.3934,1.0,210.3
6470,AllCCS-32859911.0,"4,4-dimethyl-5alpha-cholest-7-en-3beta-ol",C29H50O,[M+H-H2O]+,1.0,397.3829,1.0,208.5
6471,AllCCS-32859911.0,"4,4-dimethyl-5alpha-cholest-7-en-3beta-ol",C29H50O,[M+Na]+,1.0,437.3754,1.0,212.6
6472,AllCCS-32859911.0,"4,4-dimethyl-5alpha-cholest-7-en-3beta-ol",C29H50O,[M+NH4]+,1.0,432.42,1.0,212.1
6477,DeepCCS-30932474.0,"4,4-dimethyl-5alpha-cholest-7-en-3beta-ol",C29H50O,[M+Na]+,1.0,437.3754,1.0,206.1
6478,AllCCS-32859911.0,"dihydro-3-hydroxy-4,4-dimethyl- 2(3H)-Furanone",C6H10O3,[M+H]+,1.0,131.0703,1.0,127.1
6479,AllCCS-32859911.0,"dihydro-3-hydroxy-4,4-dimethyl- 2(3H)-Furanone",C6H10O3,[M+H-H2O]+,1.0,113.0597,1.0,122.5
6480,AllCCS-32859911.0,"dihydro-3-hydroxy-4,4-dimethyl- 2(3H)-Furanone",C6H10O3,[M+Na]+,1.0,153.0522,1.0,132.7
6481,AllCCS-32859911.0,"dihydro-3-hydroxy-4,4-dimethyl- 2(3H)-Furanone",C6H10O3,[M+NH4]+,1.0,148.0968,1.0,131.4
6485,DeepCCS-30932474.0,"dihydro-3-hydroxy-4,4-dimethyl- 2(3H)-Furanone",C6H10O3,[M+H]+,1.0,131.0703,1.0,133.3
6488,DeepCCS-30932474.0,"dihydro-3-hydroxy-4,4-dimethyl- 2(3H)-Furanone",C6H10O3,[M+Na]+,1.0,153.0522,1.0,141.9
6494,DarkChem-31661259.0,Glycolic acid,C2H4O3,[M+H]+,1.0,77.0233,1.0,112.6
6496,AllCCS-32859911.0,Glycolic acid,C2H4O3,[M+H]+,1.0,77.0233,1.0,123.3
6498,DeepCCS-30932474.0,Glycolic acid,C2H4O3,[M+H]+,1.0,77.0233,1.0,128.2
6501,DeepCCS-30932474.0,Glycolic acid,C2H4O3,[M+Na]+,1.0,99.0053,1.0,136.5
6503,AllCCS-32859911.0,Glycolic acid,C2H4O3,[M+H-H2O]+,1.0,59.0128,1.0,118.8
6504,AllCCS-32859911.0,Glycolic acid,C2H4O3,[M+NH4]+,1.0,94.0499,1.0,127.4
6505,AllCCS-32859911.0,Glycolic acid,C2H4O3,[M+Na]+,1.0,99.0053,1.0,128.6
6509,DarkChem-31661259.0,Octanol,C8H18O,[M+H]+,1.0,131.143,1.0,130.4
6511,AllCCS-32859911.0,Octanol,C8H18O,[M+H]+,1.0,131.143,1.0,132.6
6513,DeepCCS-30932474.0,Octanol,C8H18O,[M+H]+,1.0,131.143,1.0,138.0
6516,DeepCCS-30932474.0,Octanol,C8H18O,[M+Na]+,1.0,153.125,1.0,146.6
6518,AllCCS-32859911.0,Octanol,C8H18O,[M+H-H2O]+,1.0,113.1325,1.0,128.4
6519,AllCCS-32859911.0,Octanol,C8H18O,[M+NH4]+,1.0,148.1696,1.0,136.4
6520,AllCCS-32859911.0,Octanol,C8H18O,[M+Na]+,1.0,153.125,1.0,137.6
6525,DarkChem-31661259.0,Formylanthranilic acid,C8H7NO3,[M+H]+,1.0,166.0499,1.0,134.8
6527,DeepCCS-30932474.0,Formylanthranilic acid,C8H7NO3,[M+H]+,1.0,166.0499,1.0,133.6
6530,DeepCCS-30932474.0,Formylanthranilic acid,C8H7NO3,[M+Na]+,1.0,188.0318,1.0,142.2
6531,AllCCS-32859911.0,Formylanthranilic acid,C8H7NO3,[M+H]+,1.0,166.0499,1.0,135.4
6532,AllCCS-32859911.0,Formylanthranilic acid,C8H7NO3,[M+H-H2O]+,1.0,148.0393,1.0,131.0
6533,AllCCS-32859911.0,Formylanthranilic acid,C8H7NO3,[M+NH4]+,1.0,183.0764,1.0,139.5
6534,AllCCS-32859911.0,Formylanthranilic acid,C8H7NO3,[M+Na]+,1.0,188.0318,1.0,140.6
6538,DeepCCS-30932474.0,Acrolein,C3H4O,[M+H]+,1.0,57.0335,1.0,118.7
6541,DeepCCS-30932474.0,Acrolein,C3H4O,[M+Na]+,1.0,79.0154,1.0,126.9
6542,DarkChem-31661259.0,L-Gulonolactone,C6H10O6,[M+H]+,1.0,179.055,1.0,140.4
6544,DeepCCS-30932474.0,L-Gulonolactone,C6H10O6,[M+H]+,1.0,179.055,1.0,139.7
6547,DeepCCS-30932474.0,L-Gulonolactone,C6H10O6,[M+Na]+,1.0,201.037,1.0,145.9
6548,AllCCS-32859911.0,L-Gulonolactone,C6H10O6,[M+H]+,1.0,179.055,1.0,139.8
6549,AllCCS-32859911.0,L-Gulonolactone,C6H10O6,[M+H-H2O]+,1.0,161.0444,1.0,135.7
6550,AllCCS-32859911.0,L-Gulonolactone,C6H10O6,[M+NH4]+,1.0,196.0816,1.0,143.6
6551,AllCCS-32859911.0,L-Gulonolactone,C6H10O6,[M+Na]+,1.0,201.037,1.0,144.7
6569,AllCCS-32859911.0,"L-galactono-1,4-lactone",C6H10O6,[M+H]+,1.0,179.055,1.0,139.9
6570,AllCCS-32859911.0,"L-galactono-1,4-lactone",C6H10O6,[M+H-H2O]+,1.0,161.0444,1.0,135.7
6571,AllCCS-32859911.0,"L-galactono-1,4-lactone",C6H10O6,[M+Na]+,1.0,201.037,1.0,144.9
6572,AllCCS-32859911.0,"L-galactono-1,4-lactone",C6H10O6,[M+NH4]+,1.0,196.0816,1.0,143.8
6576,DeepCCS-30932474.0,"L-galactono-1,4-lactone",C6H10O6,[M+H]+,1.0,179.055,1.0,140.2
6579,DeepCCS-30932474.0,"L-galactono-1,4-lactone",C6H10O6,[M+Na]+,1.0,201.037,1.0,146.4
6583,DarkChem-31661259.0,Norvaline,C5H11NO2,[M+H]+,1.0,118.0863,1.0,126.0
6585,DeepCCS-30932474.0,Norvaline,C5H11NO2,[M+H]+,1.0,118.0863,1.0,123.6
6588,DeepCCS-30932474.0,Norvaline,C5H11NO2,[M+Na]+,1.0,140.0682,1.0,132.3
6589,AllCCS-32859911.0,Norvaline,C5H11NO2,[M+H]+,1.0,118.0863,1.0,129.5
6590,AllCCS-32859911.0,Norvaline,C5H11NO2,[M+H-H2O]+,1.0,100.0757,1.0,125.3
6591,AllCCS-32859911.0,Norvaline,C5H11NO2,[M+NH4]+,1.0,135.1128,1.0,133.5
6592,AllCCS-32859911.0,Norvaline,C5H11NO2,[M+Na]+,1.0,140.0682,1.0,134.6
6597,DarkChem-31661259.0,Octanal,C8H16O,[M+H]+,1.0,129.1274,1.0,129.9
6599,AllCCS-32859911.0,Octanal,C8H16O,[M+H]+,1.0,129.1274,1.0,132.4
6601,DeepCCS-30932474.0,Octanal,C8H16O,[M+H]+,1.0,129.1274,1.0,138.8
6604,DeepCCS-30932474.0,Octanal,C8H16O,[M+Na]+,1.0,151.1093,1.0,147.4
6606,AllCCS-32859911.0,Octanal,C8H16O,[M+H-H2O]+,1.0,111.1168,1.0,128.3
6607,AllCCS-32859911.0,Octanal,C8H16O,[M+NH4]+,1.0,146.1539,1.0,136.3
6608,AllCCS-32859911.0,Octanal,C8H16O,[M+Na]+,1.0,151.1093,1.0,137.4
6612,DarkChem-31661259.0,TG(14:0/14:0/14:0),C45H86O6,[M+H]+,1.0,723.6497,1.0,273.4
6614,DeepCCS-30932474.0,TG(14:0/14:0/14:0),C45H86O6,[M+H]+,1.0,723.6497,1.0,284.4
6617,DeepCCS-30932474.0,TG(14:0/14:0/14:0),C45H86O6,[M+Na]+,1.0,745.6317,1.0,290.5
6618,AllCCS-32859911.0,TG(14:0/14:0/14:0),C45H86O6,[M+H]+,1.0,723.6497,1.0,296.4
6619,AllCCS-32859911.0,TG(14:0/14:0/14:0),C45H86O6,[M+H-H2O]+,1.0,705.6392,1.0,296.4
6620,AllCCS-32859911.0,TG(14:0/14:0/14:0),C45H86O6,[M+NH4]+,1.0,740.6763,1.0,296.4
6621,AllCCS-32859911.0,TG(14:0/14:0/14:0),C45H86O6,[M+Na]+,1.0,745.6317,1.0,296.4
6625,DarkChem-31661259.0,Decyl alcohol,C10H22O,[M+H]+,1.0,159.1743,1.0,138.6
6627,DeepCCS-30932474.0,Decyl alcohol,C10H22O,[M+H]+,1.0,159.1743,1.0,144.4
6630,DeepCCS-30932474.0,Decyl alcohol,C10H22O,[M+Na]+,1.0,181.1563,1.0,153.4
6631,AllCCS-32859911.0,Decyl alcohol,C10H22O,[M+H]+,1.0,159.1743,1.0,140.6
6632,AllCCS-32859911.0,Decyl alcohol,C10H22O,[M+H-H2O]+,1.0,141.1638,1.0,136.7
6633,AllCCS-32859911.0,Decyl alcohol,C10H22O,[M+NH4]+,1.0,176.2009,1.0,144.3
6634,AllCCS-32859911.0,Decyl alcohol,C10H22O,[M+Na]+,1.0,181.1563,1.0,145.3
6639,DarkChem-31661259.0,Mannitol,C6H14O6,[M+H]+,1.0,183.0863,1.0,141.0
6641,AllCCS-32859911.0,Mannitol,C6H14O6,[M+H]+,1.0,183.0863,1.0,141.6
6643,DeepCCS-30932474.0,Mannitol,C6H14O6,[M+H]+,1.0,183.0863,1.0,146.3
6646,DeepCCS-30932474.0,Mannitol,C6H14O6,[M+Na]+,1.0,205.0683,1.0,152.2
6648,AllCCS-32859911.0,Mannitol,C6H14O6,[M+H-H2O]+,1.0,165.0757,1.0,137.8
6649,AllCCS-32859911.0,Mannitol,C6H14O6,[M+NH4]+,1.0,200.1129,1.0,145.1
6650,AllCCS-32859911.0,Mannitol,C6H14O6,[M+Na]+,1.0,205.0683,1.0,146.1
6654,DeepCCS-30932474.0,D-Mannose 1-phosphate,C6H13O9P,[M+H]+,1.0,261.037,1.0,142.5
6657,DeepCCS-30932474.0,D-Mannose 1-phosphate,C6H13O9P,[M+Na]+,1.0,283.0189,1.0,149.4
6658,AllCCS-32859911.0,D-Mannose 1-phosphate,C6H13O9P,[M+H]+,1.0,261.037,1.0,156.8
6659,AllCCS-32859911.0,D-Mannose 1-phosphate,C6H13O9P,[M+H-H2O]+,1.0,243.0264,1.0,153.2
6660,AllCCS-32859911.0,D-Mannose 1-phosphate,C6H13O9P,[M+NH4]+,1.0,278.0635,1.0,160.2
6661,AllCCS-32859911.0,D-Mannose 1-phosphate,C6H13O9P,[M+Na]+,1.0,283.0189,1.0,161.2
6667,DarkChem-31661259.0,"Glycerol 1,3-dihexadecanoate",C35H68O5,[M+H]+,1.0,569.514,1.0,248.9
6669,DeepCCS-30932474.0,"Glycerol 1,3-dihexadecanoate",C35H68O5,[M+H]+,1.0,569.514,1.0,236.1
6672,DeepCCS-30932474.0,"Glycerol 1,3-dihexadecanoate",C35H68O5,[M+Na]+,1.0,591.4959,1.0,243.4
6673,AllCCS-32859911.0,"Glycerol 1,3-dihexadecanoate",C35H68O5,[M+H]+,1.0,569.514,1.0,261.2
6674,AllCCS-32859911.0,"Glycerol 1,3-dihexadecanoate",C35H68O5,[M+H-H2O]+,1.0,551.5034,1.0,260.6
6675,AllCCS-32859911.0,"Glycerol 1,3-dihexadecanoate",C35H68O5,[M+NH4]+,1.0,586.5405,1.0,261.8
6676,AllCCS-32859911.0,"Glycerol 1,3-dihexadecanoate",C35H68O5,[M+Na]+,1.0,591.4959,1.0,261.9
6680,DarkChem-31661259.0,Phenyl acetate,C8H8O2,[M+H]+,1.0,137.0597,1.0,129.5
6682,DeepCCS-30932474.0,Phenyl acetate,C8H8O2,[M+H]+,1.0,137.0597,1.0,124.6
6685,DeepCCS-30932474.0,Phenyl acetate,C8H8O2,[M+Na]+,1.0,159.0416,1.0,133.6
6686,AllCCS-32859911.0,Phenyl acetate,C8H8O2,[M+H]+,1.0,137.0597,1.0,127.7
6687,AllCCS-32859911.0,Phenyl acetate,C8H8O2,[M+H-H2O]+,1.0,119.0491,1.0,123.0
6688,AllCCS-32859911.0,Phenyl acetate,C8H8O2,[M+NH4]+,1.0,154.0863,1.0,132.1
6689,AllCCS-32859911.0,Phenyl acetate,C8H8O2,[M+Na]+,1.0,159.0416,1.0,133.3
6707,DarkChem-31661259.0,"24,25-Dihydrolanosterol",C30H52O,[M+H]+,1.0,429.4091,1.0,206.2
6710,DeepCCS-30932474.0,"24,25-Dihydrolanosterol",C30H52O,[M+Na]+,1.0,451.391,1.0,213.3
6711,AllCCS-32859911.0,"24,25-Dihydrolanosterol",C30H52O,[M+H]+,1.0,429.4091,1.0,215.2
6712,AllCCS-32859911.0,"24,25-Dihydrolanosterol",C30H52O,[M+H-H2O]+,1.0,411.3985,1.0,213.4
6713,AllCCS-32859911.0,"24,25-Dihydrolanosterol",C30H52O,[M+NH4]+,1.0,446.4356,1.0,216.8
6714,AllCCS-32859911.0,"24,25-Dihydrolanosterol",C30H52O,[M+Na]+,1.0,451.391,1.0,217.3
6718,DarkChem-31661259.0,Presqualene diphosphate,C30H52O7P2,[M+H]+,1.0,587.3261,1.0,240.0
6720,AllCCS-32859911.0,Presqualene diphosphate,C30H52O7P2,[M+H]+,1.0,587.3261,1.0,242.7
6722,DeepCCS-30932474.0,Presqualene diphosphate,C30H52O7P2,[M+H]+,1.0,587.3261,1.0,228.3
6725,DeepCCS-30932474.0,Presqualene diphosphate,C30H52O7P2,[M+Na]+,1.0,609.308,1.0,233.9
6727,AllCCS-32859911.0,Presqualene diphosphate,C30H52O7P2,[M+H-H2O]+,1.0,569.3155,1.0,241.3
6728,AllCCS-32859911.0,Presqualene diphosphate,C30H52O7P2,[M+NH4]+,1.0,604.3527,1.0,244.0
6729,AllCCS-32859911.0,Presqualene diphosphate,C30H52O7P2,[M+Na]+,1.0,609.308,1.0,244.4
6733,DarkChem-31661259.0,Triphosphate,H5O10P3,[M+H]+,1.0,258.9168,1.0,154.7
6735,DeepCCS-30932474.0,Triphosphate,H5O10P3,[M+H]+,1.0,258.9168,1.0,112.0
6738,DeepCCS-30932474.0,Triphosphate,H5O10P3,[M+Na]+,1.0,280.8988,1.0,121.5
6739,AllCCS-32859911.0,Triphosphate,H5O10P3,[M+H]+,1.0,258.9168,1.0,152.7
6740,AllCCS-32859911.0,Triphosphate,H5O10P3,[M+H-H2O]+,1.0,240.9063,1.0,149.4
6741,AllCCS-32859911.0,Triphosphate,H5O10P3,[M+NH4]+,1.0,275.9434,1.0,155.8
6742,AllCCS-32859911.0,Triphosphate,H5O10P3,[M+Na]+,1.0,280.8988,1.0,156.7
6746,DeepCCS-30932474.0,D-Mannose,C6H12O6,[M+H]+,1.0,181.0707,1.0,141.7
6749,DeepCCS-30932474.0,D-Mannose,C6H12O6,[M+Na]+,1.0,203.0526,1.0,148.2
6750,AllCCS-32859911.0,D-Mannose,C6H12O6,[M+H]+,1.0,181.0707,1.0,141.0
6751,AllCCS-32859911.0,D-Mannose,C6H12O6,[M+H-H2O]+,1.0,163.0601,1.0,136.8
6752,AllCCS-32859911.0,D-Mannose,C6H12O6,[M+NH4]+,1.0,198.0972,1.0,145.0
6753,AllCCS-32859911.0,D-Mannose,C6H12O6,[M+Na]+,1.0,203.0526,1.0,146.2
6761,DarkChem-31661259.0,"D-myo-Inositol 1,4-bisphosphate",C6H14O12P2,[M+H]+,1.0,341.0033,1.0,173.8
6763,AllCCS-32859911.0,"D-myo-Inositol 1,4-bisphosphate",C6H14O12P2,[M+H]+,1.0,341.0033,1.0,170.8
6765,DeepCCS-30932474.0,"D-myo-Inositol 1,4-bisphosphate",C6H14O12P2,[M+H]+,1.0,341.0033,1.0,155.7
6768,DeepCCS-30932474.0,"D-myo-Inositol 1,4-bisphosphate",C6H14O12P2,[M+Na]+,1.0,362.9853,1.0,161.8
6770,AllCCS-32859911.0,"D-myo-Inositol 1,4-bisphosphate",C6H14O12P2,[M+H-H2O]+,1.0,322.9928,1.0,167.9
6771,AllCCS-32859911.0,"D-myo-Inositol 1,4-bisphosphate",C6H14O12P2,[M+NH4]+,1.0,358.0299,1.0,173.4
6772,AllCCS-32859911.0,"D-myo-Inositol 1,4-bisphosphate",C6H14O12P2,[M+Na]+,1.0,362.9853,1.0,174.2
6779,DarkChem-31661259.0,Propionic acid,C3H6O2,[M+H]+,1.0,75.0441,1.0,113.1
6781,AllCCS-32859911.0,Propionic acid,C3H6O2,[M+H]+,1.0,75.0441,1.0,122.2
6783,DeepCCS-30932474.0,Propionic acid,C3H6O2,[M+H]+,1.0,75.0441,1.0,129.2
6786,DeepCCS-30932474.0,Propionic acid,C3H6O2,[M+Na]+,1.0,97.026,1.0,137.4
6788,AllCCS-32859911.0,Propionic acid,C3H6O2,[M+H-H2O]+,1.0,57.0335,1.0,117.7
6789,AllCCS-32859911.0,Propionic acid,C3H6O2,[M+NH4]+,1.0,92.0706,1.0,126.4
6790,AllCCS-32859911.0,Propionic acid,C3H6O2,[M+Na]+,1.0,97.026,1.0,127.7
6794,DarkChem-31661259.0,Phosphoglycolic acid,C2H5O6P,[M+H]+,1.0,156.9897,1.0,132.2
6796,AllCCS-32859911.0,Phosphoglycolic acid,C2H5O6P,[M+H]+,1.0,156.9897,1.0,134.9
6798,DeepCCS-30932474.0,Phosphoglycolic acid,C2H5O6P,[M+H]+,1.0,156.9897,1.0,121.8
6801,DeepCCS-30932474.0,Phosphoglycolic acid,C2H5O6P,[M+Na]+,1.0,178.9716,1.0,130.4
6803,AllCCS-32859911.0,Phosphoglycolic acid,C2H5O6P,[M+H-H2O]+,1.0,138.9791,1.0,130.9
6804,AllCCS-32859911.0,Phosphoglycolic acid,C2H5O6P,[M+NH4]+,1.0,174.0162,1.0,138.6
6805,AllCCS-32859911.0,Phosphoglycolic acid,C2H5O6P,[M+Na]+,1.0,178.9716,1.0,139.7
6822,DeepCCS-30932474.0,Phosphoribosyl-AMP,C15H23N5O14P2,[M+H]+,1.0,560.0789,1.0,194.7
6825,DeepCCS-30932474.0,Phosphoribosyl-AMP,C15H23N5O14P2,[M+Na]+,1.0,582.0609,1.0,200.3
6826,AllCCS-32859911.0,Phosphoribosyl-AMP,C15H23N5O14P2,[M+H]+,1.0,560.0789,1.0,210.5
6827,AllCCS-32859911.0,Phosphoribosyl-AMP,C15H23N5O14P2,[M+H-H2O]+,1.0,542.0684,1.0,209.2
6828,AllCCS-32859911.0,Phosphoribosyl-AMP,C15H23N5O14P2,[M+NH4]+,1.0,577.1055,1.0,211.7
6829,AllCCS-32859911.0,Phosphoribosyl-AMP,C15H23N5O14P2,[M+Na]+,1.0,582.0609,1.0,212.1
6833,DarkChem-31661259.0,Cellobiose,C12H22O11,[M+H]+,1.0,343.1235,1.0,175.0
6835,AllCCS-32859911.0,Cellobiose,C12H22O11,[M+H]+,1.0,343.1235,1.0,176.3
6837,DeepCCS-30932474.0,Cellobiose,C12H22O11,[M+H]+,1.0,343.1235,1.0,174.1
6840,DeepCCS-30932474.0,Cellobiose,C12H22O11,[M+Na]+,1.0,365.1054,1.0,179.9
6842,AllCCS-32859911.0,Cellobiose,C12H22O11,[M+H-H2O]+,1.0,325.1129,1.0,173.5
6843,AllCCS-32859911.0,Cellobiose,C12H22O11,[M+NH4]+,1.0,360.15,1.0,178.9
6844,AllCCS-32859911.0,Cellobiose,C12H22O11,[M+Na]+,1.0,365.1054,1.0,179.7
6849,DarkChem-31661259.0,Adenylsuccinic acid,C14H18N5O11P,[M+H]+,1.0,464.0813,1.0,207.1
6851,AllCCS-32859911.0,Adenylsuccinic acid,C14H18N5O11P,[M+H]+,1.0,464.0813,1.0,196.3
6853,DeepCCS-30932474.0,Adenylsuccinic acid,C14H18N5O11P,[M+H]+,1.0,464.0813,1.0,182.5
6856,DeepCCS-30932474.0,Adenylsuccinic acid,C14H18N5O11P,[M+Na]+,1.0,486.0633,1.0,188.4
6858,AllCCS-32859911.0,Adenylsuccinic acid,C14H18N5O11P,[M+H-H2O]+,1.0,446.0708,1.0,194.3
6859,AllCCS-32859911.0,Adenylsuccinic acid,C14H18N5O11P,[M+NH4]+,1.0,481.1079,1.0,198.1
6860,AllCCS-32859911.0,Adenylsuccinic acid,C14H18N5O11P,[M+Na]+,1.0,486.0633,1.0,198.6
6864,DeepCCS-30932474.0,3-Hydroxy-3-methylglutaryl-CoA,C27H44N7O20P3S,[M+H]+,1.0,912.1647,1.0,193.1
6867,DeepCCS-30932474.0,3-Hydroxy-3-methylglutaryl-CoA,C27H44N7O20P3S,[M+Na]+,1.0,934.1467,1.0,200.2
6868,AllCCS-32859911.0,3-Hydroxy-3-methylglutaryl-CoA,C27H44N7O20P3S,[M+H]+,1.0,912.1647,1.0,263.5
6869,AllCCS-32859911.0,3-Hydroxy-3-methylglutaryl-CoA,C27H44N7O20P3S,[M+H-H2O]+,1.0,894.1542,1.0,264.1
6870,AllCCS-32859911.0,3-Hydroxy-3-methylglutaryl-CoA,C27H44N7O20P3S,[M+NH4]+,1.0,929.1913,1.0,262.8
6871,AllCCS-32859911.0,3-Hydroxy-3-methylglutaryl-CoA,C27H44N7O20P3S,[M+Na]+,1.0,934.1467,1.0,262.7
6876,DarkChem-31661259.0,Sulcatone,C8H14O,[M+H]+,1.0,127.1117,1.0,130.1
6878,DeepCCS-30932474.0,Sulcatone,C8H14O,[M+H]+,1.0,127.1117,1.0,131.9
6881,DeepCCS-30932474.0,Sulcatone,C8H14O,[M+Na]+,1.0,149.0937,1.0,140.6
6882,AllCCS-32859911.0,Sulcatone,C8H14O,[M+H]+,1.0,127.1117,1.0,129.1
6883,AllCCS-32859911.0,Sulcatone,C8H14O,[M+H-H2O]+,1.0,109.1012,1.0,124.8
6884,AllCCS-32859911.0,Sulcatone,C8H14O,[M+NH4]+,1.0,144.1383,1.0,133.1
6885,AllCCS-32859911.0,Sulcatone,C8H14O,[M+Na]+,1.0,149.0937,1.0,134.2
6892,AllCCS-32859911.0,Glycogen,C24H42O21,[M+H]+,1.0,667.2291,1.0,238.0
6894,DeepCCS-30932474.0,Glycogen,C24H42O21,[M+H]+,1.0,667.2291,1.0,232.0
6897,DeepCCS-30932474.0,Glycogen,C24H42O21,[M+Na]+,1.0,689.2111,1.0,238.3
6899,AllCCS-32859911.0,Glycogen,C24H42O21,[M+H-H2O]+,1.0,649.2186,1.0,237.4
6900,AllCCS-32859911.0,Glycogen,C24H42O21,[M+NH4]+,1.0,684.2557,1.0,238.6
6901,AllCCS-32859911.0,Glycogen,C24H42O21,[M+Na]+,1.0,689.2111,1.0,238.7
6907,DarkChem-31661259.0,Thymine,C5H6N2O2,[M+H]+,1.0,127.0502,1.0,125.5
6909,AllCCS-32859911.0,Thymine,C5H6N2O2,[M+H]+,1.0,127.0502,1.0,127.0
6911,DeepCCS-30932474.0,Thymine,C5H6N2O2,[M+H]+,1.0,127.0502,1.0,121.8
6914,DeepCCS-30932474.0,Thymine,C5H6N2O2,[M+Na]+,1.0,149.0321,1.0,130.3
6916,AllCCS-32859911.0,Thymine,C5H6N2O2,[M+H-H2O]+,1.0,109.0396,1.0,122.2
6917,AllCCS-32859911.0,Thymine,C5H6N2O2,[M+NH4]+,1.0,144.0768,1.0,131.4
6918,AllCCS-32859911.0,Thymine,C5H6N2O2,[M+Na]+,1.0,149.0321,1.0,132.7
6922,DarkChem-31661259.0,L-Cystine,C6H12N2O4S2,[M+H]+,1.0,241.0311,1.0,153.4
6924,AllCCS-32859911.0,L-Cystine,C6H12N2O4S2,[M+H]+,1.0,241.0311,1.0,149.0
6926,DeepCCS-30932474.0,L-Cystine,C6H12N2O4S2,[M+H]+,1.0,241.0311,1.0,142.9
6929,DeepCCS-30932474.0,L-Cystine,C6H12N2O4S2,[M+Na]+,1.0,263.0131,1.0,149.3
6931,AllCCS-32859911.0,L-Cystine,C6H12N2O4S2,[M+H-H2O]+,1.0,223.0206,1.0,145.8
6932,AllCCS-32859911.0,L-Cystine,C6H12N2O4S2,[M+NH4]+,1.0,258.0577,1.0,151.9
6933,AllCCS-32859911.0,L-Cystine,C6H12N2O4S2,[M+Na]+,1.0,263.0131,1.0,152.7
6937,DarkChem-31661259.0,Adenine,C5H5N5,[M+H]+,1.0,136.0618,1.0,125.3
6939,AllCCS-32859911.0,Adenine,C5H5N5,[M+H]+,1.0,136.0618,1.0,128.8
6941,DeepCCS-30932474.0,Adenine,C5H5N5,[M+H]+,1.0,136.0618,1.0,120.8
6944,DeepCCS-30932474.0,Adenine,C5H5N5,[M+Na]+,1.0,158.0437,1.0,129.6
6947,AllCCS-32859911.0,Adenine,C5H5N5,[M+NH4]+,1.0,153.0883,1.0,133.3
6948,AllCCS-32859911.0,Adenine,C5H5N5,[M+Na]+,1.0,158.0437,1.0,134.6
6955,DeepCCS-30932474.0,Hydrogen peroxide,H2O2,[M+Na]+,1.0,56.9947,1.0,116.2
6956,DarkChem-31661259.0,Pyridoxamine,C8H12N2O2,[M+H]+,1.0,169.0972,1.0,135.9
6958,AllCCS-32859911.0,Pyridoxamine,C8H12N2O2,[M+H]+,1.0,169.0972,1.0,136.5
6960,DeepCCS-30932474.0,Pyridoxamine,C8H12N2O2,[M+H]+,1.0,169.0972,1.0,137.6
6963,DeepCCS-30932474.0,Pyridoxamine,C8H12N2O2,[M+Na]+,1.0,191.0791,1.0,146.8
6965,AllCCS-32859911.0,Pyridoxamine,C8H12N2O2,[M+H-H2O]+,1.0,151.0866,1.0,132.1
6966,AllCCS-32859911.0,Pyridoxamine,C8H12N2O2,[M+NH4]+,1.0,186.1237,1.0,140.6
6967,AllCCS-32859911.0,Pyridoxamine,C8H12N2O2,[M+Na]+,1.0,191.0791,1.0,141.8
6972,DarkChem-31661259.0,Phenylacetic acid,C8H8O2,[M+H]+,1.0,137.0597,1.0,128.8
6974,AllCCS-32859911.0,Phenylacetic acid,C8H8O2,[M+H]+,1.0,137.0597,1.0,128.0
6976,DeepCCS-30932474.0,Phenylacetic acid,C8H8O2,[M+H]+,1.0,137.0597,1.0,127.0
6979,DeepCCS-30932474.0,Phenylacetic acid,C8H8O2,[M+Na]+,1.0,159.0416,1.0,136.1
6981,AllCCS-32859911.0,Phenylacetic acid,C8H8O2,[M+H-H2O]+,1.0,119.0491,1.0,123.3
6982,AllCCS-32859911.0,Phenylacetic acid,C8H8O2,[M+NH4]+,1.0,154.0863,1.0,132.4
6983,AllCCS-32859911.0,Phenylacetic acid,C8H8O2,[M+Na]+,1.0,159.0416,1.0,133.6
6987,DarkChem-31661259.0,Aminoacetone,C3H7NO,[M+H]+,1.0,74.06,1.0,112.8
6989,DeepCCS-30932474.0,Aminoacetone,C3H7NO,[M+H]+,1.0,74.06,1.0,118.1
6992,DeepCCS-30932474.0,Aminoacetone,C3H7NO,[M+Na]+,1.0,96.042,1.0,126.4
6993,AllCCS-32859911.0,Aminoacetone,C3H7NO,[M+H]+,1.0,74.06,1.0,120.8
6994,AllCCS-32859911.0,Aminoacetone,C3H7NO,[M+H-H2O]+,1.0,56.0495,1.0,116.3
6995,AllCCS-32859911.0,Aminoacetone,C3H7NO,[M+NH4]+,1.0,91.0866,1.0,125.1
6996,AllCCS-32859911.0,Aminoacetone,C3H7NO,[M+Na]+,1.0,96.042,1.0,126.3
7003,DarkChem-31661259.0,L-Aspartic acid,C4H7NO4,[M+H]+,1.0,134.0448,1.0,129.8
7005,AllCCS-32859911.0,L-Aspartic acid,C4H7NO4,[M+H]+,1.0,134.0448,1.0,131.7
7007,DeepCCS-30932474.0,L-Aspartic acid,C4H7NO4,[M+H]+,1.0,134.0448,1.0,123.1
7010,DeepCCS-30932474.0,L-Aspartic acid,C4H7NO4,[M+Na]+,1.0,156.0267,1.0,132.1
7012,AllCCS-32859911.0,L-Aspartic acid,C4H7NO4,[M+H-H2O]+,1.0,116.0342,1.0,127.6
7013,AllCCS-32859911.0,L-Aspartic acid,C4H7NO4,[M+NH4]+,1.0,151.0713,1.0,135.5
7014,AllCCS-32859911.0,L-Aspartic acid,C4H7NO4,[M+Na]+,1.0,156.0267,1.0,136.6
7018,DarkChem-31661259.0,3-Methyladenine,C6H7N5,[M+H]+,1.0,150.0774,1.0,129.0
7021,DeepCCS-30932474.0,3-Methyladenine,C6H7N5,[M+Na]+,1.0,172.0594,1.0,137.1
7022,AllCCS-32859911.0,3-Methyladenine,C6H7N5,[M+H]+,1.0,150.0774,1.0,132.3
7024,AllCCS-32859911.0,3-Methyladenine,C6H7N5,[M+NH4]+,1.0,167.104,1.0,136.6
7025,AllCCS-32859911.0,3-Methyladenine,C6H7N5,[M+Na]+,1.0,172.0594,1.0,137.8
7029,DarkChem-31661259.0,dGDP,C10H15N5O10P2,[M+H]+,1.0,428.0367,1.0,190.8
7031,AllCCS-32859911.0,dGDP,C10H15N5O10P2,[M+H]+,1.0,428.0367,1.0,186.6
7033,DeepCCS-30932474.0,dGDP,C10H15N5O10P2,[M+H]+,1.0,428.0367,1.0,164.0
7036,DeepCCS-30932474.0,dGDP,C10H15N5O10P2,[M+Na]+,1.0,450.0186,1.0,171.5
7038,AllCCS-32859911.0,dGDP,C10H15N5O10P2,[M+H-H2O]+,1.0,410.0261,1.0,184.3
7039,AllCCS-32859911.0,dGDP,C10H15N5O10P2,[M+NH4]+,1.0,445.0632,1.0,188.8
7040,AllCCS-32859911.0,dGDP,C10H15N5O10P2,[M+Na]+,1.0,450.0186,1.0,189.4
7044,DarkChem-31661259.0,Dihydrolipoamide,C8H17NOS2,[M+H]+,1.0,208.0824,1.0,146.9
7046,AllCCS-32859911.0,Dihydrolipoamide,C8H17NOS2,[M+H]+,1.0,208.0824,1.0,145.3
7048,DeepCCS-30932474.0,Dihydrolipoamide,C8H17NOS2,[M+H]+,1.0,208.0824,1.0,148.3
7051,DeepCCS-30932474.0,Dihydrolipoamide,C8H17NOS2,[M+Na]+,1.0,230.0644,1.0,156.7
7053,AllCCS-32859911.0,Dihydrolipoamide,C8H17NOS2,[M+H-H2O]+,1.0,190.0719,1.0,141.8
7054,AllCCS-32859911.0,Dihydrolipoamide,C8H17NOS2,[M+NH4]+,1.0,225.109,1.0,148.5
7055,AllCCS-32859911.0,Dihydrolipoamide,C8H17NOS2,[M+Na]+,1.0,230.0644,1.0,149.5
7062,DeepCCS-30932474.0,Oxygen,O2,[M+Na]+,1.0,54.979,1.0,116.2
7065,DarkChem-31661259.0,D-Proline,C5H9NO2,[M+H]+,1.0,116.0706,1.0,124.1
7067,DeepCCS-30932474.0,D-Proline,C5H9NO2,[M+H]+,1.0,116.0706,1.0,118.6
7070,DeepCCS-30932474.0,D-Proline,C5H9NO2,[M+Na]+,1.0,138.0525,1.0,127.3
7071,AllCCS-32859911.0,D-Proline,C5H9NO2,[M+H]+,1.0,116.0706,1.0,125.1
7072,AllCCS-32859911.0,D-Proline,C5H9NO2,[M+H-H2O]+,1.0,98.06,1.0,120.3
7073,AllCCS-32859911.0,D-Proline,C5H9NO2,[M+NH4]+,1.0,133.0972,1.0,129.5
7074,AllCCS-32859911.0,D-Proline,C5H9NO2,[M+Na]+,1.0,138.0525,1.0,130.8
7078,DarkChem-31661259.0,Pectin,C6H10O7,[M+H]+,1.0,195.0499,1.0,142.7
7080,DeepCCS-30932474.0,Pectin,C6H10O7,[M+H]+,1.0,195.0499,1.0,143.5
7083,DeepCCS-30932474.0,Pectin,C6H10O7,[M+Na]+,1.0,217.0319,1.0,149.4
7084,AllCCS-32859911.0,Pectin,C6H10O7,[M+H]+,1.0,195.0499,1.0,143.2
7085,AllCCS-32859911.0,Pectin,C6H10O7,[M+H-H2O]+,1.0,177.0394,1.0,139.1
7086,AllCCS-32859911.0,Pectin,C6H10O7,[M+NH4]+,1.0,212.0765,1.0,147.0
7087,AllCCS-32859911.0,Pectin,C6H10O7,[M+Na]+,1.0,217.0319,1.0,148.0
7092,DarkChem-31661259.0,Sucrose,C12H22O11,[M+H]+,1.0,343.1235,1.0,176.1
7094,AllCCS-32859911.0,Sucrose,C12H22O11,[M+H]+,1.0,343.1235,1.0,175.7
7096,DeepCCS-30932474.0,Sucrose,C12H22O11,[M+H]+,1.0,343.1235,1.0,173.7
7097,DeepCCS-30932474.0,Sucrose,C12H22O11,[M+H]+,1.0,343.1235,1.0,180.8
7101,DeepCCS-30932474.0,Sucrose,C12H22O11,[M+Na]+,1.0,365.1054,1.0,179.7
7103,DeepCCS-30932474.0,Sucrose,C12H22O11,[M+Na]+,1.0,365.1054,1.0,187.2
7105,AllCCS-32859911.0,Sucrose,C12H22O11,[M+H-H2O]+,1.0,325.1129,1.0,172.9
7106,AllCCS-32859911.0,Sucrose,C12H22O11,[M+NH4]+,1.0,360.15,1.0,178.3
7107,AllCCS-32859911.0,Sucrose,C12H22O11,[M+Na]+,1.0,365.1054,1.0,179.0
7116,DeepCCS-30932474.0,Tetracosanoyl-CoA,C45H82N7O17P3S,[M+H]+,1.0,1118.4774,1.0,279.0
7119,DeepCCS-30932474.0,Tetracosanoyl-CoA,C45H82N7O17P3S,[M+Na]+,1.0,1140.4593,1.0,286.2
7120,AllCCS-32859911.0,Tetracosanoyl-CoA,C45H82N7O17P3S,[M+H]+,1.0,1118.4774,1.0,317.6
7121,AllCCS-32859911.0,Tetracosanoyl-CoA,C45H82N7O17P3S,[M+H-H2O]+,1.0,1100.4668,1.0,318.1
7122,AllCCS-32859911.0,Tetracosanoyl-CoA,C45H82N7O17P3S,[M+NH4]+,1.0,1135.5039,1.0,317.2
7123,AllCCS-32859911.0,Tetracosanoyl-CoA,C45H82N7O17P3S,[M+Na]+,1.0,1140.4593,1.0,317.0
7127,DarkChem-31661259.0,IDP,C10H14N4O11P2,[M+H]+,1.0,429.0207,1.0,191.6
7129,DeepCCS-30932474.0,IDP,C10H14N4O11P2,[M+H]+,1.0,429.0207,1.0,152.4
7132,DeepCCS-30932474.0,IDP,C10H14N4O11P2,[M+Na]+,1.0,451.0026,1.0,159.4
7133,AllCCS-32859911.0,IDP,C10H14N4O11P2,[M+H]+,1.0,429.0207,1.0,187.2
7134,AllCCS-32859911.0,IDP,C10H14N4O11P2,[M+H-H2O]+,1.0,411.0101,1.0,184.9
7135,AllCCS-32859911.0,IDP,C10H14N4O11P2,[M+NH4]+,1.0,446.0473,1.0,189.4
7136,AllCCS-32859911.0,IDP,C10H14N4O11P2,[M+Na]+,1.0,451.0026,1.0,190.0
7140,DeepCCS-30932474.0,Propanal,C3H6O,[M+H]+,1.0,59.0491,1.0,118.6
7143,DeepCCS-30932474.0,Propanal,C3H6O,[M+Na]+,1.0,81.0311,1.0,126.0
7147,DeepCCS-30932474.0,Carbon dioxide,CO2,[M+Na]+,1.0,66.979,1.0,122.2
7148,DarkChem-31661259.0,D-Cysteine,C3H7NO2S,[M+H]+,1.0,122.027,1.0,123.3
7150,DeepCCS-30932474.0,D-Cysteine,C3H7NO2S,[M+H]+,1.0,122.027,1.0,122.9
7153,DeepCCS-30932474.0,D-Cysteine,C3H7NO2S,[M+Na]+,1.0,144.009,1.0,131.5
7154,AllCCS-32859911.0,D-Cysteine,C3H7NO2S,[M+H]+,1.0,122.027,1.0,130.1
7155,AllCCS-32859911.0,D-Cysteine,C3H7NO2S,[M+H-H2O]+,1.0,104.0165,1.0,126.0
7156,AllCCS-32859911.0,D-Cysteine,C3H7NO2S,[M+NH4]+,1.0,139.0536,1.0,134.0
7157,AllCCS-32859911.0,D-Cysteine,C3H7NO2S,[M+Na]+,1.0,144.009,1.0,135.1
7161,DarkChem-31661259.0,ADP,C10H15N5O10P2,[M+H]+,1.0,428.0367,1.0,193.2
7163,AllCCS-32859911.0,ADP,C10H15N5O10P2,[M+H]+,1.0,428.0367,1.0,187.8
7165,DeepCCS-30932474.0,ADP,C10H15N5O10P2,[M+H]+,1.0,428.0367,1.0,165.7
7166,DeepCCS-30932474.0,ADP,C10H15N5O10P2,[M+H]+,1.0,428.0367,1.0,154.6
7170,DeepCCS-30932474.0,ADP,C10H15N5O10P2,[M+Na]+,1.0,450.0186,1.0,173.5
7172,DeepCCS-30932474.0,ADP,C10H15N5O10P2,[M+Na]+,1.0,450.0186,1.0,162.9
7173,AllCCS-32859911.0,ADP,C10H15N5O10P2,[M+H]+,1.0,428.0367,1.0,187.9
7174,AllCCS-32859911.0,ADP,C10H15N5O10P2,[M+H-H2O]+,1.0,410.0261,1.0,185.5
7175,AllCCS-32859911.0,ADP,C10H15N5O10P2,[M+NH4]+,1.0,445.0632,1.0,190.0
7176,AllCCS-32859911.0,ADP,C10H15N5O10P2,[M+Na]+,1.0,450.0186,1.0,190.6
7180,DeepCCS-30932474.0,Ubiquinol-6,C39H60O4,[M+H]+,1.0,593.4564,1.0,249.0
7183,DeepCCS-30932474.0,Ubiquinol-6,C39H60O4,[M+Na]+,1.0,615.4384,1.0,254.9
7184,AllCCS-32859911.0,Ubiquinol-6,C39H60O4,[M+H]+,1.0,593.4564,1.0,250.3
7185,AllCCS-32859911.0,Ubiquinol-6,C39H60O4,[M+H-H2O]+,1.0,575.4459,1.0,249.0
7186,AllCCS-32859911.0,Ubiquinol-6,C39H60O4,[M+NH4]+,1.0,610.483,1.0,251.6
7187,AllCCS-32859911.0,Ubiquinol-6,C39H60O4,[M+Na]+,1.0,615.4384,1.0,251.9
7191,DarkChem-31661259.0,dCDP,C9H15N3O10P2,[M+H]+,1.0,388.0305,1.0,182.1
7193,AllCCS-32859911.0,dCDP,C9H15N3O10P2,[M+H]+,1.0,388.0305,1.0,179.5
7195,DeepCCS-30932474.0,dCDP,C9H15N3O10P2,[M+H]+,1.0,388.0305,1.0,162.1
7198,DeepCCS-30932474.0,dCDP,C9H15N3O10P2,[M+Na]+,1.0,410.0125,1.0,170.0
7200,AllCCS-32859911.0,dCDP,C9H15N3O10P2,[M+H-H2O]+,1.0,370.02,1.0,176.8
7201,AllCCS-32859911.0,dCDP,C9H15N3O10P2,[M+NH4]+,1.0,405.0571,1.0,181.9
7202,AllCCS-32859911.0,dCDP,C9H15N3O10P2,[M+Na]+,1.0,410.0125,1.0,182.6
7207,DarkChem-31661259.0,L-Glutamic gamma-semialdehyde,C5H9NO3,[M+H]+,1.0,132.0655,1.0,128.7
7209,DeepCCS-30932474.0,L-Glutamic gamma-semialdehyde,C5H9NO3,[M+H]+,1.0,132.0655,1.0,126.2
7212,DeepCCS-30932474.0,L-Glutamic gamma-semialdehyde,C5H9NO3,[M+Na]+,1.0,154.0475,1.0,135.0
7213,AllCCS-32859911.0,L-Glutamic gamma-semialdehyde,C5H9NO3,[M+H]+,1.0,132.0655,1.0,131.2
7214,AllCCS-32859911.0,L-Glutamic gamma-semialdehyde,C5H9NO3,[M+H-H2O]+,1.0,114.055,1.0,127.1
7215,AllCCS-32859911.0,L-Glutamic gamma-semialdehyde,C5H9NO3,[M+NH4]+,1.0,149.0921,1.0,135.1
7216,AllCCS-32859911.0,L-Glutamic gamma-semialdehyde,C5H9NO3,[M+Na]+,1.0,154.0475,1.0,136.2
7221,DeepCCS-30932474.0,Dolichol-20,C100H164O,[M+H]+,1.0,1382.2855,1.0,418.0
7224,DeepCCS-30932474.0,Dolichol-20,C100H164O,[M+Na]+,1.0,1404.2674,1.0,424.3
7230,DarkChem-31661259.0,"myo-Inositol 1,3,4,5,6-pentakisphosphate",C6H17O21P5,[M+H]+,1.0,580.9023,1.0,218.7
7232,DeepCCS-30932474.0,"myo-Inositol 1,3,4,5,6-pentakisphosphate",C6H17O21P5,[M+H]+,1.0,580.9023,1.0,174.3
7235,DeepCCS-30932474.0,"myo-Inositol 1,3,4,5,6-pentakisphosphate",C6H17O21P5,[M+Na]+,1.0,602.8843,1.0,179.9
7236,AllCCS-32859911.0,"myo-Inositol 1,3,4,5,6-pentakisphosphate",C6H17O21P5,[M+H]+,1.0,580.9023,1.0,205.3
7237,AllCCS-32859911.0,"myo-Inositol 1,3,4,5,6-pentakisphosphate",C6H17O21P5,[M+H-H2O]+,1.0,562.8918,1.0,203.9
7238,AllCCS-32859911.0,"myo-Inositol 1,3,4,5,6-pentakisphosphate",C6H17O21P5,[M+NH4]+,1.0,597.9289,1.0,206.6
7239,AllCCS-32859911.0,"myo-Inositol 1,3,4,5,6-pentakisphosphate",C6H17O21P5,[M+Na]+,1.0,602.8843,1.0,207.0
7243,DarkChem-31661259.0,Glucose 6-phosphate,C6H13O9P,[M+H]+,1.0,261.037,1.0,160.1
7245,AllCCS-32859911.0,Glucose 6-phosphate,C6H13O9P,[M+H]+,1.0,261.037,1.0,156.3
7247,DeepCCS-30932474.0,Glucose 6-phosphate,C6H13O9P,[M+H]+,1.0,261.037,1.0,143.9
7250,DeepCCS-30932474.0,Glucose 6-phosphate,C6H13O9P,[M+Na]+,1.0,283.0189,1.0,151.0
7252,AllCCS-32859911.0,Glucose 6-phosphate,C6H13O9P,[M+H-H2O]+,1.0,243.0264,1.0,152.8
7253,AllCCS-32859911.0,Glucose 6-phosphate,C6H13O9P,[M+NH4]+,1.0,278.0635,1.0,159.6
7254,AllCCS-32859911.0,Glucose 6-phosphate,C6H13O9P,[M+Na]+,1.0,283.0189,1.0,160.5
7258,DarkChem-31661259.0,D-Ribulose 5-phosphate,C5H11O8P,[M+H]+,1.0,231.0264,1.0,152.0
7260,AllCCS-32859911.0,D-Ribulose 5-phosphate,C5H11O8P,[M+H]+,1.0,231.0264,1.0,148.3
7262,DeepCCS-30932474.0,D-Ribulose 5-phosphate,C5H11O8P,[M+H]+,1.0,231.0264,1.0,138.0
7265,DeepCCS-30932474.0,D-Ribulose 5-phosphate,C5H11O8P,[M+Na]+,1.0,253.0084,1.0,144.1
7267,AllCCS-32859911.0,D-Ribulose 5-phosphate,C5H11O8P,[M+H-H2O]+,1.0,213.0159,1.0,144.8
7268,AllCCS-32859911.0,D-Ribulose 5-phosphate,C5H11O8P,[M+NH4]+,1.0,248.053,1.0,151.6
7269,AllCCS-32859911.0,D-Ribulose 5-phosphate,C5H11O8P,[M+Na]+,1.0,253.0084,1.0,152.5
7274,DarkChem-31661259.0,4-Hydroxyphenylpyruvic acid,C9H8O4,[M+H]+,1.0,181.0495,1.0,140.3
7276,AllCCS-32859911.0,4-Hydroxyphenylpyruvic acid,C9H8O4,[M+H]+,1.0,181.0495,1.0,138.2
7278,DeepCCS-30932474.0,4-Hydroxyphenylpyruvic acid,C9H8O4,[M+H]+,1.0,181.0495,1.0,137.0
7281,DeepCCS-30932474.0,4-Hydroxyphenylpyruvic acid,C9H8O4,[M+Na]+,1.0,203.0315,1.0,144.5
7283,AllCCS-32859911.0,4-Hydroxyphenylpyruvic acid,C9H8O4,[M+H-H2O]+,1.0,163.039,1.0,133.9
7284,AllCCS-32859911.0,4-Hydroxyphenylpyruvic acid,C9H8O4,[M+NH4]+,1.0,198.0761,1.0,142.2
7285,AllCCS-32859911.0,4-Hydroxyphenylpyruvic acid,C9H8O4,[M+Na]+,1.0,203.0315,1.0,143.3
7290,DeepCCS-30932474.0,3-Oxohexacosyl-CoA,C47H84N7O18P3S,[M+H]+,1.0,1160.4879,1.0,296.5
7293,DeepCCS-30932474.0,3-Oxohexacosyl-CoA,C47H84N7O18P3S,[M+Na]+,1.0,1182.4699,1.0,303.1
7294,AllCCS-32859911.0,3-Oxohexacosyl-CoA,C47H84N7O18P3S,[M+H]+,1.0,1160.4879,1.0,323.8
7295,AllCCS-32859911.0,3-Oxohexacosyl-CoA,C47H84N7O18P3S,[M+H-H2O]+,1.0,1142.4774,1.0,324.2
7296,AllCCS-32859911.0,3-Oxohexacosyl-CoA,C47H84N7O18P3S,[M+NH4]+,1.0,1177.5145,1.0,323.4
7297,AllCCS-32859911.0,3-Oxohexacosyl-CoA,C47H84N7O18P3S,[M+Na]+,1.0,1182.4699,1.0,323.3
7301,DeepCCS-30932474.0,5-Methylthioribose 1-phosphate,C6H13O7PS,[M+H]+,1.0,261.0192,1.0,149.9
7304,DeepCCS-30932474.0,5-Methylthioribose 1-phosphate,C6H13O7PS,[M+Na]+,1.0,283.0012,1.0,157.1
7305,AllCCS-32859911.0,5-Methylthioribose 1-phosphate,C6H13O7PS,[M+H]+,1.0,261.0192,1.0,155.9
7306,AllCCS-32859911.0,5-Methylthioribose 1-phosphate,C6H13O7PS,[M+H-H2O]+,1.0,243.0087,1.0,152.5
7307,AllCCS-32859911.0,5-Methylthioribose 1-phosphate,C6H13O7PS,[M+NH4]+,1.0,278.0458,1.0,159.2
7308,AllCCS-32859911.0,5-Methylthioribose 1-phosphate,C6H13O7PS,[M+Na]+,1.0,283.0012,1.0,160.1
7317,DeepCCS-30932474.0,Glucose 1-phosphate,C6H13O9P,[M+H]+,1.0,261.037,1.0,143.2
7320,DeepCCS-30932474.0,Glucose 1-phosphate,C6H13O9P,[M+Na]+,1.0,283.0189,1.0,150.2
7321,AllCCS-32859911.0,Glucose 1-phosphate,C6H13O9P,[M+H]+,1.0,261.037,1.0,156.4
7322,AllCCS-32859911.0,Glucose 1-phosphate,C6H13O9P,[M+H-H2O]+,1.0,243.0264,1.0,152.8
7323,AllCCS-32859911.0,Glucose 1-phosphate,C6H13O9P,[M+NH4]+,1.0,278.0635,1.0,159.7
7324,AllCCS-32859911.0,Glucose 1-phosphate,C6H13O9P,[M+Na]+,1.0,283.0189,1.0,160.6
7328,DarkChem-31661259.0,4-Methylumbelliferone,C10H8O3,[M+H]+,1.0,177.0546,1.0,136.9
7330,DeepCCS-30932474.0,4-Methylumbelliferone,C10H8O3,[M+H]+,1.0,177.0546,1.0,136.5
7333,DeepCCS-30932474.0,4-Methylumbelliferone,C10H8O3,[M+Na]+,1.0,199.0366,1.0,145.4
7334,AllCCS-32859911.0,4-Methylumbelliferone,C10H8O3,[M+H]+,1.0,177.0546,1.0,134.5
7335,AllCCS-32859911.0,4-Methylumbelliferone,C10H8O3,[M+H-H2O]+,1.0,159.0441,1.0,129.9
7336,AllCCS-32859911.0,4-Methylumbelliferone,C10H8O3,[M+NH4]+,1.0,194.0812,1.0,138.8
7337,AllCCS-32859911.0,4-Methylumbelliferone,C10H8O3,[M+Na]+,1.0,199.0366,1.0,140.0
7341,AllCCS-32859911.0,4beta-hydroxymethyl-4alpha-methyl-5alpha-cholest-7-en-3beta-ol,C29H50O2,[M+H]+,1.0,431.3884,1.0,210.6
7342,AllCCS-32859911.0,4beta-hydroxymethyl-4alpha-methyl-5alpha-cholest-7-en-3beta-ol,C29H50O2,[M+H-H2O]+,1.0,413.3778,1.0,208.8
7343,AllCCS-32859911.0,4beta-hydroxymethyl-4alpha-methyl-5alpha-cholest-7-en-3beta-ol,C29H50O2,[M+Na]+,1.0,453.3703,1.0,212.7
7344,AllCCS-32859911.0,4beta-hydroxymethyl-4alpha-methyl-5alpha-cholest-7-en-3beta-ol,C29H50O2,[M+NH4]+,1.0,448.4149,1.0,212.2
7349,DeepCCS-30932474.0,4beta-hydroxymethyl-4alpha-methyl-5alpha-cholest-7-en-3beta-ol,C29H50O2,[M+Na]+,1.0,453.3703,1.0,225.7
7350,DarkChem-31661259.0,Trimetaphosphoric acid,H3O9P3,[M+H]+,1.0,240.9063,1.0,150.7
7352,DeepCCS-30932474.0,Trimetaphosphoric acid,H3O9P3,[M+H]+,1.0,240.9063,1.0,125.0
7355,DeepCCS-30932474.0,Trimetaphosphoric acid,H3O9P3,[M+Na]+,1.0,262.8882,1.0,133.4
7357,AllCCS-32859911.0,Trimetaphosphoric acid,H3O9P3,[M+H-H2O]+,1.0,222.8957,1.0,146.8
7358,AllCCS-32859911.0,Trimetaphosphoric acid,H3O9P3,[M+NH4]+,1.0,257.9328,1.0,154.3
7359,AllCCS-32859911.0,Trimetaphosphoric acid,H3O9P3,[M+Na]+,1.0,262.8882,1.0,155.3
7363,DarkChem-31661259.0,Pyrazinamide,C5H5N3O,[M+H]+,1.0,124.0505,1.0,124.6
7365,DeepCCS-30932474.0,Pyrazinamide,C5H5N3O,[M+H]+,1.0,124.0505,1.0,125.0
7368,DeepCCS-30932474.0,Pyrazinamide,C5H5N3O,[M+Na]+,1.0,146.0325,1.0,133.7
7369,AllCCS-32859911.0,Pyrazinamide,C5H5N3O,[M+H]+,1.0,124.0505,1.0,126.5
7370,AllCCS-32859911.0,Pyrazinamide,C5H5N3O,[M+H-H2O]+,1.0,106.04,1.0,121.7
7371,AllCCS-32859911.0,Pyrazinamide,C5H5N3O,[M+NH4]+,1.0,141.0771,1.0,130.9
7372,AllCCS-32859911.0,Pyrazinamide,C5H5N3O,[M+Na]+,1.0,146.0325,1.0,132.2
7391,DeepCCS-30932474.0,Nitrate,NO3,[M+H]+,1.0,62.9951,1.0,108.3
7394,DeepCCS-30932474.0,Nitrate,NO3,[M+Na]+,1.0,84.977,1.0,116.7
7395,AllCCS-32859911.0,Nitrate,NO3,[M+H]+,1.0,62.9951,1.0,126.2
7397,AllCCS-32859911.0,Nitrate,NO3,[M+NH4]+,1.0,80.0216,1.0,130.4
7398,AllCCS-32859911.0,Nitrate,NO3,[M+Na]+,1.0,84.977,1.0,131.6
7405,DeepCCS-30932474.0,Nitric oxide,NO,[M+Na]+,1.0,52.9872,1.0,117.2
7418,DarkChem-31661259.0,7-Methylguanine,C6H7N5O,[M+H]+,1.0,166.0723,1.0,134.4
7420,AllCCS-32859911.0,7-Methylguanine,C6H7N5O,[M+H]+,1.0,166.0723,1.0,135.6
7422,DeepCCS-30932474.0,7-Methylguanine,C6H7N5O,[M+H]+,1.0,166.0723,1.0,133.5
7425,DeepCCS-30932474.0,7-Methylguanine,C6H7N5O,[M+Na]+,1.0,188.0543,1.0,141.4
7427,AllCCS-32859911.0,7-Methylguanine,C6H7N5O,[M+H-H2O]+,1.0,148.0618,1.0,131.1
7428,AllCCS-32859911.0,7-Methylguanine,C6H7N5O,[M+NH4]+,1.0,183.0989,1.0,139.7
7429,AllCCS-32859911.0,7-Methylguanine,C6H7N5O,[M+Na]+,1.0,188.0543,1.0,140.9
7434,DarkChem-31661259.0,D-Glutamine,C5H10N2O3,[M+H]+,1.0,147.0764,1.0,132.6
7436,DeepCCS-30932474.0,D-Glutamine,C5H10N2O3,[M+H]+,1.0,147.0764,1.0,128.0
7439,DeepCCS-30932474.0,D-Glutamine,C5H10N2O3,[M+Na]+,1.0,169.0584,1.0,137.1
7440,AllCCS-32859911.0,D-Glutamine,C5H10N2O3,[M+H]+,1.0,147.0764,1.0,133.4
7441,AllCCS-32859911.0,D-Glutamine,C5H10N2O3,[M+H-H2O]+,1.0,129.0659,1.0,129.4
7442,AllCCS-32859911.0,D-Glutamine,C5H10N2O3,[M+NH4]+,1.0,164.103,1.0,137.1
7443,AllCCS-32859911.0,D-Glutamine,C5H10N2O3,[M+Na]+,1.0,169.0584,1.0,138.2
7448,DarkChem-31661259.0,D-Alanine,C3H7NO2,[M+H]+,1.0,90.055,1.0,117.7
7450,AllCCS-32859911.0,D-Alanine,C3H7NO2,[M+H]+,1.0,90.055,1.0,125.6
7452,DeepCCS-30932474.0,D-Alanine,C3H7NO2,[M+H]+,1.0,90.055,1.0,118.0
7455,DeepCCS-30932474.0,D-Alanine,C3H7NO2,[M+Na]+,1.0,112.0369,1.0,126.5
7457,AllCCS-32859911.0,D-Alanine,C3H7NO2,[M+H-H2O]+,1.0,72.0444,1.0,121.2
7458,AllCCS-32859911.0,D-Alanine,C3H7NO2,[M+NH4]+,1.0,107.0815,1.0,129.7
7459,AllCCS-32859911.0,D-Alanine,C3H7NO2,[M+Na]+,1.0,112.0369,1.0,130.9
7463,DarkChem-31661259.0,beta-Glycerophosphoric acid,C3H9O6P,[M+H]+,1.0,173.021,1.0,135.6
7465,DeepCCS-30932474.0,beta-Glycerophosphoric acid,C3H9O6P,[M+H]+,1.0,173.021,1.0,131.6
7468,DeepCCS-30932474.0,beta-Glycerophosphoric acid,C3H9O6P,[M+Na]+,1.0,195.0029,1.0,140.4
7469,AllCCS-32859911.0,beta-Glycerophosphoric acid,C3H9O6P,[M+H]+,1.0,173.021,1.0,138.9
7470,AllCCS-32859911.0,beta-Glycerophosphoric acid,C3H9O6P,[M+H-H2O]+,1.0,155.0104,1.0,135.0
7471,AllCCS-32859911.0,beta-Glycerophosphoric acid,C3H9O6P,[M+NH4]+,1.0,190.0475,1.0,142.5
7472,AllCCS-32859911.0,beta-Glycerophosphoric acid,C3H9O6P,[M+Na]+,1.0,195.0029,1.0,143.6
7479,DarkChem-31661259.0,D-Tryptophan,C11H12N2O2,[M+H]+,1.0,205.0972,1.0,146.8
7481,DeepCCS-30932474.0,D-Tryptophan,C11H12N2O2,[M+H]+,1.0,205.0972,1.0,143.2
7484,DeepCCS-30932474.0,D-Tryptophan,C11H12N2O2,[M+Na]+,1.0,227.0791,1.0,149.4
7485,AllCCS-32859911.0,D-Tryptophan,C11H12N2O2,[M+H]+,1.0,205.0972,1.0,146.4
7486,AllCCS-32859911.0,D-Tryptophan,C11H12N2O2,[M+H-H2O]+,1.0,187.0866,1.0,142.3
7487,AllCCS-32859911.0,D-Tryptophan,C11H12N2O2,[M+NH4]+,1.0,222.1237,1.0,150.2
7488,AllCCS-32859911.0,D-Tryptophan,C11H12N2O2,[M+Na]+,1.0,227.0791,1.0,151.3
7492,DeepCCS-30932474.0,Aminoadipic acid,C6H11NO4,[M+H]+,1.0,162.0761,1.0,132.2
7495,DeepCCS-30932474.0,Aminoadipic acid,C6H11NO4,[M+Na]+,1.0,184.058,1.0,141.6
7496,AllCCS-32859911.0,Aminoadipic acid,C6H11NO4,[M+H]+,1.0,162.0761,1.0,136.4
7497,AllCCS-32859911.0,Aminoadipic acid,C6H11NO4,[M+H-H2O]+,1.0,144.0655,1.0,132.5
7498,AllCCS-32859911.0,Aminoadipic acid,C6H11NO4,[M+NH4]+,1.0,179.1026,1.0,140.0
7499,AllCCS-32859911.0,Aminoadipic acid,C6H11NO4,[M+Na]+,1.0,184.058,1.0,141.1
7504,DarkChem-31661259.0,L-Norleucine,C6H13NO2,[M+H]+,1.0,132.1019,1.0,130.9
7506,AllCCS-32859911.0,L-Norleucine,C6H13NO2,[M+H]+,1.0,132.1019,1.0,132.4
7508,DeepCCS-30932474.0,L-Norleucine,C6H13NO2,[M+H]+,1.0,132.1019,1.0,128.8
7511,DeepCCS-30932474.0,L-Norleucine,C6H13NO2,[M+Na]+,1.0,154.0838,1.0,137.4
7513,AllCCS-32859911.0,L-Norleucine,C6H13NO2,[M+H-H2O]+,1.0,114.0913,1.0,128.2
7514,AllCCS-32859911.0,L-Norleucine,C6H13NO2,[M+NH4]+,1.0,149.1285,1.0,136.2
7536,DarkChem-31661259.0,2-Methylglutaric acid,C6H10O4,[M+H]+,1.0,147.0652,1.0,132.2
7538,AllCCS-32859911.0,2-Methylglutaric acid,C6H10O4,[M+H]+,1.0,147.0652,1.0,134.0
7540,DeepCCS-30932474.0,2-Methylglutaric acid,C6H10O4,[M+H]+,1.0,147.0652,1.0,126.8
7543,DeepCCS-30932474.0,2-Methylglutaric acid,C6H10O4,[M+Na]+,1.0,169.0471,1.0,135.5
7545,AllCCS-32859911.0,2-Methylglutaric acid,C6H10O4,[M+H-H2O]+,1.0,129.0546,1.0,129.9
7546,AllCCS-32859911.0,2-Methylglutaric acid,C6H10O4,[M+NH4]+,1.0,164.0917,1.0,137.7
7547,AllCCS-32859911.0,2-Methylglutaric acid,C6H10O4,[M+Na]+,1.0,169.0471,1.0,138.8
7553,DarkChem-31661259.0,Citramalic acid,C5H8O5,[M+H]+,1.0,149.0444,1.0,132.2
7555,AllCCS-32859911.0,Citramalic acid,C5H8O5,[M+H]+,1.0,149.0444,1.0,133.7
7557,DeepCCS-30932474.0,Citramalic acid,C5H8O5,[M+H]+,1.0,149.0444,1.0,123.2
7560,DeepCCS-30932474.0,Citramalic acid,C5H8O5,[M+Na]+,1.0,171.0264,1.0,132.0
7562,AllCCS-32859911.0,Citramalic acid,C5H8O5,[M+H-H2O]+,1.0,131.0339,1.0,129.7
7563,AllCCS-32859911.0,Citramalic acid,C5H8O5,[M+NH4]+,1.0,166.071,1.0,137.4
7564,AllCCS-32859911.0,Citramalic acid,C5H8O5,[M+Na]+,1.0,171.0264,1.0,138.5
7571,DarkChem-31661259.0,Kynurenic acid,C10H7NO3,[M+H]+,1.0,190.0499,1.0,143.3
7573,AllCCS-32859911.0,Kynurenic acid,C10H7NO3,[M+H]+,1.0,190.0499,1.0,139.2
7575,DeepCCS-30932474.0,Kynurenic acid,C10H7NO3,[M+H]+,1.0,190.0499,1.0,132.7
7578,DeepCCS-30932474.0,Kynurenic acid,C10H7NO3,[M+Na]+,1.0,212.0318,1.0,141.1
7580,AllCCS-32859911.0,Kynurenic acid,C10H7NO3,[M+H-H2O]+,1.0,172.0393,1.0,134.7
7581,AllCCS-32859911.0,Kynurenic acid,C10H7NO3,[M+NH4]+,1.0,207.0764,1.0,143.4
7582,AllCCS-32859911.0,Kynurenic acid,C10H7NO3,[M+Na]+,1.0,212.0318,1.0,144.6
7587,DarkChem-31661259.0,N-Acetyl-L-alanine,C5H9NO3,[M+H]+,1.0,132.0655,1.0,129.4
7589,AllCCS-32859911.0,N-Acetyl-L-alanine,C5H9NO3,[M+H]+,1.0,132.0655,1.0,132.0
7591,DeepCCS-30932474.0,N-Acetyl-L-alanine,C5H9NO3,[M+H]+,1.0,132.0655,1.0,124.5
7594,DeepCCS-30932474.0,N-Acetyl-L-alanine,C5H9NO3,[M+Na]+,1.0,154.0475,1.0,133.2
7596,AllCCS-32859911.0,N-Acetyl-L-alanine,C5H9NO3,[M+H-H2O]+,1.0,114.055,1.0,127.9
7597,AllCCS-32859911.0,N-Acetyl-L-alanine,C5H9NO3,[M+NH4]+,1.0,149.0921,1.0,135.7
7598,AllCCS-32859911.0,N-Acetyl-L-alanine,C5H9NO3,[M+Na]+,1.0,154.0475,1.0,136.8
7614,DarkChem-31661259.0,Xanthurenic acid,C10H7NO4,[M+H]+,1.0,206.0448,1.0,145.8
7616,AllCCS-32859911.0,Xanthurenic acid,C10H7NO4,[M+H]+,1.0,206.0448,1.0,143.6
7621,DeepCCS-30932474.0,Xanthurenic acid,C10H7NO4,[M+Na]+,1.0,228.0267,1.0,149.5
7623,AllCCS-32859911.0,Xanthurenic acid,C10H7NO4,[M+H-H2O]+,1.0,188.0342,1.0,139.3
7624,AllCCS-32859911.0,Xanthurenic acid,C10H7NO4,[M+NH4]+,1.0,223.0713,1.0,147.6
7625,AllCCS-32859911.0,Xanthurenic acid,C10H7NO4,[M+Na]+,1.0,228.0267,1.0,148.8
7629,DarkChem-31661259.0,Glyceric acid,C3H6O4,[M+H]+,1.0,107.0339,1.0,120.4
7631,AllCCS-32859911.0,Glyceric acid,C3H6O4,[M+H]+,1.0,107.0339,1.0,128.0
7633,DeepCCS-30932474.0,Glyceric acid,C3H6O4,[M+H]+,1.0,107.0339,1.0,118.4
7636,DeepCCS-30932474.0,Glyceric acid,C3H6O4,[M+Na]+,1.0,129.0158,1.0,126.7
7638,AllCCS-32859911.0,Glyceric acid,C3H6O4,[M+H-H2O]+,1.0,89.0233,1.0,123.7
7639,AllCCS-32859911.0,Glyceric acid,C3H6O4,[M+NH4]+,1.0,124.0604,1.0,132.0
7640,AllCCS-32859911.0,Glyceric acid,C3H6O4,[M+Na]+,1.0,129.0158,1.0,133.1
7643,DarkChem-31661259.0,Levoglucosan,C6H10O5,[M+H]+,1.0,163.0601,1.0,136.8
7645,AllCCS-32859911.0,Levoglucosan,C6H10O5,[M+H]+,1.0,163.0601,1.0,136.2
7648,DeepCCS-30932474.0,Levoglucosan,C6H10O5,[M+Na]+,1.0,185.042,1.0,145.5
7650,AllCCS-32859911.0,Levoglucosan,C6H10O5,[M+H-H2O]+,1.0,145.0495,1.0,131.7
7651,AllCCS-32859911.0,Levoglucosan,C6H10O5,[M+NH4]+,1.0,180.0866,1.0,140.4
7652,AllCCS-32859911.0,Levoglucosan,C6H10O5,[M+Na]+,1.0,185.042,1.0,141.6
7656,DarkChem-31661259.0,Benzoic acid,C7H6O2,[M+H]+,1.0,123.0441,1.0,124.9
7660,DeepCCS-30932474.0,Benzoic acid,C7H6O2,[M+H]+,1.0,123.0441,1.0,123.4
7663,DeepCCS-30932474.0,Benzoic acid,C7H6O2,[M+Na]+,1.0,145.026,1.0,132.2
7665,AllCCS-32859911.0,Benzoic acid,C7H6O2,[M+H-H2O]+,1.0,105.0335,1.0,120.0
7666,AllCCS-32859911.0,Benzoic acid,C7H6O2,[M+NH4]+,1.0,140.0706,1.0,129.4
7667,AllCCS-32859911.0,Benzoic acid,C7H6O2,[M+Na]+,1.0,145.026,1.0,130.7
7671,DarkChem-31661259.0,Heptadecanoic acid,C17H34O2,[M+H]+,1.0,271.2632,1.0,172.8
7673,DeepCCS-30932474.0,Heptadecanoic acid,C17H34O2,[M+H]+,1.0,271.2632,1.0,169.7
7676,DeepCCS-30932474.0,Heptadecanoic acid,C17H34O2,[M+Na]+,1.0,293.2451,1.0,178.9
7677,AllCCS-32859911.0,Heptadecanoic acid,C17H34O2,[M+H]+,1.0,271.2632,1.0,177.2
7678,AllCCS-32859911.0,Heptadecanoic acid,C17H34O2,[M+H-H2O]+,1.0,253.2526,1.0,174.2
7679,AllCCS-32859911.0,Heptadecanoic acid,C17H34O2,[M+NH4]+,1.0,288.2897,1.0,180.1
7680,AllCCS-32859911.0,Heptadecanoic acid,C17H34O2,[M+Na]+,1.0,293.2451,1.0,180.9
7684,DarkChem-31661259.0,Cadaverine,C5H14N2,[M+H]+,1.0,103.123,1.0,121.6
7686,DeepCCS-30932474.0,Cadaverine,C5H14N2,[M+H]+,1.0,103.123,1.0,126.5
7689,DeepCCS-30932474.0,Cadaverine,C5H14N2,[M+Na]+,1.0,125.1049,1.0,134.6
7690,AllCCS-32859911.0,Cadaverine,C5H14N2,[M+H]+,1.0,103.123,1.0,124.5
7692,AllCCS-32859911.0,Cadaverine,C5H14N2,[M+NH4]+,1.0,120.1495,1.0,128.4
7693,AllCCS-32859911.0,Cadaverine,C5H14N2,[M+Na]+,1.0,125.1049,1.0,129.6
7699,DarkChem-31661259.0,Ethylphosphate,C2H7O4P,[M+H]+,1.0,127.0155,1.0,123.1
7701,DeepCCS-30932474.0,Ethylphosphate,C2H7O4P,[M+H]+,1.0,127.0155,1.0,124.9
7704,DeepCCS-30932474.0,Ethylphosphate,C2H7O4P,[M+Na]+,1.0,148.9974,1.0,133.0
7705,AllCCS-32859911.0,Ethylphosphate,C2H7O4P,[M+H]+,1.0,127.0155,1.0,131.2
7706,AllCCS-32859911.0,Ethylphosphate,C2H7O4P,[M+H-H2O]+,1.0,109.0049,1.0,127.0
7707,AllCCS-32859911.0,Ethylphosphate,C2H7O4P,[M+NH4]+,1.0,144.042,1.0,135.1
7708,AllCCS-32859911.0,Ethylphosphate,C2H7O4P,[M+Na]+,1.0,148.9974,1.0,136.2
7713,DarkChem-31661259.0,Benzophenone,C13H10O,[M+H]+,1.0,183.0804,1.0,140.8
7715,DeepCCS-30932474.0,Benzophenone,C13H10O,[M+H]+,1.0,183.0804,1.0,139.9
7718,DeepCCS-30932474.0,Benzophenone,C13H10O,[M+Na]+,1.0,205.0624,1.0,146.8
7720,AllCCS-32859911.0,Benzophenone,C13H10O,[M+H-H2O]+,1.0,165.0699,1.0,133.7
7721,AllCCS-32859911.0,Benzophenone,C13H10O,[M+NH4]+,1.0,200.107,1.0,142.7
7722,AllCCS-32859911.0,Benzophenone,C13H10O,[M+Na]+,1.0,205.0624,1.0,143.9
7726,DarkChem-31661259.0,Tropate,C9H10O3,[M+H]+,1.0,167.0703,1.0,136.0
7728,DeepCCS-30932474.0,Tropate,C9H10O3,[M+H]+,1.0,167.0703,1.0,133.0
7731,DeepCCS-30932474.0,Tropate,C9H10O3,[M+Na]+,1.0,189.0522,1.0,142.3
7732,AllCCS-32859911.0,Tropate,C9H10O3,[M+H]+,1.0,167.0703,1.0,135.7
7733,AllCCS-32859911.0,Tropate,C9H10O3,[M+H-H2O]+,1.0,149.0597,1.0,131.3
7734,AllCCS-32859911.0,Tropate,C9H10O3,[M+NH4]+,1.0,184.0968,1.0,139.8
7735,AllCCS-32859911.0,Tropate,C9H10O3,[M+Na]+,1.0,189.0522,1.0,141.0
7748,DeepCCS-30932474.0,5-Hydroxy-2-furoic acid,C5H4O4,[M+H]+,1.0,129.0182,1.0,125.9
7751,DeepCCS-30932474.0,5-Hydroxy-2-furoic acid,C5H4O4,[M+Na]+,1.0,151.0002,1.0,134.4
7752,AllCCS-32859911.0,5-Hydroxy-2-furoic acid,C5H4O4,[M+H]+,1.0,129.0182,1.0,126.8
7753,AllCCS-32859911.0,5-Hydroxy-2-furoic acid,C5H4O4,[M+H-H2O]+,1.0,111.0077,1.0,122.1
7754,AllCCS-32859911.0,5-Hydroxy-2-furoic acid,C5H4O4,[M+NH4]+,1.0,146.0448,1.0,131.3
7755,AllCCS-32859911.0,5-Hydroxy-2-furoic acid,C5H4O4,[M+Na]+,1.0,151.0002,1.0,132.6
