,Molecule List Name,Precursor Name,Precursor Formula,Precursor Adduct,Precursor Charge,Product m/z,Product Charge,CCS
0,DarkChem-31661259,5'-Phosphoribosyl-N-formylglycinamide,C8H15N2O9P,[M+H]+,1.0,315.0588,1.0,172.6
1,DarkChem-31661259,5'-Phosphoribosyl-N-formylglycinamide,C8H15N2O9P,[M-H]-,-1.0,313.0442,-1.0,166.4
2,AllCCS-32859911,5'-Phosphoribosyl-N-formylglycinamide,C8H15N2O9P,[M+H]+,1.0,315.0588,1.0,165.4
3,AllCCS-32859911,5'-Phosphoribosyl-N-formylglycinamide,C8H15N2O9P,[M-H]-,-1.0,313.0442,-1.0,162.8
4,DeepCCS-30932474,5'-Phosphoribosyl-N-formylglycinamide,C8H15N2O9P,[M+H]+,1.0,315.0588,1.0,162.2
5,DeepCCS-30932474,5'-Phosphoribosyl-N-formylglycinamide,C8H15N2O9P,[M-H]-,-1.0,313.0442,-1.0,159.8
6,DeepCCS-30932474,5'-Phosphoribosyl-N-formylglycinamide,C8H15N2O9P,[M-2H]2-,,156.5221,,193.1
7,DeepCCS-30932474,5'-Phosphoribosyl-N-formylglycinamide,C8H15N2O9P,[M+Na]+,1.0,337.0407,1.0,168.3
9,AllCCS-32859911,5'-Phosphoribosyl-N-formylglycinamide,C8H15N2O9P,[M+H-H2O]+,1.0,297.0482,1.0,162.4
10,AllCCS-32859911,5'-Phosphoribosyl-N-formylglycinamide,C8H15N2O9P,[M+NH4]+,1.0,332.0853,1.0,168.2
11,AllCCS-32859911,5'-Phosphoribosyl-N-formylglycinamide,C8H15N2O9P,[M+Na]+,1.0,337.0407,1.0,169.0
13,AllCCS-32859911,5'-Phosphoribosyl-N-formylglycinamide,C8H15N2O9P,[M+Na-2H]-,-1.0,335.0262,-1.0,162.7
14,AllCCS-32859911,5'-Phosphoribosyl-N-formylglycinamide,C8H15N2O9P,[M+HCOO]-,-1.0,359.0497,-1.0,162.8
15,DarkChem-31661259,Glutamine,C5H10N2O3,[M+H]+,1.0,147.0764,1.0,130.6
16,DarkChem-31661259,Glutamine,C5H10N2O3,[M-H]-,-1.0,145.0619,-1.0,125.0
17,AllCCS-32859911,Glutamine,C5H10N2O3,[M+H]+,1.0,147.0764,1.0,134.2
18,AllCCS-32859911,Glutamine,C5H10N2O3,[M-H]-,-1.0,145.0619,-1.0,127.5
19,DeepCCS-30932474,Glutamine,C5H10N2O3,[M+H]+,1.0,147.0764,1.0,128.9
20,DeepCCS-30932474,Glutamine,C5H10N2O3,[M-H]-,-1.0,145.0619,-1.0,125.1
21,DeepCCS-30932474,Glutamine,C5H10N2O3,[M-2H]2-,,72.5309,,162.6
22,DeepCCS-30932474,Glutamine,C5H10N2O3,[M+Na]+,1.0,169.0584,1.0,138.0
24,AllCCS-32859911,Glutamine,C5H10N2O3,[M+H-H2O]+,1.0,129.0659,1.0,130.2
25,AllCCS-32859911,Glutamine,C5H10N2O3,[M+NH4]+,1.0,164.103,1.0,137.9
26,AllCCS-32859911,Glutamine,C5H10N2O3,[M+Na]+,1.0,169.0584,1.0,139.0
28,AllCCS-32859911,Glutamine,C5H10N2O3,[M+Na-2H]-,-1.0,167.0438,-1.0,129.8
29,AllCCS-32859911,Glutamine,C5H10N2O3,[M+HCOO]-,-1.0,191.0673,-1.0,132.2
30,DarkChem-31661259,Urea,CH4N2O,[M+H]+,1.0,61.0396,1.0,108.1
31,DarkChem-31661259,Urea,CH4N2O,[M-H]-,-1.0,59.0251,-1.0,99.9
32,AllCCS-32859911,Urea,CH4N2O,[M+H]+,1.0,61.0396,1.0,108.7
33,AllCCS-32859911,Urea,CH4N2O,[M-H]-,-1.0,59.0251,-1.0,137.7
34,DeepCCS-30932474,Urea,CH4N2O,[M+H]+,1.0,61.0396,1.0,117.3
35,DeepCCS-30932474,Urea,CH4N2O,[M-H]-,-1.0,59.0251,-1.0,115.5
36,DeepCCS-30932474,Urea,CH4N2O,[M-2H]2-,,29.5125,,150.8
37,DeepCCS-30932474,Urea,CH4N2O,[M+Na]+,1.0,83.0216,1.0,124.4
39,AllCCS-32859911,Urea,CH4N2O,[M+H-H2O]+,1.0,43.0291,1.0,104.2
40,AllCCS-32859911,Urea,CH4N2O,[M+NH4]+,1.0,78.0662,1.0,112.9
41,AllCCS-32859911,Urea,CH4N2O,[M+Na]+,1.0,83.0216,1.0,114.1
43,AllCCS-32859911,Urea,CH4N2O,[M+Na-2H]-,-1.0,81.007,-1.0,144.6
44,AllCCS-32859911,Urea,CH4N2O,[M+HCOO]-,-1.0,105.0306,-1.0,152.2
45,DarkChem-31661259,Galactose 1-phosphate,C6H13O9P,[M+H]+,1.0,261.037,1.0,157.9
46,DarkChem-31661259,Galactose 1-phosphate,C6H13O9P,[M-H]-,-1.0,259.0224,-1.0,151.1
47,AllCCS-32859911,Galactose 1-phosphate,C6H13O9P,[M+H]+,1.0,261.037,1.0,156.4
48,AllCCS-32859911,Galactose 1-phosphate,C6H13O9P,[M-H]-,-1.0,259.0224,-1.0,146.2
49,DeepCCS-30932474,Galactose 1-phosphate,C6H13O9P,[M+H]+,1.0,261.037,1.0,143.2
50,DeepCCS-30932474,Galactose 1-phosphate,C6H13O9P,[M-H]-,-1.0,259.0224,-1.0,140.8
51,DeepCCS-30932474,Galactose 1-phosphate,C6H13O9P,[M-2H]2-,,129.5112,,175.6
52,DeepCCS-30932474,Galactose 1-phosphate,C6H13O9P,[M+Na]+,1.0,283.0189,1.0,150.3
54,AllCCS-32859911,Galactose 1-phosphate,C6H13O9P,[M+H-H2O]+,1.0,243.0264,1.0,152.8
55,AllCCS-32859911,Galactose 1-phosphate,C6H13O9P,[M+NH4]+,1.0,278.0635,1.0,159.7
56,AllCCS-32859911,Galactose 1-phosphate,C6H13O9P,[M+Na]+,1.0,283.0189,1.0,160.6
58,AllCCS-32859911,Galactose 1-phosphate,C6H13O9P,[M+Na-2H]-,-1.0,281.0044,-1.0,146.5
59,AllCCS-32859911,Galactose 1-phosphate,C6H13O9P,[M+HCOO]-,-1.0,305.0279,-1.0,146.9
60,DarkChem-31661259,Sulfate,H2O4S,[M+H]+,1.0,98.9747,1.0,116.6
61,DarkChem-31661259,Sulfate,H2O4S,[M-H]-,-1.0,96.9601,-1.0,108.2
62,AllCCS-32859911,Sulfate,H2O4S,[M+H]+,1.0,98.9747,1.0,117.2
63,AllCCS-32859911,Sulfate,H2O4S,[M-H]-,-1.0,96.9601,-1.0,130.8
64,DeepCCS-30932474,Sulfate,H2O4S,[M+H]+,1.0,98.9747,1.0,126.9
65,DeepCCS-30932474,Sulfate,H2O4S,[M-H]-,-1.0,96.9601,-1.0,124.1
66,DeepCCS-30932474,Sulfate,H2O4S,[M-2H]2-,,48.4801,,160.6
67,DeepCCS-30932474,Sulfate,H2O4S,[M+Na]+,1.0,120.9566,1.0,135.1
69,AllCCS-32859911,Sulfate,H2O4S,[M+H-H2O]+,1.0,80.9641,1.0,112.8
70,AllCCS-32859911,Sulfate,H2O4S,[M+NH4]+,1.0,116.0012,1.0,121.2
71,AllCCS-32859911,Sulfate,H2O4S,[M+Na]+,1.0,120.9566,1.0,122.4
73,AllCCS-32859911,Sulfate,H2O4S,[M+Na-2H]-,-1.0,118.942,-1.0,136.5
74,AllCCS-32859911,Sulfate,H2O4S,[M+HCOO]-,-1.0,142.9656,-1.0,142.7
75,DarkChem-31661259,"D-myo-Inositol 1,4,5,6-tetrakisphosphate",C6H16O18P4,[M+H]+,1.0,500.936,1.0,205.4
76,DarkChem-31661259,"D-myo-Inositol 1,4,5,6-tetrakisphosphate",C6H16O18P4,[M-H]-,-1.0,498.9214,-1.0,195.8
77,DeepCCS-30932474,"D-myo-Inositol 1,4,5,6-tetrakisphosphate",C6H16O18P4,[M+H]+,1.0,500.936,1.0,174.1
78,DeepCCS-30932474,"D-myo-Inositol 1,4,5,6-tetrakisphosphate",C6H16O18P4,[M-H]-,-1.0,498.9214,-1.0,172.3
79,DeepCCS-30932474,"D-myo-Inositol 1,4,5,6-tetrakisphosphate",C6H16O18P4,[M-2H]2-,,249.4607,,205.5
80,DeepCCS-30932474,"D-myo-Inositol 1,4,5,6-tetrakisphosphate",C6H16O18P4,[M+Na]+,1.0,522.9179,1.0,179.9
81,AllCCS-32859911,"D-myo-Inositol 1,4,5,6-tetrakisphosphate",C6H16O18P4,[M+H]+,1.0,500.936,1.0,194.7
82,AllCCS-32859911,"D-myo-Inositol 1,4,5,6-tetrakisphosphate",C6H16O18P4,[M+H-H2O]+,1.0,482.9254,1.0,192.8
83,AllCCS-32859911,"D-myo-Inositol 1,4,5,6-tetrakisphosphate",C6H16O18P4,[M+NH4]+,1.0,517.9625,1.0,196.4
84,AllCCS-32859911,"D-myo-Inositol 1,4,5,6-tetrakisphosphate",C6H16O18P4,[M+Na]+,1.0,522.9179,1.0,196.9
85,AllCCS-32859911,"D-myo-Inositol 1,4,5,6-tetrakisphosphate",C6H16O18P4,[M-H]-,-1.0,498.9214,-1.0,178.6
86,AllCCS-32859911,"D-myo-Inositol 1,4,5,6-tetrakisphosphate",C6H16O18P4,[M+Na-2H]-,-1.0,520.9034,-1.0,178.8
87,AllCCS-32859911,"D-myo-Inositol 1,4,5,6-tetrakisphosphate",C6H16O18P4,[M+HCOO]-,-1.0,544.9269,-1.0,179.2
88,DarkChem-31661259,Quinolinic acid,C7H5NO4,[M+H]+,1.0,168.0291,1.0,136.0
89,DarkChem-31661259,Quinolinic acid,C7H5NO4,[M-H]-,-1.0,166.0146,-1.0,129.6
90,AllCCS-32859911,Quinolinic acid,C7H5NO4,[M+H]+,1.0,168.0291,1.0,134.8
91,AllCCS-32859911,Quinolinic acid,C7H5NO4,[M-H]-,-1.0,166.0146,-1.0,127.8
92,DeepCCS-30932474,Quinolinic acid,C7H5NO4,[M+H]+,1.0,168.0291,1.0,132.1
93,DeepCCS-30932474,Quinolinic acid,C7H5NO4,[M-H]-,-1.0,166.0146,-1.0,128.2
94,DeepCCS-30932474,Quinolinic acid,C7H5NO4,[M-2H]2-,,83.0073,,165.5
95,DeepCCS-30932474,Quinolinic acid,C7H5NO4,[M+Na]+,1.0,190.0111,1.0,141.0
97,AllCCS-32859911,Quinolinic acid,C7H5NO4,[M+H-H2O]+,1.0,150.0186,1.0,130.4
98,AllCCS-32859911,Quinolinic acid,C7H5NO4,[M+NH4]+,1.0,185.0557,1.0,139.0
99,AllCCS-32859911,Quinolinic acid,C7H5NO4,[M+Na]+,1.0,190.0111,1.0,140.2
101,AllCCS-32859911,Quinolinic acid,C7H5NO4,[M+Na-2H]-,-1.0,187.9965,-1.0,128.7
102,AllCCS-32859911,Quinolinic acid,C7H5NO4,[M+HCOO]-,-1.0,212.0201,-1.0,129.8
103,DarkChem-31661259,Trehalose,C12H22O11,[M+H]+,1.0,343.1235,1.0,174.6
104,DarkChem-31661259,Trehalose,C12H22O11,[M-H]-,-1.0,341.1089,-1.0,174.2
105,AllCCS-32859911,Trehalose,C12H22O11,[M+H]+,1.0,343.1235,1.0,176.3
106,AllCCS-32859911,Trehalose,C12H22O11,[M-H]-,-1.0,341.1089,-1.0,174.4
107,DeepCCS-30932474,Trehalose,C12H22O11,[M+H]+,1.0,343.1235,1.0,171.3
108,DeepCCS-30932474,Trehalose,C12H22O11,[M-H]-,-1.0,341.1089,-1.0,169.2
109,DeepCCS-30932474,Trehalose,C12H22O11,[M-2H]2-,,170.5545,,202.8
110,DeepCCS-30932474,Trehalose,C12H22O11,[M+Na]+,1.0,365.1054,1.0,177.1
112,AllCCS-32859911,Trehalose,C12H22O11,[M+H-H2O]+,1.0,325.1129,1.0,173.5
113,AllCCS-32859911,Trehalose,C12H22O11,[M+NH4]+,1.0,360.15,1.0,178.9
114,AllCCS-32859911,Trehalose,C12H22O11,[M+Na]+,1.0,365.1054,1.0,179.6
116,AllCCS-32859911,Trehalose,C12H22O11,[M+Na-2H]-,-1.0,363.0909,-1.0,173.9
117,AllCCS-32859911,Trehalose,C12H22O11,[M+HCOO]-,-1.0,387.1144,-1.0,173.6
118,DarkChem-31661259,Ethanolamine,C2H7NO,[M+H]+,1.0,62.06,1.0,108.8
120,DarkChem-31661259,Ethanolamine,C2H7NO,[M-H]-,-1.0,60.0455,-1.0,103.6
122,AllCCS-32859911,Ethanolamine,C2H7NO,[M+H]+,1.0,62.06,1.0,121.2
123,AllCCS-32859911,Ethanolamine,C2H7NO,[M-H]-,-1.0,60.0455,-1.0,140.8
124,DeepCCS-30932474,Ethanolamine,C2H7NO,[M+H]+,1.0,62.06,1.0,118.3
125,DeepCCS-30932474,Ethanolamine,C2H7NO,[M-H]-,-1.0,60.0455,-1.0,116.4
126,DeepCCS-30932474,Ethanolamine,C2H7NO,[M-2H]2-,,30.0227,,151.8
127,DeepCCS-30932474,Ethanolamine,C2H7NO,[M+Na]+,1.0,84.042,1.0,126.2
129,AllCCS-32859911,Ethanolamine,C2H7NO,[M+H-H2O]+,1.0,44.0495,1.0,116.7
130,AllCCS-32859911,Ethanolamine,C2H7NO,[M+NH4]+,1.0,79.0866,1.0,125.5
131,AllCCS-32859911,Ethanolamine,C2H7NO,[M+Na]+,1.0,84.042,1.0,126.7
133,AllCCS-32859911,Ethanolamine,C2H7NO,[M+Na-2H]-,-1.0,82.0274,-1.0,147.6
134,AllCCS-32859911,Ethanolamine,C2H7NO,[M+HCOO]-,-1.0,106.051,-1.0,155.0
135,DarkChem-31661259,"4-(2-Aminophenyl)-2,4-dioxobutanoic acid",C10H9NO4,[M+H]+,1.0,208.0604,1.0,146.8
136,DarkChem-31661259,"4-(2-Aminophenyl)-2,4-dioxobutanoic acid",C10H9NO4,[M-H]-,-1.0,206.0459,-1.0,144.5
137,AllCCS-32859911,"4-(2-Aminophenyl)-2,4-dioxobutanoic acid",C10H9NO4,[M+H]+,1.0,208.0604,1.0,144.9
138,AllCCS-32859911,"4-(2-Aminophenyl)-2,4-dioxobutanoic acid",C10H9NO4,[M-H]-,-1.0,206.0459,-1.0,142.8
139,DeepCCS-30932474,"4-(2-Aminophenyl)-2,4-dioxobutanoic acid",C10H9NO4,[M+H]+,1.0,208.0604,1.0,144.6
140,DeepCCS-30932474,"4-(2-Aminophenyl)-2,4-dioxobutanoic acid",C10H9NO4,[M-H]-,-1.0,206.0459,-1.0,142.3
141,DeepCCS-30932474,"4-(2-Aminophenyl)-2,4-dioxobutanoic acid",C10H9NO4,[M-2H]2-,,103.0229,,177.2
142,DeepCCS-30932474,"4-(2-Aminophenyl)-2,4-dioxobutanoic acid",C10H9NO4,[M+Na]+,1.0,230.0424,1.0,152.6
144,AllCCS-32859911,"4-(2-Aminophenyl)-2,4-dioxobutanoic acid",C10H9NO4,[M+H-H2O]+,1.0,190.0499,1.0,140.8
145,AllCCS-32859911,"4-(2-Aminophenyl)-2,4-dioxobutanoic acid",C10H9NO4,[M+NH4]+,1.0,225.087,1.0,148.6
146,AllCCS-32859911,"4-(2-Aminophenyl)-2,4-dioxobutanoic acid",C10H9NO4,[M+Na]+,1.0,230.0424,1.0,149.7
148,AllCCS-32859911,"4-(2-Aminophenyl)-2,4-dioxobutanoic acid",C10H9NO4,[M+Na-2H]-,-1.0,228.0278,-1.0,143.1
149,AllCCS-32859911,"4-(2-Aminophenyl)-2,4-dioxobutanoic acid",C10H9NO4,[M+HCOO]-,-1.0,252.0514,-1.0,143.6
150,DarkChem-31661259,"D-Fructose 2,6-bisphosphate",C6H14O12P2,[M+H]+,1.0,341.0033,1.0,172.9
151,DarkChem-31661259,"D-Fructose 2,6-bisphosphate",C6H14O12P2,[M-H]-,-1.0,338.9888,-1.0,165.7
152,AllCCS-32859911,"D-Fructose 2,6-bisphosphate",C6H14O12P2,[M+H]+,1.0,341.0033,1.0,170.0
153,AllCCS-32859911,"D-Fructose 2,6-bisphosphate",C6H14O12P2,[M-H]-,-1.0,338.9888,-1.0,159.7
154,DeepCCS-30932474,"D-Fructose 2,6-bisphosphate",C6H14O12P2,[M+H]+,1.0,341.0033,1.0,148.5
155,DeepCCS-30932474,"D-Fructose 2,6-bisphosphate",C6H14O12P2,[M-H]-,-1.0,338.9888,-1.0,146.2
156,DeepCCS-30932474,"D-Fructose 2,6-bisphosphate",C6H14O12P2,[M-2H]2-,,169.4944,,180.9
157,DeepCCS-30932474,"D-Fructose 2,6-bisphosphate",C6H14O12P2,[M+Na]+,1.0,362.9853,1.0,155.1
159,AllCCS-32859911,"D-Fructose 2,6-bisphosphate",C6H14O12P2,[M+H-H2O]+,1.0,322.9928,1.0,167.0
160,AllCCS-32859911,"D-Fructose 2,6-bisphosphate",C6H14O12P2,[M+NH4]+,1.0,358.0299,1.0,172.8
161,AllCCS-32859911,"D-Fructose 2,6-bisphosphate",C6H14O12P2,[M+Na]+,1.0,362.9853,1.0,173.6
163,AllCCS-32859911,"D-Fructose 2,6-bisphosphate",C6H14O12P2,[M+Na-2H]-,-1.0,360.9707,-1.0,159.7
164,AllCCS-32859911,"D-Fructose 2,6-bisphosphate",C6H14O12P2,[M+HCOO]-,-1.0,384.9942,-1.0,159.9
165,DarkChem-31661259,Adenylsuccinic acid,C14H18N5O11P,[M+H]+,1.0,464.0813,1.0,207.1
166,DarkChem-31661259,Adenylsuccinic acid,C14H18N5O11P,[M-H]-,-1.0,462.0668,-1.0,198.5
167,AllCCS-32859911,Adenylsuccinic acid,C14H18N5O11P,[M+H]+,1.0,464.0813,1.0,196.3
168,AllCCS-32859911,Adenylsuccinic acid,C14H18N5O11P,[M-H]-,-1.0,462.0668,-1.0,191.4
169,DeepCCS-30932474,Adenylsuccinic acid,C14H18N5O11P,[M+H]+,1.0,464.0813,1.0,182.5
170,DeepCCS-30932474,Adenylsuccinic acid,C14H18N5O11P,[M-H]-,-1.0,462.0668,-1.0,180.3
171,DeepCCS-30932474,Adenylsuccinic acid,C14H18N5O11P,[M-2H]2-,,231.0334,,213.5
172,DeepCCS-30932474,Adenylsuccinic acid,C14H18N5O11P,[M+Na]+,1.0,486.0633,1.0,188.4
174,AllCCS-32859911,Adenylsuccinic acid,C14H18N5O11P,[M+H-H2O]+,1.0,446.0708,1.0,194.3
175,AllCCS-32859911,Adenylsuccinic acid,C14H18N5O11P,[M+NH4]+,1.0,481.1079,1.0,198.1
176,AllCCS-32859911,Adenylsuccinic acid,C14H18N5O11P,[M+Na]+,1.0,486.0633,1.0,198.6
178,AllCCS-32859911,Adenylsuccinic acid,C14H18N5O11P,[M+Na-2H]-,-1.0,484.0487,-1.0,191.5
179,AllCCS-32859911,Adenylsuccinic acid,C14H18N5O11P,[M+HCOO]-,-1.0,508.0722,-1.0,191.9
180,DeepCCS-30932474,5-Diphosphoinositol pentakisphosphate,C6H19O27P7,[M+H]+,1.0,740.835,1.0,199.0
181,DeepCCS-30932474,5-Diphosphoinositol pentakisphosphate,C6H19O27P7,[M-H]-,-1.0,738.8204,-1.0,196.2
182,DeepCCS-30932474,5-Diphosphoinositol pentakisphosphate,C6H19O27P7,[M-2H]2-,,369.4102,,231.6
183,DeepCCS-30932474,5-Diphosphoinositol pentakisphosphate,C6H19O27P7,[M+Na]+,1.0,762.8169,1.0,206.4
184,AllCCS-32859911,5-Diphosphoinositol pentakisphosphate,C6H19O27P7,[M+H]+,1.0,740.835,1.0,222.8
185,AllCCS-32859911,5-Diphosphoinositol pentakisphosphate,C6H19O27P7,[M+H-H2O]+,1.0,722.8244,1.0,222.2
186,AllCCS-32859911,5-Diphosphoinositol pentakisphosphate,C6H19O27P7,[M+NH4]+,1.0,757.8615,1.0,223.2
187,AllCCS-32859911,5-Diphosphoinositol pentakisphosphate,C6H19O27P7,[M+Na]+,1.0,762.8169,1.0,223.3
188,AllCCS-32859911,5-Diphosphoinositol pentakisphosphate,C6H19O27P7,[M-H]-,-1.0,738.8204,-1.0,214.4
189,AllCCS-32859911,5-Diphosphoinositol pentakisphosphate,C6H19O27P7,[M+Na-2H]-,-1.0,760.8024,-1.0,215.9
190,AllCCS-32859911,5-Diphosphoinositol pentakisphosphate,C6H19O27P7,[M+HCOO]-,-1.0,784.8259,-1.0,217.6
191,DarkChem-31661259,"delta8,14-Sterol",C29H46O,[M+H]+,1.0,411.3621,1.0,200.5
192,DarkChem-31661259,"delta8,14-Sterol",C29H46O,[M-H]-,-1.0,409.3476,-1.0,201.8
193,DeepCCS-30932474,"delta8,14-Sterol",C29H46O,[M-2H]2-,,204.6738,,243.2
194,DeepCCS-30932474,"delta8,14-Sterol",C29H46O,[M+Na]+,1.0,433.3441,1.0,217.5
195,AllCCS-32859911,"delta8,14-Sterol",C29H46O,[M+H]+,1.0,411.3621,1.0,208.4
196,AllCCS-32859911,"delta8,14-Sterol",C29H46O,[M+H-H2O]+,1.0,393.3516,1.0,206.3
197,AllCCS-32859911,"delta8,14-Sterol",C29H46O,[M+NH4]+,1.0,428.3887,1.0,210.3
198,AllCCS-32859911,"delta8,14-Sterol",C29H46O,[M+Na]+,1.0,433.3441,1.0,210.8
199,AllCCS-32859911,"delta8,14-Sterol",C29H46O,[M-H]-,-1.0,409.3476,-1.0,208.0
200,AllCCS-32859911,"delta8,14-Sterol",C29H46O,[M+Na-2H]-,-1.0,431.3295,-1.0,210.0
201,AllCCS-32859911,"delta8,14-Sterol",C29H46O,[M+HCOO]-,-1.0,455.3531,-1.0,212.3
202,DarkChem-31661259,Glycine,C2H5NO2,[M+H]+,1.0,76.0393,1.0,112.3
204,DarkChem-31661259,Glycine,C2H5NO2,[M-H]-,-1.0,74.0248,-1.0,105.2
206,AllCCS-32859911,Glycine,C2H5NO2,[M+H]+,1.0,76.0393,1.0,122.9
207,AllCCS-32859911,Glycine,C2H5NO2,[M-H]-,-1.0,74.0248,-1.0,126.8
208,DeepCCS-30932474,Glycine,C2H5NO2,[M+H]+,1.0,76.0393,1.0,128.1
209,DeepCCS-30932474,Glycine,C2H5NO2,[M-H]-,-1.0,74.0248,-1.0,125.4
210,DeepCCS-30932474,Glycine,C2H5NO2,[M-2H]2-,,37.0124,,161.9
211,DeepCCS-30932474,Glycine,C2H5NO2,[M+Na]+,1.0,98.0212,1.0,136.3
213,AllCCS-32859911,Glycine,C2H5NO2,[M+H-H2O]+,1.0,58.0287,1.0,118.5
214,AllCCS-32859911,Glycine,C2H5NO2,[M+NH4]+,1.0,93.0659,1.0,127.1
215,AllCCS-32859911,Glycine,C2H5NO2,[M+Na]+,1.0,98.0212,1.0,128.3
217,AllCCS-32859911,Glycine,C2H5NO2,[M+Na-2H]-,-1.0,96.0067,-1.0,132.4
218,AllCCS-32859911,Glycine,C2H5NO2,[M+HCOO]-,-1.0,120.0302,-1.0,138.6
219,DarkChem-31661259,2-(3-Carboxy-3-aminopropyl)-L-histidine,C10H16N4O4,[M+H]+,1.0,257.1244,1.0,160.1
220,DarkChem-31661259,2-(3-Carboxy-3-aminopropyl)-L-histidine,C10H16N4O4,[M-H]-,-1.0,255.1099,-1.0,158.5
221,DeepCCS-30932474,2-(3-Carboxy-3-aminopropyl)-L-histidine,C10H16N4O4,[M+H]+,1.0,257.1244,1.0,158.6
222,DeepCCS-30932474,2-(3-Carboxy-3-aminopropyl)-L-histidine,C10H16N4O4,[M-H]-,-1.0,255.1099,-1.0,156.2
223,DeepCCS-30932474,2-(3-Carboxy-3-aminopropyl)-L-histidine,C10H16N4O4,[M-2H]2-,,127.5549,,189.1
224,DeepCCS-30932474,2-(3-Carboxy-3-aminopropyl)-L-histidine,C10H16N4O4,[M+Na]+,1.0,279.1064,1.0,164.7
225,AllCCS-32859911,2-(3-Carboxy-3-aminopropyl)-L-histidine,C10H16N4O4,[M+H]+,1.0,257.1244,1.0,156.9
226,AllCCS-32859911,2-(3-Carboxy-3-aminopropyl)-L-histidine,C10H16N4O4,[M+H-H2O]+,1.0,239.1139,1.0,153.6
227,AllCCS-32859911,2-(3-Carboxy-3-aminopropyl)-L-histidine,C10H16N4O4,[M+NH4]+,1.0,274.151,1.0,160.0
228,AllCCS-32859911,2-(3-Carboxy-3-aminopropyl)-L-histidine,C10H16N4O4,[M+Na]+,1.0,279.1064,1.0,160.8
229,AllCCS-32859911,2-(3-Carboxy-3-aminopropyl)-L-histidine,C10H16N4O4,[M-H]-,-1.0,255.1099,-1.0,158.0
230,AllCCS-32859911,2-(3-Carboxy-3-aminopropyl)-L-histidine,C10H16N4O4,[M+Na-2H]-,-1.0,277.0918,-1.0,158.2
231,AllCCS-32859911,2-(3-Carboxy-3-aminopropyl)-L-histidine,C10H16N4O4,[M+HCOO]-,-1.0,301.1154,-1.0,158.5
232,DarkChem-31661259,Dihydroxyacetone,C3H6O3,[M+H]+,1.0,91.039,1.0,116.8
233,DarkChem-31661259,Dihydroxyacetone,C3H6O3,[M-H]-,-1.0,89.0244,-1.0,111.0
234,AllCCS-32859911,Dihydroxyacetone,C3H6O3,[M+H]+,1.0,91.039,1.0,123.7
235,AllCCS-32859911,Dihydroxyacetone,C3H6O3,[M-H]-,-1.0,89.0244,-1.0,122.0
236,DeepCCS-30932474,Dihydroxyacetone,C3H6O3,[M+H]+,1.0,91.039,1.0,127.6
237,DeepCCS-30932474,Dihydroxyacetone,C3H6O3,[M-H]-,-1.0,89.0244,-1.0,124.8
238,DeepCCS-30932474,Dihydroxyacetone,C3H6O3,[M-2H]2-,,44.5122,,161.1
239,DeepCCS-30932474,Dihydroxyacetone,C3H6O3,[M+Na]+,1.0,113.0209,1.0,135.7
241,AllCCS-32859911,Dihydroxyacetone,C3H6O3,[M+H-H2O]+,1.0,73.0284,1.0,119.3
242,AllCCS-32859911,Dihydroxyacetone,C3H6O3,[M+NH4]+,1.0,108.0655,1.0,127.8
243,AllCCS-32859911,Dihydroxyacetone,C3H6O3,[M+Na]+,1.0,113.0209,1.0,129.0
245,AllCCS-32859911,Dihydroxyacetone,C3H6O3,[M+Na-2H]-,-1.0,111.0064,-1.0,126.6
246,AllCCS-32859911,Dihydroxyacetone,C3H6O3,[M+HCOO]-,-1.0,135.0299,-1.0,131.6
247,DarkChem-31661259,Saccharopine,C11H20N2O6,[M+H]+,1.0,277.1394,1.0,163.9
249,DarkChem-31661259,Saccharopine,C11H20N2O6,[M-H]-,-1.0,275.1249,-1.0,159.5
251,AllCCS-32859911,Saccharopine,C11H20N2O6,[M+H]+,1.0,277.1394,1.0,160.6
252,AllCCS-32859911,Saccharopine,C11H20N2O6,[M-H]-,-1.0,275.1249,-1.0,163.1
253,DeepCCS-30932474,Saccharopine,C11H20N2O6,[M+H]+,1.0,277.1394,1.0,163.6
254,DeepCCS-30932474,Saccharopine,C11H20N2O6,[M-H]-,-1.0,275.1249,-1.0,161.2
255,DeepCCS-30932474,Saccharopine,C11H20N2O6,[M-2H]2-,,137.5624,,194.1
256,DeepCCS-30932474,Saccharopine,C11H20N2O6,[M+Na]+,1.0,299.1214,1.0,169.7
258,AllCCS-32859911,Saccharopine,C11H20N2O6,[M+H-H2O]+,1.0,259.1288,1.0,157.7
259,AllCCS-32859911,Saccharopine,C11H20N2O6,[M+NH4]+,1.0,294.166,1.0,163.3
260,AllCCS-32859911,Saccharopine,C11H20N2O6,[M+Na]+,1.0,299.1214,1.0,164.1
262,AllCCS-32859911,Saccharopine,C11H20N2O6,[M+Na-2H]-,-1.0,297.1068,-1.0,163.5
263,AllCCS-32859911,Saccharopine,C11H20N2O6,[M+HCOO]-,-1.0,321.1303,-1.0,164.0
264,DeepCCS-30932474,Sodium,Na,[M+H]+,1.0,23.997,1.0,109.8
265,DeepCCS-30932474,Sodium,Na,[M-H]-,-1.0,21.9825,-1.0,108.0
266,DeepCCS-30932474,Sodium,Na,[M-2H]2-,,10.9912,,143.3
267,DeepCCS-30932474,Sodium,Na,[M+Na]+,1.0,45.979,1.0,116.6
268,DeepCCS-30932474,Acetaldehyde,C2H4O,[M+H]+,1.0,45.0335,1.0,115.7
269,DeepCCS-30932474,Acetaldehyde,C2H4O,[M-H]-,-1.0,43.0189,-1.0,113.8
270,DeepCCS-30932474,Acetaldehyde,C2H4O,[M-2H]2-,,21.5095,,149.1
271,DeepCCS-30932474,Acetaldehyde,C2H4O,[M+Na]+,1.0,67.0154,1.0,123.1
272,DarkChem-31661259,Cyclic AMP,C10H12N5O6P,[M+H]+,1.0,330.0598,1.0,173.9
273,DarkChem-31661259,Cyclic AMP,C10H12N5O6P,[M-H]-,-1.0,328.0452,-1.0,167.3
274,AllCCS-32859911,Cyclic AMP,C10H12N5O6P,[M+H]+,1.0,330.0598,1.0,172.3
275,AllCCS-32859911,Cyclic AMP,C10H12N5O6P,[M-H]-,-1.0,328.0452,-1.0,167.1
276,DeepCCS-30932474,Cyclic AMP,C10H12N5O6P,[M-2H]2-,,164.0226,,190.9
277,DeepCCS-30932474,Cyclic AMP,C10H12N5O6P,[M+Na]+,1.0,352.0417,1.0,165.9
279,AllCCS-32859911,Cyclic AMP,C10H12N5O6P,[M+H-H2O]+,1.0,312.0492,1.0,169.2
280,AllCCS-32859911,Cyclic AMP,C10H12N5O6P,[M+NH4]+,1.0,347.0863,1.0,175.2
281,AllCCS-32859911,Cyclic AMP,C10H12N5O6P,[M+Na]+,1.0,352.0417,1.0,176.0
283,AllCCS-32859911,Cyclic AMP,C10H12N5O6P,[M+Na-2H]-,-1.0,350.0272,-1.0,166.4
284,AllCCS-32859911,Cyclic AMP,C10H12N5O6P,[M+HCOO]-,-1.0,374.0507,-1.0,165.8
285,DarkChem-31661259,Orotidylic acid,C10H13N2O11P,[M+H]+,1.0,369.033,1.0,180.2
286,DarkChem-31661259,Orotidylic acid,C10H13N2O11P,[M-H]-,-1.0,367.0184,-1.0,172.6
287,AllCCS-32859911,Orotidylic acid,C10H13N2O11P,[M+H]+,1.0,369.033,1.0,176.3
288,AllCCS-32859911,Orotidylic acid,C10H13N2O11P,[M-H]-,-1.0,367.0184,-1.0,170.5
289,DeepCCS-30932474,Orotidylic acid,C10H13N2O11P,[M+H]+,1.0,369.033,1.0,172.6
290,DeepCCS-30932474,Orotidylic acid,C10H13N2O11P,[M-H]-,-1.0,367.0184,-1.0,170.2
291,DeepCCS-30932474,Orotidylic acid,C10H13N2O11P,[M-2H]2-,,183.5092,,203.6
292,DeepCCS-30932474,Orotidylic acid,C10H13N2O11P,[M+Na]+,1.0,391.0149,1.0,178.5
294,AllCCS-32859911,Orotidylic acid,C10H13N2O11P,[M+H-H2O]+,1.0,351.0224,1.0,173.5
295,AllCCS-32859911,Orotidylic acid,C10H13N2O11P,[M+NH4]+,1.0,386.0595,1.0,178.9
296,AllCCS-32859911,Orotidylic acid,C10H13N2O11P,[M+Na]+,1.0,391.0149,1.0,179.7
298,AllCCS-32859911,Orotidylic acid,C10H13N2O11P,[M+Na-2H]-,-1.0,389.0004,-1.0,170.3
299,AllCCS-32859911,Orotidylic acid,C10H13N2O11P,[M+HCOO]-,-1.0,413.0239,-1.0,170.2
300,DarkChem-31661259,Isocitric acid,C6H8O7,[M+H]+,1.0,193.0343,1.0,142.2
301,DarkChem-31661259,Isocitric acid,C6H8O7,[M-H]-,-1.0,191.0197,-1.0,137.0
302,AllCCS-32859911,Isocitric acid,C6H8O7,[M+H]+,1.0,193.0343,1.0,141.8
303,AllCCS-32859911,Isocitric acid,C6H8O7,[M-H]-,-1.0,191.0197,-1.0,132.7
304,DeepCCS-30932474,Isocitric acid,C6H8O7,[M+H]+,1.0,193.0343,1.0,131.1
305,DeepCCS-30932474,Isocitric acid,C6H8O7,[M-H]-,-1.0,191.0197,-1.0,127.3
306,DeepCCS-30932474,Isocitric acid,C6H8O7,[M-2H]2-,,95.5099,,164.9
307,DeepCCS-30932474,Isocitric acid,C6H8O7,[M+Na]+,1.0,215.0162,1.0,140.5
309,AllCCS-32859911,Isocitric acid,C6H8O7,[M+H-H2O]+,1.0,175.0237,1.0,138.1
310,AllCCS-32859911,Isocitric acid,C6H8O7,[M+NH4]+,1.0,210.0608,1.0,145.3
311,AllCCS-32859911,Isocitric acid,C6H8O7,[M+Na]+,1.0,215.0162,1.0,146.3
313,AllCCS-32859911,Isocitric acid,C6H8O7,[M+Na-2H]-,-1.0,213.0017,-1.0,133.9
314,AllCCS-32859911,Isocitric acid,C6H8O7,[M+HCOO]-,-1.0,237.0252,-1.0,135.2
315,DarkChem-31661259,Ureidosuccinic acid,C5H8N2O5,[M+H]+,1.0,177.0506,1.0,141.6
316,DarkChem-31661259,Ureidosuccinic acid,C5H8N2O5,[M-H]-,-1.0,175.036,-1.0,133.0
317,AllCCS-32859911,Ureidosuccinic acid,C5H8N2O5,[M+H]+,1.0,177.0506,1.0,139.7
318,AllCCS-32859911,Ureidosuccinic acid,C5H8N2O5,[M-H]-,-1.0,175.036,-1.0,131.2
319,DeepCCS-30932474,Ureidosuccinic acid,C5H8N2O5,[M+H]+,1.0,177.0506,1.0,131.9
320,DeepCCS-30932474,Ureidosuccinic acid,C5H8N2O5,[M-H]-,-1.0,175.036,-1.0,129.1
321,DeepCCS-30932474,Ureidosuccinic acid,C5H8N2O5,[M-2H]2-,,87.518,,165.5
322,DeepCCS-30932474,Ureidosuccinic acid,C5H8N2O5,[M+Na]+,1.0,199.0325,1.0,140.9
324,AllCCS-32859911,Ureidosuccinic acid,C5H8N2O5,[M+H-H2O]+,1.0,159.04,1.0,135.9
325,AllCCS-32859911,Ureidosuccinic acid,C5H8N2O5,[M+NH4]+,1.0,194.0771,1.0,143.2
326,AllCCS-32859911,Ureidosuccinic acid,C5H8N2O5,[M+Na]+,1.0,199.0325,1.0,144.2
328,AllCCS-32859911,Ureidosuccinic acid,C5H8N2O5,[M+Na-2H]-,-1.0,197.018,-1.0,132.7
329,AllCCS-32859911,Ureidosuccinic acid,C5H8N2O5,[M+HCOO]-,-1.0,221.0415,-1.0,134.4
330,DarkChem-31661259,N2-Acetylornithine,C7H14N2O3,[M+H]+,1.0,175.1077,1.0,141.1
331,DarkChem-31661259,N2-Acetylornithine,C7H14N2O3,[M-H]-,-1.0,173.0932,-1.0,139.6
332,DeepCCS-30932474,N2-Acetylornithine,C7H14N2O3,[M+H]+,1.0,175.1077,1.0,136.3
333,DeepCCS-30932474,N2-Acetylornithine,C7H14N2O3,[M-H]-,-1.0,173.0932,-1.0,132.6
334,DeepCCS-30932474,N2-Acetylornithine,C7H14N2O3,[M-2H]2-,,86.5466,,169.9
335,DeepCCS-30932474,N2-Acetylornithine,C7H14N2O3,[M+Na]+,1.0,197.0897,1.0,145.4
336,AllCCS-32859911,N2-Acetylornithine,C7H14N2O3,[M+H]+,1.0,175.1077,1.0,140.1
337,AllCCS-32859911,N2-Acetylornithine,C7H14N2O3,[M+H-H2O]+,1.0,157.0972,1.0,136.4
338,AllCCS-32859911,N2-Acetylornithine,C7H14N2O3,[M+NH4]+,1.0,192.1343,1.0,143.7
339,AllCCS-32859911,N2-Acetylornithine,C7H14N2O3,[M+Na]+,1.0,197.0897,1.0,144.7
340,AllCCS-32859911,N2-Acetylornithine,C7H14N2O3,[M-H]-,-1.0,173.0932,-1.0,136.6
341,AllCCS-32859911,N2-Acetylornithine,C7H14N2O3,[M+Na-2H]-,-1.0,195.0751,-1.0,138.2
342,AllCCS-32859911,N2-Acetylornithine,C7H14N2O3,[M+HCOO]-,-1.0,219.0986,-1.0,140.1
343,DeepCCS-30932474,Dihydrobiopterin,C9H13N5O3,[M+H]+,1.0,240.1091,1.0,156.0
344,DeepCCS-30932474,Dihydrobiopterin,C9H13N5O3,[M-H]-,-1.0,238.0946,-1.0,153.6
345,DeepCCS-30932474,Dihydrobiopterin,C9H13N5O3,[M-2H]2-,,119.0473,,186.6
346,DeepCCS-30932474,Dihydrobiopterin,C9H13N5O3,[M+Na]+,1.0,262.0911,1.0,162.1
347,AllCCS-32859911,Dihydrobiopterin,C9H13N5O3,[M+H]+,1.0,240.1091,1.0,153.6
348,AllCCS-32859911,Dihydrobiopterin,C9H13N5O3,[M+H-H2O]+,1.0,222.0986,1.0,149.9
349,AllCCS-32859911,Dihydrobiopterin,C9H13N5O3,[M+NH4]+,1.0,257.1357,1.0,157.1
350,AllCCS-32859911,Dihydrobiopterin,C9H13N5O3,[M+Na]+,1.0,262.0911,1.0,158.1
351,AllCCS-32859911,Dihydrobiopterin,C9H13N5O3,[M-H]-,-1.0,238.0946,-1.0,153.4
352,AllCCS-32859911,Dihydrobiopterin,C9H13N5O3,[M+Na-2H]-,-1.0,260.0765,-1.0,153.4
353,AllCCS-32859911,Dihydrobiopterin,C9H13N5O3,[M+HCOO]-,-1.0,284.1,-1.0,153.4
354,DarkChem-31661259,Purine,C5H4N4,[M+H]+,1.0,121.0509,1.0,122.7
355,DarkChem-31661259,Purine,C5H4N4,[M-H]-,-1.0,119.0363,-1.0,119.9
356,AllCCS-32859911,Purine,C5H4N4,[M+H]+,1.0,121.0509,1.0,124.9
357,AllCCS-32859911,Purine,C5H4N4,[M-H]-,-1.0,119.0363,-1.0,119.0
358,DeepCCS-30932474,Purine,C5H4N4,[M+H]+,1.0,121.0509,1.0,121.7
359,DeepCCS-30932474,Purine,C5H4N4,[M-H]-,-1.0,119.0363,-1.0,119.6
360,DeepCCS-30932474,Purine,C5H4N4,[M-2H]2-,,59.5182,,155.7
361,DeepCCS-30932474,Purine,C5H4N4,[M+Na]+,1.0,143.0328,1.0,130.4
363,AllCCS-32859911,Purine,C5H4N4,[M+H-H2O]+,1.0,103.0403,1.0,119.9
364,AllCCS-32859911,Purine,C5H4N4,[M+NH4]+,1.0,138.0774,1.0,129.5
365,AllCCS-32859911,Purine,C5H4N4,[M+Na]+,1.0,143.0328,1.0,130.9
367,AllCCS-32859911,Purine,C5H4N4,[M+Na-2H]-,-1.0,141.0183,-1.0,120.6
368,AllCCS-32859911,Purine,C5H4N4,[M+HCOO]-,-1.0,165.0418,-1.0,122.3
369,DarkChem-31661259,Glyoxylic acid,C2H2O3,[M+H]+,1.0,75.0077,1.0,111.2
370,DarkChem-31661259,Glyoxylic acid,C2H2O3,[M-H]-,-1.0,72.9931,-1.0,104.4
371,AllCCS-32859911,Glyoxylic acid,C2H2O3,[M+H]+,1.0,75.0077,1.0,123.2
372,AllCCS-32859911,Glyoxylic acid,C2H2O3,[M-H]-,-1.0,72.9931,-1.0,126.9
373,DeepCCS-30932474,Glyoxylic acid,C2H2O3,[M+H]+,1.0,75.0077,1.0,119.3
374,DeepCCS-30932474,Glyoxylic acid,C2H2O3,[M-H]-,-1.0,72.9931,-1.0,117.4
375,DeepCCS-30932474,Glyoxylic acid,C2H2O3,[M-2H]2-,,36.4966,,153.0
376,DeepCCS-30932474,Glyoxylic acid,C2H2O3,[M+Na]+,1.0,96.9896,1.0,127.4
378,AllCCS-32859911,Glyoxylic acid,C2H2O3,[M+H-H2O]+,1.0,56.9971,1.0,118.7
379,AllCCS-32859911,Glyoxylic acid,C2H2O3,[M+NH4]+,1.0,92.0342,1.0,127.4
380,AllCCS-32859911,Glyoxylic acid,C2H2O3,[M+Na]+,1.0,96.9896,1.0,128.6
382,AllCCS-32859911,Glyoxylic acid,C2H2O3,[M+Na-2H]-,-1.0,94.9751,-1.0,132.5
383,AllCCS-32859911,Glyoxylic acid,C2H2O3,[M+HCOO]-,-1.0,118.9986,-1.0,138.5
384,DarkChem-31661259,L-Aspartate-semialdehyde,C4H7NO3,[M+H]+,1.0,118.0499,1.0,125.8
385,DarkChem-31661259,L-Aspartate-semialdehyde,C4H7NO3,[M-H]-,-1.0,116.0353,-1.0,122.1
386,DeepCCS-30932474,L-Aspartate-semialdehyde,C4H7NO3,[M+H]+,1.0,118.0499,1.0,122.5
387,DeepCCS-30932474,L-Aspartate-semialdehyde,C4H7NO3,[M-H]-,-1.0,116.0353,-1.0,119.2
388,DeepCCS-30932474,L-Aspartate-semialdehyde,C4H7NO3,[M-2H]2-,,58.0177,,156.1
389,DeepCCS-30932474,L-Aspartate-semialdehyde,C4H7NO3,[M+Na]+,1.0,140.0318,1.0,131.2
390,AllCCS-32859911,L-Aspartate-semialdehyde,C4H7NO3,[M+H]+,1.0,118.0499,1.0,129.2
391,AllCCS-32859911,L-Aspartate-semialdehyde,C4H7NO3,[M+H-H2O]+,1.0,100.0393,1.0,125.0
392,AllCCS-32859911,L-Aspartate-semialdehyde,C4H7NO3,[M+NH4]+,1.0,135.0764,1.0,133.2
393,AllCCS-32859911,L-Aspartate-semialdehyde,C4H7NO3,[M+Na]+,1.0,140.0318,1.0,134.3
394,AllCCS-32859911,L-Aspartate-semialdehyde,C4H7NO3,[M-H]-,-1.0,116.0353,-1.0,122.2
395,AllCCS-32859911,L-Aspartate-semialdehyde,C4H7NO3,[M+Na-2H]-,-1.0,138.0173,-1.0,125.4
396,AllCCS-32859911,L-Aspartate-semialdehyde,C4H7NO3,[M+HCOO]-,-1.0,162.0408,-1.0,128.9
397,DeepCCS-30932474,Methionine sulfoxide,C5H11NO3S,[M+H]+,1.0,166.0532,1.0,130.0
398,DeepCCS-30932474,Methionine sulfoxide,C5H11NO3S,[M-H]-,-1.0,164.0387,-1.0,126.2
399,DeepCCS-30932474,Methionine sulfoxide,C5H11NO3S,[M-2H]2-,,82.0193,,163.6
400,DeepCCS-30932474,Methionine sulfoxide,C5H11NO3S,[M+Na]+,1.0,188.0352,1.0,139.1
401,AllCCS-32859911,Methionine sulfoxide,C5H11NO3S,[M+H]+,1.0,166.0532,1.0,136.1
402,AllCCS-32859911,Methionine sulfoxide,C5H11NO3S,[M+H-H2O]+,1.0,148.0427,1.0,132.3
403,AllCCS-32859911,Methionine sulfoxide,C5H11NO3S,[M+NH4]+,1.0,183.0798,1.0,139.7
404,AllCCS-32859911,Methionine sulfoxide,C5H11NO3S,[M+Na]+,1.0,188.0352,1.0,140.7
405,AllCCS-32859911,Methionine sulfoxide,C5H11NO3S,[M-H]-,-1.0,164.0387,-1.0,132.6
406,AllCCS-32859911,Methionine sulfoxide,C5H11NO3S,[M+Na-2H]-,-1.0,186.0206,-1.0,134.9
407,AllCCS-32859911,Methionine sulfoxide,C5H11NO3S,[M+HCOO]-,-1.0,210.0442,-1.0,137.4
408,DarkChem-31661259,4-alpha-Methyl-5-alpha-cholest-7-en-3-beta-ol,C28H48O,[M+H]+,1.0,401.3778,1.0,199.0
409,DarkChem-31661259,4-alpha-Methyl-5-alpha-cholest-7-en-3-beta-ol,C28H48O,[M-H]-,-1.0,399.3632,-1.0,201.3
410,DeepCCS-30932474,4-alpha-Methyl-5-alpha-cholest-7-en-3-beta-ol,C28H48O,[M-2H]2-,,199.6816,,244.6
411,DeepCCS-30932474,4-alpha-Methyl-5-alpha-cholest-7-en-3-beta-ol,C28H48O,[M+Na]+,1.0,423.3597,1.0,219.7
412,AllCCS-32859911,4-alpha-Methyl-5-alpha-cholest-7-en-3-beta-ol,C28H48O,[M+H]+,1.0,401.3778,1.0,206.7
413,AllCCS-32859911,4-alpha-Methyl-5-alpha-cholest-7-en-3-beta-ol,C28H48O,[M+H-H2O]+,1.0,383.3672,1.0,204.7
414,AllCCS-32859911,4-alpha-Methyl-5-alpha-cholest-7-en-3-beta-ol,C28H48O,[M+NH4]+,1.0,418.4043,1.0,208.6
415,AllCCS-32859911,4-alpha-Methyl-5-alpha-cholest-7-en-3-beta-ol,C28H48O,[M+Na]+,1.0,423.3597,1.0,209.2
416,AllCCS-32859911,4-alpha-Methyl-5-alpha-cholest-7-en-3-beta-ol,C28H48O,[M-H]-,-1.0,399.3632,-1.0,204.2
417,AllCCS-32859911,4-alpha-Methyl-5-alpha-cholest-7-en-3-beta-ol,C28H48O,[M+Na-2H]-,-1.0,421.3452,-1.0,206.2
418,AllCCS-32859911,4-alpha-Methyl-5-alpha-cholest-7-en-3-beta-ol,C28H48O,[M+HCOO]-,-1.0,445.3687,-1.0,208.6
419,DarkChem-31661259,N-Acetyl-glucosamine 1-phosphate,C8H16NO9P,[M+H]+,1.0,302.0635,1.0,168.4
420,DarkChem-31661259,N-Acetyl-glucosamine 1-phosphate,C8H16NO9P,[M-H]-,-1.0,300.049,-1.0,161.3
421,AllCCS-32859911,N-Acetyl-glucosamine 1-phosphate,C8H16NO9P,[M+H]+,1.0,302.0635,1.0,165.3
422,AllCCS-32859911,N-Acetyl-glucosamine 1-phosphate,C8H16NO9P,[M-H]-,-1.0,300.049,-1.0,158.6
423,DeepCCS-30932474,N-Acetyl-glucosamine 1-phosphate,C8H16NO9P,[M+H]+,1.0,302.0635,1.0,163.8
424,DeepCCS-30932474,N-Acetyl-glucosamine 1-phosphate,C8H16NO9P,[M-H]-,-1.0,300.049,-1.0,161.4
425,DeepCCS-30932474,N-Acetyl-glucosamine 1-phosphate,C8H16NO9P,[M-2H]2-,,150.0245,,194.6
426,DeepCCS-30932474,N-Acetyl-glucosamine 1-phosphate,C8H16NO9P,[M+Na]+,1.0,324.0455,1.0,169.7
428,AllCCS-32859911,N-Acetyl-glucosamine 1-phosphate,C8H16NO9P,[M+H-H2O]+,1.0,284.053,1.0,162.1
429,AllCCS-32859911,N-Acetyl-glucosamine 1-phosphate,C8H16NO9P,[M+NH4]+,1.0,319.0901,1.0,168.3
430,AllCCS-32859911,N-Acetyl-glucosamine 1-phosphate,C8H16NO9P,[M+Na]+,1.0,324.0455,1.0,169.1
432,AllCCS-32859911,N-Acetyl-glucosamine 1-phosphate,C8H16NO9P,[M+Na-2H]-,-1.0,322.0309,-1.0,158.8
433,AllCCS-32859911,N-Acetyl-glucosamine 1-phosphate,C8H16NO9P,[M+HCOO]-,-1.0,346.0545,-1.0,159.2
434,DarkChem-31661259,Glucosamine 6-phosphate,C6H14NO8P,[M+H]+,1.0,260.053,1.0,158.4
435,DarkChem-31661259,Glucosamine 6-phosphate,C6H14NO8P,[M-H]-,-1.0,258.0384,-1.0,152.3
436,AllCCS-32859911,Glucosamine 6-phosphate,C6H14NO8P,[M+H]+,1.0,260.053,1.0,156.3
437,AllCCS-32859911,Glucosamine 6-phosphate,C6H14NO8P,[M-H]-,-1.0,258.0384,-1.0,147.8
438,DeepCCS-30932474,Glucosamine 6-phosphate,C6H14NO8P,[M+H]+,1.0,260.053,1.0,150.8
439,DeepCCS-30932474,Glucosamine 6-phosphate,C6H14NO8P,[M-H]-,-1.0,258.0384,-1.0,148.4
440,DeepCCS-30932474,Glucosamine 6-phosphate,C6H14NO8P,[M-2H]2-,,129.0192,,183.2
441,DeepCCS-30932474,Glucosamine 6-phosphate,C6H14NO8P,[M+Na]+,1.0,282.0349,1.0,157.7
443,AllCCS-32859911,Glucosamine 6-phosphate,C6H14NO8P,[M+H-H2O]+,1.0,242.0424,1.0,152.7
444,AllCCS-32859911,Glucosamine 6-phosphate,C6H14NO8P,[M+NH4]+,1.0,277.0795,1.0,159.5
445,AllCCS-32859911,Glucosamine 6-phosphate,C6H14NO8P,[M+Na]+,1.0,282.0349,1.0,160.5
447,AllCCS-32859911,Glucosamine 6-phosphate,C6H14NO8P,[M+Na-2H]-,-1.0,280.0204,-1.0,148.1
448,AllCCS-32859911,Glucosamine 6-phosphate,C6H14NO8P,[M+HCOO]-,-1.0,304.0439,-1.0,148.5
449,AllCCS-32859911,Coenzyme A,C21H36N7O16P3S,[M+H]+,1.0,768.1225,1.0,242.4
450,AllCCS-32859911,Coenzyme A,C21H36N7O16P3S,[M-H]-,-1.0,766.1079,-1.0,243.8
451,DeepCCS-30932474,Coenzyme A,C21H36N7O16P3S,[M+H]+,1.0,768.1225,1.0,222.0
452,DeepCCS-30932474,Coenzyme A,C21H36N7O16P3S,[M-H]-,-1.0,766.1079,-1.0,220.2
453,DeepCCS-30932474,Coenzyme A,C21H36N7O16P3S,[M-2H]2-,,383.054,,254.2
454,DeepCCS-30932474,Coenzyme A,C21H36N7O16P3S,[M+Na]+,1.0,790.1044,1.0,228.5
456,AllCCS-32859911,Coenzyme A,C21H36N7O16P3S,[M+H-H2O]+,1.0,750.1119,1.0,242.4
457,AllCCS-32859911,Coenzyme A,C21H36N7O16P3S,[M+NH4]+,1.0,785.149,1.0,242.4
458,AllCCS-32859911,Coenzyme A,C21H36N7O16P3S,[M+Na]+,1.0,790.1044,1.0,242.3
460,AllCCS-32859911,Coenzyme A,C21H36N7O16P3S,[M+Na-2H]-,-1.0,788.0899,-1.0,247.3
461,AllCCS-32859911,Coenzyme A,C21H36N7O16P3S,[M+HCOO]-,-1.0,812.1134,-1.0,251.2
462,DarkChem-31661259,L-Cysteine,C3H7NO2S,[M+H]+,1.0,122.027,1.0,123.9
464,DarkChem-31661259,L-Cysteine,C3H7NO2S,[M-H]-,-1.0,120.0125,-1.0,118.8
466,AllCCS-32859911,L-Cysteine,C3H7NO2S,[M+H]+,1.0,122.027,1.0,130.1
467,AllCCS-32859911,L-Cysteine,C3H7NO2S,[M-H]-,-1.0,120.0125,-1.0,128.7
468,DeepCCS-30932474,L-Cysteine,C3H7NO2S,[M+H]+,1.0,122.027,1.0,123.0
469,DeepCCS-30932474,L-Cysteine,C3H7NO2S,[M-H]-,-1.0,120.0125,-1.0,120.1
470,DeepCCS-30932474,L-Cysteine,C3H7NO2S,[M-2H]2-,,60.0062,,156.6
471,DeepCCS-30932474,L-Cysteine,C3H7NO2S,[M+Na]+,1.0,144.009,1.0,131.6
473,AllCCS-32859911,L-Cysteine,C3H7NO2S,[M+H-H2O]+,1.0,104.0165,1.0,126.0
474,AllCCS-32859911,L-Cysteine,C3H7NO2S,[M+NH4]+,1.0,139.0536,1.0,134.0
475,AllCCS-32859911,L-Cysteine,C3H7NO2S,[M+Na]+,1.0,144.009,1.0,135.1
477,AllCCS-32859911,L-Cysteine,C3H7NO2S,[M+Na-2H]-,-1.0,141.9944,-1.0,132.6
478,AllCCS-32859911,L-Cysteine,C3H7NO2S,[M+HCOO]-,-1.0,166.018,-1.0,136.9
479,DarkChem-31661259,N-Acetyl-L-glutamyl 5-phosphate,C7H12NO8P,[M+H]+,1.0,270.0373,1.0,161.4
480,DarkChem-31661259,N-Acetyl-L-glutamyl 5-phosphate,C7H12NO8P,[M-H]-,-1.0,268.0228,-1.0,159.7
481,DeepCCS-30932474,N-Acetyl-L-glutamyl 5-phosphate,C7H12NO8P,[M+H]+,1.0,270.0373,1.0,150.8
482,DeepCCS-30932474,N-Acetyl-L-glutamyl 5-phosphate,C7H12NO8P,[M-H]-,-1.0,268.0228,-1.0,148.5
483,DeepCCS-30932474,N-Acetyl-L-glutamyl 5-phosphate,C7H12NO8P,[M-2H]2-,,134.0114,,181.8
484,DeepCCS-30932474,N-Acetyl-L-glutamyl 5-phosphate,C7H12NO8P,[M+Na]+,1.0,292.0193,1.0,156.7
485,AllCCS-32859911,N-Acetyl-L-glutamyl 5-phosphate,C7H12NO8P,[M+H]+,1.0,270.0373,1.0,157.1
486,AllCCS-32859911,N-Acetyl-L-glutamyl 5-phosphate,C7H12NO8P,[M+H-H2O]+,1.0,252.0268,1.0,153.9
487,AllCCS-32859911,N-Acetyl-L-glutamyl 5-phosphate,C7H12NO8P,[M+NH4]+,1.0,287.0639,1.0,160.1
488,AllCCS-32859911,N-Acetyl-L-glutamyl 5-phosphate,C7H12NO8P,[M+Na]+,1.0,292.0193,1.0,161.0
489,AllCCS-32859911,N-Acetyl-L-glutamyl 5-phosphate,C7H12NO8P,[M-H]-,-1.0,268.0228,-1.0,151.3
490,AllCCS-32859911,N-Acetyl-L-glutamyl 5-phosphate,C7H12NO8P,[M+Na-2H]-,-1.0,290.0047,-1.0,151.9
491,AllCCS-32859911,N-Acetyl-L-glutamyl 5-phosphate,C7H12NO8P,[M+HCOO]-,-1.0,314.0283,-1.0,152.6
492,DarkChem-31661259,3-Aminopropionaldehyde,C3H7NO,[M+H]+,1.0,74.06,1.0,112.1
493,DarkChem-31661259,3-Aminopropionaldehyde,C3H7NO,[M-H]-,-1.0,72.0455,-1.0,105.6
494,AllCCS-32859911,3-Aminopropionaldehyde,C3H7NO,[M+H]+,1.0,74.06,1.0,122.3
495,AllCCS-32859911,3-Aminopropionaldehyde,C3H7NO,[M-H]-,-1.0,72.0455,-1.0,131.0
496,DeepCCS-30932474,3-Aminopropionaldehyde,C3H7NO,[M+H]+,1.0,74.06,1.0,120.0
497,DeepCCS-30932474,3-Aminopropionaldehyde,C3H7NO,[M-H]-,-1.0,72.0455,-1.0,118.1
498,DeepCCS-30932474,3-Aminopropionaldehyde,C3H7NO,[M-2H]2-,,36.0227,,153.5
499,DeepCCS-30932474,3-Aminopropionaldehyde,C3H7NO,[M+Na]+,1.0,96.042,1.0,127.5
501,AllCCS-32859911,3-Aminopropionaldehyde,C3H7NO,[M+H-H2O]+,1.0,56.0495,1.0,117.9
502,AllCCS-32859911,3-Aminopropionaldehyde,C3H7NO,[M+NH4]+,1.0,91.0866,1.0,126.5
503,AllCCS-32859911,3-Aminopropionaldehyde,C3H7NO,[M+Na]+,1.0,96.042,1.0,127.7
505,AllCCS-32859911,3-Aminopropionaldehyde,C3H7NO,[M+Na-2H]-,-1.0,94.0274,-1.0,136.5
506,AllCCS-32859911,3-Aminopropionaldehyde,C3H7NO,[M+HCOO]-,-1.0,118.051,-1.0,142.6
507,DarkChem-31661259,Uridine 5'-monophosphate,C9H13N2O9P,[M+H]+,1.0,325.0431,1.0,170.7
508,DarkChem-31661259,Uridine 5'-monophosphate,C9H13N2O9P,[M-H]-,-1.0,323.0286,-1.0,166.6
509,AllCCS-32859911,Uridine 5'-monophosphate,C9H13N2O9P,[M+H]+,1.0,325.0431,1.0,169.0
510,AllCCS-32859911,Uridine 5'-monophosphate,C9H13N2O9P,[M-H]-,-1.0,323.0286,-1.0,163.7
511,DeepCCS-30932474,Uridine 5'-monophosphate,C9H13N2O9P,[M+H]+,1.0,325.0431,1.0,166.9
512,DeepCCS-30932474,Uridine 5'-monophosphate,C9H13N2O9P,[M-H]-,-1.0,323.0286,-1.0,164.6
513,DeepCCS-30932474,Uridine 5'-monophosphate,C9H13N2O9P,[M-2H]2-,,161.5143,,198.2
514,DeepCCS-30932474,Uridine 5'-monophosphate,C9H13N2O9P,[M+Na]+,1.0,347.0251,1.0,173.4
516,AllCCS-32859911,Uridine 5'-monophosphate,C9H13N2O9P,[M+H-H2O]+,1.0,307.0326,1.0,165.9
517,AllCCS-32859911,Uridine 5'-monophosphate,C9H13N2O9P,[M+NH4]+,1.0,342.0697,1.0,171.9
518,AllCCS-32859911,Uridine 5'-monophosphate,C9H13N2O9P,[M+Na]+,1.0,347.0251,1.0,172.7
520,AllCCS-32859911,Uridine 5'-monophosphate,C9H13N2O9P,[M+Na-2H]-,-1.0,345.0105,-1.0,163.6
521,AllCCS-32859911,Uridine 5'-monophosphate,C9H13N2O9P,[M+HCOO]-,-1.0,369.0341,-1.0,163.5
522,DarkChem-31661259,8-Oxo-dGMP,C10H14N5O8P,[M+H]+,1.0,364.0653,1.0,179.1
523,DarkChem-31661259,8-Oxo-dGMP,C10H14N5O8P,[M-H]-,-1.0,362.0507,-1.0,176.3
524,DeepCCS-30932474,8-Oxo-dGMP,C10H14N5O8P,[M+H]+,1.0,364.0653,1.0,169.9
525,DeepCCS-30932474,8-Oxo-dGMP,C10H14N5O8P,[M-H]-,-1.0,362.0507,-1.0,167.5
526,DeepCCS-30932474,8-Oxo-dGMP,C10H14N5O8P,[M-2H]2-,,181.0254,,202.0
527,DeepCCS-30932474,8-Oxo-dGMP,C10H14N5O8P,[M+Na]+,1.0,386.0472,1.0,178.2
528,AllCCS-32859911,8-Oxo-dGMP,C10H14N5O8P,[M+H]+,1.0,364.0653,1.0,176.8
529,AllCCS-32859911,8-Oxo-dGMP,C10H14N5O8P,[M+H-H2O]+,1.0,346.0547,1.0,173.9
530,AllCCS-32859911,8-Oxo-dGMP,C10H14N5O8P,[M+NH4]+,1.0,381.0918,1.0,179.4
531,AllCCS-32859911,8-Oxo-dGMP,C10H14N5O8P,[M+Na]+,1.0,386.0472,1.0,180.2
532,AllCCS-32859911,8-Oxo-dGMP,C10H14N5O8P,[M-H]-,-1.0,362.0507,-1.0,172.3
533,AllCCS-32859911,8-Oxo-dGMP,C10H14N5O8P,[M+Na-2H]-,-1.0,384.0327,-1.0,171.9
534,AllCCS-32859911,8-Oxo-dGMP,C10H14N5O8P,[M+HCOO]-,-1.0,408.0562,-1.0,171.6
535,DarkChem-31661259,Cytidine,C9H13N3O5,[M+H]+,1.0,244.0928,1.0,154.3
536,DarkChem-31661259,Cytidine,C9H13N3O5,[M-H]-,-1.0,242.0782,-1.0,150.9
537,AllCCS-32859911,Cytidine,C9H13N3O5,[M+H]+,1.0,244.0928,1.0,154.6
538,AllCCS-32859911,Cytidine,C9H13N3O5,[M-H]-,-1.0,242.0782,-1.0,152.4
539,DeepCCS-30932474,Cytidine,C9H13N3O5,[M+H]+,1.0,244.0928,1.0,154.0
540,DeepCCS-30932474,Cytidine,C9H13N3O5,[M-H]-,-1.0,242.0782,-1.0,151.6
541,DeepCCS-30932474,Cytidine,C9H13N3O5,[M-2H]2-,,121.0391,,186.0
542,DeepCCS-30932474,Cytidine,C9H13N3O5,[M+Na]+,1.0,266.0747,1.0,161.0
544,AllCCS-32859911,Cytidine,C9H13N3O5,[M+H-H2O]+,1.0,226.0822,1.0,151.0
545,AllCCS-32859911,Cytidine,C9H13N3O5,[M+NH4]+,1.0,261.1193,1.0,158.1
546,AllCCS-32859911,Cytidine,C9H13N3O5,[M+Na]+,1.0,266.0747,1.0,159.1
548,AllCCS-32859911,Cytidine,C9H13N3O5,[M+Na-2H]-,-1.0,264.0602,-1.0,152.4
549,AllCCS-32859911,Cytidine,C9H13N3O5,[M+HCOO]-,-1.0,288.0837,-1.0,152.5
550,DarkChem-31661259,Argininosuccinic acid,C10H18N4O6,[M+H]+,1.0,291.1299,1.0,168.5
551,DarkChem-31661259,Argininosuccinic acid,C10H18N4O6,[M-H]-,-1.0,289.1154,-1.0,165.1
552,AllCCS-32859911,Argininosuccinic acid,C10H18N4O6,[M+H]+,1.0,291.1299,1.0,162.6
553,AllCCS-32859911,Argininosuccinic acid,C10H18N4O6,[M-H]-,-1.0,289.1154,-1.0,164.2
554,DeepCCS-30932474,Argininosuccinic acid,C10H18N4O6,[M+H]+,1.0,291.1299,1.0,166.0
555,DeepCCS-30932474,Argininosuccinic acid,C10H18N4O6,[M-H]-,-1.0,289.1154,-1.0,163.6
556,DeepCCS-30932474,Argininosuccinic acid,C10H18N4O6,[M-2H]2-,,144.5577,,196.6
557,DeepCCS-30932474,Argininosuccinic acid,C10H18N4O6,[M+Na]+,1.0,313.1119,1.0,172.3
559,AllCCS-32859911,Argininosuccinic acid,C10H18N4O6,[M+H-H2O]+,1.0,273.1193,1.0,159.7
560,AllCCS-32859911,Argininosuccinic acid,C10H18N4O6,[M+NH4]+,1.0,308.1565,1.0,165.3
561,AllCCS-32859911,Argininosuccinic acid,C10H18N4O6,[M+Na]+,1.0,313.1119,1.0,166.0
563,AllCCS-32859911,Argininosuccinic acid,C10H18N4O6,[M+Na-2H]-,-1.0,311.0973,-1.0,164.5
564,AllCCS-32859911,Argininosuccinic acid,C10H18N4O6,[M+HCOO]-,-1.0,335.1208,-1.0,164.9
565,DarkChem-31661259,(S)-3-Hydroxyisobutyryl-CoA,C25H42N7O18P3S,[M+H]+,1.0,854.1593,1.0,285.4
566,DarkChem-31661259,(S)-3-Hydroxyisobutyryl-CoA,C25H42N7O18P3S,[M-H]-,-1.0,852.1447,-1.0,264.7
567,AllCCS-32859911,(S)-3-Hydroxyisobutyryl-CoA,C25H42N7O18P3S,[M+H]+,1.0,854.1593,1.0,257.1
568,AllCCS-32859911,(S)-3-Hydroxyisobutyryl-CoA,C25H42N7O18P3S,[M-H]-,-1.0,852.1447,-1.0,255.4
569,DeepCCS-30932474,(S)-3-Hydroxyisobutyryl-CoA,C25H42N7O18P3S,[M-2H]2-,,426.0724,,229.6
570,DeepCCS-30932474,(S)-3-Hydroxyisobutyryl-CoA,C25H42N7O18P3S,[M+Na]+,1.0,876.1412,1.0,204.2
572,AllCCS-32859911,(S)-3-Hydroxyisobutyryl-CoA,C25H42N7O18P3S,[M+H-H2O]+,1.0,836.1487,1.0,257.5
573,AllCCS-32859911,(S)-3-Hydroxyisobutyryl-CoA,C25H42N7O18P3S,[M+NH4]+,1.0,871.1858,1.0,256.7
574,AllCCS-32859911,(S)-3-Hydroxyisobutyryl-CoA,C25H42N7O18P3S,[M+Na]+,1.0,876.1412,1.0,256.5
576,AllCCS-32859911,(S)-3-Hydroxyisobutyryl-CoA,C25H42N7O18P3S,[M+Na-2H]-,-1.0,874.1267,-1.0,259.6
577,AllCCS-32859911,(S)-3-Hydroxyisobutyryl-CoA,C25H42N7O18P3S,[M+HCOO]-,-1.0,898.1502,-1.0,264.2
578,AllCCS-32859911,Protoporphyrin IX,C34H34N4O4,[M+H]+,1.0,563.2653,1.0,237.4
579,AllCCS-32859911,Protoporphyrin IX,C34H34N4O4,[M-H]-,-1.0,561.2507,-1.0,230.8
580,DeepCCS-30932474,Protoporphyrin IX,C34H34N4O4,[M+H]+,1.0,563.2653,1.0,251.0
581,DeepCCS-30932474,Protoporphyrin IX,C34H34N4O4,[M-H]-,-1.0,561.2507,-1.0,249.2
582,DeepCCS-30932474,Protoporphyrin IX,C34H34N4O4,[M-2H]2-,,280.6254,,282.5
583,DeepCCS-30932474,Protoporphyrin IX,C34H34N4O4,[M+Na]+,1.0,585.2472,1.0,256.6
585,AllCCS-32859911,Protoporphyrin IX,C34H34N4O4,[M+H-H2O]+,1.0,545.2547,1.0,235.8
586,AllCCS-32859911,Protoporphyrin IX,C34H34N4O4,[M+NH4]+,1.0,580.2918,1.0,239.0
587,AllCCS-32859911,Protoporphyrin IX,C34H34N4O4,[M+Na]+,1.0,585.2472,1.0,239.4
589,AllCCS-32859911,Protoporphyrin IX,C34H34N4O4,[M+Na-2H]-,-1.0,583.2327,-1.0,232.3
590,AllCCS-32859911,Protoporphyrin IX,C34H34N4O4,[M+HCOO]-,-1.0,607.2562,-1.0,234.1
591,DarkChem-31661259,Acetic acid,C2H4O2,[M+H]+,1.0,61.0284,1.0,108.8
592,DarkChem-31661259,Acetic acid,C2H4O2,[M-H]-,-1.0,59.0139,-1.0,100.7
593,AllCCS-32859911,Acetic acid,C2H4O2,[M+H]+,1.0,61.0284,1.0,121.7
594,AllCCS-32859911,Acetic acid,C2H4O2,[M-H]-,-1.0,59.0139,-1.0,140.4
595,DeepCCS-30932474,Acetic acid,C2H4O2,[M+H]+,1.0,61.0284,1.0,124.7
596,DeepCCS-30932474,Acetic acid,C2H4O2,[M-H]-,-1.0,59.0139,-1.0,122.6
597,DeepCCS-30932474,Acetic acid,C2H4O2,[M-2H]2-,,29.5069,,158.8
598,DeepCCS-30932474,Acetic acid,C2H4O2,[M+Na]+,1.0,83.0103,1.0,133.2
600,AllCCS-32859911,Acetic acid,C2H4O2,[M+H-H2O]+,1.0,43.0178,1.0,117.2
601,AllCCS-32859911,Acetic acid,C2H4O2,[M+NH4]+,1.0,78.055,1.0,126.0
602,AllCCS-32859911,Acetic acid,C2H4O2,[M+Na]+,1.0,83.0103,1.0,127.2
604,AllCCS-32859911,Acetic acid,C2H4O2,[M+Na-2H]-,-1.0,80.9958,-1.0,147.2
605,AllCCS-32859911,Acetic acid,C2H4O2,[M+HCOO]-,-1.0,105.0193,-1.0,154.6
606,DeepCCS-30932474,Oxidized glutathione,C20H32N6O12S2,[M+H]+,1.0,613.1592,1.0,225.7
607,DeepCCS-30932474,Oxidized glutathione,C20H32N6O12S2,[M-H]-,-1.0,611.1447,-1.0,223.8
608,DeepCCS-30932474,Oxidized glutathione,C20H32N6O12S2,[M-2H]2-,,305.5723,,257.0
609,DeepCCS-30932474,Oxidized glutathione,C20H32N6O12S2,[M+Na]+,1.0,635.1412,1.0,231.5
610,AllCCS-32859911,Oxidized glutathione,C20H32N6O12S2,[M+H]+,1.0,613.1592,1.0,226.7
611,AllCCS-32859911,Oxidized glutathione,C20H32N6O12S2,[M+H-H2O]+,1.0,595.1487,1.0,226.0
612,AllCCS-32859911,Oxidized glutathione,C20H32N6O12S2,[M+NH4]+,1.0,630.1858,1.0,227.3
613,AllCCS-32859911,Oxidized glutathione,C20H32N6O12S2,[M+Na]+,1.0,635.1412,1.0,227.5
614,AllCCS-32859911,Oxidized glutathione,C20H32N6O12S2,[M-H]-,-1.0,611.1447,-1.0,217.2
615,AllCCS-32859911,Oxidized glutathione,C20H32N6O12S2,[M+Na-2H]-,-1.0,633.1266,-1.0,218.7
616,AllCCS-32859911,Oxidized glutathione,C20H32N6O12S2,[M+HCOO]-,-1.0,657.1502,-1.0,220.6
617,DarkChem-31661259,Adenosine,C10H13N5O4,[M+H]+,1.0,268.104,1.0,160.0
618,DarkChem-31661259,Adenosine,C10H13N5O4,[M-H]-,-1.0,266.0895,-1.0,156.2
619,AllCCS-32859911,Adenosine,C10H13N5O4,[M+H]+,1.0,268.104,1.0,160.4
620,AllCCS-32859911,Adenosine,C10H13N5O4,[M-H]-,-1.0,266.0895,-1.0,159.2
621,DeepCCS-30932474,Adenosine,C10H13N5O4,[M+H]+,1.0,268.104,1.0,162.8
622,DeepCCS-30932474,Adenosine,C10H13N5O4,[M-H]-,-1.0,266.0895,-1.0,160.5
623,DeepCCS-30932474,Adenosine,C10H13N5O4,[M-2H]2-,,133.0447,,194.3
624,DeepCCS-30932474,Adenosine,C10H13N5O4,[M+Na]+,1.0,290.086,1.0,169.5
626,AllCCS-32859911,Adenosine,C10H13N5O4,[M+H-H2O]+,1.0,250.0935,1.0,156.9
627,AllCCS-32859911,Adenosine,C10H13N5O4,[M+NH4]+,1.0,285.1306,1.0,163.7
628,AllCCS-32859911,Adenosine,C10H13N5O4,[M+Na]+,1.0,290.086,1.0,164.6
630,AllCCS-32859911,Adenosine,C10H13N5O4,[M+Na-2H]-,-1.0,288.0714,-1.0,158.7
631,AllCCS-32859911,Adenosine,C10H13N5O4,[M+HCOO]-,-1.0,312.095,-1.0,158.3
632,DarkChem-31661259,D-2-Hydroxyglutaric acid,C5H8O5,[M+H]+,1.0,149.0444,1.0,133.0
634,DarkChem-31661259,D-2-Hydroxyglutaric acid,C5H8O5,[M-H]-,-1.0,147.0299,-1.0,125.3
636,AllCCS-32859911,D-2-Hydroxyglutaric acid,C5H8O5,[M+H]+,1.0,149.0444,1.0,134.0
637,AllCCS-32859911,D-2-Hydroxyglutaric acid,C5H8O5,[M-H]-,-1.0,147.0299,-1.0,126.5
638,DeepCCS-30932474,D-2-Hydroxyglutaric acid,C5H8O5,[M+H]+,1.0,149.0444,1.0,126.8
639,DeepCCS-30932474,D-2-Hydroxyglutaric acid,C5H8O5,[M-H]-,-1.0,147.0299,-1.0,122.9
640,DeepCCS-30932474,D-2-Hydroxyglutaric acid,C5H8O5,[M-2H]2-,,73.5149,,160.5
641,DeepCCS-30932474,D-2-Hydroxyglutaric acid,C5H8O5,[M+Na]+,1.0,171.0264,1.0,135.9
643,AllCCS-32859911,D-2-Hydroxyglutaric acid,C5H8O5,[M+H-H2O]+,1.0,131.0339,1.0,130.0
644,AllCCS-32859911,D-2-Hydroxyglutaric acid,C5H8O5,[M+NH4]+,1.0,166.071,1.0,137.8
645,AllCCS-32859911,D-2-Hydroxyglutaric acid,C5H8O5,[M+Na]+,1.0,171.0264,1.0,138.9
647,AllCCS-32859911,D-2-Hydroxyglutaric acid,C5H8O5,[M+Na-2H]-,-1.0,169.0118,-1.0,128.7
648,AllCCS-32859911,D-2-Hydroxyglutaric acid,C5H8O5,[M+HCOO]-,-1.0,193.0354,-1.0,131.1
649,DarkChem-31661259,Citrulline,C6H13N3O3,[M+H]+,1.0,176.103,1.0,139.4
650,DarkChem-31661259,Citrulline,C6H13N3O3,[M-H]-,-1.0,174.0884,-1.0,135.2
651,AllCCS-32859911,Citrulline,C6H13N3O3,[M+H]+,1.0,176.103,1.0,139.4
652,AllCCS-32859911,Citrulline,C6H13N3O3,[M-H]-,-1.0,174.0884,-1.0,136.2
653,DeepCCS-30932474,Citrulline,C6H13N3O3,[M+H]+,1.0,176.103,1.0,134.8
654,DeepCCS-30932474,Citrulline,C6H13N3O3,[M-H]-,-1.0,174.0884,-1.0,131.0
655,DeepCCS-30932474,Citrulline,C6H13N3O3,[M-2H]2-,,87.0442,,168.5
656,DeepCCS-30932474,Citrulline,C6H13N3O3,[M+Na]+,1.0,198.0849,1.0,144.1
658,AllCCS-32859911,Citrulline,C6H13N3O3,[M+H-H2O]+,1.0,158.0924,1.0,135.6
659,AllCCS-32859911,Citrulline,C6H13N3O3,[M+NH4]+,1.0,193.1295,1.0,142.9
660,AllCCS-32859911,Citrulline,C6H13N3O3,[M+Na]+,1.0,198.0849,1.0,143.9
662,AllCCS-32859911,Citrulline,C6H13N3O3,[M+Na-2H]-,-1.0,196.0704,-1.0,137.7
663,AllCCS-32859911,Citrulline,C6H13N3O3,[M+HCOO]-,-1.0,220.0939,-1.0,139.5
664,DarkChem-31661259,Ribose 1-phosphate,C5H11O8P,[M+H]+,1.0,231.0264,1.0,150.8
665,DarkChem-31661259,Ribose 1-phosphate,C5H11O8P,[M-H]-,-1.0,229.0119,-1.0,144.0
666,AllCCS-32859911,Ribose 1-phosphate,C5H11O8P,[M+H]+,1.0,231.0264,1.0,150.2
667,AllCCS-32859911,Ribose 1-phosphate,C5H11O8P,[M-H]-,-1.0,229.0119,-1.0,140.1
668,DeepCCS-30932474,Ribose 1-phosphate,C5H11O8P,[M+H]+,1.0,231.0264,1.0,141.5
669,DeepCCS-30932474,Ribose 1-phosphate,C5H11O8P,[M-H]-,-1.0,229.0119,-1.0,139.2
670,DeepCCS-30932474,Ribose 1-phosphate,C5H11O8P,[M-2H]2-,,114.5059,,173.8
671,DeepCCS-30932474,Ribose 1-phosphate,C5H11O8P,[M+Na]+,1.0,253.0084,1.0,148.1
673,AllCCS-32859911,Ribose 1-phosphate,C5H11O8P,[M+H-H2O]+,1.0,213.0159,1.0,146.4
674,AllCCS-32859911,Ribose 1-phosphate,C5H11O8P,[M+NH4]+,1.0,248.053,1.0,153.7
675,AllCCS-32859911,Ribose 1-phosphate,C5H11O8P,[M+Na]+,1.0,253.0084,1.0,154.7
677,AllCCS-32859911,Ribose 1-phosphate,C5H11O8P,[M+Na-2H]-,-1.0,250.9938,-1.0,140.7
678,AllCCS-32859911,Ribose 1-phosphate,C5H11O8P,[M+HCOO]-,-1.0,275.0174,-1.0,141.5
679,DeepCCS-30932474,Methanethiol,CH4S,[M+H]+,1.0,49.0106,1.0,112.2
680,DeepCCS-30932474,Methanethiol,CH4S,[M-H]-,-1.0,46.9961,-1.0,110.4
681,DeepCCS-30932474,Methanethiol,CH4S,[M-2H]2-,,23.498,,145.6
682,DeepCCS-30932474,Methanethiol,CH4S,[M+Na]+,1.0,70.9926,1.0,119.0
683,DarkChem-31661259,"(R)-2,3-Dihydroxy-isovalerate",C5H10O4,[M+H]+,1.0,135.0652,1.0,128.9
684,DarkChem-31661259,"(R)-2,3-Dihydroxy-isovalerate",C5H10O4,[M-H]-,-1.0,133.0506,-1.0,124.2
685,DeepCCS-30932474,"(R)-2,3-Dihydroxy-isovalerate",C5H10O4,[M+H]+,1.0,135.0652,1.0,126.7
686,DeepCCS-30932474,"(R)-2,3-Dihydroxy-isovalerate",C5H10O4,[M-H]-,-1.0,133.0506,-1.0,122.9
687,DeepCCS-30932474,"(R)-2,3-Dihydroxy-isovalerate",C5H10O4,[M-2H]2-,,66.5253,,160.2
688,DeepCCS-30932474,"(R)-2,3-Dihydroxy-isovalerate",C5H10O4,[M+Na]+,1.0,157.0471,1.0,135.6
689,AllCCS-32859911,"(R)-2,3-Dihydroxy-isovalerate",C5H10O4,[M+H]+,1.0,135.0652,1.0,131.8
690,AllCCS-32859911,"(R)-2,3-Dihydroxy-isovalerate",C5H10O4,[M+H-H2O]+,1.0,117.0546,1.0,127.8
691,AllCCS-32859911,"(R)-2,3-Dihydroxy-isovalerate",C5H10O4,[M+NH4]+,1.0,152.0917,1.0,135.6
692,AllCCS-32859911,"(R)-2,3-Dihydroxy-isovalerate",C5H10O4,[M+Na]+,1.0,157.0471,1.0,136.7
693,AllCCS-32859911,"(R)-2,3-Dihydroxy-isovalerate",C5H10O4,[M-H]-,-1.0,133.0506,-1.0,125.8
694,AllCCS-32859911,"(R)-2,3-Dihydroxy-isovalerate",C5H10O4,[M+Na-2H]-,-1.0,155.0326,-1.0,128.6
695,AllCCS-32859911,"(R)-2,3-Dihydroxy-isovalerate",C5H10O4,[M+HCOO]-,-1.0,179.0561,-1.0,131.7
696,DarkChem-31661259,CDP,C9H15N3O11P2,[M+H]+,1.0,404.0255,1.0,188.2
697,DarkChem-31661259,CDP,C9H15N3O11P2,[M-H]-,-1.0,402.0109,-1.0,179.2
698,AllCCS-32859911,CDP,C9H15N3O11P2,[M+H]+,1.0,404.0255,1.0,182.3
699,AllCCS-32859911,CDP,C9H15N3O11P2,[M-H]-,-1.0,402.0109,-1.0,175.2
700,DeepCCS-30932474,CDP,C9H15N3O11P2,[M+H]+,1.0,404.0255,1.0,164.8
701,DeepCCS-30932474,CDP,C9H15N3O11P2,[M-H]-,-1.0,402.0109,-1.0,162.3
702,DeepCCS-30932474,CDP,C9H15N3O11P2,[M-2H]2-,,201.0055,,197.0
703,DeepCCS-30932474,CDP,C9H15N3O11P2,[M+Na]+,1.0,426.0074,1.0,172.4
705,AllCCS-32859911,CDP,C9H15N3O11P2,[M+H-H2O]+,1.0,386.0149,1.0,179.8
706,AllCCS-32859911,CDP,C9H15N3O11P2,[M+NH4]+,1.0,421.052,1.0,184.6
707,AllCCS-32859911,CDP,C9H15N3O11P2,[M+Na]+,1.0,426.0074,1.0,185.2
709,AllCCS-32859911,CDP,C9H15N3O11P2,[M+Na-2H]-,-1.0,423.9928,-1.0,175.2
710,AllCCS-32859911,CDP,C9H15N3O11P2,[M+HCOO]-,-1.0,448.0164,-1.0,175.4
711,DarkChem-31661259,5-Aminoimidazole ribonucleotide,C8H14N3O7P,[M+H]+,1.0,296.0642,1.0,165.7
712,DarkChem-31661259,5-Aminoimidazole ribonucleotide,C8H14N3O7P,[M-H]-,-1.0,294.0497,-1.0,158.3
713,AllCCS-32859911,5-Aminoimidazole ribonucleotide,C8H14N3O7P,[M+H]+,1.0,296.0642,1.0,164.7
714,AllCCS-32859911,5-Aminoimidazole ribonucleotide,C8H14N3O7P,[M-H]-,-1.0,294.0497,-1.0,158.2
715,DeepCCS-30932474,5-Aminoimidazole ribonucleotide,C8H14N3O7P,[M+H]+,1.0,296.0642,1.0,153.4
716,DeepCCS-30932474,5-Aminoimidazole ribonucleotide,C8H14N3O7P,[M-H]-,-1.0,294.0497,-1.0,151.0
717,DeepCCS-30932474,5-Aminoimidazole ribonucleotide,C8H14N3O7P,[M-2H]2-,,147.0248,,185.7
718,DeepCCS-30932474,5-Aminoimidazole ribonucleotide,C8H14N3O7P,[M+Na]+,1.0,318.0462,1.0,160.3
720,AllCCS-32859911,5-Aminoimidazole ribonucleotide,C8H14N3O7P,[M+H-H2O]+,1.0,278.0536,1.0,161.3
721,AllCCS-32859911,5-Aminoimidazole ribonucleotide,C8H14N3O7P,[M+NH4]+,1.0,313.0908,1.0,167.8
722,AllCCS-32859911,5-Aminoimidazole ribonucleotide,C8H14N3O7P,[M+Na]+,1.0,318.0462,1.0,168.7
724,AllCCS-32859911,5-Aminoimidazole ribonucleotide,C8H14N3O7P,[M+Na-2H]-,-1.0,316.0316,-1.0,158.1
725,AllCCS-32859911,5-Aminoimidazole ribonucleotide,C8H14N3O7P,[M+HCOO]-,-1.0,340.0551,-1.0,158.0
726,DeepCCS-30932474,N-Acetyl-L-glutamic acid,C7H11NO5,[M+H]+,1.0,190.071,1.0,135.4
727,DeepCCS-30932474,N-Acetyl-L-glutamic acid,C7H11NO5,[M-H]-,-1.0,188.0564,-1.0,132.5
728,DeepCCS-30932474,N-Acetyl-L-glutamic acid,C7H11NO5,[M-2H]2-,,94.0282,,169.0
729,DeepCCS-30932474,N-Acetyl-L-glutamic acid,C7H11NO5,[M+Na]+,1.0,212.0529,1.0,144.5
730,AllCCS-32859911,N-Acetyl-L-glutamic acid,C7H11NO5,[M+H]+,1.0,190.071,1.0,142.7
731,AllCCS-32859911,N-Acetyl-L-glutamic acid,C7H11NO5,[M+H-H2O]+,1.0,172.0604,1.0,139.0
732,AllCCS-32859911,N-Acetyl-L-glutamic acid,C7H11NO5,[M+NH4]+,1.0,207.0975,1.0,146.2
733,AllCCS-32859911,N-Acetyl-L-glutamic acid,C7H11NO5,[M+Na]+,1.0,212.0529,1.0,147.2
734,AllCCS-32859911,N-Acetyl-L-glutamic acid,C7H11NO5,[M-H]-,-1.0,188.0564,-1.0,137.6
735,AllCCS-32859911,N-Acetyl-L-glutamic acid,C7H11NO5,[M+Na-2H]-,-1.0,210.0384,-1.0,139.0
736,AllCCS-32859911,N-Acetyl-L-glutamic acid,C7H11NO5,[M+HCOO]-,-1.0,234.0619,-1.0,140.4
737,DarkChem-31661259,5-Phosphoribosylamine,C5H12NO7P,[M+H]+,1.0,230.0424,1.0,150.6
739,DarkChem-31661259,5-Phosphoribosylamine,C5H12NO7P,[M-H]-,-1.0,228.0279,-1.0,146.7
741,AllCCS-32859911,5-Phosphoribosylamine,C5H12NO7P,[M+H]+,1.0,230.0424,1.0,150.0
742,AllCCS-32859911,5-Phosphoribosylamine,C5H12NO7P,[M-H]-,-1.0,228.0279,-1.0,140.6
743,DeepCCS-30932474,5-Phosphoribosylamine,C5H12NO7P,[M+H]+,1.0,230.0424,1.0,142.0
744,DeepCCS-30932474,5-Phosphoribosylamine,C5H12NO7P,[M-H]-,-1.0,228.0279,-1.0,139.7
745,DeepCCS-30932474,5-Phosphoribosylamine,C5H12NO7P,[M-2H]2-,,114.0139,,174.5
746,DeepCCS-30932474,5-Phosphoribosylamine,C5H12NO7P,[M+Na]+,1.0,252.0244,1.0,148.7
748,AllCCS-32859911,5-Phosphoribosylamine,C5H12NO7P,[M+H-H2O]+,1.0,212.0318,1.0,146.2
749,AllCCS-32859911,5-Phosphoribosylamine,C5H12NO7P,[M+NH4]+,1.0,247.069,1.0,153.6
750,AllCCS-32859911,5-Phosphoribosylamine,C5H12NO7P,[M+Na]+,1.0,252.0244,1.0,154.6
752,AllCCS-32859911,5-Phosphoribosylamine,C5H12NO7P,[M+Na-2H]-,-1.0,250.0098,-1.0,141.2
753,AllCCS-32859911,5-Phosphoribosylamine,C5H12NO7P,[M+HCOO]-,-1.0,274.0333,-1.0,142.0
754,DarkChem-31661259,"(R)-2,3-Dihydroxy-3-methylvalerate",C6H12O4,[M+H]+,1.0,149.0808,1.0,132.1
755,DarkChem-31661259,"(R)-2,3-Dihydroxy-3-methylvalerate",C6H12O4,[M-H]-,-1.0,147.0663,-1.0,127.9
756,DeepCCS-30932474,"(R)-2,3-Dihydroxy-3-methylvalerate",C6H12O4,[M+H]+,1.0,149.0808,1.0,129.1
757,DeepCCS-30932474,"(R)-2,3-Dihydroxy-3-methylvalerate",C6H12O4,[M-H]-,-1.0,147.0663,-1.0,126.5
758,DeepCCS-30932474,"(R)-2,3-Dihydroxy-3-methylvalerate",C6H12O4,[M-2H]2-,,73.5331,,162.2
759,DeepCCS-30932474,"(R)-2,3-Dihydroxy-3-methylvalerate",C6H12O4,[M+Na]+,1.0,171.0628,1.0,137.5
760,AllCCS-32859911,"(R)-2,3-Dihydroxy-3-methylvalerate",C6H12O4,[M+H]+,1.0,149.0808,1.0,135.1
761,AllCCS-32859911,"(R)-2,3-Dihydroxy-3-methylvalerate",C6H12O4,[M+H-H2O]+,1.0,131.0703,1.0,131.1
762,AllCCS-32859911,"(R)-2,3-Dihydroxy-3-methylvalerate",C6H12O4,[M+NH4]+,1.0,166.1074,1.0,138.9
763,AllCCS-32859911,"(R)-2,3-Dihydroxy-3-methylvalerate",C6H12O4,[M+Na]+,1.0,171.0628,1.0,139.9
764,AllCCS-32859911,"(R)-2,3-Dihydroxy-3-methylvalerate",C6H12O4,[M-H]-,-1.0,147.0663,-1.0,129.3
765,AllCCS-32859911,"(R)-2,3-Dihydroxy-3-methylvalerate",C6H12O4,[M+Na-2H]-,-1.0,169.0482,-1.0,131.7
766,AllCCS-32859911,"(R)-2,3-Dihydroxy-3-methylvalerate",C6H12O4,[M+HCOO]-,-1.0,193.0718,-1.0,134.3
767,DarkChem-31661259,Palmitic acid,C16H32O2,[M+H]+,1.0,257.2475,1.0,167.4
768,DarkChem-31661259,Palmitic acid,C16H32O2,[M-H]-,-1.0,255.233,-1.0,167.3
769,AllCCS-32859911,Palmitic acid,C16H32O2,[M+H]+,1.0,257.2475,1.0,172.2
770,AllCCS-32859911,Palmitic acid,C16H32O2,[M-H]-,-1.0,255.233,-1.0,171.3
771,DeepCCS-30932474,Palmitic acid,C16H32O2,[M+H]+,1.0,257.2475,1.0,165.9
772,DeepCCS-30932474,Palmitic acid,C16H32O2,[M-H]-,-1.0,255.233,-1.0,161.9
773,DeepCCS-30932474,Palmitic acid,C16H32O2,[M-2H]2-,,127.6165,,199.1
774,DeepCCS-30932474,Palmitic acid,C16H32O2,[M+Na]+,1.0,279.2294,1.0,175.0
776,AllCCS-32859911,Palmitic acid,C16H32O2,[M+H-H2O]+,1.0,239.2369,1.0,169.0
777,AllCCS-32859911,Palmitic acid,C16H32O2,[M+NH4]+,1.0,274.2741,1.0,175.1
778,AllCCS-32859911,Palmitic acid,C16H32O2,[M+Na]+,1.0,279.2294,1.0,175.9
780,AllCCS-32859911,Palmitic acid,C16H32O2,[M+Na-2H]-,-1.0,277.2149,-1.0,172.4
781,AllCCS-32859911,Palmitic acid,C16H32O2,[M+HCOO]-,-1.0,301.2384,-1.0,173.8
782,DarkChem-31661259,Imidazole acetol-phosphate,C6H9N2O5P,[M+H]+,1.0,221.0322,1.0,148.6
783,DarkChem-31661259,Imidazole acetol-phosphate,C6H9N2O5P,[M-H]-,-1.0,219.0176,-1.0,145.8
784,DeepCCS-30932474,Imidazole acetol-phosphate,C6H9N2O5P,[M+H]+,1.0,221.0322,1.0,124.5
785,DeepCCS-30932474,Imidazole acetol-phosphate,C6H9N2O5P,[M-H]-,-1.0,219.0176,-1.0,122.3
786,DeepCCS-30932474,Imidazole acetol-phosphate,C6H9N2O5P,[M-2H]2-,,109.5088,,158.2
787,DeepCCS-30932474,Imidazole acetol-phosphate,C6H9N2O5P,[M+Na]+,1.0,243.0141,1.0,133.4
788,AllCCS-32859911,Imidazole acetol-phosphate,C6H9N2O5P,[M+H]+,1.0,221.0322,1.0,146.2
789,AllCCS-32859911,Imidazole acetol-phosphate,C6H9N2O5P,[M+H-H2O]+,1.0,203.0216,1.0,142.3
790,AllCCS-32859911,Imidazole acetol-phosphate,C6H9N2O5P,[M+NH4]+,1.0,238.0587,1.0,149.8
791,AllCCS-32859911,Imidazole acetol-phosphate,C6H9N2O5P,[M+Na]+,1.0,243.0141,1.0,150.8
792,AllCCS-32859911,Imidazole acetol-phosphate,C6H9N2O5P,[M-H]-,-1.0,219.0176,-1.0,141.2
793,AllCCS-32859911,Imidazole acetol-phosphate,C6H9N2O5P,[M+Na-2H]-,-1.0,240.9996,-1.0,141.8
794,AllCCS-32859911,Imidazole acetol-phosphate,C6H9N2O5P,[M+HCOO]-,-1.0,265.0231,-1.0,142.7
795,DarkChem-31661259,2-Ketobutyric acid,C4H6O3,[M+H]+,1.0,103.039,1.0,121.3
796,DarkChem-31661259,2-Ketobutyric acid,C4H6O3,[M-H]-,-1.0,101.0244,-1.0,114.5
797,AllCCS-32859911,2-Ketobutyric acid,C4H6O3,[M+H]+,1.0,103.039,1.0,126.3
798,AllCCS-32859911,2-Ketobutyric acid,C4H6O3,[M-H]-,-1.0,101.0244,-1.0,123.1
799,DeepCCS-30932474,2-Ketobutyric acid,C4H6O3,[M+H]+,1.0,103.039,1.0,126.7
800,DeepCCS-30932474,2-Ketobutyric acid,C4H6O3,[M-H]-,-1.0,101.0244,-1.0,123.9
801,DeepCCS-30932474,2-Ketobutyric acid,C4H6O3,[M-2H]2-,,50.5122,,160.4
802,DeepCCS-30932474,2-Ketobutyric acid,C4H6O3,[M+Na]+,1.0,125.0209,1.0,134.9
804,AllCCS-32859911,2-Ketobutyric acid,C4H6O3,[M+H-H2O]+,1.0,85.0284,1.0,121.9
805,AllCCS-32859911,2-Ketobutyric acid,C4H6O3,[M+NH4]+,1.0,120.0655,1.0,130.4
806,AllCCS-32859911,2-Ketobutyric acid,C4H6O3,[M+Na]+,1.0,125.0209,1.0,131.5
808,AllCCS-32859911,2-Ketobutyric acid,C4H6O3,[M+Na-2H]-,-1.0,123.0064,-1.0,126.9
809,AllCCS-32859911,2-Ketobutyric acid,C4H6O3,[M+HCOO]-,-1.0,147.0299,-1.0,131.2
810,DarkChem-31661259,D-Galactose,C6H12O6,[M+H]+,1.0,181.0707,1.0,140.2
811,DarkChem-31661259,D-Galactose,C6H12O6,[M-H]-,-1.0,179.0561,-1.0,136.2
812,AllCCS-32859911,D-Galactose,C6H12O6,[M+H]+,1.0,181.0707,1.0,140.8
813,AllCCS-32859911,D-Galactose,C6H12O6,[M-H]-,-1.0,179.0561,-1.0,131.8
814,DeepCCS-30932474,D-Galactose,C6H12O6,[M+H]+,1.0,181.0707,1.0,141.3
815,DeepCCS-30932474,D-Galactose,C6H12O6,[M-H]-,-1.0,179.0561,-1.0,138.9
816,DeepCCS-30932474,D-Galactose,C6H12O6,[M-2H]2-,,89.5281,,173.4
817,DeepCCS-30932474,D-Galactose,C6H12O6,[M+Na]+,1.0,203.0526,1.0,147.7
819,AllCCS-32859911,D-Galactose,C6H12O6,[M+H-H2O]+,1.0,163.0601,1.0,136.7
820,AllCCS-32859911,D-Galactose,C6H12O6,[M+NH4]+,1.0,198.0972,1.0,144.7
821,AllCCS-32859911,D-Galactose,C6H12O6,[M+Na]+,1.0,203.0526,1.0,145.8
823,AllCCS-32859911,D-Galactose,C6H12O6,[M+Na-2H]-,-1.0,201.0381,-1.0,132.8
824,AllCCS-32859911,D-Galactose,C6H12O6,[M+HCOO]-,-1.0,225.0616,-1.0,134.0
825,DarkChem-31661259,Glycerol 3-phosphate,C3H9O6P,[M+H]+,1.0,173.021,1.0,135.4
826,DarkChem-31661259,Glycerol 3-phosphate,C3H9O6P,[M-H]-,-1.0,171.0064,-1.0,129.0
827,AllCCS-32859911,Glycerol 3-phosphate,C3H9O6P,[M+H]+,1.0,173.021,1.0,138.4
828,AllCCS-32859911,Glycerol 3-phosphate,C3H9O6P,[M-H]-,-1.0,171.0064,-1.0,130.3
829,DeepCCS-30932474,Glycerol 3-phosphate,C3H9O6P,[M+H]+,1.0,173.021,1.0,127.5
830,DeepCCS-30932474,Glycerol 3-phosphate,C3H9O6P,[M-H]-,-1.0,171.0064,-1.0,123.7
831,DeepCCS-30932474,Glycerol 3-phosphate,C3H9O6P,[M-2H]2-,,85.5032,,161.2
832,DeepCCS-30932474,Glycerol 3-phosphate,C3H9O6P,[M+Na]+,1.0,195.0029,1.0,136.5
834,AllCCS-32859911,Glycerol 3-phosphate,C3H9O6P,[M+H-H2O]+,1.0,155.0104,1.0,134.5
835,AllCCS-32859911,Glycerol 3-phosphate,C3H9O6P,[M+NH4]+,1.0,190.0475,1.0,142.0
836,AllCCS-32859911,Glycerol 3-phosphate,C3H9O6P,[M+Na]+,1.0,195.0029,1.0,143.0
838,AllCCS-32859911,Glycerol 3-phosphate,C3H9O6P,[M+Na-2H]-,-1.0,192.9883,-1.0,132.6
839,AllCCS-32859911,Glycerol 3-phosphate,C3H9O6P,[M+HCOO]-,-1.0,217.0119,-1.0,135.2
840,DeepCCS-30932474,Cyanide,CHN,[M+H]+,1.0,28.0182,1.0,115.1
841,DeepCCS-30932474,Cyanide,CHN,[M-H]-,-1.0,26.0036,-1.0,113.3
842,DeepCCS-30932474,Cyanide,CHN,[M-2H]2-,,13.0018,,148.9
843,DeepCCS-30932474,Cyanide,CHN,[M+Na]+,1.0,50.0001,1.0,122.8
844,DarkChem-31661259,Dethiobiotin,C10H18N2O3,[M+H]+,1.0,215.139,1.0,149.7
845,DarkChem-31661259,Dethiobiotin,C10H18N2O3,[M-H]-,-1.0,213.1245,-1.0,148.9
846,DeepCCS-30932474,Dethiobiotin,C10H18N2O3,[M+H]+,1.0,215.139,1.0,149.6
847,DeepCCS-30932474,Dethiobiotin,C10H18N2O3,[M-H]-,-1.0,213.1245,-1.0,147.2
848,DeepCCS-30932474,Dethiobiotin,C10H18N2O3,[M-2H]2-,,106.5622,,180.4
849,DeepCCS-30932474,Dethiobiotin,C10H18N2O3,[M+Na]+,1.0,237.121,1.0,155.5
850,AllCCS-32859911,Dethiobiotin,C10H18N2O3,[M+H]+,1.0,215.139,1.0,150.8
851,AllCCS-32859911,Dethiobiotin,C10H18N2O3,[M+H-H2O]+,1.0,197.1285,1.0,147.1
852,AllCCS-32859911,Dethiobiotin,C10H18N2O3,[M+NH4]+,1.0,232.1656,1.0,154.3
853,AllCCS-32859911,Dethiobiotin,C10H18N2O3,[M+Na]+,1.0,237.121,1.0,155.3
854,AllCCS-32859911,Dethiobiotin,C10H18N2O3,[M-H]-,-1.0,213.1245,-1.0,152.0
855,AllCCS-32859911,Dethiobiotin,C10H18N2O3,[M+Na-2H]-,-1.0,235.1064,-1.0,152.7
856,AllCCS-32859911,Dethiobiotin,C10H18N2O3,[M+HCOO]-,-1.0,259.1299,-1.0,153.6
857,DarkChem-31661259,DL-O-Phosphoserine,C3H8NO6P,[M+H]+,1.0,186.0162,1.0,139.1
858,DarkChem-31661259,DL-O-Phosphoserine,C3H8NO6P,[M-H]-,-1.0,184.0016,-1.0,131.8
859,AllCCS-32859911,DL-O-Phosphoserine,C3H8NO6P,[M+H]+,1.0,186.0162,1.0,140.6
860,AllCCS-32859911,DL-O-Phosphoserine,C3H8NO6P,[M-H]-,-1.0,184.0016,-1.0,130.6
861,DeepCCS-30932474,DL-O-Phosphoserine,C3H8NO6P,[M+H]+,1.0,186.0162,1.0,126.5
862,DeepCCS-30932474,DL-O-Phosphoserine,C3H8NO6P,[M-H]-,-1.0,184.0016,-1.0,122.9
863,DeepCCS-30932474,DL-O-Phosphoserine,C3H8NO6P,[M-2H]2-,,92.0008,,160.2
864,DeepCCS-30932474,DL-O-Phosphoserine,C3H8NO6P,[M+Na]+,1.0,207.9981,1.0,135.3
866,AllCCS-32859911,DL-O-Phosphoserine,C3H8NO6P,[M+H-H2O]+,1.0,168.0056,1.0,136.8
867,AllCCS-32859911,DL-O-Phosphoserine,C3H8NO6P,[M+NH4]+,1.0,203.0427,1.0,144.1
868,AllCCS-32859911,DL-O-Phosphoserine,C3H8NO6P,[M+Na]+,1.0,207.9981,1.0,145.1
870,AllCCS-32859911,DL-O-Phosphoserine,C3H8NO6P,[M+Na-2H]-,-1.0,205.9836,-1.0,132.5
871,AllCCS-32859911,DL-O-Phosphoserine,C3H8NO6P,[M+HCOO]-,-1.0,230.0071,-1.0,134.6
872,DarkChem-31661259,5-Amino-1-(5-phospho-D-ribosyl)imidazole-4-carboxylic acid,C9H14N3O9P,[M+H]+,1.0,340.054,1.0,174.7
873,DarkChem-31661259,5-Amino-1-(5-phospho-D-ribosyl)imidazole-4-carboxylic acid,C9H14N3O9P,[M-H]-,-1.0,338.0395,-1.0,169.1
874,DeepCCS-30932474,5-Amino-1-(5-phospho-D-ribosyl)imidazole-4-carboxylic acid,C9H14N3O9P,[M+H]+,1.0,340.054,1.0,166.1
875,DeepCCS-30932474,5-Amino-1-(5-phospho-D-ribosyl)imidazole-4-carboxylic acid,C9H14N3O9P,[M-H]-,-1.0,338.0395,-1.0,163.7
876,DeepCCS-30932474,5-Amino-1-(5-phospho-D-ribosyl)imidazole-4-carboxylic acid,C9H14N3O9P,[M-2H]2-,,169.0197,,197.8
877,DeepCCS-30932474,5-Amino-1-(5-phospho-D-ribosyl)imidazole-4-carboxylic acid,C9H14N3O9P,[M+Na]+,1.0,362.036,1.0,172.3
878,AllCCS-32859911,5-Amino-1-(5-phospho-D-ribosyl)imidazole-4-carboxylic acid,C9H14N3O9P,[M+H]+,1.0,340.054,1.0,172.4
879,AllCCS-32859911,5-Amino-1-(5-phospho-D-ribosyl)imidazole-4-carboxylic acid,C9H14N3O9P,[M+H-H2O]+,1.0,322.0435,1.0,169.4
880,AllCCS-32859911,5-Amino-1-(5-phospho-D-ribosyl)imidazole-4-carboxylic acid,C9H14N3O9P,[M+NH4]+,1.0,357.0806,1.0,175.1
881,AllCCS-32859911,5-Amino-1-(5-phospho-D-ribosyl)imidazole-4-carboxylic acid,C9H14N3O9P,[M+Na]+,1.0,362.036,1.0,175.9
882,AllCCS-32859911,5-Amino-1-(5-phospho-D-ribosyl)imidazole-4-carboxylic acid,C9H14N3O9P,[M-H]-,-1.0,338.0395,-1.0,166.9
883,AllCCS-32859911,5-Amino-1-(5-phospho-D-ribosyl)imidazole-4-carboxylic acid,C9H14N3O9P,[M+Na-2H]-,-1.0,360.0214,-1.0,166.7
884,AllCCS-32859911,5-Amino-1-(5-phospho-D-ribosyl)imidazole-4-carboxylic acid,C9H14N3O9P,[M+HCOO]-,-1.0,384.045,-1.0,166.5
885,DarkChem-31661259,Fructose 6-phosphate,C6H13O9P,[M+H]+,1.0,261.037,1.0,161.0
886,DarkChem-31661259,Fructose 6-phosphate,C6H13O9P,[M-H]-,-1.0,259.0224,-1.0,153.4
887,AllCCS-32859911,Fructose 6-phosphate,C6H13O9P,[M+H]+,1.0,261.037,1.0,154.5
888,AllCCS-32859911,Fructose 6-phosphate,C6H13O9P,[M-H]-,-1.0,259.0224,-1.0,146.9
889,DeepCCS-30932474,Fructose 6-phosphate,C6H13O9P,[M+H]+,1.0,261.037,1.0,150.7
890,DeepCCS-30932474,Fructose 6-phosphate,C6H13O9P,[M-H]-,-1.0,259.0224,-1.0,148.3
891,DeepCCS-30932474,Fructose 6-phosphate,C6H13O9P,[M-2H]2-,,129.5112,,181.2
892,DeepCCS-30932474,Fructose 6-phosphate,C6H13O9P,[M+Na]+,1.0,283.0189,1.0,156.6
894,AllCCS-32859911,Fructose 6-phosphate,C6H13O9P,[M+H-H2O]+,1.0,243.0264,1.0,151.1
895,AllCCS-32859911,Fructose 6-phosphate,C6H13O9P,[M+NH4]+,1.0,278.0635,1.0,157.5
896,AllCCS-32859911,Fructose 6-phosphate,C6H13O9P,[M+Na]+,1.0,283.0189,1.0,158.4
898,AllCCS-32859911,Fructose 6-phosphate,C6H13O9P,[M+Na-2H]-,-1.0,281.0044,-1.0,147.4
899,AllCCS-32859911,Fructose 6-phosphate,C6H13O9P,[M+HCOO]-,-1.0,305.0279,-1.0,148.1
900,DarkChem-31661259,Dihydrofolic acid,C19H21N7O6,[M+H]+,1.0,444.1626,1.0,200.4
901,DarkChem-31661259,Dihydrofolic acid,C19H21N7O6,[M-H]-,-1.0,442.1481,-1.0,194.8
902,AllCCS-32859911,Dihydrofolic acid,C19H21N7O6,[M+H]+,1.0,444.1626,1.0,197.4
903,AllCCS-32859911,Dihydrofolic acid,C19H21N7O6,[M-H]-,-1.0,442.1481,-1.0,195.3
904,DeepCCS-30932474,Dihydrofolic acid,C19H21N7O6,[M+H]+,1.0,444.1626,1.0,200.1
905,DeepCCS-30932474,Dihydrofolic acid,C19H21N7O6,[M-H]-,-1.0,442.1481,-1.0,197.7
906,DeepCCS-30932474,Dihydrofolic acid,C19H21N7O6,[M-2H]2-,,221.074,,230.6
907,DeepCCS-30932474,Dihydrofolic acid,C19H21N7O6,[M+Na]+,1.0,466.1445,1.0,206.1
909,AllCCS-32859911,Dihydrofolic acid,C19H21N7O6,[M+H-H2O]+,1.0,426.152,1.0,195.4
910,AllCCS-32859911,Dihydrofolic acid,C19H21N7O6,[M+NH4]+,1.0,461.1892,1.0,199.2
911,AllCCS-32859911,Dihydrofolic acid,C19H21N7O6,[M+Na]+,1.0,466.1445,1.0,199.7
913,AllCCS-32859911,Dihydrofolic acid,C19H21N7O6,[M+Na-2H]-,-1.0,464.13,-1.0,195.8
914,AllCCS-32859911,Dihydrofolic acid,C19H21N7O6,[M+HCOO]-,-1.0,488.1535,-1.0,196.5
915,DarkChem-31661259,10-Formyltetrahydrofolate,C20H23N7O7,[M+H]+,1.0,474.1732,1.0,210.2
916,DarkChem-31661259,10-Formyltetrahydrofolate,C20H23N7O7,[M-H]-,-1.0,472.1586,-1.0,202.0
917,AllCCS-32859911,10-Formyltetrahydrofolate,C20H23N7O7,[M+H]+,1.0,474.1732,1.0,203.5
918,AllCCS-32859911,10-Formyltetrahydrofolate,C20H23N7O7,[M-H]-,-1.0,472.1586,-1.0,200.2
919,DeepCCS-30932474,10-Formyltetrahydrofolate,C20H23N7O7,[M+H]+,1.0,474.1732,1.0,203.1
920,DeepCCS-30932474,10-Formyltetrahydrofolate,C20H23N7O7,[M-H]-,-1.0,472.1586,-1.0,200.7
921,DeepCCS-30932474,10-Formyltetrahydrofolate,C20H23N7O7,[M-2H]2-,,236.0793,,233.6
922,DeepCCS-30932474,10-Formyltetrahydrofolate,C20H23N7O7,[M+Na]+,1.0,496.1551,1.0,209.0
924,AllCCS-32859911,10-Formyltetrahydrofolate,C20H23N7O7,[M+H-H2O]+,1.0,456.1626,1.0,201.7
925,AllCCS-32859911,10-Formyltetrahydrofolate,C20H23N7O7,[M+NH4]+,1.0,491.1997,1.0,205.0
926,AllCCS-32859911,10-Formyltetrahydrofolate,C20H23N7O7,[M+Na]+,1.0,496.1551,1.0,205.5
928,AllCCS-32859911,10-Formyltetrahydrofolate,C20H23N7O7,[M+Na-2H]-,-1.0,494.1406,-1.0,201.0
929,AllCCS-32859911,10-Formyltetrahydrofolate,C20H23N7O7,[M+HCOO]-,-1.0,518.1641,-1.0,201.9
930,DeepCCS-30932474,Tetrahydropteroyltri-L-glutamic acid,C29H37N9O12,[M+H]+,1.0,704.2634,1.0,241.8
931,DeepCCS-30932474,Tetrahydropteroyltri-L-glutamic acid,C29H37N9O12,[M-H]-,-1.0,702.2489,-1.0,240.0
932,DeepCCS-30932474,Tetrahydropteroyltri-L-glutamic acid,C29H37N9O12,[M-2H]2-,,351.1244,,273.9
933,DeepCCS-30932474,Tetrahydropteroyltri-L-glutamic acid,C29H37N9O12,[M+Na]+,1.0,726.2454,1.0,247.7
934,AllCCS-32859911,Tetrahydropteroyltri-L-glutamic acid,C29H37N9O12,[M+H]+,1.0,704.2634,1.0,240.7
935,AllCCS-32859911,Tetrahydropteroyltri-L-glutamic acid,C29H37N9O12,[M+H-H2O]+,1.0,686.2529,1.0,240.6
936,AllCCS-32859911,Tetrahydropteroyltri-L-glutamic acid,C29H37N9O12,[M+NH4]+,1.0,721.29,1.0,240.8
937,AllCCS-32859911,Tetrahydropteroyltri-L-glutamic acid,C29H37N9O12,[M+Na]+,1.0,726.2454,1.0,240.8
938,AllCCS-32859911,Tetrahydropteroyltri-L-glutamic acid,C29H37N9O12,[M-H]-,-1.0,702.2489,-1.0,238.6
939,AllCCS-32859911,Tetrahydropteroyltri-L-glutamic acid,C29H37N9O12,[M+Na-2H]-,-1.0,724.2308,-1.0,241.8
940,AllCCS-32859911,Tetrahydropteroyltri-L-glutamic acid,C29H37N9O12,[M+HCOO]-,-1.0,748.2544,-1.0,245.3
941,DarkChem-31661259,Carbamoyl phosphate,CH4NO5P,[M+H]+,1.0,141.99,1.0,127.2
942,DarkChem-31661259,Carbamoyl phosphate,CH4NO5P,[M-H]-,-1.0,139.9754,-1.0,120.1
943,AllCCS-32859911,Carbamoyl phosphate,CH4NO5P,[M+H]+,1.0,141.99,1.0,134.4
944,AllCCS-32859911,Carbamoyl phosphate,CH4NO5P,[M-H]-,-1.0,139.9754,-1.0,123.9
945,DeepCCS-30932474,Carbamoyl phosphate,CH4NO5P,[M+H]+,1.0,141.99,1.0,113.5
946,DeepCCS-30932474,Carbamoyl phosphate,CH4NO5P,[M-H]-,-1.0,139.9754,-1.0,110.8
947,DeepCCS-30932474,Carbamoyl phosphate,CH4NO5P,[M-2H]2-,,69.9877,,147.4
948,DeepCCS-30932474,Carbamoyl phosphate,CH4NO5P,[M+Na]+,1.0,163.9719,1.0,122.0
950,AllCCS-32859911,Carbamoyl phosphate,CH4NO5P,[M+H-H2O]+,1.0,123.9794,1.0,130.4
951,AllCCS-32859911,Carbamoyl phosphate,CH4NO5P,[M+NH4]+,1.0,159.0165,1.0,138.2
952,AllCCS-32859911,Carbamoyl phosphate,CH4NO5P,[M+Na]+,1.0,163.9719,1.0,139.2
954,AllCCS-32859911,Carbamoyl phosphate,CH4NO5P,[M+Na-2H]-,-1.0,161.9574,-1.0,127.3
955,AllCCS-32859911,Carbamoyl phosphate,CH4NO5P,[M+HCOO]-,-1.0,185.9809,-1.0,131.0
956,DarkChem-31661259,5-Aminolevulinic acid,C5H9NO3,[M+H]+,1.0,132.0655,1.0,128.8
957,DarkChem-31661259,5-Aminolevulinic acid,C5H9NO3,[M-H]-,-1.0,130.051,-1.0,123.6
958,AllCCS-32859911,5-Aminolevulinic acid,C5H9NO3,[M+H]+,1.0,132.0655,1.0,130.0
959,AllCCS-32859911,5-Aminolevulinic acid,C5H9NO3,[M-H]-,-1.0,130.051,-1.0,125.9
960,DeepCCS-30932474,5-Aminolevulinic acid,C5H9NO3,[M+H]+,1.0,132.0655,1.0,127.0
961,DeepCCS-30932474,5-Aminolevulinic acid,C5H9NO3,[M-H]-,-1.0,130.051,-1.0,124.2
962,DeepCCS-30932474,5-Aminolevulinic acid,C5H9NO3,[M-2H]2-,,65.0255,,160.6
963,DeepCCS-30932474,5-Aminolevulinic acid,C5H9NO3,[M+Na]+,1.0,154.0475,1.0,135.5
965,AllCCS-32859911,5-Aminolevulinic acid,C5H9NO3,[M+H-H2O]+,1.0,114.055,1.0,125.9
966,AllCCS-32859911,5-Aminolevulinic acid,C5H9NO3,[M+NH4]+,1.0,149.0921,1.0,133.9
967,AllCCS-32859911,5-Aminolevulinic acid,C5H9NO3,[M+Na]+,1.0,154.0475,1.0,135.0
969,AllCCS-32859911,5-Aminolevulinic acid,C5H9NO3,[M+Na-2H]-,-1.0,152.0329,-1.0,128.5
970,AllCCS-32859911,5-Aminolevulinic acid,C5H9NO3,[M+HCOO]-,-1.0,176.0564,-1.0,131.4
971,DarkChem-31661259,Coproporphyrinogen III,C36H44N4O8,[M+H]+,1.0,661.3232,1.0,254.5
972,DarkChem-31661259,Coproporphyrinogen III,C36H44N4O8,[M-H]-,-1.0,659.3086,-1.0,241.9
973,AllCCS-32859911,Coproporphyrinogen III,C36H44N4O8,[M+H]+,1.0,661.3232,1.0,251.7
974,AllCCS-32859911,Coproporphyrinogen III,C36H44N4O8,[M-H]-,-1.0,659.3086,-1.0,252.2
975,DeepCCS-30932474,Coproporphyrinogen III,C36H44N4O8,[M+H]+,1.0,661.3232,1.0,247.2
976,DeepCCS-30932474,Coproporphyrinogen III,C36H44N4O8,[M-H]-,-1.0,659.3086,-1.0,244.9
977,DeepCCS-30932474,Coproporphyrinogen III,C36H44N4O8,[M-2H]2-,,329.6543,,278.0
978,DeepCCS-30932474,Coproporphyrinogen III,C36H44N4O8,[M+Na]+,1.0,683.3051,1.0,252.9
980,AllCCS-32859911,Coproporphyrinogen III,C36H44N4O8,[M+H-H2O]+,1.0,643.3126,1.0,250.8
981,AllCCS-32859911,Coproporphyrinogen III,C36H44N4O8,[M+NH4]+,1.0,678.3497,1.0,252.5
982,AllCCS-32859911,Coproporphyrinogen III,C36H44N4O8,[M+Na]+,1.0,683.3051,1.0,252.7
984,AllCCS-32859911,Coproporphyrinogen III,C36H44N4O8,[M+Na-2H]-,-1.0,681.2906,-1.0,255.7
985,AllCCS-32859911,Coproporphyrinogen III,C36H44N4O8,[M+HCOO]-,-1.0,705.3141,-1.0,259.6
986,DarkChem-31661259,Flavin mononucleotide,C17H21N4O9P,[M+H]+,1.0,457.1119,1.0,201.6
987,DarkChem-31661259,Flavin mononucleotide,C17H21N4O9P,[M-H]-,-1.0,455.0973,-1.0,191.2
988,AllCCS-32859911,Flavin mononucleotide,C17H21N4O9P,[M+H]+,1.0,457.1119,1.0,199.4
989,AllCCS-32859911,Flavin mononucleotide,C17H21N4O9P,[M-H]-,-1.0,455.0973,-1.0,194.2
990,DeepCCS-30932474,Flavin mononucleotide,C17H21N4O9P,[M+H]+,1.0,457.1119,1.0,188.3
991,DeepCCS-30932474,Flavin mononucleotide,C17H21N4O9P,[M-H]-,-1.0,455.0973,-1.0,185.9
992,DeepCCS-30932474,Flavin mononucleotide,C17H21N4O9P,[M-2H]2-,,227.5487,,218.7
993,DeepCCS-30932474,Flavin mononucleotide,C17H21N4O9P,[M+Na]+,1.0,479.0938,1.0,195.0
995,AllCCS-32859911,Flavin mononucleotide,C17H21N4O9P,[M+H-H2O]+,1.0,439.1013,1.0,197.4
996,AllCCS-32859911,Flavin mononucleotide,C17H21N4O9P,[M+NH4]+,1.0,474.1384,1.0,201.2
997,AllCCS-32859911,Flavin mononucleotide,C17H21N4O9P,[M+Na]+,1.0,479.0938,1.0,201.8
999,AllCCS-32859911,Flavin mononucleotide,C17H21N4O9P,[M+Na-2H]-,-1.0,477.0793,-1.0,194.6
1000,AllCCS-32859911,Flavin mononucleotide,C17H21N4O9P,[M+HCOO]-,-1.0,501.1028,-1.0,195.2
1001,DarkChem-31661259,Citric acid,C6H8O7,[M+H]+,1.0,193.0343,1.0,142.5
1002,DarkChem-31661259,Citric acid,C6H8O7,[M-H]-,-1.0,191.0197,-1.0,137.3
1003,AllCCS-32859911,Citric acid,C6H8O7,[M+H]+,1.0,193.0343,1.0,141.1
1004,AllCCS-32859911,Citric acid,C6H8O7,[M-H]-,-1.0,191.0197,-1.0,132.8
1005,DeepCCS-30932474,Citric acid,C6H8O7,[M+H]+,1.0,193.0343,1.0,133.9
1006,DeepCCS-30932474,Citric acid,C6H8O7,[M-H]-,-1.0,191.0197,-1.0,130.2
1007,DeepCCS-30932474,Citric acid,C6H8O7,[M-2H]2-,,95.5099,,167.8
1008,DeepCCS-30932474,Citric acid,C6H8O7,[M+Na]+,1.0,215.0162,1.0,143.4
1010,AllCCS-32859911,Citric acid,C6H8O7,[M+H-H2O]+,1.0,175.0237,1.0,137.3
1011,AllCCS-32859911,Citric acid,C6H8O7,[M+NH4]+,1.0,210.0608,1.0,144.5
1012,AllCCS-32859911,Citric acid,C6H8O7,[M+Na]+,1.0,215.0162,1.0,145.5
1014,AllCCS-32859911,Citric acid,C6H8O7,[M+Na-2H]-,-1.0,213.0017,-1.0,134.0
1015,AllCCS-32859911,Citric acid,C6H8O7,[M+HCOO]-,-1.0,237.0252,-1.0,135.3
1016,DarkChem-31661259,L-Iditol,C6H14O6,[M+H]+,1.0,183.0863,1.0,139.8
1017,DarkChem-31661259,L-Iditol,C6H14O6,[M-H]-,-1.0,181.0718,-1.0,136.2
1018,DeepCCS-30932474,L-Iditol,C6H14O6,[M+H]+,1.0,183.0863,1.0,146.9
1019,DeepCCS-30932474,L-Iditol,C6H14O6,[M-H]-,-1.0,181.0718,-1.0,144.5
1020,DeepCCS-30932474,L-Iditol,C6H14O6,[M-2H]2-,,90.5359,,177.6
1021,DeepCCS-30932474,L-Iditol,C6H14O6,[M+Na]+,1.0,205.0683,1.0,152.8
1022,AllCCS-32859911,L-Iditol,C6H14O6,[M+H]+,1.0,183.0863,1.0,141.6
1023,AllCCS-32859911,L-Iditol,C6H14O6,[M+H-H2O]+,1.0,165.0757,1.0,137.8
1024,AllCCS-32859911,L-Iditol,C6H14O6,[M+NH4]+,1.0,200.1129,1.0,145.1
1025,AllCCS-32859911,L-Iditol,C6H14O6,[M+Na]+,1.0,205.0683,1.0,146.1
1026,AllCCS-32859911,L-Iditol,C6H14O6,[M-H]-,-1.0,181.0718,-1.0,132.9
1027,AllCCS-32859911,L-Iditol,C6H14O6,[M+Na-2H]-,-1.0,203.0537,-1.0,134.4
1028,AllCCS-32859911,L-Iditol,C6H14O6,[M+HCOO]-,-1.0,227.0772,-1.0,136.0
1029,DarkChem-31661259,Ubiquinone-1,C14H18O4,[M+H]+,1.0,251.1278,1.0,161.0
1030,DarkChem-31661259,Ubiquinone-1,C14H18O4,[M-H]-,-1.0,249.1132,-1.0,162.4
1031,DeepCCS-30932474,Ubiquinone-1,C14H18O4,[M+H]+,1.0,251.1278,1.0,163.5
1032,DeepCCS-30932474,Ubiquinone-1,C14H18O4,[M-H]-,-1.0,249.1132,-1.0,161.2
1033,DeepCCS-30932474,Ubiquinone-1,C14H18O4,[M-2H]2-,,124.5566,,194.0
1034,DeepCCS-30932474,Ubiquinone-1,C14H18O4,[M+Na]+,1.0,273.1097,1.0,169.6
1035,AllCCS-32859911,Ubiquinone-1,C14H18O4,[M+H]+,1.0,251.1278,1.0,157.5
1036,AllCCS-32859911,Ubiquinone-1,C14H18O4,[M+H-H2O]+,1.0,233.1172,1.0,153.9
1037,AllCCS-32859911,Ubiquinone-1,C14H18O4,[M+NH4]+,1.0,268.1543,1.0,160.8
1038,AllCCS-32859911,Ubiquinone-1,C14H18O4,[M+Na]+,1.0,273.1097,1.0,161.8
1039,AllCCS-32859911,Ubiquinone-1,C14H18O4,[M-H]-,-1.0,249.1132,-1.0,162.1
1040,AllCCS-32859911,Ubiquinone-1,C14H18O4,[M+Na-2H]-,-1.0,271.0952,-1.0,162.6
1041,AllCCS-32859911,Ubiquinone-1,C14H18O4,[M+HCOO]-,-1.0,295.1187,-1.0,163.3
1042,DarkChem-31661259,D-Erythro-imidazole-glycerol-phosphate,C6H11N2O6P,[M+H]+,1.0,239.0427,1.0,153.8
1043,DarkChem-31661259,D-Erythro-imidazole-glycerol-phosphate,C6H11N2O6P,[M-H]-,-1.0,237.0282,-1.0,147.7
1044,DeepCCS-30932474,D-Erythro-imidazole-glycerol-phosphate,C6H11N2O6P,[M+H]+,1.0,239.0427,1.0,141.1
1045,DeepCCS-30932474,D-Erythro-imidazole-glycerol-phosphate,C6H11N2O6P,[M-H]-,-1.0,237.0282,-1.0,138.8
1046,DeepCCS-30932474,D-Erythro-imidazole-glycerol-phosphate,C6H11N2O6P,[M-2H]2-,,118.5141,,171.9
1047,DeepCCS-30932474,D-Erythro-imidazole-glycerol-phosphate,C6H11N2O6P,[M+Na]+,1.0,261.0247,1.0,147.1
1048,AllCCS-32859911,D-Erythro-imidazole-glycerol-phosphate,C6H11N2O6P,[M+H]+,1.0,239.0427,1.0,151.6
1049,AllCCS-32859911,D-Erythro-imidazole-glycerol-phosphate,C6H11N2O6P,[M+H-H2O]+,1.0,221.0322,1.0,147.9
1050,AllCCS-32859911,D-Erythro-imidazole-glycerol-phosphate,C6H11N2O6P,[M+NH4]+,1.0,256.0693,1.0,155.0
1051,AllCCS-32859911,D-Erythro-imidazole-glycerol-phosphate,C6H11N2O6P,[M+Na]+,1.0,261.0247,1.0,156.0
1052,AllCCS-32859911,D-Erythro-imidazole-glycerol-phosphate,C6H11N2O6P,[M-H]-,-1.0,237.0282,-1.0,144.3
1053,AllCCS-32859911,D-Erythro-imidazole-glycerol-phosphate,C6H11N2O6P,[M+Na-2H]-,-1.0,259.0101,-1.0,144.8
1054,AllCCS-32859911,D-Erythro-imidazole-glycerol-phosphate,C6H11N2O6P,[M+HCOO]-,-1.0,283.0337,-1.0,145.4
1055,DeepCCS-30932474,Citicoline,C14H27N4O11P2,[M+H]+,1.0,490.1224,1.0,180.3
1056,DeepCCS-30932474,Citicoline,C14H27N4O11P2,[M-H]-,-1.0,488.1079,-1.0,178.2
1057,DeepCCS-30932474,Citicoline,C14H27N4O11P2,[M-2H]2-,,244.0539,,211.4
1058,DeepCCS-30932474,Citicoline,C14H27N4O11P2,[M+Na]+,1.0,512.1044,1.0,186.2
1059,DarkChem-31661259,Methylisocitric acid,C7H10O7,[M+H]+,1.0,207.0499,1.0,145.8
1060,DarkChem-31661259,Methylisocitric acid,C7H10O7,[M-H]-,-1.0,205.0354,-1.0,139.7
1061,DeepCCS-30932474,Methylisocitric acid,C7H10O7,[M+H]+,1.0,207.0499,1.0,133.2
1062,DeepCCS-30932474,Methylisocitric acid,C7H10O7,[M-H]-,-1.0,205.0354,-1.0,130.2
1063,DeepCCS-30932474,Methylisocitric acid,C7H10O7,[M-2H]2-,,102.5177,,166.7
1064,DeepCCS-30932474,Methylisocitric acid,C7H10O7,[M+Na]+,1.0,229.0319,1.0,142.2
1065,AllCCS-32859911,Methylisocitric acid,C7H10O7,[M+H]+,1.0,207.0499,1.0,144.2
1066,AllCCS-32859911,Methylisocitric acid,C7H10O7,[M+H-H2O]+,1.0,189.0394,1.0,140.6
1067,AllCCS-32859911,Methylisocitric acid,C7H10O7,[M+NH4]+,1.0,224.0765,1.0,147.6
1068,AllCCS-32859911,Methylisocitric acid,C7H10O7,[M+Na]+,1.0,229.0319,1.0,148.6
1069,AllCCS-32859911,Methylisocitric acid,C7H10O7,[M-H]-,-1.0,205.0354,-1.0,137.9
1070,AllCCS-32859911,Methylisocitric acid,C7H10O7,[M+Na-2H]-,-1.0,227.0173,-1.0,138.9
1071,AllCCS-32859911,Methylisocitric acid,C7H10O7,[M+HCOO]-,-1.0,251.0409,-1.0,140.1
1072,DarkChem-31661259,Dimethylallylpyrophosphate,C5H12O7P2,[M+H]+,1.0,247.0131,1.0,156.7
1073,DarkChem-31661259,Dimethylallylpyrophosphate,C5H12O7P2,[M-H]-,-1.0,244.9985,-1.0,148.6
1074,AllCCS-32859911,Dimethylallylpyrophosphate,C5H12O7P2,[M+H]+,1.0,247.0131,1.0,153.3
1075,AllCCS-32859911,Dimethylallylpyrophosphate,C5H12O7P2,[M-H]-,-1.0,244.9985,-1.0,145.7
1076,DeepCCS-30932474,Dimethylallylpyrophosphate,C5H12O7P2,[M+H]+,1.0,247.0131,1.0,135.3
1077,DeepCCS-30932474,Dimethylallylpyrophosphate,C5H12O7P2,[M-H]-,-1.0,244.9985,-1.0,131.5
1078,DeepCCS-30932474,Dimethylallylpyrophosphate,C5H12O7P2,[M-2H]2-,,122.4993,,169.2
1079,DeepCCS-30932474,Dimethylallylpyrophosphate,C5H12O7P2,[M+Na]+,1.0,268.995,1.0,144.6
1081,AllCCS-32859911,Dimethylallylpyrophosphate,C5H12O7P2,[M+H-H2O]+,1.0,229.0025,1.0,149.9
1082,AllCCS-32859911,Dimethylallylpyrophosphate,C5H12O7P2,[M+NH4]+,1.0,264.0396,1.0,156.5
1083,AllCCS-32859911,Dimethylallylpyrophosphate,C5H12O7P2,[M+Na]+,1.0,268.995,1.0,157.4
1085,AllCCS-32859911,Dimethylallylpyrophosphate,C5H12O7P2,[M+Na-2H]-,-1.0,266.9805,-1.0,147.0
1086,AllCCS-32859911,Dimethylallylpyrophosphate,C5H12O7P2,[M+HCOO]-,-1.0,291.004,-1.0,148.5
1087,DarkChem-31661259,Homocitric acid,C7H10O7,[M+H]+,1.0,207.0499,1.0,145.7
1088,DarkChem-31661259,Homocitric acid,C7H10O7,[M-H]-,-1.0,205.0354,-1.0,137.9
1089,DeepCCS-30932474,Homocitric acid,C7H10O7,[M+H]+,1.0,207.0499,1.0,135.0
1090,DeepCCS-30932474,Homocitric acid,C7H10O7,[M-H]-,-1.0,205.0354,-1.0,132.6
1091,DeepCCS-30932474,Homocitric acid,C7H10O7,[M-2H]2-,,102.5177,,167.6
1092,DeepCCS-30932474,Homocitric acid,C7H10O7,[M+Na]+,1.0,229.0319,1.0,143.0
1093,AllCCS-32859911,Homocitric acid,C7H10O7,[M+H]+,1.0,207.0499,1.0,144.5
1094,AllCCS-32859911,Homocitric acid,C7H10O7,[M+H-H2O]+,1.0,189.0394,1.0,140.9
1095,AllCCS-32859911,Homocitric acid,C7H10O7,[M+NH4]+,1.0,224.0765,1.0,147.9
1096,AllCCS-32859911,Homocitric acid,C7H10O7,[M+Na]+,1.0,229.0319,1.0,148.8
1097,AllCCS-32859911,Homocitric acid,C7H10O7,[M-H]-,-1.0,205.0354,-1.0,138.4
1098,AllCCS-32859911,Homocitric acid,C7H10O7,[M+Na-2H]-,-1.0,227.0173,-1.0,139.4
1099,AllCCS-32859911,Homocitric acid,C7H10O7,[M+HCOO]-,-1.0,251.0409,-1.0,140.5
1100,DarkChem-31661259,Adenosine monophosphate,C10H14N5O7P,[M+H]+,1.0,348.0704,1.0,176.4
1101,DarkChem-31661259,Adenosine monophosphate,C10H14N5O7P,[M-H]-,-1.0,346.0558,-1.0,169.9
1102,AllCCS-32859911,Adenosine monophosphate,C10H14N5O7P,[M+H]+,1.0,348.0704,1.0,175.1
1103,AllCCS-32859911,Adenosine monophosphate,C10H14N5O7P,[M-H]-,-1.0,346.0558,-1.0,170.3
1104,DeepCCS-30932474,Adenosine monophosphate,C10H14N5O7P,[M+H]+,1.0,348.0704,1.0,171.7
1105,DeepCCS-30932474,Adenosine monophosphate,C10H14N5O7P,[M+H]+,1.0,348.0704,1.0,169.8
1106,DeepCCS-30932474,Adenosine monophosphate,C10H14N5O7P,[M-H]-,-1.0,346.0558,-1.0,169.3
1107,DeepCCS-30932474,Adenosine monophosphate,C10H14N5O7P,[M-H]-,-1.0,346.0558,-1.0,167.4
1108,DeepCCS-30932474,Adenosine monophosphate,C10H14N5O7P,[M-2H]2-,,173.0279,,203.2
1109,DeepCCS-30932474,Adenosine monophosphate,C10H14N5O7P,[M+Na]+,1.0,370.0523,1.0,177.8
1110,DeepCCS-30932474,Adenosine monophosphate,C10H14N5O7P,[M-2H]2-,,173.0279,,200.5
1111,DeepCCS-30932474,Adenosine monophosphate,C10H14N5O7P,[M+Na]+,1.0,370.0523,1.0,175.9
1113,AllCCS-32859911,Adenosine monophosphate,C10H14N5O7P,[M+H-H2O]+,1.0,330.0598,1.0,172.2
1114,AllCCS-32859911,Adenosine monophosphate,C10H14N5O7P,[M+NH4]+,1.0,365.0969,1.0,177.8
1115,AllCCS-32859911,Adenosine monophosphate,C10H14N5O7P,[M+Na]+,1.0,370.0523,1.0,178.6
1117,AllCCS-32859911,Adenosine monophosphate,C10H14N5O7P,[M+Na-2H]-,-1.0,368.0378,-1.0,169.8
1118,AllCCS-32859911,Adenosine monophosphate,C10H14N5O7P,[M+HCOO]-,-1.0,392.0613,-1.0,169.5
1119,DarkChem-31661259,Uracil,C4H4N2O2,[M+H]+,1.0,113.0346,1.0,119.7
1120,DarkChem-31661259,Uracil,C4H4N2O2,[M-H]-,-1.0,111.02,-1.0,117.1
1121,AllCCS-32859911,Uracil,C4H4N2O2,[M+H]+,1.0,113.0346,1.0,124.2
1122,AllCCS-32859911,Uracil,C4H4N2O2,[M-H]-,-1.0,111.02,-1.0,117.2
1123,DeepCCS-30932474,Uracil,C4H4N2O2,[M+H]+,1.0,113.0346,1.0,123.7
1124,DeepCCS-30932474,Uracil,C4H4N2O2,[M-H]-,-1.0,111.02,-1.0,121.8
1125,DeepCCS-30932474,Uracil,C4H4N2O2,[M-2H]2-,,55.51,,157.6
1126,DeepCCS-30932474,Uracil,C4H4N2O2,[M+Na]+,1.0,135.0165,1.0,132.1
1128,AllCCS-32859911,Uracil,C4H4N2O2,[M+H-H2O]+,1.0,95.024,1.0,119.2
1129,AllCCS-32859911,Uracil,C4H4N2O2,[M+NH4]+,1.0,130.0611,1.0,128.8
1130,AllCCS-32859911,Uracil,C4H4N2O2,[M+Na]+,1.0,135.0165,1.0,130.1
1132,AllCCS-32859911,Uracil,C4H4N2O2,[M+Na-2H]-,-1.0,133.0019,-1.0,119.7
1133,AllCCS-32859911,Uracil,C4H4N2O2,[M+HCOO]-,-1.0,157.0255,-1.0,122.5
1134,AllCCS-32859911,Tetradecanoyl-CoA,C35H62N7O17P3S,[M+H]+,1.0,978.3208,1.0,285.7
1135,AllCCS-32859911,Tetradecanoyl-CoA,C35H62N7O17P3S,[M-H]-,-1.0,976.3063,-1.0,290.9
1136,DeepCCS-30932474,Tetradecanoyl-CoA,C35H62N7O17P3S,[M+H]+,1.0,978.3208,1.0,240.1
1137,DeepCCS-30932474,Tetradecanoyl-CoA,C35H62N7O17P3S,[M-H]-,-1.0,976.3063,-1.0,238.5
1138,DeepCCS-30932474,Tetradecanoyl-CoA,C35H62N7O17P3S,[M-2H]2-,,488.1531,,272.9
1139,DeepCCS-30932474,Tetradecanoyl-CoA,C35H62N7O17P3S,[M+Na]+,1.0,1000.3028,1.0,246.5
1141,AllCCS-32859911,Tetradecanoyl-CoA,C35H62N7O17P3S,[M+H-H2O]+,1.0,960.3103,1.0,286.3
1142,AllCCS-32859911,Tetradecanoyl-CoA,C35H62N7O17P3S,[M+NH4]+,1.0,995.3474,1.0,285.1
1143,AllCCS-32859911,Tetradecanoyl-CoA,C35H62N7O17P3S,[M+Na]+,1.0,1000.3028,1.0,284.9
1145,AllCCS-32859911,Tetradecanoyl-CoA,C35H62N7O17P3S,[M+Na-2H]-,-1.0,998.2882,-1.0,296.6
1146,AllCCS-32859911,Tetradecanoyl-CoA,C35H62N7O17P3S,[M+HCOO]-,-1.0,1022.3118,-1.0,302.9
1147,DarkChem-31661259,3-Dehydroquinic acid,C7H10O6,[M+H]+,1.0,191.055,1.0,141.5
1148,DarkChem-31661259,3-Dehydroquinic acid,C7H10O6,[M-H]-,-1.0,189.0405,-1.0,136.9
1149,DeepCCS-30932474,3-Dehydroquinic acid,C7H10O6,[M+H]+,1.0,191.055,1.0,138.3
1150,DeepCCS-30932474,3-Dehydroquinic acid,C7H10O6,[M-H]-,-1.0,189.0405,-1.0,136.1
1151,DeepCCS-30932474,3-Dehydroquinic acid,C7H10O6,[M-2H]2-,,94.5202,,169.6
1152,DeepCCS-30932474,3-Dehydroquinic acid,C7H10O6,[M+Na]+,1.0,213.037,1.0,144.2
1153,AllCCS-32859911,3-Dehydroquinic acid,C7H10O6,[M+H]+,1.0,191.055,1.0,141.4
1154,AllCCS-32859911,3-Dehydroquinic acid,C7H10O6,[M+H-H2O]+,1.0,173.0444,1.0,137.4
1155,AllCCS-32859911,3-Dehydroquinic acid,C7H10O6,[M+NH4]+,1.0,208.0816,1.0,145.2
1156,AllCCS-32859911,3-Dehydroquinic acid,C7H10O6,[M+Na]+,1.0,213.037,1.0,146.3
1157,AllCCS-32859911,3-Dehydroquinic acid,C7H10O6,[M-H]-,-1.0,189.0405,-1.0,134.5
1158,AllCCS-32859911,3-Dehydroquinic acid,C7H10O6,[M+Na-2H]-,-1.0,211.0224,-1.0,135.2
1159,AllCCS-32859911,3-Dehydroquinic acid,C7H10O6,[M+HCOO]-,-1.0,235.0459,-1.0,136.1
1160,DarkChem-31661259,Fumaric acid,C4H4O4,[M+H]+,1.0,117.0182,1.0,124.4
1161,DarkChem-31661259,Fumaric acid,C4H4O4,[M-H]-,-1.0,115.0037,-1.0,120.1
1162,AllCCS-32859911,Fumaric acid,C4H4O4,[M+H]+,1.0,117.0182,1.0,127.0
1163,AllCCS-32859911,Fumaric acid,C4H4O4,[M-H]-,-1.0,115.0037,-1.0,121.2
1164,DeepCCS-30932474,Fumaric acid,C4H4O4,[M+H]+,1.0,117.0182,1.0,120.9
1165,DeepCCS-30932474,Fumaric acid,C4H4O4,[M-H]-,-1.0,115.0037,-1.0,118.0
1166,DeepCCS-30932474,Fumaric acid,C4H4O4,[M-2H]2-,,57.5018,,154.5
1167,DeepCCS-30932474,Fumaric acid,C4H4O4,[M+Na]+,1.0,139.0002,1.0,129.5
1169,AllCCS-32859911,Fumaric acid,C4H4O4,[M+H-H2O]+,1.0,99.0077,1.0,122.7
1170,AllCCS-32859911,Fumaric acid,C4H4O4,[M+NH4]+,1.0,134.0448,1.0,131.0
1171,AllCCS-32859911,Fumaric acid,C4H4O4,[M+Na]+,1.0,139.0002,1.0,132.2
1173,AllCCS-32859911,Fumaric acid,C4H4O4,[M+Na-2H]-,-1.0,136.9856,-1.0,124.3
1174,AllCCS-32859911,Fumaric acid,C4H4O4,[M+HCOO]-,-1.0,161.0092,-1.0,127.7
1175,DarkChem-31661259,Nicotinamide riboside,C11H15N2O5,[M+H]+,1.0,256.1054,1.0,158.7
1176,DarkChem-31661259,Nicotinamide riboside,C11H15N2O5,[M-H]-,-1.0,254.0908,-1.0,155.7
1177,AllCCS-32859911,Nicotinamide riboside,C11H15N2O5,[M+H]+,1.0,256.1054,1.0,156.0
1178,AllCCS-32859911,Nicotinamide riboside,C11H15N2O5,[M-H]-,-1.0,254.0908,-1.0,156.9
1179,DeepCCS-30932474,Nicotinamide riboside,C11H15N2O5,[M+H]+,1.0,256.1054,1.0,154.4
1180,DeepCCS-30932474,Nicotinamide riboside,C11H15N2O5,[M-H]-,-1.0,254.0908,-1.0,152.0
1181,DeepCCS-30932474,Nicotinamide riboside,C11H15N2O5,[M-2H]2-,,127.0454,,186.8
1182,DeepCCS-30932474,Nicotinamide riboside,C11H15N2O5,[M+Na]+,1.0,278.0873,1.0,161.1
1184,AllCCS-32859911,Nicotinamide riboside,C11H15N2O5,[M+H-H2O]+,1.0,238.0948,1.0,152.4
1185,AllCCS-32859911,Nicotinamide riboside,C11H15N2O5,[M+NH4]+,1.0,273.1319,1.0,159.4
1186,AllCCS-32859911,Nicotinamide riboside,C11H15N2O5,[M+Na]+,1.0,278.0873,1.0,160.3
1188,AllCCS-32859911,Nicotinamide riboside,C11H15N2O5,[M+Na-2H]-,-1.0,276.0728,-1.0,156.5
1189,AllCCS-32859911,Nicotinamide riboside,C11H15N2O5,[M+HCOO]-,-1.0,300.0963,-1.0,156.2
1190,DarkChem-31661259,L-3-Hydroxykynurenine,C10H12N2O4,[M+H]+,1.0,225.087,1.0,152.1
1191,DarkChem-31661259,L-3-Hydroxykynurenine,C10H12N2O4,[M-H]-,-1.0,223.0724,-1.0,150.8
1192,DeepCCS-30932474,L-3-Hydroxykynurenine,C10H12N2O4,[M+H]+,1.0,225.087,1.0,150.9
1193,DeepCCS-30932474,L-3-Hydroxykynurenine,C10H12N2O4,[M-H]-,-1.0,223.0724,-1.0,148.5
1194,DeepCCS-30932474,L-3-Hydroxykynurenine,C10H12N2O4,[M-2H]2-,,111.5362,,181.6
1195,DeepCCS-30932474,L-3-Hydroxykynurenine,C10H12N2O4,[M+Na]+,1.0,247.0689,1.0,156.8
1196,AllCCS-32859911,L-3-Hydroxykynurenine,C10H12N2O4,[M+H]+,1.0,225.087,1.0,150.3
1197,AllCCS-32859911,L-3-Hydroxykynurenine,C10H12N2O4,[M+H-H2O]+,1.0,207.0764,1.0,146.5
1198,AllCCS-32859911,L-3-Hydroxykynurenine,C10H12N2O4,[M+NH4]+,1.0,242.1135,1.0,153.9
1199,AllCCS-32859911,L-3-Hydroxykynurenine,C10H12N2O4,[M+Na]+,1.0,247.0689,1.0,154.9
1200,AllCCS-32859911,L-3-Hydroxykynurenine,C10H12N2O4,[M-H]-,-1.0,223.0724,-1.0,147.4
1201,AllCCS-32859911,L-3-Hydroxykynurenine,C10H12N2O4,[M+Na-2H]-,-1.0,245.0544,-1.0,147.7
1202,AllCCS-32859911,L-3-Hydroxykynurenine,C10H12N2O4,[M+HCOO]-,-1.0,269.0779,-1.0,148.2
1203,DarkChem-31661259,2-Isopropylmalic acid,C7H12O5,[M+H]+,1.0,177.0757,1.0,138.7
1204,DarkChem-31661259,2-Isopropylmalic acid,C7H12O5,[M-H]-,-1.0,175.0612,-1.0,132.7
1205,AllCCS-32859911,2-Isopropylmalic acid,C7H12O5,[M+H]+,1.0,177.0757,1.0,139.4
1206,AllCCS-32859911,2-Isopropylmalic acid,C7H12O5,[M-H]-,-1.0,175.0612,-1.0,134.5
1207,DeepCCS-30932474,2-Isopropylmalic acid,C7H12O5,[M+H]+,1.0,177.0757,1.0,131.9
1208,DeepCCS-30932474,2-Isopropylmalic acid,C7H12O5,[M-H]-,-1.0,175.0612,-1.0,129.0
1209,DeepCCS-30932474,2-Isopropylmalic acid,C7H12O5,[M-2H]2-,,87.5306,,165.4
1210,DeepCCS-30932474,2-Isopropylmalic acid,C7H12O5,[M+Na]+,1.0,199.0577,1.0,141.0
1212,AllCCS-32859911,2-Isopropylmalic acid,C7H12O5,[M+H-H2O]+,1.0,159.0652,1.0,135.6
1213,AllCCS-32859911,2-Isopropylmalic acid,C7H12O5,[M+NH4]+,1.0,194.1023,1.0,142.9
1214,AllCCS-32859911,2-Isopropylmalic acid,C7H12O5,[M+Na]+,1.0,199.0577,1.0,144.0
1216,AllCCS-32859911,2-Isopropylmalic acid,C7H12O5,[M+Na-2H]-,-1.0,197.0431,-1.0,136.2
1217,AllCCS-32859911,2-Isopropylmalic acid,C7H12O5,[M+HCOO]-,-1.0,221.0667,-1.0,138.1
1218,DarkChem-31661259,Pyroglutamic acid,C5H7NO3,[M+H]+,1.0,130.0499,1.0,128.1
1219,DarkChem-31661259,Pyroglutamic acid,C5H7NO3,[M-H]-,-1.0,128.0353,-1.0,122.9
1220,AllCCS-32859911,Pyroglutamic acid,C5H7NO3,[M+H]+,1.0,130.0499,1.0,128.7
1221,AllCCS-32859911,Pyroglutamic acid,C5H7NO3,[M-H]-,-1.0,128.0353,-1.0,122.9
1222,DeepCCS-30932474,Pyroglutamic acid,C5H7NO3,[M+H]+,1.0,130.0499,1.0,124.3
1223,DeepCCS-30932474,Pyroglutamic acid,C5H7NO3,[M-H]-,-1.0,128.0353,-1.0,121.4
1224,DeepCCS-30932474,Pyroglutamic acid,C5H7NO3,[M-2H]2-,,64.0177,,158.1
1225,DeepCCS-30932474,Pyroglutamic acid,C5H7NO3,[M+Na]+,1.0,152.0318,1.0,133.2
1227,AllCCS-32859911,Pyroglutamic acid,C5H7NO3,[M+H-H2O]+,1.0,112.0393,1.0,124.1
1228,AllCCS-32859911,Pyroglutamic acid,C5H7NO3,[M+NH4]+,1.0,147.0764,1.0,133.0
1229,AllCCS-32859911,Pyroglutamic acid,C5H7NO3,[M+Na]+,1.0,152.0318,1.0,134.2
1231,AllCCS-32859911,Pyroglutamic acid,C5H7NO3,[M+Na-2H]-,-1.0,150.0173,-1.0,125.0
1232,AllCCS-32859911,Pyroglutamic acid,C5H7NO3,[M+HCOO]-,-1.0,174.0408,-1.0,127.3
1233,DarkChem-31661259,"Fructose 1,6-bisphosphate",C6H14O12P2,[M+H]+,1.0,341.0033,1.0,172.7
1234,DarkChem-31661259,"Fructose 1,6-bisphosphate",C6H14O12P2,[M-H]-,-1.0,338.9888,-1.0,164.5
1235,AllCCS-32859911,"Fructose 1,6-bisphosphate",C6H14O12P2,[M+H]+,1.0,341.0033,1.0,169.6
1236,AllCCS-32859911,"Fructose 1,6-bisphosphate",C6H14O12P2,[M-H]-,-1.0,338.9888,-1.0,160.4
1237,DeepCCS-30932474,"Fructose 1,6-bisphosphate",C6H14O12P2,[M+H]+,1.0,341.0033,1.0,159.6
1238,DeepCCS-30932474,"Fructose 1,6-bisphosphate",C6H14O12P2,[M-H]-,-1.0,338.9888,-1.0,157.2
1239,DeepCCS-30932474,"Fructose 1,6-bisphosphate",C6H14O12P2,[M-2H]2-,,169.4944,,190.3
1240,DeepCCS-30932474,"Fructose 1,6-bisphosphate",C6H14O12P2,[M+Na]+,1.0,362.9853,1.0,165.7
1242,AllCCS-32859911,"Fructose 1,6-bisphosphate",C6H14O12P2,[M+H-H2O]+,1.0,322.9928,1.0,166.6
1243,AllCCS-32859911,"Fructose 1,6-bisphosphate",C6H14O12P2,[M+NH4]+,1.0,358.0299,1.0,172.3
1244,AllCCS-32859911,"Fructose 1,6-bisphosphate",C6H14O12P2,[M+Na]+,1.0,362.9853,1.0,173.1
1246,AllCCS-32859911,"Fructose 1,6-bisphosphate",C6H14O12P2,[M+Na-2H]-,-1.0,360.9707,-1.0,160.5
1247,AllCCS-32859911,"Fructose 1,6-bisphosphate",C6H14O12P2,[M+HCOO]-,-1.0,384.9942,-1.0,160.8
1248,DeepCCS-30932474,NAD,C21H27N7O14P2,[M+H]+,1.0,664.1164,1.0,214.3
1249,DeepCCS-30932474,NAD,C21H27N7O14P2,[M-H]-,-1.0,662.1018,-1.0,212.6
1250,DeepCCS-30932474,NAD,C21H27N7O14P2,[M-2H]2-,,331.0509,,246.7
1251,DeepCCS-30932474,NAD,C21H27N7O14P2,[M+Na]+,1.0,686.0983,1.0,220.5
1252,DarkChem-31661259,D-Lactaldehyde,C3H6O2,[M+H]+,1.0,75.0441,1.0,112.7
1253,DarkChem-31661259,D-Lactaldehyde,C3H6O2,[M-H]-,-1.0,73.0295,-1.0,108.7
1254,DeepCCS-30932474,D-Lactaldehyde,C3H6O2,[M+H]+,1.0,75.0441,1.0,118.5
1255,DeepCCS-30932474,D-Lactaldehyde,C3H6O2,[M-H]-,-1.0,73.0295,-1.0,116.4
1256,DeepCCS-30932474,D-Lactaldehyde,C3H6O2,[M-2H]2-,,36.5148,,152.3
1257,DeepCCS-30932474,D-Lactaldehyde,C3H6O2,[M+Na]+,1.0,97.026,1.0,126.8
1258,AllCCS-32859911,D-Lactaldehyde,C3H6O2,[M+H]+,1.0,75.0441,1.0,122.8
1259,AllCCS-32859911,D-Lactaldehyde,C3H6O2,[M+H-H2O]+,1.0,57.0335,1.0,118.3
1260,AllCCS-32859911,D-Lactaldehyde,C3H6O2,[M+NH4]+,1.0,92.0706,1.0,127.0
1261,AllCCS-32859911,D-Lactaldehyde,C3H6O2,[M+Na]+,1.0,97.026,1.0,128.2
1262,AllCCS-32859911,D-Lactaldehyde,C3H6O2,[M-H]-,-1.0,73.0295,-1.0,129.8
1263,AllCCS-32859911,D-Lactaldehyde,C3H6O2,[M+Na-2H]-,-1.0,95.0114,-1.0,135.4
1264,AllCCS-32859911,D-Lactaldehyde,C3H6O2,[M+HCOO]-,-1.0,119.035,-1.0,141.5
1265,DarkChem-31661259,Serine,C3H7NO3,[M+H]+,1.0,106.0499,1.0,120.6
1266,DarkChem-31661259,Serine,C3H7NO3,[M-H]-,-1.0,104.0353,-1.0,115.5
1267,AllCCS-32859911,Serine,C3H7NO3,[M+H]+,1.0,106.0499,1.0,127.6
1268,AllCCS-32859911,Serine,C3H7NO3,[M-H]-,-1.0,104.0353,-1.0,120.3
1269,DeepCCS-30932474,Serine,C3H7NO3,[M+H]+,1.0,106.0499,1.0,118.2
1270,DeepCCS-30932474,Serine,C3H7NO3,[M-H]-,-1.0,104.0353,-1.0,115.4
1271,DeepCCS-30932474,Serine,C3H7NO3,[M-2H]2-,,52.0177,,151.8
1272,DeepCCS-30932474,Serine,C3H7NO3,[M+Na]+,1.0,128.0318,1.0,126.6
1274,AllCCS-32859911,Serine,C3H7NO3,[M+H-H2O]+,1.0,88.0393,1.0,123.3
1275,AllCCS-32859911,Serine,C3H7NO3,[M+NH4]+,1.0,123.0764,1.0,131.6
1276,AllCCS-32859911,Serine,C3H7NO3,[M+Na]+,1.0,128.0318,1.0,132.8
1278,AllCCS-32859911,Serine,C3H7NO3,[M+Na-2H]-,-1.0,126.0173,-1.0,124.2
1279,AllCCS-32859911,Serine,C3H7NO3,[M+HCOO]-,-1.0,150.0408,-1.0,128.4
1280,DeepCCS-30932474,L-Aspartyl-4-phosphate,C4H8NO7P,[M+H]+,1.0,214.0111,1.0,128.4
1281,DeepCCS-30932474,L-Aspartyl-4-phosphate,C4H8NO7P,[M-H]-,-1.0,211.9966,-1.0,126.1
1282,DeepCCS-30932474,L-Aspartyl-4-phosphate,C4H8NO7P,[M-2H]2-,,105.9983,,161.4
1283,DeepCCS-30932474,L-Aspartyl-4-phosphate,C4H8NO7P,[M+Na]+,1.0,235.9931,1.0,135.8
1284,AllCCS-32859911,L-Aspartyl-4-phosphate,C4H8NO7P,[M+H]+,1.0,214.0111,1.0,145.4
1285,AllCCS-32859911,L-Aspartyl-4-phosphate,C4H8NO7P,[M+H-H2O]+,1.0,196.0005,1.0,141.8
1286,AllCCS-32859911,L-Aspartyl-4-phosphate,C4H8NO7P,[M+NH4]+,1.0,231.0377,1.0,148.7
1287,AllCCS-32859911,L-Aspartyl-4-phosphate,C4H8NO7P,[M+Na]+,1.0,235.9931,1.0,149.7
1288,AllCCS-32859911,L-Aspartyl-4-phosphate,C4H8NO7P,[M-H]-,-1.0,211.9966,-1.0,135.7
1289,AllCCS-32859911,L-Aspartyl-4-phosphate,C4H8NO7P,[M+Na-2H]-,-1.0,233.9785,-1.0,136.9
1290,AllCCS-32859911,L-Aspartyl-4-phosphate,C4H8NO7P,[M+HCOO]-,-1.0,258.002,-1.0,138.3
1291,DarkChem-31661259,Sulfite,H2O3S,[M+H]+,1.0,82.9797,1.0,111.8
1297,DarkChem-31661259,Sulfite,H2O3S,[M-H]-,-1.0,80.9652,-1.0,103.0
1303,AllCCS-32859911,Sulfite,H2O3S,[M+H]+,1.0,82.9797,1.0,112.2
1304,AllCCS-32859911,Sulfite,H2O3S,[M-H]-,-1.0,80.9652,-1.0,144.6
1305,DeepCCS-30932474,Sulfite,H2O3S,[M+H]+,1.0,82.9797,1.0,126.7
1306,DeepCCS-30932474,Sulfite,H2O3S,[M-H]-,-1.0,80.9652,-1.0,124.6
1307,DeepCCS-30932474,Sulfite,H2O3S,[M-2H]2-,,40.4826,,160.7
1308,DeepCCS-30932474,Sulfite,H2O3S,[M+Na]+,1.0,104.9617,1.0,135.1
1310,AllCCS-32859911,Sulfite,H2O3S,[M+H-H2O]+,1.0,64.9692,1.0,107.8
1311,AllCCS-32859911,Sulfite,H2O3S,[M+NH4]+,1.0,100.0063,1.0,116.3
1312,AllCCS-32859911,Sulfite,H2O3S,[M+Na]+,1.0,104.9617,1.0,117.5
1314,AllCCS-32859911,Sulfite,H2O3S,[M+Na-2H]-,-1.0,102.9471,-1.0,151.5
1315,AllCCS-32859911,Sulfite,H2O3S,[M+HCOO]-,-1.0,126.9707,-1.0,159.0
1316,DeepCCS-30932474,Glyceraldehyde 3-phosphate,C3H7O6P,[M+H]+,1.0,171.0053,1.0,126.0
1317,DeepCCS-30932474,Glyceraldehyde 3-phosphate,C3H7O6P,[M-H]-,-1.0,168.9907,-1.0,123.5
1318,DeepCCS-30932474,Glyceraldehyde 3-phosphate,C3H7O6P,[M-2H]2-,,84.4954,,159.8
1319,DeepCCS-30932474,Glyceraldehyde 3-phosphate,C3H7O6P,[M+Na]+,1.0,192.9872,1.0,135.0
1320,AllCCS-32859911,Glyceraldehyde 3-phosphate,C3H7O6P,[M+H]+,1.0,171.0053,1.0,137.8
1321,AllCCS-32859911,Glyceraldehyde 3-phosphate,C3H7O6P,[M+H-H2O]+,1.0,152.9947,1.0,133.9
1322,AllCCS-32859911,Glyceraldehyde 3-phosphate,C3H7O6P,[M+NH4]+,1.0,188.0318,1.0,141.4
1323,AllCCS-32859911,Glyceraldehyde 3-phosphate,C3H7O6P,[M+Na]+,1.0,192.9872,1.0,142.5
1324,AllCCS-32859911,Glyceraldehyde 3-phosphate,C3H7O6P,[M-H]-,-1.0,168.9907,-1.0,129.0
1325,AllCCS-32859911,Glyceraldehyde 3-phosphate,C3H7O6P,[M+Na-2H]-,-1.0,190.9727,-1.0,131.2
1326,AllCCS-32859911,Glyceraldehyde 3-phosphate,C3H7O6P,[M+HCOO]-,-1.0,214.9962,-1.0,133.8
1327,DarkChem-31661259,Phenylacetaldehyde,C8H8O,[M+H]+,1.0,121.0648,1.0,123.6
1328,DarkChem-31661259,Phenylacetaldehyde,C8H8O,[M-H]-,-1.0,119.0502,-1.0,119.9
1329,DeepCCS-30932474,Phenylacetaldehyde,C8H8O,[M+H]+,1.0,121.0648,1.0,124.6
1330,DeepCCS-30932474,Phenylacetaldehyde,C8H8O,[M-H]-,-1.0,119.0502,-1.0,121.7
1331,DeepCCS-30932474,Phenylacetaldehyde,C8H8O,[M-2H]2-,,59.5251,,158.4
1332,DeepCCS-30932474,Phenylacetaldehyde,C8H8O,[M+Na]+,1.0,143.0467,1.0,133.3
1333,AllCCS-32859911,Phenylacetaldehyde,C8H8O,[M+H]+,1.0,121.0648,1.0,124.6
1334,AllCCS-32859911,Phenylacetaldehyde,C8H8O,[M+H-H2O]+,1.0,103.0542,1.0,119.7
1335,AllCCS-32859911,Phenylacetaldehyde,C8H8O,[M+NH4]+,1.0,138.0913,1.0,129.1
1336,AllCCS-32859911,Phenylacetaldehyde,C8H8O,[M+Na]+,1.0,143.0467,1.0,130.4
1337,AllCCS-32859911,Phenylacetaldehyde,C8H8O,[M-H]-,-1.0,119.0502,-1.0,123.5
1338,AllCCS-32859911,Phenylacetaldehyde,C8H8O,[M+Na-2H]-,-1.0,141.0322,-1.0,125.5
1339,AllCCS-32859911,Phenylacetaldehyde,C8H8O,[M+HCOO]-,-1.0,165.0557,-1.0,127.7
1340,DeepCCS-30932474,D-Ribose 5-phosphate,C5H11O8P,[M+H]+,1.0,231.0264,1.0,140.7
1341,DeepCCS-30932474,D-Ribose 5-phosphate,C5H11O8P,[M-H]-,-1.0,229.0119,-1.0,138.5
1342,DeepCCS-30932474,D-Ribose 5-phosphate,C5H11O8P,[M-2H]2-,,114.5059,,173.2
1343,DeepCCS-30932474,D-Ribose 5-phosphate,C5H11O8P,[M+Na]+,1.0,253.0084,1.0,147.4
1344,AllCCS-32859911,D-Ribose 5-phosphate,C5H11O8P,[M+H]+,1.0,231.0264,1.0,150.1
1345,AllCCS-32859911,D-Ribose 5-phosphate,C5H11O8P,[M+H-H2O]+,1.0,213.0159,1.0,146.3
1346,AllCCS-32859911,D-Ribose 5-phosphate,C5H11O8P,[M+NH4]+,1.0,248.053,1.0,153.6
1347,AllCCS-32859911,D-Ribose 5-phosphate,C5H11O8P,[M+Na]+,1.0,253.0084,1.0,154.6
1348,AllCCS-32859911,D-Ribose 5-phosphate,C5H11O8P,[M-H]-,-1.0,229.0119,-1.0,140.1
1349,AllCCS-32859911,D-Ribose 5-phosphate,C5H11O8P,[M+Na-2H]-,-1.0,250.9938,-1.0,140.7
1350,AllCCS-32859911,D-Ribose 5-phosphate,C5H11O8P,[M+HCOO]-,-1.0,275.0174,-1.0,141.5
1351,DarkChem-31661259,Adenosine phosphosulfate,C10H14N5O10PS,[M+H]+,1.0,428.0272,1.0,191.3
1352,DarkChem-31661259,Adenosine phosphosulfate,C10H14N5O10PS,[M-H]-,-1.0,426.0126,-1.0,184.0
1353,AllCCS-32859911,Adenosine phosphosulfate,C10H14N5O10PS,[M+H]+,1.0,428.0272,1.0,187.3
1354,AllCCS-32859911,Adenosine phosphosulfate,C10H14N5O10PS,[M-H]-,-1.0,426.0126,-1.0,179.8
1355,DeepCCS-30932474,Adenosine phosphosulfate,C10H14N5O10PS,[M+H]+,1.0,428.0272,1.0,170.5
1356,DeepCCS-30932474,Adenosine phosphosulfate,C10H14N5O10PS,[M-H]-,-1.0,426.0126,-1.0,168.1
1357,DeepCCS-30932474,Adenosine phosphosulfate,C10H14N5O10PS,[M-2H]2-,,213.0063,,201.9
1358,DeepCCS-30932474,Adenosine phosphosulfate,C10H14N5O10PS,[M+Na]+,1.0,450.0091,1.0,176.5
1360,AllCCS-32859911,Adenosine phosphosulfate,C10H14N5O10PS,[M+H-H2O]+,1.0,410.0166,1.0,185.0
1361,AllCCS-32859911,Adenosine phosphosulfate,C10H14N5O10PS,[M+NH4]+,1.0,445.0537,1.0,189.5
1362,AllCCS-32859911,Adenosine phosphosulfate,C10H14N5O10PS,[M+Na]+,1.0,450.0091,1.0,190.1
1364,AllCCS-32859911,Adenosine phosphosulfate,C10H14N5O10PS,[M+Na-2H]-,-1.0,447.9946,-1.0,179.5
1365,AllCCS-32859911,Adenosine phosphosulfate,C10H14N5O10PS,[M+HCOO]-,-1.0,472.0181,-1.0,179.4
1366,DeepCCS-30932474,Sulfide,S,[M+H]+,1.0,32.9793,1.0,111.4
1367,DeepCCS-30932474,Sulfide,S,[M-H]-,-1.0,30.9648,-1.0,109.7
1368,DeepCCS-30932474,Sulfide,S,[M-2H]2-,,15.4824,,145.0
1369,DeepCCS-30932474,Sulfide,S,[M+Na]+,1.0,54.9613,1.0,118.3
1370,DarkChem-31661259,O-Phosphoethanolamine,C2H8NO4P,[M+H]+,1.0,142.0264,1.0,128.6
1371,DarkChem-31661259,O-Phosphoethanolamine,C2H8NO4P,[M-H]-,-1.0,140.0118,-1.0,121.6
1372,AllCCS-32859911,O-Phosphoethanolamine,C2H8NO4P,[M+H]+,1.0,142.0264,1.0,132.9
1373,AllCCS-32859911,O-Phosphoethanolamine,C2H8NO4P,[M-H]-,-1.0,140.0118,-1.0,127.4
1374,DeepCCS-30932474,O-Phosphoethanolamine,C2H8NO4P,[M+H]+,1.0,142.0264,1.0,127.7
1375,DeepCCS-30932474,O-Phosphoethanolamine,C2H8NO4P,[M-H]-,-1.0,140.0118,-1.0,124.9
1376,DeepCCS-30932474,O-Phosphoethanolamine,C2H8NO4P,[M-2H]2-,,70.0059,,161.3
1377,DeepCCS-30932474,O-Phosphoethanolamine,C2H8NO4P,[M+Na]+,1.0,164.0083,1.0,135.8
1379,AllCCS-32859911,O-Phosphoethanolamine,C2H8NO4P,[M+H-H2O]+,1.0,124.0158,1.0,128.8
1380,AllCCS-32859911,O-Phosphoethanolamine,C2H8NO4P,[M+NH4]+,1.0,159.0529,1.0,136.7
1381,AllCCS-32859911,O-Phosphoethanolamine,C2H8NO4P,[M+Na]+,1.0,164.0083,1.0,137.7
1383,AllCCS-32859911,O-Phosphoethanolamine,C2H8NO4P,[M+Na-2H]-,-1.0,161.9938,-1.0,130.7
1384,AllCCS-32859911,O-Phosphoethanolamine,C2H8NO4P,[M+HCOO]-,-1.0,186.0173,-1.0,134.4
1385,DarkChem-31661259,L-Tryptophan,C11H12N2O2,[M+H]+,1.0,205.0972,1.0,147.6
1386,DarkChem-31661259,L-Tryptophan,C11H12N2O2,[M-H]-,-1.0,203.0826,-1.0,146.2
1387,AllCCS-32859911,L-Tryptophan,C11H12N2O2,[M+H]+,1.0,205.0972,1.0,146.3
1388,AllCCS-32859911,L-Tryptophan,C11H12N2O2,[M-H]-,-1.0,203.0826,-1.0,146.7
1389,DeepCCS-30932474,L-Tryptophan,C11H12N2O2,[M+H]+,1.0,205.0972,1.0,143.1
1390,DeepCCS-30932474,L-Tryptophan,C11H12N2O2,[M-H]-,-1.0,203.0826,-1.0,140.8
1391,DeepCCS-30932474,L-Tryptophan,C11H12N2O2,[M-2H]2-,,101.5413,,174.6
1392,DeepCCS-30932474,L-Tryptophan,C11H12N2O2,[M+Na]+,1.0,227.0791,1.0,149.3
1394,AllCCS-32859911,L-Tryptophan,C11H12N2O2,[M+H-H2O]+,1.0,187.0866,1.0,142.2
1395,AllCCS-32859911,L-Tryptophan,C11H12N2O2,[M+NH4]+,1.0,222.1237,1.0,150.1
1396,AllCCS-32859911,L-Tryptophan,C11H12N2O2,[M+Na]+,1.0,227.0791,1.0,151.2
1398,AllCCS-32859911,L-Tryptophan,C11H12N2O2,[M+Na-2H]-,-1.0,225.0645,-1.0,146.8
1399,AllCCS-32859911,L-Tryptophan,C11H12N2O2,[M+HCOO]-,-1.0,249.0881,-1.0,147.1
1400,DarkChem-31661259,Uridine,C9H12N2O6,[M+H]+,1.0,245.0768,1.0,154.7
1401,DarkChem-31661259,Uridine,C9H12N2O6,[M-H]-,-1.0,243.0623,-1.0,150.6
1402,AllCCS-32859911,Uridine,C9H12N2O6,[M+H]+,1.0,245.0768,1.0,154.4
1403,AllCCS-32859911,Uridine,C9H12N2O6,[M-H]-,-1.0,243.0623,-1.0,151.8
1404,DeepCCS-30932474,Uridine,C9H12N2O6,[M+H]+,1.0,245.0768,1.0,156.9
1405,DeepCCS-30932474,Uridine,C9H12N2O6,[M+H]+,1.0,245.0768,1.0,146.4
1406,DeepCCS-30932474,Uridine,C9H12N2O6,[M-H]-,-1.0,243.0623,-1.0,154.5
1407,DeepCCS-30932474,Uridine,C9H12N2O6,[M-H]-,-1.0,243.0623,-1.0,144.1
1408,DeepCCS-30932474,Uridine,C9H12N2O6,[M-2H]2-,,121.5311,,187.4
1409,DeepCCS-30932474,Uridine,C9H12N2O6,[M+Na]+,1.0,267.0588,1.0,162.8
1410,DeepCCS-30932474,Uridine,C9H12N2O6,[M-2H]2-,,121.5311,,178.7
1411,DeepCCS-30932474,Uridine,C9H12N2O6,[M+Na]+,1.0,267.0588,1.0,153.8
1413,AllCCS-32859911,Uridine,C9H12N2O6,[M+H-H2O]+,1.0,227.0662,1.0,150.7
1414,AllCCS-32859911,Uridine,C9H12N2O6,[M+NH4]+,1.0,262.1034,1.0,157.8
1415,AllCCS-32859911,Uridine,C9H12N2O6,[M+Na]+,1.0,267.0588,1.0,158.8
1417,AllCCS-32859911,Uridine,C9H12N2O6,[M+Na-2H]-,-1.0,265.0442,-1.0,151.8
1418,AllCCS-32859911,Uridine,C9H12N2O6,[M+HCOO]-,-1.0,289.0677,-1.0,151.8
1419,DarkChem-31661259,5-Methylthioribulose 1-phosphate,C6H13O7PS,[M+H]+,1.0,261.0192,1.0,158.4
1421,DarkChem-31661259,5-Methylthioribulose 1-phosphate,C6H13O7PS,[M-H]-,-1.0,259.0047,-1.0,152.2
1423,AllCCS-32859911,5-Methylthioribulose 1-phosphate,C6H13O7PS,[M+H]+,1.0,261.0192,1.0,154.7
1424,AllCCS-32859911,5-Methylthioribulose 1-phosphate,C6H13O7PS,[M-H]-,-1.0,259.0047,-1.0,150.8
1425,DeepCCS-30932474,5-Methylthioribulose 1-phosphate,C6H13O7PS,[M+H]+,1.0,261.0192,1.0,146.2
1426,DeepCCS-30932474,5-Methylthioribulose 1-phosphate,C6H13O7PS,[M-H]-,-1.0,259.0047,-1.0,143.9
1427,DeepCCS-30932474,5-Methylthioribulose 1-phosphate,C6H13O7PS,[M-2H]2-,,129.5023,,176.8
1428,DeepCCS-30932474,5-Methylthioribulose 1-phosphate,C6H13O7PS,[M+Na]+,1.0,283.0012,1.0,152.3
1430,AllCCS-32859911,5-Methylthioribulose 1-phosphate,C6H13O7PS,[M+H-H2O]+,1.0,243.0087,1.0,151.5
1431,AllCCS-32859911,5-Methylthioribulose 1-phosphate,C6H13O7PS,[M+NH4]+,1.0,278.0458,1.0,157.7
1432,AllCCS-32859911,5-Methylthioribulose 1-phosphate,C6H13O7PS,[M+Na]+,1.0,283.0012,1.0,158.6
1434,AllCCS-32859911,5-Methylthioribulose 1-phosphate,C6H13O7PS,[M+Na-2H]-,-1.0,280.9866,-1.0,151.8
1435,AllCCS-32859911,5-Methylthioribulose 1-phosphate,C6H13O7PS,[M+HCOO]-,-1.0,305.0102,-1.0,153.0
1436,AllCCS-32859911,S-Adenosylmethioninamine,C14H23N6O3S,[M+H]+,1.0,356.1625,1.0,181.0
1437,AllCCS-32859911,S-Adenosylmethioninamine,C14H23N6O3S,[M-H]-,-1.0,354.148,-1.0,177.0
1438,DeepCCS-30932474,S-Adenosylmethioninamine,C14H23N6O3S,[M+H]+,1.0,356.1625,1.0,171.2
1439,DeepCCS-30932474,S-Adenosylmethioninamine,C14H23N6O3S,[M-H]-,-1.0,354.148,-1.0,168.8
1440,DeepCCS-30932474,S-Adenosylmethioninamine,C14H23N6O3S,[M-2H]2-,,177.074,,202.5
1441,DeepCCS-30932474,S-Adenosylmethioninamine,C14H23N6O3S,[M+Na]+,1.0,378.1445,1.0,177.9
1443,AllCCS-32859911,S-Adenosylmethioninamine,C14H23N6O3S,[M+H-H2O]+,1.0,338.1519,1.0,178.4
1444,AllCCS-32859911,S-Adenosylmethioninamine,C14H23N6O3S,[M+NH4]+,1.0,373.1891,1.0,183.3
1445,AllCCS-32859911,S-Adenosylmethioninamine,C14H23N6O3S,[M+Na]+,1.0,378.1445,1.0,183.9
1447,AllCCS-32859911,S-Adenosylmethioninamine,C14H23N6O3S,[M+Na-2H]-,-1.0,376.1299,-1.0,176.9
1448,AllCCS-32859911,S-Adenosylmethioninamine,C14H23N6O3S,[M+HCOO]-,-1.0,400.1534,-1.0,177.0
1449,DarkChem-31661259,Oleic acid,C18H34O2,[M+H]+,1.0,283.2632,1.0,176.6
1450,DarkChem-31661259,Oleic acid,C18H34O2,[M-H]-,-1.0,281.2486,-1.0,177.3
1451,AllCCS-32859911,Oleic acid,C18H34O2,[M+H]+,1.0,283.2632,1.0,179.6
1452,AllCCS-32859911,Oleic acid,C18H34O2,[M-H]-,-1.0,281.2486,-1.0,179.4
1453,DeepCCS-30932474,Oleic acid,C18H34O2,[M+H]+,1.0,283.2632,1.0,180.8
1454,DeepCCS-30932474,Oleic acid,C18H34O2,[M-H]-,-1.0,281.2486,-1.0,176.8
1455,DeepCCS-30932474,Oleic acid,C18H34O2,[M-2H]2-,,140.6243,,213.9
1456,DeepCCS-30932474,Oleic acid,C18H34O2,[M+Na]+,1.0,305.2451,1.0,189.8
1458,AllCCS-32859911,Oleic acid,C18H34O2,[M+H-H2O]+,1.0,265.2526,1.0,176.6
1459,AllCCS-32859911,Oleic acid,C18H34O2,[M+NH4]+,1.0,300.2897,1.0,182.3
1460,AllCCS-32859911,Oleic acid,C18H34O2,[M+Na]+,1.0,305.2451,1.0,183.1
1462,AllCCS-32859911,Oleic acid,C18H34O2,[M+Na-2H]-,-1.0,303.2305,-1.0,181.0
1463,AllCCS-32859911,Oleic acid,C18H34O2,[M+HCOO]-,-1.0,327.2541,-1.0,182.9
1464,DarkChem-31661259,Putrescine,C4H12N2,[M+H]+,1.0,89.1073,1.0,117.2
1465,DarkChem-31661259,Putrescine,C4H12N2,[M-H]-,-1.0,87.0928,-1.0,111.2
1466,AllCCS-32859911,Putrescine,C4H12N2,[M+H]+,1.0,89.1073,1.0,122.6
1467,AllCCS-32859911,Putrescine,C4H12N2,[M-H]-,-1.0,87.0928,-1.0,126.0
1468,DeepCCS-30932474,Putrescine,C4H12N2,[M+H]+,1.0,89.1073,1.0,120.9
1469,DeepCCS-30932474,Putrescine,C4H12N2,[M-H]-,-1.0,87.0928,-1.0,119.0
1470,DeepCCS-30932474,Putrescine,C4H12N2,[M-2H]2-,,43.5464,,154.4
1471,DeepCCS-30932474,Putrescine,C4H12N2,[M+Na]+,1.0,111.0893,1.0,128.9
1473,AllCCS-32859911,Putrescine,C4H12N2,[M+H-H2O]+,1.0,71.0968,1.0,118.2
1474,AllCCS-32859911,Putrescine,C4H12N2,[M+NH4]+,1.0,106.1339,1.0,126.6
1475,AllCCS-32859911,Putrescine,C4H12N2,[M+Na]+,1.0,111.0893,1.0,127.8
1477,AllCCS-32859911,Putrescine,C4H12N2,[M+Na-2H]-,-1.0,109.0747,-1.0,130.6
1478,AllCCS-32859911,Putrescine,C4H12N2,[M+HCOO]-,-1.0,133.0982,-1.0,135.7
1479,AllCCS-32859911,Diadenosine triphosphate,C20H27N10O16P3,[M+H]+,1.0,757.0892,1.0,240.0
1480,AllCCS-32859911,Diadenosine triphosphate,C20H27N10O16P3,[M-H]-,-1.0,755.0747,-1.0,231.4
1481,DeepCCS-30932474,Diadenosine triphosphate,C20H27N10O16P3,[M-2H]2-,,377.5373,,263.0
1482,DeepCCS-30932474,Diadenosine triphosphate,C20H27N10O16P3,[M+Na]+,1.0,779.0712,1.0,237.4
1484,AllCCS-32859911,Diadenosine triphosphate,C20H27N10O16P3,[M+H-H2O]+,1.0,739.0786,1.0,239.7
1485,AllCCS-32859911,Diadenosine triphosphate,C20H27N10O16P3,[M+NH4]+,1.0,774.1158,1.0,240.2
1486,AllCCS-32859911,Diadenosine triphosphate,C20H27N10O16P3,[M+Na]+,1.0,779.0712,1.0,240.2
1488,AllCCS-32859911,Diadenosine triphosphate,C20H27N10O16P3,[M+Na-2H]-,-1.0,777.0566,-1.0,233.5
1489,AllCCS-32859911,Diadenosine triphosphate,C20H27N10O16P3,[M+HCOO]-,-1.0,801.0801,-1.0,236.0
1490,DeepCCS-30932474,Nitrite,HNO2,[M+H]+,1.0,48.008,1.0,112.5
1491,DeepCCS-30932474,Nitrite,HNO2,[M-H]-,-1.0,45.9935,-1.0,110.7
1492,DeepCCS-30932474,Nitrite,HNO2,[M-2H]2-,,22.9967,,146.0
1493,DeepCCS-30932474,Nitrite,HNO2,[M+Na]+,1.0,69.9899,1.0,119.6
1494,DarkChem-31661259,Trehalose 6-phosphate,C12H23O14P,[M+H]+,1.0,423.0898,1.0,190.9
1495,DarkChem-31661259,Trehalose 6-phosphate,C12H23O14P,[M-H]-,-1.0,421.0753,-1.0,187.2
1496,AllCCS-32859911,Trehalose 6-phosphate,C12H23O14P,[M+H]+,1.0,423.0898,1.0,189.5
1497,AllCCS-32859911,Trehalose 6-phosphate,C12H23O14P,[M-H]-,-1.0,421.0753,-1.0,185.2
1498,DeepCCS-30932474,Trehalose 6-phosphate,C12H23O14P,[M+H]+,1.0,423.0898,1.0,175.8
1499,DeepCCS-30932474,Trehalose 6-phosphate,C12H23O14P,[M-H]-,-1.0,421.0753,-1.0,173.8
1500,DeepCCS-30932474,Trehalose 6-phosphate,C12H23O14P,[M-2H]2-,,210.5376,,207.3
1501,DeepCCS-30932474,Trehalose 6-phosphate,C12H23O14P,[M+Na]+,1.0,445.0718,1.0,181.6
1503,AllCCS-32859911,Trehalose 6-phosphate,C12H23O14P,[M+H-H2O]+,1.0,405.0793,1.0,187.3
1504,AllCCS-32859911,Trehalose 6-phosphate,C12H23O14P,[M+NH4]+,1.0,440.1164,1.0,191.6
1505,AllCCS-32859911,Trehalose 6-phosphate,C12H23O14P,[M+Na]+,1.0,445.0718,1.0,192.2
1507,AllCCS-32859911,Trehalose 6-phosphate,C12H23O14P,[M+Na-2H]-,-1.0,443.0572,-1.0,185.1
1508,AllCCS-32859911,Trehalose 6-phosphate,C12H23O14P,[M+HCOO]-,-1.0,467.0807,-1.0,185.1
1509,DeepCCS-30932474,Nicotinamide ribotide,C11H16N2O8P,[M+H]+,1.0,336.0717,1.0,162.0
1510,DeepCCS-30932474,Nicotinamide ribotide,C11H16N2O8P,[M-H]-,-1.0,334.0572,-1.0,159.6
1511,DeepCCS-30932474,Nicotinamide ribotide,C11H16N2O8P,[M-2H]2-,,167.0286,,193.4
1512,DeepCCS-30932474,Nicotinamide ribotide,C11H16N2O8P,[M+Na]+,1.0,358.0536,1.0,168.5
1513,AllCCS-32859911,Nicotinamide ribotide,C11H16N2O8P,[M+H]+,1.0,336.0717,1.0,171.1
1514,AllCCS-32859911,Nicotinamide ribotide,C11H16N2O8P,[M+H-H2O]+,1.0,318.0611,1.0,168.1
1515,AllCCS-32859911,Nicotinamide ribotide,C11H16N2O8P,[M+NH4]+,1.0,353.0983,1.0,173.7
1516,AllCCS-32859911,Nicotinamide ribotide,C11H16N2O8P,[M+Na]+,1.0,358.0536,1.0,174.5
1517,AllCCS-32859911,Nicotinamide ribotide,C11H16N2O8P,[M-H]-,-1.0,334.0572,-1.0,168.8
1518,AllCCS-32859911,Nicotinamide ribotide,C11H16N2O8P,[M+Na-2H]-,-1.0,356.0391,-1.0,168.5
1519,AllCCS-32859911,Nicotinamide ribotide,C11H16N2O8P,[M+HCOO]-,-1.0,380.0626,-1.0,168.3
1520,DarkChem-31661259,Tetrahydrofolic acid,C19H23N7O6,[M+H]+,1.0,446.1783,1.0,206.7
1521,DarkChem-31661259,Tetrahydrofolic acid,C19H23N7O6,[M-H]-,-1.0,444.1637,-1.0,202.5
1522,AllCCS-32859911,Tetrahydrofolic acid,C19H23N7O6,[M+H]+,1.0,446.1783,1.0,199.4
1523,AllCCS-32859911,Tetrahydrofolic acid,C19H23N7O6,[M-H]-,-1.0,444.1637,-1.0,195.7
1524,DeepCCS-30932474,Tetrahydrofolic acid,C19H23N7O6,[M+H]+,1.0,446.1783,1.0,197.4
1525,DeepCCS-30932474,Tetrahydrofolic acid,C19H23N7O6,[M+H]+,1.0,446.1783,1.0,200.0
1526,DeepCCS-30932474,Tetrahydrofolic acid,C19H23N7O6,[M-H]-,-1.0,444.1637,-1.0,195.0
1527,DeepCCS-30932474,Tetrahydrofolic acid,C19H23N7O6,[M-H]-,-1.0,444.1637,-1.0,197.6
1528,DeepCCS-30932474,Tetrahydrofolic acid,C19H23N7O6,[M-2H]2-,,222.0819,,227.9
1529,DeepCCS-30932474,Tetrahydrofolic acid,C19H23N7O6,[M+Na]+,1.0,468.1602,1.0,203.3
1530,DeepCCS-30932474,Tetrahydrofolic acid,C19H23N7O6,[M-2H]2-,,222.0819,,231.3
1531,DeepCCS-30932474,Tetrahydrofolic acid,C19H23N7O6,[M+Na]+,1.0,468.1602,1.0,206.5
1533,AllCCS-32859911,Tetrahydrofolic acid,C19H23N7O6,[M+H-H2O]+,1.0,428.1677,1.0,197.4
1534,AllCCS-32859911,Tetrahydrofolic acid,C19H23N7O6,[M+NH4]+,1.0,463.2048,1.0,201.2
1535,AllCCS-32859911,Tetrahydrofolic acid,C19H23N7O6,[M+Na]+,1.0,468.1602,1.0,201.7
1537,AllCCS-32859911,Tetrahydrofolic acid,C19H23N7O6,[M+Na-2H]-,-1.0,466.1456,-1.0,196.3
1538,AllCCS-32859911,Tetrahydrofolic acid,C19H23N7O6,[M+HCOO]-,-1.0,490.1692,-1.0,197.1
1539,DarkChem-31661259,6-Phosphonoglucono-D-lactone,C6H11O9P,[M+H]+,1.0,259.0213,1.0,154.4
1541,DarkChem-31661259,6-Phosphonoglucono-D-lactone,C6H11O9P,[M-H]-,-1.0,257.0068,-1.0,150.9
1543,AllCCS-32859911,6-Phosphonoglucono-D-lactone,C6H11O9P,[M+H]+,1.0,259.0213,1.0,155.7
1544,AllCCS-32859911,6-Phosphonoglucono-D-lactone,C6H11O9P,[M-H]-,-1.0,257.0068,-1.0,146.0
1545,DeepCCS-30932474,6-Phosphonoglucono-D-lactone,C6H11O9P,[M+H]+,1.0,259.0213,1.0,143.8
1546,DeepCCS-30932474,6-Phosphonoglucono-D-lactone,C6H11O9P,[M-H]-,-1.0,257.0068,-1.0,141.4
1547,DeepCCS-30932474,6-Phosphonoglucono-D-lactone,C6H11O9P,[M-2H]2-,,128.5034,,176.1
1548,DeepCCS-30932474,6-Phosphonoglucono-D-lactone,C6H11O9P,[M+Na]+,1.0,281.0033,1.0,150.6
1550,AllCCS-32859911,6-Phosphonoglucono-D-lactone,C6H11O9P,[M+H-H2O]+,1.0,241.0108,1.0,152.1
1551,AllCCS-32859911,6-Phosphonoglucono-D-lactone,C6H11O9P,[M+NH4]+,1.0,276.0479,1.0,159.1
1552,AllCCS-32859911,6-Phosphonoglucono-D-lactone,C6H11O9P,[M+Na]+,1.0,281.0033,1.0,160.1
1554,AllCCS-32859911,6-Phosphonoglucono-D-lactone,C6H11O9P,[M+Na-2H]-,-1.0,278.9887,-1.0,146.3
1555,AllCCS-32859911,6-Phosphonoglucono-D-lactone,C6H11O9P,[M+HCOO]-,-1.0,303.0123,-1.0,146.7
1556,DarkChem-31661259,"ADP-ribose 1""-2"" cyclic phosphate",C15H22N5O16P3,[M+H]+,1.0,622.0347,1.0,230.8
1557,DarkChem-31661259,"ADP-ribose 1""-2"" cyclic phosphate",C15H22N5O16P3,[M-H]-,-1.0,620.0202,-1.0,216.7
1558,DeepCCS-30932474,"ADP-ribose 1""-2"" cyclic phosphate",C15H22N5O16P3,[M+H]+,1.0,622.0347,1.0,183.9
1559,DeepCCS-30932474,"ADP-ribose 1""-2"" cyclic phosphate",C15H22N5O16P3,[M-H]-,-1.0,620.0202,-1.0,182.0
1560,DeepCCS-30932474,"ADP-ribose 1""-2"" cyclic phosphate",C15H22N5O16P3,[M-2H]2-,,310.0101,,215.5
1561,DeepCCS-30932474,"ADP-ribose 1""-2"" cyclic phosphate",C15H22N5O16P3,[M+Na]+,1.0,644.0167,1.0,189.7
1562,AllCCS-32859911,"ADP-ribose 1""-2"" cyclic phosphate",C15H22N5O16P3,[M+H]+,1.0,622.0347,1.0,220.7
1563,AllCCS-32859911,"ADP-ribose 1""-2"" cyclic phosphate",C15H22N5O16P3,[M+H-H2O]+,1.0,604.0242,1.0,219.6
1564,AllCCS-32859911,"ADP-ribose 1""-2"" cyclic phosphate",C15H22N5O16P3,[M+NH4]+,1.0,639.0613,1.0,221.6
1565,AllCCS-32859911,"ADP-ribose 1""-2"" cyclic phosphate",C15H22N5O16P3,[M+Na]+,1.0,644.0167,1.0,221.9
1566,AllCCS-32859911,"ADP-ribose 1""-2"" cyclic phosphate",C15H22N5O16P3,[M-H]-,-1.0,620.0202,-1.0,209.7
1567,AllCCS-32859911,"ADP-ribose 1""-2"" cyclic phosphate",C15H22N5O16P3,[M+Na-2H]-,-1.0,642.0021,-1.0,210.8
1568,AllCCS-32859911,"ADP-ribose 1""-2"" cyclic phosphate",C15H22N5O16P3,[M+HCOO]-,-1.0,666.0256,-1.0,212.1
1569,DarkChem-31661259,Oxoadipic acid,C6H8O5,[M+H]+,1.0,161.0444,1.0,137.1
1570,DarkChem-31661259,Oxoadipic acid,C6H8O5,[M-H]-,-1.0,159.0299,-1.0,129.8
1571,AllCCS-32859911,Oxoadipic acid,C6H8O5,[M+H]+,1.0,161.0444,1.0,135.4
1572,AllCCS-32859911,Oxoadipic acid,C6H8O5,[M-H]-,-1.0,159.0299,-1.0,130.4
1573,DeepCCS-30932474,Oxoadipic acid,C6H8O5,[M+H]+,1.0,161.0444,1.0,129.6
1574,DeepCCS-30932474,Oxoadipic acid,C6H8O5,[M-H]-,-1.0,159.0299,-1.0,126.0
1575,DeepCCS-30932474,Oxoadipic acid,C6H8O5,[M-2H]2-,,79.5149,,163.3
1576,DeepCCS-30932474,Oxoadipic acid,C6H8O5,[M+Na]+,1.0,183.0264,1.0,138.5
1577,AllCCS-32859911,Oxoadipic acid,C6H8O5,[M+H]+,1.0,161.0444,1.0,135.3
1578,AllCCS-32859911,Oxoadipic acid,C6H8O5,[M+H-H2O]+,1.0,143.0339,1.0,131.4
1579,AllCCS-32859911,Oxoadipic acid,C6H8O5,[M+NH4]+,1.0,178.071,1.0,139.0
1580,AllCCS-32859911,Oxoadipic acid,C6H8O5,[M+Na]+,1.0,183.0264,1.0,140.1
1582,AllCCS-32859911,Oxoadipic acid,C6H8O5,[M+Na-2H]-,-1.0,181.0118,-1.0,132.1
1583,AllCCS-32859911,Oxoadipic acid,C6H8O5,[M+HCOO]-,-1.0,205.0354,-1.0,134.1
1584,AllCCS-32859911,NADH,C21H29N7O14P2,[M+H]+,1.0,666.132,1.0,231.9
1585,AllCCS-32859911,NADH,C21H29N7O14P2,[M-H]-,-1.0,664.1175,-1.0,223.9
1586,DeepCCS-30932474,NADH,C21H29N7O14P2,[M+H]+,1.0,666.132,1.0,211.4
1587,DeepCCS-30932474,NADH,C21H29N7O14P2,[M-H]-,-1.0,664.1175,-1.0,209.5
1588,DeepCCS-30932474,NADH,C21H29N7O14P2,[M-2H]2-,,332.0587,,243.4
1589,DeepCCS-30932474,NADH,C21H29N7O14P2,[M+Na]+,1.0,688.114,1.0,217.2
1591,AllCCS-32859911,NADH,C21H29N7O14P2,[M+H-H2O]+,1.0,648.1215,1.0,231.3
1592,AllCCS-32859911,NADH,C21H29N7O14P2,[M+NH4]+,1.0,683.1586,1.0,232.5
1593,AllCCS-32859911,NADH,C21H29N7O14P2,[M+Na]+,1.0,688.114,1.0,232.7
1595,AllCCS-32859911,NADH,C21H29N7O14P2,[M+Na-2H]-,-1.0,686.0994,-1.0,225.8
1596,AllCCS-32859911,NADH,C21H29N7O14P2,[M+HCOO]-,-1.0,710.123,-1.0,227.9
1597,AllCCS-32859911,Hydroxymethylbilane,C40H46N4O17,[M+H]+,1.0,855.2931,1.0,284.2
1598,AllCCS-32859911,Hydroxymethylbilane,C40H46N4O17,[M-H]-,-1.0,853.2785,-1.0,285.6
1599,DeepCCS-30932474,Hydroxymethylbilane,C40H46N4O17,[M+H]+,1.0,855.2931,1.0,271.2
1600,DeepCCS-30932474,Hydroxymethylbilane,C40H46N4O17,[M-H]-,-1.0,853.2785,-1.0,269.3
1601,DeepCCS-30932474,Hydroxymethylbilane,C40H46N4O17,[M-2H]2-,,426.6393,,303.0
1602,DeepCCS-30932474,Hydroxymethylbilane,C40H46N4O17,[M+Na]+,1.0,877.275,1.0,277.0
1604,AllCCS-32859911,Hydroxymethylbilane,C40H46N4O17,[M+H-H2O]+,1.0,837.2825,1.0,284.1
1605,AllCCS-32859911,Hydroxymethylbilane,C40H46N4O17,[M+NH4]+,1.0,872.3196,1.0,284.3
1606,AllCCS-32859911,Hydroxymethylbilane,C40H46N4O17,[M+Na]+,1.0,877.275,1.0,284.3
1608,AllCCS-32859911,Hydroxymethylbilane,C40H46N4O17,[M+Na-2H]-,-1.0,875.2605,-1.0,291.5
1609,AllCCS-32859911,Hydroxymethylbilane,C40H46N4O17,[M+HCOO]-,-1.0,899.284,-1.0,297.9
1610,DarkChem-31661259,D-Glucose,C6H12O6,[M+H]+,1.0,181.0707,1.0,140.5
1611,DarkChem-31661259,D-Glucose,C6H12O6,[M-H]-,-1.0,179.0561,-1.0,135.4
1612,AllCCS-32859911,D-Glucose,C6H12O6,[M+H]+,1.0,181.0707,1.0,141.0
1613,AllCCS-32859911,D-Glucose,C6H12O6,[M-H]-,-1.0,179.0561,-1.0,131.8
1614,DeepCCS-30932474,D-Glucose,C6H12O6,[M+H]+,1.0,181.0707,1.0,141.7
1615,DeepCCS-30932474,D-Glucose,C6H12O6,[M-H]-,-1.0,179.0561,-1.0,139.3
1616,DeepCCS-30932474,D-Glucose,C6H12O6,[M-2H]2-,,89.5281,,173.9
1617,DeepCCS-30932474,D-Glucose,C6H12O6,[M+Na]+,1.0,203.0526,1.0,148.2
1619,AllCCS-32859911,D-Glucose,C6H12O6,[M+H-H2O]+,1.0,163.0601,1.0,136.8
1620,AllCCS-32859911,D-Glucose,C6H12O6,[M+NH4]+,1.0,198.0972,1.0,145.0
1621,AllCCS-32859911,D-Glucose,C6H12O6,[M+Na]+,1.0,203.0526,1.0,146.2
1623,AllCCS-32859911,D-Glucose,C6H12O6,[M+Na-2H]-,-1.0,201.0381,-1.0,132.8
1624,AllCCS-32859911,D-Glucose,C6H12O6,[M+HCOO]-,-1.0,225.0616,-1.0,134.0
1625,DarkChem-31661259,Chorismate,C10H10O6,[M+H]+,1.0,227.055,1.0,154.0
1626,DarkChem-31661259,Chorismate,C10H10O6,[M-H]-,-1.0,225.0405,-1.0,146.0
1627,DeepCCS-30932474,Chorismate,C10H10O6,[M+H]+,1.0,227.055,1.0,149.1
1628,DeepCCS-30932474,Chorismate,C10H10O6,[M-H]-,-1.0,225.0405,-1.0,146.7
1629,DeepCCS-30932474,Chorismate,C10H10O6,[M-2H]2-,,112.5202,,180.0
1630,DeepCCS-30932474,Chorismate,C10H10O6,[M+Na]+,1.0,249.037,1.0,155.0
1631,AllCCS-32859911,Chorismate,C10H10O6,[M+H]+,1.0,227.055,1.0,150.8
1632,AllCCS-32859911,Chorismate,C10H10O6,[M+H-H2O]+,1.0,209.0444,1.0,147.0
1633,AllCCS-32859911,Chorismate,C10H10O6,[M+NH4]+,1.0,244.0816,1.0,154.3
1634,AllCCS-32859911,Chorismate,C10H10O6,[M+Na]+,1.0,249.037,1.0,155.3
1635,AllCCS-32859911,Chorismate,C10H10O6,[M-H]-,-1.0,225.0405,-1.0,146.2
1636,AllCCS-32859911,Chorismate,C10H10O6,[M+Na-2H]-,-1.0,247.0224,-1.0,146.5
1637,AllCCS-32859911,Chorismate,C10H10O6,[M+HCOO]-,-1.0,271.0459,-1.0,146.9
1638,DarkChem-31661259,5'-Deoxyadenosine,C10H13N5O3,[M+H]+,1.0,252.1091,1.0,158.7
1639,DarkChem-31661259,5'-Deoxyadenosine,C10H13N5O3,[M-H]-,-1.0,250.0946,-1.0,152.6
1640,AllCCS-32859911,5'-Deoxyadenosine,C10H13N5O3,[M+H]+,1.0,252.1091,1.0,157.6
1641,AllCCS-32859911,5'-Deoxyadenosine,C10H13N5O3,[M-H]-,-1.0,250.0946,-1.0,156.6
1642,DeepCCS-30932474,5'-Deoxyadenosine,C10H13N5O3,[M-2H]2-,,125.0473,,185.2
1643,DeepCCS-30932474,5'-Deoxyadenosine,C10H13N5O3,[M+Na]+,1.0,274.0911,1.0,160.0
1645,AllCCS-32859911,5'-Deoxyadenosine,C10H13N5O3,[M+H-H2O]+,1.0,234.0986,1.0,154.0
1646,AllCCS-32859911,5'-Deoxyadenosine,C10H13N5O3,[M+NH4]+,1.0,269.1357,1.0,161.0
1647,AllCCS-32859911,5'-Deoxyadenosine,C10H13N5O3,[M+Na]+,1.0,274.0911,1.0,162.0
1649,AllCCS-32859911,5'-Deoxyadenosine,C10H13N5O3,[M+Na-2H]-,-1.0,272.0765,-1.0,156.3
1650,AllCCS-32859911,5'-Deoxyadenosine,C10H13N5O3,[M+HCOO]-,-1.0,296.1,-1.0,156.0
1651,DarkChem-31661259,4-Hydroxyphenylpyruvic acid,C9H8O4,[M+H]+,1.0,181.0495,1.0,140.3
1653,DarkChem-31661259,4-Hydroxyphenylpyruvic acid,C9H8O4,[M-H]-,-1.0,179.035,-1.0,137.8
1655,AllCCS-32859911,4-Hydroxyphenylpyruvic acid,C9H8O4,[M+H]+,1.0,181.0495,1.0,138.2
1656,AllCCS-32859911,4-Hydroxyphenylpyruvic acid,C9H8O4,[M-H]-,-1.0,179.035,-1.0,136.3
1657,DeepCCS-30932474,4-Hydroxyphenylpyruvic acid,C9H8O4,[M+H]+,1.0,181.0495,1.0,137.0
1658,DeepCCS-30932474,4-Hydroxyphenylpyruvic acid,C9H8O4,[M-H]-,-1.0,179.035,-1.0,134.7
1659,DeepCCS-30932474,4-Hydroxyphenylpyruvic acid,C9H8O4,[M-2H]2-,,89.5175,,170.0
1660,DeepCCS-30932474,4-Hydroxyphenylpyruvic acid,C9H8O4,[M+Na]+,1.0,203.0315,1.0,144.5
1662,AllCCS-32859911,4-Hydroxyphenylpyruvic acid,C9H8O4,[M+H-H2O]+,1.0,163.039,1.0,133.9
1663,AllCCS-32859911,4-Hydroxyphenylpyruvic acid,C9H8O4,[M+NH4]+,1.0,198.0761,1.0,142.2
1664,AllCCS-32859911,4-Hydroxyphenylpyruvic acid,C9H8O4,[M+Na]+,1.0,203.0315,1.0,143.3
1666,AllCCS-32859911,4-Hydroxyphenylpyruvic acid,C9H8O4,[M+Na-2H]-,-1.0,201.0169,-1.0,137.0
1667,AllCCS-32859911,4-Hydroxyphenylpyruvic acid,C9H8O4,[M+HCOO]-,-1.0,225.0405,-1.0,137.9
1668,DarkChem-31661259,L-Valine,C5H11NO2,[M+H]+,1.0,118.0863,1.0,126.6
1669,DarkChem-31661259,L-Valine,C5H11NO2,[M-H]-,-1.0,116.0717,-1.0,120.1
1670,AllCCS-32859911,L-Valine,C5H11NO2,[M+H]+,1.0,118.0863,1.0,129.5
1671,AllCCS-32859911,L-Valine,C5H11NO2,[M-H]-,-1.0,116.0717,-1.0,126.3
1672,DeepCCS-30932474,L-Valine,C5H11NO2,[M+H]+,1.0,118.0863,1.0,124.7
1673,DeepCCS-30932474,L-Valine,C5H11NO2,[M-H]-,-1.0,116.0717,-1.0,121.5
1674,DeepCCS-30932474,L-Valine,C5H11NO2,[M-2H]2-,,58.0359,,158.3
1675,DeepCCS-30932474,L-Valine,C5H11NO2,[M+Na]+,1.0,140.0682,1.0,133.3
1677,AllCCS-32859911,L-Valine,C5H11NO2,[M+H-H2O]+,1.0,100.0757,1.0,125.3
1678,AllCCS-32859911,L-Valine,C5H11NO2,[M+NH4]+,1.0,135.1128,1.0,133.4
1679,AllCCS-32859911,L-Valine,C5H11NO2,[M+Na]+,1.0,140.0682,1.0,134.5
1681,AllCCS-32859911,L-Valine,C5H11NO2,[M+Na-2H]-,-1.0,138.0536,-1.0,129.6
1682,AllCCS-32859911,L-Valine,C5H11NO2,[M+HCOO]-,-1.0,162.0772,-1.0,133.3
1683,DarkChem-31661259,Oxoglutaric acid,C5H6O5,[M+H]+,1.0,147.0288,1.0,131.9
1685,DarkChem-31661259,Oxoglutaric acid,C5H6O5,[M-H]-,-1.0,145.0142,-1.0,126.1
1687,AllCCS-32859911,Oxoglutaric acid,C5H6O5,[M+H]+,1.0,147.0288,1.0,132.7
1688,AllCCS-32859911,Oxoglutaric acid,C5H6O5,[M-H]-,-1.0,145.0142,-1.0,126.0
1689,DeepCCS-30932474,Oxoglutaric acid,C5H6O5,[M+H]+,1.0,147.0288,1.0,125.6
1690,DeepCCS-30932474,Oxoglutaric acid,C5H6O5,[M-H]-,-1.0,145.0142,-1.0,122.5
1691,DeepCCS-30932474,Oxoglutaric acid,C5H6O5,[M-2H]2-,,72.5071,,159.4
1692,DeepCCS-30932474,Oxoglutaric acid,C5H6O5,[M+Na]+,1.0,169.0107,1.0,134.3
1694,AllCCS-32859911,Oxoglutaric acid,C5H6O5,[M+H-H2O]+,1.0,129.0182,1.0,128.7
1695,AllCCS-32859911,Oxoglutaric acid,C5H6O5,[M+NH4]+,1.0,164.0553,1.0,136.5
1696,AllCCS-32859911,Oxoglutaric acid,C5H6O5,[M+Na]+,1.0,169.0107,1.0,137.6
1698,AllCCS-32859911,Oxoglutaric acid,C5H6O5,[M+Na-2H]-,-1.0,166.9962,-1.0,128.1
1699,AllCCS-32859911,Oxoglutaric acid,C5H6O5,[M+HCOO]-,-1.0,191.0197,-1.0,130.5
1700,DarkChem-31661259,L-Alanine,C3H7NO2,[M+H]+,1.0,90.055,1.0,116.8
1701,DarkChem-31661259,L-Alanine,C3H7NO2,[M-H]-,-1.0,88.0404,-1.0,112.6
1702,AllCCS-32859911,L-Alanine,C3H7NO2,[M+H]+,1.0,90.055,1.0,125.6
1703,AllCCS-32859911,L-Alanine,C3H7NO2,[M-H]-,-1.0,88.0404,-1.0,123.4
1704,DeepCCS-30932474,L-Alanine,C3H7NO2,[M+H]+,1.0,90.055,1.0,121.4
1705,DeepCCS-30932474,L-Alanine,C3H7NO2,[M-H]-,-1.0,88.0404,-1.0,118.6
1706,DeepCCS-30932474,L-Alanine,C3H7NO2,[M-2H]2-,,44.0202,,155.0
1707,DeepCCS-30932474,L-Alanine,C3H7NO2,[M+Na]+,1.0,112.0369,1.0,129.6
1709,AllCCS-32859911,L-Alanine,C3H7NO2,[M+H-H2O]+,1.0,72.0444,1.0,121.2
1710,AllCCS-32859911,L-Alanine,C3H7NO2,[M+NH4]+,1.0,107.0815,1.0,129.7
1711,AllCCS-32859911,L-Alanine,C3H7NO2,[M+Na]+,1.0,112.0369,1.0,130.9
1713,AllCCS-32859911,L-Alanine,C3H7NO2,[M+Na-2H]-,-1.0,110.0223,-1.0,128.0
1714,AllCCS-32859911,L-Alanine,C3H7NO2,[M+HCOO]-,-1.0,134.0459,-1.0,133.2
1715,DarkChem-31661259,Quinone,C6H4O2,[M+H]+,1.0,109.0284,1.0,123.2
1716,DarkChem-31661259,Quinone,C6H4O2,[M-H]-,-1.0,107.0139,-1.0,117.3
1717,DeepCCS-30932474,Quinone,C6H4O2,[M+H]+,1.0,109.0284,1.0,122.4
1718,DeepCCS-30932474,Quinone,C6H4O2,[M-H]-,-1.0,107.0139,-1.0,118.9
1719,DeepCCS-30932474,Quinone,C6H4O2,[M-2H]2-,,53.5069,,156.1
1720,DeepCCS-30932474,Quinone,C6H4O2,[M+Na]+,1.0,131.0103,1.0,131.2
1721,AllCCS-32859911,Quinone,C6H4O2,[M+H]+,1.0,109.0284,1.0,122.5
1722,AllCCS-32859911,Quinone,C6H4O2,[M+H-H2O]+,1.0,91.0178,1.0,117.5
1723,AllCCS-32859911,Quinone,C6H4O2,[M+NH4]+,1.0,126.055,1.0,127.1
1724,AllCCS-32859911,Quinone,C6H4O2,[M+Na]+,1.0,131.0103,1.0,128.4
1725,AllCCS-32859911,Quinone,C6H4O2,[M-H]-,-1.0,107.0139,-1.0,119.1
1726,AllCCS-32859911,Quinone,C6H4O2,[M+Na-2H]-,-1.0,128.9958,-1.0,121.6
1727,AllCCS-32859911,Quinone,C6H4O2,[M+HCOO]-,-1.0,153.0193,-1.0,124.4
1728,DarkChem-31661259,Protoporphyrinogen IX,C34H40N4O4,[M+H]+,1.0,569.3122,1.0,231.9
1729,DarkChem-31661259,Protoporphyrinogen IX,C34H40N4O4,[M-H]-,-1.0,567.2977,-1.0,229.5
1730,AllCCS-32859911,Protoporphyrinogen IX,C34H40N4O4,[M+H]+,1.0,569.3122,1.0,238.3
1731,AllCCS-32859911,Protoporphyrinogen IX,C34H40N4O4,[M-H]-,-1.0,567.2977,-1.0,234.8
1732,DeepCCS-30932474,Protoporphyrinogen IX,C34H40N4O4,[M+H]+,1.0,569.3122,1.0,241.1
1733,DeepCCS-30932474,Protoporphyrinogen IX,C34H40N4O4,[M-H]-,-1.0,567.2977,-1.0,238.9
1734,DeepCCS-30932474,Protoporphyrinogen IX,C34H40N4O4,[M-2H]2-,,283.6488,,272.2
1735,DeepCCS-30932474,Protoporphyrinogen IX,C34H40N4O4,[M+Na]+,1.0,591.2942,1.0,247.0
1737,AllCCS-32859911,Protoporphyrinogen IX,C34H40N4O4,[M+H-H2O]+,1.0,551.3017,1.0,236.8
1738,AllCCS-32859911,Protoporphyrinogen IX,C34H40N4O4,[M+NH4]+,1.0,586.3388,1.0,239.6
1739,AllCCS-32859911,Protoporphyrinogen IX,C34H40N4O4,[M+Na]+,1.0,591.2942,1.0,240.0
1741,AllCCS-32859911,Protoporphyrinogen IX,C34H40N4O4,[M+Na-2H]-,-1.0,589.2796,-1.0,236.6
1742,AllCCS-32859911,Protoporphyrinogen IX,C34H40N4O4,[M+HCOO]-,-1.0,613.3032,-1.0,238.7
1743,DarkChem-31661259,Nicotinic acid ribonucleoside,C11H14NO6,[M+H]+,1.0,257.0894,1.0,158.7
1744,DarkChem-31661259,Nicotinic acid ribonucleoside,C11H14NO6,[M-H]-,-1.0,255.0748,-1.0,155.6
1745,DeepCCS-30932474,Nicotinic acid ribonucleoside,C11H14NO6,[M+H]+,1.0,257.0894,1.0,156.1
1746,DeepCCS-30932474,Nicotinic acid ribonucleoside,C11H14NO6,[M-H]-,-1.0,255.0748,-1.0,153.7
1747,DeepCCS-30932474,Nicotinic acid ribonucleoside,C11H14NO6,[M-2H]2-,,127.5374,,187.5
1748,DeepCCS-30932474,Nicotinic acid ribonucleoside,C11H14NO6,[M+Na]+,1.0,279.0713,1.0,162.5
1749,AllCCS-32859911,Nicotinic acid ribonucleoside,C11H14NO6,[M+H]+,1.0,257.0894,1.0,156.2
1750,AllCCS-32859911,Nicotinic acid ribonucleoside,C11H14NO6,[M+H-H2O]+,1.0,239.0788,1.0,152.6
1751,AllCCS-32859911,Nicotinic acid ribonucleoside,C11H14NO6,[M+NH4]+,1.0,274.1159,1.0,159.6
1752,AllCCS-32859911,Nicotinic acid ribonucleoside,C11H14NO6,[M+Na]+,1.0,279.0713,1.0,160.5
1753,AllCCS-32859911,Nicotinic acid ribonucleoside,C11H14NO6,[M-H]-,-1.0,255.0748,-1.0,156.3
1754,AllCCS-32859911,Nicotinic acid ribonucleoside,C11H14NO6,[M+Na-2H]-,-1.0,277.0568,-1.0,155.9
1755,AllCCS-32859911,Nicotinic acid ribonucleoside,C11H14NO6,[M+HCOO]-,-1.0,301.0803,-1.0,155.7
1756,DarkChem-31661259,Glutathione,C10H17N3O6S,[M+H]+,1.0,308.0911,1.0,170.6
1758,DarkChem-31661259,Glutathione,C10H17N3O6S,[M-H]-,-1.0,306.0765,-1.0,165.0
1760,AllCCS-32859911,Glutathione,C10H17N3O6S,[M+H]+,1.0,308.0911,1.0,165.4
1761,AllCCS-32859911,Glutathione,C10H17N3O6S,[M-H]-,-1.0,306.0765,-1.0,165.7
1762,DeepCCS-30932474,Glutathione,C10H17N3O6S,[M+H]+,1.0,308.0911,1.0,168.3
1763,DeepCCS-30932474,Glutathione,C10H17N3O6S,[M-H]-,-1.0,306.0765,-1.0,165.9
1764,DeepCCS-30932474,Glutathione,C10H17N3O6S,[M-2H]2-,,153.0383,,198.9
1765,DeepCCS-30932474,Glutathione,C10H17N3O6S,[M+Na]+,1.0,330.073,1.0,174.4
1767,AllCCS-32859911,Glutathione,C10H17N3O6S,[M+H-H2O]+,1.0,290.0805,1.0,162.7
1768,AllCCS-32859911,Glutathione,C10H17N3O6S,[M+NH4]+,1.0,325.1176,1.0,168.0
1769,AllCCS-32859911,Glutathione,C10H17N3O6S,[M+Na]+,1.0,330.073,1.0,168.7
1771,AllCCS-32859911,Glutathione,C10H17N3O6S,[M+Na-2H]-,-1.0,328.0585,-1.0,166.2
1772,AllCCS-32859911,Glutathione,C10H17N3O6S,[M+HCOO]-,-1.0,352.082,-1.0,167.0
1773,DeepCCS-30932474,D-Xylulose,C5H10O5,[M+H]+,1.0,151.0601,1.0,132.2
1774,DeepCCS-30932474,D-Xylulose,C5H10O5,[M-H]-,-1.0,149.0455,-1.0,130.0
1775,DeepCCS-30932474,D-Xylulose,C5H10O5,[M-2H]2-,,74.5228,,164.7
1776,DeepCCS-30932474,D-Xylulose,C5H10O5,[M+Na]+,1.0,173.042,1.0,138.8
1777,AllCCS-32859911,D-Xylulose,C5H10O5,[M+H]+,1.0,151.0601,1.0,133.7
1778,AllCCS-32859911,D-Xylulose,C5H10O5,[M+H-H2O]+,1.0,133.0495,1.0,129.3
1779,AllCCS-32859911,D-Xylulose,C5H10O5,[M+NH4]+,1.0,168.0866,1.0,137.8
1780,AllCCS-32859911,D-Xylulose,C5H10O5,[M+Na]+,1.0,173.042,1.0,138.9
1781,AllCCS-32859911,D-Xylulose,C5H10O5,[M-H]-,-1.0,149.0455,-1.0,124.7
1782,AllCCS-32859911,D-Xylulose,C5H10O5,[M+Na-2H]-,-1.0,171.0275,-1.0,126.4
1783,AllCCS-32859911,D-Xylulose,C5H10O5,[M+HCOO]-,-1.0,195.051,-1.0,128.3
1784,DarkChem-31661259,5-Thymidylic acid,C10H15N2O8P,[M+H]+,1.0,323.0639,1.0,169.5
1785,DarkChem-31661259,5-Thymidylic acid,C10H15N2O8P,[M-H]-,-1.0,321.0493,-1.0,165.6
1786,AllCCS-32859911,5-Thymidylic acid,C10H15N2O8P,[M+H]+,1.0,323.0639,1.0,169.7
1787,AllCCS-32859911,5-Thymidylic acid,C10H15N2O8P,[M-H]-,-1.0,321.0493,-1.0,166.1
1788,DeepCCS-30932474,5-Thymidylic acid,C10H15N2O8P,[M+H]+,1.0,323.0639,1.0,172.5
1789,DeepCCS-30932474,5-Thymidylic acid,C10H15N2O8P,[M-H]-,-1.0,321.0493,-1.0,170.1
1790,DeepCCS-30932474,5-Thymidylic acid,C10H15N2O8P,[M-2H]2-,,160.5247,,204.2
1791,DeepCCS-30932474,5-Thymidylic acid,C10H15N2O8P,[M+Na]+,1.0,345.0458,1.0,180.1
1793,AllCCS-32859911,5-Thymidylic acid,C10H15N2O8P,[M+H-H2O]+,1.0,305.0533,1.0,166.6
1794,AllCCS-32859911,5-Thymidylic acid,C10H15N2O8P,[M+NH4]+,1.0,340.0904,1.0,172.5
1795,AllCCS-32859911,5-Thymidylic acid,C10H15N2O8P,[M+Na]+,1.0,345.0458,1.0,173.3
1797,AllCCS-32859911,5-Thymidylic acid,C10H15N2O8P,[M+Na-2H]-,-1.0,343.0313,-1.0,166.1
1798,AllCCS-32859911,5-Thymidylic acid,C10H15N2O8P,[M+HCOO]-,-1.0,367.0548,-1.0,166.2
1799,DeepCCS-30932474,Phosphoribosyl-ATP,C15H25N5O20P4,[M+H]+,1.0,720.0116,1.0,199.0
1800,DeepCCS-30932474,Phosphoribosyl-ATP,C15H25N5O20P4,[M-H]-,-1.0,717.9971,-1.0,196.6
1801,DeepCCS-30932474,Phosphoribosyl-ATP,C15H25N5O20P4,[M-2H]2-,,358.9985,,230.2
1802,DeepCCS-30932474,Phosphoribosyl-ATP,C15H25N5O20P4,[M+Na]+,1.0,741.9936,1.0,204.9
1803,AllCCS-32859911,Phosphoribosyl-ATP,C15H25N5O20P4,[M+H]+,1.0,720.0116,1.0,225.6
1804,AllCCS-32859911,Phosphoribosyl-ATP,C15H25N5O20P4,[M+H-H2O]+,1.0,702.001,1.0,225.2
1805,AllCCS-32859911,Phosphoribosyl-ATP,C15H25N5O20P4,[M+NH4]+,1.0,737.0382,1.0,226.0
1806,AllCCS-32859911,Phosphoribosyl-ATP,C15H25N5O20P4,[M+Na]+,1.0,741.9936,1.0,226.0
1807,AllCCS-32859911,Phosphoribosyl-ATP,C15H25N5O20P4,[M-H]-,-1.0,717.9971,-1.0,225.2
1808,AllCCS-32859911,Phosphoribosyl-ATP,C15H25N5O20P4,[M+Na-2H]-,-1.0,739.979,-1.0,227.1
1809,AllCCS-32859911,Phosphoribosyl-ATP,C15H25N5O20P4,[M+HCOO]-,-1.0,764.0025,-1.0,229.4
1810,DarkChem-31661259,Lactaldehyde,C3H6O2,[M+H]+,1.0,75.0441,1.0,113.6
1811,DarkChem-31661259,Lactaldehyde,C3H6O2,[M-H]-,-1.0,73.0295,-1.0,106.7
1812,DeepCCS-30932474,Lactaldehyde,C3H6O2,[M+H]+,1.0,75.0441,1.0,118.0
1813,DeepCCS-30932474,Lactaldehyde,C3H6O2,[M-H]-,-1.0,73.0295,-1.0,116.0
1814,DeepCCS-30932474,Lactaldehyde,C3H6O2,[M-2H]2-,,36.5148,,151.8
1815,DeepCCS-30932474,Lactaldehyde,C3H6O2,[M+Na]+,1.0,97.026,1.0,126.3
1816,AllCCS-32859911,Lactaldehyde,C3H6O2,[M+H]+,1.0,75.0441,1.0,122.8
1817,AllCCS-32859911,Lactaldehyde,C3H6O2,[M+H-H2O]+,1.0,57.0335,1.0,118.3
1818,AllCCS-32859911,Lactaldehyde,C3H6O2,[M+NH4]+,1.0,92.0706,1.0,127.0
1819,AllCCS-32859911,Lactaldehyde,C3H6O2,[M+Na]+,1.0,97.026,1.0,128.2
1820,AllCCS-32859911,Lactaldehyde,C3H6O2,[M-H]-,-1.0,73.0295,-1.0,129.8
1821,AllCCS-32859911,Lactaldehyde,C3H6O2,[M+Na-2H]-,-1.0,95.0114,-1.0,135.4
1822,AllCCS-32859911,Lactaldehyde,C3H6O2,[M+HCOO]-,-1.0,119.035,-1.0,141.5
1823,DeepCCS-30932474,3-Methyl-2-oxovaleric acid,C6H10O3,[M+H]+,1.0,131.0703,1.0,126.4
1824,DeepCCS-30932474,3-Methyl-2-oxovaleric acid,C6H10O3,[M-H]-,-1.0,129.0557,-1.0,122.6
1825,DeepCCS-30932474,3-Methyl-2-oxovaleric acid,C6H10O3,[M-2H]2-,,64.5279,,159.9
1826,DeepCCS-30932474,3-Methyl-2-oxovaleric acid,C6H10O3,[M+Na]+,1.0,153.0522,1.0,135.0
1827,AllCCS-32859911,3-Methyl-2-oxovaleric acid,C6H10O3,[M+H]+,1.0,131.0703,1.0,130.9
1828,AllCCS-32859911,3-Methyl-2-oxovaleric acid,C6H10O3,[M+H-H2O]+,1.0,113.0597,1.0,126.7
1829,AllCCS-32859911,3-Methyl-2-oxovaleric acid,C6H10O3,[M+NH4]+,1.0,148.0968,1.0,134.8
1830,AllCCS-32859911,3-Methyl-2-oxovaleric acid,C6H10O3,[M+Na]+,1.0,153.0522,1.0,135.9
1831,AllCCS-32859911,3-Methyl-2-oxovaleric acid,C6H10O3,[M-H]-,-1.0,129.0557,-1.0,128.0
1832,AllCCS-32859911,3-Methyl-2-oxovaleric acid,C6H10O3,[M+Na-2H]-,-1.0,151.0377,-1.0,130.8
1833,AllCCS-32859911,3-Methyl-2-oxovaleric acid,C6H10O3,[M+HCOO]-,-1.0,175.0612,-1.0,133.8
1834,DarkChem-31661259,Pyruvaldehyde,C3H4O2,[M+H]+,1.0,73.0284,1.0,111.5
1835,DarkChem-31661259,Pyruvaldehyde,C3H4O2,[M-H]-,-1.0,71.0139,-1.0,104.4
1836,AllCCS-32859911,Pyruvaldehyde,C3H4O2,[M+H]+,1.0,73.0284,1.0,121.1
1837,AllCCS-32859911,Pyruvaldehyde,C3H4O2,[M-H]-,-1.0,71.0139,-1.0,128.9
1838,DeepCCS-30932474,Pyruvaldehyde,C3H4O2,[M+H]+,1.0,73.0284,1.0,119.8
1839,DeepCCS-30932474,Pyruvaldehyde,C3H4O2,[M-H]-,-1.0,71.0139,-1.0,117.9
1840,DeepCCS-30932474,Pyruvaldehyde,C3H4O2,[M-2H]2-,,35.5069,,153.6
1841,DeepCCS-30932474,Pyruvaldehyde,C3H4O2,[M+Na]+,1.0,95.0103,1.0,128.0
1843,AllCCS-32859911,Pyruvaldehyde,C3H4O2,[M+H-H2O]+,1.0,55.0178,1.0,116.6
1844,AllCCS-32859911,Pyruvaldehyde,C3H4O2,[M+NH4]+,1.0,90.055,1.0,125.4
1845,AllCCS-32859911,Pyruvaldehyde,C3H4O2,[M+Na]+,1.0,95.0103,1.0,126.6
1847,AllCCS-32859911,Pyruvaldehyde,C3H4O2,[M+Na-2H]-,-1.0,92.9958,-1.0,134.4
1848,AllCCS-32859911,Pyruvaldehyde,C3H4O2,[M+HCOO]-,-1.0,117.0193,-1.0,140.5
1849,DeepCCS-30932474,5-Amino-6-ribitylamino uracil,C9H16N4O6,[M+H]+,1.0,277.1143,1.0,170.3
1850,DeepCCS-30932474,5-Amino-6-ribitylamino uracil,C9H16N4O6,[M-H]-,-1.0,275.0997,-1.0,167.9
1851,DeepCCS-30932474,5-Amino-6-ribitylamino uracil,C9H16N4O6,[M-2H]2-,,137.5499,,200.8
1852,DeepCCS-30932474,5-Amino-6-ribitylamino uracil,C9H16N4O6,[M+Na]+,1.0,299.0962,1.0,176.4
1853,AllCCS-32859911,5-Amino-6-ribitylamino uracil,C9H16N4O6,[M+H]+,1.0,277.1143,1.0,160.4
1854,AllCCS-32859911,5-Amino-6-ribitylamino uracil,C9H16N4O6,[M+H-H2O]+,1.0,259.1037,1.0,157.1
1855,AllCCS-32859911,5-Amino-6-ribitylamino uracil,C9H16N4O6,[M+NH4]+,1.0,294.1408,1.0,163.5
1856,AllCCS-32859911,5-Amino-6-ribitylamino uracil,C9H16N4O6,[M+Na]+,1.0,299.0962,1.0,164.4
1857,AllCCS-32859911,5-Amino-6-ribitylamino uracil,C9H16N4O6,[M-H]-,-1.0,275.0997,-1.0,159.2
1858,AllCCS-32859911,5-Amino-6-ribitylamino uracil,C9H16N4O6,[M+Na-2H]-,-1.0,297.0817,-1.0,159.3
1859,AllCCS-32859911,5-Amino-6-ribitylamino uracil,C9H16N4O6,[M+HCOO]-,-1.0,321.1052,-1.0,159.5
1860,DarkChem-31661259,S-Hydroxymethylglutathione,C11H19N3O7S,[M+H]+,1.0,338.1016,1.0,177.2
1861,DarkChem-31661259,S-Hydroxymethylglutathione,C11H19N3O7S,[M-H]-,-1.0,336.0871,-1.0,175.4
1862,DeepCCS-30932474,S-Hydroxymethylglutathione,C11H19N3O7S,[M+H]+,1.0,338.1016,1.0,174.2
1863,DeepCCS-30932474,S-Hydroxymethylglutathione,C11H19N3O7S,[M-H]-,-1.0,336.0871,-1.0,171.9
1864,DeepCCS-30932474,S-Hydroxymethylglutathione,C11H19N3O7S,[M-2H]2-,,168.0435,,205.3
1865,DeepCCS-30932474,S-Hydroxymethylglutathione,C11H19N3O7S,[M+Na]+,1.0,360.0836,1.0,180.5
1866,AllCCS-32859911,S-Hydroxymethylglutathione,C11H19N3O7S,[M+H]+,1.0,338.1016,1.0,170.7
1867,AllCCS-32859911,S-Hydroxymethylglutathione,C11H19N3O7S,[M+H-H2O]+,1.0,320.0911,1.0,168.2
1868,AllCCS-32859911,S-Hydroxymethylglutathione,C11H19N3O7S,[M+NH4]+,1.0,355.1282,1.0,173.0
1869,AllCCS-32859911,S-Hydroxymethylglutathione,C11H19N3O7S,[M+Na]+,1.0,360.0836,1.0,173.7
1870,AllCCS-32859911,S-Hydroxymethylglutathione,C11H19N3O7S,[M-H]-,-1.0,336.0871,-1.0,171.1
1871,AllCCS-32859911,S-Hydroxymethylglutathione,C11H19N3O7S,[M+Na-2H]-,-1.0,358.069,-1.0,171.4
1872,AllCCS-32859911,S-Hydroxymethylglutathione,C11H19N3O7S,[M+HCOO]-,-1.0,382.0926,-1.0,171.8
1873,DarkChem-31661259,myo-Inositol,C6H12O6,[M+H]+,1.0,181.0707,1.0,140.8
1874,DarkChem-31661259,myo-Inositol,C6H12O6,[M-H]-,-1.0,179.0561,-1.0,136.2
1875,AllCCS-32859911,myo-Inositol,C6H12O6,[M+H]+,1.0,181.0707,1.0,141.7
1876,AllCCS-32859911,myo-Inositol,C6H12O6,[M-H]-,-1.0,179.0561,-1.0,129.5
1877,DeepCCS-30932474,myo-Inositol,C6H12O6,[M+H]+,1.0,181.0707,1.0,144.1
1878,DeepCCS-30932474,myo-Inositol,C6H12O6,[M-H]-,-1.0,179.0561,-1.0,141.7
1879,DeepCCS-30932474,myo-Inositol,C6H12O6,[M-2H]2-,,89.5281,,176.3
1880,DeepCCS-30932474,myo-Inositol,C6H12O6,[M+Na]+,1.0,203.0526,1.0,150.7
1882,AllCCS-32859911,myo-Inositol,C6H12O6,[M+H-H2O]+,1.0,163.0601,1.0,137.7
1883,AllCCS-32859911,myo-Inositol,C6H12O6,[M+NH4]+,1.0,198.0972,1.0,145.4
1884,AllCCS-32859911,myo-Inositol,C6H12O6,[M+Na]+,1.0,203.0526,1.0,146.5
1886,AllCCS-32859911,myo-Inositol,C6H12O6,[M+Na-2H]-,-1.0,201.0381,-1.0,130.5
1887,AllCCS-32859911,myo-Inositol,C6H12O6,[M+HCOO]-,-1.0,225.0616,-1.0,131.6
1888,DeepCCS-30932474,"2-Hexaprenyl-6-methoxy-1,4-benzoquinone",C37H54O3,[M+H]+,1.0,547.4146,1.0,242.6
1889,DeepCCS-30932474,"2-Hexaprenyl-6-methoxy-1,4-benzoquinone",C37H54O3,[M-H]-,-1.0,545.4,-1.0,240.2
1890,DeepCCS-30932474,"2-Hexaprenyl-6-methoxy-1,4-benzoquinone",C37H54O3,[M-2H]2-,,272.7,,273.1
1891,DeepCCS-30932474,"2-Hexaprenyl-6-methoxy-1,4-benzoquinone",C37H54O3,[M+Na]+,1.0,569.3965,1.0,248.5
1892,AllCCS-32859911,"2-Hexaprenyl-6-methoxy-1,4-benzoquinone",C37H54O3,[M+H]+,1.0,547.4146,1.0,244.6
1893,AllCCS-32859911,"2-Hexaprenyl-6-methoxy-1,4-benzoquinone",C37H54O3,[M+H-H2O]+,1.0,529.404,1.0,243.0
1894,AllCCS-32859911,"2-Hexaprenyl-6-methoxy-1,4-benzoquinone",C37H54O3,[M+NH4]+,1.0,564.4411,1.0,246.0
1895,AllCCS-32859911,"2-Hexaprenyl-6-methoxy-1,4-benzoquinone",C37H54O3,[M+Na]+,1.0,569.3965,1.0,246.4
1896,AllCCS-32859911,"2-Hexaprenyl-6-methoxy-1,4-benzoquinone",C37H54O3,[M-H]-,-1.0,545.4,-1.0,225.6
1897,AllCCS-32859911,"2-Hexaprenyl-6-methoxy-1,4-benzoquinone",C37H54O3,[M+Na-2H]-,-1.0,567.382,-1.0,229.7
1898,AllCCS-32859911,"2-Hexaprenyl-6-methoxy-1,4-benzoquinone",C37H54O3,[M+HCOO]-,-1.0,591.4055,-1.0,234.2
1899,DarkChem-31661259,Pyruvic acid,C3H4O3,[M+H]+,1.0,89.0233,1.0,115.7
1901,DarkChem-31661259,Pyruvic acid,C3H4O3,[M-H]-,-1.0,87.0088,-1.0,109.1
1903,AllCCS-32859911,Pyruvic acid,C3H4O3,[M+H]+,1.0,89.0233,1.0,124.3
1904,AllCCS-32859911,Pyruvic acid,C3H4O3,[M-H]-,-1.0,87.0088,-1.0,122.4
1905,DeepCCS-30932474,Pyruvic acid,C3H4O3,[M+H]+,1.0,89.0233,1.0,122.3
1906,DeepCCS-30932474,Pyruvic acid,C3H4O3,[M-H]-,-1.0,87.0088,-1.0,119.5
1907,DeepCCS-30932474,Pyruvic acid,C3H4O3,[M-2H]2-,,43.5044,,155.9
1908,DeepCCS-30932474,Pyruvic acid,C3H4O3,[M+Na]+,1.0,111.0053,1.0,130.5
1910,AllCCS-32859911,Pyruvic acid,C3H4O3,[M+H-H2O]+,1.0,71.0128,1.0,119.9
1911,AllCCS-32859911,Pyruvic acid,C3H4O3,[M+NH4]+,1.0,106.0499,1.0,128.4
1912,AllCCS-32859911,Pyruvic acid,C3H4O3,[M+Na]+,1.0,111.0053,1.0,129.6
1914,AllCCS-32859911,Pyruvic acid,C3H4O3,[M+Na-2H]-,-1.0,108.9907,-1.0,127.0
1915,AllCCS-32859911,Pyruvic acid,C3H4O3,[M+HCOO]-,-1.0,133.0142,-1.0,132.1
1916,DarkChem-31661259,(S)-2-Acetolactate,C5H8O4,[M+H]+,1.0,133.0495,1.0,129.8
1917,DarkChem-31661259,(S)-2-Acetolactate,C5H8O4,[M-H]-,-1.0,131.035,-1.0,123.8
1918,DeepCCS-30932474,(S)-2-Acetolactate,C5H8O4,[M+H]+,1.0,133.0495,1.0,120.9
1919,DeepCCS-30932474,(S)-2-Acetolactate,C5H8O4,[M-H]-,-1.0,131.035,-1.0,117.0
1920,DeepCCS-30932474,(S)-2-Acetolactate,C5H8O4,[M-2H]2-,,65.5175,,154.4
1921,DeepCCS-30932474,(S)-2-Acetolactate,C5H8O4,[M+Na]+,1.0,155.0315,1.0,129.7
1922,AllCCS-32859911,(S)-2-Acetolactate,C5H8O4,[M+H]+,1.0,133.0495,1.0,130.7
1923,AllCCS-32859911,(S)-2-Acetolactate,C5H8O4,[M+H-H2O]+,1.0,115.039,1.0,126.6
1924,AllCCS-32859911,(S)-2-Acetolactate,C5H8O4,[M+NH4]+,1.0,150.0761,1.0,134.5
1925,AllCCS-32859911,(S)-2-Acetolactate,C5H8O4,[M+Na]+,1.0,155.0315,1.0,135.7
1926,AllCCS-32859911,(S)-2-Acetolactate,C5H8O4,[M-H]-,-1.0,131.035,-1.0,124.2
1927,AllCCS-32859911,(S)-2-Acetolactate,C5H8O4,[M+Na-2H]-,-1.0,153.0169,-1.0,126.9
1928,AllCCS-32859911,(S)-2-Acetolactate,C5H8O4,[M+HCOO]-,-1.0,177.0405,-1.0,130.0
1929,DarkChem-31661259,5'-Methylthioadenosine,C11H15N5O3S,[M+H]+,1.0,298.0968,1.0,170.2
1930,DarkChem-31661259,5'-Methylthioadenosine,C11H15N5O3S,[M-H]-,-1.0,296.0823,-1.0,164.8
1931,AllCCS-32859911,5'-Methylthioadenosine,C11H15N5O3S,[M+H]+,1.0,298.0968,1.0,167.3
1932,AllCCS-32859911,5'-Methylthioadenosine,C11H15N5O3S,[M-H]-,-1.0,296.0823,-1.0,165.6
1933,DeepCCS-30932474,5'-Methylthioadenosine,C11H15N5O3S,[M+H]+,1.0,298.0968,1.0,158.5
1934,DeepCCS-30932474,5'-Methylthioadenosine,C11H15N5O3S,[M-H]-,-1.0,296.0823,-1.0,156.1
1935,DeepCCS-30932474,5'-Methylthioadenosine,C11H15N5O3S,[M-2H]2-,,148.0411,,190.4
1936,DeepCCS-30932474,5'-Methylthioadenosine,C11H15N5O3S,[M+Na]+,1.0,320.0788,1.0,165.1
1938,AllCCS-32859911,5'-Methylthioadenosine,C11H15N5O3S,[M+H-H2O]+,1.0,280.0863,1.0,164.1
1939,AllCCS-32859911,5'-Methylthioadenosine,C11H15N5O3S,[M+NH4]+,1.0,315.1234,1.0,170.3
1940,AllCCS-32859911,5'-Methylthioadenosine,C11H15N5O3S,[M+Na]+,1.0,320.0788,1.0,171.1
1942,AllCCS-32859911,5'-Methylthioadenosine,C11H15N5O3S,[M+Na-2H]-,-1.0,318.0642,-1.0,165.3
1943,AllCCS-32859911,5'-Methylthioadenosine,C11H15N5O3S,[M+HCOO]-,-1.0,342.0878,-1.0,165.2
1944,DeepCCS-30932474,Obtusifoliol,C30H50O,[M-2H]2-,,212.6894,,250.6
1945,DeepCCS-30932474,Obtusifoliol,C30H50O,[M+Na]+,1.0,449.3754,1.0,225.0
1946,AllCCS-32859911,Obtusifoliol,C30H50O,[M+H]+,1.0,427.3934,1.0,212.8
1947,AllCCS-32859911,Obtusifoliol,C30H50O,[M+H-H2O]+,1.0,409.3829,1.0,210.9
1948,AllCCS-32859911,Obtusifoliol,C30H50O,[M+NH4]+,1.0,444.42,1.0,214.5
1949,AllCCS-32859911,Obtusifoliol,C30H50O,[M+Na]+,1.0,449.3754,1.0,215.0
1950,AllCCS-32859911,Obtusifoliol,C30H50O,[M-H]-,-1.0,425.3789,-1.0,210.2
1951,AllCCS-32859911,Obtusifoliol,C30H50O,[M+Na-2H]-,-1.0,447.3608,-1.0,212.5
1952,AllCCS-32859911,Obtusifoliol,C30H50O,[M+HCOO]-,-1.0,471.3844,-1.0,215.2
1953,DarkChem-31661259,Mevalonic acid-5P,C6H13O7P,[M+H]+,1.0,229.0472,1.0,151.3
1954,DarkChem-31661259,Mevalonic acid-5P,C6H13O7P,[M-H]-,-1.0,227.0326,-1.0,144.4
1955,AllCCS-32859911,Mevalonic acid-5P,C6H13O7P,[M+H]+,1.0,229.0472,1.0,149.7
1956,AllCCS-32859911,Mevalonic acid-5P,C6H13O7P,[M-H]-,-1.0,227.0326,-1.0,144.1
1957,DeepCCS-30932474,Mevalonic acid-5P,C6H13O7P,[M+H]+,1.0,229.0472,1.0,135.3
1958,DeepCCS-30932474,Mevalonic acid-5P,C6H13O7P,[M-H]-,-1.0,227.0326,-1.0,132.9
1959,DeepCCS-30932474,Mevalonic acid-5P,C6H13O7P,[M-2H]2-,,113.5163,,168.2
1960,DeepCCS-30932474,Mevalonic acid-5P,C6H13O7P,[M+Na]+,1.0,251.0291,1.0,142.7
1962,AllCCS-32859911,Mevalonic acid-5P,C6H13O7P,[M+H-H2O]+,1.0,211.0366,1.0,146.2
1963,AllCCS-32859911,Mevalonic acid-5P,C6H13O7P,[M+NH4]+,1.0,246.0737,1.0,153.0
1964,AllCCS-32859911,Mevalonic acid-5P,C6H13O7P,[M+Na]+,1.0,251.0291,1.0,153.9
1966,AllCCS-32859911,Mevalonic acid-5P,C6H13O7P,[M+Na-2H]-,-1.0,249.0146,-1.0,145.2
1967,AllCCS-32859911,Mevalonic acid-5P,C6H13O7P,[M+HCOO]-,-1.0,273.0381,-1.0,146.6
1968,DarkChem-31661259,3-beta-Hydroxy-4-beta-methyl-5-alpha-cholest-7-ene-4-alpha-carboxylate,C29H48O3,[M+H]+,1.0,445.3676,1.0,207.8
1969,DarkChem-31661259,3-beta-Hydroxy-4-beta-methyl-5-alpha-cholest-7-ene-4-alpha-carboxylate,C29H48O3,[M-H]-,-1.0,443.3531,-1.0,207.3
1970,DeepCCS-30932474,3-beta-Hydroxy-4-beta-methyl-5-alpha-cholest-7-ene-4-alpha-carboxylate,C29H48O3,[M-2H]2-,,221.6765,,255.7
1971,DeepCCS-30932474,3-beta-Hydroxy-4-beta-methyl-5-alpha-cholest-7-ene-4-alpha-carboxylate,C29H48O3,[M+Na]+,1.0,467.3496,1.0,230.9
1972,AllCCS-32859911,3-beta-Hydroxy-4-beta-methyl-5-alpha-cholest-7-ene-4-alpha-carboxylate,C29H48O3,[M+H]+,1.0,445.3676,1.0,212.6
1973,AllCCS-32859911,3-beta-Hydroxy-4-beta-methyl-5-alpha-cholest-7-ene-4-alpha-carboxylate,C29H48O3,[M+H-H2O]+,1.0,427.3571,1.0,210.8
1974,AllCCS-32859911,3-beta-Hydroxy-4-beta-methyl-5-alpha-cholest-7-ene-4-alpha-carboxylate,C29H48O3,[M+NH4]+,1.0,462.3942,1.0,214.2
1975,AllCCS-32859911,3-beta-Hydroxy-4-beta-methyl-5-alpha-cholest-7-ene-4-alpha-carboxylate,C29H48O3,[M+Na]+,1.0,467.3496,1.0,214.7
1976,AllCCS-32859911,3-beta-Hydroxy-4-beta-methyl-5-alpha-cholest-7-ene-4-alpha-carboxylate,C29H48O3,[M-H]-,-1.0,443.3531,-1.0,210.1
1977,AllCCS-32859911,3-beta-Hydroxy-4-beta-methyl-5-alpha-cholest-7-ene-4-alpha-carboxylate,C29H48O3,[M+Na-2H]-,-1.0,465.335,-1.0,212.5
1978,AllCCS-32859911,3-beta-Hydroxy-4-beta-methyl-5-alpha-cholest-7-ene-4-alpha-carboxylate,C29H48O3,[M+HCOO]-,-1.0,489.3585,-1.0,215.2
1979,DarkChem-31661259,3-Dehydrosphinganine,C18H37NO2,[M+H]+,1.0,300.2897,1.0,179.5
1981,DarkChem-31661259,3-Dehydrosphinganine,C18H37NO2,[M-H]-,-1.0,298.2752,-1.0,178.7
1983,AllCCS-32859911,3-Dehydrosphinganine,C18H37NO2,[M+H]+,1.0,300.2897,1.0,185.6
1984,AllCCS-32859911,3-Dehydrosphinganine,C18H37NO2,[M-H]-,-1.0,298.2752,-1.0,180.7
1985,DeepCCS-30932474,3-Dehydrosphinganine,C18H37NO2,[M+H]+,1.0,300.2897,1.0,186.3
1986,DeepCCS-30932474,3-Dehydrosphinganine,C18H37NO2,[M-H]-,-1.0,298.2752,-1.0,183.4
1987,DeepCCS-30932474,3-Dehydrosphinganine,C18H37NO2,[M-2H]2-,,149.1376,,217.8
1988,DeepCCS-30932474,3-Dehydrosphinganine,C18H37NO2,[M+Na]+,1.0,322.2716,1.0,194.0
1990,AllCCS-32859911,3-Dehydrosphinganine,C18H37NO2,[M+H-H2O]+,1.0,282.2791,1.0,182.8
1991,AllCCS-32859911,3-Dehydrosphinganine,C18H37NO2,[M+NH4]+,1.0,317.3163,1.0,188.3
1992,AllCCS-32859911,3-Dehydrosphinganine,C18H37NO2,[M+Na]+,1.0,322.2716,1.0,189.0
1994,AllCCS-32859911,3-Dehydrosphinganine,C18H37NO2,[M+Na-2H]-,-1.0,320.2571,-1.0,181.8
1995,AllCCS-32859911,3-Dehydrosphinganine,C18H37NO2,[M+HCOO]-,-1.0,344.2806,-1.0,183.2
1996,DeepCCS-30932474,"1,2-Dihydroxy-3-keto-5-methylthiopentene",C6H10O3S,[M+H]+,1.0,163.0423,1.0,133.9
1997,DeepCCS-30932474,"1,2-Dihydroxy-3-keto-5-methylthiopentene",C6H10O3S,[M-H]-,-1.0,161.0278,-1.0,130.6
1998,DeepCCS-30932474,"1,2-Dihydroxy-3-keto-5-methylthiopentene",C6H10O3S,[M-2H]2-,,80.5139,,167.9
1999,DeepCCS-30932474,"1,2-Dihydroxy-3-keto-5-methylthiopentene",C6H10O3S,[M+Na]+,1.0,185.0243,1.0,142.9
2000,AllCCS-32859911,"1,2-Dihydroxy-3-keto-5-methylthiopentene",C6H10O3S,[M+H]+,1.0,163.0423,1.0,135.4
2001,AllCCS-32859911,"1,2-Dihydroxy-3-keto-5-methylthiopentene",C6H10O3S,[M+H-H2O]+,1.0,145.0318,1.0,131.6
2002,AllCCS-32859911,"1,2-Dihydroxy-3-keto-5-methylthiopentene",C6H10O3S,[M+NH4]+,1.0,180.0689,1.0,139.0
2003,AllCCS-32859911,"1,2-Dihydroxy-3-keto-5-methylthiopentene",C6H10O3S,[M+Na]+,1.0,185.0243,1.0,140.1
2004,AllCCS-32859911,"1,2-Dihydroxy-3-keto-5-methylthiopentene",C6H10O3S,[M-H]-,-1.0,161.0278,-1.0,137.0
2005,AllCCS-32859911,"1,2-Dihydroxy-3-keto-5-methylthiopentene",C6H10O3S,[M+Na-2H]-,-1.0,183.0097,-1.0,139.3
2006,AllCCS-32859911,"1,2-Dihydroxy-3-keto-5-methylthiopentene",C6H10O3S,[M+HCOO]-,-1.0,207.0333,-1.0,141.8
2007,DarkChem-31661259,4-alpha-Methyl-5-alpha-cholest-7-en-3-one,C28H46O,[M+H]+,1.0,399.3621,1.0,198.9
2008,DarkChem-31661259,4-alpha-Methyl-5-alpha-cholest-7-en-3-one,C28H46O,[M-H]-,-1.0,397.3476,-1.0,199.0
2009,DeepCCS-30932474,4-alpha-Methyl-5-alpha-cholest-7-en-3-one,C28H46O,[M-2H]2-,,198.6738,,246.5
2010,DeepCCS-30932474,4-alpha-Methyl-5-alpha-cholest-7-en-3-one,C28H46O,[M+Na]+,1.0,421.3441,1.0,220.6
2011,AllCCS-32859911,4-alpha-Methyl-5-alpha-cholest-7-en-3-one,C28H46O,[M+H]+,1.0,399.3621,1.0,205.7
2012,AllCCS-32859911,4-alpha-Methyl-5-alpha-cholest-7-en-3-one,C28H46O,[M+H-H2O]+,1.0,381.3516,1.0,203.6
2013,AllCCS-32859911,4-alpha-Methyl-5-alpha-cholest-7-en-3-one,C28H46O,[M+NH4]+,1.0,416.3887,1.0,207.6
2014,AllCCS-32859911,4-alpha-Methyl-5-alpha-cholest-7-en-3-one,C28H46O,[M+Na]+,1.0,421.3441,1.0,208.2
2015,AllCCS-32859911,4-alpha-Methyl-5-alpha-cholest-7-en-3-one,C28H46O,[M-H]-,-1.0,397.3476,-1.0,206.1
2016,AllCCS-32859911,4-alpha-Methyl-5-alpha-cholest-7-en-3-one,C28H46O,[M+Na-2H]-,-1.0,419.3295,-1.0,207.9
2017,AllCCS-32859911,4-alpha-Methyl-5-alpha-cholest-7-en-3-one,C28H46O,[M+HCOO]-,-1.0,443.3531,-1.0,210.1
2018,DeepCCS-30932474,L-Carnitine,C7H15NO3,[M+H]+,1.0,162.1125,1.0,132.1
2019,DeepCCS-30932474,L-Carnitine,C7H15NO3,[M-H]-,-1.0,160.0979,-1.0,129.3
2020,DeepCCS-30932474,L-Carnitine,C7H15NO3,[M-2H]2-,,80.049,,166.1
2021,DeepCCS-30932474,L-Carnitine,C7H15NO3,[M+Na]+,1.0,184.0944,1.0,141.6
2022,AllCCS-32859911,L-Carnitine,C7H15NO3,[M+H]+,1.0,162.1125,1.0,135.1
2023,AllCCS-32859911,L-Carnitine,C7H15NO3,[M+H-H2O]+,1.0,144.1019,1.0,131.4
2024,AllCCS-32859911,L-Carnitine,C7H15NO3,[M+NH4]+,1.0,179.139,1.0,138.5
2025,AllCCS-32859911,L-Carnitine,C7H15NO3,[M+Na]+,1.0,184.0944,1.0,139.5
2026,AllCCS-32859911,L-Carnitine,C7H15NO3,[M-H]-,-1.0,160.0979,-1.0,145.0
2027,AllCCS-32859911,L-Carnitine,C7H15NO3,[M+Na-2H]-,-1.0,182.0799,-1.0,146.8
2028,AllCCS-32859911,L-Carnitine,C7H15NO3,[M+HCOO]-,-1.0,206.1034,-1.0,148.8
2029,DeepCCS-30932474,"Beta-1,4-D-Mannosylchitobiosyldiphosphodolichol",C47H82N2O22P2,[M+H]+,1.0,1089.4907,1.0,313.6
2030,DeepCCS-30932474,"Beta-1,4-D-Mannosylchitobiosyldiphosphodolichol",C47H82N2O22P2,[M-H]-,-1.0,1087.4762,-1.0,311.8
2031,DeepCCS-30932474,"Beta-1,4-D-Mannosylchitobiosyldiphosphodolichol",C47H82N2O22P2,[M-2H]2-,,543.7381,,345.9
2032,DeepCCS-30932474,"Beta-1,4-D-Mannosylchitobiosyldiphosphodolichol",C47H82N2O22P2,[M+Na]+,1.0,1111.4727,1.0,319.9
2033,AllCCS-32859911,"Beta-1,4-D-Mannosylchitobiosyldiphosphodolichol",C47H82N2O22P2,[M+H]+,1.0,1089.4907,1.0,319.6
2034,AllCCS-32859911,"Beta-1,4-D-Mannosylchitobiosyldiphosphodolichol",C47H82N2O22P2,[M+H-H2O]+,1.0,1071.4802,1.0,319.8
2035,AllCCS-32859911,"Beta-1,4-D-Mannosylchitobiosyldiphosphodolichol",C47H82N2O22P2,[M+NH4]+,1.0,1106.5173,1.0,319.3
2036,AllCCS-32859911,"Beta-1,4-D-Mannosylchitobiosyldiphosphodolichol",C47H82N2O22P2,[M+Na]+,1.0,1111.4727,1.0,319.2
2037,AllCCS-32859911,"Beta-1,4-D-Mannosylchitobiosyldiphosphodolichol",C47H82N2O22P2,[M-H]-,-1.0,1087.4762,-1.0,313.6
2038,AllCCS-32859911,"Beta-1,4-D-Mannosylchitobiosyldiphosphodolichol",C47H82N2O22P2,[M+Na-2H]-,-1.0,1109.4581,-1.0,320.6
2039,AllCCS-32859911,"Beta-1,4-D-Mannosylchitobiosyldiphosphodolichol",C47H82N2O22P2,[M+HCOO]-,-1.0,1133.4816,-1.0,328.1
2040,DeepCCS-30932474,Sphingosine,C18H37NO2,[M+H]+,1.0,300.2897,1.0,186.2
2041,DeepCCS-30932474,Sphingosine,C18H37NO2,[M-H]-,-1.0,298.2752,-1.0,183.7
2042,DeepCCS-30932474,Sphingosine,C18H37NO2,[M-2H]2-,,149.1376,,217.3
2043,DeepCCS-30932474,Sphingosine,C18H37NO2,[M+Na]+,1.0,322.2716,1.0,193.9
2044,AllCCS-32859911,Sphingosine,C18H37NO2,[M+H]+,1.0,300.2897,1.0,185.2
2045,AllCCS-32859911,Sphingosine,C18H37NO2,[M+H-H2O]+,1.0,282.2791,1.0,182.3
2046,AllCCS-32859911,Sphingosine,C18H37NO2,[M+NH4]+,1.0,317.3163,1.0,187.8
2047,AllCCS-32859911,Sphingosine,C18H37NO2,[M+Na]+,1.0,322.2716,1.0,188.6
2048,AllCCS-32859911,Sphingosine,C18H37NO2,[M-H]-,-1.0,298.2752,-1.0,181.4
2049,AllCCS-32859911,Sphingosine,C18H37NO2,[M+Na-2H]-,-1.0,320.2571,-1.0,182.8
2050,AllCCS-32859911,Sphingosine,C18H37NO2,[M+HCOO]-,-1.0,344.2806,-1.0,184.5
2051,DarkChem-31661259,Phosphorylcholine,C5H15NO4P,[M+H]+,1.0,185.0811,1.0,139.2
2052,DarkChem-31661259,Phosphorylcholine,C5H15NO4P,[M-H]-,-1.0,183.0666,-1.0,134.4
2053,AllCCS-32859911,Phosphorylcholine,C5H15NO4P,[M+H]+,1.0,185.0811,1.0,138.8
2054,AllCCS-32859911,Phosphorylcholine,C5H15NO4P,[M-H]-,-1.0,183.0666,-1.0,146.6
2055,DeepCCS-30932474,Phosphorylcholine,C5H15NO4P,[M+H]+,1.0,185.0811,1.0,127.0
2056,DeepCCS-30932474,Phosphorylcholine,C5H15NO4P,[M-H]-,-1.0,183.0666,-1.0,123.3
2057,DeepCCS-30932474,Phosphorylcholine,C5H15NO4P,[M-2H]2-,,91.5333,,160.7
2058,DeepCCS-30932474,Phosphorylcholine,C5H15NO4P,[M+Na]+,1.0,207.0631,1.0,136.3
2060,AllCCS-32859911,Phosphorylcholine,C5H15NO4P,[M+H-H2O]+,1.0,167.0706,1.0,135.3
2061,AllCCS-32859911,Phosphorylcholine,C5H15NO4P,[M+NH4]+,1.0,202.1077,1.0,142.1
2062,AllCCS-32859911,Phosphorylcholine,C5H15NO4P,[M+Na]+,1.0,207.0631,1.0,143.1
2064,AllCCS-32859911,Phosphorylcholine,C5H15NO4P,[M+Na-2H]-,-1.0,205.0485,-1.0,148.5
2065,AllCCS-32859911,Phosphorylcholine,C5H15NO4P,[M+HCOO]-,-1.0,229.0721,-1.0,150.5
2066,DarkChem-31661259,Nicotinic acid mononucleotide,C11H15NO9P,[M+H]+,1.0,337.0557,1.0,174.0
2067,DarkChem-31661259,Nicotinic acid mononucleotide,C11H15NO9P,[M-H]-,-1.0,335.0412,-1.0,170.5
2068,AllCCS-32859911,Nicotinic acid mononucleotide,C11H15NO9P,[M+H]+,1.0,337.0557,1.0,171.3
2069,AllCCS-32859911,Nicotinic acid mononucleotide,C11H15NO9P,[M-H]-,-1.0,335.0412,-1.0,168.0
2070,DeepCCS-30932474,Nicotinic acid mononucleotide,C11H15NO9P,[M+H]+,1.0,337.0557,1.0,164.2
2071,DeepCCS-30932474,Nicotinic acid mononucleotide,C11H15NO9P,[M-H]-,-1.0,335.0412,-1.0,161.8
2072,DeepCCS-30932474,Nicotinic acid mononucleotide,C11H15NO9P,[M-2H]2-,,167.5206,,195.9
2073,DeepCCS-30932474,Nicotinic acid mononucleotide,C11H15NO9P,[M+Na]+,1.0,359.0377,1.0,170.6
2075,AllCCS-32859911,Nicotinic acid mononucleotide,C11H15NO9P,[M+H-H2O]+,1.0,319.0452,1.0,168.3
2076,AllCCS-32859911,Nicotinic acid mononucleotide,C11H15NO9P,[M+NH4]+,1.0,354.0823,1.0,174.1
2077,AllCCS-32859911,Nicotinic acid mononucleotide,C11H15NO9P,[M+Na]+,1.0,359.0377,1.0,174.9
2079,AllCCS-32859911,Nicotinic acid mononucleotide,C11H15NO9P,[M+Na-2H]-,-1.0,357.0231,-1.0,167.6
2080,AllCCS-32859911,Nicotinic acid mononucleotide,C11H15NO9P,[M+HCOO]-,-1.0,381.0466,-1.0,167.3
2081,DeepCCS-30932474,D-Sedoheptulose 7-phosphate,C7H15O10P,[M+H]+,1.0,291.0476,1.0,147.9
2082,DeepCCS-30932474,D-Sedoheptulose 7-phosphate,C7H15O10P,[M-H]-,-1.0,289.033,-1.0,145.5
2083,DeepCCS-30932474,D-Sedoheptulose 7-phosphate,C7H15O10P,[M-2H]2-,,144.5165,,179.9
2084,DeepCCS-30932474,D-Sedoheptulose 7-phosphate,C7H15O10P,[M+Na]+,1.0,313.0295,1.0,154.9
2085,AllCCS-32859911,D-Sedoheptulose 7-phosphate,C7H15O10P,[M+H]+,1.0,291.0476,1.0,162.7
2086,AllCCS-32859911,D-Sedoheptulose 7-phosphate,C7H15O10P,[M+H-H2O]+,1.0,273.037,1.0,159.3
2087,AllCCS-32859911,D-Sedoheptulose 7-phosphate,C7H15O10P,[M+NH4]+,1.0,308.0741,1.0,165.8
2088,AllCCS-32859911,D-Sedoheptulose 7-phosphate,C7H15O10P,[M+Na]+,1.0,313.0295,1.0,166.7
2089,AllCCS-32859911,D-Sedoheptulose 7-phosphate,C7H15O10P,[M-H]-,-1.0,289.033,-1.0,153.5
2090,AllCCS-32859911,D-Sedoheptulose 7-phosphate,C7H15O10P,[M+Na-2H]-,-1.0,311.0149,-1.0,153.6
2091,AllCCS-32859911,D-Sedoheptulose 7-phosphate,C7H15O10P,[M+HCOO]-,-1.0,335.0385,-1.0,153.8
2092,DarkChem-31661259,S-Adenosylhomocysteine,C14H20N6O5S,[M+H]+,1.0,385.1289,1.0,188.4
2093,DarkChem-31661259,S-Adenosylhomocysteine,C14H20N6O5S,[M-H]-,-1.0,383.1143,-1.0,184.3
2094,AllCCS-32859911,S-Adenosylhomocysteine,C14H20N6O5S,[M+H]+,1.0,385.1289,1.0,183.7
2095,AllCCS-32859911,S-Adenosylhomocysteine,C14H20N6O5S,[M-H]-,-1.0,383.1143,-1.0,182.0
2096,DeepCCS-30932474,S-Adenosylhomocysteine,C14H20N6O5S,[M+H]+,1.0,385.1289,1.0,187.1
2097,DeepCCS-30932474,S-Adenosylhomocysteine,C14H20N6O5S,[M-H]-,-1.0,383.1143,-1.0,184.7
2098,DeepCCS-30932474,S-Adenosylhomocysteine,C14H20N6O5S,[M-2H]2-,,191.5572,,218.0
2099,DeepCCS-30932474,S-Adenosylhomocysteine,C14H20N6O5S,[M+Na]+,1.0,407.1108,1.0,193.1
2101,AllCCS-32859911,S-Adenosylhomocysteine,C14H20N6O5S,[M+H-H2O]+,1.0,367.1183,1.0,181.4
2102,AllCCS-32859911,S-Adenosylhomocysteine,C14H20N6O5S,[M+NH4]+,1.0,402.1554,1.0,185.9
2103,AllCCS-32859911,S-Adenosylhomocysteine,C14H20N6O5S,[M+Na]+,1.0,407.1108,1.0,186.5
2105,AllCCS-32859911,S-Adenosylhomocysteine,C14H20N6O5S,[M+Na-2H]-,-1.0,405.0963,-1.0,182.0
2106,AllCCS-32859911,S-Adenosylhomocysteine,C14H20N6O5S,[M+HCOO]-,-1.0,429.1198,-1.0,182.0
2107,DarkChem-31661259,Allantoic acid,C4H8N4O4,[M+H]+,1.0,177.0618,1.0,139.2
2108,DarkChem-31661259,Allantoic acid,C4H8N4O4,[M-H]-,-1.0,175.0473,-1.0,133.0
2109,AllCCS-32859911,Allantoic acid,C4H8N4O4,[M+H]+,1.0,177.0618,1.0,140.1
2110,AllCCS-32859911,Allantoic acid,C4H8N4O4,[M-H]-,-1.0,175.0473,-1.0,131.4
2111,DeepCCS-30932474,Allantoic acid,C4H8N4O4,[M+H]+,1.0,177.0618,1.0,128.7
2112,DeepCCS-30932474,Allantoic acid,C4H8N4O4,[M-H]-,-1.0,175.0473,-1.0,124.9
2113,DeepCCS-30932474,Allantoic acid,C4H8N4O4,[M-2H]2-,,87.5236,,162.2
2114,DeepCCS-30932474,Allantoic acid,C4H8N4O4,[M+Na]+,1.0,199.0438,1.0,137.7
2116,AllCCS-32859911,Allantoic acid,C4H8N4O4,[M+H-H2O]+,1.0,159.0513,1.0,136.4
2117,AllCCS-32859911,Allantoic acid,C4H8N4O4,[M+NH4]+,1.0,194.0884,1.0,143.6
2118,AllCCS-32859911,Allantoic acid,C4H8N4O4,[M+Na]+,1.0,199.0438,1.0,144.6
2120,AllCCS-32859911,Allantoic acid,C4H8N4O4,[M+Na-2H]-,-1.0,197.0292,-1.0,133.0
2121,AllCCS-32859911,Allantoic acid,C4H8N4O4,[M+HCOO]-,-1.0,221.0528,-1.0,134.8
2122,DarkChem-31661259,Isopentenyl pyrophosphate,C5H12O7P2,[M+H]+,1.0,247.0131,1.0,156.7
2123,DarkChem-31661259,Isopentenyl pyrophosphate,C5H12O7P2,[M-H]-,-1.0,244.9985,-1.0,148.9
2124,AllCCS-32859911,Isopentenyl pyrophosphate,C5H12O7P2,[M+H]+,1.0,247.0131,1.0,153.6
2125,AllCCS-32859911,Isopentenyl pyrophosphate,C5H12O7P2,[M-H]-,-1.0,244.9985,-1.0,145.3
2126,DeepCCS-30932474,Isopentenyl pyrophosphate,C5H12O7P2,[M+H]+,1.0,247.0131,1.0,136.0
2127,DeepCCS-30932474,Isopentenyl pyrophosphate,C5H12O7P2,[M-H]-,-1.0,244.9985,-1.0,132.2
2128,DeepCCS-30932474,Isopentenyl pyrophosphate,C5H12O7P2,[M-2H]2-,,122.4993,,170.1
2129,DeepCCS-30932474,Isopentenyl pyrophosphate,C5H12O7P2,[M+Na]+,1.0,268.995,1.0,145.4
2131,AllCCS-32859911,Isopentenyl pyrophosphate,C5H12O7P2,[M+H-H2O]+,1.0,229.0025,1.0,150.2
2132,AllCCS-32859911,Isopentenyl pyrophosphate,C5H12O7P2,[M+NH4]+,1.0,264.0396,1.0,156.8
2133,AllCCS-32859911,Isopentenyl pyrophosphate,C5H12O7P2,[M+Na]+,1.0,268.995,1.0,157.7
2135,AllCCS-32859911,Isopentenyl pyrophosphate,C5H12O7P2,[M+Na-2H]-,-1.0,266.9805,-1.0,146.6
2136,AllCCS-32859911,Isopentenyl pyrophosphate,C5H12O7P2,[M+HCOO]-,-1.0,291.004,-1.0,148.1
2137,DarkChem-31661259,Deoxyuridine triphosphate,C9H15N2O14P3,[M+H]+,1.0,468.9809,1.0,197.2
2138,DarkChem-31661259,Deoxyuridine triphosphate,C9H15N2O14P3,[M-H]-,-1.0,466.9663,-1.0,192.4
2139,AllCCS-32859911,Deoxyuridine triphosphate,C9H15N2O14P3,[M+H]+,1.0,468.9809,1.0,190.7
2140,AllCCS-32859911,Deoxyuridine triphosphate,C9H15N2O14P3,[M-H]-,-1.0,466.9663,-1.0,182.9
2141,DeepCCS-30932474,Deoxyuridine triphosphate,C9H15N2O14P3,[M+H]+,1.0,468.9809,1.0,146.6
2142,DeepCCS-30932474,Deoxyuridine triphosphate,C9H15N2O14P3,[M-H]-,-1.0,466.9663,-1.0,143.4
2143,DeepCCS-30932474,Deoxyuridine triphosphate,C9H15N2O14P3,[M-2H]2-,,233.4832,,178.1
2144,DeepCCS-30932474,Deoxyuridine triphosphate,C9H15N2O14P3,[M+Na]+,1.0,490.9628,1.0,153.9
2146,AllCCS-32859911,Deoxyuridine triphosphate,C9H15N2O14P3,[M+H-H2O]+,1.0,450.9703,1.0,188.7
2147,AllCCS-32859911,Deoxyuridine triphosphate,C9H15N2O14P3,[M+NH4]+,1.0,486.0074,1.0,192.6
2148,AllCCS-32859911,Deoxyuridine triphosphate,C9H15N2O14P3,[M+Na]+,1.0,490.9628,1.0,193.2
2150,AllCCS-32859911,Deoxyuridine triphosphate,C9H15N2O14P3,[M+Na-2H]-,-1.0,488.9483,-1.0,183.2
2151,AllCCS-32859911,Deoxyuridine triphosphate,C9H15N2O14P3,[M+HCOO]-,-1.0,512.9718,-1.0,183.6
2152,AllCCS-32859911,Guanosine diphosphate mannose,C16H25N5O16P2,[M+H]+,1.0,606.0844,1.0,218.6
2153,AllCCS-32859911,Guanosine diphosphate mannose,C16H25N5O16P2,[M-H]-,-1.0,604.0699,-1.0,214.2
2154,DeepCCS-30932474,Guanosine diphosphate mannose,C16H25N5O16P2,[M+H]+,1.0,606.0844,1.0,192.0
2155,DeepCCS-30932474,Guanosine diphosphate mannose,C16H25N5O16P2,[M-H]-,-1.0,604.0699,-1.0,190.2
2156,DeepCCS-30932474,Guanosine diphosphate mannose,C16H25N5O16P2,[M-2H]2-,,302.0349,,224.0
2157,DeepCCS-30932474,Guanosine diphosphate mannose,C16H25N5O16P2,[M+Na]+,1.0,628.0664,1.0,197.8
2159,AllCCS-32859911,Guanosine diphosphate mannose,C16H25N5O16P2,[M+H-H2O]+,1.0,588.0739,1.0,217.4
2160,AllCCS-32859911,Guanosine diphosphate mannose,C16H25N5O16P2,[M+NH4]+,1.0,623.111,1.0,219.6
2161,AllCCS-32859911,Guanosine diphosphate mannose,C16H25N5O16P2,[M+Na]+,1.0,628.0664,1.0,219.8
2163,AllCCS-32859911,Guanosine diphosphate mannose,C16H25N5O16P2,[M+Na-2H]-,-1.0,626.0518,-1.0,215.4
2164,AllCCS-32859911,Guanosine diphosphate mannose,C16H25N5O16P2,[M+HCOO]-,-1.0,650.0754,-1.0,216.8
2165,DarkChem-31661259,Pantothenic acid,C9H17NO5,[M+H]+,1.0,220.1179,1.0,152.1
2166,DarkChem-31661259,Pantothenic acid,C9H17NO5,[M-H]-,-1.0,218.1034,-1.0,147.4
2167,AllCCS-32859911,Pantothenic acid,C9H17NO5,[M+H]+,1.0,220.1179,1.0,149.7
2168,AllCCS-32859911,Pantothenic acid,C9H17NO5,[M-H]-,-1.0,218.1034,-1.0,149.2
2169,DeepCCS-30932474,Pantothenic acid,C9H17NO5,[M+H]+,1.0,220.1179,1.0,149.9
2170,DeepCCS-30932474,Pantothenic acid,C9H17NO5,[M-H]-,-1.0,218.1034,-1.0,147.5
2171,DeepCCS-30932474,Pantothenic acid,C9H17NO5,[M-2H]2-,,109.0517,,180.7
2172,DeepCCS-30932474,Pantothenic acid,C9H17NO5,[M+Na]+,1.0,242.0999,1.0,156.0
2174,AllCCS-32859911,Pantothenic acid,C9H17NO5,[M+H-H2O]+,1.0,202.1074,1.0,146.3
2175,AllCCS-32859911,Pantothenic acid,C9H17NO5,[M+NH4]+,1.0,237.1445,1.0,152.8
2176,AllCCS-32859911,Pantothenic acid,C9H17NO5,[M+Na]+,1.0,242.0999,1.0,153.7
2178,AllCCS-32859911,Pantothenic acid,C9H17NO5,[M+Na-2H]-,-1.0,240.0853,-1.0,150.3
2179,AllCCS-32859911,Pantothenic acid,C9H17NO5,[M+HCOO]-,-1.0,264.1089,-1.0,151.7
2180,DarkChem-31661259,L-Sorbose,C6H12O6,[M+H]+,1.0,181.0707,1.0,140.6
2181,DarkChem-31661259,L-Sorbose,C6H12O6,[M-H]-,-1.0,179.0561,-1.0,134.5
2182,AllCCS-32859911,L-Sorbose,C6H12O6,[M+H]+,1.0,181.0707,1.0,140.4
2183,AllCCS-32859911,L-Sorbose,C6H12O6,[M-H]-,-1.0,179.0561,-1.0,131.7
2184,DeepCCS-30932474,L-Sorbose,C6H12O6,[M+H]+,1.0,181.0707,1.0,137.9
2185,DeepCCS-30932474,L-Sorbose,C6H12O6,[M-H]-,-1.0,179.0561,-1.0,135.6
2186,DeepCCS-30932474,L-Sorbose,C6H12O6,[M-2H]2-,,89.5281,,170.1
2187,DeepCCS-30932474,L-Sorbose,C6H12O6,[M+Na]+,1.0,203.0526,1.0,144.3
2189,AllCCS-32859911,L-Sorbose,C6H12O6,[M+H-H2O]+,1.0,163.0601,1.0,136.2
2190,AllCCS-32859911,L-Sorbose,C6H12O6,[M+NH4]+,1.0,198.0972,1.0,144.4
2191,AllCCS-32859911,L-Sorbose,C6H12O6,[M+Na]+,1.0,203.0526,1.0,145.6
2193,AllCCS-32859911,L-Sorbose,C6H12O6,[M+Na-2H]-,-1.0,201.0381,-1.0,132.7
2194,AllCCS-32859911,L-Sorbose,C6H12O6,[M+HCOO]-,-1.0,225.0616,-1.0,133.9
2195,DarkChem-31661259,dTDP,C10H16N2O11P2,[M+H]+,1.0,403.0302,1.0,185.8
2196,DarkChem-31661259,dTDP,C10H16N2O11P2,[M-H]-,-1.0,401.0157,-1.0,181.4
2197,AllCCS-32859911,dTDP,C10H16N2O11P2,[M+H]+,1.0,403.0302,1.0,183.1
2198,AllCCS-32859911,dTDP,C10H16N2O11P2,[M-H]-,-1.0,401.0157,-1.0,176.9
2199,DeepCCS-30932474,dTDP,C10H16N2O11P2,[M+H]+,1.0,403.0302,1.0,173.0
2200,DeepCCS-30932474,dTDP,C10H16N2O11P2,[M-H]-,-1.0,401.0157,-1.0,170.6
2201,DeepCCS-30932474,dTDP,C10H16N2O11P2,[M-2H]2-,,200.5078,,204.0
2202,DeepCCS-30932474,dTDP,C10H16N2O11P2,[M+Na]+,1.0,425.0122,1.0,179.2
2204,AllCCS-32859911,dTDP,C10H16N2O11P2,[M+H-H2O]+,1.0,385.0196,1.0,180.6
2205,AllCCS-32859911,dTDP,C10H16N2O11P2,[M+NH4]+,1.0,420.0568,1.0,185.4
2206,AllCCS-32859911,dTDP,C10H16N2O11P2,[M+Na]+,1.0,425.0122,1.0,186.0
2208,AllCCS-32859911,dTDP,C10H16N2O11P2,[M+Na-2H]-,-1.0,422.9976,-1.0,177.0
2209,AllCCS-32859911,dTDP,C10H16N2O11P2,[M+HCOO]-,-1.0,447.0211,-1.0,177.3
2210,DarkChem-31661259,dCMP,C9H14N3O7P,[M+H]+,1.0,308.0642,1.0,166.1
2211,DarkChem-31661259,dCMP,C9H14N3O7P,[M-H]-,-1.0,306.0497,-1.0,164.5
2212,AllCCS-32859911,dCMP,C9H14N3O7P,[M+H]+,1.0,308.0642,1.0,166.1
2213,AllCCS-32859911,dCMP,C9H14N3O7P,[M-H]-,-1.0,306.0497,-1.0,162.4
2214,DeepCCS-30932474,dCMP,C9H14N3O7P,[M+H]+,1.0,308.0642,1.0,159.4
2215,DeepCCS-30932474,dCMP,C9H14N3O7P,[M-H]-,-1.0,306.0497,-1.0,157.0
2216,DeepCCS-30932474,dCMP,C9H14N3O7P,[M-2H]2-,,153.0248,,190.9
2217,DeepCCS-30932474,dCMP,C9H14N3O7P,[M+Na]+,1.0,330.0462,1.0,165.8
2219,AllCCS-32859911,dCMP,C9H14N3O7P,[M+H-H2O]+,1.0,290.0536,1.0,162.9
2220,AllCCS-32859911,dCMP,C9H14N3O7P,[M+NH4]+,1.0,325.0908,1.0,169.1
2221,AllCCS-32859911,dCMP,C9H14N3O7P,[M+Na]+,1.0,330.0462,1.0,169.9
2223,AllCCS-32859911,dCMP,C9H14N3O7P,[M+Na-2H]-,-1.0,328.0316,-1.0,162.3
2224,AllCCS-32859911,dCMP,C9H14N3O7P,[M+HCOO]-,-1.0,352.0551,-1.0,162.4
2225,DarkChem-31661259,N4-Acetylaminobutanal,C6H11NO2,[M+H]+,1.0,130.0863,1.0,129.3
2226,DarkChem-31661259,N4-Acetylaminobutanal,C6H11NO2,[M-H]-,-1.0,128.0717,-1.0,123.3
2227,DeepCCS-30932474,N4-Acetylaminobutanal,C6H11NO2,[M+H]+,1.0,130.0863,1.0,130.9
2228,DeepCCS-30932474,N4-Acetylaminobutanal,C6H11NO2,[M-H]-,-1.0,128.0717,-1.0,128.7
2229,DeepCCS-30932474,N4-Acetylaminobutanal,C6H11NO2,[M-2H]2-,,64.0359,,164.6
2230,DeepCCS-30932474,N4-Acetylaminobutanal,C6H11NO2,[M+Na]+,1.0,152.0682,1.0,139.5
2231,AllCCS-32859911,N4-Acetylaminobutanal,C6H11NO2,[M+H]+,1.0,130.0863,1.0,130.0
2232,AllCCS-32859911,N4-Acetylaminobutanal,C6H11NO2,[M+H-H2O]+,1.0,112.0757,1.0,125.9
2233,AllCCS-32859911,N4-Acetylaminobutanal,C6H11NO2,[M+NH4]+,1.0,147.1128,1.0,133.8
2234,AllCCS-32859911,N4-Acetylaminobutanal,C6H11NO2,[M+Na]+,1.0,152.0682,1.0,134.9
2235,AllCCS-32859911,N4-Acetylaminobutanal,C6H11NO2,[M-H]-,-1.0,128.0717,-1.0,129.8
2236,AllCCS-32859911,N4-Acetylaminobutanal,C6H11NO2,[M+Na-2H]-,-1.0,150.0536,-1.0,132.6
2237,AllCCS-32859911,N4-Acetylaminobutanal,C6H11NO2,[M+HCOO]-,-1.0,174.0772,-1.0,135.7
2238,DeepCCS-30932474,Oxalosuccinic acid,C6H6O7,[M+H]+,1.0,191.0186,1.0,135.4
2239,DeepCCS-30932474,Oxalosuccinic acid,C6H6O7,[M-H]-,-1.0,189.0041,-1.0,133.0
2240,DeepCCS-30932474,Oxalosuccinic acid,C6H6O7,[M-2H]2-,,94.502,,168.1
2241,DeepCCS-30932474,Oxalosuccinic acid,C6H6O7,[M+Na]+,1.0,213.0006,1.0,143.1
2242,AllCCS-32859911,Oxalosuccinic acid,C6H6O7,[M+H]+,1.0,191.0186,1.0,140.4
2243,AllCCS-32859911,Oxalosuccinic acid,C6H6O7,[M+H-H2O]+,1.0,173.0081,1.0,136.6
2244,AllCCS-32859911,Oxalosuccinic acid,C6H6O7,[M+NH4]+,1.0,208.0452,1.0,143.9
2245,AllCCS-32859911,Oxalosuccinic acid,C6H6O7,[M+Na]+,1.0,213.0006,1.0,144.9
2246,AllCCS-32859911,Oxalosuccinic acid,C6H6O7,[M-H]-,-1.0,189.0041,-1.0,131.6
2247,AllCCS-32859911,Oxalosuccinic acid,C6H6O7,[M+Na-2H]-,-1.0,210.986,-1.0,132.7
2248,AllCCS-32859911,Oxalosuccinic acid,C6H6O7,[M+HCOO]-,-1.0,235.0096,-1.0,134.0
2249,DarkChem-31661259,8-Oxo-dGTP,C10H16N5O14P3,[M+H]+,1.0,523.9979,1.0,213.0
2250,DarkChem-31661259,8-Oxo-dGTP,C10H16N5O14P3,[M-H]-,-1.0,521.9834,-1.0,201.3
2251,DeepCCS-30932474,8-Oxo-dGTP,C10H16N5O14P3,[M+H]+,1.0,523.9979,1.0,172.6
2252,DeepCCS-30932474,8-Oxo-dGTP,C10H16N5O14P3,[M-H]-,-1.0,521.9834,-1.0,169.4
2253,DeepCCS-30932474,8-Oxo-dGTP,C10H16N5O14P3,[M-2H]2-,,260.9917,,203.6
2254,DeepCCS-30932474,8-Oxo-dGTP,C10H16N5O14P3,[M+Na]+,1.0,545.9799,1.0,180.1
2255,AllCCS-32859911,8-Oxo-dGTP,C10H16N5O14P3,[M+H]+,1.0,523.9979,1.0,199.7
2256,AllCCS-32859911,8-Oxo-dGTP,C10H16N5O14P3,[M+H-H2O]+,1.0,505.9874,1.0,198.0
2257,AllCCS-32859911,8-Oxo-dGTP,C10H16N5O14P3,[M+NH4]+,1.0,541.0245,1.0,201.3
2258,AllCCS-32859911,8-Oxo-dGTP,C10H16N5O14P3,[M+Na]+,1.0,545.9799,1.0,201.8
2259,AllCCS-32859911,8-Oxo-dGTP,C10H16N5O14P3,[M-H]-,-1.0,521.9834,-1.0,192.2
2260,AllCCS-32859911,8-Oxo-dGTP,C10H16N5O14P3,[M+Na-2H]-,-1.0,543.9653,-1.0,192.6
2261,AllCCS-32859911,8-Oxo-dGTP,C10H16N5O14P3,[M+HCOO]-,-1.0,567.9889,-1.0,193.1
2262,AllCCS-32859911,Uridine diphosphate glucose,C15H24N2O17P2,[M+H]+,1.0,567.0623,1.0,212.3
2263,AllCCS-32859911,Uridine diphosphate glucose,C15H24N2O17P2,[M-H]-,-1.0,565.0477,-1.0,207.5
2264,DeepCCS-30932474,Uridine diphosphate glucose,C15H24N2O17P2,[M+H]+,1.0,567.0623,1.0,190.5
2265,DeepCCS-30932474,Uridine diphosphate glucose,C15H24N2O17P2,[M-H]-,-1.0,565.0477,-1.0,188.2
2266,DeepCCS-30932474,Uridine diphosphate glucose,C15H24N2O17P2,[M-2H]2-,,282.5239,,221.4
2267,DeepCCS-30932474,Uridine diphosphate glucose,C15H24N2O17P2,[M+Na]+,1.0,589.0442,1.0,196.2
2269,AllCCS-32859911,Uridine diphosphate glucose,C15H24N2O17P2,[M+H-H2O]+,1.0,549.0517,1.0,210.9
2270,AllCCS-32859911,Uridine diphosphate glucose,C15H24N2O17P2,[M+NH4]+,1.0,584.0888,1.0,213.5
2271,AllCCS-32859911,Uridine diphosphate glucose,C15H24N2O17P2,[M+Na]+,1.0,589.0442,1.0,213.9
2273,AllCCS-32859911,Uridine diphosphate glucose,C15H24N2O17P2,[M+Na-2H]-,-1.0,587.0297,-1.0,208.5
2274,AllCCS-32859911,Uridine diphosphate glucose,C15H24N2O17P2,[M+HCOO]-,-1.0,611.0532,-1.0,209.8
2275,DarkChem-31661259,Allantoin,C4H6N4O3,[M+H]+,1.0,159.0513,1.0,133.3
2276,DarkChem-31661259,Allantoin,C4H6N4O3,[M-H]-,-1.0,157.0367,-1.0,129.7
2277,AllCCS-32859911,Allantoin,C4H6N4O3,[M+H]+,1.0,159.0513,1.0,135.3
2278,AllCCS-32859911,Allantoin,C4H6N4O3,[M-H]-,-1.0,157.0367,-1.0,127.9
2279,DeepCCS-30932474,Allantoin,C4H6N4O3,[M+H]+,1.0,159.0513,1.0,123.7
2280,DeepCCS-30932474,Allantoin,C4H6N4O3,[M-H]-,-1.0,157.0367,-1.0,119.8
2281,DeepCCS-30932474,Allantoin,C4H6N4O3,[M-2H]2-,,78.5184,,156.7
2282,DeepCCS-30932474,Allantoin,C4H6N4O3,[M+Na]+,1.0,181.0332,1.0,132.3
2284,AllCCS-32859911,Allantoin,C4H6N4O3,[M+H-H2O]+,1.0,141.0407,1.0,131.0
2285,AllCCS-32859911,Allantoin,C4H6N4O3,[M+NH4]+,1.0,176.0778,1.0,139.3
2286,AllCCS-32859911,Allantoin,C4H6N4O3,[M+Na]+,1.0,181.0332,1.0,140.5
2288,AllCCS-32859911,Allantoin,C4H6N4O3,[M+Na-2H]-,-1.0,179.0187,-1.0,129.3
2289,AllCCS-32859911,Allantoin,C4H6N4O3,[M+HCOO]-,-1.0,203.0422,-1.0,130.9
2290,DarkChem-31661259,L-Threonine,C4H9NO3,[M+H]+,1.0,120.0655,1.0,127.0
2291,DarkChem-31661259,L-Threonine,C4H9NO3,[M-H]-,-1.0,118.051,-1.0,122.3
2292,AllCCS-32859911,L-Threonine,C4H9NO3,[M+H]+,1.0,120.0655,1.0,130.4
2293,AllCCS-32859911,L-Threonine,C4H9NO3,[M-H]-,-1.0,118.051,-1.0,121.9
2294,DeepCCS-30932474,L-Threonine,C4H9NO3,[M+H]+,1.0,120.0655,1.0,126.3
2295,DeepCCS-30932474,L-Threonine,C4H9NO3,[M-H]-,-1.0,118.051,-1.0,122.7
2296,DeepCCS-30932474,L-Threonine,C4H9NO3,[M-2H]2-,,59.0255,,159.9
2297,DeepCCS-30932474,L-Threonine,C4H9NO3,[M+Na]+,1.0,142.0475,1.0,135.4
2299,AllCCS-32859911,L-Threonine,C4H9NO3,[M+H-H2O]+,1.0,102.055,1.0,126.2
2300,AllCCS-32859911,L-Threonine,C4H9NO3,[M+NH4]+,1.0,137.0921,1.0,134.3
2301,AllCCS-32859911,L-Threonine,C4H9NO3,[M+Na]+,1.0,142.0475,1.0,135.4
2303,AllCCS-32859911,L-Threonine,C4H9NO3,[M+Na-2H]-,-1.0,140.0329,-1.0,125.2
2304,AllCCS-32859911,L-Threonine,C4H9NO3,[M+HCOO]-,-1.0,164.0564,-1.0,128.8
2305,DeepCCS-30932474,(2E)-Dodecenoyl-CoA,C33H56N7O17P3S,[M+H]+,1.0,948.2739,1.0,254.7
2306,DeepCCS-30932474,(2E)-Dodecenoyl-CoA,C33H56N7O17P3S,[M-H]-,-1.0,946.2593,-1.0,252.8
2307,DeepCCS-30932474,(2E)-Dodecenoyl-CoA,C33H56N7O17P3S,[M-2H]2-,,473.1297,,286.1
2308,DeepCCS-30932474,(2E)-Dodecenoyl-CoA,C33H56N7O17P3S,[M+Na]+,1.0,970.2558,1.0,260.5
2309,AllCCS-32859911,(2E)-Dodecenoyl-CoA,C33H56N7O17P3S,[M+H]+,1.0,948.2739,1.0,279.6
2310,AllCCS-32859911,(2E)-Dodecenoyl-CoA,C33H56N7O17P3S,[M+H-H2O]+,1.0,930.2633,1.0,280.2
2311,AllCCS-32859911,(2E)-Dodecenoyl-CoA,C33H56N7O17P3S,[M+NH4]+,1.0,965.3004,1.0,279.0
2312,AllCCS-32859911,(2E)-Dodecenoyl-CoA,C33H56N7O17P3S,[M+Na]+,1.0,970.2558,1.0,278.8
2313,AllCCS-32859911,(2E)-Dodecenoyl-CoA,C33H56N7O17P3S,[M-H]-,-1.0,946.2593,-1.0,282.3
2314,AllCCS-32859911,(2E)-Dodecenoyl-CoA,C33H56N7O17P3S,[M+Na-2H]-,-1.0,968.2413,-1.0,287.9
2315,AllCCS-32859911,(2E)-Dodecenoyl-CoA,C33H56N7O17P3S,[M+HCOO]-,-1.0,992.2648,-1.0,294.0
2316,DarkChem-31661259,Shikimic acid,C7H10O5,[M+H]+,1.0,175.0601,1.0,140.2
2317,DarkChem-31661259,Shikimic acid,C7H10O5,[M-H]-,-1.0,173.0455,-1.0,134.2
2318,DeepCCS-30932474,Shikimic acid,C7H10O5,[M+H]+,1.0,175.0601,1.0,138.1
2319,DeepCCS-30932474,Shikimic acid,C7H10O5,[M-H]-,-1.0,173.0455,-1.0,135.8
2320,DeepCCS-30932474,Shikimic acid,C7H10O5,[M-2H]2-,,86.5228,,169.4
2321,DeepCCS-30932474,Shikimic acid,C7H10O5,[M+Na]+,1.0,197.042,1.0,144.0
2322,AllCCS-32859911,Shikimic acid,C7H10O5,[M+H]+,1.0,175.0601,1.0,139.8
2323,AllCCS-32859911,Shikimic acid,C7H10O5,[M+H-H2O]+,1.0,157.0495,1.0,135.7
2324,AllCCS-32859911,Shikimic acid,C7H10O5,[M+NH4]+,1.0,192.0866,1.0,143.6
2325,AllCCS-32859911,Shikimic acid,C7H10O5,[M+Na]+,1.0,197.042,1.0,144.8
2326,AllCCS-32859911,Shikimic acid,C7H10O5,[M-H]-,-1.0,173.0455,-1.0,132.5
2327,AllCCS-32859911,Shikimic acid,C7H10O5,[M+Na-2H]-,-1.0,195.0275,-1.0,133.5
2328,AllCCS-32859911,Shikimic acid,C7H10O5,[M+HCOO]-,-1.0,219.051,-1.0,134.8
2329,DarkChem-31661259,6-Phosphogluconic acid,C6H13O10P,[M+H]+,1.0,277.0319,1.0,160.0
2331,DarkChem-31661259,6-Phosphogluconic acid,C6H13O10P,[M-H]-,-1.0,275.0174,-1.0,150.8
2333,AllCCS-32859911,6-Phosphogluconic acid,C6H13O10P,[M+H]+,1.0,277.0319,1.0,158.3
2334,AllCCS-32859911,6-Phosphogluconic acid,C6H13O10P,[M-H]-,-1.0,275.0174,-1.0,149.5
2335,DeepCCS-30932474,6-Phosphogluconic acid,C6H13O10P,[M+H]+,1.0,277.0319,1.0,154.2
2336,DeepCCS-30932474,6-Phosphogluconic acid,C6H13O10P,[M-H]-,-1.0,275.0174,-1.0,151.8
2337,DeepCCS-30932474,6-Phosphogluconic acid,C6H13O10P,[M-2H]2-,,137.5087,,185.7
2338,DeepCCS-30932474,6-Phosphogluconic acid,C6H13O10P,[M+Na]+,1.0,299.0139,1.0,160.9
2340,AllCCS-32859911,6-Phosphogluconic acid,C6H13O10P,[M+H-H2O]+,1.0,259.0213,1.0,155.1
2341,AllCCS-32859911,6-Phosphogluconic acid,C6H13O10P,[M+NH4]+,1.0,294.0585,1.0,161.3
2342,AllCCS-32859911,6-Phosphogluconic acid,C6H13O10P,[M+Na]+,1.0,299.0139,1.0,162.1
2344,AllCCS-32859911,6-Phosphogluconic acid,C6H13O10P,[M+Na-2H]-,-1.0,296.9993,-1.0,149.9
2345,AllCCS-32859911,6-Phosphogluconic acid,C6H13O10P,[M+HCOO]-,-1.0,321.0228,-1.0,150.5
2346,DarkChem-31661259,Pyrophosphate,H4O7P2,[M+H]+,1.0,178.9505,1.0,137.2
2347,DarkChem-31661259,Pyrophosphate,H4O7P2,[M-H]-,-1.0,176.9359,-1.0,129.2
2348,AllCCS-32859911,Pyrophosphate,H4O7P2,[M+H]+,1.0,178.9505,1.0,140.4
2349,AllCCS-32859911,Pyrophosphate,H4O7P2,[M-H]-,-1.0,176.9359,-1.0,126.7
2350,DeepCCS-30932474,Pyrophosphate,H4O7P2,[M+H]+,1.0,178.9505,1.0,92.0
2351,DeepCCS-30932474,Pyrophosphate,H4O7P2,[M-H]-,-1.0,176.9359,-1.0,88.6
2352,DeepCCS-30932474,Pyrophosphate,H4O7P2,[M-2H]2-,,88.468,,125.9
2353,DeepCCS-30932474,Pyrophosphate,H4O7P2,[M+Na]+,1.0,200.9324,1.0,100.6
2355,AllCCS-32859911,Pyrophosphate,H4O7P2,[M+H-H2O]+,1.0,160.9399,1.0,136.6
2356,AllCCS-32859911,Pyrophosphate,H4O7P2,[M+NH4]+,1.0,195.977,1.0,144.0
2357,AllCCS-32859911,Pyrophosphate,H4O7P2,[M+Na]+,1.0,200.9324,1.0,145.0
2359,AllCCS-32859911,Pyrophosphate,H4O7P2,[M+Na-2H]-,-1.0,198.9179,-1.0,129.6
2360,AllCCS-32859911,Pyrophosphate,H4O7P2,[M+HCOO]-,-1.0,222.9414,-1.0,132.7
2361,AllCCS-32859911,Thiamine,C12H17N4OS,[M+H]+,1.0,266.1196,1.0,158.6
2362,AllCCS-32859911,Thiamine,C12H17N4OS,[M-H]-,-1.0,264.105,-1.0,163.8
2363,DeepCCS-30932474,Thiamine,C12H17N4OS,[M+H]+,1.0,266.1196,1.0,161.2
2364,DeepCCS-30932474,Thiamine,C12H17N4OS,[M-H]-,-1.0,264.105,-1.0,158.9
2365,DeepCCS-30932474,Thiamine,C12H17N4OS,[M-2H]2-,,132.0525,,192.2
2366,DeepCCS-30932474,Thiamine,C12H17N4OS,[M+Na]+,1.0,288.1015,1.0,167.4
2368,AllCCS-32859911,Thiamine,C12H17N4OS,[M+H-H2O]+,1.0,248.109,1.0,155.1
2369,AllCCS-32859911,Thiamine,C12H17N4OS,[M+NH4]+,1.0,283.1461,1.0,161.8
2370,AllCCS-32859911,Thiamine,C12H17N4OS,[M+Na]+,1.0,288.1015,1.0,162.8
2372,AllCCS-32859911,Thiamine,C12H17N4OS,[M+Na-2H]-,-1.0,286.087,-1.0,164.0
2373,AllCCS-32859911,Thiamine,C12H17N4OS,[M+HCOO]-,-1.0,310.1105,-1.0,164.4
2374,DarkChem-31661259,dUMP,C9H13N2O8P,[M+H]+,1.0,309.0482,1.0,166.3
2375,DarkChem-31661259,dUMP,C9H13N2O8P,[M-H]-,-1.0,307.0337,-1.0,163.7
2376,AllCCS-32859911,dUMP,C9H13N2O8P,[M+H]+,1.0,309.0482,1.0,165.8
2377,AllCCS-32859911,dUMP,C9H13N2O8P,[M-H]-,-1.0,307.0337,-1.0,161.8
2378,DeepCCS-30932474,dUMP,C9H13N2O8P,[M+H]+,1.0,309.0482,1.0,160.9
2379,DeepCCS-30932474,dUMP,C9H13N2O8P,[M-H]-,-1.0,307.0337,-1.0,158.6
2380,DeepCCS-30932474,dUMP,C9H13N2O8P,[M-2H]2-,,153.5168,,192.5
2381,DeepCCS-30932474,dUMP,C9H13N2O8P,[M+Na]+,1.0,331.0302,1.0,167.5
2383,AllCCS-32859911,dUMP,C9H13N2O8P,[M+H-H2O]+,1.0,291.0377,1.0,162.6
2384,AllCCS-32859911,dUMP,C9H13N2O8P,[M+NH4]+,1.0,326.0748,1.0,168.8
2385,AllCCS-32859911,dUMP,C9H13N2O8P,[M+Na]+,1.0,331.0302,1.0,169.6
2387,AllCCS-32859911,dUMP,C9H13N2O8P,[M+Na-2H]-,-1.0,329.0156,-1.0,161.7
2388,AllCCS-32859911,dUMP,C9H13N2O8P,[M+HCOO]-,-1.0,353.0392,-1.0,161.7
2389,DarkChem-31661259,D-Erythrose 4-phosphate,C4H9O7P,[M+H]+,1.0,201.0159,1.0,145.1
2390,DarkChem-31661259,D-Erythrose 4-phosphate,C4H9O7P,[M-H]-,-1.0,199.0013,-1.0,141.0
2391,AllCCS-32859911,D-Erythrose 4-phosphate,C4H9O7P,[M+H]+,1.0,201.0159,1.0,143.6
2392,AllCCS-32859911,D-Erythrose 4-phosphate,C4H9O7P,[M-H]-,-1.0,199.0013,-1.0,134.2
2393,DeepCCS-30932474,D-Erythrose 4-phosphate,C4H9O7P,[M+H]+,1.0,201.0159,1.0,134.9
2394,DeepCCS-30932474,D-Erythrose 4-phosphate,C4H9O7P,[M-H]-,-1.0,199.0013,-1.0,132.5
2395,DeepCCS-30932474,D-Erythrose 4-phosphate,C4H9O7P,[M-2H]2-,,99.5007,,166.5
2396,DeepCCS-30932474,D-Erythrose 4-phosphate,C4H9O7P,[M+Na]+,1.0,222.9978,1.0,140.8
2398,AllCCS-32859911,D-Erythrose 4-phosphate,C4H9O7P,[M+H-H2O]+,1.0,183.0053,1.0,139.9
2399,AllCCS-32859911,D-Erythrose 4-phosphate,C4H9O7P,[M+NH4]+,1.0,218.0424,1.0,147.0
2400,AllCCS-32859911,D-Erythrose 4-phosphate,C4H9O7P,[M+Na]+,1.0,222.9978,1.0,148.0
2402,AllCCS-32859911,D-Erythrose 4-phosphate,C4H9O7P,[M+Na-2H]-,-1.0,220.9833,-1.0,135.7
2403,AllCCS-32859911,D-Erythrose 4-phosphate,C4H9O7P,[M+HCOO]-,-1.0,245.0068,-1.0,137.4
2404,DarkChem-31661259,Nicotinic acid,C6H5NO2,[M+H]+,1.0,124.0393,1.0,124.6
2405,DarkChem-31661259,Nicotinic acid,C6H5NO2,[M-H]-,-1.0,122.0248,-1.0,118.2
2406,AllCCS-32859911,Nicotinic acid,C6H5NO2,[M+H]+,1.0,124.0393,1.0,125.4
2407,AllCCS-32859911,Nicotinic acid,C6H5NO2,[M-H]-,-1.0,122.0248,-1.0,121.0
2408,DeepCCS-30932474,Nicotinic acid,C6H5NO2,[M+H]+,1.0,124.0393,1.0,124.7
2409,DeepCCS-30932474,Nicotinic acid,C6H5NO2,[M-H]-,-1.0,122.0248,-1.0,121.4
2410,DeepCCS-30932474,Nicotinic acid,C6H5NO2,[M-2H]2-,,61.0124,,158.3
2411,DeepCCS-30932474,Nicotinic acid,C6H5NO2,[M+Na]+,1.0,146.0212,1.0,133.5
2413,AllCCS-32859911,Nicotinic acid,C6H5NO2,[M+H-H2O]+,1.0,106.0287,1.0,120.6
2414,AllCCS-32859911,Nicotinic acid,C6H5NO2,[M+NH4]+,1.0,141.0659,1.0,130.0
2415,AllCCS-32859911,Nicotinic acid,C6H5NO2,[M+Na]+,1.0,146.0212,1.0,131.3
2417,AllCCS-32859911,Nicotinic acid,C6H5NO2,[M+Na-2H]-,-1.0,144.0067,-1.0,123.0
2418,AllCCS-32859911,Nicotinic acid,C6H5NO2,[M+HCOO]-,-1.0,168.0302,-1.0,125.3
2419,DarkChem-31661259,"P1,P4-Bis(5'-adenosyl) tetraphosphate",C20H28N10O19P4,[M+H]+,1.0,837.0555,1.0,276.2
2420,DarkChem-31661259,"P1,P4-Bis(5'-adenosyl) tetraphosphate",C20H28N10O19P4,[M-H]-,-1.0,835.041,-1.0,254.0
2421,DeepCCS-30932474,"P1,P4-Bis(5'-adenosyl) tetraphosphate",C20H28N10O19P4,[M+H]+,1.0,837.0555,1.0,201.5
2422,DeepCCS-30932474,"P1,P4-Bis(5'-adenosyl) tetraphosphate",C20H28N10O19P4,[M-H]-,-1.0,835.041,-1.0,199.6
2423,DeepCCS-30932474,"P1,P4-Bis(5'-adenosyl) tetraphosphate",C20H28N10O19P4,[M-2H]2-,,417.5205,,232.9
2424,DeepCCS-30932474,"P1,P4-Bis(5'-adenosyl) tetraphosphate",C20H28N10O19P4,[M+Na]+,1.0,859.0375,1.0,207.1
2425,AllCCS-32859911,"P1,P4-Bis(5'-adenosyl) tetraphosphate",C20H28N10O19P4,[M+H]+,1.0,837.0555,1.0,245.2
2426,AllCCS-32859911,"P1,P4-Bis(5'-adenosyl) tetraphosphate",C20H28N10O19P4,[M+H-H2O]+,1.0,819.045,1.0,245.4
2427,AllCCS-32859911,"P1,P4-Bis(5'-adenosyl) tetraphosphate",C20H28N10O19P4,[M+NH4]+,1.0,854.0821,1.0,245.1
2428,AllCCS-32859911,"P1,P4-Bis(5'-adenosyl) tetraphosphate",C20H28N10O19P4,[M+Na]+,1.0,859.0375,1.0,245.0
2429,AllCCS-32859911,"P1,P4-Bis(5'-adenosyl) tetraphosphate",C20H28N10O19P4,[M-H]-,-1.0,835.041,-1.0,241.8
2430,AllCCS-32859911,"P1,P4-Bis(5'-adenosyl) tetraphosphate",C20H28N10O19P4,[M+Na-2H]-,-1.0,857.0229,-1.0,244.6
2431,AllCCS-32859911,"P1,P4-Bis(5'-adenosyl) tetraphosphate",C20H28N10O19P4,[M+HCOO]-,-1.0,881.0465,-1.0,247.7
2432,DarkChem-31661259,L-Asparagine,C4H8N2O3,[M+H]+,1.0,133.0608,1.0,129.7
2433,DarkChem-31661259,L-Asparagine,C4H8N2O3,[M-H]-,-1.0,131.0462,-1.0,121.8
2434,AllCCS-32859911,L-Asparagine,C4H8N2O3,[M+H]+,1.0,133.0608,1.0,132.0
2435,AllCCS-32859911,L-Asparagine,C4H8N2O3,[M-H]-,-1.0,131.0462,-1.0,123.7
2436,DeepCCS-30932474,L-Asparagine,C4H8N2O3,[M+H]+,1.0,133.0608,1.0,124.0
2437,DeepCCS-30932474,L-Asparagine,C4H8N2O3,[M-H]-,-1.0,131.0462,-1.0,120.2
2438,DeepCCS-30932474,L-Asparagine,C4H8N2O3,[M-2H]2-,,65.5231,,157.7
2439,DeepCCS-30932474,L-Asparagine,C4H8N2O3,[M+Na]+,1.0,155.0427,1.0,133.0
2441,AllCCS-32859911,L-Asparagine,C4H8N2O3,[M+H-H2O]+,1.0,115.0502,1.0,127.9
2442,AllCCS-32859911,L-Asparagine,C4H8N2O3,[M+NH4]+,1.0,150.0873,1.0,135.8
2443,AllCCS-32859911,L-Asparagine,C4H8N2O3,[M+Na]+,1.0,155.0427,1.0,136.9
2445,AllCCS-32859911,L-Asparagine,C4H8N2O3,[M+Na-2H]-,-1.0,153.0282,-1.0,126.3
2446,AllCCS-32859911,L-Asparagine,C4H8N2O3,[M+HCOO]-,-1.0,177.0517,-1.0,129.3
2447,AllCCS-32859911,Choline,C5H14NO,[M+H]+,1.0,105.1148,1.0,121.1
2448,AllCCS-32859911,Choline,C5H14NO,[M-H]-,-1.0,103.1003,-1.0,137.1
2449,DeepCCS-30932474,Choline,C5H14NO,[M+H]+,1.0,105.1148,1.0,122.3
2450,DeepCCS-30932474,Choline,C5H14NO,[M-H]-,-1.0,103.1003,-1.0,119.2
2451,DeepCCS-30932474,Choline,C5H14NO,[M-2H]2-,,51.5501,,155.8
2452,DeepCCS-30932474,Choline,C5H14NO,[M+Na]+,1.0,127.0968,1.0,131.1
2454,AllCCS-32859911,Choline,C5H14NO,[M+H-H2O]+,1.0,87.1043,1.0,117.0
2455,AllCCS-32859911,Choline,C5H14NO,[M+NH4]+,1.0,122.1414,1.0,124.8
2456,AllCCS-32859911,Choline,C5H14NO,[M+Na]+,1.0,127.0968,1.0,125.9
2458,AllCCS-32859911,Choline,C5H14NO,[M+Na-2H]-,-1.0,125.0822,-1.0,140.2
2459,AllCCS-32859911,Choline,C5H14NO,[M+HCOO]-,-1.0,149.1057,-1.0,143.6
2460,DarkChem-31661259,Farnesyl pyrophosphate,C15H28O7P2,[M+H]+,1.0,383.1383,1.0,192.6
2461,DarkChem-31661259,Farnesyl pyrophosphate,C15H28O7P2,[M-H]-,-1.0,381.1238,-1.0,185.2
2462,AllCCS-32859911,Farnesyl pyrophosphate,C15H28O7P2,[M+H]+,1.0,383.1383,1.0,195.6
2463,AllCCS-32859911,Farnesyl pyrophosphate,C15H28O7P2,[M-H]-,-1.0,381.1238,-1.0,187.8
2464,DeepCCS-30932474,Farnesyl pyrophosphate,C15H28O7P2,[M+H]+,1.0,383.1383,1.0,168.2
2465,DeepCCS-30932474,Farnesyl pyrophosphate,C15H28O7P2,[M-H]-,-1.0,381.1238,-1.0,164.8
2466,DeepCCS-30932474,Farnesyl pyrophosphate,C15H28O7P2,[M-2H]2-,,190.5619,,200.3
2467,DeepCCS-30932474,Farnesyl pyrophosphate,C15H28O7P2,[M+Na]+,1.0,405.1202,1.0,176.6
2469,AllCCS-32859911,Farnesyl pyrophosphate,C15H28O7P2,[M+H-H2O]+,1.0,365.1277,1.0,193.0
2470,AllCCS-32859911,Farnesyl pyrophosphate,C15H28O7P2,[M+NH4]+,1.0,400.1649,1.0,197.9
2471,AllCCS-32859911,Farnesyl pyrophosphate,C15H28O7P2,[M+Na]+,1.0,405.1202,1.0,198.6
2473,AllCCS-32859911,Farnesyl pyrophosphate,C15H28O7P2,[M+Na-2H]-,-1.0,403.1057,-1.0,189.1
2474,AllCCS-32859911,Farnesyl pyrophosphate,C15H28O7P2,[M+HCOO]-,-1.0,427.1292,-1.0,190.6
2475,DarkChem-31661259,Spermine,C10H26N4,[M+H]+,1.0,203.223,1.0,148.6
2476,DarkChem-31661259,Spermine,C10H26N4,[M-H]-,-1.0,201.2085,-1.0,145.2
2477,AllCCS-32859911,Spermine,C10H26N4,[M+H]+,1.0,203.223,1.0,145.4
2478,AllCCS-32859911,Spermine,C10H26N4,[M-H]-,-1.0,201.2085,-1.0,153.2
2479,DeepCCS-30932474,Spermine,C10H26N4,[M+H]+,1.0,203.223,1.0,148.6
2480,DeepCCS-30932474,Spermine,C10H26N4,[M-H]-,-1.0,201.2085,-1.0,145.3
2481,DeepCCS-30932474,Spermine,C10H26N4,[M-2H]2-,,100.6042,,182.4
2482,DeepCCS-30932474,Spermine,C10H26N4,[M+Na]+,1.0,225.205,1.0,158.0
2484,AllCCS-32859911,Spermine,C10H26N4,[M+H-H2O]+,1.0,185.2125,1.0,142.1
2485,AllCCS-32859911,Spermine,C10H26N4,[M+NH4]+,1.0,220.2496,1.0,148.4
2486,AllCCS-32859911,Spermine,C10H26N4,[M+Na]+,1.0,225.205,1.0,149.3
2488,AllCCS-32859911,Spermine,C10H26N4,[M+Na-2H]-,-1.0,223.1904,-1.0,154.6
2489,AllCCS-32859911,Spermine,C10H26N4,[M+HCOO]-,-1.0,247.2139,-1.0,156.1
2490,DarkChem-31661259,Spermidine,C7H19N3,[M+H]+,1.0,146.1652,1.0,132.8
2491,DarkChem-31661259,Spermidine,C7H19N3,[M-H]-,-1.0,144.1506,-1.0,128.1
2492,AllCCS-32859911,Spermidine,C7H19N3,[M+H]+,1.0,146.1652,1.0,132.4
2493,AllCCS-32859911,Spermidine,C7H19N3,[M-H]-,-1.0,144.1506,-1.0,135.2
2494,DeepCCS-30932474,Spermidine,C7H19N3,[M+H]+,1.0,146.1652,1.0,135.7
2495,DeepCCS-30932474,Spermidine,C7H19N3,[M-H]-,-1.0,144.1506,-1.0,133.2
2496,DeepCCS-30932474,Spermidine,C7H19N3,[M-2H]2-,,72.0753,,169.4
2497,DeepCCS-30932474,Spermidine,C7H19N3,[M+Na]+,1.0,168.1471,1.0,144.5
2499,AllCCS-32859911,Spermidine,C7H19N3,[M+H-H2O]+,1.0,128.1546,1.0,128.6
2500,AllCCS-32859911,Spermidine,C7H19N3,[M+NH4]+,1.0,163.1917,1.0,136.0
2501,AllCCS-32859911,Spermidine,C7H19N3,[M+Na]+,1.0,168.1471,1.0,137.0
2503,AllCCS-32859911,Spermidine,C7H19N3,[M+Na-2H]-,-1.0,166.1326,-1.0,137.6
2504,AllCCS-32859911,Spermidine,C7H19N3,[M+HCOO]-,-1.0,190.1561,-1.0,140.2
2505,DarkChem-31661259,L-Glutamic acid 5-phosphate,C5H10NO7P,[M+H]+,1.0,228.0268,1.0,151.1
2506,DarkChem-31661259,L-Glutamic acid 5-phosphate,C5H10NO7P,[M-H]-,-1.0,226.0122,-1.0,149.5
2507,AllCCS-32859911,L-Glutamic acid 5-phosphate,C5H10NO7P,[M+H]+,1.0,228.0268,1.0,148.1
2508,AllCCS-32859911,L-Glutamic acid 5-phosphate,C5H10NO7P,[M-H]-,-1.0,226.0122,-1.0,140.3
2509,DeepCCS-30932474,L-Glutamic acid 5-phosphate,C5H10NO7P,[M+H]+,1.0,228.0268,1.0,135.1
2510,DeepCCS-30932474,L-Glutamic acid 5-phosphate,C5H10NO7P,[M-H]-,-1.0,226.0122,-1.0,132.7
2511,DeepCCS-30932474,L-Glutamic acid 5-phosphate,C5H10NO7P,[M-2H]2-,,113.0061,,167.0
2512,DeepCCS-30932474,L-Glutamic acid 5-phosphate,C5H10NO7P,[M+Na]+,1.0,250.0087,1.0,141.5
2514,AllCCS-32859911,L-Glutamic acid 5-phosphate,C5H10NO7P,[M+H-H2O]+,1.0,210.0162,1.0,144.6
2515,AllCCS-32859911,L-Glutamic acid 5-phosphate,C5H10NO7P,[M+NH4]+,1.0,245.0533,1.0,151.4
2516,AllCCS-32859911,L-Glutamic acid 5-phosphate,C5H10NO7P,[M+Na]+,1.0,250.0087,1.0,152.3
2518,AllCCS-32859911,L-Glutamic acid 5-phosphate,C5H10NO7P,[M+Na-2H]-,-1.0,247.9942,-1.0,141.3
2519,AllCCS-32859911,L-Glutamic acid 5-phosphate,C5H10NO7P,[M+HCOO]-,-1.0,272.0177,-1.0,142.5
2520,DarkChem-31661259,N'-Formylkynurenine,C11H12N2O4,[M+H]+,1.0,237.087,1.0,152.5
2521,DarkChem-31661259,N'-Formylkynurenine,C11H12N2O4,[M-H]-,-1.0,235.0724,-1.0,150.9
2522,AllCCS-32859911,N'-Formylkynurenine,C11H12N2O4,[M+H]+,1.0,237.087,1.0,152.8
2523,AllCCS-32859911,N'-Formylkynurenine,C11H12N2O4,[M-H]-,-1.0,235.0724,-1.0,151.4
2524,DeepCCS-30932474,N'-Formylkynurenine,C11H12N2O4,[M+H]+,1.0,237.087,1.0,144.6
2525,DeepCCS-30932474,N'-Formylkynurenine,C11H12N2O4,[M-H]-,-1.0,235.0724,-1.0,142.2
2526,DeepCCS-30932474,N'-Formylkynurenine,C11H12N2O4,[M-2H]2-,,117.5362,,176.8
2527,DeepCCS-30932474,N'-Formylkynurenine,C11H12N2O4,[M+Na]+,1.0,259.0689,1.0,152.1
2529,AllCCS-32859911,N'-Formylkynurenine,C11H12N2O4,[M+H-H2O]+,1.0,219.0764,1.0,149.0
2530,AllCCS-32859911,N'-Formylkynurenine,C11H12N2O4,[M+NH4]+,1.0,254.1135,1.0,156.2
2531,AllCCS-32859911,N'-Formylkynurenine,C11H12N2O4,[M+Na]+,1.0,259.0689,1.0,157.2
2533,AllCCS-32859911,N'-Formylkynurenine,C11H12N2O4,[M+Na-2H]-,-1.0,257.0544,-1.0,151.6
2534,AllCCS-32859911,N'-Formylkynurenine,C11H12N2O4,[M+HCOO]-,-1.0,281.0779,-1.0,152.0
2535,DarkChem-31661259,Oxalacetic acid,C4H4O5,[M+H]+,1.0,133.0131,1.0,127.8
2536,DarkChem-31661259,Oxalacetic acid,C4H4O5,[M-H]-,-1.0,130.9986,-1.0,120.7
2537,AllCCS-32859911,Oxalacetic acid,C4H4O5,[M+H]+,1.0,133.0131,1.0,130.3
2538,AllCCS-32859911,Oxalacetic acid,C4H4O5,[M-H]-,-1.0,130.9986,-1.0,121.6
2539,DeepCCS-30932474,Oxalacetic acid,C4H4O5,[M+H]+,1.0,133.0131,1.0,123.0
2540,DeepCCS-30932474,Oxalacetic acid,C4H4O5,[M-H]-,-1.0,130.9986,-1.0,119.9
2541,DeepCCS-30932474,Oxalacetic acid,C4H4O5,[M-2H]2-,,65.4993,,156.8
2542,DeepCCS-30932474,Oxalacetic acid,C4H4O5,[M+Na]+,1.0,154.9951,1.0,131.6
2544,AllCCS-32859911,Oxalacetic acid,C4H4O5,[M+H-H2O]+,1.0,115.0026,1.0,126.1
2545,AllCCS-32859911,Oxalacetic acid,C4H4O5,[M+NH4]+,1.0,150.0397,1.0,134.2
2546,AllCCS-32859911,Oxalacetic acid,C4H4O5,[M+Na]+,1.0,154.9951,1.0,135.3
2548,AllCCS-32859911,Oxalacetic acid,C4H4O5,[M+Na-2H]-,-1.0,152.9805,-1.0,124.2
2549,AllCCS-32859911,Oxalacetic acid,C4H4O5,[M+HCOO]-,-1.0,177.0041,-1.0,127.1
2550,DarkChem-31661259,Succinic acid semialdehyde,C4H6O3,[M+H]+,1.0,103.039,1.0,120.5
2551,DarkChem-31661259,Succinic acid semialdehyde,C4H6O3,[M-H]-,-1.0,101.0244,-1.0,114.7
2552,AllCCS-32859911,Succinic acid semialdehyde,C4H6O3,[M+H]+,1.0,103.039,1.0,125.7
2553,AllCCS-32859911,Succinic acid semialdehyde,C4H6O3,[M-H]-,-1.0,101.0244,-1.0,124.0
2554,DeepCCS-30932474,Succinic acid semialdehyde,C4H6O3,[M+H]+,1.0,103.039,1.0,121.4
2555,DeepCCS-30932474,Succinic acid semialdehyde,C4H6O3,[M-H]-,-1.0,101.0244,-1.0,119.5
2556,DeepCCS-30932474,Succinic acid semialdehyde,C4H6O3,[M-2H]2-,,50.5122,,154.9
2557,DeepCCS-30932474,Succinic acid semialdehyde,C4H6O3,[M+Na]+,1.0,125.0209,1.0,129.4
2559,AllCCS-32859911,Succinic acid semialdehyde,C4H6O3,[M+H-H2O]+,1.0,85.0284,1.0,121.4
2560,AllCCS-32859911,Succinic acid semialdehyde,C4H6O3,[M+NH4]+,1.0,120.0655,1.0,129.7
2561,AllCCS-32859911,Succinic acid semialdehyde,C4H6O3,[M+Na]+,1.0,125.0209,1.0,130.9
2563,AllCCS-32859911,Succinic acid semialdehyde,C4H6O3,[M+Na-2H]-,-1.0,123.0064,-1.0,127.8
2564,AllCCS-32859911,Succinic acid semialdehyde,C4H6O3,[M+HCOO]-,-1.0,147.0299,-1.0,132.0
2565,DarkChem-31661259,5-Methyltetrahydrofolic acid,C20H25N7O6,[M+H]+,1.0,460.1939,1.0,206.3
2566,DarkChem-31661259,5-Methyltetrahydrofolic acid,C20H25N7O6,[M-H]-,-1.0,458.1794,-1.0,198.1
2567,AllCCS-32859911,5-Methyltetrahydrofolic acid,C20H25N7O6,[M+H]+,1.0,460.1939,1.0,203.8
2568,AllCCS-32859911,5-Methyltetrahydrofolic acid,C20H25N7O6,[M-H]-,-1.0,458.1794,-1.0,199.3
2569,DeepCCS-30932474,5-Methyltetrahydrofolic acid,C20H25N7O6,[M+H]+,1.0,460.1939,1.0,197.0
2570,DeepCCS-30932474,5-Methyltetrahydrofolic acid,C20H25N7O6,[M-H]-,-1.0,458.1794,-1.0,194.7
2571,DeepCCS-30932474,5-Methyltetrahydrofolic acid,C20H25N7O6,[M-2H]2-,,229.0897,,227.5
2572,DeepCCS-30932474,5-Methyltetrahydrofolic acid,C20H25N7O6,[M+Na]+,1.0,482.1758,1.0,203.0
2574,AllCCS-32859911,5-Methyltetrahydrofolic acid,C20H25N7O6,[M+H-H2O]+,1.0,442.1833,1.0,201.9
2575,AllCCS-32859911,5-Methyltetrahydrofolic acid,C20H25N7O6,[M+NH4]+,1.0,477.2205,1.0,205.4
2576,AllCCS-32859911,5-Methyltetrahydrofolic acid,C20H25N7O6,[M+Na]+,1.0,482.1758,1.0,205.9
2578,AllCCS-32859911,5-Methyltetrahydrofolic acid,C20H25N7O6,[M+Na-2H]-,-1.0,480.1613,-1.0,200.1
2579,AllCCS-32859911,5-Methyltetrahydrofolic acid,C20H25N7O6,[M+HCOO]-,-1.0,504.1848,-1.0,201.2
2580,DarkChem-31661259,Dolichyl b-D-glucosyl phosphate,C21H39O9P,[M+H]+,1.0,467.2404,1.0,203.7
2581,DarkChem-31661259,Dolichyl b-D-glucosyl phosphate,C21H39O9P,[M-H]-,-1.0,465.2259,-1.0,197.7
2582,AllCCS-32859911,Dolichyl b-D-glucosyl phosphate,C21H39O9P,[M+H]+,1.0,467.2404,1.0,215.5
2583,AllCCS-32859911,Dolichyl b-D-glucosyl phosphate,C21H39O9P,[M-H]-,-1.0,465.2259,-1.0,206.5
2584,DeepCCS-30932474,Dolichyl b-D-glucosyl phosphate,C21H39O9P,[M+H]+,1.0,467.2404,1.0,205.8
2585,DeepCCS-30932474,Dolichyl b-D-glucosyl phosphate,C21H39O9P,[M-H]-,-1.0,465.2259,-1.0,203.4
2586,DeepCCS-30932474,Dolichyl b-D-glucosyl phosphate,C21H39O9P,[M-2H]2-,,232.6129,,236.8
2587,DeepCCS-30932474,Dolichyl b-D-glucosyl phosphate,C21H39O9P,[M+Na]+,1.0,489.2224,1.0,212.0
2589,AllCCS-32859911,Dolichyl b-D-glucosyl phosphate,C21H39O9P,[M+H-H2O]+,1.0,449.2299,1.0,213.7
2590,AllCCS-32859911,Dolichyl b-D-glucosyl phosphate,C21H39O9P,[M+NH4]+,1.0,484.267,1.0,217.2
2591,AllCCS-32859911,Dolichyl b-D-glucosyl phosphate,C21H39O9P,[M+Na]+,1.0,489.2224,1.0,217.6
2593,AllCCS-32859911,Dolichyl b-D-glucosyl phosphate,C21H39O9P,[M+Na-2H]-,-1.0,487.2078,-1.0,208.9
2594,AllCCS-32859911,Dolichyl b-D-glucosyl phosphate,C21H39O9P,[M+HCOO]-,-1.0,511.2314,-1.0,211.6
2595,DarkChem-31661259,Mannose 6-phosphate,C6H13O9P,[M+H]+,1.0,261.037,1.0,153.7
2596,DarkChem-31661259,Mannose 6-phosphate,C6H13O9P,[M-H]-,-1.0,259.0224,-1.0,149.8
2597,AllCCS-32859911,Mannose 6-phosphate,C6H13O9P,[M+H]+,1.0,261.037,1.0,156.3
2598,AllCCS-32859911,Mannose 6-phosphate,C6H13O9P,[M-H]-,-1.0,259.0224,-1.0,147.2
2599,DeepCCS-30932474,Mannose 6-phosphate,C6H13O9P,[M+H]+,1.0,261.037,1.0,143.6
2600,DeepCCS-30932474,Mannose 6-phosphate,C6H13O9P,[M-H]-,-1.0,259.0224,-1.0,141.2
2601,DeepCCS-30932474,Mannose 6-phosphate,C6H13O9P,[M-2H]2-,,129.5112,,175.8
2602,DeepCCS-30932474,Mannose 6-phosphate,C6H13O9P,[M+Na]+,1.0,283.0189,1.0,150.2
2604,AllCCS-32859911,Mannose 6-phosphate,C6H13O9P,[M+H-H2O]+,1.0,243.0264,1.0,152.8
2605,AllCCS-32859911,Mannose 6-phosphate,C6H13O9P,[M+NH4]+,1.0,278.0635,1.0,159.6
2606,AllCCS-32859911,Mannose 6-phosphate,C6H13O9P,[M+Na]+,1.0,283.0189,1.0,160.5
2608,AllCCS-32859911,Mannose 6-phosphate,C6H13O9P,[M+Na-2H]-,-1.0,281.0044,-1.0,147.5
2609,AllCCS-32859911,Mannose 6-phosphate,C6H13O9P,[M+HCOO]-,-1.0,305.0279,-1.0,147.9
2610,DeepCCS-30932474,1-Pyrroline-5-carboxylic acid,C5H7NO2,[M+H]+,1.0,114.055,1.0,119.2
2611,DeepCCS-30932474,1-Pyrroline-5-carboxylic acid,C5H7NO2,[M-H]-,-1.0,112.0404,-1.0,115.5
2612,DeepCCS-30932474,1-Pyrroline-5-carboxylic acid,C5H7NO2,[M-2H]2-,,56.0202,,152.8
2613,DeepCCS-30932474,1-Pyrroline-5-carboxylic acid,C5H7NO2,[M+Na]+,1.0,136.0369,1.0,127.8
2614,AllCCS-32859911,1-Pyrroline-5-carboxylic acid,C5H7NO2,[M+H]+,1.0,114.055,1.0,124.9
2615,AllCCS-32859911,1-Pyrroline-5-carboxylic acid,C5H7NO2,[M+H-H2O]+,1.0,96.0444,1.0,120.1
2616,AllCCS-32859911,1-Pyrroline-5-carboxylic acid,C5H7NO2,[M+NH4]+,1.0,131.0815,1.0,129.5
2617,AllCCS-32859911,1-Pyrroline-5-carboxylic acid,C5H7NO2,[M+Na]+,1.0,136.0369,1.0,130.8
2618,AllCCS-32859911,1-Pyrroline-5-carboxylic acid,C5H7NO2,[M-H]-,-1.0,112.0404,-1.0,120.2
2619,AllCCS-32859911,1-Pyrroline-5-carboxylic acid,C5H7NO2,[M+Na-2H]-,-1.0,134.0223,-1.0,122.7
2620,AllCCS-32859911,1-Pyrroline-5-carboxylic acid,C5H7NO2,[M+HCOO]-,-1.0,158.0459,-1.0,125.5
2621,DarkChem-31661259,L-Cystathionine,C7H14N2O4S,[M+H]+,1.0,223.0747,1.0,150.0
2622,DarkChem-31661259,L-Cystathionine,C7H14N2O4S,[M-H]-,-1.0,221.0602,-1.0,145.3
2623,AllCCS-32859911,L-Cystathionine,C7H14N2O4S,[M+H]+,1.0,223.0747,1.0,146.7
2624,AllCCS-32859911,L-Cystathionine,C7H14N2O4S,[M-H]-,-1.0,221.0602,-1.0,146.2
2625,DeepCCS-30932474,L-Cystathionine,C7H14N2O4S,[M+H]+,1.0,223.0747,1.0,145.1
2626,DeepCCS-30932474,L-Cystathionine,C7H14N2O4S,[M-H]-,-1.0,221.0602,-1.0,142.7
2627,DeepCCS-30932474,L-Cystathionine,C7H14N2O4S,[M-2H]2-,,110.5301,,176.9
2628,DeepCCS-30932474,L-Cystathionine,C7H14N2O4S,[M+Na]+,1.0,245.0566,1.0,151.6
2630,AllCCS-32859911,L-Cystathionine,C7H14N2O4S,[M+H-H2O]+,1.0,205.0641,1.0,143.4
2631,AllCCS-32859911,L-Cystathionine,C7H14N2O4S,[M+NH4]+,1.0,240.1013,1.0,149.8
2632,AllCCS-32859911,L-Cystathionine,C7H14N2O4S,[M+Na]+,1.0,245.0566,1.0,150.6
2634,AllCCS-32859911,L-Cystathionine,C7H14N2O4S,[M+Na-2H]-,-1.0,243.0421,-1.0,147.3
2635,AllCCS-32859911,L-Cystathionine,C7H14N2O4S,[M+HCOO]-,-1.0,267.0656,-1.0,148.6
2636,DarkChem-31661259,S-Lactoylglutathione,C13H21N3O8S,[M+H]+,1.0,380.1122,1.0,187.2
2638,DarkChem-31661259,S-Lactoylglutathione,C13H21N3O8S,[M-H]-,-1.0,378.0977,-1.0,181.8
2640,AllCCS-32859911,S-Lactoylglutathione,C13H21N3O8S,[M+H]+,1.0,380.1122,1.0,182.4
2641,AllCCS-32859911,S-Lactoylglutathione,C13H21N3O8S,[M-H]-,-1.0,378.0977,-1.0,180.3
2642,DeepCCS-30932474,S-Lactoylglutathione,C13H21N3O8S,[M+H]+,1.0,380.1122,1.0,185.7
2643,DeepCCS-30932474,S-Lactoylglutathione,C13H21N3O8S,[M-H]-,-1.0,378.0977,-1.0,183.3
2644,DeepCCS-30932474,S-Lactoylglutathione,C13H21N3O8S,[M-2H]2-,,189.0488,,217.2
2645,DeepCCS-30932474,S-Lactoylglutathione,C13H21N3O8S,[M+Na]+,1.0,402.0942,1.0,192.4
2647,AllCCS-32859911,S-Lactoylglutathione,C13H21N3O8S,[M+H-H2O]+,1.0,362.1016,1.0,180.1
2648,AllCCS-32859911,S-Lactoylglutathione,C13H21N3O8S,[M+NH4]+,1.0,397.1388,1.0,184.4
2649,AllCCS-32859911,S-Lactoylglutathione,C13H21N3O8S,[M+Na]+,1.0,402.0942,1.0,185.0
2651,AllCCS-32859911,S-Lactoylglutathione,C13H21N3O8S,[M+Na-2H]-,-1.0,400.0796,-1.0,180.8
2652,AllCCS-32859911,S-Lactoylglutathione,C13H21N3O8S,[M+HCOO]-,-1.0,424.1031,-1.0,181.5
2653,DarkChem-31661259,Lactic acid,C3H6O3,[M+H]+,1.0,91.039,1.0,116.3
2655,DarkChem-31661259,Lactic acid,C3H6O3,[M-H]-,-1.0,89.0244,-1.0,111.4
2657,AllCCS-32859911,Lactic acid,C3H6O3,[M+H]+,1.0,91.039,1.0,125.9
2658,AllCCS-32859911,Lactic acid,C3H6O3,[M-H]-,-1.0,89.0244,-1.0,123.6
2659,DeepCCS-30932474,Lactic acid,C3H6O3,[M+H]+,1.0,91.039,1.0,120.2
2660,DeepCCS-30932474,Lactic acid,C3H6O3,[M-H]-,-1.0,89.0244,-1.0,117.4
2661,DeepCCS-30932474,Lactic acid,C3H6O3,[M-2H]2-,,44.5122,,153.8
2662,DeepCCS-30932474,Lactic acid,C3H6O3,[M+Na]+,1.0,113.0209,1.0,128.4
2664,AllCCS-32859911,Lactic acid,C3H6O3,[M+H-H2O]+,1.0,73.0284,1.0,121.6
2665,AllCCS-32859911,Lactic acid,C3H6O3,[M+NH4]+,1.0,108.0655,1.0,130.0
2666,AllCCS-32859911,Lactic acid,C3H6O3,[M+Na]+,1.0,113.0209,1.0,131.2
2668,AllCCS-32859911,Lactic acid,C3H6O3,[M+Na-2H]-,-1.0,111.0064,-1.0,128.2
2669,AllCCS-32859911,Lactic acid,C3H6O3,[M+HCOO]-,-1.0,135.0299,-1.0,133.3
2670,DarkChem-31661259,gamma-Glutamylcysteine,C8H14N2O5S,[M+H]+,1.0,251.0696,1.0,156.7
2671,DarkChem-31661259,gamma-Glutamylcysteine,C8H14N2O5S,[M-H]-,-1.0,249.0551,-1.0,153.0
2672,AllCCS-32859911,gamma-Glutamylcysteine,C8H14N2O5S,[M+H]+,1.0,251.0696,1.0,154.1
2673,AllCCS-32859911,gamma-Glutamylcysteine,C8H14N2O5S,[M-H]-,-1.0,249.0551,-1.0,151.7
2674,DeepCCS-30932474,gamma-Glutamylcysteine,C8H14N2O5S,[M+H]+,1.0,251.0696,1.0,157.7
2675,DeepCCS-30932474,gamma-Glutamylcysteine,C8H14N2O5S,[M-H]-,-1.0,249.0551,-1.0,155.3
2676,DeepCCS-30932474,gamma-Glutamylcysteine,C8H14N2O5S,[M-2H]2-,,124.5275,,188.2
2677,DeepCCS-30932474,gamma-Glutamylcysteine,C8H14N2O5S,[M+Na]+,1.0,273.0516,1.0,163.7
2679,AllCCS-32859911,gamma-Glutamylcysteine,C8H14N2O5S,[M+H-H2O]+,1.0,233.0591,1.0,150.9
2680,AllCCS-32859911,gamma-Glutamylcysteine,C8H14N2O5S,[M+NH4]+,1.0,268.0962,1.0,157.0
2681,AllCCS-32859911,gamma-Glutamylcysteine,C8H14N2O5S,[M+Na]+,1.0,273.0516,1.0,157.9
2683,AllCCS-32859911,gamma-Glutamylcysteine,C8H14N2O5S,[M+Na-2H]-,-1.0,271.037,-1.0,152.6
2684,AllCCS-32859911,gamma-Glutamylcysteine,C8H14N2O5S,[M+HCOO]-,-1.0,295.0605,-1.0,153.6
2685,DarkChem-31661259,D-Ribose,C5H10O5,[M+H]+,1.0,151.0601,1.0,133.3
2686,DarkChem-31661259,D-Ribose,C5H10O5,[M-H]-,-1.0,149.0455,-1.0,128.4
2687,AllCCS-32859911,D-Ribose,C5H10O5,[M+H]+,1.0,151.0601,1.0,134.3
2688,AllCCS-32859911,D-Ribose,C5H10O5,[M-H]-,-1.0,149.0455,-1.0,124.8
2689,DeepCCS-30932474,D-Ribose,C5H10O5,[M+H]+,1.0,151.0601,1.0,132.7
2690,DeepCCS-30932474,D-Ribose,C5H10O5,[M-H]-,-1.0,149.0455,-1.0,130.5
2691,DeepCCS-30932474,D-Ribose,C5H10O5,[M-2H]2-,,74.5228,,165.4
2692,DeepCCS-30932474,D-Ribose,C5H10O5,[M+Na]+,1.0,173.042,1.0,140.0
2694,AllCCS-32859911,D-Ribose,C5H10O5,[M+H-H2O]+,1.0,133.0495,1.0,130.0
2695,AllCCS-32859911,D-Ribose,C5H10O5,[M+NH4]+,1.0,168.0866,1.0,138.4
2696,AllCCS-32859911,D-Ribose,C5H10O5,[M+Na]+,1.0,173.042,1.0,139.5
2698,AllCCS-32859911,D-Ribose,C5H10O5,[M+Na-2H]-,-1.0,171.0275,-1.0,126.5
2699,AllCCS-32859911,D-Ribose,C5H10O5,[M+HCOO]-,-1.0,195.051,-1.0,128.4
2700,DarkChem-31661259,3-Hydroxyanthranilic acid,C7H7NO3,[M+H]+,1.0,154.0499,1.0,131.5
2701,DarkChem-31661259,3-Hydroxyanthranilic acid,C7H7NO3,[M-H]-,-1.0,152.0353,-1.0,127.1
2702,AllCCS-32859911,3-Hydroxyanthranilic acid,C7H7NO3,[M+H]+,1.0,154.0499,1.0,133.2
2703,AllCCS-32859911,3-Hydroxyanthranilic acid,C7H7NO3,[M-H]-,-1.0,152.0353,-1.0,126.8
2704,DeepCCS-30932474,3-Hydroxyanthranilic acid,C7H7NO3,[M+H]+,1.0,154.0499,1.0,131.0
2705,DeepCCS-30932474,3-Hydroxyanthranilic acid,C7H7NO3,[M-H]-,-1.0,152.0353,-1.0,127.2
2706,DeepCCS-30932474,3-Hydroxyanthranilic acid,C7H7NO3,[M-2H]2-,,76.0177,,164.3
2707,DeepCCS-30932474,3-Hydroxyanthranilic acid,C7H7NO3,[M+Na]+,1.0,176.0318,1.0,139.7
2709,AllCCS-32859911,3-Hydroxyanthranilic acid,C7H7NO3,[M+H-H2O]+,1.0,136.0393,1.0,128.7
2710,AllCCS-32859911,3-Hydroxyanthranilic acid,C7H7NO3,[M+NH4]+,1.0,171.0764,1.0,137.5
2711,AllCCS-32859911,3-Hydroxyanthranilic acid,C7H7NO3,[M+Na]+,1.0,176.0318,1.0,138.7
2713,AllCCS-32859911,3-Hydroxyanthranilic acid,C7H7NO3,[M+Na-2H]-,-1.0,174.0173,-1.0,128.2
2714,AllCCS-32859911,3-Hydroxyanthranilic acid,C7H7NO3,[M+HCOO]-,-1.0,198.0408,-1.0,129.7
2715,DarkChem-31661259,N-Acetyl-L-glutamate 5-semialdehyde,C7H11NO4,[M+H]+,1.0,174.0761,1.0,140.9
2716,DarkChem-31661259,N-Acetyl-L-glutamate 5-semialdehyde,C7H11NO4,[M-H]-,-1.0,172.0615,-1.0,137.9
2717,DeepCCS-30932474,N-Acetyl-L-glutamate 5-semialdehyde,C7H11NO4,[M+H]+,1.0,174.0761,1.0,135.3
2718,DeepCCS-30932474,N-Acetyl-L-glutamate 5-semialdehyde,C7H11NO4,[M-H]-,-1.0,172.0615,-1.0,131.8
2719,DeepCCS-30932474,N-Acetyl-L-glutamate 5-semialdehyde,C7H11NO4,[M-2H]2-,,86.0308,,169.0
2720,DeepCCS-30932474,N-Acetyl-L-glutamate 5-semialdehyde,C7H11NO4,[M+Na]+,1.0,196.058,1.0,144.5
2721,AllCCS-32859911,N-Acetyl-L-glutamate 5-semialdehyde,C7H11NO4,[M+H]+,1.0,174.0761,1.0,139.4
2722,AllCCS-32859911,N-Acetyl-L-glutamate 5-semialdehyde,C7H11NO4,[M+H-H2O]+,1.0,156.0655,1.0,135.6
2723,AllCCS-32859911,N-Acetyl-L-glutamate 5-semialdehyde,C7H11NO4,[M+NH4]+,1.0,191.1026,1.0,142.9
2724,AllCCS-32859911,N-Acetyl-L-glutamate 5-semialdehyde,C7H11NO4,[M+Na]+,1.0,196.058,1.0,143.9
2725,AllCCS-32859911,N-Acetyl-L-glutamate 5-semialdehyde,C7H11NO4,[M-H]-,-1.0,172.0615,-1.0,134.9
2726,AllCCS-32859911,N-Acetyl-L-glutamate 5-semialdehyde,C7H11NO4,[M+Na-2H]-,-1.0,194.0435,-1.0,136.5
2727,AllCCS-32859911,N-Acetyl-L-glutamate 5-semialdehyde,C7H11NO4,[M+HCOO]-,-1.0,218.067,-1.0,138.2
2743,DarkChem-31661259,Guanosine diphosphate,C10H15N5O11P2,[M+H]+,1.0,444.0316,1.0,197.4
2744,DarkChem-31661259,Guanosine diphosphate,C10H15N5O11P2,[M-H]-,-1.0,442.0171,-1.0,187.6
2745,AllCCS-32859911,Guanosine diphosphate,C10H15N5O11P2,[M+H]+,1.0,444.0316,1.0,189.3
2746,AllCCS-32859911,Guanosine diphosphate,C10H15N5O11P2,[M-H]-,-1.0,442.0171,-1.0,182.0
2747,DeepCCS-30932474,Guanosine diphosphate,C10H15N5O11P2,[M+H]+,1.0,444.0316,1.0,174.5
2748,DeepCCS-30932474,Guanosine diphosphate,C10H15N5O11P2,[M-H]-,-1.0,442.0171,-1.0,172.3
2749,DeepCCS-30932474,Guanosine diphosphate,C10H15N5O11P2,[M-2H]2-,,221.0085,,206.2
2750,DeepCCS-30932474,Guanosine diphosphate,C10H15N5O11P2,[M+Na]+,1.0,466.0135,1.0,181.8
2752,AllCCS-32859911,Guanosine diphosphate,C10H15N5O11P2,[M+H-H2O]+,1.0,426.021,1.0,187.1
2753,AllCCS-32859911,Guanosine diphosphate,C10H15N5O11P2,[M+NH4]+,1.0,461.0582,1.0,191.4
2754,AllCCS-32859911,Guanosine diphosphate,C10H15N5O11P2,[M+Na]+,1.0,466.0135,1.0,192.0
2756,AllCCS-32859911,Guanosine diphosphate,C10H15N5O11P2,[M+Na-2H]-,-1.0,463.999,-1.0,182.0
2757,AllCCS-32859911,Guanosine diphosphate,C10H15N5O11P2,[M+HCOO]-,-1.0,488.0225,-1.0,182.0
2758,DarkChem-31661259,O-Phosphohomoserine,C4H10NO6P,[M+H]+,1.0,200.0318,1.0,143.3
2759,DarkChem-31661259,O-Phosphohomoserine,C4H10NO6P,[M-H]-,-1.0,198.0173,-1.0,138.1
2760,DeepCCS-30932474,O-Phosphohomoserine,C4H10NO6P,[M+H]+,1.0,200.0318,1.0,132.8
2761,DeepCCS-30932474,O-Phosphohomoserine,C4H10NO6P,[M-H]-,-1.0,198.0173,-1.0,129.3
2762,DeepCCS-30932474,O-Phosphohomoserine,C4H10NO6P,[M-2H]2-,,99.0086,,166.7
2763,DeepCCS-30932474,O-Phosphohomoserine,C4H10NO6P,[M+Na]+,1.0,222.0138,1.0,142.2
2764,AllCCS-32859911,O-Phosphohomoserine,C4H10NO6P,[M+H]+,1.0,200.0318,1.0,142.9
2765,AllCCS-32859911,O-Phosphohomoserine,C4H10NO6P,[M+H-H2O]+,1.0,182.0213,1.0,139.2
2766,AllCCS-32859911,O-Phosphohomoserine,C4H10NO6P,[M+NH4]+,1.0,217.0584,1.0,146.3
2767,AllCCS-32859911,O-Phosphohomoserine,C4H10NO6P,[M+Na]+,1.0,222.0138,1.0,147.3
2768,AllCCS-32859911,O-Phosphohomoserine,C4H10NO6P,[M-H]-,-1.0,198.0173,-1.0,134.9
2769,AllCCS-32859911,O-Phosphohomoserine,C4H10NO6P,[M+Na-2H]-,-1.0,219.9992,-1.0,136.4
2770,AllCCS-32859911,O-Phosphohomoserine,C4H10NO6P,[M+HCOO]-,-1.0,244.0228,-1.0,138.2
2771,DarkChem-31661259,"5,10-Methylene-THF",C20H23N7O6,[M+H]+,1.0,458.1783,1.0,207.6
2772,DarkChem-31661259,"5,10-Methylene-THF",C20H23N7O6,[M-H]-,-1.0,456.1637,-1.0,202.6
2773,AllCCS-32859911,"5,10-Methylene-THF",C20H23N7O6,[M+H]+,1.0,458.1783,1.0,199.9
2774,AllCCS-32859911,"5,10-Methylene-THF",C20H23N7O6,[M-H]-,-1.0,456.1637,-1.0,197.2
2775,DeepCCS-30932474,"5,10-Methylene-THF",C20H23N7O6,[M-2H]2-,,228.0819,,231.1
2776,DeepCCS-30932474,"5,10-Methylene-THF",C20H23N7O6,[M+Na]+,1.0,480.1602,1.0,206.6
2778,AllCCS-32859911,"5,10-Methylene-THF",C20H23N7O6,[M+H-H2O]+,1.0,440.1677,1.0,198.1
2779,AllCCS-32859911,"5,10-Methylene-THF",C20H23N7O6,[M+NH4]+,1.0,475.2048,1.0,201.5
2780,AllCCS-32859911,"5,10-Methylene-THF",C20H23N7O6,[M+Na]+,1.0,480.1602,1.0,202.0
2782,AllCCS-32859911,"5,10-Methylene-THF",C20H23N7O6,[M+Na-2H]-,-1.0,478.1456,-1.0,197.7
2783,AllCCS-32859911,"5,10-Methylene-THF",C20H23N7O6,[M+HCOO]-,-1.0,502.1692,-1.0,198.4
2784,DarkChem-31661259,Guanosine monophosphate,C10H14N5O8P,[M+H]+,1.0,364.0653,1.0,180.4
2785,DarkChem-31661259,Guanosine monophosphate,C10H14N5O8P,[M-H]-,-1.0,362.0507,-1.0,173.7
2786,AllCCS-32859911,Guanosine monophosphate,C10H14N5O8P,[M+H]+,1.0,364.0653,1.0,177.0
2787,AllCCS-32859911,Guanosine monophosphate,C10H14N5O8P,[M-H]-,-1.0,362.0507,-1.0,172.0
2788,DeepCCS-30932474,Guanosine monophosphate,C10H14N5O8P,[M+H]+,1.0,364.0653,1.0,172.0
2789,DeepCCS-30932474,Guanosine monophosphate,C10H14N5O8P,[M-H]-,-1.0,362.0507,-1.0,169.6
2790,DeepCCS-30932474,Guanosine monophosphate,C10H14N5O8P,[M-2H]2-,,181.0254,,203.5
2791,DeepCCS-30932474,Guanosine monophosphate,C10H14N5O8P,[M+Na]+,1.0,386.0472,1.0,177.9
2793,AllCCS-32859911,Guanosine monophosphate,C10H14N5O8P,[M+H-H2O]+,1.0,346.0547,1.0,174.2
2794,AllCCS-32859911,Guanosine monophosphate,C10H14N5O8P,[M+NH4]+,1.0,381.0918,1.0,179.6
2795,AllCCS-32859911,Guanosine monophosphate,C10H14N5O8P,[M+Na]+,1.0,386.0472,1.0,180.3
2797,AllCCS-32859911,Guanosine monophosphate,C10H14N5O8P,[M+Na-2H]-,-1.0,384.0327,-1.0,171.6
2798,AllCCS-32859911,Guanosine monophosphate,C10H14N5O8P,[M+HCOO]-,-1.0,408.0562,-1.0,171.3
2799,DarkChem-31661259,Lanosterol,C30H50O,[M+H]+,1.0,427.3934,1.0,207.8
2800,DarkChem-31661259,Lanosterol,C30H50O,[M-H]-,-1.0,425.3789,-1.0,200.5
2801,AllCCS-32859911,Lanosterol,C30H50O,[M+H]+,1.0,427.3934,1.0,215.1
2802,AllCCS-32859911,Lanosterol,C30H50O,[M-H]-,-1.0,425.3789,-1.0,214.8
2803,DeepCCS-30932474,Lanosterol,C30H50O,[M-2H]2-,,212.6894,,248.5
2804,DeepCCS-30932474,Lanosterol,C30H50O,[M+Na]+,1.0,449.3754,1.0,222.9
2806,AllCCS-32859911,Lanosterol,C30H50O,[M+H-H2O]+,1.0,409.3829,1.0,213.3
2807,AllCCS-32859911,Lanosterol,C30H50O,[M+NH4]+,1.0,444.42,1.0,216.7
2808,AllCCS-32859911,Lanosterol,C30H50O,[M+Na]+,1.0,449.3754,1.0,217.2
2810,AllCCS-32859911,Lanosterol,C30H50O,[M+Na-2H]-,-1.0,447.3608,-1.0,217.0
2811,AllCCS-32859911,Lanosterol,C30H50O,[M+HCOO]-,-1.0,471.3844,-1.0,219.4
2812,DarkChem-31661259,Xanthine,C5H4N4O2,[M+H]+,1.0,153.0407,1.0,131.5
2813,DarkChem-31661259,Xanthine,C5H4N4O2,[M-H]-,-1.0,151.0261,-1.0,128.5
2814,AllCCS-32859911,Xanthine,C5H4N4O2,[M+H]+,1.0,153.0407,1.0,132.6
2815,AllCCS-32859911,Xanthine,C5H4N4O2,[M-H]-,-1.0,151.0261,-1.0,125.5
2816,DeepCCS-30932474,Xanthine,C5H4N4O2,[M+H]+,1.0,153.0407,1.0,130.6
2817,DeepCCS-30932474,Xanthine,C5H4N4O2,[M-H]-,-1.0,151.0261,-1.0,127.2
2818,DeepCCS-30932474,Xanthine,C5H4N4O2,[M-2H]2-,,75.5131,,164.5
2819,DeepCCS-30932474,Xanthine,C5H4N4O2,[M+Na]+,1.0,175.0226,1.0,139.6
2821,AllCCS-32859911,Xanthine,C5H4N4O2,[M+H-H2O]+,1.0,135.0301,1.0,127.9
2822,AllCCS-32859911,Xanthine,C5H4N4O2,[M+NH4]+,1.0,170.0672,1.0,136.9
2823,AllCCS-32859911,Xanthine,C5H4N4O2,[M+Na]+,1.0,175.0226,1.0,138.2
2825,AllCCS-32859911,Xanthine,C5H4N4O2,[M+Na-2H]-,-1.0,173.0081,-1.0,126.4
2826,AllCCS-32859911,Xanthine,C5H4N4O2,[M+HCOO]-,-1.0,197.0316,-1.0,127.5
2827,DarkChem-31661259,Leukotriene A4,C20H30O3,[M+H]+,1.0,319.2268,1.0,188.5
2828,DarkChem-31661259,Leukotriene A4,C20H30O3,[M-H]-,-1.0,317.2122,-1.0,185.9
2829,AllCCS-32859911,Leukotriene A4,C20H30O3,[M+H]+,1.0,319.2268,1.0,187.1
2830,AllCCS-32859911,Leukotriene A4,C20H30O3,[M-H]-,-1.0,317.2122,-1.0,186.6
2831,DeepCCS-30932474,Leukotriene A4,C20H30O3,[M+H]+,1.0,319.2268,1.0,193.8
2832,DeepCCS-30932474,Leukotriene A4,C20H30O3,[M-H]-,-1.0,317.2122,-1.0,191.5
2833,DeepCCS-30932474,Leukotriene A4,C20H30O3,[M-2H]2-,,158.6061,,225.0
2834,DeepCCS-30932474,Leukotriene A4,C20H30O3,[M+Na]+,1.0,341.2087,1.0,200.3
2836,AllCCS-32859911,Leukotriene A4,C20H30O3,[M+H-H2O]+,1.0,301.2162,1.0,184.1
2837,AllCCS-32859911,Leukotriene A4,C20H30O3,[M+NH4]+,1.0,336.2533,1.0,189.8
2838,AllCCS-32859911,Leukotriene A4,C20H30O3,[M+Na]+,1.0,341.2087,1.0,190.6
2840,AllCCS-32859911,Leukotriene A4,C20H30O3,[M+Na-2H]-,-1.0,339.1942,-1.0,188.1
2841,AllCCS-32859911,Leukotriene A4,C20H30O3,[M+HCOO]-,-1.0,363.2177,-1.0,189.9
2842,AllCCS-32859911,2-Amino-3-carboxymuconic acid semialdehyde,C7H7NO5,[M+H]+,1.0,186.0397,1.0,140.4
2843,AllCCS-32859911,2-Amino-3-carboxymuconic acid semialdehyde,C7H7NO5,[M-H]-,-1.0,184.0251,-1.0,132.8
2844,DeepCCS-30932474,2-Amino-3-carboxymuconic acid semialdehyde,C7H7NO5,[M+H]+,1.0,186.0397,1.0,135.5
2845,DeepCCS-30932474,2-Amino-3-carboxymuconic acid semialdehyde,C7H7NO5,[M-H]-,-1.0,184.0251,-1.0,133.1
2846,DeepCCS-30932474,2-Amino-3-carboxymuconic acid semialdehyde,C7H7NO5,[M-2H]2-,,92.0126,,168.4
2847,DeepCCS-30932474,2-Amino-3-carboxymuconic acid semialdehyde,C7H7NO5,[M+Na]+,1.0,208.0216,1.0,143.4
2849,AllCCS-32859911,2-Amino-3-carboxymuconic acid semialdehyde,C7H7NO5,[M+H-H2O]+,1.0,168.0291,1.0,136.5
2850,AllCCS-32859911,2-Amino-3-carboxymuconic acid semialdehyde,C7H7NO5,[M+NH4]+,1.0,203.0662,1.0,144.0
2851,AllCCS-32859911,2-Amino-3-carboxymuconic acid semialdehyde,C7H7NO5,[M+Na]+,1.0,208.0216,1.0,145.0
2853,AllCCS-32859911,2-Amino-3-carboxymuconic acid semialdehyde,C7H7NO5,[M+Na-2H]-,-1.0,206.0071,-1.0,133.9
2854,AllCCS-32859911,2-Amino-3-carboxymuconic acid semialdehyde,C7H7NO5,[M+HCOO]-,-1.0,230.0306,-1.0,135.2
2855,DarkChem-31661259,Geranyl-PP,C10H20O7P2,[M+H]+,1.0,315.0757,1.0,176.8
2856,DarkChem-31661259,Geranyl-PP,C10H20O7P2,[M-H]-,-1.0,313.0612,-1.0,168.5
2857,AllCCS-32859911,Geranyl-PP,C10H20O7P2,[M+H]+,1.0,315.0757,1.0,173.6
2858,AllCCS-32859911,Geranyl-PP,C10H20O7P2,[M-H]-,-1.0,313.0612,-1.0,167.0
2859,DeepCCS-30932474,Geranyl-PP,C10H20O7P2,[M+H]+,1.0,315.0757,1.0,160.1
2860,DeepCCS-30932474,Geranyl-PP,C10H20O7P2,[M-H]-,-1.0,313.0612,-1.0,157.3
2861,DeepCCS-30932474,Geranyl-PP,C10H20O7P2,[M-2H]2-,,156.5306,,191.2
2862,DeepCCS-30932474,Geranyl-PP,C10H20O7P2,[M+Na]+,1.0,337.0576,1.0,167.6
2864,AllCCS-32859911,Geranyl-PP,C10H20O7P2,[M+H-H2O]+,1.0,297.0651,1.0,170.6
2865,AllCCS-32859911,Geranyl-PP,C10H20O7P2,[M+NH4]+,1.0,332.1022,1.0,176.4
2866,AllCCS-32859911,Geranyl-PP,C10H20O7P2,[M+Na]+,1.0,337.0576,1.0,177.2
2868,AllCCS-32859911,Geranyl-PP,C10H20O7P2,[M+Na-2H]-,-1.0,335.0431,-1.0,167.9
2869,AllCCS-32859911,Geranyl-PP,C10H20O7P2,[M+HCOO]-,-1.0,359.0666,-1.0,169.0
2870,AllCCS-32859911,Uroporphyrinogen III,C40H44N4O16,[M+H]+,1.0,837.2825,1.0,276.4
2871,AllCCS-32859911,Uroporphyrinogen III,C40H44N4O16,[M-H]-,-1.0,835.268,-1.0,270.9
2872,DeepCCS-30932474,Uroporphyrinogen III,C40H44N4O16,[M+H]+,1.0,837.2825,1.0,262.9
2873,DeepCCS-30932474,Uroporphyrinogen III,C40H44N4O16,[M-H]-,-1.0,835.268,-1.0,260.9
2874,DeepCCS-30932474,Uroporphyrinogen III,C40H44N4O16,[M-2H]2-,,417.634,,294.6
2875,DeepCCS-30932474,Uroporphyrinogen III,C40H44N4O16,[M+Na]+,1.0,859.2644,1.0,268.7
2877,AllCCS-32859911,Uroporphyrinogen III,C40H44N4O16,[M+H-H2O]+,1.0,819.2719,1.0,276.4
2878,AllCCS-32859911,Uroporphyrinogen III,C40H44N4O16,[M+NH4]+,1.0,854.3091,1.0,276.3
2879,AllCCS-32859911,Uroporphyrinogen III,C40H44N4O16,[M+Na]+,1.0,859.2644,1.0,276.3
2881,AllCCS-32859911,Uroporphyrinogen III,C40H44N4O16,[M+Na-2H]-,-1.0,857.2499,-1.0,275.8
2882,AllCCS-32859911,Uroporphyrinogen III,C40H44N4O16,[M+HCOO]-,-1.0,881.2734,-1.0,281.3
2883,DarkChem-31661259,"4,4-Dimethylcholesta-8,14,24-trienol",C29H46O,[M+H]+,1.0,411.3621,1.0,202.1
2884,DarkChem-31661259,"4,4-Dimethylcholesta-8,14,24-trienol",C29H46O,[M-H]-,-1.0,409.3476,-1.0,199.0
2885,AllCCS-32859911,"4,4-Dimethylcholesta-8,14,24-trienol",C29H46O,[M+H]+,1.0,411.3621,1.0,209.9
2886,AllCCS-32859911,"4,4-Dimethylcholesta-8,14,24-trienol",C29H46O,[M-H]-,-1.0,409.3476,-1.0,211.6
2887,DeepCCS-30932474,"4,4-Dimethylcholesta-8,14,24-trienol",C29H46O,[M-2H]2-,,204.6738,,237.7
2888,DeepCCS-30932474,"4,4-Dimethylcholesta-8,14,24-trienol",C29H46O,[M+Na]+,1.0,433.3441,1.0,212.4
2890,AllCCS-32859911,"4,4-Dimethylcholesta-8,14,24-trienol",C29H46O,[M+H-H2O]+,1.0,393.3516,1.0,207.8
2891,AllCCS-32859911,"4,4-Dimethylcholesta-8,14,24-trienol",C29H46O,[M+NH4]+,1.0,428.3887,1.0,211.7
2892,AllCCS-32859911,"4,4-Dimethylcholesta-8,14,24-trienol",C29H46O,[M+Na]+,1.0,433.3441,1.0,212.3
2894,AllCCS-32859911,"4,4-Dimethylcholesta-8,14,24-trienol",C29H46O,[M+Na-2H]-,-1.0,431.3295,-1.0,213.4
2895,AllCCS-32859911,"4,4-Dimethylcholesta-8,14,24-trienol",C29H46O,[M+HCOO]-,-1.0,455.3531,-1.0,215.6
2896,DeepCCS-30932474,"Glyceric acid 1,3-biphosphate",C3H8O10P2,[M+H]+,1.0,266.9665,1.0,129.3
2897,DeepCCS-30932474,"Glyceric acid 1,3-biphosphate",C3H8O10P2,[M-H]-,-1.0,264.952,-1.0,126.9
2898,DeepCCS-30932474,"Glyceric acid 1,3-biphosphate",C3H8O10P2,[M-2H]2-,,132.476,,160.2
2899,DeepCCS-30932474,"Glyceric acid 1,3-biphosphate",C3H8O10P2,[M+Na]+,1.0,288.9485,1.0,135.3
2900,AllCCS-32859911,"Glyceric acid 1,3-biphosphate",C3H8O10P2,[M+H]+,1.0,266.9665,1.0,154.2
2901,AllCCS-32859911,"Glyceric acid 1,3-biphosphate",C3H8O10P2,[M+H-H2O]+,1.0,248.956,1.0,150.9
2902,AllCCS-32859911,"Glyceric acid 1,3-biphosphate",C3H8O10P2,[M+NH4]+,1.0,283.9931,1.0,157.2
2903,AllCCS-32859911,"Glyceric acid 1,3-biphosphate",C3H8O10P2,[M+Na]+,1.0,288.9485,1.0,158.1
2904,AllCCS-32859911,"Glyceric acid 1,3-biphosphate",C3H8O10P2,[M-H]-,-1.0,264.952,-1.0,142.8
2905,AllCCS-32859911,"Glyceric acid 1,3-biphosphate",C3H8O10P2,[M+Na-2H]-,-1.0,286.9339,-1.0,143.6
2906,AllCCS-32859911,"Glyceric acid 1,3-biphosphate",C3H8O10P2,[M+HCOO]-,-1.0,310.9575,-1.0,144.6
2907,DeepCCS-30932474,D-4'-Phosphopantothenate,C9H18NO8P,[M+H]+,1.0,300.0843,1.0,163.1
2908,DeepCCS-30932474,D-4'-Phosphopantothenate,C9H18NO8P,[M-H]-,-1.0,298.0697,-1.0,160.7
2909,DeepCCS-30932474,D-4'-Phosphopantothenate,C9H18NO8P,[M-2H]2-,,149.0349,,193.6
2910,DeepCCS-30932474,D-4'-Phosphopantothenate,C9H18NO8P,[M+Na]+,1.0,322.0662,1.0,169.2
2911,AllCCS-32859911,D-4'-Phosphopantothenate,C9H18NO8P,[M+H]+,1.0,300.0843,1.0,164.7
2912,AllCCS-32859911,D-4'-Phosphopantothenate,C9H18NO8P,[M+H-H2O]+,1.0,282.0737,1.0,161.9
2913,AllCCS-32859911,D-4'-Phosphopantothenate,C9H18NO8P,[M+NH4]+,1.0,317.1108,1.0,167.3
2914,AllCCS-32859911,D-4'-Phosphopantothenate,C9H18NO8P,[M+Na]+,1.0,322.0662,1.0,168.1
2915,AllCCS-32859911,D-4'-Phosphopantothenate,C9H18NO8P,[M-H]-,-1.0,298.0697,-1.0,162.4
2916,AllCCS-32859911,D-4'-Phosphopantothenate,C9H18NO8P,[M+Na-2H]-,-1.0,320.0517,-1.0,163.2
2917,AllCCS-32859911,D-4'-Phosphopantothenate,C9H18NO8P,[M+HCOO]-,-1.0,344.0752,-1.0,164.1
2918,DarkChem-31661259,alpha-D-Glucose,C6H12O6,[M+H]+,1.0,181.0707,1.0,139.4
2919,DarkChem-31661259,alpha-D-Glucose,C6H12O6,[M-H]-,-1.0,179.0561,-1.0,135.9
2920,DeepCCS-30932474,alpha-D-Glucose,C6H12O6,[M+H]+,1.0,181.0707,1.0,141.4
2921,DeepCCS-30932474,alpha-D-Glucose,C6H12O6,[M-H]-,-1.0,179.0561,-1.0,139.0
2922,DeepCCS-30932474,alpha-D-Glucose,C6H12O6,[M-2H]2-,,89.5281,,173.5
2923,DeepCCS-30932474,alpha-D-Glucose,C6H12O6,[M+Na]+,1.0,203.0526,1.0,147.8
2924,AllCCS-32859911,alpha-D-Glucose,C6H12O6,[M+H]+,1.0,181.0707,1.0,140.8
2925,AllCCS-32859911,alpha-D-Glucose,C6H12O6,[M+H-H2O]+,1.0,163.0601,1.0,136.7
2926,AllCCS-32859911,alpha-D-Glucose,C6H12O6,[M+NH4]+,1.0,198.0972,1.0,144.7
2927,AllCCS-32859911,alpha-D-Glucose,C6H12O6,[M+Na]+,1.0,203.0526,1.0,145.8
2928,AllCCS-32859911,alpha-D-Glucose,C6H12O6,[M-H]-,-1.0,179.0561,-1.0,131.8
2929,AllCCS-32859911,alpha-D-Glucose,C6H12O6,[M+Na-2H]-,-1.0,201.0381,-1.0,132.8
2930,AllCCS-32859911,alpha-D-Glucose,C6H12O6,[M+HCOO]-,-1.0,225.0616,-1.0,134.0
2931,DarkChem-31661259,Niacinamide,C6H6N2O,[M+H]+,1.0,123.0553,1.0,124.5
2932,DarkChem-31661259,Niacinamide,C6H6N2O,[M-H]-,-1.0,121.0407,-1.0,118.2
2933,AllCCS-32859911,Niacinamide,C6H6N2O,[M+H]+,1.0,123.0553,1.0,125.6
2934,AllCCS-32859911,Niacinamide,C6H6N2O,[M-H]-,-1.0,121.0407,-1.0,121.5
2935,DeepCCS-30932474,Niacinamide,C6H6N2O,[M+H]+,1.0,123.0553,1.0,124.5
2936,DeepCCS-30932474,Niacinamide,C6H6N2O,[M-H]-,-1.0,121.0407,-1.0,121.2
2937,DeepCCS-30932474,Niacinamide,C6H6N2O,[M-2H]2-,,60.5204,,158.2
2938,DeepCCS-30932474,Niacinamide,C6H6N2O,[M+Na]+,1.0,145.0372,1.0,133.2
2940,AllCCS-32859911,Niacinamide,C6H6N2O,[M+H-H2O]+,1.0,105.0447,1.0,120.7
2941,AllCCS-32859911,Niacinamide,C6H6N2O,[M+NH4]+,1.0,140.0818,1.0,130.1
2942,AllCCS-32859911,Niacinamide,C6H6N2O,[M+Na]+,1.0,145.0372,1.0,131.4
2944,AllCCS-32859911,Niacinamide,C6H6N2O,[M+Na-2H]-,-1.0,143.0227,-1.0,123.6
2945,AllCCS-32859911,Niacinamide,C6H6N2O,[M+HCOO]-,-1.0,167.0462,-1.0,125.8
2946,DarkChem-31661259,Dihydroxyacetone Phosphate Acyl Ester,C4H7O7P,[M+H]+,1.0,199.0002,1.0,143.6
2947,DarkChem-31661259,Dihydroxyacetone Phosphate Acyl Ester,C4H7O7P,[M-H]-,-1.0,196.9857,-1.0,138.0
2948,DeepCCS-30932474,Dihydroxyacetone Phosphate Acyl Ester,C4H7O7P,[M+H]+,1.0,199.0002,1.0,109.2
2949,DeepCCS-30932474,Dihydroxyacetone Phosphate Acyl Ester,C4H7O7P,[M-H]-,-1.0,196.9857,-1.0,105.4
2950,DeepCCS-30932474,Dihydroxyacetone Phosphate Acyl Ester,C4H7O7P,[M-2H]2-,,98.4928,,143.1
2951,DeepCCS-30932474,Dihydroxyacetone Phosphate Acyl Ester,C4H7O7P,[M+Na]+,1.0,220.9822,1.0,118.4
2952,AllCCS-32859911,Dihydroxyacetone Phosphate Acyl Ester,C4H7O7P,[M+H]+,1.0,199.0002,1.0,140.9
2953,AllCCS-32859911,Dihydroxyacetone Phosphate Acyl Ester,C4H7O7P,[M+H-H2O]+,1.0,180.9897,1.0,137.2
2954,AllCCS-32859911,Dihydroxyacetone Phosphate Acyl Ester,C4H7O7P,[M+NH4]+,1.0,216.0268,1.0,144.4
2955,AllCCS-32859911,Dihydroxyacetone Phosphate Acyl Ester,C4H7O7P,[M+Na]+,1.0,220.9822,1.0,145.3
2956,AllCCS-32859911,Dihydroxyacetone Phosphate Acyl Ester,C4H7O7P,[M-H]-,-1.0,196.9857,-1.0,135.1
2957,AllCCS-32859911,Dihydroxyacetone Phosphate Acyl Ester,C4H7O7P,[M+Na-2H]-,-1.0,218.9676,-1.0,136.7
2958,AllCCS-32859911,Dihydroxyacetone Phosphate Acyl Ester,C4H7O7P,[M+HCOO]-,-1.0,242.9911,-1.0,138.4
2959,DarkChem-31661259,Phosphoenolpyruvic acid,C3H5O6P,[M+H]+,1.0,168.9897,1.0,135.1
2960,DarkChem-31661259,Phosphoenolpyruvic acid,C3H5O6P,[M-H]-,-1.0,166.9751,-1.0,128.3
2961,AllCCS-32859911,Phosphoenolpyruvic acid,C3H5O6P,[M+H]+,1.0,168.9897,1.0,137.7
2962,AllCCS-32859911,Phosphoenolpyruvic acid,C3H5O6P,[M-H]-,-1.0,166.9751,-1.0,126.8
2963,DeepCCS-30932474,Phosphoenolpyruvic acid,C3H5O6P,[M+H]+,1.0,168.9897,1.0,121.8
2964,DeepCCS-30932474,Phosphoenolpyruvic acid,C3H5O6P,[M-H]-,-1.0,166.9751,-1.0,118.2
2965,DeepCCS-30932474,Phosphoenolpyruvic acid,C3H5O6P,[M-2H]2-,,83.4875,,155.5
2966,DeepCCS-30932474,Phosphoenolpyruvic acid,C3H5O6P,[M+Na]+,1.0,190.9716,1.0,130.6
2968,AllCCS-32859911,Phosphoenolpyruvic acid,C3H5O6P,[M+H-H2O]+,1.0,150.9791,1.0,133.8
2969,AllCCS-32859911,Phosphoenolpyruvic acid,C3H5O6P,[M+NH4]+,1.0,186.0162,1.0,141.4
2970,AllCCS-32859911,Phosphoenolpyruvic acid,C3H5O6P,[M+Na]+,1.0,190.9716,1.0,142.4
2972,AllCCS-32859911,Phosphoenolpyruvic acid,C3H5O6P,[M+Na-2H]-,-1.0,188.957,-1.0,129.0
2973,AllCCS-32859911,Phosphoenolpyruvic acid,C3H5O6P,[M+HCOO]-,-1.0,212.9806,-1.0,131.5
2974,AllCCS-32859911,Uridine diphosphate-N-acetylglucosamine,C17H27N3O17P2,[M+H]+,1.0,608.0888,1.0,220.0
2975,AllCCS-32859911,Uridine diphosphate-N-acetylglucosamine,C17H27N3O17P2,[M-H]-,-1.0,606.0743,-1.0,217.4
2976,DeepCCS-30932474,Uridine diphosphate-N-acetylglucosamine,C17H27N3O17P2,[M+H]+,1.0,608.0888,1.0,220.4
2977,DeepCCS-30932474,Uridine diphosphate-N-acetylglucosamine,C17H27N3O17P2,[M-H]-,-1.0,606.0743,-1.0,218.6
2978,DeepCCS-30932474,Uridine diphosphate-N-acetylglucosamine,C17H27N3O17P2,[M-2H]2-,,303.0371,,253.2
2979,DeepCCS-30932474,Uridine diphosphate-N-acetylglucosamine,C17H27N3O17P2,[M+Na]+,1.0,630.0708,1.0,228.1
2980,DarkChem-31661259,2-Aminobenzoic acid,C7H7NO2,[M+H]+,1.0,138.055,1.0,128.4
2981,DarkChem-31661259,2-Aminobenzoic acid,C7H7NO2,[M-H]-,-1.0,136.0404,-1.0,122.1
2982,AllCCS-32859911,2-Aminobenzoic acid,C7H7NO2,[M+H]+,1.0,138.055,1.0,129.5
2983,AllCCS-32859911,2-Aminobenzoic acid,C7H7NO2,[M-H]-,-1.0,136.0404,-1.0,124.4
2984,DeepCCS-30932474,2-Aminobenzoic acid,C7H7NO2,[M+H]+,1.0,138.055,1.0,127.1
2985,DeepCCS-30932474,2-Aminobenzoic acid,C7H7NO2,[M-H]-,-1.0,136.0404,-1.0,123.5
2986,DeepCCS-30932474,2-Aminobenzoic acid,C7H7NO2,[M-2H]2-,,68.0202,,160.5
2987,DeepCCS-30932474,2-Aminobenzoic acid,C7H7NO2,[M+Na]+,1.0,160.0369,1.0,135.7
2989,AllCCS-32859911,2-Aminobenzoic acid,C7H7NO2,[M+H-H2O]+,1.0,120.0444,1.0,124.8
2990,AllCCS-32859911,2-Aminobenzoic acid,C7H7NO2,[M+NH4]+,1.0,155.0815,1.0,133.8
2991,AllCCS-32859911,2-Aminobenzoic acid,C7H7NO2,[M+Na]+,1.0,160.0369,1.0,135.1
2993,AllCCS-32859911,2-Aminobenzoic acid,C7H7NO2,[M+Na-2H]-,-1.0,158.0223,-1.0,126.1
2994,AllCCS-32859911,2-Aminobenzoic acid,C7H7NO2,[M+HCOO]-,-1.0,182.0459,-1.0,127.9
2995,DarkChem-31661259,Cytidine triphosphate,C9H16N3O14P3,[M+H]+,1.0,483.9918,1.0,201.8
2996,DarkChem-31661259,Cytidine triphosphate,C9H16N3O14P3,[M-H]-,-1.0,481.9772,-1.0,189.8
2997,AllCCS-32859911,Cytidine triphosphate,C9H16N3O14P3,[M+H]+,1.0,483.9918,1.0,193.6
2998,AllCCS-32859911,Cytidine triphosphate,C9H16N3O14P3,[M-H]-,-1.0,481.9772,-1.0,185.7
2999,DeepCCS-30932474,Cytidine triphosphate,C9H16N3O14P3,[M+H]+,1.0,483.9918,1.0,174.5
3000,DeepCCS-30932474,Cytidine triphosphate,C9H16N3O14P3,[M-H]-,-1.0,481.9772,-1.0,171.7
3001,DeepCCS-30932474,Cytidine triphosphate,C9H16N3O14P3,[M-2H]2-,,240.9886,,207.6
3002,DeepCCS-30932474,Cytidine triphosphate,C9H16N3O14P3,[M+Na]+,1.0,505.9737,1.0,182.7
3004,AllCCS-32859911,Cytidine triphosphate,C9H16N3O14P3,[M+H-H2O]+,1.0,465.9812,1.0,191.6
3005,AllCCS-32859911,Cytidine triphosphate,C9H16N3O14P3,[M+NH4]+,1.0,501.0183,1.0,195.4
3006,AllCCS-32859911,Cytidine triphosphate,C9H16N3O14P3,[M+Na]+,1.0,505.9737,1.0,195.9
3008,AllCCS-32859911,Cytidine triphosphate,C9H16N3O14P3,[M+Na-2H]-,-1.0,503.9592,-1.0,186.1
3009,AllCCS-32859911,Cytidine triphosphate,C9H16N3O14P3,[M+HCOO]-,-1.0,527.9827,-1.0,186.6
3010,DarkChem-31661259,Malic acid,C4H6O5,[M+H]+,1.0,135.0288,1.0,130.2
3011,DarkChem-31661259,Malic acid,C4H6O5,[M-H]-,-1.0,133.0142,-1.0,121.8
3012,AllCCS-32859911,Malic acid,C4H6O5,[M+H]+,1.0,135.0288,1.0,131.9
3013,AllCCS-32859911,Malic acid,C4H6O5,[M-H]-,-1.0,133.0142,-1.0,122.7
3014,DeepCCS-30932474,Malic acid,C4H6O5,[M+H]+,1.0,135.0288,1.0,122.8
3015,DeepCCS-30932474,Malic acid,C4H6O5,[M-H]-,-1.0,133.0142,-1.0,118.9
3016,DeepCCS-30932474,Malic acid,C4H6O5,[M-2H]2-,,66.5071,,156.5
3017,DeepCCS-30932474,Malic acid,C4H6O5,[M+Na]+,1.0,157.0107,1.0,131.7
3019,AllCCS-32859911,Malic acid,C4H6O5,[M+H-H2O]+,1.0,117.0182,1.0,127.8
3020,AllCCS-32859911,Malic acid,C4H6O5,[M+NH4]+,1.0,152.0553,1.0,135.7
3021,AllCCS-32859911,Malic acid,C4H6O5,[M+Na]+,1.0,157.0107,1.0,136.8
3023,AllCCS-32859911,Malic acid,C4H6O5,[M+Na-2H]-,-1.0,154.9962,-1.0,125.3
3024,AllCCS-32859911,Malic acid,C4H6O5,[M+HCOO]-,-1.0,179.0197,-1.0,128.2
3025,DarkChem-31661259,Phosphoribosyl formamidocarboxamide,C10H15N4O9P,[M+H]+,1.0,367.0649,1.0,181.9
3027,DarkChem-31661259,Phosphoribosyl formamidocarboxamide,C10H15N4O9P,[M-H]-,-1.0,365.0504,-1.0,175.9
3029,AllCCS-32859911,Phosphoribosyl formamidocarboxamide,C10H15N4O9P,[M+H]+,1.0,367.0649,1.0,177.1
3030,AllCCS-32859911,Phosphoribosyl formamidocarboxamide,C10H15N4O9P,[M-H]-,-1.0,365.0504,-1.0,172.6
3031,DeepCCS-30932474,Phosphoribosyl formamidocarboxamide,C10H15N4O9P,[M+H]+,1.0,367.0649,1.0,165.3
3032,DeepCCS-30932474,Phosphoribosyl formamidocarboxamide,C10H15N4O9P,[M-H]-,-1.0,365.0504,-1.0,162.9
3033,DeepCCS-30932474,Phosphoribosyl formamidocarboxamide,C10H15N4O9P,[M-2H]2-,,182.5252,,196.5
3034,DeepCCS-30932474,Phosphoribosyl formamidocarboxamide,C10H15N4O9P,[M+Na]+,1.0,389.0469,1.0,172.1
3036,AllCCS-32859911,Phosphoribosyl formamidocarboxamide,C10H15N4O9P,[M+H-H2O]+,1.0,349.0544,1.0,174.3
3037,AllCCS-32859911,Phosphoribosyl formamidocarboxamide,C10H15N4O9P,[M+NH4]+,1.0,384.0915,1.0,179.6
3038,AllCCS-32859911,Phosphoribosyl formamidocarboxamide,C10H15N4O9P,[M+Na]+,1.0,389.0469,1.0,180.4
3040,AllCCS-32859911,Phosphoribosyl formamidocarboxamide,C10H15N4O9P,[M+Na-2H]-,-1.0,387.0323,-1.0,172.2
3041,AllCCS-32859911,Phosphoribosyl formamidocarboxamide,C10H15N4O9P,[M+HCOO]-,-1.0,411.0559,-1.0,172.0
3042,DarkChem-31661259,Biotin,C10H16N2O3S,[M+H]+,1.0,245.0954,1.0,157.5
3043,DarkChem-31661259,Biotin,C10H16N2O3S,[M-H]-,-1.0,243.0809,-1.0,153.7
3044,AllCCS-32859911,Biotin,C10H16N2O3S,[M+H]+,1.0,245.0954,1.0,154.6
3045,AllCCS-32859911,Biotin,C10H16N2O3S,[M-H]-,-1.0,243.0809,-1.0,158.7
3046,DeepCCS-30932474,Biotin,C10H16N2O3S,[M-2H]2-,,121.5404,,189.1
3047,DeepCCS-30932474,Biotin,C10H16N2O3S,[M+Na]+,1.0,267.0774,1.0,164.5
3049,AllCCS-32859911,Biotin,C10H16N2O3S,[M+H-H2O]+,1.0,227.0849,1.0,151.1
3050,AllCCS-32859911,Biotin,C10H16N2O3S,[M+NH4]+,1.0,262.122,1.0,157.8
3051,AllCCS-32859911,Biotin,C10H16N2O3S,[M+Na]+,1.0,267.0774,1.0,158.7
3053,AllCCS-32859911,Biotin,C10H16N2O3S,[M+Na-2H]-,-1.0,265.0628,-1.0,159.0
3054,AllCCS-32859911,Biotin,C10H16N2O3S,[M+HCOO]-,-1.0,289.0864,-1.0,159.5
3055,DarkChem-31661259,Glycerol,C3H8O3,[M+H]+,1.0,93.0546,1.0,117.2
3056,DarkChem-31661259,Glycerol,C3H8O3,[M-H]-,-1.0,91.0401,-1.0,110.8
3057,AllCCS-32859911,Glycerol,C3H8O3,[M+H]+,1.0,93.0546,1.0,125.8
3058,AllCCS-32859911,Glycerol,C3H8O3,[M-H]-,-1.0,91.0401,-1.0,124.4
3059,DeepCCS-30932474,Glycerol,C3H8O3,[M+H]+,1.0,93.0546,1.0,124.3
3060,DeepCCS-30932474,Glycerol,C3H8O3,[M-H]-,-1.0,91.0401,-1.0,122.1
3061,DeepCCS-30932474,Glycerol,C3H8O3,[M-2H]2-,,45.52,,158.0
3062,DeepCCS-30932474,Glycerol,C3H8O3,[M+Na]+,1.0,115.0366,1.0,132.5
3064,AllCCS-32859911,Glycerol,C3H8O3,[M+H-H2O]+,1.0,75.0441,1.0,121.4
3065,AllCCS-32859911,Glycerol,C3H8O3,[M+NH4]+,1.0,110.0812,1.0,129.8
3066,AllCCS-32859911,Glycerol,C3H8O3,[M+Na]+,1.0,115.0366,1.0,131.0
3068,AllCCS-32859911,Glycerol,C3H8O3,[M+Na-2H]-,-1.0,113.022,-1.0,129.1
3069,AllCCS-32859911,Glycerol,C3H8O3,[M+HCOO]-,-1.0,137.0455,-1.0,134.2
3070,DarkChem-31661259,D-Serine,C3H7NO3,[M+H]+,1.0,106.0499,1.0,120.1
3071,DarkChem-31661259,D-Serine,C3H7NO3,[M-H]-,-1.0,104.0353,-1.0,114.4
3072,DeepCCS-30932474,D-Serine,C3H7NO3,[M+H]+,1.0,106.0499,1.0,117.9
3073,DeepCCS-30932474,D-Serine,C3H7NO3,[M-H]-,-1.0,104.0353,-1.0,115.1
3074,DeepCCS-30932474,D-Serine,C3H7NO3,[M-2H]2-,,52.0177,,151.5
3075,DeepCCS-30932474,D-Serine,C3H7NO3,[M+Na]+,1.0,128.0318,1.0,126.2
3076,AllCCS-32859911,D-Serine,C3H7NO3,[M+H]+,1.0,106.0499,1.0,127.6
3077,AllCCS-32859911,D-Serine,C3H7NO3,[M+H-H2O]+,1.0,88.0393,1.0,123.3
3078,AllCCS-32859911,D-Serine,C3H7NO3,[M+NH4]+,1.0,123.0764,1.0,131.6
3079,AllCCS-32859911,D-Serine,C3H7NO3,[M+Na]+,1.0,128.0318,1.0,132.8
3080,AllCCS-32859911,D-Serine,C3H7NO3,[M-H]-,-1.0,104.0353,-1.0,120.3
3081,AllCCS-32859911,D-Serine,C3H7NO3,[M+Na-2H]-,-1.0,126.0173,-1.0,124.2
3082,AllCCS-32859911,D-Serine,C3H7NO3,[M+HCOO]-,-1.0,150.0408,-1.0,128.4
3083,DarkChem-31661259,Phytosphingosine,C18H39NO3,[M+H]+,1.0,318.3003,1.0,182.6
3084,DarkChem-31661259,Phytosphingosine,C18H39NO3,[M-H]-,-1.0,316.2857,-1.0,183.0
3085,DeepCCS-30932474,Phytosphingosine,C18H39NO3,[M+H]+,1.0,318.3003,1.0,192.4
3086,DeepCCS-30932474,Phytosphingosine,C18H39NO3,[M-H]-,-1.0,316.2857,-1.0,189.0
3087,DeepCCS-30932474,Phytosphingosine,C18H39NO3,[M-2H]2-,,158.1429,,224.5
3088,DeepCCS-30932474,Phytosphingosine,C18H39NO3,[M+Na]+,1.0,340.2822,1.0,200.8
3089,AllCCS-32859911,Phytosphingosine,C18H39NO3,[M+H]+,1.0,318.3003,1.0,191.3
3090,AllCCS-32859911,Phytosphingosine,C18H39NO3,[M+H-H2O]+,1.0,300.2897,1.0,188.5
3091,AllCCS-32859911,Phytosphingosine,C18H39NO3,[M+NH4]+,1.0,335.3268,1.0,193.8
3092,AllCCS-32859911,Phytosphingosine,C18H39NO3,[M+Na]+,1.0,340.2822,1.0,194.5
3093,AllCCS-32859911,Phytosphingosine,C18H39NO3,[M-H]-,-1.0,316.2857,-1.0,183.9
3094,AllCCS-32859911,Phytosphingosine,C18H39NO3,[M+Na-2H]-,-1.0,338.2677,-1.0,184.9
3095,AllCCS-32859911,Phytosphingosine,C18H39NO3,[M+HCOO]-,-1.0,362.2912,-1.0,186.2
3111,DarkChem-31661259,D-Lactic acid,C3H6O3,[M+H]+,1.0,91.039,1.0,118.3
3112,DarkChem-31661259,D-Lactic acid,C3H6O3,[M-H]-,-1.0,89.0244,-1.0,111.2
3113,AllCCS-32859911,D-Lactic acid,C3H6O3,[M+H]+,1.0,91.039,1.0,125.9
3114,AllCCS-32859911,D-Lactic acid,C3H6O3,[M-H]-,-1.0,89.0244,-1.0,123.6
3115,DeepCCS-30932474,D-Lactic acid,C3H6O3,[M+H]+,1.0,91.039,1.0,117.1
3116,DeepCCS-30932474,D-Lactic acid,C3H6O3,[M-H]-,-1.0,89.0244,-1.0,114.3
3117,DeepCCS-30932474,D-Lactic acid,C3H6O3,[M-2H]2-,,44.5122,,150.8
3118,DeepCCS-30932474,D-Lactic acid,C3H6O3,[M+Na]+,1.0,113.0209,1.0,125.4
3119,DeepCCS-30932474,Glucose 1-phosphate,C6H13O9P,[M+H]+,1.0,261.037,1.0,143.2
3120,DeepCCS-30932474,Glucose 1-phosphate,C6H13O9P,[M-H]-,-1.0,259.0224,-1.0,140.8
3121,DeepCCS-30932474,Glucose 1-phosphate,C6H13O9P,[M-2H]2-,,129.5112,,175.4
3122,DeepCCS-30932474,Glucose 1-phosphate,C6H13O9P,[M+Na]+,1.0,283.0189,1.0,150.2
3123,AllCCS-32859911,Glucose 1-phosphate,C6H13O9P,[M+H]+,1.0,261.037,1.0,156.4
3124,AllCCS-32859911,Glucose 1-phosphate,C6H13O9P,[M+H-H2O]+,1.0,243.0264,1.0,152.8
3125,AllCCS-32859911,Glucose 1-phosphate,C6H13O9P,[M+NH4]+,1.0,278.0635,1.0,159.7
3126,AllCCS-32859911,Glucose 1-phosphate,C6H13O9P,[M+Na]+,1.0,283.0189,1.0,160.6
3127,AllCCS-32859911,Glucose 1-phosphate,C6H13O9P,[M-H]-,-1.0,259.0224,-1.0,146.2
3128,AllCCS-32859911,Glucose 1-phosphate,C6H13O9P,[M+Na-2H]-,-1.0,281.0044,-1.0,146.5
3129,AllCCS-32859911,Glucose 1-phosphate,C6H13O9P,[M+HCOO]-,-1.0,305.0279,-1.0,146.9
3130,DarkChem-31661259,"4,4-Dimethyl-5a-cholesta-8,24-dien-3-b-ol",C29H48O,[M+H]+,1.0,413.3778,1.0,200.8
3131,DarkChem-31661259,"4,4-Dimethyl-5a-cholesta-8,24-dien-3-b-ol",C29H48O,[M-H]-,-1.0,411.3632,-1.0,201.4
3132,AllCCS-32859911,"4,4-Dimethyl-5a-cholesta-8,24-dien-3-b-ol",C29H48O,[M+H]+,1.0,413.3778,1.0,210.8
3133,AllCCS-32859911,"4,4-Dimethyl-5a-cholesta-8,24-dien-3-b-ol",C29H48O,[M-H]-,-1.0,411.3632,-1.0,211.6
3134,DeepCCS-30932474,"4,4-Dimethyl-5a-cholesta-8,24-dien-3-b-ol",C29H48O,[M-2H]2-,,205.6816,,239.1
3135,DeepCCS-30932474,"4,4-Dimethyl-5a-cholesta-8,24-dien-3-b-ol",C29H48O,[M+Na]+,1.0,435.3597,1.0,215.4
3137,AllCCS-32859911,"4,4-Dimethyl-5a-cholesta-8,24-dien-3-b-ol",C29H48O,[M+H-H2O]+,1.0,395.3672,1.0,208.9
3138,AllCCS-32859911,"4,4-Dimethyl-5a-cholesta-8,24-dien-3-b-ol",C29H48O,[M+NH4]+,1.0,430.4043,1.0,212.6
3139,AllCCS-32859911,"4,4-Dimethyl-5a-cholesta-8,24-dien-3-b-ol",C29H48O,[M+Na]+,1.0,435.3597,1.0,213.1
3141,AllCCS-32859911,"4,4-Dimethyl-5a-cholesta-8,24-dien-3-b-ol",C29H48O,[M+Na-2H]-,-1.0,433.3452,-1.0,213.5
3142,AllCCS-32859911,"4,4-Dimethyl-5a-cholesta-8,24-dien-3-b-ol",C29H48O,[M+HCOO]-,-1.0,457.3687,-1.0,215.8
3143,DarkChem-31661259,"myo-Inositol 1,4,5-trisphosphate",C6H15O15P3,[M+H]+,1.0,420.9697,1.0,190.0
3144,DarkChem-31661259,"myo-Inositol 1,4,5-trisphosphate",C6H15O15P3,[M-H]-,-1.0,418.9551,-1.0,182.8
3145,AllCCS-32859911,"myo-Inositol 1,4,5-trisphosphate",C6H15O15P3,[M+H]+,1.0,420.9697,1.0,183.2
3146,AllCCS-32859911,"myo-Inositol 1,4,5-trisphosphate",C6H15O15P3,[M-H]-,-1.0,418.9551,-1.0,168.6
3147,DeepCCS-30932474,"myo-Inositol 1,4,5-trisphosphate",C6H15O15P3,[M+H]+,1.0,420.9697,1.0,158.0
3148,DeepCCS-30932474,"myo-Inositol 1,4,5-trisphosphate",C6H15O15P3,[M-H]-,-1.0,418.9551,-1.0,155.6
3149,DeepCCS-30932474,"myo-Inositol 1,4,5-trisphosphate",C6H15O15P3,[M-2H]2-,,209.4776,,188.5
3150,DeepCCS-30932474,"myo-Inositol 1,4,5-trisphosphate",C6H15O15P3,[M+Na]+,1.0,442.9516,1.0,164.2
3152,AllCCS-32859911,"myo-Inositol 1,4,5-trisphosphate",C6H15O15P3,[M+H-H2O]+,1.0,402.9591,1.0,180.8
3153,AllCCS-32859911,"myo-Inositol 1,4,5-trisphosphate",C6H15O15P3,[M+NH4]+,1.0,437.9962,1.0,185.3
3154,AllCCS-32859911,"myo-Inositol 1,4,5-trisphosphate",C6H15O15P3,[M+Na]+,1.0,442.9516,1.0,186.0
3156,AllCCS-32859911,"myo-Inositol 1,4,5-trisphosphate",C6H15O15P3,[M+Na-2H]-,-1.0,440.937,-1.0,168.5
3157,AllCCS-32859911,"myo-Inositol 1,4,5-trisphosphate",C6H15O15P3,[M+HCOO]-,-1.0,464.9606,-1.0,168.6
3158,DeepCCS-30932474,3Z-dodecenoyl-CoA,C33H56N7O17P3S,[M-2H]2-,,473.1297,,249.7
3159,DeepCCS-30932474,3Z-dodecenoyl-CoA,C33H56N7O17P3S,[M+Na]+,1.0,970.2558,1.0,223.3
3160,AllCCS-32859911,3Z-dodecenoyl-CoA,C33H56N7O17P3S,[M+H]+,1.0,948.2739,1.0,279.6
3161,AllCCS-32859911,3Z-dodecenoyl-CoA,C33H56N7O17P3S,[M+H-H2O]+,1.0,930.2633,1.0,280.2
3162,AllCCS-32859911,3Z-dodecenoyl-CoA,C33H56N7O17P3S,[M+NH4]+,1.0,965.3004,1.0,279.0
3163,AllCCS-32859911,3Z-dodecenoyl-CoA,C33H56N7O17P3S,[M+Na]+,1.0,970.2558,1.0,278.9
3164,AllCCS-32859911,3Z-dodecenoyl-CoA,C33H56N7O17P3S,[M-H]-,-1.0,946.2593,-1.0,282.6
3165,AllCCS-32859911,3Z-dodecenoyl-CoA,C33H56N7O17P3S,[M+Na-2H]-,-1.0,968.2413,-1.0,288.2
3166,AllCCS-32859911,3Z-dodecenoyl-CoA,C33H56N7O17P3S,[M+HCOO]-,-1.0,992.2648,-1.0,294.3
3167,DarkChem-31661259,"7,8-Dihydropteroic acid",C14H14N6O3,[M+H]+,1.0,315.12,1.0,172.6
3168,DarkChem-31661259,"7,8-Dihydropteroic acid",C14H14N6O3,[M-H]-,-1.0,313.1055,-1.0,172.4
3169,AllCCS-32859911,"7,8-Dihydropteroic acid",C14H14N6O3,[M+H]+,1.0,315.12,1.0,172.4
3170,AllCCS-32859911,"7,8-Dihydropteroic acid",C14H14N6O3,[M-H]-,-1.0,313.1055,-1.0,173.0
3171,DeepCCS-30932474,"7,8-Dihydropteroic acid",C14H14N6O3,[M+H]+,1.0,315.12,1.0,173.0
3172,DeepCCS-30932474,"7,8-Dihydropteroic acid",C14H14N6O3,[M-H]-,-1.0,313.1055,-1.0,170.6
3173,DeepCCS-30932474,"7,8-Dihydropteroic acid",C14H14N6O3,[M-2H]2-,,156.5527,,204.0
3174,DeepCCS-30932474,"7,8-Dihydropteroic acid",C14H14N6O3,[M+Na]+,1.0,337.102,1.0,179.2
3176,AllCCS-32859911,"7,8-Dihydropteroic acid",C14H14N6O3,[M+H-H2O]+,1.0,297.1094,1.0,169.2
3177,AllCCS-32859911,"7,8-Dihydropteroic acid",C14H14N6O3,[M+NH4]+,1.0,332.1466,1.0,175.4
3178,AllCCS-32859911,"7,8-Dihydropteroic acid",C14H14N6O3,[M+Na]+,1.0,337.102,1.0,176.3
3180,AllCCS-32859911,"7,8-Dihydropteroic acid",C14H14N6O3,[M+Na-2H]-,-1.0,335.0874,-1.0,172.6
3181,AllCCS-32859911,"7,8-Dihydropteroic acid",C14H14N6O3,[M+HCOO]-,-1.0,359.1109,-1.0,172.4
3182,DarkChem-31661259,N-Acetyl-D-glucosamine,C8H15NO6,[M+H]+,1.0,222.0972,1.0,151.0
3183,DarkChem-31661259,N-Acetyl-D-glucosamine,C8H15NO6,[M-H]-,-1.0,220.0827,-1.0,145.3
3184,AllCCS-32859911,N-Acetyl-D-glucosamine,C8H15NO6,[M+H]+,1.0,222.0972,1.0,150.0
3185,AllCCS-32859911,N-Acetyl-D-glucosamine,C8H15NO6,[M-H]-,-1.0,220.0827,-1.0,146.2
3186,DeepCCS-30932474,N-Acetyl-D-glucosamine,C8H15NO6,[M+H]+,1.0,222.0972,1.0,149.3
3187,DeepCCS-30932474,N-Acetyl-D-glucosamine,C8H15NO6,[M-H]-,-1.0,220.0827,-1.0,146.9
3188,DeepCCS-30932474,N-Acetyl-D-glucosamine,C8H15NO6,[M-2H]2-,,110.0413,,181.2
3189,DeepCCS-30932474,N-Acetyl-D-glucosamine,C8H15NO6,[M+Na]+,1.0,244.0792,1.0,156.0
3191,AllCCS-32859911,N-Acetyl-D-glucosamine,C8H15NO6,[M+H-H2O]+,1.0,204.0866,1.0,146.3
3192,AllCCS-32859911,N-Acetyl-D-glucosamine,C8H15NO6,[M+NH4]+,1.0,239.1238,1.0,153.5
3193,AllCCS-32859911,N-Acetyl-D-glucosamine,C8H15NO6,[M+Na]+,1.0,244.0792,1.0,154.5
3195,AllCCS-32859911,N-Acetyl-D-glucosamine,C8H15NO6,[M+Na-2H]-,-1.0,242.0646,-1.0,146.8
3196,AllCCS-32859911,N-Acetyl-D-glucosamine,C8H15NO6,[M+HCOO]-,-1.0,266.0881,-1.0,147.5
3197,DarkChem-31661259,L-Allothreonine,C4H9NO3,[M+H]+,1.0,120.0655,1.0,124.4
3198,DarkChem-31661259,L-Allothreonine,C4H9NO3,[M-H]-,-1.0,118.051,-1.0,121.2
3199,DeepCCS-30932474,L-Allothreonine,C4H9NO3,[M+H]+,1.0,120.0655,1.0,125.0
3200,DeepCCS-30932474,L-Allothreonine,C4H9NO3,[M-H]-,-1.0,118.051,-1.0,121.1
3201,DeepCCS-30932474,L-Allothreonine,C4H9NO3,[M-2H]2-,,59.0255,,158.5
3202,DeepCCS-30932474,L-Allothreonine,C4H9NO3,[M+Na]+,1.0,142.0475,1.0,133.9
3203,AllCCS-32859911,L-Allothreonine,C4H9NO3,[M+H]+,1.0,120.0655,1.0,130.4
3204,AllCCS-32859911,L-Allothreonine,C4H9NO3,[M+H-H2O]+,1.0,102.055,1.0,126.2
3205,AllCCS-32859911,L-Allothreonine,C4H9NO3,[M+NH4]+,1.0,137.0921,1.0,134.3
3206,AllCCS-32859911,L-Allothreonine,C4H9NO3,[M+Na]+,1.0,142.0475,1.0,135.4
3207,AllCCS-32859911,L-Allothreonine,C4H9NO3,[M-H]-,-1.0,118.051,-1.0,121.9
3208,AllCCS-32859911,L-Allothreonine,C4H9NO3,[M+Na-2H]-,-1.0,140.0329,-1.0,125.2
3209,AllCCS-32859911,L-Allothreonine,C4H9NO3,[M+HCOO]-,-1.0,164.0564,-1.0,128.8
3210,AllCCS-32859911,FAD,C27H33N9O15P2,[M+H]+,1.0,786.1644,1.0,249.8
3211,AllCCS-32859911,FAD,C27H33N9O15P2,[M-H]-,-1.0,784.1499,-1.0,241.1
3212,DeepCCS-30932474,FAD,C27H33N9O15P2,[M+H]+,1.0,786.1644,1.0,231.1
3213,DeepCCS-30932474,FAD,C27H33N9O15P2,[M-H]-,-1.0,784.1499,-1.0,229.3
3214,DeepCCS-30932474,FAD,C27H33N9O15P2,[M-2H]2-,,392.0749,,263.1
3215,DeepCCS-30932474,FAD,C27H33N9O15P2,[M+Na]+,1.0,808.1464,1.0,236.9
3217,AllCCS-32859911,FAD,C27H33N9O15P2,[M+H-H2O]+,1.0,768.1538,1.0,249.8
3218,AllCCS-32859911,FAD,C27H33N9O15P2,[M+NH4]+,1.0,803.191,1.0,249.8
3219,AllCCS-32859911,FAD,C27H33N9O15P2,[M+Na]+,1.0,808.1464,1.0,249.7
3221,AllCCS-32859911,FAD,C27H33N9O15P2,[M+Na-2H]-,-1.0,806.1318,-1.0,244.4
3222,AllCCS-32859911,FAD,C27H33N9O15P2,[M+HCOO]-,-1.0,830.1553,-1.0,248.0
3223,DarkChem-31661259,S-Adenosylmethionine,C15H23N6O5S,[M+H]+,1.0,400.1523,1.0,189.7
3225,DarkChem-31661259,S-Adenosylmethionine,C15H23N6O5S,[M-H]-,-1.0,398.1378,-1.0,185.1
3227,AllCCS-32859911,S-Adenosylmethionine,C15H23N6O5S,[M+H]+,1.0,400.1523,1.0,188.7
3228,AllCCS-32859911,S-Adenosylmethionine,C15H23N6O5S,[M-H]-,-1.0,398.1378,-1.0,182.7
3229,DeepCCS-30932474,S-Adenosylmethionine,C15H23N6O5S,[M+H]+,1.0,400.1523,1.0,180.5
3230,DeepCCS-30932474,S-Adenosylmethionine,C15H23N6O5S,[M-H]-,-1.0,398.1378,-1.0,178.1
3231,DeepCCS-30932474,S-Adenosylmethionine,C15H23N6O5S,[M-2H]2-,,199.0689,,211.5
3232,DeepCCS-30932474,S-Adenosylmethionine,C15H23N6O5S,[M+Na]+,1.0,422.1343,1.0,186.6
3234,AllCCS-32859911,S-Adenosylmethionine,C15H23N6O5S,[M+H-H2O]+,1.0,382.1418,1.0,186.6
3235,AllCCS-32859911,S-Adenosylmethionine,C15H23N6O5S,[M+NH4]+,1.0,417.1789,1.0,190.7
3236,AllCCS-32859911,S-Adenosylmethionine,C15H23N6O5S,[M+Na]+,1.0,422.1343,1.0,191.3
3238,AllCCS-32859911,S-Adenosylmethionine,C15H23N6O5S,[M+Na-2H]-,-1.0,420.1197,-1.0,182.6
3239,AllCCS-32859911,S-Adenosylmethionine,C15H23N6O5S,[M+HCOO]-,-1.0,444.1433,-1.0,182.8
3240,DeepCCS-30932474,Folinic acid,C20H23N7O7,[M+H]+,1.0,474.1732,1.0,202.2
3241,DeepCCS-30932474,Folinic acid,C20H23N7O7,[M-H]-,-1.0,472.1586,-1.0,199.8
3242,DeepCCS-30932474,Folinic acid,C20H23N7O7,[M-2H]2-,,236.0793,,232.7
3243,DeepCCS-30932474,Folinic acid,C20H23N7O7,[M+Na]+,1.0,496.1551,1.0,208.1
3244,DarkChem-31661259,Sphinganine 1-phosphate,C18H40NO5P,[M+H]+,1.0,382.2717,1.0,198.5
3245,DarkChem-31661259,Sphinganine 1-phosphate,C18H40NO5P,[M-H]-,-1.0,380.2571,-1.0,193.4
3246,AllCCS-32859911,Sphinganine 1-phosphate,C18H40NO5P,[M+H]+,1.0,382.2717,1.0,203.3
3247,AllCCS-32859911,Sphinganine 1-phosphate,C18H40NO5P,[M-H]-,-1.0,380.2571,-1.0,195.1
3248,DeepCCS-30932474,Sphinganine 1-phosphate,C18H40NO5P,[M+H]+,1.0,382.2717,1.0,194.7
3249,DeepCCS-30932474,Sphinganine 1-phosphate,C18H40NO5P,[M-H]-,-1.0,380.2571,-1.0,191.5
3250,DeepCCS-30932474,Sphinganine 1-phosphate,C18H40NO5P,[M-2H]2-,,190.1286,,225.9
3251,DeepCCS-30932474,Sphinganine 1-phosphate,C18H40NO5P,[M+Na]+,1.0,404.2536,1.0,202.5
3253,AllCCS-32859911,Sphinganine 1-phosphate,C18H40NO5P,[M+H-H2O]+,1.0,364.2611,1.0,201.0
3254,AllCCS-32859911,Sphinganine 1-phosphate,C18H40NO5P,[M+NH4]+,1.0,399.2982,1.0,205.5
3255,AllCCS-32859911,Sphinganine 1-phosphate,C18H40NO5P,[M+Na]+,1.0,404.2536,1.0,206.1
3257,AllCCS-32859911,Sphinganine 1-phosphate,C18H40NO5P,[M+Na-2H]-,-1.0,402.2391,-1.0,196.6
3258,AllCCS-32859911,Sphinganine 1-phosphate,C18H40NO5P,[M+HCOO]-,-1.0,426.2626,-1.0,198.4
3259,DeepCCS-30932474,5-Amino-6-(5'-phosphoribitylamino)uracil,C9H17N4O9P,[M+H]+,1.0,357.0806,1.0,176.0
3260,DeepCCS-30932474,5-Amino-6-(5'-phosphoribitylamino)uracil,C9H17N4O9P,[M-H]-,-1.0,355.066,-1.0,173.4
3261,DeepCCS-30932474,5-Amino-6-(5'-phosphoribitylamino)uracil,C9H17N4O9P,[M-2H]2-,,177.533,,208.4
3262,DeepCCS-30932474,5-Amino-6-(5'-phosphoribitylamino)uracil,C9H17N4O9P,[M+Na]+,1.0,379.0625,1.0,184.6
3263,AllCCS-32859911,5-Amino-6-(5'-phosphoribitylamino)uracil,C9H17N4O9P,[M+H]+,1.0,357.0806,1.0,174.8
3264,AllCCS-32859911,5-Amino-6-(5'-phosphoribitylamino)uracil,C9H17N4O9P,[M+H-H2O]+,1.0,339.07,1.0,172.1
3265,AllCCS-32859911,5-Amino-6-(5'-phosphoribitylamino)uracil,C9H17N4O9P,[M+NH4]+,1.0,374.1071,1.0,177.3
3266,AllCCS-32859911,5-Amino-6-(5'-phosphoribitylamino)uracil,C9H17N4O9P,[M+Na]+,1.0,379.0625,1.0,178.1
3267,AllCCS-32859911,5-Amino-6-(5'-phosphoribitylamino)uracil,C9H17N4O9P,[M-H]-,-1.0,355.066,-1.0,171.4
3268,AllCCS-32859911,5-Amino-6-(5'-phosphoribitylamino)uracil,C9H17N4O9P,[M+Na-2H]-,-1.0,377.048,-1.0,171.4
3269,AllCCS-32859911,5-Amino-6-(5'-phosphoribitylamino)uracil,C9H17N4O9P,[M+HCOO]-,-1.0,401.0715,-1.0,171.6
3270,AllCCS-32859911,Palmityl-CoA,C37H66N7O17P3S,[M+H]+,1.0,1006.3521,1.0,292.8
3271,AllCCS-32859911,Palmityl-CoA,C37H66N7O17P3S,[M-H]-,-1.0,1004.3376,-1.0,294.9
3272,DeepCCS-30932474,Palmityl-CoA,C37H66N7O17P3S,[M+H]+,1.0,1006.3521,1.0,230.8
3273,DeepCCS-30932474,Palmityl-CoA,C37H66N7O17P3S,[M-H]-,-1.0,1004.3376,-1.0,229.2
3274,DeepCCS-30932474,Palmityl-CoA,C37H66N7O17P3S,[M-2H]2-,,502.1688,,264.1
3275,DeepCCS-30932474,Palmityl-CoA,C37H66N7O17P3S,[M+Na]+,1.0,1028.3341,1.0,237.6
3277,AllCCS-32859911,Palmityl-CoA,C37H66N7O17P3S,[M+H-H2O]+,1.0,988.3416,1.0,293.4
3278,AllCCS-32859911,Palmityl-CoA,C37H66N7O17P3S,[M+NH4]+,1.0,1023.3787,1.0,292.2
3279,AllCCS-32859911,Palmityl-CoA,C37H66N7O17P3S,[M+Na]+,1.0,1028.3341,1.0,292.0
3281,AllCCS-32859911,Palmityl-CoA,C37H66N7O17P3S,[M+Na-2H]-,-1.0,1026.3195,-1.0,300.7
3282,AllCCS-32859911,Palmityl-CoA,C37H66N7O17P3S,[M+HCOO]-,-1.0,1050.3431,-1.0,307.0
3283,DeepCCS-30932474,2-(3-Carboxy-3-(methylammonio)propyl)-L-histidine,C11H19N4O4,[M+H]+,1.0,272.1479,1.0,157.8
3284,DeepCCS-30932474,2-(3-Carboxy-3-(methylammonio)propyl)-L-histidine,C11H19N4O4,[M-H]-,-1.0,270.1334,-1.0,155.4
3285,DeepCCS-30932474,2-(3-Carboxy-3-(methylammonio)propyl)-L-histidine,C11H19N4O4,[M-2H]2-,,135.0667,,188.3
3286,DeepCCS-30932474,2-(3-Carboxy-3-(methylammonio)propyl)-L-histidine,C11H19N4O4,[M+Na]+,1.0,294.1298,1.0,163.9
3287,AllCCS-32859911,2-(3-Carboxy-3-(methylammonio)propyl)-L-histidine,C11H19N4O4,[M+H]+,1.0,272.1479,1.0,160.9
3288,AllCCS-32859911,2-(3-Carboxy-3-(methylammonio)propyl)-L-histidine,C11H19N4O4,[M+H-H2O]+,1.0,254.1373,1.0,157.8
3289,AllCCS-32859911,2-(3-Carboxy-3-(methylammonio)propyl)-L-histidine,C11H19N4O4,[M+NH4]+,1.0,289.1745,1.0,163.8
3290,AllCCS-32859911,2-(3-Carboxy-3-(methylammonio)propyl)-L-histidine,C11H19N4O4,[M+Na]+,1.0,294.1298,1.0,164.6
3291,AllCCS-32859911,2-(3-Carboxy-3-(methylammonio)propyl)-L-histidine,C11H19N4O4,[M-H]-,-1.0,270.1334,-1.0,163.8
3292,AllCCS-32859911,2-(3-Carboxy-3-(methylammonio)propyl)-L-histidine,C11H19N4O4,[M+Na-2H]-,-1.0,292.1153,-1.0,164.0
3293,AllCCS-32859911,2-(3-Carboxy-3-(methylammonio)propyl)-L-histidine,C11H19N4O4,[M+HCOO]-,-1.0,316.1388,-1.0,164.3
3294,DarkChem-31661259,Thiosulfate,H2O3S2,[M+H]+,1.0,114.9518,1.0,119.6
3296,DarkChem-31661259,Thiosulfate,H2O3S2,[M-H]-,-1.0,112.9373,-1.0,110.9
3298,AllCCS-32859911,Thiosulfate,H2O3S2,[M+H]+,1.0,114.9518,1.0,129.4
3299,AllCCS-32859911,Thiosulfate,H2O3S2,[M-H]-,-1.0,112.9373,-1.0,138.8
3300,DeepCCS-30932474,Thiosulfate,H2O3S2,[M+H]+,1.0,114.9518,1.0,129.1
3301,DeepCCS-30932474,Thiosulfate,H2O3S2,[M-H]-,-1.0,112.9373,-1.0,126.3
3302,DeepCCS-30932474,Thiosulfate,H2O3S2,[M-2H]2-,,56.4686,,162.8
3303,DeepCCS-30932474,Thiosulfate,H2O3S2,[M+Na]+,1.0,136.9338,1.0,137.3
3305,AllCCS-32859911,Thiosulfate,H2O3S2,[M+H-H2O]+,1.0,96.9412,1.0,125.3
3306,AllCCS-32859911,Thiosulfate,H2O3S2,[M+NH4]+,1.0,131.9784,1.0,133.2
3307,AllCCS-32859911,Thiosulfate,H2O3S2,[M+Na]+,1.0,136.9338,1.0,134.3
3309,AllCCS-32859911,Thiosulfate,H2O3S2,[M+Na-2H]-,-1.0,134.9192,-1.0,144.5
3310,AllCCS-32859911,Thiosulfate,H2O3S2,[M+HCOO]-,-1.0,158.9427,-1.0,150.7
3311,DarkChem-31661259,Phenylalanine,C9H11NO2,[M+H]+,1.0,166.0863,1.0,136.8
3312,DarkChem-31661259,Phenylalanine,C9H11NO2,[M-H]-,-1.0,164.0717,-1.0,135.0
3313,AllCCS-32859911,Phenylalanine,C9H11NO2,[M+H]+,1.0,166.0863,1.0,136.9
3314,AllCCS-32859911,Phenylalanine,C9H11NO2,[M-H]-,-1.0,164.0717,-1.0,135.2
3315,DeepCCS-30932474,Phenylalanine,C9H11NO2,[M+H]+,1.0,166.0863,1.0,133.9
3316,DeepCCS-30932474,Phenylalanine,C9H11NO2,[M+H]+,1.0,166.0863,1.0,130.1
3317,DeepCCS-30932474,Phenylalanine,C9H11NO2,[M-H]-,-1.0,164.0717,-1.0,130.5
3318,DeepCCS-30932474,Phenylalanine,C9H11NO2,[M-H]-,-1.0,164.0717,-1.0,126.2
3319,DeepCCS-30932474,Phenylalanine,C9H11NO2,[M-2H]2-,,82.0359,,167.7
3320,DeepCCS-30932474,Phenylalanine,C9H11NO2,[M+Na]+,1.0,188.0682,1.0,143.3
3321,DeepCCS-30932474,Phenylalanine,C9H11NO2,[M-2H]2-,,82.0359,,163.6
3322,DeepCCS-30932474,Phenylalanine,C9H11NO2,[M+Na]+,1.0,188.0682,1.0,139.1
3324,AllCCS-32859911,Phenylalanine,C9H11NO2,[M+H-H2O]+,1.0,148.0757,1.0,132.5
3325,AllCCS-32859911,Phenylalanine,C9H11NO2,[M+NH4]+,1.0,183.1128,1.0,140.9
3326,AllCCS-32859911,Phenylalanine,C9H11NO2,[M+Na]+,1.0,188.0682,1.0,142.0
3328,AllCCS-32859911,Phenylalanine,C9H11NO2,[M+Na-2H]-,-1.0,186.0536,-1.0,136.3
3329,AllCCS-32859911,Phenylalanine,C9H11NO2,[M+HCOO]-,-1.0,210.0772,-1.0,137.6
3330,DarkChem-31661259,Uridine 5'-diphosphate,C9H14N2O12P2,[M+H]+,1.0,405.0095,1.0,188.8
3331,DarkChem-31661259,Uridine 5'-diphosphate,C9H14N2O12P2,[M-H]-,-1.0,402.9949,-1.0,179.5
3332,AllCCS-32859911,Uridine 5'-diphosphate,C9H14N2O12P2,[M+H]+,1.0,405.0095,1.0,181.9
3333,AllCCS-32859911,Uridine 5'-diphosphate,C9H14N2O12P2,[M-H]-,-1.0,402.9949,-1.0,174.5
3334,DeepCCS-30932474,Uridine 5'-diphosphate,C9H14N2O12P2,[M+H]+,1.0,405.0095,1.0,169.5
3335,DeepCCS-30932474,Uridine 5'-diphosphate,C9H14N2O12P2,[M-H]-,-1.0,402.9949,-1.0,167.1
3336,DeepCCS-30932474,Uridine 5'-diphosphate,C9H14N2O12P2,[M-2H]2-,,201.4975,,200.4
3337,DeepCCS-30932474,Uridine 5'-diphosphate,C9H14N2O12P2,[M+Na]+,1.0,426.9914,1.0,176.2
3339,AllCCS-32859911,Uridine 5'-diphosphate,C9H14N2O12P2,[M+H-H2O]+,1.0,386.9989,1.0,179.4
3340,AllCCS-32859911,Uridine 5'-diphosphate,C9H14N2O12P2,[M+NH4]+,1.0,422.036,1.0,184.2
3341,AllCCS-32859911,Uridine 5'-diphosphate,C9H14N2O12P2,[M+Na]+,1.0,426.9914,1.0,184.9
3343,AllCCS-32859911,Uridine 5'-diphosphate,C9H14N2O12P2,[M+Na-2H]-,-1.0,424.9769,-1.0,174.5
3344,AllCCS-32859911,Uridine 5'-diphosphate,C9H14N2O12P2,[M+HCOO]-,-1.0,449.0004,-1.0,174.6
3345,DeepCCS-30932474,Pantetheine 4'-phosphate,C11H23N2O7PS,[M+H]+,1.0,359.1036,1.0,168.6
3346,DeepCCS-30932474,Pantetheine 4'-phosphate,C11H23N2O7PS,[M-H]-,-1.0,357.0891,-1.0,166.3
3347,DeepCCS-30932474,Pantetheine 4'-phosphate,C11H23N2O7PS,[M-2H]2-,,178.5445,,199.9
3348,DeepCCS-30932474,Pantetheine 4'-phosphate,C11H23N2O7PS,[M+Na]+,1.0,381.0856,1.0,175.2
3349,AllCCS-32859911,Pantetheine 4'-phosphate,C11H23N2O7PS,[M+H]+,1.0,359.1036,1.0,177.0
3350,AllCCS-32859911,Pantetheine 4'-phosphate,C11H23N2O7PS,[M+H-H2O]+,1.0,341.0931,1.0,174.7
3351,AllCCS-32859911,Pantetheine 4'-phosphate,C11H23N2O7PS,[M+NH4]+,1.0,376.1302,1.0,179.1
3352,AllCCS-32859911,Pantetheine 4'-phosphate,C11H23N2O7PS,[M+Na]+,1.0,381.0856,1.0,179.8
3353,AllCCS-32859911,Pantetheine 4'-phosphate,C11H23N2O7PS,[M-H]-,-1.0,357.0891,-1.0,175.9
3354,AllCCS-32859911,Pantetheine 4'-phosphate,C11H23N2O7PS,[M+Na-2H]-,-1.0,379.071,-1.0,176.9
3355,AllCCS-32859911,Pantetheine 4'-phosphate,C11H23N2O7PS,[M+HCOO]-,-1.0,403.0946,-1.0,178.2
3356,DeepCCS-30932474,Glycerophosphocholine,C8H20NO6P,[M+H]+,1.0,258.1101,1.0,152.0
3357,DeepCCS-30932474,Glycerophosphocholine,C8H20NO6P,[M-H]-,-1.0,256.0955,-1.0,149.8
3358,DeepCCS-30932474,Glycerophosphocholine,C8H20NO6P,[M-2H]2-,,128.0478,,183.3
3359,DeepCCS-30932474,Glycerophosphocholine,C8H20NO6P,[M+Na]+,1.0,280.092,1.0,157.9
3360,AllCCS-32859911,Glycerophosphocholine,C8H20NO6P,[M+H]+,1.0,258.1101,1.0,155.6
3361,AllCCS-32859911,Glycerophosphocholine,C8H20NO6P,[M+H-H2O]+,1.0,240.0995,1.0,152.5
3362,AllCCS-32859911,Glycerophosphocholine,C8H20NO6P,[M+NH4]+,1.0,275.1366,1.0,158.4
3363,AllCCS-32859911,Glycerophosphocholine,C8H20NO6P,[M+Na]+,1.0,280.092,1.0,159.2
3364,AllCCS-32859911,Glycerophosphocholine,C8H20NO6P,[M-H]-,-1.0,256.0955,-1.0,162.4
3365,AllCCS-32859911,Glycerophosphocholine,C8H20NO6P,[M+Na-2H]-,-1.0,278.0775,-1.0,163.5
3366,AllCCS-32859911,Glycerophosphocholine,C8H20NO6P,[M+HCOO]-,-1.0,302.101,-1.0,164.7
3367,DarkChem-31661259,beta-D-Glucose 6-phosphate,C6H13O9P,[M+H]+,1.0,261.037,1.0,154.7
3368,DarkChem-31661259,beta-D-Glucose 6-phosphate,C6H13O9P,[M-H]-,-1.0,259.0224,-1.0,148.8
3369,DeepCCS-30932474,beta-D-Glucose 6-phosphate,C6H13O9P,[M+H]+,1.0,261.037,1.0,143.3
3370,DeepCCS-30932474,beta-D-Glucose 6-phosphate,C6H13O9P,[M-H]-,-1.0,259.0224,-1.0,140.9
3371,DeepCCS-30932474,beta-D-Glucose 6-phosphate,C6H13O9P,[M-2H]2-,,129.5112,,175.4
3372,DeepCCS-30932474,beta-D-Glucose 6-phosphate,C6H13O9P,[M+Na]+,1.0,283.0189,1.0,149.9
3373,AllCCS-32859911,beta-D-Glucose 6-phosphate,C6H13O9P,[M+H]+,1.0,261.037,1.0,156.8
3374,AllCCS-32859911,beta-D-Glucose 6-phosphate,C6H13O9P,[M+H-H2O]+,1.0,243.0264,1.0,153.2
3375,AllCCS-32859911,beta-D-Glucose 6-phosphate,C6H13O9P,[M+NH4]+,1.0,278.0635,1.0,160.2
3376,AllCCS-32859911,beta-D-Glucose 6-phosphate,C6H13O9P,[M+Na]+,1.0,283.0189,1.0,161.1
3377,AllCCS-32859911,beta-D-Glucose 6-phosphate,C6H13O9P,[M-H]-,-1.0,259.0224,-1.0,147.2
3378,AllCCS-32859911,beta-D-Glucose 6-phosphate,C6H13O9P,[M+Na-2H]-,-1.0,281.0044,-1.0,147.5
3379,AllCCS-32859911,beta-D-Glucose 6-phosphate,C6H13O9P,[M+HCOO]-,-1.0,305.0279,-1.0,147.9
3380,AllCCS-32859911,Acetyl-CoA,C23H38N7O17P3S,[M+H]+,1.0,810.133,1.0,249.8
3381,AllCCS-32859911,Acetyl-CoA,C23H38N7O17P3S,[M-H]-,-1.0,808.1185,-1.0,248.0
3382,DeepCCS-30932474,Acetyl-CoA,C23H38N7O17P3S,[M+H]+,1.0,810.133,1.0,173.9
3383,DeepCCS-30932474,Acetyl-CoA,C23H38N7O17P3S,[M-H]-,-1.0,808.1185,-1.0,172.0
3384,DeepCCS-30932474,Acetyl-CoA,C23H38N7O17P3S,[M-2H]2-,,404.0592,,206.4
3385,DeepCCS-30932474,Acetyl-CoA,C23H38N7O17P3S,[M+Na]+,1.0,832.115,1.0,181.1
3387,AllCCS-32859911,Acetyl-CoA,C23H38N7O17P3S,[M+H-H2O]+,1.0,792.1225,1.0,250.0
3388,AllCCS-32859911,Acetyl-CoA,C23H38N7O17P3S,[M+NH4]+,1.0,827.1596,1.0,249.5
3389,AllCCS-32859911,Acetyl-CoA,C23H38N7O17P3S,[M+Na]+,1.0,832.115,1.0,249.4
3391,AllCCS-32859911,Acetyl-CoA,C23H38N7O17P3S,[M+Na-2H]-,-1.0,830.1004,-1.0,251.8
3392,AllCCS-32859911,Acetyl-CoA,C23H38N7O17P3S,[M+HCOO]-,-1.0,854.124,-1.0,256.1
3393,DarkChem-31661259,Cholesterol,C27H46O,[M+H]+,1.0,387.3621,1.0,196.3
3394,DarkChem-31661259,Cholesterol,C27H46O,[M-H]-,-1.0,385.3476,-1.0,194.3
3395,AllCCS-32859911,Cholesterol,C27H46O,[M+H]+,1.0,387.3621,1.0,204.2
3396,AllCCS-32859911,Cholesterol,C27H46O,[M-H]-,-1.0,385.3476,-1.0,202.2
3397,DeepCCS-30932474,Cholesterol,C27H46O,[M-2H]2-,,192.6738,,237.3
3398,DeepCCS-30932474,Cholesterol,C27H46O,[M+Na]+,1.0,409.3441,1.0,211.5
3399,DeepCCS-30932474,Cholesterol,C27H46O,[M-2H]2-,,192.6738,,233.0
3400,DeepCCS-30932474,Cholesterol,C27H46O,[M+Na]+,1.0,409.3441,1.0,208.3
3402,AllCCS-32859911,Cholesterol,C27H46O,[M+H-H2O]+,1.0,369.3516,1.0,202.1
3403,AllCCS-32859911,Cholesterol,C27H46O,[M+NH4]+,1.0,404.3887,1.0,206.2
3404,AllCCS-32859911,Cholesterol,C27H46O,[M+Na]+,1.0,409.3441,1.0,206.8
3406,AllCCS-32859911,Cholesterol,C27H46O,[M+Na-2H]-,-1.0,407.3295,-1.0,204.0
3407,AllCCS-32859911,Cholesterol,C27H46O,[M+HCOO]-,-1.0,431.3531,-1.0,206.1
3408,DarkChem-31661259,Acetamidopropanal,C5H9NO2,[M+H]+,1.0,116.0706,1.0,124.1
3409,DarkChem-31661259,Acetamidopropanal,C5H9NO2,[M-H]-,-1.0,114.0561,-1.0,118.6
3410,DeepCCS-30932474,Acetamidopropanal,C5H9NO2,[M+H]+,1.0,116.0706,1.0,127.5
3411,DeepCCS-30932474,Acetamidopropanal,C5H9NO2,[M-H]-,-1.0,114.0561,-1.0,125.3
3412,DeepCCS-30932474,Acetamidopropanal,C5H9NO2,[M-2H]2-,,57.028,,161.0
3413,DeepCCS-30932474,Acetamidopropanal,C5H9NO2,[M+Na]+,1.0,138.0525,1.0,135.8
3414,AllCCS-32859911,Acetamidopropanal,C5H9NO2,[M+H]+,1.0,116.0706,1.0,127.5
3415,AllCCS-32859911,Acetamidopropanal,C5H9NO2,[M+H-H2O]+,1.0,98.06,1.0,123.3
3416,AllCCS-32859911,Acetamidopropanal,C5H9NO2,[M+NH4]+,1.0,133.0972,1.0,131.4
3417,AllCCS-32859911,Acetamidopropanal,C5H9NO2,[M+Na]+,1.0,138.0525,1.0,132.5
3418,AllCCS-32859911,Acetamidopropanal,C5H9NO2,[M-H]-,-1.0,114.0561,-1.0,126.7
3419,AllCCS-32859911,Acetamidopropanal,C5H9NO2,[M+Na-2H]-,-1.0,136.038,-1.0,130.0
3420,AllCCS-32859911,Acetamidopropanal,C5H9NO2,[M+HCOO]-,-1.0,160.0615,-1.0,133.6
3421,DarkChem-31661259,4-Nitrophenol,C6H5NO3,[M+H]+,1.0,140.0342,1.0,129.4
3423,DarkChem-31661259,4-Nitrophenol,C6H5NO3,[M-H]-,-1.0,138.0197,-1.0,127.1
3425,AllCCS-32859911,4-Nitrophenol,C6H5NO3,[M+H]+,1.0,140.0342,1.0,128.4
3426,AllCCS-32859911,4-Nitrophenol,C6H5NO3,[M-H]-,-1.0,138.0197,-1.0,122.1
3427,DeepCCS-30932474,4-Nitrophenol,C6H5NO3,[M+H]+,1.0,140.0342,1.0,130.4
3428,DeepCCS-30932474,4-Nitrophenol,C6H5NO3,[M-H]-,-1.0,138.0197,-1.0,127.2
3429,DeepCCS-30932474,4-Nitrophenol,C6H5NO3,[M-2H]2-,,69.0098,,164.6
3430,DeepCCS-30932474,4-Nitrophenol,C6H5NO3,[M+Na]+,1.0,162.0162,1.0,139.3
3432,AllCCS-32859911,4-Nitrophenol,C6H5NO3,[M+H-H2O]+,1.0,122.0237,1.0,123.8
3433,AllCCS-32859911,4-Nitrophenol,C6H5NO3,[M+NH4]+,1.0,157.0608,1.0,132.7
3434,AllCCS-32859911,4-Nitrophenol,C6H5NO3,[M+Na]+,1.0,162.0162,1.0,134.0
3436,AllCCS-32859911,4-Nitrophenol,C6H5NO3,[M+Na-2H]-,-1.0,160.0016,-1.0,123.6
3437,AllCCS-32859911,4-Nitrophenol,C6H5NO3,[M+HCOO]-,-1.0,184.0251,-1.0,125.3
3438,DeepCCS-30932474,Phosphoribosyl-AMP,C15H23N5O14P2,[M+H]+,1.0,560.0789,1.0,194.7
3439,DeepCCS-30932474,Phosphoribosyl-AMP,C15H23N5O14P2,[M-H]-,-1.0,558.0644,-1.0,192.9
3440,DeepCCS-30932474,Phosphoribosyl-AMP,C15H23N5O14P2,[M-2H]2-,,279.0322,,226.4
3441,DeepCCS-30932474,Phosphoribosyl-AMP,C15H23N5O14P2,[M+Na]+,1.0,582.0609,1.0,200.3
3442,AllCCS-32859911,Phosphoribosyl-AMP,C15H23N5O14P2,[M+H]+,1.0,560.0789,1.0,210.5
3443,AllCCS-32859911,Phosphoribosyl-AMP,C15H23N5O14P2,[M+H-H2O]+,1.0,542.0684,1.0,209.2
3444,AllCCS-32859911,Phosphoribosyl-AMP,C15H23N5O14P2,[M+NH4]+,1.0,577.1055,1.0,211.7
3445,AllCCS-32859911,Phosphoribosyl-AMP,C15H23N5O14P2,[M+Na]+,1.0,582.0609,1.0,212.1
3446,AllCCS-32859911,Phosphoribosyl-AMP,C15H23N5O14P2,[M-H]-,-1.0,558.0644,-1.0,205.0
3447,AllCCS-32859911,Phosphoribosyl-AMP,C15H23N5O14P2,[M+Na-2H]-,-1.0,580.0463,-1.0,205.7
3448,AllCCS-32859911,Phosphoribosyl-AMP,C15H23N5O14P2,[M+HCOO]-,-1.0,604.0699,-1.0,206.7
3449,DarkChem-31661259,Methionine,C5H11NO2S,[M+H]+,1.0,150.0583,1.0,133.7
3450,DarkChem-31661259,Methionine,C5H11NO2S,[M-H]-,-1.0,148.0438,-1.0,129.4
3451,AllCCS-32859911,Methionine,C5H11NO2S,[M+H]+,1.0,150.0583,1.0,133.7
3452,AllCCS-32859911,Methionine,C5H11NO2S,[M-H]-,-1.0,148.0438,-1.0,135.0
3453,DeepCCS-30932474,Methionine,C5H11NO2S,[M+H]+,1.0,150.0583,1.0,128.7
3454,DeepCCS-30932474,Methionine,C5H11NO2S,[M-H]-,-1.0,148.0438,-1.0,125.5
3455,DeepCCS-30932474,Methionine,C5H11NO2S,[M-2H]2-,,74.0219,,162.4
3456,DeepCCS-30932474,Methionine,C5H11NO2S,[M+Na]+,1.0,172.0403,1.0,137.4
3458,AllCCS-32859911,Methionine,C5H11NO2S,[M+H-H2O]+,1.0,132.0478,1.0,129.8
3459,AllCCS-32859911,Methionine,C5H11NO2S,[M+NH4]+,1.0,167.0849,1.0,137.3
3460,AllCCS-32859911,Methionine,C5H11NO2S,[M+Na]+,1.0,172.0403,1.0,138.4
3462,AllCCS-32859911,Methionine,C5H11NO2S,[M+Na-2H]-,-1.0,170.0257,-1.0,137.8
3463,AllCCS-32859911,Methionine,C5H11NO2S,[M+HCOO]-,-1.0,194.0493,-1.0,140.9
3464,DarkChem-31661259,S-Formylglutathione,C11H17N3O7S,[M+H]+,1.0,336.086,1.0,177.7
3466,DarkChem-31661259,S-Formylglutathione,C11H17N3O7S,[M-H]-,-1.0,334.0714,-1.0,172.8
3468,AllCCS-32859911,S-Formylglutathione,C11H17N3O7S,[M+H]+,1.0,336.086,1.0,170.0
3469,AllCCS-32859911,S-Formylglutathione,C11H17N3O7S,[M-H]-,-1.0,334.0714,-1.0,170.0
3470,DeepCCS-30932474,S-Formylglutathione,C11H17N3O7S,[M+H]+,1.0,336.086,1.0,171.7
3471,DeepCCS-30932474,S-Formylglutathione,C11H17N3O7S,[M-H]-,-1.0,334.0714,-1.0,169.4
3472,DeepCCS-30932474,S-Formylglutathione,C11H17N3O7S,[M-2H]2-,,167.0357,,202.7
3473,DeepCCS-30932474,S-Formylglutathione,C11H17N3O7S,[M+Na]+,1.0,358.0679,1.0,177.9
3474,DeepCCS-30932474,Formaldehyde,CH2O,[M+H]+,1.0,31.0178,1.0,111.2
3475,DeepCCS-30932474,Formaldehyde,CH2O,[M-H]-,-1.0,29.0033,-1.0,109.4
3476,DeepCCS-30932474,Formaldehyde,CH2O,[M-2H]2-,,14.5016,,144.6
3477,DeepCCS-30932474,Formaldehyde,CH2O,[M+Na]+,1.0,52.9998,1.0,118.0
3478,DarkChem-31661259,Dihydroxyacetone phosphate,C3H7O6P,[M+H]+,1.0,171.0053,1.0,136.3
3479,DarkChem-31661259,Dihydroxyacetone phosphate,C3H7O6P,[M-H]-,-1.0,168.9907,-1.0,129.9
3480,AllCCS-32859911,Dihydroxyacetone phosphate,C3H7O6P,[M+H]+,1.0,171.0053,1.0,136.4
3481,AllCCS-32859911,Dihydroxyacetone phosphate,C3H7O6P,[M-H]-,-1.0,168.9907,-1.0,128.5
3482,DeepCCS-30932474,Dihydroxyacetone phosphate,C3H7O6P,[M+H]+,1.0,171.0053,1.0,123.9
3483,DeepCCS-30932474,Dihydroxyacetone phosphate,C3H7O6P,[M-H]-,-1.0,168.9907,-1.0,120.8
3484,DeepCCS-30932474,Dihydroxyacetone phosphate,C3H7O6P,[M-2H]2-,,84.4954,,157.8
3485,DeepCCS-30932474,Dihydroxyacetone phosphate,C3H7O6P,[M+Na]+,1.0,192.9872,1.0,132.7
3487,AllCCS-32859911,Dihydroxyacetone phosphate,C3H7O6P,[M+H-H2O]+,1.0,152.9947,1.0,132.5
3488,AllCCS-32859911,Dihydroxyacetone phosphate,C3H7O6P,[M+NH4]+,1.0,188.0318,1.0,140.0
3489,AllCCS-32859911,Dihydroxyacetone phosphate,C3H7O6P,[M+Na]+,1.0,192.9872,1.0,141.1
3491,AllCCS-32859911,Dihydroxyacetone phosphate,C3H7O6P,[M+Na-2H]-,-1.0,190.9727,-1.0,130.7
3492,AllCCS-32859911,Dihydroxyacetone phosphate,C3H7O6P,[M+HCOO]-,-1.0,214.9962,-1.0,133.2
3493,DeepCCS-30932474,Prephenate,C10H10O6,[M+H]+,1.0,227.055,1.0,148.2
3494,DeepCCS-30932474,Prephenate,C10H10O6,[M-H]-,-1.0,225.0405,-1.0,145.8
3495,DeepCCS-30932474,Prephenate,C10H10O6,[M-2H]2-,,112.5202,,179.1
3496,DeepCCS-30932474,Prephenate,C10H10O6,[M+Na]+,1.0,249.037,1.0,154.2
3497,AllCCS-32859911,Prephenate,C10H10O6,[M+H]+,1.0,227.055,1.0,149.2
3498,AllCCS-32859911,Prephenate,C10H10O6,[M+H-H2O]+,1.0,209.0444,1.0,145.4
3499,AllCCS-32859911,Prephenate,C10H10O6,[M+NH4]+,1.0,244.0816,1.0,152.7
3500,AllCCS-32859911,Prephenate,C10H10O6,[M+Na]+,1.0,249.037,1.0,153.8
3501,AllCCS-32859911,Prephenate,C10H10O6,[M-H]-,-1.0,225.0405,-1.0,146.1
3502,AllCCS-32859911,Prephenate,C10H10O6,[M+Na-2H]-,-1.0,247.0224,-1.0,146.3
3503,AllCCS-32859911,Prephenate,C10H10O6,[M+HCOO]-,-1.0,271.0459,-1.0,146.7
3519,DarkChem-31661259,Uridine triphosphate,C9H15N2O15P3,[M+H]+,1.0,484.9758,1.0,202.9
3520,DarkChem-31661259,Uridine triphosphate,C9H15N2O15P3,[M-H]-,-1.0,482.9613,-1.0,190.2
3521,AllCCS-32859911,Uridine triphosphate,C9H15N2O15P3,[M+H]+,1.0,484.9758,1.0,193.2
3522,AllCCS-32859911,Uridine triphosphate,C9H15N2O15P3,[M-H]-,-1.0,482.9613,-1.0,184.9
3523,DeepCCS-30932474,Uridine triphosphate,C9H15N2O15P3,[M+H]+,1.0,484.9758,1.0,172.8
3524,DeepCCS-30932474,Uridine triphosphate,C9H15N2O15P3,[M-H]-,-1.0,482.9613,-1.0,169.5
3525,DeepCCS-30932474,Uridine triphosphate,C9H15N2O15P3,[M-2H]2-,,241.4806,,204.0
3526,DeepCCS-30932474,Uridine triphosphate,C9H15N2O15P3,[M+Na]+,1.0,506.9577,1.0,180.1
3528,AllCCS-32859911,Uridine triphosphate,C9H15N2O15P3,[M+H-H2O]+,1.0,466.9652,1.0,191.2
3529,AllCCS-32859911,Uridine triphosphate,C9H15N2O15P3,[M+NH4]+,1.0,502.0024,1.0,195.0
3530,AllCCS-32859911,Uridine triphosphate,C9H15N2O15P3,[M+Na]+,1.0,506.9577,1.0,195.5
3532,AllCCS-32859911,Uridine triphosphate,C9H15N2O15P3,[M+Na-2H]-,-1.0,504.9432,-1.0,185.2
3533,AllCCS-32859911,Uridine triphosphate,C9H15N2O15P3,[M+HCOO]-,-1.0,528.9667,-1.0,185.7
3534,DarkChem-31661259,Sphinganine,C18H39NO2,[M+H]+,1.0,302.3054,1.0,180.9
3535,DarkChem-31661259,Sphinganine,C18H39NO2,[M-H]-,-1.0,300.2908,-1.0,178.2
3536,AllCCS-32859911,Sphinganine,C18H39NO2,[M+H]+,1.0,302.3054,1.0,187.8
3537,AllCCS-32859911,Sphinganine,C18H39NO2,[M-H]-,-1.0,300.2908,-1.0,181.7
3538,DeepCCS-30932474,Sphinganine,C18H39NO2,[M+H]+,1.0,302.3054,1.0,186.7
3539,DeepCCS-30932474,Sphinganine,C18H39NO2,[M-H]-,-1.0,300.2908,-1.0,184.2
3540,DeepCCS-30932474,Sphinganine,C18H39NO2,[M-2H]2-,,150.1454,,217.7
3541,DeepCCS-30932474,Sphinganine,C18H39NO2,[M+Na]+,1.0,324.2873,1.0,194.3
3543,AllCCS-32859911,Sphinganine,C18H39NO2,[M+H-H2O]+,1.0,284.2948,1.0,185.0
3544,AllCCS-32859911,Sphinganine,C18H39NO2,[M+NH4]+,1.0,319.3319,1.0,190.4
3545,AllCCS-32859911,Sphinganine,C18H39NO2,[M+Na]+,1.0,324.2873,1.0,191.1
3547,AllCCS-32859911,Sphinganine,C18H39NO2,[M+Na-2H]-,-1.0,322.2727,-1.0,182.8
3548,AllCCS-32859911,Sphinganine,C18H39NO2,[M+HCOO]-,-1.0,346.2963,-1.0,184.1
3549,DarkChem-31661259,Lysine,C6H14N2O2,[M+H]+,1.0,147.1128,1.0,133.4
3552,DarkChem-31661259,Lysine,C6H14N2O2,[M-H]-,-1.0,145.0983,-1.0,130.3
3555,AllCCS-32859911,Lysine,C6H14N2O2,[M+H]+,1.0,147.1128,1.0,133.2
3556,AllCCS-32859911,Lysine,C6H14N2O2,[M-H]-,-1.0,145.0983,-1.0,129.0
3557,DeepCCS-30932474,Lysine,C6H14N2O2,[M+H]+,1.0,147.1128,1.0,131.4
3558,DeepCCS-30932474,Lysine,C6H14N2O2,[M-H]-,-1.0,145.0983,-1.0,128.1
3559,DeepCCS-30932474,Lysine,C6H14N2O2,[M-2H]2-,,72.5491,,165.1
3560,DeepCCS-30932474,Lysine,C6H14N2O2,[M+Na]+,1.0,169.0947,1.0,140.1
3562,AllCCS-32859911,Lysine,C6H14N2O2,[M+H-H2O]+,1.0,129.1022,1.0,129.2
3563,AllCCS-32859911,Lysine,C6H14N2O2,[M+NH4]+,1.0,164.1394,1.0,136.9
3564,AllCCS-32859911,Lysine,C6H14N2O2,[M+Na]+,1.0,169.0947,1.0,138.0
3566,AllCCS-32859911,Lysine,C6H14N2O2,[M+Na-2H]-,-1.0,167.0802,-1.0,131.1
3567,AllCCS-32859911,Lysine,C6H14N2O2,[M+HCOO]-,-1.0,191.1037,-1.0,133.6
3568,DarkChem-31661259,(R)-Lipoic acid,C8H14O2S2,[M+H]+,1.0,207.0508,1.0,146.3
3570,DarkChem-31661259,(R)-Lipoic acid,C8H14O2S2,[M-H]-,-1.0,205.0362,-1.0,140.4
3572,AllCCS-32859911,(R)-Lipoic acid,C8H14O2S2,[M+H]+,1.0,207.0508,1.0,143.4
3573,AllCCS-32859911,(R)-Lipoic acid,C8H14O2S2,[M-H]-,-1.0,205.0362,-1.0,149.6
3574,DeepCCS-30932474,(R)-Lipoic acid,C8H14O2S2,[M+H]+,1.0,207.0508,1.0,142.3
3575,DeepCCS-30932474,(R)-Lipoic acid,C8H14O2S2,[M-H]-,-1.0,205.0362,-1.0,139.9
3576,DeepCCS-30932474,(R)-Lipoic acid,C8H14O2S2,[M-2H]2-,,102.5181,,175.3
3577,DeepCCS-30932474,(R)-Lipoic acid,C8H14O2S2,[M+Na]+,1.0,229.0327,1.0,149.6
3579,AllCCS-32859911,(R)-Lipoic acid,C8H14O2S2,[M+H-H2O]+,1.0,189.0402,1.0,139.7
3580,AllCCS-32859911,(R)-Lipoic acid,C8H14O2S2,[M+NH4]+,1.0,224.0773,1.0,147.0
3581,AllCCS-32859911,(R)-Lipoic acid,C8H14O2S2,[M+Na]+,1.0,229.0327,1.0,148.0
3583,AllCCS-32859911,(R)-Lipoic acid,C8H14O2S2,[M+Na-2H]-,-1.0,227.0182,-1.0,150.9
3584,AllCCS-32859911,(R)-Lipoic acid,C8H14O2S2,[M+HCOO]-,-1.0,251.0417,-1.0,152.4
3585,DarkChem-31661259,gamma-Aminobutyric acid,C4H9NO2,[M+H]+,1.0,104.0706,1.0,120.0
3586,DarkChem-31661259,gamma-Aminobutyric acid,C4H9NO2,[M-H]-,-1.0,102.0561,-1.0,115.8
3587,AllCCS-32859911,gamma-Aminobutyric acid,C4H9NO2,[M+H]+,1.0,104.0706,1.0,125.7
3588,AllCCS-32859911,gamma-Aminobutyric acid,C4H9NO2,[M-H]-,-1.0,102.0561,-1.0,124.8
3589,DeepCCS-30932474,gamma-Aminobutyric acid,C4H9NO2,[M+H]+,1.0,104.0706,1.0,133.7
3590,DeepCCS-30932474,gamma-Aminobutyric acid,C4H9NO2,[M-H]-,-1.0,102.0561,-1.0,130.9
3591,DeepCCS-30932474,gamma-Aminobutyric acid,C4H9NO2,[M-2H]2-,,51.028,,167.3
3592,DeepCCS-30932474,gamma-Aminobutyric acid,C4H9NO2,[M+Na]+,1.0,126.0525,1.0,141.8
3594,AllCCS-32859911,gamma-Aminobutyric acid,C4H9NO2,[M+H-H2O]+,1.0,86.06,1.0,121.4
3595,AllCCS-32859911,gamma-Aminobutyric acid,C4H9NO2,[M+NH4]+,1.0,121.0972,1.0,129.7
3596,AllCCS-32859911,gamma-Aminobutyric acid,C4H9NO2,[M+Na]+,1.0,126.0525,1.0,130.9
3598,AllCCS-32859911,gamma-Aminobutyric acid,C4H9NO2,[M+Na-2H]-,-1.0,124.038,-1.0,128.7
3599,AllCCS-32859911,gamma-Aminobutyric acid,C4H9NO2,[M+HCOO]-,-1.0,148.0615,-1.0,132.9
3600,DarkChem-31661259,(S)-3-Hydroxyisobutyric acid,C4H8O3,[M+H]+,1.0,105.0546,1.0,121.1
3601,DarkChem-31661259,(S)-3-Hydroxyisobutyric acid,C4H8O3,[M-H]-,-1.0,103.0401,-1.0,115.7
3602,AllCCS-32859911,(S)-3-Hydroxyisobutyric acid,C4H8O3,[M+H]+,1.0,105.0546,1.0,126.8
3603,AllCCS-32859911,(S)-3-Hydroxyisobutyric acid,C4H8O3,[M-H]-,-1.0,103.0401,-1.0,124.5
3604,DeepCCS-30932474,(S)-3-Hydroxyisobutyric acid,C4H8O3,[M+H]+,1.0,105.0546,1.0,118.7
3605,DeepCCS-30932474,(S)-3-Hydroxyisobutyric acid,C4H8O3,[M-H]-,-1.0,103.0401,-1.0,115.9
3606,DeepCCS-30932474,(S)-3-Hydroxyisobutyric acid,C4H8O3,[M-2H]2-,,51.52,,152.4
3607,DeepCCS-30932474,(S)-3-Hydroxyisobutyric acid,C4H8O3,[M+Na]+,1.0,127.0366,1.0,127.2
3609,AllCCS-32859911,(S)-3-Hydroxyisobutyric acid,C4H8O3,[M+H-H2O]+,1.0,87.0441,1.0,122.5
3610,AllCCS-32859911,(S)-3-Hydroxyisobutyric acid,C4H8O3,[M+NH4]+,1.0,122.0812,1.0,130.8
3611,AllCCS-32859911,(S)-3-Hydroxyisobutyric acid,C4H8O3,[M+Na]+,1.0,127.0366,1.0,132.0
3613,AllCCS-32859911,(S)-3-Hydroxyisobutyric acid,C4H8O3,[M+Na-2H]-,-1.0,125.022,-1.0,128.4
3614,AllCCS-32859911,(S)-3-Hydroxyisobutyric acid,C4H8O3,[M+HCOO]-,-1.0,149.0455,-1.0,132.8
3615,DarkChem-31661259,Succinic acid,C4H6O4,[M+H]+,1.0,119.0339,1.0,124.5
3616,DarkChem-31661259,Succinic acid,C4H6O4,[M-H]-,-1.0,117.0193,-1.0,117.8
3617,AllCCS-32859911,Succinic acid,C4H6O4,[M+H]+,1.0,119.0339,1.0,128.1
3618,AllCCS-32859911,Succinic acid,C4H6O4,[M-H]-,-1.0,117.0193,-1.0,123.3
3619,DeepCCS-30932474,Succinic acid,C4H6O4,[M+H]+,1.0,119.0339,1.0,123.0
3620,DeepCCS-30932474,Succinic acid,C4H6O4,[M-H]-,-1.0,117.0193,-1.0,120.2
3621,DeepCCS-30932474,Succinic acid,C4H6O4,[M-2H]2-,,58.5097,,156.6
3622,DeepCCS-30932474,Succinic acid,C4H6O4,[M+Na]+,1.0,141.0158,1.0,131.5
3624,AllCCS-32859911,Succinic acid,C4H6O4,[M+H-H2O]+,1.0,101.0233,1.0,123.8
3625,AllCCS-32859911,Succinic acid,C4H6O4,[M+NH4]+,1.0,136.0604,1.0,132.0
3626,AllCCS-32859911,Succinic acid,C4H6O4,[M+Na]+,1.0,141.0158,1.0,133.1
3628,AllCCS-32859911,Succinic acid,C4H6O4,[M+Na-2H]-,-1.0,139.0013,-1.0,126.4
3629,AllCCS-32859911,Succinic acid,C4H6O4,[M+HCOO]-,-1.0,163.0248,-1.0,129.9
3630,DarkChem-31661259,N1-Acetylspermine,C12H28N4O,[M+H]+,1.0,245.2336,1.0,158.5
3632,DarkChem-31661259,N1-Acetylspermine,C12H28N4O,[M-H]-,-1.0,243.219,-1.0,155.8
3634,AllCCS-32859911,N1-Acetylspermine,C12H28N4O,[M+H]+,1.0,245.2336,1.0,158.1
3635,AllCCS-32859911,N1-Acetylspermine,C12H28N4O,[M-H]-,-1.0,243.219,-1.0,164.0
3636,DeepCCS-30932474,N1-Acetylspermine,C12H28N4O,[M+H]+,1.0,245.2336,1.0,156.1
3637,DeepCCS-30932474,N1-Acetylspermine,C12H28N4O,[M-H]-,-1.0,243.219,-1.0,153.3
3638,DeepCCS-30932474,N1-Acetylspermine,C12H28N4O,[M-2H]2-,,121.6095,,189.2
3639,DeepCCS-30932474,N1-Acetylspermine,C12H28N4O,[M+Na]+,1.0,267.2155,1.0,163.8
3641,AllCCS-32859911,N1-Acetylspermine,C12H28N4O,[M+H-H2O]+,1.0,227.223,1.0,155.1
3642,AllCCS-32859911,N1-Acetylspermine,C12H28N4O,[M+NH4]+,1.0,262.2601,1.0,160.9
3643,AllCCS-32859911,N1-Acetylspermine,C12H28N4O,[M+Na]+,1.0,267.2155,1.0,161.6
3645,AllCCS-32859911,N1-Acetylspermine,C12H28N4O,[M+Na-2H]-,-1.0,265.201,-1.0,165.1
3646,AllCCS-32859911,N1-Acetylspermine,C12H28N4O,[M+HCOO]-,-1.0,289.2245,-1.0,166.4
3647,DarkChem-31661259,cis-Aconitic acid,C6H6O6,[M+H]+,1.0,175.0237,1.0,139.9
3648,DarkChem-31661259,cis-Aconitic acid,C6H6O6,[M-H]-,-1.0,173.0092,-1.0,134.3
3649,AllCCS-32859911,cis-Aconitic acid,C6H6O6,[M+H]+,1.0,175.0237,1.0,137.9
3650,AllCCS-32859911,cis-Aconitic acid,C6H6O6,[M-H]-,-1.0,173.0092,-1.0,129.6
3651,DeepCCS-30932474,cis-Aconitic acid,C6H6O6,[M+H]+,1.0,175.0237,1.0,132.4
3652,DeepCCS-30932474,cis-Aconitic acid,C6H6O6,[M-H]-,-1.0,173.0092,-1.0,128.7
3653,DeepCCS-30932474,cis-Aconitic acid,C6H6O6,[M-2H]2-,,86.5046,,166.3
3654,DeepCCS-30932474,cis-Aconitic acid,C6H6O6,[M+Na]+,1.0,197.0057,1.0,141.8
3656,AllCCS-32859911,cis-Aconitic acid,C6H6O6,[M+H-H2O]+,1.0,157.0131,1.0,134.0
3657,AllCCS-32859911,cis-Aconitic acid,C6H6O6,[M+NH4]+,1.0,192.0503,1.0,141.5
3658,AllCCS-32859911,cis-Aconitic acid,C6H6O6,[M+Na]+,1.0,197.0057,1.0,142.5
3660,AllCCS-32859911,cis-Aconitic acid,C6H6O6,[M+Na-2H]-,-1.0,194.9911,-1.0,131.0
3661,AllCCS-32859911,cis-Aconitic acid,C6H6O6,[M+HCOO]-,-1.0,219.0146,-1.0,132.6
3662,DarkChem-31661259,3-Phosphoglyceric acid,C3H7O7P,[M+H]+,1.0,187.0002,1.0,139.4
3663,DarkChem-31661259,3-Phosphoglyceric acid,C3H7O7P,[M-H]-,-1.0,184.9857,-1.0,131.6
3664,AllCCS-32859911,3-Phosphoglyceric acid,C3H7O7P,[M+H]+,1.0,187.0002,1.0,140.7
3665,AllCCS-32859911,3-Phosphoglyceric acid,C3H7O7P,[M-H]-,-1.0,184.9857,-1.0,130.3
3666,DeepCCS-30932474,3-Phosphoglyceric acid,C3H7O7P,[M+H]+,1.0,187.0002,1.0,126.5
3667,DeepCCS-30932474,3-Phosphoglyceric acid,C3H7O7P,[M-H]-,-1.0,184.9857,-1.0,122.8
3668,DeepCCS-30932474,3-Phosphoglyceric acid,C3H7O7P,[M-2H]2-,,92.4928,,160.2
3669,DeepCCS-30932474,3-Phosphoglyceric acid,C3H7O7P,[M+Na]+,1.0,208.9822,1.0,135.2
3671,AllCCS-32859911,3-Phosphoglyceric acid,C3H7O7P,[M+H-H2O]+,1.0,168.9897,1.0,136.9
3672,AllCCS-32859911,3-Phosphoglyceric acid,C3H7O7P,[M+NH4]+,1.0,204.0268,1.0,144.2
3673,AllCCS-32859911,3-Phosphoglyceric acid,C3H7O7P,[M+Na]+,1.0,208.9822,1.0,145.2
3675,AllCCS-32859911,3-Phosphoglyceric acid,C3H7O7P,[M+Na-2H]-,-1.0,206.9676,-1.0,132.2
3676,AllCCS-32859911,3-Phosphoglyceric acid,C3H7O7P,[M+HCOO]-,-1.0,230.9911,-1.0,134.3
3677,DarkChem-31661259,"2-Octaprenyl-3-methyl-6-methoxy-1,4-benzoquinol",C38H60O3,[M+H]+,1.0,565.4615,1.0,234.5
3678,DarkChem-31661259,"2-Octaprenyl-3-methyl-6-methoxy-1,4-benzoquinol",C38H60O3,[M-H]-,-1.0,563.447,-1.0,228.9
3679,DeepCCS-30932474,"2-Octaprenyl-3-methyl-6-methoxy-1,4-benzoquinol",C38H60O3,[M+H]+,1.0,565.4615,1.0,248.0
3680,DeepCCS-30932474,"2-Octaprenyl-3-methyl-6-methoxy-1,4-benzoquinol",C38H60O3,[M-H]-,-1.0,563.447,-1.0,245.6
3681,DeepCCS-30932474,"2-Octaprenyl-3-methyl-6-methoxy-1,4-benzoquinol",C38H60O3,[M-2H]2-,,281.7235,,278.5
3682,DeepCCS-30932474,"2-Octaprenyl-3-methyl-6-methoxy-1,4-benzoquinol",C38H60O3,[M+Na]+,1.0,587.4435,1.0,253.9
3683,AllCCS-32859911,"2-Octaprenyl-3-methyl-6-methoxy-1,4-benzoquinol",C38H60O3,[M+H]+,1.0,565.4615,1.0,250.5
3684,AllCCS-32859911,"2-Octaprenyl-3-methyl-6-methoxy-1,4-benzoquinol",C38H60O3,[M+H-H2O]+,1.0,547.451,1.0,249.0
3685,AllCCS-32859911,"2-Octaprenyl-3-methyl-6-methoxy-1,4-benzoquinol",C38H60O3,[M+NH4]+,1.0,582.4881,1.0,251.8
3686,AllCCS-32859911,"2-Octaprenyl-3-methyl-6-methoxy-1,4-benzoquinol",C38H60O3,[M+Na]+,1.0,587.4435,1.0,252.2
3687,AllCCS-32859911,"2-Octaprenyl-3-methyl-6-methoxy-1,4-benzoquinol",C38H60O3,[M-H]-,-1.0,563.447,-1.0,233.2
3688,AllCCS-32859911,"2-Octaprenyl-3-methyl-6-methoxy-1,4-benzoquinol",C38H60O3,[M+Na-2H]-,-1.0,585.4289,-1.0,237.6
3689,AllCCS-32859911,"2-Octaprenyl-3-methyl-6-methoxy-1,4-benzoquinol",C38H60O3,[M+HCOO]-,-1.0,609.4524,-1.0,242.6
3690,DarkChem-31661259,Glycolaldehyde,C2H4O2,[M+H]+,1.0,61.0284,1.0,108.2
3691,DarkChem-31661259,Glycolaldehyde,C2H4O2,[M-H]-,-1.0,59.0139,-1.0,100.2
3692,DeepCCS-30932474,Glycolaldehyde,C2H4O2,[M+H]+,1.0,61.0284,1.0,120.4
3693,DeepCCS-30932474,Glycolaldehyde,C2H4O2,[M-H]-,-1.0,59.0139,-1.0,118.5
3694,DeepCCS-30932474,Glycolaldehyde,C2H4O2,[M-2H]2-,,29.5069,,153.9
3695,DeepCCS-30932474,Glycolaldehyde,C2H4O2,[M+Na]+,1.0,83.0103,1.0,128.3
3696,AllCCS-32859911,Glycolaldehyde,C2H4O2,[M+H]+,1.0,61.0284,1.0,121.3
3697,AllCCS-32859911,Glycolaldehyde,C2H4O2,[M+H-H2O]+,1.0,43.0178,1.0,116.8
3698,AllCCS-32859911,Glycolaldehyde,C2H4O2,[M+NH4]+,1.0,78.055,1.0,125.6
3699,AllCCS-32859911,Glycolaldehyde,C2H4O2,[M+Na]+,1.0,83.0103,1.0,126.8
3700,AllCCS-32859911,Glycolaldehyde,C2H4O2,[M-H]-,-1.0,59.0139,-1.0,139.8
3701,AllCCS-32859911,Glycolaldehyde,C2H4O2,[M+Na-2H]-,-1.0,80.9958,-1.0,146.5
3702,AllCCS-32859911,Glycolaldehyde,C2H4O2,[M+HCOO]-,-1.0,105.0193,-1.0,153.9
3703,DarkChem-31661259,Allysine,C6H11NO3,[M+H]+,1.0,146.0812,1.0,132.3
3704,DarkChem-31661259,Allysine,C6H11NO3,[M-H]-,-1.0,144.0666,-1.0,129.6
3705,AllCCS-32859911,Allysine,C6H11NO3,[M+H]+,1.0,146.0812,1.0,133.6
3706,AllCCS-32859911,Allysine,C6H11NO3,[M-H]-,-1.0,144.0666,-1.0,129.1
3707,DeepCCS-30932474,Allysine,C6H11NO3,[M+H]+,1.0,146.0812,1.0,130.1
3708,DeepCCS-30932474,Allysine,C6H11NO3,[M-H]-,-1.0,144.0666,-1.0,126.2
3709,DeepCCS-30932474,Allysine,C6H11NO3,[M-2H]2-,,72.0333,,163.5
3710,DeepCCS-30932474,Allysine,C6H11NO3,[M+Na]+,1.0,168.0631,1.0,138.8
3712,AllCCS-32859911,Allysine,C6H11NO3,[M+H-H2O]+,1.0,128.0706,1.0,129.6
3713,AllCCS-32859911,Allysine,C6H11NO3,[M+NH4]+,1.0,163.1077,1.0,137.3
3714,AllCCS-32859911,Allysine,C6H11NO3,[M+Na]+,1.0,168.0631,1.0,138.4
3716,AllCCS-32859911,Allysine,C6H11NO3,[M+Na-2H]-,-1.0,166.0486,-1.0,131.3
3717,AllCCS-32859911,Allysine,C6H11NO3,[M+HCOO]-,-1.0,190.0721,-1.0,133.7
3718,DarkChem-31661259,1-Methylnicotinamide,C7H9N2O,[M+H]+,1.0,138.0788,1.0,130.4
3719,DarkChem-31661259,1-Methylnicotinamide,C7H9N2O,[M-H]-,-1.0,136.0642,-1.0,127.4
3720,AllCCS-32859911,1-Methylnicotinamide,C7H9N2O,[M+H]+,1.0,138.0788,1.0,126.6
3721,AllCCS-32859911,1-Methylnicotinamide,C7H9N2O,[M-H]-,-1.0,136.0642,-1.0,127.8
3722,DeepCCS-30932474,1-Methylnicotinamide,C7H9N2O,[M+H]+,1.0,138.0788,1.0,131.3
3723,DeepCCS-30932474,1-Methylnicotinamide,C7H9N2O,[M-H]-,-1.0,136.0642,-1.0,129.1
3724,DeepCCS-30932474,1-Methylnicotinamide,C7H9N2O,[M-2H]2-,,68.0321,,164.6
3725,DeepCCS-30932474,1-Methylnicotinamide,C7H9N2O,[M+Na]+,1.0,160.0607,1.0,138.9
3727,AllCCS-32859911,1-Methylnicotinamide,C7H9N2O,[M+H-H2O]+,1.0,120.0682,1.0,122.0
3728,AllCCS-32859911,1-Methylnicotinamide,C7H9N2O,[M+NH4]+,1.0,155.1053,1.0,131.0
3729,AllCCS-32859911,1-Methylnicotinamide,C7H9N2O,[M+Na]+,1.0,160.0607,1.0,132.3
3731,AllCCS-32859911,1-Methylnicotinamide,C7H9N2O,[M+Na-2H]-,-1.0,158.0462,-1.0,129.6
3732,AllCCS-32859911,1-Methylnicotinamide,C7H9N2O,[M+HCOO]-,-1.0,182.0697,-1.0,131.5
3733,DarkChem-31661259,"Adenosine 3',5'-diphosphate",C10H15N5O10P2,[M+H]+,1.0,428.0367,1.0,193.2
3734,DarkChem-31661259,"Adenosine 3',5'-diphosphate",C10H15N5O10P2,[M-H]-,-1.0,426.0221,-1.0,186.3
3735,AllCCS-32859911,"Adenosine 3',5'-diphosphate",C10H15N5O10P2,[M+H]+,1.0,428.0367,1.0,188.2
3736,AllCCS-32859911,"Adenosine 3',5'-diphosphate",C10H15N5O10P2,[M-H]-,-1.0,426.0221,-1.0,179.3
3737,DeepCCS-30932474,"Adenosine 3',5'-diphosphate",C10H15N5O10P2,[M+H]+,1.0,428.0367,1.0,169.0
3738,DeepCCS-30932474,"Adenosine 3',5'-diphosphate",C10H15N5O10P2,[M-H]-,-1.0,426.0221,-1.0,166.6
3739,DeepCCS-30932474,"Adenosine 3',5'-diphosphate",C10H15N5O10P2,[M-2H]2-,,213.0111,,199.5
3740,DeepCCS-30932474,"Adenosine 3',5'-diphosphate",C10H15N5O10P2,[M+Na]+,1.0,450.0186,1.0,175.9
3742,AllCCS-32859911,"Adenosine 3',5'-diphosphate",C10H15N5O10P2,[M+H-H2O]+,1.0,410.0261,1.0,185.8
3743,AllCCS-32859911,"Adenosine 3',5'-diphosphate",C10H15N5O10P2,[M+NH4]+,1.0,445.0632,1.0,190.3
3744,AllCCS-32859911,"Adenosine 3',5'-diphosphate",C10H15N5O10P2,[M+Na]+,1.0,450.0186,1.0,191.0
3746,AllCCS-32859911,"Adenosine 3',5'-diphosphate",C10H15N5O10P2,[M+Na-2H]-,-1.0,448.0041,-1.0,179.1
3747,AllCCS-32859911,"Adenosine 3',5'-diphosphate",C10H15N5O10P2,[M+HCOO]-,-1.0,472.0276,-1.0,179.0
3748,DarkChem-31661259,SAICAR,C13H19N4O12P,[M+H]+,1.0,455.081,1.0,203.7
3749,DarkChem-31661259,SAICAR,C13H19N4O12P,[M-H]-,-1.0,453.0664,-1.0,195.8
3750,AllCCS-32859911,SAICAR,C13H19N4O12P,[M+H]+,1.0,455.081,1.0,192.7
3751,AllCCS-32859911,SAICAR,C13H19N4O12P,[M-H]-,-1.0,453.0664,-1.0,190.7
3752,DeepCCS-30932474,SAICAR,C13H19N4O12P,[M+H]+,1.0,455.081,1.0,179.2
3753,DeepCCS-30932474,SAICAR,C13H19N4O12P,[M-H]-,-1.0,453.0664,-1.0,176.8
3754,DeepCCS-30932474,SAICAR,C13H19N4O12P,[M-2H]2-,,226.5332,,210.1
3755,DeepCCS-30932474,SAICAR,C13H19N4O12P,[M+Na]+,1.0,477.0629,1.0,185.1
3757,AllCCS-32859911,SAICAR,C13H19N4O12P,[M+H-H2O]+,1.0,437.0704,1.0,190.7
3758,AllCCS-32859911,SAICAR,C13H19N4O12P,[M+NH4]+,1.0,472.1075,1.0,194.5
3759,AllCCS-32859911,SAICAR,C13H19N4O12P,[M+Na]+,1.0,477.0629,1.0,195.0
3761,AllCCS-32859911,SAICAR,C13H19N4O12P,[M+Na-2H]-,-1.0,475.0484,-1.0,190.8
3762,AllCCS-32859911,SAICAR,C13H19N4O12P,[M+HCOO]-,-1.0,499.0719,-1.0,191.0
3763,DeepCCS-30932474,L-Acetylcarnitine,C9H17NO4,[M+H]+,1.0,204.123,1.0,149.2
3764,DeepCCS-30932474,L-Acetylcarnitine,C9H17NO4,[M-H]-,-1.0,202.1085,-1.0,147.1
3765,DeepCCS-30932474,L-Acetylcarnitine,C9H17NO4,[M-2H]2-,,101.0542,,180.3
3766,DeepCCS-30932474,L-Acetylcarnitine,C9H17NO4,[M+Na]+,1.0,226.105,1.0,155.1
3767,AllCCS-32859911,L-Acetylcarnitine,C9H17NO4,[M+H]+,1.0,204.123,1.0,145.9
3768,AllCCS-32859911,L-Acetylcarnitine,C9H17NO4,[M+H-H2O]+,1.0,186.1125,1.0,142.5
3769,AllCCS-32859911,L-Acetylcarnitine,C9H17NO4,[M+NH4]+,1.0,221.1496,1.0,149.1
3770,AllCCS-32859911,L-Acetylcarnitine,C9H17NO4,[M+Na]+,1.0,226.105,1.0,150.0
3771,AllCCS-32859911,L-Acetylcarnitine,C9H17NO4,[M-H]-,-1.0,202.1085,-1.0,153.8
3772,AllCCS-32859911,L-Acetylcarnitine,C9H17NO4,[M+Na-2H]-,-1.0,224.0904,-1.0,155.1
3773,AllCCS-32859911,L-Acetylcarnitine,C9H17NO4,[M+HCOO]-,-1.0,248.114,-1.0,156.6
3774,DarkChem-31661259,Inosinic acid,C10H13N4O8P,[M+H]+,1.0,349.0544,1.0,176.8
3775,DarkChem-31661259,Inosinic acid,C10H13N4O8P,[M-H]-,-1.0,347.0398,-1.0,169.5
3776,AllCCS-32859911,Inosinic acid,C10H13N4O8P,[M+H]+,1.0,349.0544,1.0,174.6
3777,AllCCS-32859911,Inosinic acid,C10H13N4O8P,[M-H]-,-1.0,347.0398,-1.0,169.3
3778,DeepCCS-30932474,Inosinic acid,C10H13N4O8P,[M+H]+,1.0,349.0544,1.0,159.1
3779,DeepCCS-30932474,Inosinic acid,C10H13N4O8P,[M-H]-,-1.0,347.0398,-1.0,156.7
3780,DeepCCS-30932474,Inosinic acid,C10H13N4O8P,[M-2H]2-,,173.5199,,190.6
3781,DeepCCS-30932474,Inosinic acid,C10H13N4O8P,[M+Na]+,1.0,371.0363,1.0,165.2
3783,AllCCS-32859911,Inosinic acid,C10H13N4O8P,[M+H-H2O]+,1.0,331.0438,1.0,171.7
3784,AllCCS-32859911,Inosinic acid,C10H13N4O8P,[M+NH4]+,1.0,366.0809,1.0,177.3
3785,AllCCS-32859911,Inosinic acid,C10H13N4O8P,[M+Na]+,1.0,371.0363,1.0,178.1
3787,AllCCS-32859911,Inosinic acid,C10H13N4O8P,[M+Na-2H]-,-1.0,369.0218,-1.0,168.9
3788,AllCCS-32859911,Inosinic acid,C10H13N4O8P,[M+HCOO]-,-1.0,393.0453,-1.0,168.5
3789,DarkChem-31661259,Ornithine,C5H12N2O2,[M+H]+,1.0,133.0972,1.0,129.6
3791,DarkChem-31661259,Ornithine,C5H12N2O2,[M-H]-,-1.0,131.0826,-1.0,123.7
3793,AllCCS-32859911,Ornithine,C5H12N2O2,[M+H]+,1.0,133.0972,1.0,130.7
3794,AllCCS-32859911,Ornithine,C5H12N2O2,[M-H]-,-1.0,131.0826,-1.0,125.0
3795,DeepCCS-30932474,Ornithine,C5H12N2O2,[M+H]+,1.0,133.0972,1.0,126.8
3796,DeepCCS-30932474,Ornithine,C5H12N2O2,[M-H]-,-1.0,131.0826,-1.0,123.6
3797,DeepCCS-30932474,Ornithine,C5H12N2O2,[M-2H]2-,,65.5413,,160.6
3798,DeepCCS-30932474,Ornithine,C5H12N2O2,[M+Na]+,1.0,155.0791,1.0,135.4
3800,AllCCS-32859911,Ornithine,C5H12N2O2,[M+H-H2O]+,1.0,115.0866,1.0,126.7
3801,AllCCS-32859911,Ornithine,C5H12N2O2,[M+NH4]+,1.0,150.1237,1.0,134.6
3802,AllCCS-32859911,Ornithine,C5H12N2O2,[M+Na]+,1.0,155.0791,1.0,135.7
3804,AllCCS-32859911,Ornithine,C5H12N2O2,[M+Na-2H]-,-1.0,153.0645,-1.0,127.6
3805,AllCCS-32859911,Ornithine,C5H12N2O2,[M+HCOO]-,-1.0,177.0881,-1.0,130.5
3806,DarkChem-31661259,Indoleacetaldehyde,C10H9NO,[M+H]+,1.0,160.0757,1.0,133.6
3807,DarkChem-31661259,Indoleacetaldehyde,C10H9NO,[M-H]-,-1.0,158.0611,-1.0,132.2
3808,AllCCS-32859911,Indoleacetaldehyde,C10H9NO,[M+H]+,1.0,160.0757,1.0,134.0
3809,AllCCS-32859911,Indoleacetaldehyde,C10H9NO,[M-H]-,-1.0,158.0611,-1.0,134.3
3810,DeepCCS-30932474,Indoleacetaldehyde,C10H9NO,[M+H]+,1.0,160.0757,1.0,134.2
3811,DeepCCS-30932474,Indoleacetaldehyde,C10H9NO,[M-H]-,-1.0,158.0611,-1.0,130.4
3812,DeepCCS-30932474,Indoleacetaldehyde,C10H9NO,[M-2H]2-,,79.0306,,168.0
3813,DeepCCS-30932474,Indoleacetaldehyde,C10H9NO,[M+Na]+,1.0,182.0576,1.0,143.3
3815,AllCCS-32859911,Indoleacetaldehyde,C10H9NO,[M+H-H2O]+,1.0,142.0651,1.0,129.4
3816,AllCCS-32859911,Indoleacetaldehyde,C10H9NO,[M+NH4]+,1.0,177.1022,1.0,138.2
3817,AllCCS-32859911,Indoleacetaldehyde,C10H9NO,[M+Na]+,1.0,182.0576,1.0,139.5
3819,AllCCS-32859911,Indoleacetaldehyde,C10H9NO,[M+Na-2H]-,-1.0,180.0431,-1.0,134.9
3820,AllCCS-32859911,Indoleacetaldehyde,C10H9NO,[M+HCOO]-,-1.0,204.0666,-1.0,135.6
3821,DarkChem-31661259,O-Phospho-4-hydroxy-L-threonine,C4H10NO7P,[M+H]+,1.0,216.0268,1.0,145.7
3822,DarkChem-31661259,O-Phospho-4-hydroxy-L-threonine,C4H10NO7P,[M-H]-,-1.0,214.0122,-1.0,140.2
3823,DeepCCS-30932474,O-Phospho-4-hydroxy-L-threonine,C4H10NO7P,[M+H]+,1.0,216.0268,1.0,140.2
3824,DeepCCS-30932474,O-Phospho-4-hydroxy-L-threonine,C4H10NO7P,[M-H]-,-1.0,214.0122,-1.0,137.8
3825,DeepCCS-30932474,O-Phospho-4-hydroxy-L-threonine,C4H10NO7P,[M-2H]2-,,107.0061,,171.3
3826,DeepCCS-30932474,O-Phospho-4-hydroxy-L-threonine,C4H10NO7P,[M+Na]+,1.0,238.0087,1.0,146.1
3827,AllCCS-32859911,O-Phospho-4-hydroxy-L-threonine,C4H10NO7P,[M+H]+,1.0,216.0268,1.0,146.3
3828,AllCCS-32859911,O-Phospho-4-hydroxy-L-threonine,C4H10NO7P,[M+H-H2O]+,1.0,198.0162,1.0,142.7
3829,AllCCS-32859911,O-Phospho-4-hydroxy-L-threonine,C4H10NO7P,[M+NH4]+,1.0,233.0533,1.0,149.6
3830,AllCCS-32859911,O-Phospho-4-hydroxy-L-threonine,C4H10NO7P,[M+Na]+,1.0,238.0087,1.0,150.5
3831,AllCCS-32859911,O-Phospho-4-hydroxy-L-threonine,C4H10NO7P,[M-H]-,-1.0,214.0122,-1.0,136.5
3832,AllCCS-32859911,O-Phospho-4-hydroxy-L-threonine,C4H10NO7P,[M+Na-2H]-,-1.0,235.9942,-1.0,137.7
3833,AllCCS-32859911,O-Phospho-4-hydroxy-L-threonine,C4H10NO7P,[M+HCOO]-,-1.0,260.0177,-1.0,139.2
3834,DeepCCS-30932474,Dephospho-CoA,C21H35N7O13P2S,[M+H]+,1.0,688.1562,1.0,221.8
3835,DeepCCS-30932474,Dephospho-CoA,C21H35N7O13P2S,[M-H]-,-1.0,686.1416,-1.0,219.9
3836,DeepCCS-30932474,Dephospho-CoA,C21H35N7O13P2S,[M-2H]2-,,343.0708,,253.4
3837,DeepCCS-30932474,Dephospho-CoA,C21H35N7O13P2S,[M+Na]+,1.0,710.1381,1.0,227.6
3838,AllCCS-32859911,Dephospho-CoA,C21H35N7O13P2S,[M+H]+,1.0,688.1562,1.0,233.9
3839,AllCCS-32859911,Dephospho-CoA,C21H35N7O13P2S,[M+H-H2O]+,1.0,670.1456,1.0,233.6
3840,AllCCS-32859911,Dephospho-CoA,C21H35N7O13P2S,[M+NH4]+,1.0,705.1827,1.0,234.2
3841,AllCCS-32859911,Dephospho-CoA,C21H35N7O13P2S,[M+Na]+,1.0,710.1381,1.0,234.3
3842,AllCCS-32859911,Dephospho-CoA,C21H35N7O13P2S,[M-H]-,-1.0,686.1416,-1.0,232.3
3843,AllCCS-32859911,Dephospho-CoA,C21H35N7O13P2S,[M+Na-2H]-,-1.0,708.1235,-1.0,235.2
3844,AllCCS-32859911,Dephospho-CoA,C21H35N7O13P2S,[M+HCOO]-,-1.0,732.1471,-1.0,238.5
3845,DeepCCS-30932474,Calcium,Ca,[M+H]+,1.0,40.9699,1.0,109.7
3846,DeepCCS-30932474,Calcium,Ca,[M-H]-,-1.0,38.9553,-1.0,108.0
3847,DeepCCS-30932474,Calcium,Ca,[M-2H]2-,,19.4777,,143.2
3848,DeepCCS-30932474,Calcium,Ca,[M+Na]+,1.0,62.9518,1.0,116.5
3849,DarkChem-31661259,Adenosine diphosphate ribose,C15H23N5O14P2,[M+H]+,1.0,560.0789,1.0,221.8
3850,DarkChem-31661259,Adenosine diphosphate ribose,C15H23N5O14P2,[M-H]-,-1.0,558.0644,-1.0,207.2
3851,AllCCS-32859911,Adenosine diphosphate ribose,C15H23N5O14P2,[M+H]+,1.0,560.0789,1.0,214.8
3852,AllCCS-32859911,Adenosine diphosphate ribose,C15H23N5O14P2,[M-H]-,-1.0,558.0644,-1.0,205.3
3853,DeepCCS-30932474,Adenosine diphosphate ribose,C15H23N5O14P2,[M+H]+,1.0,560.0789,1.0,183.3
3854,DeepCCS-30932474,Adenosine diphosphate ribose,C15H23N5O14P2,[M-H]-,-1.0,558.0644,-1.0,180.2
3855,DeepCCS-30932474,Adenosine diphosphate ribose,C15H23N5O14P2,[M-2H]2-,,279.0322,,214.5
3856,DeepCCS-30932474,Adenosine diphosphate ribose,C15H23N5O14P2,[M+Na]+,1.0,582.0609,1.0,190.8
3858,AllCCS-32859911,Adenosine diphosphate ribose,C15H23N5O14P2,[M+H-H2O]+,1.0,542.0684,1.0,213.4
3859,AllCCS-32859911,Adenosine diphosphate ribose,C15H23N5O14P2,[M+NH4]+,1.0,577.1055,1.0,216.1
3860,AllCCS-32859911,Adenosine diphosphate ribose,C15H23N5O14P2,[M+Na]+,1.0,582.0609,1.0,216.5
3862,AllCCS-32859911,Adenosine diphosphate ribose,C15H23N5O14P2,[M+Na-2H]-,-1.0,580.0463,-1.0,205.9
3863,AllCCS-32859911,Adenosine diphosphate ribose,C15H23N5O14P2,[M+HCOO]-,-1.0,604.0699,-1.0,206.8
3864,DarkChem-31661259,Xylulose 5-phosphate,C5H11O8P,[M+H]+,1.0,231.0264,1.0,154.8
3865,DarkChem-31661259,Xylulose 5-phosphate,C5H11O8P,[M-H]-,-1.0,229.0119,-1.0,146.7
3866,AllCCS-32859911,Xylulose 5-phosphate,C5H11O8P,[M+H]+,1.0,231.0264,1.0,148.3
3867,AllCCS-32859911,Xylulose 5-phosphate,C5H11O8P,[M-H]-,-1.0,229.0119,-1.0,140.1
3868,DeepCCS-30932474,Xylulose 5-phosphate,C5H11O8P,[M+H]+,1.0,231.0264,1.0,138.0
3869,DeepCCS-30932474,Xylulose 5-phosphate,C5H11O8P,[M-H]-,-1.0,229.0119,-1.0,135.7
3870,DeepCCS-30932474,Xylulose 5-phosphate,C5H11O8P,[M-2H]2-,,114.5059,,168.7
3871,DeepCCS-30932474,Xylulose 5-phosphate,C5H11O8P,[M+Na]+,1.0,253.0084,1.0,144.1
3873,AllCCS-32859911,Xylulose 5-phosphate,C5H11O8P,[M+H-H2O]+,1.0,213.0159,1.0,144.8
3874,AllCCS-32859911,Xylulose 5-phosphate,C5H11O8P,[M+NH4]+,1.0,248.053,1.0,151.6
3875,AllCCS-32859911,Xylulose 5-phosphate,C5H11O8P,[M+Na]+,1.0,253.0084,1.0,152.5
3877,AllCCS-32859911,Xylulose 5-phosphate,C5H11O8P,[M+Na-2H]-,-1.0,250.9938,-1.0,141.1
3878,AllCCS-32859911,Xylulose 5-phosphate,C5H11O8P,[M+HCOO]-,-1.0,275.0174,-1.0,142.2
3879,DarkChem-31661259,Pyridoxal 5'-phosphate,C8H10NO6P,[M+H]+,1.0,248.0318,1.0,152.8
3880,DarkChem-31661259,Pyridoxal 5'-phosphate,C8H10NO6P,[M-H]-,-1.0,246.0173,-1.0,149.6
3881,AllCCS-32859911,Pyridoxal 5'-phosphate,C8H10NO6P,[M+H]+,1.0,248.0318,1.0,152.9
3882,AllCCS-32859911,Pyridoxal 5'-phosphate,C8H10NO6P,[M-H]-,-1.0,246.0173,-1.0,147.7
3883,DeepCCS-30932474,Pyridoxal 5'-phosphate,C8H10NO6P,[M+H]+,1.0,248.0318,1.0,147.6
3884,DeepCCS-30932474,Pyridoxal 5'-phosphate,C8H10NO6P,[M-H]-,-1.0,246.0173,-1.0,145.3
3885,DeepCCS-30932474,Pyridoxal 5'-phosphate,C8H10NO6P,[M-2H]2-,,123.0086,,179.6
3886,DeepCCS-30932474,Pyridoxal 5'-phosphate,C8H10NO6P,[M+Na]+,1.0,270.0138,1.0,154.8
3888,AllCCS-32859911,Pyridoxal 5'-phosphate,C8H10NO6P,[M+H-H2O]+,1.0,230.0213,1.0,149.2
3889,AllCCS-32859911,Pyridoxal 5'-phosphate,C8H10NO6P,[M+NH4]+,1.0,265.0584,1.0,156.4
3890,AllCCS-32859911,Pyridoxal 5'-phosphate,C8H10NO6P,[M+Na]+,1.0,270.0138,1.0,157.4
3892,AllCCS-32859911,Pyridoxal 5'-phosphate,C8H10NO6P,[M+Na-2H]-,-1.0,267.9992,-1.0,148.1
3893,AllCCS-32859911,Pyridoxal 5'-phosphate,C8H10NO6P,[M+HCOO]-,-1.0,292.0228,-1.0,148.6
3894,DarkChem-31661259,L-Tyrosine,C9H11NO3,[M+H]+,1.0,182.0812,1.0,141.8
3895,DarkChem-31661259,L-Tyrosine,C9H11NO3,[M-H]-,-1.0,180.0666,-1.0,139.5
3896,AllCCS-32859911,L-Tyrosine,C9H11NO3,[M+H]+,1.0,182.0812,1.0,140.5
3897,AllCCS-32859911,L-Tyrosine,C9H11NO3,[M-H]-,-1.0,180.0666,-1.0,138.7
3898,DeepCCS-30932474,L-Tyrosine,C9H11NO3,[M+H]+,1.0,182.0812,1.0,138.9
3899,DeepCCS-30932474,L-Tyrosine,C9H11NO3,[M+H]+,1.0,182.0812,1.0,135.3
3900,DeepCCS-30932474,L-Tyrosine,C9H11NO3,[M-H]-,-1.0,180.0666,-1.0,136.5
3901,DeepCCS-30932474,L-Tyrosine,C9H11NO3,[M-H]-,-1.0,180.0666,-1.0,131.5
3902,DeepCCS-30932474,L-Tyrosine,C9H11NO3,[M-2H]2-,,90.0333,,171.9
3903,DeepCCS-30932474,L-Tyrosine,C9H11NO3,[M+Na]+,1.0,204.0631,1.0,146.6
3904,DeepCCS-30932474,L-Tyrosine,C9H11NO3,[M-2H]2-,,90.0333,,168.8
3905,DeepCCS-30932474,L-Tyrosine,C9H11NO3,[M+Na]+,1.0,204.0631,1.0,144.4
3907,AllCCS-32859911,L-Tyrosine,C9H11NO3,[M+H-H2O]+,1.0,164.0706,1.0,136.3
3908,AllCCS-32859911,L-Tyrosine,C9H11NO3,[M+NH4]+,1.0,199.1077,1.0,144.4
3909,AllCCS-32859911,L-Tyrosine,C9H11NO3,[M+Na]+,1.0,204.0631,1.0,145.5
3911,AllCCS-32859911,L-Tyrosine,C9H11NO3,[M+Na-2H]-,-1.0,202.0486,-1.0,139.6
3912,AllCCS-32859911,L-Tyrosine,C9H11NO3,[M+HCOO]-,-1.0,226.0721,-1.0,140.6
3913,DarkChem-31661259,alpha-Ketoisovaleric acid,C5H8O3,[M+H]+,1.0,117.0546,1.0,124.0
3914,DarkChem-31661259,alpha-Ketoisovaleric acid,C5H8O3,[M-H]-,-1.0,115.0401,-1.0,119.6
3915,AllCCS-32859911,alpha-Ketoisovaleric acid,C5H8O3,[M+H]+,1.0,117.0546,1.0,127.9
3916,AllCCS-32859911,alpha-Ketoisovaleric acid,C5H8O3,[M-H]-,-1.0,115.0401,-1.0,124.4
3917,DeepCCS-30932474,alpha-Ketoisovaleric acid,C5H8O3,[M+H]+,1.0,117.0546,1.0,125.9
3918,DeepCCS-30932474,alpha-Ketoisovaleric acid,C5H8O3,[M-H]-,-1.0,115.0401,-1.0,123.1
3919,DeepCCS-30932474,alpha-Ketoisovaleric acid,C5H8O3,[M-2H]2-,,57.52,,159.6
3920,DeepCCS-30932474,alpha-Ketoisovaleric acid,C5H8O3,[M+Na]+,1.0,139.0366,1.0,134.4
3922,AllCCS-32859911,alpha-Ketoisovaleric acid,C5H8O3,[M+H-H2O]+,1.0,99.0441,1.0,123.7
3923,AllCCS-32859911,alpha-Ketoisovaleric acid,C5H8O3,[M+NH4]+,1.0,134.0812,1.0,131.8
3924,AllCCS-32859911,alpha-Ketoisovaleric acid,C5H8O3,[M+Na]+,1.0,139.0366,1.0,132.9
3926,AllCCS-32859911,alpha-Ketoisovaleric acid,C5H8O3,[M+Na-2H]-,-1.0,137.022,-1.0,127.7
3927,AllCCS-32859911,alpha-Ketoisovaleric acid,C5H8O3,[M+HCOO]-,-1.0,161.0455,-1.0,131.3
3928,DarkChem-31661259,N1-Acetylspermidine,C9H21N3O,[M+H]+,1.0,188.1757,1.0,142.7
3929,DarkChem-31661259,N1-Acetylspermidine,C9H21N3O,[M-H]-,-1.0,186.1612,-1.0,140.4
3930,AllCCS-32859911,N1-Acetylspermidine,C9H21N3O,[M+H]+,1.0,188.1757,1.0,142.9
3931,AllCCS-32859911,N1-Acetylspermidine,C9H21N3O,[M-H]-,-1.0,186.1612,-1.0,146.8
3932,DeepCCS-30932474,N1-Acetylspermidine,C9H21N3O,[M+H]+,1.0,188.1757,1.0,145.1
3933,DeepCCS-30932474,N1-Acetylspermidine,C9H21N3O,[M-H]-,-1.0,186.1612,-1.0,142.2
3934,DeepCCS-30932474,N1-Acetylspermidine,C9H21N3O,[M-2H]2-,,93.0806,,178.6
3935,DeepCCS-30932474,N1-Acetylspermidine,C9H21N3O,[M+Na]+,1.0,210.1577,1.0,154.2
3937,AllCCS-32859911,N1-Acetylspermidine,C9H21N3O,[M+H-H2O]+,1.0,170.1652,1.0,139.4
3938,AllCCS-32859911,N1-Acetylspermidine,C9H21N3O,[M+NH4]+,1.0,205.2023,1.0,146.2
3939,AllCCS-32859911,N1-Acetylspermidine,C9H21N3O,[M+Na]+,1.0,210.1577,1.0,147.1
3941,AllCCS-32859911,N1-Acetylspermidine,C9H21N3O,[M+Na-2H]-,-1.0,208.1431,-1.0,148.4
3942,AllCCS-32859911,N1-Acetylspermidine,C9H21N3O,[M+HCOO]-,-1.0,232.1667,-1.0,150.2
3943,DarkChem-31661259,Diacetyl,C4H6O2,[M+H]+,1.0,87.0441,1.0,116.3
3944,DarkChem-31661259,Diacetyl,C4H6O2,[M-H]-,-1.0,85.0295,-1.0,110.6
3945,DeepCCS-30932474,Diacetyl,C4H6O2,[M+H]+,1.0,87.0441,1.0,121.1
3946,DeepCCS-30932474,Diacetyl,C4H6O2,[M-H]-,-1.0,85.0295,-1.0,119.2
3947,DeepCCS-30932474,Diacetyl,C4H6O2,[M-2H]2-,,42.5148,,154.7
3948,DeepCCS-30932474,Diacetyl,C4H6O2,[M+Na]+,1.0,109.026,1.0,129.2
3949,AllCCS-32859911,Diacetyl,C4H6O2,[M+H]+,1.0,87.0441,1.0,123.0
3950,AllCCS-32859911,Diacetyl,C4H6O2,[M+H-H2O]+,1.0,69.0335,1.0,118.6
3951,AllCCS-32859911,Diacetyl,C4H6O2,[M+NH4]+,1.0,104.0706,1.0,127.2
3952,AllCCS-32859911,Diacetyl,C4H6O2,[M+Na]+,1.0,109.026,1.0,128.3
3953,AllCCS-32859911,Diacetyl,C4H6O2,[M-H]-,-1.0,85.0295,-1.0,124.4
3954,AllCCS-32859911,Diacetyl,C4H6O2,[M+Na-2H]-,-1.0,107.0114,-1.0,129.0
3955,AllCCS-32859911,Diacetyl,C4H6O2,[M+HCOO]-,-1.0,131.035,-1.0,134.1
3956,DarkChem-31661259,3-Isopropylmalic acid,C7H12O5,[M+H]+,1.0,177.0757,1.0,143.3
3957,DarkChem-31661259,3-Isopropylmalic acid,C7H12O5,[M-H]-,-1.0,175.0612,-1.0,138.7
3958,DeepCCS-30932474,3-Isopropylmalic acid,C7H12O5,[M+H]+,1.0,177.0757,1.0,139.6
3959,DeepCCS-30932474,3-Isopropylmalic acid,C7H12O5,[M-H]-,-1.0,175.0612,-1.0,137.2
3960,DeepCCS-30932474,3-Isopropylmalic acid,C7H12O5,[M-2H]2-,,87.5306,,170.3
3961,DeepCCS-30932474,3-Isopropylmalic acid,C7H12O5,[M+Na]+,1.0,199.0577,1.0,145.5
3962,AllCCS-32859911,3-Isopropylmalic acid,C7H12O5,[M+H]+,1.0,177.0757,1.0,139.6
3963,AllCCS-32859911,3-Isopropylmalic acid,C7H12O5,[M+H-H2O]+,1.0,159.0652,1.0,135.9
3964,AllCCS-32859911,3-Isopropylmalic acid,C7H12O5,[M+NH4]+,1.0,194.1023,1.0,143.2
3965,AllCCS-32859911,3-Isopropylmalic acid,C7H12O5,[M+Na]+,1.0,199.0577,1.0,144.2
3966,AllCCS-32859911,3-Isopropylmalic acid,C7H12O5,[M-H]-,-1.0,175.0612,-1.0,134.5
3967,AllCCS-32859911,3-Isopropylmalic acid,C7H12O5,[M+Na-2H]-,-1.0,197.0431,-1.0,136.1
3968,AllCCS-32859911,3-Isopropylmalic acid,C7H12O5,[M+HCOO]-,-1.0,221.0667,-1.0,138.0
3969,DarkChem-31661259,Histidine,C6H9N3O2,[M+H]+,1.0,156.0768,1.0,133.8
3970,DarkChem-31661259,Histidine,C6H9N3O2,[M-H]-,-1.0,154.0622,-1.0,131.5
3971,AllCCS-32859911,Histidine,C6H9N3O2,[M+H]+,1.0,156.0768,1.0,134.4
3972,AllCCS-32859911,Histidine,C6H9N3O2,[M-H]-,-1.0,154.0622,-1.0,129.3
3973,DeepCCS-30932474,Histidine,C6H9N3O2,[M+H]+,1.0,156.0768,1.0,129.1
3974,DeepCCS-30932474,Histidine,C6H9N3O2,[M+H]+,1.0,156.0768,1.0,125.2
3975,DeepCCS-30932474,Histidine,C6H9N3O2,[M-H]-,-1.0,154.0622,-1.0,125.2
3976,DeepCCS-30932474,Histidine,C6H9N3O2,[M-H]-,-1.0,154.0622,-1.0,121.6
3977,DeepCCS-30932474,Histidine,C6H9N3O2,[M-2H]2-,,77.0311,,162.8
3978,DeepCCS-30932474,Histidine,C6H9N3O2,[M+Na]+,1.0,178.0587,1.0,138.3
3979,DeepCCS-30932474,Histidine,C6H9N3O2,[M-2H]2-,,77.0311,,158.9
3980,DeepCCS-30932474,Histidine,C6H9N3O2,[M+Na]+,1.0,178.0587,1.0,134.1
3982,AllCCS-32859911,Histidine,C6H9N3O2,[M+H-H2O]+,1.0,138.0662,1.0,130.1
3983,AllCCS-32859911,Histidine,C6H9N3O2,[M+NH4]+,1.0,173.1033,1.0,138.5
3984,AllCCS-32859911,Histidine,C6H9N3O2,[M+Na]+,1.0,178.0587,1.0,139.6
3986,AllCCS-32859911,Histidine,C6H9N3O2,[M+Na-2H]-,-1.0,176.0441,-1.0,130.7
3987,AllCCS-32859911,Histidine,C6H9N3O2,[M+HCOO]-,-1.0,200.0677,-1.0,132.2
3988,DeepCCS-30932474,Homocysteine,C4H9NO2S,[M+H]+,1.0,136.0427,1.0,127.2
3989,DeepCCS-30932474,Homocysteine,C4H9NO2S,[M-H]-,-1.0,134.0281,-1.0,123.6
3990,DeepCCS-30932474,Homocysteine,C4H9NO2S,[M-2H]2-,,67.0141,,160.5
3991,DeepCCS-30932474,Homocysteine,C4H9NO2S,[M+Na]+,1.0,158.0246,1.0,135.7
3992,AllCCS-32859911,Homocysteine,C4H9NO2S,[M+H]+,1.0,136.0427,1.0,131.8
3993,AllCCS-32859911,Homocysteine,C4H9NO2S,[M+H-H2O]+,1.0,118.0321,1.0,127.7
3994,AllCCS-32859911,Homocysteine,C4H9NO2S,[M+NH4]+,1.0,153.0692,1.0,135.5
3995,AllCCS-32859911,Homocysteine,C4H9NO2S,[M+Na]+,1.0,158.0246,1.0,136.6
3996,AllCCS-32859911,Homocysteine,C4H9NO2S,[M-H]-,-1.0,134.0281,-1.0,130.2
3997,AllCCS-32859911,Homocysteine,C4H9NO2S,[M+Na-2H]-,-1.0,156.0101,-1.0,133.5
3998,AllCCS-32859911,Homocysteine,C4H9NO2S,[M+HCOO]-,-1.0,180.0336,-1.0,137.1
3999,DeepCCS-30932474,Superoxide,O2,[M+H]+,1.0,32.9971,1.0,109.7
4000,DeepCCS-30932474,Superoxide,O2,[M-H]-,-1.0,30.9826,-1.0,108.0
4001,DeepCCS-30932474,Superoxide,O2,[M-2H]2-,,15.4913,,143.1
4002,DeepCCS-30932474,Superoxide,O2,[M+Na]+,1.0,54.979,1.0,116.5
4003,DarkChem-31661259,Glycineamideribotide,C7H15N2O8P,[M+H]+,1.0,287.0639,1.0,166.3
4004,DarkChem-31661259,Glycineamideribotide,C7H15N2O8P,[M-H]-,-1.0,285.0493,-1.0,160.1
4005,DeepCCS-30932474,Glycineamideribotide,C7H15N2O8P,[M+H]+,1.0,287.0639,1.0,154.7
4006,DeepCCS-30932474,Glycineamideribotide,C7H15N2O8P,[M-H]-,-1.0,285.0493,-1.0,152.3
4007,DeepCCS-30932474,Glycineamideribotide,C7H15N2O8P,[M-2H]2-,,142.5247,,186.9
4008,DeepCCS-30932474,Glycineamideribotide,C7H15N2O8P,[M+Na]+,1.0,309.0458,1.0,161.8
4009,AllCCS-32859911,Glycineamideribotide,C7H15N2O8P,[M+H]+,1.0,287.0639,1.0,160.5
4010,AllCCS-32859911,Glycineamideribotide,C7H15N2O8P,[M+H-H2O]+,1.0,269.0533,1.0,157.2
4011,AllCCS-32859911,Glycineamideribotide,C7H15N2O8P,[M+NH4]+,1.0,304.0904,1.0,163.5
4012,AllCCS-32859911,Glycineamideribotide,C7H15N2O8P,[M+Na]+,1.0,309.0458,1.0,164.4
4013,AllCCS-32859911,Glycineamideribotide,C7H15N2O8P,[M-H]-,-1.0,285.0493,-1.0,155.9
4014,AllCCS-32859911,Glycineamideribotide,C7H15N2O8P,[M+Na-2H]-,-1.0,307.0313,-1.0,156.0
4015,AllCCS-32859911,Glycineamideribotide,C7H15N2O8P,[M+HCOO]-,-1.0,331.0548,-1.0,156.2
4016,DarkChem-31661259,Kynurenine,C10H12N2O3,[M+H]+,1.0,209.0921,1.0,148.7
4017,DarkChem-31661259,Kynurenine,C10H12N2O3,[M-H]-,-1.0,207.0775,-1.0,146.3
4018,AllCCS-32859911,Kynurenine,C10H12N2O3,[M+H]+,1.0,209.0921,1.0,146.9
4019,AllCCS-32859911,Kynurenine,C10H12N2O3,[M-H]-,-1.0,207.0775,-1.0,144.9
4020,DeepCCS-30932474,Kynurenine,C10H12N2O3,[M+H]+,1.0,209.0921,1.0,144.3
4021,DeepCCS-30932474,Kynurenine,C10H12N2O3,[M-H]-,-1.0,207.0775,-1.0,141.9
4022,DeepCCS-30932474,Kynurenine,C10H12N2O3,[M-2H]2-,,103.5388,,175.6
4023,DeepCCS-30932474,Kynurenine,C10H12N2O3,[M+Na]+,1.0,231.074,1.0,150.3
4025,AllCCS-32859911,Kynurenine,C10H12N2O3,[M+H-H2O]+,1.0,191.0815,1.0,143.0
4026,AllCCS-32859911,Kynurenine,C10H12N2O3,[M+NH4]+,1.0,226.1186,1.0,150.6
4027,AllCCS-32859911,Kynurenine,C10H12N2O3,[M+Na]+,1.0,231.074,1.0,151.7
4029,AllCCS-32859911,Kynurenine,C10H12N2O3,[M+Na-2H]-,-1.0,229.0595,-1.0,145.4
4030,AllCCS-32859911,Kynurenine,C10H12N2O3,[M+HCOO]-,-1.0,253.083,-1.0,146.0
4031,DarkChem-31661259,(S)-Ureidoglycolic acid,C3H6N2O4,[M+H]+,1.0,135.04,1.0,127.8
4032,DarkChem-31661259,(S)-Ureidoglycolic acid,C3H6N2O4,[M-H]-,-1.0,133.0255,-1.0,122.2
4033,AllCCS-32859911,(S)-Ureidoglycolic acid,C3H6N2O4,[M+H]+,1.0,135.04,1.0,132.0
4034,AllCCS-32859911,(S)-Ureidoglycolic acid,C3H6N2O4,[M-H]-,-1.0,133.0255,-1.0,122.6
4035,DeepCCS-30932474,(S)-Ureidoglycolic acid,C3H6N2O4,[M+H]+,1.0,135.04,1.0,123.3
4036,DeepCCS-30932474,(S)-Ureidoglycolic acid,C3H6N2O4,[M-H]-,-1.0,133.0255,-1.0,119.4
4037,DeepCCS-30932474,(S)-Ureidoglycolic acid,C3H6N2O4,[M-2H]2-,,66.5127,,157.0
4038,DeepCCS-30932474,(S)-Ureidoglycolic acid,C3H6N2O4,[M+Na]+,1.0,157.022,1.0,132.3
4040,AllCCS-32859911,(S)-Ureidoglycolic acid,C3H6N2O4,[M+H-H2O]+,1.0,117.0295,1.0,127.9
4041,AllCCS-32859911,(S)-Ureidoglycolic acid,C3H6N2O4,[M+NH4]+,1.0,152.0666,1.0,135.8
4042,AllCCS-32859911,(S)-Ureidoglycolic acid,C3H6N2O4,[M+Na]+,1.0,157.022,1.0,136.9
4044,AllCCS-32859911,(S)-Ureidoglycolic acid,C3H6N2O4,[M+Na-2H]-,-1.0,155.0074,-1.0,125.3
4045,AllCCS-32859911,(S)-Ureidoglycolic acid,C3H6N2O4,[M+HCOO]-,-1.0,179.031,-1.0,128.3
4046,DarkChem-31661259,Proline,C5H9NO2,[M+H]+,1.0,116.0706,1.0,124.1
4047,DarkChem-31661259,Proline,C5H9NO2,[M-H]-,-1.0,114.0561,-1.0,118.4
4048,AllCCS-32859911,Proline,C5H9NO2,[M+H]+,1.0,116.0706,1.0,125.1
4049,AllCCS-32859911,Proline,C5H9NO2,[M-H]-,-1.0,114.0561,-1.0,120.9
4050,DeepCCS-30932474,Proline,C5H9NO2,[M+H]+,1.0,116.0706,1.0,119.3
4051,DeepCCS-30932474,Proline,C5H9NO2,[M-H]-,-1.0,114.0561,-1.0,115.7
4052,DeepCCS-30932474,Proline,C5H9NO2,[M-2H]2-,,57.028,,153.2
4053,DeepCCS-30932474,Proline,C5H9NO2,[M+Na]+,1.0,138.0525,1.0,128.3
4055,AllCCS-32859911,Proline,C5H9NO2,[M+H-H2O]+,1.0,98.06,1.0,120.3
4056,AllCCS-32859911,Proline,C5H9NO2,[M+NH4]+,1.0,133.0972,1.0,129.5
4057,AllCCS-32859911,Proline,C5H9NO2,[M+Na]+,1.0,138.0525,1.0,130.8
4059,AllCCS-32859911,Proline,C5H9NO2,[M+Na-2H]-,-1.0,136.038,-1.0,123.4
4060,AllCCS-32859911,Proline,C5H9NO2,[M+HCOO]-,-1.0,160.0615,-1.0,126.2
4061,DarkChem-31661259,cis-2-Methylaconitate,C7H8O6,[M+H]+,1.0,189.0394,1.0,145.2
4062,DarkChem-31661259,cis-2-Methylaconitate,C7H8O6,[M-H]-,-1.0,187.0248,-1.0,138.4
4063,DeepCCS-30932474,cis-2-Methylaconitate,C7H8O6,[M+H]+,1.0,189.0394,1.0,138.7
4064,DeepCCS-30932474,cis-2-Methylaconitate,C7H8O6,[M-H]-,-1.0,187.0248,-1.0,135.3
4065,DeepCCS-30932474,cis-2-Methylaconitate,C7H8O6,[M-2H]2-,,93.5124,,171.5
4066,DeepCCS-30932474,cis-2-Methylaconitate,C7H8O6,[M+Na]+,1.0,211.0213,1.0,147.2
4067,AllCCS-32859911,cis-2-Methylaconitate,C7H8O6,[M+H]+,1.0,189.0394,1.0,141.2
4068,AllCCS-32859911,cis-2-Methylaconitate,C7H8O6,[M+H-H2O]+,1.0,171.0288,1.0,137.4
4069,AllCCS-32859911,cis-2-Methylaconitate,C7H8O6,[M+NH4]+,1.0,206.0659,1.0,144.7
4070,AllCCS-32859911,cis-2-Methylaconitate,C7H8O6,[M+Na]+,1.0,211.0213,1.0,145.7
4071,AllCCS-32859911,cis-2-Methylaconitate,C7H8O6,[M-H]-,-1.0,187.0248,-1.0,134.4
4072,AllCCS-32859911,cis-2-Methylaconitate,C7H8O6,[M+Na-2H]-,-1.0,209.0068,-1.0,135.6
4073,AllCCS-32859911,cis-2-Methylaconitate,C7H8O6,[M+HCOO]-,-1.0,233.0303,-1.0,137.0
4074,DarkChem-31661259,Thiamine pyrophosphate,C12H19N4O7P2S,[M+H]+,1.0,426.0522,1.0,192.3
4076,DarkChem-31661259,Thiamine pyrophosphate,C12H19N4O7P2S,[M-H]-,-1.0,424.0377,-1.0,185.9
4078,AllCCS-32859911,Thiamine pyrophosphate,C12H19N4O7P2S,[M+H]+,1.0,426.0522,1.0,189.4
4079,AllCCS-32859911,Thiamine pyrophosphate,C12H19N4O7P2S,[M-H]-,-1.0,424.0377,-1.0,184.2
4080,DeepCCS-30932474,Thiamine pyrophosphate,C12H19N4O7P2S,[M+H]+,1.0,426.0522,1.0,156.1
4081,DeepCCS-30932474,Thiamine pyrophosphate,C12H19N4O7P2S,[M-H]-,-1.0,424.0377,-1.0,153.7
4082,DeepCCS-30932474,Thiamine pyrophosphate,C12H19N4O7P2S,[M-2H]2-,,212.0188,,188.1
4083,DeepCCS-30932474,Thiamine pyrophosphate,C12H19N4O7P2S,[M+Na]+,1.0,448.0342,1.0,163.6
4085,AllCCS-32859911,Thiamine pyrophosphate,C12H19N4O7P2S,[M+H-H2O]+,1.0,408.0417,1.0,187.1
4086,AllCCS-32859911,Thiamine pyrophosphate,C12H19N4O7P2S,[M+NH4]+,1.0,443.0788,1.0,191.4
4087,AllCCS-32859911,Thiamine pyrophosphate,C12H19N4O7P2S,[M+Na]+,1.0,448.0342,1.0,192.0
4089,AllCCS-32859911,Thiamine pyrophosphate,C12H19N4O7P2S,[M+Na-2H]-,-1.0,446.0196,-1.0,184.7
4090,AllCCS-32859911,Thiamine pyrophosphate,C12H19N4O7P2S,[M+HCOO]-,-1.0,470.0432,-1.0,185.3
4091,DarkChem-31661259,Hydrogen carbonate,CH2O3,[M+H]+,1.0,63.0077,1.0,108.1
4097,DarkChem-31661259,Hydrogen carbonate,CH2O3,[M-H]-,-1.0,60.9931,-1.0,99.2
4103,AllCCS-32859911,Hydrogen carbonate,CH2O3,[M+H]+,1.0,63.0077,1.0,108.9
4104,AllCCS-32859911,Hydrogen carbonate,CH2O3,[M-H]-,-1.0,60.9931,-1.0,137.8
4105,DeepCCS-30932474,Hydrogen carbonate,CH2O3,[M+H]+,1.0,63.0077,1.0,121.8
4106,DeepCCS-30932474,Hydrogen carbonate,CH2O3,[M-H]-,-1.0,60.9931,-1.0,120.0
4107,DeepCCS-30932474,Hydrogen carbonate,CH2O3,[M-2H]2-,,30.4966,,156.0
4108,DeepCCS-30932474,Hydrogen carbonate,CH2O3,[M+Na]+,1.0,84.9896,1.0,130.3
4110,AllCCS-32859911,Hydrogen carbonate,CH2O3,[M+H-H2O]+,1.0,44.9971,1.0,104.3
4111,AllCCS-32859911,Hydrogen carbonate,CH2O3,[M+NH4]+,1.0,80.0342,1.0,113.1
4112,AllCCS-32859911,Hydrogen carbonate,CH2O3,[M+Na]+,1.0,84.9896,1.0,114.3
4114,AllCCS-32859911,Hydrogen carbonate,CH2O3,[M+Na-2H]-,-1.0,82.9751,-1.0,144.7
4115,AllCCS-32859911,Hydrogen carbonate,CH2O3,[M+HCOO]-,-1.0,106.9986,-1.0,152.2
4116,DarkChem-31661259,Gluconic acid,C6H12O7,[M+H]+,1.0,197.0656,1.0,144.3
4117,DarkChem-31661259,Gluconic acid,C6H12O7,[M-H]-,-1.0,195.051,-1.0,137.5
4118,AllCCS-32859911,Gluconic acid,C6H12O7,[M+H]+,1.0,197.0656,1.0,143.9
4119,AllCCS-32859911,Gluconic acid,C6H12O7,[M-H]-,-1.0,195.051,-1.0,134.1
4120,DeepCCS-30932474,Gluconic acid,C6H12O7,[M+H]+,1.0,197.0656,1.0,149.0
4121,DeepCCS-30932474,Gluconic acid,C6H12O7,[M-H]-,-1.0,195.051,-1.0,146.6
4122,DeepCCS-30932474,Gluconic acid,C6H12O7,[M-2H]2-,,97.5255,,179.9
4123,DeepCCS-30932474,Gluconic acid,C6H12O7,[M+Na]+,1.0,219.0475,1.0,155.0
4125,AllCCS-32859911,Gluconic acid,C6H12O7,[M+H-H2O]+,1.0,179.055,1.0,140.2
4126,AllCCS-32859911,Gluconic acid,C6H12O7,[M+NH4]+,1.0,214.0921,1.0,147.3
4127,AllCCS-32859911,Gluconic acid,C6H12O7,[M+Na]+,1.0,219.0475,1.0,148.3
4129,AllCCS-32859911,Gluconic acid,C6H12O7,[M+Na-2H]-,-1.0,217.033,-1.0,135.2
4130,AllCCS-32859911,Gluconic acid,C6H12O7,[M+HCOO]-,-1.0,241.0565,-1.0,136.5
4131,DarkChem-31661259,2-Oxo-3-hydroxy-4-phosphobutanoic acid,C4H7O8P,[M+H]+,1.0,214.9951,1.0,148.0
4132,DarkChem-31661259,2-Oxo-3-hydroxy-4-phosphobutanoic acid,C4H7O8P,[M-H]-,-1.0,212.9806,-1.0,141.7
4133,DeepCCS-30932474,2-Oxo-3-hydroxy-4-phosphobutanoic acid,C4H7O8P,[M+H]+,1.0,214.9951,1.0,133.0
4134,DeepCCS-30932474,2-Oxo-3-hydroxy-4-phosphobutanoic acid,C4H7O8P,[M-H]-,-1.0,212.9806,-1.0,130.6
4135,DeepCCS-30932474,2-Oxo-3-hydroxy-4-phosphobutanoic acid,C4H7O8P,[M-2H]2-,,106.4903,,166.0
4136,DeepCCS-30932474,2-Oxo-3-hydroxy-4-phosphobutanoic acid,C4H7O8P,[M+Na]+,1.0,236.9771,1.0,140.9
4137,AllCCS-32859911,2-Oxo-3-hydroxy-4-phosphobutanoic acid,C4H7O8P,[M+H]+,1.0,214.9951,1.0,144.9
4138,AllCCS-32859911,2-Oxo-3-hydroxy-4-phosphobutanoic acid,C4H7O8P,[M+H-H2O]+,1.0,196.9846,1.0,141.3
4139,AllCCS-32859911,2-Oxo-3-hydroxy-4-phosphobutanoic acid,C4H7O8P,[M+NH4]+,1.0,232.0217,1.0,148.3
4140,AllCCS-32859911,2-Oxo-3-hydroxy-4-phosphobutanoic acid,C4H7O8P,[M+Na]+,1.0,236.9771,1.0,149.3
4141,AllCCS-32859911,2-Oxo-3-hydroxy-4-phosphobutanoic acid,C4H7O8P,[M-H]-,-1.0,212.9806,-1.0,135.0
4142,AllCCS-32859911,2-Oxo-3-hydroxy-4-phosphobutanoic acid,C4H7O8P,[M+Na-2H]-,-1.0,234.9625,-1.0,136.2
4143,AllCCS-32859911,2-Oxo-3-hydroxy-4-phosphobutanoic acid,C4H7O8P,[M+HCOO]-,-1.0,258.9861,-1.0,137.6
4144,DeepCCS-30932474,Formic acid,CH2O2,[M+H]+,1.0,47.0128,1.0,113.6
4145,DeepCCS-30932474,Formic acid,CH2O2,[M-H]-,-1.0,44.9982,-1.0,111.8
4146,DeepCCS-30932474,Formic acid,CH2O2,[M-2H]2-,,22.4991,,147.0
4147,DeepCCS-30932474,Formic acid,CH2O2,[M+Na]+,1.0,68.9947,1.0,120.8
4148,DeepCCS-30932474,D-Mannose 1-phosphate,C6H13O9P,[M+H]+,1.0,261.037,1.0,142.5
4149,DeepCCS-30932474,D-Mannose 1-phosphate,C6H13O9P,[M-H]-,-1.0,259.0224,-1.0,140.1
4150,DeepCCS-30932474,D-Mannose 1-phosphate,C6H13O9P,[M-2H]2-,,129.5112,,174.8
4151,DeepCCS-30932474,D-Mannose 1-phosphate,C6H13O9P,[M+Na]+,1.0,283.0189,1.0,149.4
4152,AllCCS-32859911,D-Mannose 1-phosphate,C6H13O9P,[M+H]+,1.0,261.037,1.0,156.8
4153,AllCCS-32859911,D-Mannose 1-phosphate,C6H13O9P,[M+H-H2O]+,1.0,243.0264,1.0,153.2
4154,AllCCS-32859911,D-Mannose 1-phosphate,C6H13O9P,[M+NH4]+,1.0,278.0635,1.0,160.2
4155,AllCCS-32859911,D-Mannose 1-phosphate,C6H13O9P,[M+Na]+,1.0,283.0189,1.0,161.2
4156,AllCCS-32859911,D-Mannose 1-phosphate,C6H13O9P,[M-H]-,-1.0,259.0224,-1.0,146.2
4157,AllCCS-32859911,D-Mannose 1-phosphate,C6H13O9P,[M+Na-2H]-,-1.0,281.0044,-1.0,146.5
4158,AllCCS-32859911,D-Mannose 1-phosphate,C6H13O9P,[M+HCOO]-,-1.0,305.0279,-1.0,146.9
4159,DarkChem-31661259,Leucine,C6H13NO2,[M+H]+,1.0,132.1019,1.0,129.2
4160,DarkChem-31661259,Leucine,C6H13NO2,[M-H]-,-1.0,130.0874,-1.0,124.6
4161,AllCCS-32859911,Leucine,C6H13NO2,[M+H]+,1.0,132.1019,1.0,132.0
4162,AllCCS-32859911,Leucine,C6H13NO2,[M-H]-,-1.0,130.0874,-1.0,130.0
4163,DeepCCS-30932474,Leucine,C6H13NO2,[M+H]+,1.0,132.1019,1.0,129.8
4164,DeepCCS-30932474,Leucine,C6H13NO2,[M-H]-,-1.0,130.0874,-1.0,126.2
4165,DeepCCS-30932474,Leucine,C6H13NO2,[M-2H]2-,,65.0437,,163.5
4166,DeepCCS-30932474,Leucine,C6H13NO2,[M+Na]+,1.0,154.0838,1.0,138.7
4168,AllCCS-32859911,Leucine,C6H13NO2,[M+H-H2O]+,1.0,114.0913,1.0,127.9
4169,AllCCS-32859911,Leucine,C6H13NO2,[M+NH4]+,1.0,149.1285,1.0,135.8
4170,AllCCS-32859911,Leucine,C6H13NO2,[M+Na]+,1.0,154.0838,1.0,136.9
4172,AllCCS-32859911,Leucine,C6H13NO2,[M+Na-2H]-,-1.0,152.0693,-1.0,132.9
4173,AllCCS-32859911,Leucine,C6H13NO2,[M+HCOO]-,-1.0,176.0928,-1.0,136.0
4174,DarkChem-31661259,Ketoleucine,C6H10O3,[M+H]+,1.0,131.0703,1.0,129.5
4175,DarkChem-31661259,Ketoleucine,C6H10O3,[M-H]-,-1.0,129.0557,-1.0,124.9
4176,AllCCS-32859911,Ketoleucine,C6H10O3,[M+H]+,1.0,131.0703,1.0,130.0
4177,AllCCS-32859911,Ketoleucine,C6H10O3,[M-H]-,-1.0,129.0557,-1.0,128.0
4178,DeepCCS-30932474,Ketoleucine,C6H10O3,[M+H]+,1.0,131.0703,1.0,133.6
4179,DeepCCS-30932474,Ketoleucine,C6H10O3,[M-H]-,-1.0,129.0557,-1.0,130.8
4180,DeepCCS-30932474,Ketoleucine,C6H10O3,[M-2H]2-,,64.5279,,167.4
4181,DeepCCS-30932474,Ketoleucine,C6H10O3,[M+Na]+,1.0,153.0522,1.0,142.2
4183,AllCCS-32859911,Ketoleucine,C6H10O3,[M+H-H2O]+,1.0,113.0597,1.0,125.9
4184,AllCCS-32859911,Ketoleucine,C6H10O3,[M+NH4]+,1.0,148.0968,1.0,133.9
4185,AllCCS-32859911,Ketoleucine,C6H10O3,[M+Na]+,1.0,153.0522,1.0,135.0
4187,AllCCS-32859911,Ketoleucine,C6H10O3,[M+Na-2H]-,-1.0,151.0377,-1.0,130.8
4188,AllCCS-32859911,Ketoleucine,C6H10O3,[M+HCOO]-,-1.0,175.0612,-1.0,133.8
4189,DarkChem-31661259,CDP-ethanolamine,C11H20N4O11P2,[M+H]+,1.0,447.0677,1.0,201.6
4190,DarkChem-31661259,CDP-ethanolamine,C11H20N4O11P2,[M-H]-,-1.0,445.0531,-1.0,195.1
4191,AllCCS-32859911,CDP-ethanolamine,C11H20N4O11P2,[M+H]+,1.0,447.0677,1.0,190.6
4192,AllCCS-32859911,CDP-ethanolamine,C11H20N4O11P2,[M-H]-,-1.0,445.0531,-1.0,186.6
4193,DeepCCS-30932474,CDP-ethanolamine,C11H20N4O11P2,[M+H]+,1.0,447.0677,1.0,177.7
4194,DeepCCS-30932474,CDP-ethanolamine,C11H20N4O11P2,[M-H]-,-1.0,445.0531,-1.0,175.3
4195,DeepCCS-30932474,CDP-ethanolamine,C11H20N4O11P2,[M-2H]2-,,222.5266,,208.4
4196,DeepCCS-30932474,CDP-ethanolamine,C11H20N4O11P2,[M+Na]+,1.0,469.0496,1.0,183.6
4198,AllCCS-32859911,CDP-ethanolamine,C11H20N4O11P2,[M+H-H2O]+,1.0,429.0571,1.0,188.5
4199,AllCCS-32859911,CDP-ethanolamine,C11H20N4O11P2,[M+NH4]+,1.0,464.0942,1.0,192.5
4200,AllCCS-32859911,CDP-ethanolamine,C11H20N4O11P2,[M+Na]+,1.0,469.0496,1.0,193.0
4202,AllCCS-32859911,CDP-ethanolamine,C11H20N4O11P2,[M+Na-2H]-,-1.0,467.035,-1.0,187.0
4203,AllCCS-32859911,CDP-ethanolamine,C11H20N4O11P2,[M+HCOO]-,-1.0,491.0586,-1.0,187.7
4204,DeepCCS-30932474,Thiocyanate,CNS,[M+H]+,1.0,58.9824,1.0,112.8
4205,DeepCCS-30932474,Thiocyanate,CNS,[M-H]-,-1.0,56.9679,-1.0,111.0
4206,DeepCCS-30932474,Thiocyanate,CNS,[M-2H]2-,,28.4839,,146.2
4207,DeepCCS-30932474,Thiocyanate,CNS,[M+Na]+,1.0,80.9644,1.0,119.9
4208,DarkChem-31661259,Pyridoxal,C8H9NO3,[M+H]+,1.0,168.0655,1.0,135.7
4209,DarkChem-31661259,Pyridoxal,C8H9NO3,[M-H]-,-1.0,166.051,-1.0,132.2
4210,AllCCS-32859911,Pyridoxal,C8H9NO3,[M+H]+,1.0,168.0655,1.0,135.6
4211,AllCCS-32859911,Pyridoxal,C8H9NO3,[M-H]-,-1.0,166.051,-1.0,133.1
4212,DeepCCS-30932474,Pyridoxal,C8H9NO3,[M+H]+,1.0,168.0655,1.0,138.6
4213,DeepCCS-30932474,Pyridoxal,C8H9NO3,[M-H]-,-1.0,166.051,-1.0,135.9
4214,DeepCCS-30932474,Pyridoxal,C8H9NO3,[M-2H]2-,,83.0255,,172.5
4215,DeepCCS-30932474,Pyridoxal,C8H9NO3,[M+Na]+,1.0,190.0475,1.0,147.8
4217,AllCCS-32859911,Pyridoxal,C8H9NO3,[M+H-H2O]+,1.0,150.055,1.0,131.2
4218,AllCCS-32859911,Pyridoxal,C8H9NO3,[M+NH4]+,1.0,185.0921,1.0,139.7
4219,AllCCS-32859911,Pyridoxal,C8H9NO3,[M+Na]+,1.0,190.0475,1.0,140.9
4221,AllCCS-32859911,Pyridoxal,C8H9NO3,[M+Na-2H]-,-1.0,188.0329,-1.0,134.2
4222,AllCCS-32859911,Pyridoxal,C8H9NO3,[M+HCOO]-,-1.0,212.0564,-1.0,135.5
4223,DarkChem-31661259,Phosphohydroxypyruvic acid,C3H5O7P,[M+H]+,1.0,184.9846,1.0,139.1
4224,DarkChem-31661259,Phosphohydroxypyruvic acid,C3H5O7P,[M-H]-,-1.0,182.97,-1.0,132.7
4225,AllCCS-32859911,Phosphohydroxypyruvic acid,C3H5O7P,[M+H]+,1.0,184.9846,1.0,139.1
4226,AllCCS-32859911,Phosphohydroxypyruvic acid,C3H5O7P,[M-H]-,-1.0,182.97,-1.0,129.1
4227,DeepCCS-30932474,Phosphohydroxypyruvic acid,C3H5O7P,[M+H]+,1.0,184.9846,1.0,130.6
4228,DeepCCS-30932474,Phosphohydroxypyruvic acid,C3H5O7P,[M-H]-,-1.0,182.97,-1.0,126.7
4229,DeepCCS-30932474,Phosphohydroxypyruvic acid,C3H5O7P,[M-2H]2-,,91.485,,164.3
4230,DeepCCS-30932474,Phosphohydroxypyruvic acid,C3H5O7P,[M+Na]+,1.0,206.9665,1.0,139.6
4232,AllCCS-32859911,Phosphohydroxypyruvic acid,C3H5O7P,[M+H-H2O]+,1.0,166.974,1.0,135.2
4233,AllCCS-32859911,Phosphohydroxypyruvic acid,C3H5O7P,[M+NH4]+,1.0,202.0111,1.0,142.6
4234,AllCCS-32859911,Phosphohydroxypyruvic acid,C3H5O7P,[M+Na]+,1.0,206.9665,1.0,143.6
4236,AllCCS-32859911,Phosphohydroxypyruvic acid,C3H5O7P,[M+Na-2H]-,-1.0,204.952,-1.0,130.9
4237,AllCCS-32859911,Phosphohydroxypyruvic acid,C3H5O7P,[M+HCOO]-,-1.0,228.9755,-1.0,133.0
4238,DarkChem-31661259,2-Acetolactate,C5H8O4,[M+H]+,1.0,133.0495,1.0,129.0
4239,DarkChem-31661259,2-Acetolactate,C5H8O4,[M-H]-,-1.0,131.035,-1.0,122.9
4240,DeepCCS-30932474,2-Acetolactate,C5H8O4,[M+H]+,1.0,133.0495,1.0,123.2
4241,DeepCCS-30932474,2-Acetolactate,C5H8O4,[M-H]-,-1.0,131.035,-1.0,120.0
4242,DeepCCS-30932474,2-Acetolactate,C5H8O4,[M-2H]2-,,65.5175,,156.8
4243,DeepCCS-30932474,2-Acetolactate,C5H8O4,[M+Na]+,1.0,155.0315,1.0,131.8
4244,AllCCS-32859911,2-Acetolactate,C5H8O4,[M+H]+,1.0,133.0495,1.0,130.7
4245,AllCCS-32859911,2-Acetolactate,C5H8O4,[M+H-H2O]+,1.0,115.039,1.0,126.6
4246,AllCCS-32859911,2-Acetolactate,C5H8O4,[M+NH4]+,1.0,150.0761,1.0,134.5
4247,AllCCS-32859911,2-Acetolactate,C5H8O4,[M+Na]+,1.0,155.0315,1.0,135.7
4248,AllCCS-32859911,2-Acetolactate,C5H8O4,[M-H]-,-1.0,131.035,-1.0,124.2
4249,AllCCS-32859911,2-Acetolactate,C5H8O4,[M+Na-2H]-,-1.0,153.0169,-1.0,126.9
4250,AllCCS-32859911,2-Acetolactate,C5H8O4,[M+HCOO]-,-1.0,177.0405,-1.0,130.0
4251,DarkChem-31661259,Palmitaldehyde,C16H32O,[M+H]+,1.0,241.2526,1.0,164.1
4252,DarkChem-31661259,Palmitaldehyde,C16H32O,[M-H]-,-1.0,239.238,-1.0,163.5
4253,AllCCS-32859911,Palmitaldehyde,C16H32O,[M+H]+,1.0,241.2526,1.0,168.7
4254,AllCCS-32859911,Palmitaldehyde,C16H32O,[M-H]-,-1.0,239.238,-1.0,168.8
4255,DeepCCS-30932474,Palmitaldehyde,C16H32O,[M+H]+,1.0,241.2526,1.0,166.0
4256,DeepCCS-30932474,Palmitaldehyde,C16H32O,[M-H]-,-1.0,239.238,-1.0,162.0
4257,DeepCCS-30932474,Palmitaldehyde,C16H32O,[M-2H]2-,,119.619,,199.6
4258,DeepCCS-30932474,Palmitaldehyde,C16H32O,[M+Na]+,1.0,263.2345,1.0,175.3
4260,AllCCS-32859911,Palmitaldehyde,C16H32O,[M+H-H2O]+,1.0,223.242,1.0,165.5
4261,AllCCS-32859911,Palmitaldehyde,C16H32O,[M+NH4]+,1.0,258.2791,1.0,171.7
4262,AllCCS-32859911,Palmitaldehyde,C16H32O,[M+Na]+,1.0,263.2345,1.0,172.6
4264,AllCCS-32859911,Palmitaldehyde,C16H32O,[M+Na-2H]-,-1.0,261.22,-1.0,170.0
4265,AllCCS-32859911,Palmitaldehyde,C16H32O,[M+HCOO]-,-1.0,285.2435,-1.0,171.5
4266,DarkChem-31661259,L-Dihydroorotic acid,C5H6N2O4,[M+H]+,1.0,159.04,1.0,136.3
4267,DarkChem-31661259,L-Dihydroorotic acid,C5H6N2O4,[M-H]-,-1.0,157.0255,-1.0,128.0
4268,DeepCCS-30932474,L-Dihydroorotic acid,C5H6N2O4,[M+H]+,1.0,159.04,1.0,128.5
4269,DeepCCS-30932474,L-Dihydroorotic acid,C5H6N2O4,[M-H]-,-1.0,157.0255,-1.0,125.9
4270,DeepCCS-30932474,L-Dihydroorotic acid,C5H6N2O4,[M-2H]2-,,78.5127,,161.6
4271,DeepCCS-30932474,L-Dihydroorotic acid,C5H6N2O4,[M+Na]+,1.0,181.022,1.0,137.0
4272,AllCCS-32859911,L-Dihydroorotic acid,C5H6N2O4,[M+H]+,1.0,159.04,1.0,134.4
4273,AllCCS-32859911,L-Dihydroorotic acid,C5H6N2O4,[M+H-H2O]+,1.0,141.0295,1.0,130.0
4274,AllCCS-32859911,L-Dihydroorotic acid,C5H6N2O4,[M+NH4]+,1.0,176.0666,1.0,138.6
4275,AllCCS-32859911,L-Dihydroorotic acid,C5H6N2O4,[M+Na]+,1.0,181.022,1.0,139.7
4276,AllCCS-32859911,L-Dihydroorotic acid,C5H6N2O4,[M-H]-,-1.0,157.0255,-1.0,126.3
4277,AllCCS-32859911,L-Dihydroorotic acid,C5H6N2O4,[M+Na-2H]-,-1.0,179.0074,-1.0,127.6
4278,AllCCS-32859911,L-Dihydroorotic acid,C5H6N2O4,[M+HCOO]-,-1.0,203.031,-1.0,129.1
4279,DarkChem-31661259,Pyridoxamine 5'-phosphate,C8H13N2O5P,[M+H]+,1.0,249.0635,1.0,156.7
4280,DarkChem-31661259,Pyridoxamine 5'-phosphate,C8H13N2O5P,[M-H]-,-1.0,247.0489,-1.0,154.7
4281,AllCCS-32859911,Pyridoxamine 5'-phosphate,C8H13N2O5P,[M+H]+,1.0,249.0635,1.0,154.0
4282,AllCCS-32859911,Pyridoxamine 5'-phosphate,C8H13N2O5P,[M-H]-,-1.0,247.0489,-1.0,149.9
4283,DeepCCS-30932474,Pyridoxamine 5'-phosphate,C8H13N2O5P,[M+H]+,1.0,249.0635,1.0,151.2
4284,DeepCCS-30932474,Pyridoxamine 5'-phosphate,C8H13N2O5P,[M-H]-,-1.0,247.0489,-1.0,148.9
4285,DeepCCS-30932474,Pyridoxamine 5'-phosphate,C8H13N2O5P,[M-2H]2-,,123.5245,,183.1
4286,DeepCCS-30932474,Pyridoxamine 5'-phosphate,C8H13N2O5P,[M+Na]+,1.0,271.0454,1.0,157.6
4288,AllCCS-32859911,Pyridoxamine 5'-phosphate,C8H13N2O5P,[M+H-H2O]+,1.0,231.0529,1.0,150.3
4289,AllCCS-32859911,Pyridoxamine 5'-phosphate,C8H13N2O5P,[M+NH4]+,1.0,266.09,1.0,157.4
4290,AllCCS-32859911,Pyridoxamine 5'-phosphate,C8H13N2O5P,[M+Na]+,1.0,271.0454,1.0,158.4
4292,AllCCS-32859911,Pyridoxamine 5'-phosphate,C8H13N2O5P,[M+Na-2H]-,-1.0,269.0309,-1.0,150.4
4293,AllCCS-32859911,Pyridoxamine 5'-phosphate,C8H13N2O5P,[M+HCOO]-,-1.0,293.0544,-1.0,151.1
4294,DarkChem-31661259,5'-Phosphoribosyl-N-formylglycinamidine,C8H16N3O8P,[M+H]+,1.0,314.0748,1.0,175.1
4295,DarkChem-31661259,5'-Phosphoribosyl-N-formylglycinamidine,C8H16N3O8P,[M-H]-,-1.0,312.0602,-1.0,167.8
4296,DeepCCS-30932474,5'-Phosphoribosyl-N-formylglycinamidine,C8H16N3O8P,[M+H]+,1.0,314.0748,1.0,163.8
4297,DeepCCS-30932474,5'-Phosphoribosyl-N-formylglycinamidine,C8H16N3O8P,[M-H]-,-1.0,312.0602,-1.0,161.4
4298,DeepCCS-30932474,5'-Phosphoribosyl-N-formylglycinamidine,C8H16N3O8P,[M-2H]2-,,156.0301,,194.7
4299,DeepCCS-30932474,5'-Phosphoribosyl-N-formylglycinamidine,C8H16N3O8P,[M+Na]+,1.0,336.0567,1.0,169.9
4300,AllCCS-32859911,5'-Phosphoribosyl-N-formylglycinamidine,C8H16N3O8P,[M+H]+,1.0,314.0748,1.0,165.5
4301,AllCCS-32859911,5'-Phosphoribosyl-N-formylglycinamidine,C8H16N3O8P,[M+H-H2O]+,1.0,296.0642,1.0,162.4
4302,AllCCS-32859911,5'-Phosphoribosyl-N-formylglycinamidine,C8H16N3O8P,[M+NH4]+,1.0,331.1013,1.0,168.3
4303,AllCCS-32859911,5'-Phosphoribosyl-N-formylglycinamidine,C8H16N3O8P,[M+Na]+,1.0,336.0567,1.0,169.1
4304,AllCCS-32859911,5'-Phosphoribosyl-N-formylglycinamidine,C8H16N3O8P,[M-H]-,-1.0,312.0602,-1.0,163.5
4305,AllCCS-32859911,5'-Phosphoribosyl-N-formylglycinamidine,C8H16N3O8P,[M+Na-2H]-,-1.0,334.0422,-1.0,163.4
4306,AllCCS-32859911,5'-Phosphoribosyl-N-formylglycinamidine,C8H16N3O8P,[M+HCOO]-,-1.0,358.0657,-1.0,163.5
4307,DarkChem-31661259,4'-Phosphopantothenoylcysteine,C12H23N2O9PS,[M+H]+,1.0,403.0935,1.0,190.5
4308,DarkChem-31661259,4'-Phosphopantothenoylcysteine,C12H23N2O9PS,[M-H]-,-1.0,401.0789,-1.0,180.6
4309,AllCCS-32859911,4'-Phosphopantothenoylcysteine,C12H23N2O9PS,[M+H]+,1.0,403.0935,1.0,185.1
4310,AllCCS-32859911,4'-Phosphopantothenoylcysteine,C12H23N2O9PS,[M-H]-,-1.0,401.0789,-1.0,183.1
4311,DeepCCS-30932474,4'-Phosphopantothenoylcysteine,C12H23N2O9PS,[M+H]+,1.0,403.0935,1.0,191.9
4312,DeepCCS-30932474,4'-Phosphopantothenoylcysteine,C12H23N2O9PS,[M-H]-,-1.0,401.0789,-1.0,189.5
4313,DeepCCS-30932474,4'-Phosphopantothenoylcysteine,C12H23N2O9PS,[M-2H]2-,,200.5395,,223.8
4314,DeepCCS-30932474,4'-Phosphopantothenoylcysteine,C12H23N2O9PS,[M+Na]+,1.0,425.0754,1.0,199.1
4316,AllCCS-32859911,4'-Phosphopantothenoylcysteine,C12H23N2O9PS,[M+H-H2O]+,1.0,385.0829,1.0,183.0
4317,AllCCS-32859911,4'-Phosphopantothenoylcysteine,C12H23N2O9PS,[M+NH4]+,1.0,420.12,1.0,186.9
4318,AllCCS-32859911,4'-Phosphopantothenoylcysteine,C12H23N2O9PS,[M+Na]+,1.0,425.0754,1.0,187.5
4320,AllCCS-32859911,4'-Phosphopantothenoylcysteine,C12H23N2O9PS,[M+Na-2H]-,-1.0,423.0609,-1.0,184.1
4321,AllCCS-32859911,4'-Phosphopantothenoylcysteine,C12H23N2O9PS,[M+HCOO]-,-1.0,447.0844,-1.0,185.3
4322,DarkChem-31661259,Porphobilinogen,C10H14N2O4,[M+H]+,1.0,227.1026,1.0,152.1
4323,DarkChem-31661259,Porphobilinogen,C10H14N2O4,[M-H]-,-1.0,225.0881,-1.0,150.0
4324,AllCCS-32859911,Porphobilinogen,C10H14N2O4,[M+H]+,1.0,227.1026,1.0,150.3
4325,AllCCS-32859911,Porphobilinogen,C10H14N2O4,[M-H]-,-1.0,225.0881,-1.0,149.5
4326,DeepCCS-30932474,Porphobilinogen,C10H14N2O4,[M+H]+,1.0,227.1026,1.0,148.1
4327,DeepCCS-30932474,Porphobilinogen,C10H14N2O4,[M-H]-,-1.0,225.0881,-1.0,145.8
4328,DeepCCS-30932474,Porphobilinogen,C10H14N2O4,[M-2H]2-,,112.544,,179.5
4329,DeepCCS-30932474,Porphobilinogen,C10H14N2O4,[M+Na]+,1.0,249.0846,1.0,155.1
4331,AllCCS-32859911,Porphobilinogen,C10H14N2O4,[M+H-H2O]+,1.0,209.0921,1.0,146.6
4332,AllCCS-32859911,Porphobilinogen,C10H14N2O4,[M+NH4]+,1.0,244.1292,1.0,153.8
4333,AllCCS-32859911,Porphobilinogen,C10H14N2O4,[M+Na]+,1.0,249.0846,1.0,154.8
4335,AllCCS-32859911,Porphobilinogen,C10H14N2O4,[M+Na-2H]-,-1.0,247.07,-1.0,150.0
4336,AllCCS-32859911,Porphobilinogen,C10H14N2O4,[M+HCOO]-,-1.0,271.0936,-1.0,150.5
4337,DarkChem-31661259,Phosphoribosyl pyrophosphate,C5H13O14P3,[M+H]+,1.0,390.9591,1.0,182.1
4339,DarkChem-31661259,Phosphoribosyl pyrophosphate,C5H13O14P3,[M-H]-,-1.0,388.9445,-1.0,168.9
4341,AllCCS-32859911,Phosphoribosyl pyrophosphate,C5H13O14P3,[M+H]+,1.0,390.9591,1.0,176.8
4342,AllCCS-32859911,Phosphoribosyl pyrophosphate,C5H13O14P3,[M-H]-,-1.0,388.9445,-1.0,165.1
4343,DeepCCS-30932474,Phosphoribosyl pyrophosphate,C5H13O14P3,[M+H]+,1.0,390.9591,1.0,154.8
4344,DeepCCS-30932474,Phosphoribosyl pyrophosphate,C5H13O14P3,[M-H]-,-1.0,388.9445,-1.0,152.4
4345,DeepCCS-30932474,Phosphoribosyl pyrophosphate,C5H13O14P3,[M-2H]2-,,194.4723,,186.9
4346,DeepCCS-30932474,Phosphoribosyl pyrophosphate,C5H13O14P3,[M+Na]+,1.0,412.941,1.0,162.7
4348,AllCCS-32859911,Phosphoribosyl pyrophosphate,C5H13O14P3,[M+H-H2O]+,1.0,372.9485,1.0,174.2
4349,AllCCS-32859911,Phosphoribosyl pyrophosphate,C5H13O14P3,[M+NH4]+,1.0,407.9856,1.0,179.2
4350,AllCCS-32859911,Phosphoribosyl pyrophosphate,C5H13O14P3,[M+Na]+,1.0,412.941,1.0,179.9
4352,AllCCS-32859911,Phosphoribosyl pyrophosphate,C5H13O14P3,[M+Na-2H]-,-1.0,410.9265,-1.0,165.2
4353,AllCCS-32859911,Phosphoribosyl pyrophosphate,C5H13O14P3,[M+HCOO]-,-1.0,434.95,-1.0,165.5
4354,DarkChem-31661259,(R)-5-Diphosphomevalonic acid,C6H14O10P2,[M+H]+,1.0,309.0135,1.0,167.8
4355,DarkChem-31661259,(R)-5-Diphosphomevalonic acid,C6H14O10P2,[M-H]-,-1.0,306.9989,-1.0,161.3
4356,AllCCS-32859911,(R)-5-Diphosphomevalonic acid,C6H14O10P2,[M+H]+,1.0,309.0135,1.0,164.5
4357,AllCCS-32859911,(R)-5-Diphosphomevalonic acid,C6H14O10P2,[M-H]-,-1.0,306.9989,-1.0,157.0
4358,DeepCCS-30932474,(R)-5-Diphosphomevalonic acid,C6H14O10P2,[M+H]+,1.0,309.0135,1.0,148.5
4359,DeepCCS-30932474,(R)-5-Diphosphomevalonic acid,C6H14O10P2,[M-H]-,-1.0,306.9989,-1.0,146.6
4360,DeepCCS-30932474,(R)-5-Diphosphomevalonic acid,C6H14O10P2,[M-2H]2-,,153.4995,,179.8
4361,DeepCCS-30932474,(R)-5-Diphosphomevalonic acid,C6H14O10P2,[M+Na]+,1.0,330.9954,1.0,154.4
4363,AllCCS-32859911,(R)-5-Diphosphomevalonic acid,C6H14O10P2,[M+H-H2O]+,1.0,291.0029,1.0,161.5
4364,AllCCS-32859911,(R)-5-Diphosphomevalonic acid,C6H14O10P2,[M+NH4]+,1.0,326.04,1.0,167.3
4365,AllCCS-32859911,(R)-5-Diphosphomevalonic acid,C6H14O10P2,[M+Na]+,1.0,330.9954,1.0,168.1
4367,AllCCS-32859911,(R)-5-Diphosphomevalonic acid,C6H14O10P2,[M+Na-2H]-,-1.0,328.9809,-1.0,157.7
4368,AllCCS-32859911,(R)-5-Diphosphomevalonic acid,C6H14O10P2,[M+HCOO]-,-1.0,353.0044,-1.0,158.5
4369,DarkChem-31661259,Farnesol,C15H26O,[M+H]+,1.0,223.2056,1.0,157.0
4370,DarkChem-31661259,Farnesol,C15H26O,[M-H]-,-1.0,221.1911,-1.0,153.8
4371,DeepCCS-30932474,Farnesol,C15H26O,[M+H]+,1.0,223.2056,1.0,157.2
4372,DeepCCS-30932474,Farnesol,C15H26O,[M-H]-,-1.0,221.1911,-1.0,154.9
4373,DeepCCS-30932474,Farnesol,C15H26O,[M-2H]2-,,110.5955,,189.2
4374,DeepCCS-30932474,Farnesol,C15H26O,[M+Na]+,1.0,245.1876,1.0,164.1
4375,AllCCS-32859911,Farnesol,C15H26O,[M+H]+,1.0,223.2056,1.0,159.0
4376,AllCCS-32859911,Farnesol,C15H26O,[M+H-H2O]+,1.0,205.1951,1.0,155.4
4377,AllCCS-32859911,Farnesol,C15H26O,[M+NH4]+,1.0,240.2322,1.0,162.3
4378,AllCCS-32859911,Farnesol,C15H26O,[M+Na]+,1.0,245.1876,1.0,163.2
4379,AllCCS-32859911,Farnesol,C15H26O,[M-H]-,-1.0,221.1911,-1.0,159.1
4380,AllCCS-32859911,Farnesol,C15H26O,[M+Na-2H]-,-1.0,243.173,-1.0,160.2
4381,AllCCS-32859911,Farnesol,C15H26O,[M+HCOO]-,-1.0,267.1966,-1.0,161.5
4382,DarkChem-31661259,Orotic acid,C5H4N2O4,[M+H]+,1.0,157.0244,1.0,133.4
4383,DarkChem-31661259,Orotic acid,C5H4N2O4,[M-H]-,-1.0,155.0098,-1.0,129.4
4384,AllCCS-32859911,Orotic acid,C5H4N2O4,[M+H]+,1.0,157.0244,1.0,133.1
4385,AllCCS-32859911,Orotic acid,C5H4N2O4,[M-H]-,-1.0,155.0098,-1.0,124.5
4386,DeepCCS-30932474,Orotic acid,C5H4N2O4,[M+H]+,1.0,157.0244,1.0,130.0
4387,DeepCCS-30932474,Orotic acid,C5H4N2O4,[M-H]-,-1.0,155.0098,-1.0,126.8
4388,DeepCCS-30932474,Orotic acid,C5H4N2O4,[M-2H]2-,,77.5049,,163.8
4389,DeepCCS-30932474,Orotic acid,C5H4N2O4,[M+Na]+,1.0,179.0063,1.0,139.0
4391,AllCCS-32859911,Orotic acid,C5H4N2O4,[M+H-H2O]+,1.0,139.0138,1.0,128.6
4392,AllCCS-32859911,Orotic acid,C5H4N2O4,[M+NH4]+,1.0,174.0509,1.0,137.3
4393,AllCCS-32859911,Orotic acid,C5H4N2O4,[M+Na]+,1.0,179.0063,1.0,138.5
4395,AllCCS-32859911,Orotic acid,C5H4N2O4,[M+Na-2H]-,-1.0,176.9918,-1.0,125.8
4396,AllCCS-32859911,Orotic acid,C5H4N2O4,[M+HCOO]-,-1.0,201.0153,-1.0,127.2
4397,DarkChem-31661259,Cytidine monophosphate,C9H14N3O8P,[M+H]+,1.0,324.0591,1.0,170.0
4398,DarkChem-31661259,Cytidine monophosphate,C9H14N3O8P,[M-H]-,-1.0,322.0446,-1.0,167.4
4399,AllCCS-32859911,Cytidine monophosphate,C9H14N3O8P,[M+H]+,1.0,324.0591,1.0,169.3
4400,AllCCS-32859911,Cytidine monophosphate,C9H14N3O8P,[M-H]-,-1.0,322.0446,-1.0,164.4
4401,DeepCCS-30932474,Cytidine monophosphate,C9H14N3O8P,[M+H]+,1.0,324.0591,1.0,161.2
4402,DeepCCS-30932474,Cytidine monophosphate,C9H14N3O8P,[M+H]+,1.0,324.0591,1.0,157.0
4403,DeepCCS-30932474,Cytidine monophosphate,C9H14N3O8P,[M-H]-,-1.0,322.0446,-1.0,158.9
4404,DeepCCS-30932474,Cytidine monophosphate,C9H14N3O8P,[M-H]-,-1.0,322.0446,-1.0,154.7
4405,DeepCCS-30932474,Cytidine monophosphate,C9H14N3O8P,[M-2H]2-,,161.0223,,193.1
4406,DeepCCS-30932474,Cytidine monophosphate,C9H14N3O8P,[M+Na]+,1.0,346.0411,1.0,168.6
4407,DeepCCS-30932474,Cytidine monophosphate,C9H14N3O8P,[M-2H]2-,,161.0223,,188.1
4408,DeepCCS-30932474,Cytidine monophosphate,C9H14N3O8P,[M+Na]+,1.0,346.0411,1.0,163.3
4410,AllCCS-32859911,Cytidine monophosphate,C9H14N3O8P,[M+H-H2O]+,1.0,306.0486,1.0,166.3
4411,AllCCS-32859911,Cytidine monophosphate,C9H14N3O8P,[M+NH4]+,1.0,341.0857,1.0,172.2
4412,AllCCS-32859911,Cytidine monophosphate,C9H14N3O8P,[M+Na]+,1.0,346.0411,1.0,173.0
4414,AllCCS-32859911,Cytidine monophosphate,C9H14N3O8P,[M+Na-2H]-,-1.0,344.0265,-1.0,164.3
4415,AllCCS-32859911,Cytidine monophosphate,C9H14N3O8P,[M+HCOO]-,-1.0,368.0501,-1.0,164.3
4416,DarkChem-31661259,Pyridoxine 5'-phosphate,C8H12NO6P,[M+H]+,1.0,250.0475,1.0,157.0
4417,DarkChem-31661259,Pyridoxine 5'-phosphate,C8H12NO6P,[M-H]-,-1.0,248.0329,-1.0,152.8
4418,AllCCS-32859911,Pyridoxine 5'-phosphate,C8H12NO6P,[M+H]+,1.0,250.0475,1.0,153.7
4419,AllCCS-32859911,Pyridoxine 5'-phosphate,C8H12NO6P,[M-H]-,-1.0,248.0329,-1.0,149.1
4420,DeepCCS-30932474,Pyridoxine 5'-phosphate,C8H12NO6P,[M+H]+,1.0,250.0475,1.0,151.2
4421,DeepCCS-30932474,Pyridoxine 5'-phosphate,C8H12NO6P,[M-H]-,-1.0,248.0329,-1.0,148.9
4422,DeepCCS-30932474,Pyridoxine 5'-phosphate,C8H12NO6P,[M-2H]2-,,124.0165,,183.1
4423,DeepCCS-30932474,Pyridoxine 5'-phosphate,C8H12NO6P,[M+Na]+,1.0,272.0294,1.0,157.8
4425,AllCCS-32859911,Pyridoxine 5'-phosphate,C8H12NO6P,[M+H-H2O]+,1.0,232.0369,1.0,149.9
4426,AllCCS-32859911,Pyridoxine 5'-phosphate,C8H12NO6P,[M+NH4]+,1.0,267.074,1.0,157.1
4427,AllCCS-32859911,Pyridoxine 5'-phosphate,C8H12NO6P,[M+Na]+,1.0,272.0294,1.0,158.1
4429,AllCCS-32859911,Pyridoxine 5'-phosphate,C8H12NO6P,[M+Na-2H]-,-1.0,270.0149,-1.0,149.6
4430,AllCCS-32859911,Pyridoxine 5'-phosphate,C8H12NO6P,[M+HCOO]-,-1.0,294.0384,-1.0,150.2
4444,DarkChem-31661259,2-Oxo-4-methylthiobutanoic acid,C5H8O3S,[M+H]+,1.0,149.0267,1.0,131.4
4445,DarkChem-31661259,2-Oxo-4-methylthiobutanoic acid,C5H8O3S,[M-H]-,-1.0,147.0121,-1.0,126.8
4446,AllCCS-32859911,2-Oxo-4-methylthiobutanoic acid,C5H8O3S,[M+H]+,1.0,149.0267,1.0,131.9
4447,AllCCS-32859911,2-Oxo-4-methylthiobutanoic acid,C5H8O3S,[M-H]-,-1.0,147.0121,-1.0,133.5
4448,DeepCCS-30932474,2-Oxo-4-methylthiobutanoic acid,C5H8O3S,[M+H]+,1.0,149.0267,1.0,131.0
4449,DeepCCS-30932474,2-Oxo-4-methylthiobutanoic acid,C5H8O3S,[M-H]-,-1.0,147.0121,-1.0,128.3
4450,DeepCCS-30932474,2-Oxo-4-methylthiobutanoic acid,C5H8O3S,[M-2H]2-,,73.5061,,164.7
4451,DeepCCS-30932474,2-Oxo-4-methylthiobutanoic acid,C5H8O3S,[M+Na]+,1.0,171.0086,1.0,139.5
4453,AllCCS-32859911,2-Oxo-4-methylthiobutanoic acid,C5H8O3S,[M+H-H2O]+,1.0,131.0161,1.0,128.0
4454,AllCCS-32859911,2-Oxo-4-methylthiobutanoic acid,C5H8O3S,[M+NH4]+,1.0,166.0532,1.0,135.6
4455,AllCCS-32859911,2-Oxo-4-methylthiobutanoic acid,C5H8O3S,[M+Na]+,1.0,171.0086,1.0,136.7
4457,AllCCS-32859911,2-Oxo-4-methylthiobutanoic acid,C5H8O3S,[M+Na-2H]-,-1.0,168.9941,-1.0,136.2
4458,AllCCS-32859911,2-Oxo-4-methylthiobutanoic acid,C5H8O3S,[M+HCOO]-,-1.0,193.0176,-1.0,139.2
4459,DeepCCS-30932474,NADPH,C21H30N7O17P3,[M+H]+,1.0,746.0984,1.0,221.2
4460,DeepCCS-30932474,NADPH,C21H30N7O17P3,[M-H]-,-1.0,744.0838,-1.0,219.3
4461,DeepCCS-30932474,NADPH,C21H30N7O17P3,[M-2H]2-,,372.0419,,252.8
4462,DeepCCS-30932474,NADPH,C21H30N7O17P3,[M+Na]+,1.0,768.0803,1.0,226.8
4463,AllCCS-32859911,NADPH,C21H30N7O17P3,[M+H]+,1.0,746.0984,1.0,237.9
4464,AllCCS-32859911,NADPH,C21H30N7O17P3,[M+H-H2O]+,1.0,728.0878,1.0,237.6
4465,AllCCS-32859911,NADPH,C21H30N7O17P3,[M+NH4]+,1.0,763.1249,1.0,238.0
4466,AllCCS-32859911,NADPH,C21H30N7O17P3,[M+Na]+,1.0,768.0803,1.0,238.0
4467,AllCCS-32859911,NADPH,C21H30N7O17P3,[M-H]-,-1.0,744.0838,-1.0,234.0
4468,AllCCS-32859911,NADPH,C21H30N7O17P3,[M+Na-2H]-,-1.0,766.0658,-1.0,236.5
4469,AllCCS-32859911,NADPH,C21H30N7O17P3,[M+HCOO]-,-1.0,790.0893,-1.0,239.4
4470,DeepCCS-30932474,NADP,C21H28N7O17P3,[M+H]+,1.0,744.0827,1.0,212.5
4471,DeepCCS-30932474,NADP,C21H28N7O17P3,[M-H]-,-1.0,742.0682,-1.0,210.7
4472,DeepCCS-30932474,NADP,C21H28N7O17P3,[M-2H]2-,,371.0341,,244.7
4473,DeepCCS-30932474,NADP,C21H28N7O17P3,[M+Na]+,1.0,766.0647,1.0,218.6
4474,AllCCS-32859911,NADP,C21H28N7O17P3,[M+H]+,1.0,744.0827,1.0,237.9
4475,AllCCS-32859911,NADP,C21H28N7O17P3,[M+H-H2O]+,1.0,726.0722,1.0,237.6
4476,AllCCS-32859911,NADP,C21H28N7O17P3,[M+NH4]+,1.0,761.1093,1.0,238.1
4477,AllCCS-32859911,NADP,C21H28N7O17P3,[M+Na]+,1.0,766.0647,1.0,238.1
4478,AllCCS-32859911,NADP,C21H28N7O17P3,[M-H]-,-1.0,742.0682,-1.0,225.4
4479,AllCCS-32859911,NADP,C21H28N7O17P3,[M+Na-2H]-,-1.0,764.0501,-1.0,227.2
4480,AllCCS-32859911,NADP,C21H28N7O17P3,[M+HCOO]-,-1.0,788.0737,-1.0,229.3
4498,DarkChem-31661259,2-Hexaprenyl-6-methoxyphenol,C37H56O2,[M+H]+,1.0,533.4353,1.0,226.7
4499,DarkChem-31661259,2-Hexaprenyl-6-methoxyphenol,C37H56O2,[M-H]-,-1.0,531.4208,-1.0,224.6
4500,DeepCCS-30932474,2-Hexaprenyl-6-methoxyphenol,C37H56O2,[M+H]+,1.0,533.4353,1.0,238.5
4501,DeepCCS-30932474,2-Hexaprenyl-6-methoxyphenol,C37H56O2,[M-H]-,-1.0,531.4208,-1.0,236.1
4502,DeepCCS-30932474,2-Hexaprenyl-6-methoxyphenol,C37H56O2,[M-2H]2-,,265.7104,,269.0
4503,DeepCCS-30932474,2-Hexaprenyl-6-methoxyphenol,C37H56O2,[M+Na]+,1.0,555.4172,1.0,244.4
4504,AllCCS-32859911,2-Hexaprenyl-6-methoxyphenol,C37H56O2,[M+H]+,1.0,533.4353,1.0,241.6
4505,AllCCS-32859911,2-Hexaprenyl-6-methoxyphenol,C37H56O2,[M+H-H2O]+,1.0,515.4247,1.0,240.0
4506,AllCCS-32859911,2-Hexaprenyl-6-methoxyphenol,C37H56O2,[M+NH4]+,1.0,550.4619,1.0,243.0
4507,AllCCS-32859911,2-Hexaprenyl-6-methoxyphenol,C37H56O2,[M+Na]+,1.0,555.4172,1.0,243.5
4508,AllCCS-32859911,2-Hexaprenyl-6-methoxyphenol,C37H56O2,[M-H]-,-1.0,531.4208,-1.0,222.1
4509,AllCCS-32859911,2-Hexaprenyl-6-methoxyphenol,C37H56O2,[M+Na-2H]-,-1.0,553.4027,-1.0,225.0
4510,AllCCS-32859911,2-Hexaprenyl-6-methoxyphenol,C37H56O2,[M+HCOO]-,-1.0,577.4262,-1.0,228.4
4511,DeepCCS-30932474,2-Hydroxybutyric acid,C4H8O3,[M+H]+,1.0,105.0546,1.0,120.6
4512,DeepCCS-30932474,2-Hydroxybutyric acid,C4H8O3,[M-H]-,-1.0,103.0401,-1.0,117.8
4513,DeepCCS-30932474,2-Hydroxybutyric acid,C4H8O3,[M-2H]2-,,51.52,,154.3
4514,DeepCCS-30932474,2-Hydroxybutyric acid,C4H8O3,[M+Na]+,1.0,127.0366,1.0,128.9
4515,AllCCS-32859911,2-Hydroxybutyric acid,C4H8O3,[M+H]+,1.0,105.0546,1.0,127.7
4516,AllCCS-32859911,2-Hydroxybutyric acid,C4H8O3,[M+H-H2O]+,1.0,87.0441,1.0,123.4
4517,AllCCS-32859911,2-Hydroxybutyric acid,C4H8O3,[M+NH4]+,1.0,122.0812,1.0,131.8
4518,AllCCS-32859911,2-Hydroxybutyric acid,C4H8O3,[M+Na]+,1.0,127.0366,1.0,132.9
4519,AllCCS-32859911,2-Hydroxybutyric acid,C4H8O3,[M-H]-,-1.0,103.0401,-1.0,123.6
4520,AllCCS-32859911,2-Hydroxybutyric acid,C4H8O3,[M+Na-2H]-,-1.0,125.022,-1.0,127.4
4521,AllCCS-32859911,2-Hydroxybutyric acid,C4H8O3,[M+HCOO]-,-1.0,149.0455,-1.0,131.7
4522,DeepCCS-30932474,Propionyl-CoA,C24H40N7O17P3S,[M+H]+,1.0,824.1487,1.0,176.8
4523,DeepCCS-30932474,Propionyl-CoA,C24H40N7O17P3S,[M-H]-,-1.0,822.1341,-1.0,174.9
4524,DeepCCS-30932474,Propionyl-CoA,C24H40N7O17P3S,[M-2H]2-,,411.0671,,209.3
4525,DeepCCS-30932474,Propionyl-CoA,C24H40N7O17P3S,[M+Na]+,1.0,846.1306,1.0,184.1
4526,AllCCS-32859911,Propionyl-CoA,C24H40N7O17P3S,[M+H]+,1.0,824.1487,1.0,253.1
4527,AllCCS-32859911,Propionyl-CoA,C24H40N7O17P3S,[M+H-H2O]+,1.0,806.1381,1.0,253.4
4528,AllCCS-32859911,Propionyl-CoA,C24H40N7O17P3S,[M+NH4]+,1.0,841.1752,1.0,252.8
4529,AllCCS-32859911,Propionyl-CoA,C24H40N7O17P3S,[M+Na]+,1.0,846.1306,1.0,252.7
4530,AllCCS-32859911,Propionyl-CoA,C24H40N7O17P3S,[M-H]-,-1.0,822.1341,-1.0,248.6
4531,AllCCS-32859911,Propionyl-CoA,C24H40N7O17P3S,[M+Na-2H]-,-1.0,844.1161,-1.0,252.6
4532,AllCCS-32859911,Propionyl-CoA,C24H40N7O17P3S,[M+HCOO]-,-1.0,868.1396,-1.0,257.0
4533,DarkChem-31661259,Deoxyadenosine monophosphate,C10H14N5O6P,[M+H]+,1.0,332.0754,1.0,172.2
4534,DarkChem-31661259,Deoxyadenosine monophosphate,C10H14N5O6P,[M-H]-,-1.0,330.0609,-1.0,168.1
4535,AllCCS-32859911,Deoxyadenosine monophosphate,C10H14N5O6P,[M+H]+,1.0,332.0754,1.0,172.0
4536,AllCCS-32859911,Deoxyadenosine monophosphate,C10H14N5O6P,[M-H]-,-1.0,330.0609,-1.0,168.3
4537,DeepCCS-30932474,Deoxyadenosine monophosphate,C10H14N5O6P,[M+H]+,1.0,332.0754,1.0,161.4
4538,DeepCCS-30932474,Deoxyadenosine monophosphate,C10H14N5O6P,[M-H]-,-1.0,330.0609,-1.0,159.0
4539,DeepCCS-30932474,Deoxyadenosine monophosphate,C10H14N5O6P,[M-2H]2-,,165.0304,,192.6
4540,DeepCCS-30932474,Deoxyadenosine monophosphate,C10H14N5O6P,[M+Na]+,1.0,354.0574,1.0,167.6
4542,AllCCS-32859911,Deoxyadenosine monophosphate,C10H14N5O6P,[M+H-H2O]+,1.0,314.0649,1.0,169.0
4543,AllCCS-32859911,Deoxyadenosine monophosphate,C10H14N5O6P,[M+NH4]+,1.0,349.102,1.0,174.8
4544,AllCCS-32859911,Deoxyadenosine monophosphate,C10H14N5O6P,[M+Na]+,1.0,354.0574,1.0,175.6
4546,AllCCS-32859911,Deoxyadenosine monophosphate,C10H14N5O6P,[M+Na-2H]-,-1.0,352.0428,-1.0,167.9
4547,AllCCS-32859911,Deoxyadenosine monophosphate,C10H14N5O6P,[M+HCOO]-,-1.0,376.0664,-1.0,167.6
4548,DarkChem-31661259,Cyclic GMP,C10H12N5O7P,[M+H]+,1.0,346.0547,1.0,177.0
4549,DarkChem-31661259,Cyclic GMP,C10H12N5O7P,[M-H]-,-1.0,344.0402,-1.0,169.7
4550,AllCCS-32859911,Cyclic GMP,C10H12N5O7P,[M+H]+,1.0,346.0547,1.0,174.1
4551,AllCCS-32859911,Cyclic GMP,C10H12N5O7P,[M-H]-,-1.0,344.0402,-1.0,168.8
4552,DeepCCS-30932474,Cyclic GMP,C10H12N5O7P,[M+H]+,1.0,346.0547,1.0,174.9
4553,DeepCCS-30932474,Cyclic GMP,C10H12N5O7P,[M-H]-,-1.0,344.0402,-1.0,172.4
4554,DeepCCS-30932474,Cyclic GMP,C10H12N5O7P,[M-2H]2-,,172.0201,,207.2
4555,DeepCCS-30932474,Cyclic GMP,C10H12N5O7P,[M+Na]+,1.0,368.0367,1.0,183.0
4557,AllCCS-32859911,Cyclic GMP,C10H12N5O7P,[M+H-H2O]+,1.0,328.0441,1.0,171.1
4558,AllCCS-32859911,Cyclic GMP,C10H12N5O7P,[M+NH4]+,1.0,363.0813,1.0,176.9
4559,AllCCS-32859911,Cyclic GMP,C10H12N5O7P,[M+Na]+,1.0,368.0367,1.0,177.7
4561,AllCCS-32859911,Cyclic GMP,C10H12N5O7P,[M+Na-2H]-,-1.0,366.0221,-1.0,168.2
4562,AllCCS-32859911,Cyclic GMP,C10H12N5O7P,[M+HCOO]-,-1.0,390.0456,-1.0,167.6
4563,DarkChem-31661259,Hydroxyphenyllactic acid,C9H10O4,[M+H]+,1.0,183.0652,1.0,141.3
4564,DarkChem-31661259,Hydroxyphenyllactic acid,C9H10O4,[M-H]-,-1.0,181.0506,-1.0,136.4
4565,AllCCS-32859911,Hydroxyphenyllactic acid,C9H10O4,[M+H]+,1.0,183.0652,1.0,140.2
4566,AllCCS-32859911,Hydroxyphenyllactic acid,C9H10O4,[M-H]-,-1.0,181.0506,-1.0,137.9
4567,DeepCCS-30932474,Hydroxyphenyllactic acid,C9H10O4,[M+H]+,1.0,183.0652,1.0,134.3
4568,DeepCCS-30932474,Hydroxyphenyllactic acid,C9H10O4,[M-H]-,-1.0,181.0506,-1.0,130.5
4569,DeepCCS-30932474,Hydroxyphenyllactic acid,C9H10O4,[M-2H]2-,,90.5253,,167.8
4570,DeepCCS-30932474,Hydroxyphenyllactic acid,C9H10O4,[M+Na]+,1.0,205.0471,1.0,143.4
4572,AllCCS-32859911,Hydroxyphenyllactic acid,C9H10O4,[M+H-H2O]+,1.0,165.0546,1.0,136.0
4573,AllCCS-32859911,Hydroxyphenyllactic acid,C9H10O4,[M+NH4]+,1.0,200.0917,1.0,144.2
4574,AllCCS-32859911,Hydroxyphenyllactic acid,C9H10O4,[M+Na]+,1.0,205.0471,1.0,145.3
4576,AllCCS-32859911,Hydroxyphenyllactic acid,C9H10O4,[M+Na-2H]-,-1.0,203.0326,-1.0,138.7
4577,AllCCS-32859911,Hydroxyphenyllactic acid,C9H10O4,[M+HCOO]-,-1.0,227.0561,-1.0,139.7
4578,DarkChem-31661259,3-Hexaprenyl-4-hydroxybenzoic acid,C37H54O3,[M+H]+,1.0,547.4146,1.0,233.7
4579,DarkChem-31661259,3-Hexaprenyl-4-hydroxybenzoic acid,C37H54O3,[M-H]-,-1.0,545.4,-1.0,227.1
4580,DeepCCS-30932474,3-Hexaprenyl-4-hydroxybenzoic acid,C37H54O3,[M+H]+,1.0,547.4146,1.0,231.5
4581,DeepCCS-30932474,3-Hexaprenyl-4-hydroxybenzoic acid,C37H54O3,[M-H]-,-1.0,545.4,-1.0,229.1
4582,DeepCCS-30932474,3-Hexaprenyl-4-hydroxybenzoic acid,C37H54O3,[M-2H]2-,,272.7,,262.0
4583,DeepCCS-30932474,3-Hexaprenyl-4-hydroxybenzoic acid,C37H54O3,[M+Na]+,1.0,569.3965,1.0,237.4
4584,AllCCS-32859911,3-Hexaprenyl-4-hydroxybenzoic acid,C37H54O3,[M+H]+,1.0,547.4146,1.0,243.6
4585,AllCCS-32859911,3-Hexaprenyl-4-hydroxybenzoic acid,C37H54O3,[M+H-H2O]+,1.0,529.404,1.0,242.0
4586,AllCCS-32859911,3-Hexaprenyl-4-hydroxybenzoic acid,C37H54O3,[M+NH4]+,1.0,564.4411,1.0,245.0
4587,AllCCS-32859911,3-Hexaprenyl-4-hydroxybenzoic acid,C37H54O3,[M+Na]+,1.0,569.3965,1.0,245.4
4588,AllCCS-32859911,3-Hexaprenyl-4-hydroxybenzoic acid,C37H54O3,[M-H]-,-1.0,545.4,-1.0,222.3
4589,AllCCS-32859911,3-Hexaprenyl-4-hydroxybenzoic acid,C37H54O3,[M+Na-2H]-,-1.0,567.382,-1.0,225.4
4590,AllCCS-32859911,3-Hexaprenyl-4-hydroxybenzoic acid,C37H54O3,[M+HCOO]-,-1.0,591.4055,-1.0,229.0
4591,AllCCS-32859911,"3-Hexaprenyl-4,5-Dihydroxybenzoic acid",C37H54O4,[M+H]+,1.0,563.4095,1.0,245.8
4592,AllCCS-32859911,"3-Hexaprenyl-4,5-Dihydroxybenzoic acid",C37H54O4,[M-H]-,-1.0,561.3949,-1.0,225.5
4593,DeepCCS-30932474,"3-Hexaprenyl-4,5-Dihydroxybenzoic acid",C37H54O4,[M+H]+,1.0,563.4095,1.0,234.9
4594,DeepCCS-30932474,"3-Hexaprenyl-4,5-Dihydroxybenzoic acid",C37H54O4,[M-H]-,-1.0,561.3949,-1.0,232.5
4595,DeepCCS-30932474,"3-Hexaprenyl-4,5-Dihydroxybenzoic acid",C37H54O4,[M-2H]2-,,280.6975,,265.3
4596,DeepCCS-30932474,"3-Hexaprenyl-4,5-Dihydroxybenzoic acid",C37H54O4,[M+Na]+,1.0,585.3914,1.0,240.8
4598,AllCCS-32859911,"3-Hexaprenyl-4,5-Dihydroxybenzoic acid",C37H54O4,[M+H-H2O]+,1.0,545.3989,1.0,244.3
4599,AllCCS-32859911,"3-Hexaprenyl-4,5-Dihydroxybenzoic acid",C37H54O4,[M+NH4]+,1.0,580.436,1.0,247.2
4600,AllCCS-32859911,"3-Hexaprenyl-4,5-Dihydroxybenzoic acid",C37H54O4,[M+Na]+,1.0,585.3914,1.0,247.6
4602,AllCCS-32859911,"3-Hexaprenyl-4,5-Dihydroxybenzoic acid",C37H54O4,[M+Na-2H]-,-1.0,583.3769,-1.0,229.0
4603,AllCCS-32859911,"3-Hexaprenyl-4,5-Dihydroxybenzoic acid",C37H54O4,[M+HCOO]-,-1.0,607.4004,-1.0,232.9
4604,DarkChem-31661259,3-Hexaprenyl-4-hydroxy-5-methoxybenzoic acid,C38H56O4,[M+H]+,1.0,577.4251,1.0,238.9
4605,DarkChem-31661259,3-Hexaprenyl-4-hydroxy-5-methoxybenzoic acid,C38H56O4,[M-H]-,-1.0,575.4106,-1.0,232.9
4606,AllCCS-32859911,3-Hexaprenyl-4-hydroxy-5-methoxybenzoic acid,C38H56O4,[M+H]+,1.0,577.4251,1.0,248.1
4607,AllCCS-32859911,3-Hexaprenyl-4-hydroxy-5-methoxybenzoic acid,C38H56O4,[M-H]-,-1.0,575.4106,-1.0,229.2
4608,DeepCCS-30932474,3-Hexaprenyl-4-hydroxy-5-methoxybenzoic acid,C38H56O4,[M+H]+,1.0,577.4251,1.0,243.3
4609,DeepCCS-30932474,3-Hexaprenyl-4-hydroxy-5-methoxybenzoic acid,C38H56O4,[M-H]-,-1.0,575.4106,-1.0,240.9
4610,DeepCCS-30932474,3-Hexaprenyl-4-hydroxy-5-methoxybenzoic acid,C38H56O4,[M-2H]2-,,287.7053,,273.8
4611,DeepCCS-30932474,3-Hexaprenyl-4-hydroxy-5-methoxybenzoic acid,C38H56O4,[M+Na]+,1.0,599.4071,1.0,249.2
4613,AllCCS-32859911,3-Hexaprenyl-4-hydroxy-5-methoxybenzoic acid,C38H56O4,[M+H-H2O]+,1.0,559.4146,1.0,246.6
4614,AllCCS-32859911,3-Hexaprenyl-4-hydroxy-5-methoxybenzoic acid,C38H56O4,[M+NH4]+,1.0,594.4517,1.0,249.4
4615,AllCCS-32859911,3-Hexaprenyl-4-hydroxy-5-methoxybenzoic acid,C38H56O4,[M+Na]+,1.0,599.4071,1.0,249.8
4617,AllCCS-32859911,3-Hexaprenyl-4-hydroxy-5-methoxybenzoic acid,C38H56O4,[M+Na-2H]-,-1.0,597.3925,-1.0,232.8
4618,AllCCS-32859911,3-Hexaprenyl-4-hydroxy-5-methoxybenzoic acid,C38H56O4,[M+HCOO]-,-1.0,621.4161,-1.0,236.8
4619,DeepCCS-30932474,(S)-Hydroxydecanoyl-CoA,C31H54N7O18P3S,[M-2H]2-,,468.1193,,258.1
4620,DeepCCS-30932474,(S)-Hydroxydecanoyl-CoA,C31H54N7O18P3S,[M+Na]+,1.0,960.2351,1.0,232.6
4621,AllCCS-32859911,(S)-Hydroxydecanoyl-CoA,C31H54N7O18P3S,[M+H]+,1.0,938.2532,1.0,275.9
4622,AllCCS-32859911,(S)-Hydroxydecanoyl-CoA,C31H54N7O18P3S,[M+H-H2O]+,1.0,920.2426,1.0,276.5
4623,AllCCS-32859911,(S)-Hydroxydecanoyl-CoA,C31H54N7O18P3S,[M+NH4]+,1.0,955.2797,1.0,275.3
4624,AllCCS-32859911,(S)-Hydroxydecanoyl-CoA,C31H54N7O18P3S,[M+Na]+,1.0,960.2351,1.0,275.1
4625,AllCCS-32859911,(S)-Hydroxydecanoyl-CoA,C31H54N7O18P3S,[M-H]-,-1.0,936.2386,-1.0,279.2
4626,AllCCS-32859911,(S)-Hydroxydecanoyl-CoA,C31H54N7O18P3S,[M+Na-2H]-,-1.0,958.2206,-1.0,284.3
4627,AllCCS-32859911,(S)-Hydroxydecanoyl-CoA,C31H54N7O18P3S,[M+HCOO]-,-1.0,982.2441,-1.0,290.0
4628,DeepCCS-30932474,(S)-3-Hydroxydodecanoyl-CoA,C33H58N7O18P3S,[M-2H]2-,,482.135,,277.5
4629,DeepCCS-30932474,(S)-3-Hydroxydodecanoyl-CoA,C33H58N7O18P3S,[M+Na]+,1.0,988.2664,1.0,251.0
4630,AllCCS-32859911,(S)-3-Hydroxydodecanoyl-CoA,C33H58N7O18P3S,[M+H]+,1.0,966.2845,1.0,282.3
4631,AllCCS-32859911,(S)-3-Hydroxydodecanoyl-CoA,C33H58N7O18P3S,[M+H-H2O]+,1.0,948.2739,1.0,282.9
4632,AllCCS-32859911,(S)-3-Hydroxydodecanoyl-CoA,C33H58N7O18P3S,[M+NH4]+,1.0,983.311,1.0,281.6
4633,AllCCS-32859911,(S)-3-Hydroxydodecanoyl-CoA,C33H58N7O18P3S,[M+Na]+,1.0,988.2664,1.0,281.5
4634,AllCCS-32859911,(S)-3-Hydroxydodecanoyl-CoA,C33H58N7O18P3S,[M-H]-,-1.0,964.2699,-1.0,286.7
4635,AllCCS-32859911,(S)-3-Hydroxydodecanoyl-CoA,C33H58N7O18P3S,[M+Na-2H]-,-1.0,986.2519,-1.0,292.1
4636,AllCCS-32859911,(S)-3-Hydroxydodecanoyl-CoA,C33H58N7O18P3S,[M+HCOO]-,-1.0,1010.2754,-1.0,298.0
4648,DeepCCS-30932474,(S)-3-Hydroxyhexadecanoyl-CoA,C37H66N7O18P3S,[M-2H]2-,,510.1663,,275.2
4649,DeepCCS-30932474,(S)-3-Hydroxyhexadecanoyl-CoA,C37H66N7O18P3S,[M+Na]+,1.0,1044.329,1.0,248.5
4650,AllCCS-32859911,(S)-3-Hydroxyhexadecanoyl-CoA,C37H66N7O18P3S,[M+H]+,1.0,1022.3471,1.0,294.9
4651,AllCCS-32859911,(S)-3-Hydroxyhexadecanoyl-CoA,C37H66N7O18P3S,[M+H-H2O]+,1.0,1004.3365,1.0,295.6
4652,AllCCS-32859911,(S)-3-Hydroxyhexadecanoyl-CoA,C37H66N7O18P3S,[M+NH4]+,1.0,1039.3736,1.0,294.3
4653,AllCCS-32859911,(S)-3-Hydroxyhexadecanoyl-CoA,C37H66N7O18P3S,[M+Na]+,1.0,1044.329,1.0,294.1
4654,AllCCS-32859911,(S)-3-Hydroxyhexadecanoyl-CoA,C37H66N7O18P3S,[M-H]-,-1.0,1020.3325,-1.0,297.5
4655,AllCCS-32859911,(S)-3-Hydroxyhexadecanoyl-CoA,C37H66N7O18P3S,[M+Na-2H]-,-1.0,1042.3145,-1.0,303.1
4656,AllCCS-32859911,(S)-3-Hydroxyhexadecanoyl-CoA,C37H66N7O18P3S,[M+HCOO]-,-1.0,1066.338,-1.0,309.3
4657,DeepCCS-30932474,(2E)-Hexadecenoyl-CoA,C37H64N7O17P3S,[M+H]+,1.0,1004.3365,1.0,252.0
4658,DeepCCS-30932474,(2E)-Hexadecenoyl-CoA,C37H64N7O17P3S,[M-H]-,-1.0,1002.3219,-1.0,250.1
4659,DeepCCS-30932474,(2E)-Hexadecenoyl-CoA,C37H64N7O17P3S,[M-2H]2-,,501.161,,283.7
4660,DeepCCS-30932474,(2E)-Hexadecenoyl-CoA,C37H64N7O17P3S,[M+Na]+,1.0,1026.3184,1.0,257.7
4661,AllCCS-32859911,(2E)-Hexadecenoyl-CoA,C37H64N7O17P3S,[M+H]+,1.0,1004.3365,1.0,291.8
4662,AllCCS-32859911,(2E)-Hexadecenoyl-CoA,C37H64N7O17P3S,[M+H-H2O]+,1.0,986.3259,1.0,292.3
4663,AllCCS-32859911,(2E)-Hexadecenoyl-CoA,C37H64N7O17P3S,[M+NH4]+,1.0,1021.363,1.0,291.2
4664,AllCCS-32859911,(2E)-Hexadecenoyl-CoA,C37H64N7O17P3S,[M+Na]+,1.0,1026.3184,1.0,291.0
4665,AllCCS-32859911,(2E)-Hexadecenoyl-CoA,C37H64N7O17P3S,[M-H]-,-1.0,1002.3219,-1.0,296.7
4666,AllCCS-32859911,(2E)-Hexadecenoyl-CoA,C37H64N7O17P3S,[M+Na-2H]-,-1.0,1024.3039,-1.0,302.6
4667,AllCCS-32859911,(2E)-Hexadecenoyl-CoA,C37H64N7O17P3S,[M+HCOO]-,-1.0,1048.3274,-1.0,309.0
4668,DeepCCS-30932474,trans-Octadec-2-enoyl-CoA,C39H68N7O17P3S,[M+H]+,1.0,1032.3678,1.0,289.9
4669,DeepCCS-30932474,trans-Octadec-2-enoyl-CoA,C39H68N7O17P3S,[M-H]-,-1.0,1030.3532,-1.0,288.2
4670,DeepCCS-30932474,trans-Octadec-2-enoyl-CoA,C39H68N7O17P3S,[M-2H]2-,,515.1766,,323.0
4671,DeepCCS-30932474,trans-Octadec-2-enoyl-CoA,C39H68N7O17P3S,[M+Na]+,1.0,1054.3497,1.0,296.8
4672,AllCCS-32859911,trans-Octadec-2-enoyl-CoA,C39H68N7O17P3S,[M+H]+,1.0,1032.3678,1.0,298.0
4673,AllCCS-32859911,trans-Octadec-2-enoyl-CoA,C39H68N7O17P3S,[M+H-H2O]+,1.0,1014.3572,1.0,298.5
4674,AllCCS-32859911,trans-Octadec-2-enoyl-CoA,C39H68N7O17P3S,[M+NH4]+,1.0,1049.3943,1.0,297.4
4675,AllCCS-32859911,trans-Octadec-2-enoyl-CoA,C39H68N7O17P3S,[M+Na]+,1.0,1054.3497,1.0,297.2
4676,AllCCS-32859911,trans-Octadec-2-enoyl-CoA,C39H68N7O17P3S,[M-H]-,-1.0,1030.3532,-1.0,301.6
4677,AllCCS-32859911,trans-Octadec-2-enoyl-CoA,C39H68N7O17P3S,[M+Na-2H]-,-1.0,1052.3352,-1.0,307.5
4678,AllCCS-32859911,trans-Octadec-2-enoyl-CoA,C39H68N7O17P3S,[M+HCOO]-,-1.0,1076.3587,-1.0,314.0
4679,DeepCCS-30932474,3-hydroxyoctadecanoyl-CoA,C39H70N7O18P3S,[M+H]+,1.0,1050.3784,1.0,253.4
4680,DeepCCS-30932474,3-hydroxyoctadecanoyl-CoA,C39H70N7O18P3S,[M-H]-,-1.0,1048.3638,-1.0,251.6
4681,DeepCCS-30932474,3-hydroxyoctadecanoyl-CoA,C39H70N7O18P3S,[M-2H]2-,,524.1819,,285.6
4682,DeepCCS-30932474,3-hydroxyoctadecanoyl-CoA,C39H70N7O18P3S,[M+Na]+,1.0,1072.3603,1.0,259.3
4683,AllCCS-32859911,3-hydroxyoctadecanoyl-CoA,C39H70N7O18P3S,[M+H]+,1.0,1050.3784,1.0,300.9
4684,AllCCS-32859911,3-hydroxyoctadecanoyl-CoA,C39H70N7O18P3S,[M+H-H2O]+,1.0,1032.3678,1.0,301.5
4685,AllCCS-32859911,3-hydroxyoctadecanoyl-CoA,C39H70N7O18P3S,[M+NH4]+,1.0,1067.4049,1.0,300.3
4686,AllCCS-32859911,3-hydroxyoctadecanoyl-CoA,C39H70N7O18P3S,[M+Na]+,1.0,1072.3603,1.0,300.1
4687,AllCCS-32859911,3-hydroxyoctadecanoyl-CoA,C39H70N7O18P3S,[M-H]-,-1.0,1048.3638,-1.0,301.2
4688,AllCCS-32859911,3-hydroxyoctadecanoyl-CoA,C39H70N7O18P3S,[M+Na-2H]-,-1.0,1070.3458,-1.0,306.9
4689,AllCCS-32859911,3-hydroxyoctadecanoyl-CoA,C39H70N7O18P3S,[M+HCOO]-,-1.0,1094.3693,-1.0,313.2
4690,DeepCCS-30932474,(S)-3-Hydroxytetradecanoyl-CoA,C35H62N7O18P3S,[M-2H]2-,,496.1506,,276.1
4691,DeepCCS-30932474,(S)-3-Hydroxytetradecanoyl-CoA,C35H62N7O18P3S,[M+Na]+,1.0,1016.2977,1.0,249.3
4692,AllCCS-32859911,(S)-3-Hydroxytetradecanoyl-CoA,C35H62N7O18P3S,[M+H]+,1.0,994.3158,1.0,288.6
4693,AllCCS-32859911,(S)-3-Hydroxytetradecanoyl-CoA,C35H62N7O18P3S,[M+H-H2O]+,1.0,976.3052,1.0,289.2
4694,AllCCS-32859911,(S)-3-Hydroxytetradecanoyl-CoA,C35H62N7O18P3S,[M+NH4]+,1.0,1011.3423,1.0,288.0
4695,AllCCS-32859911,(S)-3-Hydroxytetradecanoyl-CoA,C35H62N7O18P3S,[M+Na]+,1.0,1016.2977,1.0,287.8
4696,AllCCS-32859911,(S)-3-Hydroxytetradecanoyl-CoA,C35H62N7O18P3S,[M-H]-,-1.0,992.3012,-1.0,293.0
4697,AllCCS-32859911,(S)-3-Hydroxytetradecanoyl-CoA,C35H62N7O18P3S,[M+Na-2H]-,-1.0,1014.2832,-1.0,298.5
4698,AllCCS-32859911,(S)-3-Hydroxytetradecanoyl-CoA,C35H62N7O18P3S,[M+HCOO]-,-1.0,1038.3067,-1.0,304.6
4699,DeepCCS-30932474,3-Oxodecanoyl-CoA,C31H52N7O18P3S,[M-2H]2-,,467.1115,,274.2
4700,DeepCCS-30932474,3-Oxodecanoyl-CoA,C31H52N7O18P3S,[M+Na]+,1.0,958.2195,1.0,248.1
4701,AllCCS-32859911,3-Oxodecanoyl-CoA,C31H52N7O18P3S,[M+H]+,1.0,936.2375,1.0,274.6
4702,AllCCS-32859911,3-Oxodecanoyl-CoA,C31H52N7O18P3S,[M+H-H2O]+,1.0,918.2269,1.0,275.2
4703,AllCCS-32859911,3-Oxodecanoyl-CoA,C31H52N7O18P3S,[M+NH4]+,1.0,953.2641,1.0,274.0
4704,AllCCS-32859911,3-Oxodecanoyl-CoA,C31H52N7O18P3S,[M+Na]+,1.0,958.2195,1.0,273.8
4705,AllCCS-32859911,3-Oxodecanoyl-CoA,C31H52N7O18P3S,[M-H]-,-1.0,934.223,-1.0,277.4
4706,AllCCS-32859911,3-Oxodecanoyl-CoA,C31H52N7O18P3S,[M+Na-2H]-,-1.0,956.2049,-1.0,282.5
4707,AllCCS-32859911,3-Oxodecanoyl-CoA,C31H52N7O18P3S,[M+HCOO]-,-1.0,980.2284,-1.0,288.2
4708,DeepCCS-30932474,3-Oxododecanoyl-CoA,C33H56N7O18P3S,[M-2H]2-,,481.1271,,279.0
4709,DeepCCS-30932474,3-Oxododecanoyl-CoA,C33H56N7O18P3S,[M+Na]+,1.0,986.2508,1.0,252.7
4710,AllCCS-32859911,3-Oxododecanoyl-CoA,C33H56N7O18P3S,[M+H]+,1.0,964.2688,1.0,280.9
4711,AllCCS-32859911,3-Oxododecanoyl-CoA,C33H56N7O18P3S,[M+H-H2O]+,1.0,946.2582,1.0,281.5
4712,AllCCS-32859911,3-Oxododecanoyl-CoA,C33H56N7O18P3S,[M+NH4]+,1.0,981.2954,1.0,280.2
4713,AllCCS-32859911,3-Oxododecanoyl-CoA,C33H56N7O18P3S,[M+Na]+,1.0,986.2508,1.0,280.1
4714,AllCCS-32859911,3-Oxododecanoyl-CoA,C33H56N7O18P3S,[M-H]-,-1.0,962.2543,-1.0,285.1
4715,AllCCS-32859911,3-Oxododecanoyl-CoA,C33H56N7O18P3S,[M+Na-2H]-,-1.0,984.2362,-1.0,290.5
4716,AllCCS-32859911,3-Oxododecanoyl-CoA,C33H56N7O18P3S,[M+HCOO]-,-1.0,1008.2597,-1.0,296.4
4717,DeepCCS-30932474,3-Oxooctadecanoyl-CoA,C39H68N7O18P3S,[M+H]+,1.0,1048.3627,1.0,253.6
4718,DeepCCS-30932474,3-Oxooctadecanoyl-CoA,C39H68N7O18P3S,[M-H]-,-1.0,1046.3482,-1.0,251.9
4719,DeepCCS-30932474,3-Oxooctadecanoyl-CoA,C39H68N7O18P3S,[M-2H]2-,,523.1741,,285.9
4720,DeepCCS-30932474,3-Oxooctadecanoyl-CoA,C39H68N7O18P3S,[M+Na]+,1.0,1070.3447,1.0,259.7
4721,AllCCS-32859911,3-Oxooctadecanoyl-CoA,C39H68N7O18P3S,[M+H]+,1.0,1048.3627,1.0,299.5
4722,AllCCS-32859911,3-Oxooctadecanoyl-CoA,C39H68N7O18P3S,[M+H-H2O]+,1.0,1030.3522,1.0,300.1
4723,AllCCS-32859911,3-Oxooctadecanoyl-CoA,C39H68N7O18P3S,[M+NH4]+,1.0,1065.3893,1.0,298.9
4724,AllCCS-32859911,3-Oxooctadecanoyl-CoA,C39H68N7O18P3S,[M+Na]+,1.0,1070.3447,1.0,298.7
4725,AllCCS-32859911,3-Oxooctadecanoyl-CoA,C39H68N7O18P3S,[M-H]-,-1.0,1046.3482,-1.0,300.8
4726,AllCCS-32859911,3-Oxooctadecanoyl-CoA,C39H68N7O18P3S,[M+Na-2H]-,-1.0,1068.3301,-1.0,306.6
4727,AllCCS-32859911,3-Oxooctadecanoyl-CoA,C39H68N7O18P3S,[M+HCOO]-,-1.0,1092.3536,-1.0,312.9
4728,DeepCCS-30932474,3-Oxotetradecanoyl-CoA,C35H60N7O18P3S,[M+H]+,1.0,992.3001,1.0,228.4
4729,DeepCCS-30932474,3-Oxotetradecanoyl-CoA,C35H60N7O18P3S,[M-H]-,-1.0,990.2856,-1.0,226.7
4730,DeepCCS-30932474,3-Oxotetradecanoyl-CoA,C35H60N7O18P3S,[M-2H]2-,,495.1428,,261.8
4731,DeepCCS-30932474,3-Oxotetradecanoyl-CoA,C35H60N7O18P3S,[M+Na]+,1.0,1014.2821,1.0,235.1
4732,AllCCS-32859911,3-Oxotetradecanoyl-CoA,C35H60N7O18P3S,[M+H]+,1.0,992.3001,1.0,286.8
4733,AllCCS-32859911,3-Oxotetradecanoyl-CoA,C35H60N7O18P3S,[M+H-H2O]+,1.0,974.2895,1.0,287.5
4734,AllCCS-32859911,3-Oxotetradecanoyl-CoA,C35H60N7O18P3S,[M+NH4]+,1.0,1009.3267,1.0,286.2
4735,AllCCS-32859911,3-Oxotetradecanoyl-CoA,C35H60N7O18P3S,[M+Na]+,1.0,1014.2821,1.0,286.0
4736,AllCCS-32859911,3-Oxotetradecanoyl-CoA,C35H60N7O18P3S,[M-H]-,-1.0,990.2856,-1.0,291.9
4737,AllCCS-32859911,3-Oxotetradecanoyl-CoA,C35H60N7O18P3S,[M+Na-2H]-,-1.0,1012.2675,-1.0,297.6
4738,AllCCS-32859911,3-Oxotetradecanoyl-CoA,C35H60N7O18P3S,[M+HCOO]-,-1.0,1036.291,-1.0,303.7
4758,DarkChem-31661259,4-Acetamidobutanoic acid,C6H11NO3,[M+H]+,1.0,146.0812,1.0,130.9
4759,DarkChem-31661259,4-Acetamidobutanoic acid,C6H11NO3,[M-H]-,-1.0,144.0666,-1.0,125.8
4760,DeepCCS-30932474,4-Acetamidobutanoic acid,C6H11NO3,[M+H]+,1.0,146.0812,1.0,129.2
4761,DeepCCS-30932474,4-Acetamidobutanoic acid,C6H11NO3,[M-H]-,-1.0,144.0666,-1.0,125.9
4762,DeepCCS-30932474,4-Acetamidobutanoic acid,C6H11NO3,[M-2H]2-,,72.0333,,162.4
4763,DeepCCS-30932474,4-Acetamidobutanoic acid,C6H11NO3,[M+Na]+,1.0,168.0631,1.0,137.8
4764,AllCCS-32859911,4-Acetamidobutanoic acid,C6H11NO3,[M+H]+,1.0,146.0812,1.0,133.3
4765,AllCCS-32859911,4-Acetamidobutanoic acid,C6H11NO3,[M+H-H2O]+,1.0,128.0706,1.0,129.3
4766,AllCCS-32859911,4-Acetamidobutanoic acid,C6H11NO3,[M+NH4]+,1.0,163.1077,1.0,137.0
4767,AllCCS-32859911,4-Acetamidobutanoic acid,C6H11NO3,[M+Na]+,1.0,168.0631,1.0,138.1
4768,AllCCS-32859911,4-Acetamidobutanoic acid,C6H11NO3,[M-H]-,-1.0,144.0666,-1.0,131.5
4769,AllCCS-32859911,4-Acetamidobutanoic acid,C6H11NO3,[M+Na-2H]-,-1.0,166.0486,-1.0,133.8
4770,AllCCS-32859911,4-Acetamidobutanoic acid,C6H11NO3,[M+HCOO]-,-1.0,190.0721,-1.0,136.4
4786,DarkChem-31661259,p-Aminobenzoic acid,C7H7NO2,[M+H]+,1.0,138.055,1.0,129.2
4787,DarkChem-31661259,p-Aminobenzoic acid,C7H7NO2,[M-H]-,-1.0,136.0404,-1.0,124.1
4788,AllCCS-32859911,p-Aminobenzoic acid,C7H7NO2,[M+H]+,1.0,138.055,1.0,129.6
4789,AllCCS-32859911,p-Aminobenzoic acid,C7H7NO2,[M-H]-,-1.0,136.0404,-1.0,125.7
4790,DeepCCS-30932474,p-Aminobenzoic acid,C7H7NO2,[M+H]+,1.0,138.055,1.0,125.1
4791,DeepCCS-30932474,p-Aminobenzoic acid,C7H7NO2,[M-H]-,-1.0,136.0404,-1.0,121.4
4792,DeepCCS-30932474,p-Aminobenzoic acid,C7H7NO2,[M-2H]2-,,68.0202,,158.7
4793,DeepCCS-30932474,p-Aminobenzoic acid,C7H7NO2,[M+Na]+,1.0,160.0369,1.0,133.9
4794,AllCCS-32859911,p-Aminobenzoic acid,C7H7NO2,[M+H]+,1.0,138.055,1.0,129.5
4795,AllCCS-32859911,p-Aminobenzoic acid,C7H7NO2,[M+H-H2O]+,1.0,120.0444,1.0,124.9
4796,AllCCS-32859911,p-Aminobenzoic acid,C7H7NO2,[M+NH4]+,1.0,155.0815,1.0,133.9
4797,AllCCS-32859911,p-Aminobenzoic acid,C7H7NO2,[M+Na]+,1.0,160.0369,1.0,135.1
4799,AllCCS-32859911,p-Aminobenzoic acid,C7H7NO2,[M+Na-2H]-,-1.0,158.0223,-1.0,127.4
4800,AllCCS-32859911,p-Aminobenzoic acid,C7H7NO2,[M+HCOO]-,-1.0,182.0459,-1.0,129.2
4801,DarkChem-31661259,4-Hydroxybenzoic acid,C7H6O3,[M+H]+,1.0,139.039,1.0,129.1
4802,DarkChem-31661259,4-Hydroxybenzoic acid,C7H6O3,[M-H]-,-1.0,137.0244,-1.0,127.3
4803,AllCCS-32859911,4-Hydroxybenzoic acid,C7H6O3,[M+H]+,1.0,139.039,1.0,129.0
4804,AllCCS-32859911,4-Hydroxybenzoic acid,C7H6O3,[M-H]-,-1.0,137.0244,-1.0,124.5
4805,DeepCCS-30932474,4-Hydroxybenzoic acid,C7H6O3,[M+H]+,1.0,139.039,1.0,129.7
4806,DeepCCS-30932474,4-Hydroxybenzoic acid,C7H6O3,[M-H]-,-1.0,137.0244,-1.0,126.2
4807,DeepCCS-30932474,4-Hydroxybenzoic acid,C7H6O3,[M-2H]2-,,68.5122,,163.5
4808,DeepCCS-30932474,4-Hydroxybenzoic acid,C7H6O3,[M+Na]+,1.0,161.0209,1.0,139.0
4810,AllCCS-32859911,4-Hydroxybenzoic acid,C7H6O3,[M+H-H2O]+,1.0,121.0284,1.0,124.3
4811,AllCCS-32859911,4-Hydroxybenzoic acid,C7H6O3,[M+NH4]+,1.0,156.0655,1.0,133.3
4812,AllCCS-32859911,4-Hydroxybenzoic acid,C7H6O3,[M+Na]+,1.0,161.0209,1.0,134.6
4814,AllCCS-32859911,4-Hydroxybenzoic acid,C7H6O3,[M+Na-2H]-,-1.0,159.0064,-1.0,126.1
4815,AllCCS-32859911,4-Hydroxybenzoic acid,C7H6O3,[M+HCOO]-,-1.0,183.0299,-1.0,127.9
4816,DeepCCS-30932474,4-hydroxybenzoyl-CoA,C28H40N7O18P3S,[M+H]+,1.0,888.1436,1.0,230.5
4817,DeepCCS-30932474,4-hydroxybenzoyl-CoA,C28H40N7O18P3S,[M-H]-,-1.0,886.1291,-1.0,227.8
4818,DeepCCS-30932474,4-hydroxybenzoyl-CoA,C28H40N7O18P3S,[M-2H]2-,,443.0645,,262.4
4819,DeepCCS-30932474,4-hydroxybenzoyl-CoA,C28H40N7O18P3S,[M+Na]+,1.0,910.1256,1.0,237.5
4820,AllCCS-32859911,4-hydroxybenzoyl-CoA,C28H40N7O18P3S,[M+H]+,1.0,888.1436,1.0,260.0
4821,AllCCS-32859911,4-hydroxybenzoyl-CoA,C28H40N7O18P3S,[M+H-H2O]+,1.0,870.133,1.0,260.5
4822,AllCCS-32859911,4-hydroxybenzoyl-CoA,C28H40N7O18P3S,[M+NH4]+,1.0,905.1702,1.0,259.6
4823,AllCCS-32859911,4-hydroxybenzoyl-CoA,C28H40N7O18P3S,[M+Na]+,1.0,910.1256,1.0,259.5
4824,AllCCS-32859911,4-hydroxybenzoyl-CoA,C28H40N7O18P3S,[M-H]-,-1.0,886.1291,-1.0,253.2
4825,AllCCS-32859911,4-hydroxybenzoyl-CoA,C28H40N7O18P3S,[M+Na-2H]-,-1.0,908.111,-1.0,257.4
4826,AllCCS-32859911,4-hydroxybenzoyl-CoA,C28H40N7O18P3S,[M+HCOO]-,-1.0,932.1345,-1.0,262.1
4827,DeepCCS-30932474,4-Hydroxycinnamic acid,C9H8O3,[M+H]+,1.0,165.0546,1.0,133.5
4828,DeepCCS-30932474,4-Hydroxycinnamic acid,C9H8O3,[M-H]-,-1.0,163.0401,-1.0,130.8
4829,DeepCCS-30932474,4-Hydroxycinnamic acid,C9H8O3,[M-2H]2-,,81.52,,166.8
4830,DeepCCS-30932474,4-Hydroxycinnamic acid,C9H8O3,[M+Na]+,1.0,187.0366,1.0,141.7
4831,AllCCS-32859911,4-Hydroxycinnamic acid,C9H8O3,[M+H]+,1.0,165.0546,1.0,134.5
4832,AllCCS-32859911,4-Hydroxycinnamic acid,C9H8O3,[M+H-H2O]+,1.0,147.0441,1.0,130.1
4833,AllCCS-32859911,4-Hydroxycinnamic acid,C9H8O3,[M+NH4]+,1.0,182.0812,1.0,138.6
4834,AllCCS-32859911,4-Hydroxycinnamic acid,C9H8O3,[M+Na]+,1.0,187.0366,1.0,139.7
4835,AllCCS-32859911,4-Hydroxycinnamic acid,C9H8O3,[M-H]-,-1.0,163.0401,-1.0,132.7
4836,AllCCS-32859911,4-Hydroxycinnamic acid,C9H8O3,[M+Na-2H]-,-1.0,185.022,-1.0,133.6
4837,AllCCS-32859911,4-Hydroxycinnamic acid,C9H8O3,[M+HCOO]-,-1.0,209.0455,-1.0,134.7
4838,DarkChem-31661259,Isovaleraldehyde,C5H10O,[M+H]+,1.0,87.0804,1.0,116.7
4839,DarkChem-31661259,Isovaleraldehyde,C5H10O,[M-H]-,-1.0,85.0659,-1.0,110.8
4840,DeepCCS-30932474,Isovaleraldehyde,C5H10O,[M+H]+,1.0,87.0804,1.0,129.4
4841,DeepCCS-30932474,Isovaleraldehyde,C5H10O,[M-H]-,-1.0,85.0659,-1.0,127.1
4842,DeepCCS-30932474,Isovaleraldehyde,C5H10O,[M-2H]2-,,42.5329,,163.3
4843,DeepCCS-30932474,Isovaleraldehyde,C5H10O,[M+Na]+,1.0,109.0624,1.0,137.9
4844,AllCCS-32859911,Isovaleraldehyde,C5H10O,[M+H]+,1.0,87.0804,1.0,121.7
4845,AllCCS-32859911,Isovaleraldehyde,C5H10O,[M+H-H2O]+,1.0,69.0699,1.0,117.3
4846,AllCCS-32859911,Isovaleraldehyde,C5H10O,[M+NH4]+,1.0,104.107,1.0,125.8
4847,AllCCS-32859911,Isovaleraldehyde,C5H10O,[M+Na]+,1.0,109.0624,1.0,127.0
4848,AllCCS-32859911,Isovaleraldehyde,C5H10O,[M-H]-,-1.0,85.0659,-1.0,129.4
4849,AllCCS-32859911,Isovaleraldehyde,C5H10O,[M+Na-2H]-,-1.0,107.0478,-1.0,134.1
4850,AllCCS-32859911,Isovaleraldehyde,C5H10O,[M+HCOO]-,-1.0,131.0714,-1.0,139.2
4851,DeepCCS-30932474,myo-Inositol hexakisphosphate,C6H18O24P6,[M+H]+,1.0,660.8686,1.0,174.3
4852,DeepCCS-30932474,myo-Inositol hexakisphosphate,C6H18O24P6,[M-H]-,-1.0,658.8541,-1.0,172.4
4853,DeepCCS-30932474,myo-Inositol hexakisphosphate,C6H18O24P6,[M-2H]2-,,329.427,,205.8
4854,DeepCCS-30932474,myo-Inositol hexakisphosphate,C6H18O24P6,[M+Na]+,1.0,682.8506,1.0,180.0
4855,AllCCS-32859911,myo-Inositol hexakisphosphate,C6H18O24P6,[M+H]+,1.0,660.8686,1.0,215.2
4856,AllCCS-32859911,myo-Inositol hexakisphosphate,C6H18O24P6,[M+H-H2O]+,1.0,642.8581,1.0,214.2
4857,AllCCS-32859911,myo-Inositol hexakisphosphate,C6H18O24P6,[M+NH4]+,1.0,677.8952,1.0,216.0
4858,AllCCS-32859911,myo-Inositol hexakisphosphate,C6H18O24P6,[M+Na]+,1.0,682.8506,1.0,216.3
4859,AllCCS-32859911,myo-Inositol hexakisphosphate,C6H18O24P6,[M-H]-,-1.0,658.8541,-1.0,201.1
4860,AllCCS-32859911,myo-Inositol hexakisphosphate,C6H18O24P6,[M+Na-2H]-,-1.0,680.836,-1.0,202.1
4861,AllCCS-32859911,myo-Inositol hexakisphosphate,C6H18O24P6,[M+HCOO]-,-1.0,704.8596,-1.0,203.3
4862,DarkChem-31661259,Deoxyadenosine,C10H13N5O3,[M+H]+,1.0,252.1091,1.0,154.5
4863,DarkChem-31661259,Deoxyadenosine,C10H13N5O3,[M-H]-,-1.0,250.0946,-1.0,153.8
4864,AllCCS-32859911,Deoxyadenosine,C10H13N5O3,[M+H]+,1.0,252.1091,1.0,156.9
4865,AllCCS-32859911,Deoxyadenosine,C10H13N5O3,[M-H]-,-1.0,250.0946,-1.0,157.0
4866,DeepCCS-30932474,Deoxyadenosine,C10H13N5O3,[M+H]+,1.0,252.1091,1.0,157.2
4867,DeepCCS-30932474,Deoxyadenosine,C10H13N5O3,[M-H]-,-1.0,250.0946,-1.0,154.8
4868,DeepCCS-30932474,Deoxyadenosine,C10H13N5O3,[M-2H]2-,,125.0473,,188.2
4869,DeepCCS-30932474,Deoxyadenosine,C10H13N5O3,[M+Na]+,1.0,274.0911,1.0,163.4
4871,AllCCS-32859911,Deoxyadenosine,C10H13N5O3,[M+H-H2O]+,1.0,234.0986,1.0,153.3
4872,AllCCS-32859911,Deoxyadenosine,C10H13N5O3,[M+NH4]+,1.0,269.1357,1.0,160.3
4873,AllCCS-32859911,Deoxyadenosine,C10H13N5O3,[M+Na]+,1.0,274.0911,1.0,161.3
4875,AllCCS-32859911,Deoxyadenosine,C10H13N5O3,[M+Na-2H]-,-1.0,272.0765,-1.0,156.6
4876,AllCCS-32859911,Deoxyadenosine,C10H13N5O3,[M+HCOO]-,-1.0,296.1,-1.0,156.3
4877,DarkChem-31661259,Deoxycytidine,C9H13N3O4,[M+H]+,1.0,228.0979,1.0,149.4
4878,DarkChem-31661259,Deoxycytidine,C9H13N3O4,[M-H]-,-1.0,226.0833,-1.0,148.2
4879,AllCCS-32859911,Deoxycytidine,C9H13N3O4,[M+H]+,1.0,228.0979,1.0,151.0
4880,AllCCS-32859911,Deoxycytidine,C9H13N3O4,[M-H]-,-1.0,226.0833,-1.0,150.2
4881,DeepCCS-30932474,Deoxycytidine,C9H13N3O4,[M+H]+,1.0,228.0979,1.0,152.5
4882,DeepCCS-30932474,Deoxycytidine,C9H13N3O4,[M-H]-,-1.0,226.0833,-1.0,150.1
4883,DeepCCS-30932474,Deoxycytidine,C9H13N3O4,[M-2H]2-,,113.0417,,183.6
4884,DeepCCS-30932474,Deoxycytidine,C9H13N3O4,[M+Na]+,1.0,250.0798,1.0,158.8
4886,AllCCS-32859911,Deoxycytidine,C9H13N3O4,[M+H-H2O]+,1.0,210.0873,1.0,147.2
4887,AllCCS-32859911,Deoxycytidine,C9H13N3O4,[M+NH4]+,1.0,245.1244,1.0,154.6
4888,AllCCS-32859911,Deoxycytidine,C9H13N3O4,[M+Na]+,1.0,250.0798,1.0,155.6
4890,AllCCS-32859911,Deoxycytidine,C9H13N3O4,[M+Na-2H]-,-1.0,248.0653,-1.0,150.3
4891,AllCCS-32859911,Deoxycytidine,C9H13N3O4,[M+HCOO]-,-1.0,272.0888,-1.0,150.5
4892,DarkChem-31661259,Deoxyguanosine,C10H13N5O4,[M+H]+,1.0,268.104,1.0,158.5
4893,DarkChem-31661259,Deoxyguanosine,C10H13N5O4,[M-H]-,-1.0,266.0895,-1.0,157.5
4894,AllCCS-32859911,Deoxyguanosine,C10H13N5O4,[M+H]+,1.0,268.104,1.0,159.4
4895,AllCCS-32859911,Deoxyguanosine,C10H13N5O4,[M-H]-,-1.0,266.0895,-1.0,159.1
4896,DeepCCS-30932474,Deoxyguanosine,C10H13N5O4,[M+H]+,1.0,268.104,1.0,159.8
4897,DeepCCS-30932474,Deoxyguanosine,C10H13N5O4,[M-H]-,-1.0,266.0895,-1.0,157.4
4898,DeepCCS-30932474,Deoxyguanosine,C10H13N5O4,[M-2H]2-,,133.0447,,191.2
4899,DeepCCS-30932474,Deoxyguanosine,C10H13N5O4,[M+Na]+,1.0,290.086,1.0,166.4
4901,AllCCS-32859911,Deoxyguanosine,C10H13N5O4,[M+H-H2O]+,1.0,250.0935,1.0,155.8
4902,AllCCS-32859911,Deoxyguanosine,C10H13N5O4,[M+NH4]+,1.0,285.1306,1.0,162.7
4903,AllCCS-32859911,Deoxyguanosine,C10H13N5O4,[M+Na]+,1.0,290.086,1.0,163.6
4905,AllCCS-32859911,Deoxyguanosine,C10H13N5O4,[M+Na-2H]-,-1.0,288.0714,-1.0,158.7
4906,AllCCS-32859911,Deoxyguanosine,C10H13N5O4,[M+HCOO]-,-1.0,312.095,-1.0,158.4
4907,DarkChem-31661259,2'-Deoxyguanosine 5'-monophosphate,C10H14N5O7P,[M+H]+,1.0,348.0704,1.0,175.7
4908,DarkChem-31661259,2'-Deoxyguanosine 5'-monophosphate,C10H14N5O7P,[M-H]-,-1.0,346.0558,-1.0,172.1
4909,AllCCS-32859911,2'-Deoxyguanosine 5'-monophosphate,C10H14N5O7P,[M+H]+,1.0,348.0704,1.0,173.9
4910,AllCCS-32859911,2'-Deoxyguanosine 5'-monophosphate,C10H14N5O7P,[M-H]-,-1.0,346.0558,-1.0,170.0
4911,DeepCCS-30932474,2'-Deoxyguanosine 5'-monophosphate,C10H14N5O7P,[M+H]+,1.0,348.0704,1.0,166.7
4912,DeepCCS-30932474,2'-Deoxyguanosine 5'-monophosphate,C10H14N5O7P,[M-H]-,-1.0,346.0558,-1.0,164.3
4913,DeepCCS-30932474,2'-Deoxyguanosine 5'-monophosphate,C10H14N5O7P,[M-2H]2-,,173.0279,,198.6
4914,DeepCCS-30932474,2'-Deoxyguanosine 5'-monophosphate,C10H14N5O7P,[M+Na]+,1.0,370.0523,1.0,173.9
4916,AllCCS-32859911,2'-Deoxyguanosine 5'-monophosphate,C10H14N5O7P,[M+H-H2O]+,1.0,330.0598,1.0,171.0
4917,AllCCS-32859911,2'-Deoxyguanosine 5'-monophosphate,C10H14N5O7P,[M+NH4]+,1.0,365.0969,1.0,176.7
4918,AllCCS-32859911,2'-Deoxyguanosine 5'-monophosphate,C10H14N5O7P,[M+Na]+,1.0,370.0523,1.0,177.4
4920,AllCCS-32859911,2'-Deoxyguanosine 5'-monophosphate,C10H14N5O7P,[M+Na-2H]-,-1.0,368.0378,-1.0,169.7
4921,AllCCS-32859911,2'-Deoxyguanosine 5'-monophosphate,C10H14N5O7P,[M+HCOO]-,-1.0,392.0613,-1.0,169.4
4922,DarkChem-31661259,Thymidine,C10H14N2O5,[M+H]+,1.0,243.0975,1.0,153.4
4923,DarkChem-31661259,Thymidine,C10H14N2O5,[M-H]-,-1.0,241.083,-1.0,153.9
4924,AllCCS-32859911,Thymidine,C10H14N2O5,[M+H]+,1.0,243.0975,1.0,154.4
4925,AllCCS-32859911,Thymidine,C10H14N2O5,[M-H]-,-1.0,241.083,-1.0,154.2
4926,DeepCCS-30932474,Thymidine,C10H14N2O5,[M+H]+,1.0,243.0975,1.0,161.9
4927,DeepCCS-30932474,Thymidine,C10H14N2O5,[M-H]-,-1.0,241.083,-1.0,159.6
4928,DeepCCS-30932474,Thymidine,C10H14N2O5,[M-2H]2-,,120.5415,,192.4
4929,DeepCCS-30932474,Thymidine,C10H14N2O5,[M+Na]+,1.0,265.0795,1.0,167.9
4931,AllCCS-32859911,Thymidine,C10H14N2O5,[M+H-H2O]+,1.0,225.087,1.0,150.7
4932,AllCCS-32859911,Thymidine,C10H14N2O5,[M+NH4]+,1.0,260.1241,1.0,157.9
4933,AllCCS-32859911,Thymidine,C10H14N2O5,[M+Na]+,1.0,265.0795,1.0,158.9
4935,AllCCS-32859911,Thymidine,C10H14N2O5,[M+Na-2H]-,-1.0,263.0649,-1.0,154.3
4936,AllCCS-32859911,Thymidine,C10H14N2O5,[M+HCOO]-,-1.0,287.0885,-1.0,154.5
4937,DarkChem-31661259,Deoxyuridine,C9H12N2O5,[M+H]+,1.0,229.0819,1.0,149.9
4938,DarkChem-31661259,Deoxyuridine,C9H12N2O5,[M-H]-,-1.0,227.0673,-1.0,149.1
4939,AllCCS-32859911,Deoxyuridine,C9H12N2O5,[M+H]+,1.0,229.0819,1.0,150.8
4940,AllCCS-32859911,Deoxyuridine,C9H12N2O5,[M-H]-,-1.0,227.0673,-1.0,149.6
4941,DeepCCS-30932474,Deoxyuridine,C9H12N2O5,[M+H]+,1.0,229.0819,1.0,155.2
4942,DeepCCS-30932474,Deoxyuridine,C9H12N2O5,[M-H]-,-1.0,227.0673,-1.0,152.8
4943,DeepCCS-30932474,Deoxyuridine,C9H12N2O5,[M-2H]2-,,113.5337,,186.0
4944,DeepCCS-30932474,Deoxyuridine,C9H12N2O5,[M+Na]+,1.0,251.0638,1.0,161.1
4946,AllCCS-32859911,Deoxyuridine,C9H12N2O5,[M+H-H2O]+,1.0,211.0713,1.0,147.0
4947,AllCCS-32859911,Deoxyuridine,C9H12N2O5,[M+NH4]+,1.0,246.1084,1.0,154.4
4948,AllCCS-32859911,Deoxyuridine,C9H12N2O5,[M+Na]+,1.0,251.0638,1.0,155.4
4950,AllCCS-32859911,Deoxyuridine,C9H12N2O5,[M+Na-2H]-,-1.0,249.0493,-1.0,149.7
4951,AllCCS-32859911,Deoxyuridine,C9H12N2O5,[M+HCOO]-,-1.0,273.0728,-1.0,149.9
4952,DarkChem-31661259,Guanosine,C10H13N5O5,[M+H]+,1.0,284.0989,1.0,162.8
4953,DarkChem-31661259,Guanosine,C10H13N5O5,[M-H]-,-1.0,282.0844,-1.0,160.6
4954,AllCCS-32859911,Guanosine,C10H13N5O5,[M+H]+,1.0,284.0989,1.0,162.8
4955,AllCCS-32859911,Guanosine,C10H13N5O5,[M-H]-,-1.0,282.0844,-1.0,161.2
4956,DeepCCS-30932474,Guanosine,C10H13N5O5,[M+H]+,1.0,284.0989,1.0,162.8
4957,DeepCCS-30932474,Guanosine,C10H13N5O5,[M-H]-,-1.0,282.0844,-1.0,160.5
4958,DeepCCS-30932474,Guanosine,C10H13N5O5,[M-2H]2-,,141.0422,,194.7
4959,DeepCCS-30932474,Guanosine,C10H13N5O5,[M+Na]+,1.0,306.0809,1.0,170.1
4961,AllCCS-32859911,Guanosine,C10H13N5O5,[M+H-H2O]+,1.0,266.0884,1.0,159.4
4962,AllCCS-32859911,Guanosine,C10H13N5O5,[M+NH4]+,1.0,301.1255,1.0,165.9
4963,AllCCS-32859911,Guanosine,C10H13N5O5,[M+Na]+,1.0,306.0809,1.0,166.8
4965,AllCCS-32859911,Guanosine,C10H13N5O5,[M+Na-2H]-,-1.0,304.0663,-1.0,160.8
4966,AllCCS-32859911,Guanosine,C10H13N5O5,[M+HCOO]-,-1.0,328.0899,-1.0,160.3
4967,DarkChem-31661259,Inosine,C10H12N4O5,[M+H]+,1.0,269.088,1.0,159.8
4968,DarkChem-31661259,Inosine,C10H12N4O5,[M-H]-,-1.0,267.0735,-1.0,155.7
4969,AllCCS-32859911,Inosine,C10H12N4O5,[M+H]+,1.0,269.088,1.0,160.1
4970,AllCCS-32859911,Inosine,C10H12N4O5,[M-H]-,-1.0,267.0735,-1.0,158.4
4971,DeepCCS-30932474,Inosine,C10H12N4O5,[M-2H]2-,,133.5367,,186.4
4972,DeepCCS-30932474,Inosine,C10H12N4O5,[M+Na]+,1.0,291.07,1.0,161.2
4974,AllCCS-32859911,Inosine,C10H12N4O5,[M+H-H2O]+,1.0,251.0775,1.0,156.5
4975,AllCCS-32859911,Inosine,C10H12N4O5,[M+NH4]+,1.0,286.1146,1.0,163.3
4976,AllCCS-32859911,Inosine,C10H12N4O5,[M+Na]+,1.0,291.07,1.0,164.3
4978,AllCCS-32859911,Inosine,C10H12N4O5,[M+Na-2H]-,-1.0,289.0554,-1.0,157.9
4979,AllCCS-32859911,Inosine,C10H12N4O5,[M+HCOO]-,-1.0,313.079,-1.0,157.4
4980,DarkChem-31661259,Xanthosine,C10H12N4O6,[M+H]+,1.0,285.083,1.0,163.4
4981,DarkChem-31661259,Xanthosine,C10H12N4O6,[M-H]-,-1.0,283.0684,-1.0,159.5
4982,AllCCS-32859911,Xanthosine,C10H12N4O6,[M+H]+,1.0,285.083,1.0,163.0
4983,AllCCS-32859911,Xanthosine,C10H12N4O6,[M-H]-,-1.0,283.0684,-1.0,160.5
4984,DeepCCS-30932474,Xanthosine,C10H12N4O6,[M+H]+,1.0,285.083,1.0,154.2
4985,DeepCCS-30932474,Xanthosine,C10H12N4O6,[M-H]-,-1.0,283.0684,-1.0,151.8
4986,DeepCCS-30932474,Xanthosine,C10H12N4O6,[M-2H]2-,,141.5342,,185.8
4987,DeepCCS-30932474,Xanthosine,C10H12N4O6,[M+Na]+,1.0,307.0649,1.0,160.6
4989,AllCCS-32859911,Xanthosine,C10H12N4O6,[M+H-H2O]+,1.0,267.0724,1.0,159.6
4990,AllCCS-32859911,Xanthosine,C10H12N4O6,[M+NH4]+,1.0,302.1095,1.0,166.2
4991,AllCCS-32859911,Xanthosine,C10H12N4O6,[M+Na]+,1.0,307.0649,1.0,167.1
4993,AllCCS-32859911,Xanthosine,C10H12N4O6,[M+Na-2H]-,-1.0,305.0504,-1.0,160.0
4994,AllCCS-32859911,Xanthosine,C10H12N4O6,[M+HCOO]-,-1.0,329.0739,-1.0,159.5
4995,DeepCCS-30932474,Succinyl-CoA,C25H40N7O19P3S,[M+H]+,1.0,868.1385,1.0,241.8
4996,DeepCCS-30932474,Succinyl-CoA,C25H40N7O19P3S,[M-H]-,-1.0,866.124,-1.0,240.0
4997,DeepCCS-30932474,Succinyl-CoA,C25H40N7O19P3S,[M-2H]2-,,433.062,,274.1
4998,DeepCCS-30932474,Succinyl-CoA,C25H40N7O19P3S,[M+Na]+,1.0,890.1205,1.0,248.1
4999,AllCCS-32859911,Succinyl-CoA,C25H40N7O19P3S,[M+H]+,1.0,868.1385,1.0,255.2
5000,AllCCS-32859911,Succinyl-CoA,C25H40N7O19P3S,[M+H-H2O]+,1.0,850.128,1.0,255.7
5001,AllCCS-32859911,Succinyl-CoA,C25H40N7O19P3S,[M+NH4]+,1.0,885.1651,1.0,254.7
5002,AllCCS-32859911,Succinyl-CoA,C25H40N7O19P3S,[M+Na]+,1.0,890.1205,1.0,254.6
5003,AllCCS-32859911,Succinyl-CoA,C25H40N7O19P3S,[M-H]-,-1.0,866.124,-1.0,255.6
5004,AllCCS-32859911,Succinyl-CoA,C25H40N7O19P3S,[M+Na-2H]-,-1.0,888.1059,-1.0,259.7
5005,AllCCS-32859911,Succinyl-CoA,C25H40N7O19P3S,[M+HCOO]-,-1.0,912.1295,-1.0,264.3
5025,DeepCCS-30932474,5-Methyltetrahydropteroyltri-L-glutamic acid,C30H39N9O12,[M+H]+,1.0,718.2791,1.0,241.0
5026,DeepCCS-30932474,5-Methyltetrahydropteroyltri-L-glutamic acid,C30H39N9O12,[M-H]-,-1.0,716.2645,-1.0,239.2
5027,DeepCCS-30932474,5-Methyltetrahydropteroyltri-L-glutamic acid,C30H39N9O12,[M-2H]2-,,358.1323,,272.8
5028,DeepCCS-30932474,5-Methyltetrahydropteroyltri-L-glutamic acid,C30H39N9O12,[M+Na]+,1.0,740.261,1.0,246.6
5029,AllCCS-32859911,5-Methyltetrahydropteroyltri-L-glutamic acid,C30H39N9O12,[M+H]+,1.0,718.2791,1.0,245.5
5030,AllCCS-32859911,5-Methyltetrahydropteroyltri-L-glutamic acid,C30H39N9O12,[M+H-H2O]+,1.0,700.2685,1.0,245.4
5031,AllCCS-32859911,5-Methyltetrahydropteroyltri-L-glutamic acid,C30H39N9O12,[M+NH4]+,1.0,735.3056,1.0,245.5
5032,AllCCS-32859911,5-Methyltetrahydropteroyltri-L-glutamic acid,C30H39N9O12,[M+Na]+,1.0,740.261,1.0,245.5
5033,AllCCS-32859911,5-Methyltetrahydropteroyltri-L-glutamic acid,C30H39N9O12,[M-H]-,-1.0,716.2645,-1.0,242.1
5034,AllCCS-32859911,5-Methyltetrahydropteroyltri-L-glutamic acid,C30H39N9O12,[M+Na-2H]-,-1.0,738.2465,-1.0,245.5
5035,AllCCS-32859911,5-Methyltetrahydropteroyltri-L-glutamic acid,C30H39N9O12,[M+HCOO]-,-1.0,762.27,-1.0,249.4
5062,DeepCCS-30932474,Acetoacetyl-CoA,C25H40N7O18P3S,[M+H]+,1.0,852.1436,1.0,209.3
5063,DeepCCS-30932474,Acetoacetyl-CoA,C25H40N7O18P3S,[M-H]-,-1.0,850.1291,-1.0,207.7
5064,DeepCCS-30932474,Acetoacetyl-CoA,C25H40N7O18P3S,[M-2H]2-,,425.0645,,241.7
5065,DeepCCS-30932474,Acetoacetyl-CoA,C25H40N7O18P3S,[M+Na]+,1.0,874.1256,1.0,216.4
5066,AllCCS-32859911,Acetoacetyl-CoA,C25H40N7O18P3S,[M+H]+,1.0,852.1436,1.0,255.9
5067,AllCCS-32859911,Acetoacetyl-CoA,C25H40N7O18P3S,[M+H-H2O]+,1.0,834.133,1.0,256.3
5068,AllCCS-32859911,Acetoacetyl-CoA,C25H40N7O18P3S,[M+NH4]+,1.0,869.1702,1.0,255.5
5069,AllCCS-32859911,Acetoacetyl-CoA,C25H40N7O18P3S,[M+Na]+,1.0,874.1256,1.0,255.3
5070,AllCCS-32859911,Acetoacetyl-CoA,C25H40N7O18P3S,[M-H]-,-1.0,850.1291,-1.0,254.5
5071,AllCCS-32859911,Acetoacetyl-CoA,C25H40N7O18P3S,[M+Na-2H]-,-1.0,872.111,-1.0,258.6
5072,AllCCS-32859911,Acetoacetyl-CoA,C25H40N7O18P3S,[M+HCOO]-,-1.0,896.1345,-1.0,263.1
5073,DeepCCS-30932474,Lauroyl-CoA,C33H58N7O17P3S,[M+H]+,1.0,950.2895,1.0,233.0
5074,DeepCCS-30932474,Lauroyl-CoA,C33H58N7O17P3S,[M-H]-,-1.0,948.275,-1.0,231.4
5075,DeepCCS-30932474,Lauroyl-CoA,C33H58N7O17P3S,[M-2H]2-,,474.1375,,266.0
5076,DeepCCS-30932474,Lauroyl-CoA,C33H58N7O17P3S,[M+Na]+,1.0,972.2715,1.0,239.6
5077,AllCCS-32859911,Lauroyl-CoA,C33H58N7O17P3S,[M+H]+,1.0,950.2895,1.0,279.5
5078,AllCCS-32859911,Lauroyl-CoA,C33H58N7O17P3S,[M+H-H2O]+,1.0,932.279,1.0,280.1
5079,AllCCS-32859911,Lauroyl-CoA,C33H58N7O17P3S,[M+NH4]+,1.0,967.3161,1.0,278.9
5080,AllCCS-32859911,Lauroyl-CoA,C33H58N7O17P3S,[M+Na]+,1.0,972.2715,1.0,278.7
5081,AllCCS-32859911,Lauroyl-CoA,C33H58N7O17P3S,[M-H]-,-1.0,948.275,-1.0,283.3
5082,AllCCS-32859911,Lauroyl-CoA,C33H58N7O17P3S,[M+Na-2H]-,-1.0,970.2569,-1.0,288.9
5083,AllCCS-32859911,Lauroyl-CoA,C33H58N7O17P3S,[M+HCOO]-,-1.0,994.2805,-1.0,295.0
5084,DarkChem-31661259,Octanoyl-CoA,C29H50N7O17P3S,[M+H]+,1.0,894.2269,1.0,294.4
5085,DarkChem-31661259,Octanoyl-CoA,C29H50N7O17P3S,[M-H]-,-1.0,892.2124,-1.0,274.7
5086,AllCCS-32859911,Octanoyl-CoA,C29H50N7O17P3S,[M+H]+,1.0,894.2269,1.0,267.1
5087,AllCCS-32859911,Octanoyl-CoA,C29H50N7O17P3S,[M-H]-,-1.0,892.2124,-1.0,266.2
5088,DeepCCS-30932474,Octanoyl-CoA,C29H50N7O17P3S,[M-2H]2-,,446.1062,,238.1
5089,DeepCCS-30932474,Octanoyl-CoA,C29H50N7O17P3S,[M+Na]+,1.0,916.2089,1.0,212.3
5091,AllCCS-32859911,Octanoyl-CoA,C29H50N7O17P3S,[M+H-H2O]+,1.0,876.2164,1.0,267.6
5092,AllCCS-32859911,Octanoyl-CoA,C29H50N7O17P3S,[M+NH4]+,1.0,911.2535,1.0,266.6
5093,AllCCS-32859911,Octanoyl-CoA,C29H50N7O17P3S,[M+Na]+,1.0,916.2089,1.0,266.4
5095,AllCCS-32859911,Octanoyl-CoA,C29H50N7O17P3S,[M+Na-2H]-,-1.0,914.1943,-1.0,271.1
5096,AllCCS-32859911,Octanoyl-CoA,C29H50N7O17P3S,[M+HCOO]-,-1.0,938.2179,-1.0,276.6
5097,DeepCCS-30932474,Decanoyl-CoA (n-C10:0CoA),C31H54N7O17P3S,[M+H]+,1.0,922.2582,1.0,222.4
5098,DeepCCS-30932474,Decanoyl-CoA (n-C10:0CoA),C31H54N7O17P3S,[M-H]-,-1.0,920.2437,-1.0,220.7
5099,DeepCCS-30932474,Decanoyl-CoA (n-C10:0CoA),C31H54N7O17P3S,[M-2H]2-,,460.1218,,254.8
5100,DeepCCS-30932474,Decanoyl-CoA (n-C10:0CoA),C31H54N7O17P3S,[M+Na]+,1.0,944.2402,1.0,229.2
5101,AllCCS-32859911,Decanoyl-CoA (n-C10:0CoA),C31H54N7O17P3S,[M+H]+,1.0,922.2582,1.0,273.3
5102,AllCCS-32859911,Decanoyl-CoA (n-C10:0CoA),C31H54N7O17P3S,[M+H-H2O]+,1.0,904.2477,1.0,273.8
5103,AllCCS-32859911,Decanoyl-CoA (n-C10:0CoA),C31H54N7O17P3S,[M+NH4]+,1.0,939.2848,1.0,272.7
5104,AllCCS-32859911,Decanoyl-CoA (n-C10:0CoA),C31H54N7O17P3S,[M+Na]+,1.0,944.2402,1.0,272.5
5105,AllCCS-32859911,Decanoyl-CoA (n-C10:0CoA),C31H54N7O17P3S,[M-H]-,-1.0,920.2437,-1.0,275.0
5106,AllCCS-32859911,Decanoyl-CoA (n-C10:0CoA),C31H54N7O17P3S,[M+Na-2H]-,-1.0,942.2256,-1.0,280.3
5107,AllCCS-32859911,Decanoyl-CoA (n-C10:0CoA),C31H54N7O17P3S,[M+HCOO]-,-1.0,966.2492,-1.0,286.1
5108,DeepCCS-30932474,Malonyl-CoA,C24H38N7O19P3S,[M+H]+,1.0,854.1229,1.0,243.9
5109,DeepCCS-30932474,Malonyl-CoA,C24H38N7O19P3S,[M-H]-,-1.0,852.1083,-1.0,242.2
5110,DeepCCS-30932474,Malonyl-CoA,C24H38N7O19P3S,[M-2H]2-,,426.0542,,276.3
5111,DeepCCS-30932474,Malonyl-CoA,C24H38N7O19P3S,[M+Na]+,1.0,876.1048,1.0,250.3
5112,AllCCS-32859911,Malonyl-CoA,C24H38N7O19P3S,[M+H]+,1.0,854.1229,1.0,252.7
5113,AllCCS-32859911,Malonyl-CoA,C24H38N7O19P3S,[M+H-H2O]+,1.0,836.1123,1.0,253.1
5114,AllCCS-32859911,Malonyl-CoA,C24H38N7O19P3S,[M+NH4]+,1.0,871.1494,1.0,252.2
5115,AllCCS-32859911,Malonyl-CoA,C24H38N7O19P3S,[M+Na]+,1.0,876.1048,1.0,252.1
5116,AllCCS-32859911,Malonyl-CoA,C24H38N7O19P3S,[M-H]-,-1.0,852.1083,-1.0,253.9
5117,AllCCS-32859911,Malonyl-CoA,C24H38N7O19P3S,[M+Na-2H]-,-1.0,874.0903,-1.0,257.9
5118,AllCCS-32859911,Malonyl-CoA,C24H38N7O19P3S,[M+HCOO]-,-1.0,898.1138,-1.0,262.3
5119,DarkChem-31661259,Riboflavin,C17H20N4O6,[M+H]+,1.0,377.1456,1.0,185.4
5120,DarkChem-31661259,Riboflavin,C17H20N4O6,[M-H]-,-1.0,375.131,-1.0,182.1
5121,AllCCS-32859911,Riboflavin,C17H20N4O6,[M+H]+,1.0,377.1456,1.0,186.0
5122,AllCCS-32859911,Riboflavin,C17H20N4O6,[M-H]-,-1.0,375.131,-1.0,184.6
5123,DeepCCS-30932474,Riboflavin,C17H20N4O6,[M+H]+,1.0,377.1456,1.0,190.8
5124,DeepCCS-30932474,Riboflavin,C17H20N4O6,[M-H]-,-1.0,375.131,-1.0,188.4
5125,DeepCCS-30932474,Riboflavin,C17H20N4O6,[M-2H]2-,,187.5655,,221.3
5126,DeepCCS-30932474,Riboflavin,C17H20N4O6,[M+Na]+,1.0,399.1275,1.0,196.7
5128,AllCCS-32859911,Riboflavin,C17H20N4O6,[M+H-H2O]+,1.0,359.135,1.0,183.4
5129,AllCCS-32859911,Riboflavin,C17H20N4O6,[M+NH4]+,1.0,394.1721,1.0,188.3
5130,AllCCS-32859911,Riboflavin,C17H20N4O6,[M+Na]+,1.0,399.1275,1.0,189.0
5132,AllCCS-32859911,Riboflavin,C17H20N4O6,[M+Na-2H]-,-1.0,397.113,-1.0,184.6
5133,AllCCS-32859911,Riboflavin,C17H20N4O6,[M+HCOO]-,-1.0,421.1365,-1.0,184.7
5134,DarkChem-31661259,"myo-Inositol 1,3,4,5,6-pentakisphosphate",C6H17O21P5,[M+H]+,1.0,580.9023,1.0,218.7
5135,DarkChem-31661259,"myo-Inositol 1,3,4,5,6-pentakisphosphate",C6H17O21P5,[M-H]-,-1.0,578.8878,-1.0,209.4
5136,DeepCCS-30932474,"myo-Inositol 1,3,4,5,6-pentakisphosphate",C6H17O21P5,[M+H]+,1.0,580.9023,1.0,174.3
5137,DeepCCS-30932474,"myo-Inositol 1,3,4,5,6-pentakisphosphate",C6H17O21P5,[M-H]-,-1.0,578.8878,-1.0,172.5
5138,DeepCCS-30932474,"myo-Inositol 1,3,4,5,6-pentakisphosphate",C6H17O21P5,[M-2H]2-,,289.4439,,205.7
5139,DeepCCS-30932474,"myo-Inositol 1,3,4,5,6-pentakisphosphate",C6H17O21P5,[M+Na]+,1.0,602.8843,1.0,179.9
5140,AllCCS-32859911,"myo-Inositol 1,3,4,5,6-pentakisphosphate",C6H17O21P5,[M+H]+,1.0,580.9023,1.0,205.3
5141,AllCCS-32859911,"myo-Inositol 1,3,4,5,6-pentakisphosphate",C6H17O21P5,[M+H-H2O]+,1.0,562.8918,1.0,203.9
5142,AllCCS-32859911,"myo-Inositol 1,3,4,5,6-pentakisphosphate",C6H17O21P5,[M+NH4]+,1.0,597.9289,1.0,206.6
5143,AllCCS-32859911,"myo-Inositol 1,3,4,5,6-pentakisphosphate",C6H17O21P5,[M+Na]+,1.0,602.8843,1.0,207.0
5144,AllCCS-32859911,"myo-Inositol 1,3,4,5,6-pentakisphosphate",C6H17O21P5,[M-H]-,-1.0,578.8878,-1.0,189.4
5145,AllCCS-32859911,"myo-Inositol 1,3,4,5,6-pentakisphosphate",C6H17O21P5,[M+Na-2H]-,-1.0,600.8697,-1.0,189.9
5146,AllCCS-32859911,"myo-Inositol 1,3,4,5,6-pentakisphosphate",C6H17O21P5,[M+HCOO]-,-1.0,624.8932,-1.0,190.6
5147,DeepCCS-30932474,Stearoyl-CoA,C39H70N7O17P3S,[M+H]+,1.0,1034.3835,1.0,236.6
5148,DeepCCS-30932474,Stearoyl-CoA,C39H70N7O17P3S,[M-H]-,-1.0,1032.3689,-1.0,235.1
5149,DeepCCS-30932474,Stearoyl-CoA,C39H70N7O17P3S,[M-2H]2-,,516.1844,,270.0
5150,DeepCCS-30932474,Stearoyl-CoA,C39H70N7O17P3S,[M+Na]+,1.0,1056.3654,1.0,243.4
5151,AllCCS-32859911,Stearoyl-CoA,C39H70N7O17P3S,[M+H]+,1.0,1034.3835,1.0,299.1
5152,AllCCS-32859911,Stearoyl-CoA,C39H70N7O17P3S,[M+H-H2O]+,1.0,1016.3729,1.0,299.7
5153,AllCCS-32859911,Stearoyl-CoA,C39H70N7O17P3S,[M+NH4]+,1.0,1051.41,1.0,298.6
5154,AllCCS-32859911,Stearoyl-CoA,C39H70N7O17P3S,[M+Na]+,1.0,1056.3654,1.0,298.4
5155,AllCCS-32859911,Stearoyl-CoA,C39H70N7O17P3S,[M-H]-,-1.0,1032.3689,-1.0,298.2
5156,AllCCS-32859911,Stearoyl-CoA,C39H70N7O17P3S,[M+Na-2H]-,-1.0,1054.3508,-1.0,304.0
5157,AllCCS-32859911,Stearoyl-CoA,C39H70N7O17P3S,[M+HCOO]-,-1.0,1078.3744,-1.0,310.3
5158,DeepCCS-30932474,Oleoyl-CoA,C39H68N7O17P3S,[M+H]+,1.0,1032.3678,1.0,252.5
5159,DeepCCS-30932474,Oleoyl-CoA,C39H68N7O17P3S,[M-H]-,-1.0,1030.3532,-1.0,250.8
5160,DeepCCS-30932474,Oleoyl-CoA,C39H68N7O17P3S,[M-2H]2-,,515.1766,,285.9
5161,DeepCCS-30932474,Oleoyl-CoA,C39H68N7O17P3S,[M+Na]+,1.0,1054.3497,1.0,259.6
5162,AllCCS-32859911,Oleoyl-CoA,C39H68N7O17P3S,[M+H]+,1.0,1032.3678,1.0,297.3
5163,AllCCS-32859911,Oleoyl-CoA,C39H68N7O17P3S,[M+H-H2O]+,1.0,1014.3572,1.0,297.8
5164,AllCCS-32859911,Oleoyl-CoA,C39H68N7O17P3S,[M+NH4]+,1.0,1049.3943,1.0,296.7
5165,AllCCS-32859911,Oleoyl-CoA,C39H68N7O17P3S,[M+Na]+,1.0,1054.3497,1.0,296.5
5166,AllCCS-32859911,Oleoyl-CoA,C39H68N7O17P3S,[M-H]-,-1.0,1030.3532,-1.0,303.0
5167,AllCCS-32859911,Oleoyl-CoA,C39H68N7O17P3S,[M+Na-2H]-,-1.0,1052.3352,-1.0,309.1
5168,AllCCS-32859911,Oleoyl-CoA,C39H68N7O17P3S,[M+HCOO]-,-1.0,1076.3587,-1.0,315.7
5169,DeepCCS-30932474,Episterol,C28H46O,[M-2H]2-,,198.6738,,240.0
5170,DeepCCS-30932474,Episterol,C28H46O,[M+Na]+,1.0,421.3441,1.0,214.0
5171,AllCCS-32859911,Episterol,C28H46O,[M+H]+,1.0,399.3621,1.0,206.3
5172,AllCCS-32859911,Episterol,C28H46O,[M+H-H2O]+,1.0,381.3516,1.0,204.2
5173,AllCCS-32859911,Episterol,C28H46O,[M+NH4]+,1.0,416.3887,1.0,208.2
5174,AllCCS-32859911,Episterol,C28H46O,[M+Na]+,1.0,421.3441,1.0,208.7
5175,AllCCS-32859911,Episterol,C28H46O,[M-H]-,-1.0,397.3476,-1.0,205.3
5176,AllCCS-32859911,Episterol,C28H46O,[M+Na-2H]-,-1.0,419.3295,-1.0,207.1
5177,AllCCS-32859911,Episterol,C28H46O,[M+HCOO]-,-1.0,443.3531,-1.0,209.3
5178,DeepCCS-30932474,Ergosterol,C28H44O,[M-2H]2-,,197.666,,242.5
5179,DeepCCS-30932474,Ergosterol,C28H44O,[M+Na]+,1.0,419.3284,1.0,216.9
5180,AllCCS-32859911,Ergosterol,C28H44O,[M+H]+,1.0,397.3465,1.0,205.1
5181,AllCCS-32859911,Ergosterol,C28H44O,[M+H-H2O]+,1.0,379.3359,1.0,202.9
5182,AllCCS-32859911,Ergosterol,C28H44O,[M+NH4]+,1.0,414.373,1.0,207.2
5183,AllCCS-32859911,Ergosterol,C28H44O,[M+Na]+,1.0,419.3284,1.0,207.7
5184,AllCCS-32859911,Ergosterol,C28H44O,[M-H]-,-1.0,395.3319,-1.0,206.0
5185,AllCCS-32859911,Ergosterol,C28H44O,[M+Na-2H]-,-1.0,417.3139,-1.0,207.7
5186,AllCCS-32859911,Ergosterol,C28H44O,[M+HCOO]-,-1.0,441.3374,-1.0,209.8
5187,DeepCCS-30932474,alpha-Carotene,C40H56,[M+H]+,1.0,537.4455,1.0,254.8
5188,DeepCCS-30932474,alpha-Carotene,C40H56,[M-H]-,-1.0,535.4309,-1.0,252.9
5189,DeepCCS-30932474,alpha-Carotene,C40H56,[M-2H]2-,,267.7155,,286.2
5190,DeepCCS-30932474,alpha-Carotene,C40H56,[M+Na]+,1.0,559.4274,1.0,260.4
5191,AllCCS-32859911,alpha-Carotene,C40H56,[M+H]+,1.0,537.4455,1.0,250.1
5192,AllCCS-32859911,alpha-Carotene,C40H56,[M+H-H2O]+,1.0,519.4349,1.0,248.3
5193,AllCCS-32859911,alpha-Carotene,C40H56,[M+NH4]+,1.0,554.472,1.0,251.8
5194,AllCCS-32859911,alpha-Carotene,C40H56,[M+Na]+,1.0,559.4274,1.0,252.3
5195,AllCCS-32859911,alpha-Carotene,C40H56,[M-H]-,-1.0,535.4309,-1.0,224.2
5196,AllCCS-32859911,alpha-Carotene,C40H56,[M+Na-2H]-,-1.0,557.4129,-1.0,226.9
5197,AllCCS-32859911,alpha-Carotene,C40H56,[M+HCOO]-,-1.0,581.4364,-1.0,230.0
5198,DarkChem-31661259,Hypoxanthine,C5H4N4O,[M+H]+,1.0,137.0458,1.0,125.2
5199,DarkChem-31661259,Hypoxanthine,C5H4N4O,[M-H]-,-1.0,135.0312,-1.0,123.4
5200,AllCCS-32859911,Hypoxanthine,C5H4N4O,[M+H]+,1.0,137.0458,1.0,128.6
5201,AllCCS-32859911,Hypoxanthine,C5H4N4O,[M-H]-,-1.0,135.0312,-1.0,121.5
5202,DeepCCS-30932474,Hypoxanthine,C5H4N4O,[M+H]+,1.0,137.0458,1.0,124.5
5203,DeepCCS-30932474,Hypoxanthine,C5H4N4O,[M-H]-,-1.0,135.0312,-1.0,122.4
5204,DeepCCS-30932474,Hypoxanthine,C5H4N4O,[M-2H]2-,,67.5156,,158.5
5205,DeepCCS-30932474,Hypoxanthine,C5H4N4O,[M+Na]+,1.0,159.0277,1.0,133.3
5207,AllCCS-32859911,Hypoxanthine,C5H4N4O,[M+H-H2O]+,1.0,119.0352,1.0,123.8
5208,AllCCS-32859911,Hypoxanthine,C5H4N4O,[M+NH4]+,1.0,154.0723,1.0,133.1
5209,AllCCS-32859911,Hypoxanthine,C5H4N4O,[M+Na]+,1.0,159.0277,1.0,134.4
5211,AllCCS-32859911,Hypoxanthine,C5H4N4O,[M+Na-2H]-,-1.0,157.0132,-1.0,122.7
5212,AllCCS-32859911,Hypoxanthine,C5H4N4O,[M+HCOO]-,-1.0,181.0367,-1.0,124.0
5213,DarkChem-31661259,Inosine triphosphate,C10H15N4O14P3,[M+H]+,1.0,508.987,1.0,208.3
5214,DarkChem-31661259,Inosine triphosphate,C10H15N4O14P3,[M-H]-,-1.0,506.9725,-1.0,193.0
5215,AllCCS-32859911,Inosine triphosphate,C10H15N4O14P3,[M+H]+,1.0,508.987,1.0,198.1
5216,AllCCS-32859911,Inosine triphosphate,C10H15N4O14P3,[M-H]-,-1.0,506.9725,-1.0,189.3
5217,DeepCCS-30932474,Inosine triphosphate,C10H15N4O14P3,[M+H]+,1.0,508.987,1.0,165.3
5218,DeepCCS-30932474,Inosine triphosphate,C10H15N4O14P3,[M-H]-,-1.0,506.9725,-1.0,163.4
5219,DeepCCS-30932474,Inosine triphosphate,C10H15N4O14P3,[M-2H]2-,,253.4862,,196.6
5220,DeepCCS-30932474,Inosine triphosphate,C10H15N4O14P3,[M+Na]+,1.0,530.969,1.0,171.7
5222,AllCCS-32859911,Inosine triphosphate,C10H15N4O14P3,[M+H-H2O]+,1.0,490.9765,1.0,196.3
5223,AllCCS-32859911,Inosine triphosphate,C10H15N4O14P3,[M+NH4]+,1.0,526.0136,1.0,199.8
5224,AllCCS-32859911,Inosine triphosphate,C10H15N4O14P3,[M+Na]+,1.0,530.969,1.0,200.2
5226,AllCCS-32859911,Inosine triphosphate,C10H15N4O14P3,[M+Na-2H]-,-1.0,528.9544,-1.0,189.5
5227,AllCCS-32859911,Inosine triphosphate,C10H15N4O14P3,[M+HCOO]-,-1.0,552.978,-1.0,189.9
5243,DarkChem-31661259,AICAR,C9H15N4O8P,[M+H]+,1.0,339.07,1.0,174.2
5244,DarkChem-31661259,AICAR,C9H15N4O8P,[M-H]-,-1.0,337.0555,-1.0,168.6
5245,AllCCS-32859911,AICAR,C9H15N4O8P,[M+H]+,1.0,339.07,1.0,172.1
5246,AllCCS-32859911,AICAR,C9H15N4O8P,[M-H]-,-1.0,337.0555,-1.0,167.6
5247,DeepCCS-30932474,AICAR,C9H15N4O8P,[M+H]+,1.0,339.07,1.0,164.2
5248,DeepCCS-30932474,AICAR,C9H15N4O8P,[M-H]-,-1.0,337.0555,-1.0,161.8
5249,DeepCCS-30932474,AICAR,C9H15N4O8P,[M-2H]2-,,168.5277,,195.9
5250,DeepCCS-30932474,AICAR,C9H15N4O8P,[M+Na]+,1.0,361.052,1.0,171.8
5252,AllCCS-32859911,AICAR,C9H15N4O8P,[M+H-H2O]+,1.0,321.0595,1.0,169.2
5253,AllCCS-32859911,AICAR,C9H15N4O8P,[M+NH4]+,1.0,356.0966,1.0,174.8
5254,AllCCS-32859911,AICAR,C9H15N4O8P,[M+Na]+,1.0,361.052,1.0,175.6
5256,AllCCS-32859911,AICAR,C9H15N4O8P,[M+Na-2H]-,-1.0,359.0374,-1.0,167.4
5257,AllCCS-32859911,AICAR,C9H15N4O8P,[M+HCOO]-,-1.0,383.061,-1.0,167.3
5258,DarkChem-31661259,Adenosine 2'-phosphate,C10H14N5O7P,[M+H]+,1.0,348.0704,1.0,177.2
5259,DarkChem-31661259,Adenosine 2'-phosphate,C10H14N5O7P,[M-H]-,-1.0,346.0558,-1.0,172.3
5260,DeepCCS-30932474,Adenosine 2'-phosphate,C10H14N5O7P,[M+H]+,1.0,348.0704,1.0,165.7
5261,DeepCCS-30932474,Adenosine 2'-phosphate,C10H14N5O7P,[M-H]-,-1.0,346.0558,-1.0,163.3
5262,DeepCCS-30932474,Adenosine 2'-phosphate,C10H14N5O7P,[M-2H]2-,,173.0279,,197.2
5263,DeepCCS-30932474,Adenosine 2'-phosphate,C10H14N5O7P,[M+Na]+,1.0,370.0523,1.0,173.3
5264,AllCCS-32859911,Adenosine 2'-phosphate,C10H14N5O7P,[M+H]+,1.0,348.0704,1.0,176.0
5265,AllCCS-32859911,Adenosine 2'-phosphate,C10H14N5O7P,[M+H-H2O]+,1.0,330.0598,1.0,173.0
5266,AllCCS-32859911,Adenosine 2'-phosphate,C10H14N5O7P,[M+NH4]+,1.0,365.0969,1.0,178.8
5267,AllCCS-32859911,Adenosine 2'-phosphate,C10H14N5O7P,[M+Na]+,1.0,370.0523,1.0,179.6
5268,AllCCS-32859911,Adenosine 2'-phosphate,C10H14N5O7P,[M-H]-,-1.0,346.0558,-1.0,169.1
5269,AllCCS-32859911,Adenosine 2'-phosphate,C10H14N5O7P,[M+Na-2H]-,-1.0,368.0378,-1.0,168.5
5270,AllCCS-32859911,Adenosine 2'-phosphate,C10H14N5O7P,[M+HCOO]-,-1.0,392.0613,-1.0,168.1
5271,DarkChem-31661259,"Adenosine 2',3'-cyclic phosphate",C10H12N5O6P,[M+H]+,1.0,330.0598,1.0,173.2
5272,DarkChem-31661259,"Adenosine 2',3'-cyclic phosphate",C10H12N5O6P,[M-H]-,-1.0,328.0452,-1.0,172.5
5273,DeepCCS-30932474,"Adenosine 2',3'-cyclic phosphate",C10H12N5O6P,[M-2H]2-,,164.0226,,188.1
5274,DeepCCS-30932474,"Adenosine 2',3'-cyclic phosphate",C10H12N5O6P,[M+Na]+,1.0,352.0417,1.0,164.3
5275,AllCCS-32859911,"Adenosine 2',3'-cyclic phosphate",C10H12N5O6P,[M+H]+,1.0,330.0598,1.0,173.0
5276,AllCCS-32859911,"Adenosine 2',3'-cyclic phosphate",C10H12N5O6P,[M+H-H2O]+,1.0,312.0492,1.0,169.8
5277,AllCCS-32859911,"Adenosine 2',3'-cyclic phosphate",C10H12N5O6P,[M+NH4]+,1.0,347.0863,1.0,176.0
5278,AllCCS-32859911,"Adenosine 2',3'-cyclic phosphate",C10H12N5O6P,[M+Na]+,1.0,352.0417,1.0,176.9
5279,AllCCS-32859911,"Adenosine 2',3'-cyclic phosphate",C10H12N5O6P,[M-H]-,-1.0,328.0452,-1.0,166.4
5280,AllCCS-32859911,"Adenosine 2',3'-cyclic phosphate",C10H12N5O6P,[M+Na-2H]-,-1.0,350.0272,-1.0,165.7
5281,AllCCS-32859911,"Adenosine 2',3'-cyclic phosphate",C10H12N5O6P,[M+HCOO]-,-1.0,374.0507,-1.0,165.1
5282,DarkChem-31661259,Isobutanol,C4H10O,[M+H]+,1.0,75.0804,1.0,113.6
5283,DarkChem-31661259,Isobutanol,C4H10O,[M-H]-,-1.0,73.0659,-1.0,106.3
5284,DeepCCS-30932474,Isobutanol,C4H10O,[M+H]+,1.0,75.0804,1.0,124.3
5285,DeepCCS-30932474,Isobutanol,C4H10O,[M-H]-,-1.0,73.0659,-1.0,122.4
5286,DeepCCS-30932474,Isobutanol,C4H10O,[M-2H]2-,,36.5329,,157.9
5287,DeepCCS-30932474,Isobutanol,C4H10O,[M+Na]+,1.0,97.0624,1.0,132.4
5288,AllCCS-32859911,Isobutanol,C4H10O,[M+H]+,1.0,75.0804,1.0,120.6
5289,AllCCS-32859911,Isobutanol,C4H10O,[M+H-H2O]+,1.0,57.0699,1.0,116.1
5290,AllCCS-32859911,Isobutanol,C4H10O,[M+NH4]+,1.0,92.107,1.0,124.8
5291,AllCCS-32859911,Isobutanol,C4H10O,[M+Na]+,1.0,97.0624,1.0,126.0
5292,AllCCS-32859911,Isobutanol,C4H10O,[M-H]-,-1.0,73.0659,-1.0,134.5
5293,AllCCS-32859911,Isobutanol,C4H10O,[M+Na-2H]-,-1.0,95.0478,-1.0,140.2
5294,AllCCS-32859911,Isobutanol,C4H10O,[M+HCOO]-,-1.0,119.0714,-1.0,146.4
5295,DarkChem-31661259,Indoleacetic acid,C10H9NO2,[M+H]+,1.0,176.0706,1.0,138.6
5296,DarkChem-31661259,Indoleacetic acid,C10H9NO2,[M-H]-,-1.0,174.0561,-1.0,136.0
5297,AllCCS-32859911,Indoleacetic acid,C10H9NO2,[M+H]+,1.0,176.0706,1.0,137.5
5298,AllCCS-32859911,Indoleacetic acid,C10H9NO2,[M-H]-,-1.0,174.0561,-1.0,137.1
5299,DeepCCS-30932474,Indoleacetic acid,C10H9NO2,[M+H]+,1.0,176.0706,1.0,135.1
5300,DeepCCS-30932474,Indoleacetic acid,C10H9NO2,[M-H]-,-1.0,174.0561,-1.0,132.4
5301,DeepCCS-30932474,Indoleacetic acid,C10H9NO2,[M-2H]2-,,87.028,,168.4
5302,DeepCCS-30932474,Indoleacetic acid,C10H9NO2,[M+Na]+,1.0,198.0525,1.0,143.9
5304,AllCCS-32859911,Indoleacetic acid,C10H9NO2,[M+H-H2O]+,1.0,158.06,1.0,133.0
5305,AllCCS-32859911,Indoleacetic acid,C10H9NO2,[M+NH4]+,1.0,193.0972,1.0,141.6
5306,AllCCS-32859911,Indoleacetic acid,C10H9NO2,[M+Na]+,1.0,198.0525,1.0,142.8
5308,AllCCS-32859911,Indoleacetic acid,C10H9NO2,[M+Na-2H]-,-1.0,196.038,-1.0,137.4
5309,AllCCS-32859911,Indoleacetic acid,C10H9NO2,[M+HCOO]-,-1.0,220.0615,-1.0,137.9
5310,DarkChem-31661259,Tryptophol,C10H11NO,[M+H]+,1.0,162.0913,1.0,134.2
5311,DarkChem-31661259,Tryptophol,C10H11NO,[M-H]-,-1.0,160.0768,-1.0,132.3
5312,DeepCCS-30932474,Tryptophol,C10H11NO,[M+H]+,1.0,162.0913,1.0,134.2
5313,DeepCCS-30932474,Tryptophol,C10H11NO,[M-H]-,-1.0,160.0768,-1.0,130.4
5314,DeepCCS-30932474,Tryptophol,C10H11NO,[M-2H]2-,,80.0384,,168.0
5315,DeepCCS-30932474,Tryptophol,C10H11NO,[M+Na]+,1.0,184.0733,1.0,143.3
5316,AllCCS-32859911,Tryptophol,C10H11NO,[M+H]+,1.0,162.0913,1.0,134.9
5317,AllCCS-32859911,Tryptophol,C10H11NO,[M+H-H2O]+,1.0,144.0808,1.0,130.3
5318,AllCCS-32859911,Tryptophol,C10H11NO,[M+NH4]+,1.0,179.1179,1.0,139.1
5319,AllCCS-32859911,Tryptophol,C10H11NO,[M+Na]+,1.0,184.0733,1.0,140.3
5320,AllCCS-32859911,Tryptophol,C10H11NO,[M-H]-,-1.0,160.0768,-1.0,136.0
5321,AllCCS-32859911,Tryptophol,C10H11NO,[M+Na-2H]-,-1.0,182.0587,-1.0,136.6
5322,AllCCS-32859911,Tryptophol,C10H11NO,[M+HCOO]-,-1.0,206.0823,-1.0,137.4
5323,AllCCS-32859911,Dihydroneopterin triphosphate,C9H16N5O13P3,[M+H]+,1.0,496.003,1.0,195.7
5324,AllCCS-32859911,Dihydroneopterin triphosphate,C9H16N5O13P3,[M-H]-,-1.0,493.9885,-1.0,188.8
5325,DeepCCS-30932474,Dihydroneopterin triphosphate,C9H16N5O13P3,[M+H]+,1.0,496.003,1.0,167.3
5326,DeepCCS-30932474,Dihydroneopterin triphosphate,C9H16N5O13P3,[M-H]-,-1.0,493.9885,-1.0,164.0
5327,DeepCCS-30932474,Dihydroneopterin triphosphate,C9H16N5O13P3,[M-2H]2-,,246.9942,,198.3
5328,DeepCCS-30932474,Dihydroneopterin triphosphate,C9H16N5O13P3,[M+Na]+,1.0,517.985,1.0,174.8
5330,AllCCS-32859911,Dihydroneopterin triphosphate,C9H16N5O13P3,[M+H-H2O]+,1.0,477.9925,1.0,193.8
5331,AllCCS-32859911,Dihydroneopterin triphosphate,C9H16N5O13P3,[M+NH4]+,1.0,513.0296,1.0,197.4
5332,AllCCS-32859911,Dihydroneopterin triphosphate,C9H16N5O13P3,[M+Na]+,1.0,517.985,1.0,197.9
5334,AllCCS-32859911,Dihydroneopterin triphosphate,C9H16N5O13P3,[M+Na-2H]-,-1.0,515.9704,-1.0,189.1
5335,AllCCS-32859911,Dihydroneopterin triphosphate,C9H16N5O13P3,[M+HCOO]-,-1.0,539.9939,-1.0,189.5
5336,DeepCCS-30932474,"7,8-Dihydroneopterin",C9H13N5O4,[M+H]+,1.0,256.104,1.0,163.5
5337,DeepCCS-30932474,"7,8-Dihydroneopterin",C9H13N5O4,[M-H]-,-1.0,254.0895,-1.0,161.1
5338,DeepCCS-30932474,"7,8-Dihydroneopterin",C9H13N5O4,[M-2H]2-,,127.0447,,194.1
5339,DeepCCS-30932474,"7,8-Dihydroneopterin",C9H13N5O4,[M+Na]+,1.0,278.086,1.0,169.6
5340,AllCCS-32859911,"7,8-Dihydroneopterin",C9H13N5O4,[M+H]+,1.0,256.104,1.0,156.4
5341,AllCCS-32859911,"7,8-Dihydroneopterin",C9H13N5O4,[M+H-H2O]+,1.0,238.0935,1.0,152.8
5342,AllCCS-32859911,"7,8-Dihydroneopterin",C9H13N5O4,[M+NH4]+,1.0,273.1306,1.0,159.8
5343,AllCCS-32859911,"7,8-Dihydroneopterin",C9H13N5O4,[M+Na]+,1.0,278.086,1.0,160.7
5344,AllCCS-32859911,"7,8-Dihydroneopterin",C9H13N5O4,[M-H]-,-1.0,254.0895,-1.0,156.2
5345,AllCCS-32859911,"7,8-Dihydroneopterin",C9H13N5O4,[M+Na-2H]-,-1.0,276.0714,-1.0,156.0
5346,AllCCS-32859911,"7,8-Dihydroneopterin",C9H13N5O4,[M+HCOO]-,-1.0,300.095,-1.0,155.8
5347,DarkChem-31661259,D-Maltose,C12H22O11,[M+H]+,1.0,343.1235,1.0,174.9
5348,DarkChem-31661259,D-Maltose,C12H22O11,[M-H]-,-1.0,341.1089,-1.0,171.0
5349,AllCCS-32859911,D-Maltose,C12H22O11,[M+H]+,1.0,343.1235,1.0,176.3
5350,AllCCS-32859911,D-Maltose,C12H22O11,[M-H]-,-1.0,341.1089,-1.0,174.4
5351,DeepCCS-30932474,D-Maltose,C12H22O11,[M+H]+,1.0,343.1235,1.0,174.4
5352,DeepCCS-30932474,D-Maltose,C12H22O11,[M-H]-,-1.0,341.1089,-1.0,172.3
5353,DeepCCS-30932474,D-Maltose,C12H22O11,[M-2H]2-,,170.5545,,205.7
5354,DeepCCS-30932474,D-Maltose,C12H22O11,[M+Na]+,1.0,365.1054,1.0,180.2
5356,AllCCS-32859911,D-Maltose,C12H22O11,[M+H-H2O]+,1.0,325.1129,1.0,173.5
5357,AllCCS-32859911,D-Maltose,C12H22O11,[M+NH4]+,1.0,360.15,1.0,178.9
5358,AllCCS-32859911,D-Maltose,C12H22O11,[M+Na]+,1.0,365.1054,1.0,179.7
5360,AllCCS-32859911,D-Maltose,C12H22O11,[M+Na-2H]-,-1.0,363.0909,-1.0,173.9
5361,AllCCS-32859911,D-Maltose,C12H22O11,[M+HCOO]-,-1.0,387.1144,-1.0,173.6
5362,DarkChem-31661259,4-Guanidinobutanoic acid,C5H11N3O2,[M+H]+,1.0,146.0924,1.0,131.5
5363,DarkChem-31661259,4-Guanidinobutanoic acid,C5H11N3O2,[M-H]-,-1.0,144.0779,-1.0,127.2
5364,DeepCCS-30932474,4-Guanidinobutanoic acid,C5H11N3O2,[M+H]+,1.0,146.0924,1.0,131.1
5365,DeepCCS-30932474,4-Guanidinobutanoic acid,C5H11N3O2,[M-H]-,-1.0,144.0779,-1.0,127.8
5366,DeepCCS-30932474,4-Guanidinobutanoic acid,C5H11N3O2,[M-2H]2-,,72.0389,,164.3
5367,DeepCCS-30932474,4-Guanidinobutanoic acid,C5H11N3O2,[M+Na]+,1.0,168.0743,1.0,139.6
5368,AllCCS-32859911,4-Guanidinobutanoic acid,C5H11N3O2,[M+H]+,1.0,146.0924,1.0,133.0
5369,AllCCS-32859911,4-Guanidinobutanoic acid,C5H11N3O2,[M+H-H2O]+,1.0,128.0818,1.0,129.0
5370,AllCCS-32859911,4-Guanidinobutanoic acid,C5H11N3O2,[M+NH4]+,1.0,163.1189,1.0,136.7
5371,AllCCS-32859911,4-Guanidinobutanoic acid,C5H11N3O2,[M+Na]+,1.0,168.0743,1.0,137.8
5372,AllCCS-32859911,4-Guanidinobutanoic acid,C5H11N3O2,[M-H]-,-1.0,144.0779,-1.0,130.5
5373,AllCCS-32859911,4-Guanidinobutanoic acid,C5H11N3O2,[M+Na-2H]-,-1.0,166.0598,-1.0,132.9
5374,AllCCS-32859911,4-Guanidinobutanoic acid,C5H11N3O2,[M+HCOO]-,-1.0,190.0833,-1.0,135.4
5375,DarkChem-31661259,4-Aminobutyraldehyde,C4H9NO,[M+H]+,1.0,88.0757,1.0,116.7
5376,DarkChem-31661259,4-Aminobutyraldehyde,C4H9NO,[M-H]-,-1.0,86.0611,-1.0,110.5
5377,AllCCS-32859911,4-Aminobutyraldehyde,C4H9NO,[M+H]+,1.0,88.0757,1.0,123.2
5378,AllCCS-32859911,4-Aminobutyraldehyde,C4H9NO,[M-H]-,-1.0,86.0611,-1.0,127.4
5379,DeepCCS-30932474,4-Aminobutyraldehyde,C4H9NO,[M+H]+,1.0,88.0757,1.0,124.8
5380,DeepCCS-30932474,4-Aminobutyraldehyde,C4H9NO,[M-H]-,-1.0,86.0611,-1.0,122.9
5381,DeepCCS-30932474,4-Aminobutyraldehyde,C4H9NO,[M-2H]2-,,43.0306,,158.2
5382,DeepCCS-30932474,4-Aminobutyraldehyde,C4H9NO,[M+Na]+,1.0,110.0576,1.0,132.4
5384,AllCCS-32859911,4-Aminobutyraldehyde,C4H9NO,[M+H-H2O]+,1.0,70.0651,1.0,118.8
5385,AllCCS-32859911,4-Aminobutyraldehyde,C4H9NO,[M+NH4]+,1.0,105.1022,1.0,127.3
5386,AllCCS-32859911,4-Aminobutyraldehyde,C4H9NO,[M+Na]+,1.0,110.0576,1.0,128.5
5388,AllCCS-32859911,4-Aminobutyraldehyde,C4H9NO,[M+Na-2H]-,-1.0,108.0431,-1.0,132.0
5389,AllCCS-32859911,4-Aminobutyraldehyde,C4H9NO,[M+HCOO]-,-1.0,132.0666,-1.0,137.0
5390,AllCCS-32859911,Diadenosine tetraphosphate,C20H28N10O19P4,[M+H]+,1.0,837.0555,1.0,244.0
5391,AllCCS-32859911,Diadenosine tetraphosphate,C20H28N10O19P4,[M-H]-,-1.0,835.041,-1.0,242.3
5392,DeepCCS-30932474,Diadenosine tetraphosphate,C20H28N10O19P4,[M-2H]2-,,417.5205,,255.6
5393,DeepCCS-30932474,Diadenosine tetraphosphate,C20H28N10O19P4,[M+Na]+,1.0,859.0375,1.0,229.7
5395,AllCCS-32859911,Diadenosine tetraphosphate,C20H28N10O19P4,[M+H-H2O]+,1.0,819.045,1.0,244.1
5396,AllCCS-32859911,Diadenosine tetraphosphate,C20H28N10O19P4,[M+NH4]+,1.0,854.0821,1.0,243.8
5397,AllCCS-32859911,Diadenosine tetraphosphate,C20H28N10O19P4,[M+Na]+,1.0,859.0375,1.0,243.7
5399,AllCCS-32859911,Diadenosine tetraphosphate,C20H28N10O19P4,[M+Na-2H]-,-1.0,857.0229,-1.0,245.1
5400,AllCCS-32859911,Diadenosine tetraphosphate,C20H28N10O19P4,[M+HCOO]-,-1.0,881.0465,-1.0,248.3
5401,DarkChem-31661259,L-Arabitol,C5H12O5,[M+H]+,1.0,153.0757,1.0,132.6
5402,DarkChem-31661259,L-Arabitol,C5H12O5,[M-H]-,-1.0,151.0612,-1.0,129.2
5403,AllCCS-32859911,L-Arabitol,C5H12O5,[M+H]+,1.0,153.0757,1.0,135.8
5404,AllCCS-32859911,L-Arabitol,C5H12O5,[M-H]-,-1.0,151.0612,-1.0,126.8
5405,DeepCCS-30932474,L-Arabitol,C5H12O5,[M+H]+,1.0,153.0757,1.0,131.7
5406,DeepCCS-30932474,L-Arabitol,C5H12O5,[M-H]-,-1.0,151.0612,-1.0,129.1
5407,DeepCCS-30932474,L-Arabitol,C5H12O5,[M-2H]2-,,75.5306,,164.9
5408,DeepCCS-30932474,L-Arabitol,C5H12O5,[M+Na]+,1.0,175.0577,1.0,139.9
5410,AllCCS-32859911,L-Arabitol,C5H12O5,[M+H-H2O]+,1.0,135.0652,1.0,131.9
5411,AllCCS-32859911,L-Arabitol,C5H12O5,[M+NH4]+,1.0,170.1023,1.0,139.5
5412,AllCCS-32859911,L-Arabitol,C5H12O5,[M+Na]+,1.0,175.0577,1.0,140.6
5414,AllCCS-32859911,L-Arabitol,C5H12O5,[M+Na-2H]-,-1.0,173.0431,-1.0,129.0
5415,AllCCS-32859911,L-Arabitol,C5H12O5,[M+HCOO]-,-1.0,197.0667,-1.0,131.4
5416,DarkChem-31661259,L-Arginine,C6H14N4O2,[M+H]+,1.0,175.119,1.0,139.4
5418,DarkChem-31661259,L-Arginine,C6H14N4O2,[M-H]-,-1.0,173.1044,-1.0,136.1
5420,AllCCS-32859911,L-Arginine,C6H14N4O2,[M+H]+,1.0,175.119,1.0,139.0
5421,AllCCS-32859911,L-Arginine,C6H14N4O2,[M-H]-,-1.0,173.1044,-1.0,136.2
5422,DeepCCS-30932474,L-Arginine,C6H14N4O2,[M+H]+,1.0,175.119,1.0,136.5
5423,DeepCCS-30932474,L-Arginine,C6H14N4O2,[M-H]-,-1.0,173.1044,-1.0,132.7
5424,DeepCCS-30932474,L-Arginine,C6H14N4O2,[M-2H]2-,,86.5522,,170.3
5425,DeepCCS-30932474,L-Arginine,C6H14N4O2,[M+Na]+,1.0,197.1009,1.0,145.8
5427,AllCCS-32859911,L-Arginine,C6H14N4O2,[M+H-H2O]+,1.0,157.1084,1.0,135.3
5428,AllCCS-32859911,L-Arginine,C6H14N4O2,[M+NH4]+,1.0,192.1455,1.0,142.5
5429,AllCCS-32859911,L-Arginine,C6H14N4O2,[M+Na]+,1.0,197.1009,1.0,143.6
5431,AllCCS-32859911,L-Arginine,C6H14N4O2,[M+Na-2H]-,-1.0,195.0863,-1.0,137.8
5432,AllCCS-32859911,L-Arginine,C6H14N4O2,[M+HCOO]-,-1.0,219.1099,-1.0,139.6
5448,AllCCS-32859911,Iminoaspartic acid,C4H5NO4,[M+H]+,1.0,132.0291,1.0,130.5
5449,AllCCS-32859911,Iminoaspartic acid,C4H5NO4,[M-H]-,-1.0,130.0146,-1.0,122.4
5450,DeepCCS-30932474,Iminoaspartic acid,C4H5NO4,[M+H]+,1.0,132.0291,1.0,125.5
5451,DeepCCS-30932474,Iminoaspartic acid,C4H5NO4,[M-H]-,-1.0,130.0146,-1.0,122.3
5452,DeepCCS-30932474,Iminoaspartic acid,C4H5NO4,[M-2H]2-,,65.0073,,159.2
5453,DeepCCS-30932474,Iminoaspartic acid,C4H5NO4,[M+Na]+,1.0,154.0111,1.0,134.2
5455,AllCCS-32859911,Iminoaspartic acid,C4H5NO4,[M+H-H2O]+,1.0,114.0186,1.0,126.4
5456,AllCCS-32859911,Iminoaspartic acid,C4H5NO4,[M+NH4]+,1.0,149.0557,1.0,134.4
5457,AllCCS-32859911,Iminoaspartic acid,C4H5NO4,[M+Na]+,1.0,154.0111,1.0,135.5
5459,AllCCS-32859911,Iminoaspartic acid,C4H5NO4,[M+Na-2H]-,-1.0,151.9965,-1.0,125.0
5460,AllCCS-32859911,Iminoaspartic acid,C4H5NO4,[M+HCOO]-,-1.0,176.0201,-1.0,127.9
5461,AllCCS-32859911,FADH,C27H35N9O15P2,[M+H]+,1.0,788.1801,1.0,249.7
5462,AllCCS-32859911,FADH,C27H35N9O15P2,[M-H]-,-1.0,786.1655,-1.0,241.4
5463,DeepCCS-30932474,FADH,C27H35N9O15P2,[M+H]+,1.0,788.1801,1.0,232.5
5464,DeepCCS-30932474,FADH,C27H35N9O15P2,[M-H]-,-1.0,786.1655,-1.0,230.7
5465,DeepCCS-30932474,FADH,C27H35N9O15P2,[M-2H]2-,,393.0828,,264.7
5466,DeepCCS-30932474,FADH,C27H35N9O15P2,[M+Na]+,1.0,810.162,1.0,238.5
5468,AllCCS-32859911,FADH,C27H35N9O15P2,[M+H-H2O]+,1.0,770.1695,1.0,249.7
5469,AllCCS-32859911,FADH,C27H35N9O15P2,[M+NH4]+,1.0,805.2066,1.0,249.7
5470,AllCCS-32859911,FADH,C27H35N9O15P2,[M+Na]+,1.0,810.162,1.0,249.7
5472,AllCCS-32859911,FADH,C27H35N9O15P2,[M+Na-2H]-,-1.0,808.1475,-1.0,244.8
5473,AllCCS-32859911,FADH,C27H35N9O15P2,[M+HCOO]-,-1.0,832.171,-1.0,248.6
5474,AllCCS-32859911,Diguanosine tetraphosphate,C20H28N10O21P4,[M+H]+,1.0,869.0454,1.0,245.3
5475,AllCCS-32859911,Diguanosine tetraphosphate,C20H28N10O21P4,[M-H]-,-1.0,867.0308,-1.0,246.4
5476,DeepCCS-30932474,Diguanosine tetraphosphate,C20H28N10O21P4,[M+H]+,1.0,869.0454,1.0,238.6
5477,DeepCCS-30932474,Diguanosine tetraphosphate,C20H28N10O21P4,[M-H]-,-1.0,867.0308,-1.0,236.7
5478,DeepCCS-30932474,Diguanosine tetraphosphate,C20H28N10O21P4,[M-2H]2-,,433.5154,,270.3
5479,DeepCCS-30932474,Diguanosine tetraphosphate,C20H28N10O21P4,[M+Na]+,1.0,891.0273,1.0,244.4
5481,AllCCS-32859911,Diguanosine tetraphosphate,C20H28N10O21P4,[M+H-H2O]+,1.0,851.0348,1.0,245.5
5482,AllCCS-32859911,Diguanosine tetraphosphate,C20H28N10O21P4,[M+NH4]+,1.0,886.0719,1.0,245.0
5483,AllCCS-32859911,Diguanosine tetraphosphate,C20H28N10O21P4,[M+Na]+,1.0,891.0273,1.0,244.9
5485,AllCCS-32859911,Diguanosine tetraphosphate,C20H28N10O21P4,[M+Na-2H]-,-1.0,889.0128,-1.0,249.3
5486,AllCCS-32859911,Diguanosine tetraphosphate,C20H28N10O21P4,[M+HCOO]-,-1.0,913.0363,-1.0,252.6
5487,DarkChem-31661259,Biotinyl-5'-AMP,C20H28N7O9PS,[M+H]+,1.0,574.148,1.0,231.1
5488,DarkChem-31661259,Biotinyl-5'-AMP,C20H28N7O9PS,[M-H]-,-1.0,572.1334,-1.0,218.4
5489,DeepCCS-30932474,Biotinyl-5'-AMP,C20H28N7O9PS,[M-2H]2-,,286.0667,,206.4
5490,DeepCCS-30932474,Biotinyl-5'-AMP,C20H28N7O9PS,[M+Na]+,1.0,596.1299,1.0,181.4
5491,AllCCS-32859911,Biotinyl-5'-AMP,C20H28N7O9PS,[M+H]+,1.0,574.148,1.0,222.6
5492,AllCCS-32859911,Biotinyl-5'-AMP,C20H28N7O9PS,[M+H-H2O]+,1.0,556.1374,1.0,221.4
5493,AllCCS-32859911,Biotinyl-5'-AMP,C20H28N7O9PS,[M+NH4]+,1.0,591.1745,1.0,223.7
5494,AllCCS-32859911,Biotinyl-5'-AMP,C20H28N7O9PS,[M+Na]+,1.0,596.1299,1.0,224.0
5495,AllCCS-32859911,Biotinyl-5'-AMP,C20H28N7O9PS,[M-H]-,-1.0,572.1334,-1.0,212.1
5496,AllCCS-32859911,Biotinyl-5'-AMP,C20H28N7O9PS,[M+Na-2H]-,-1.0,594.1153,-1.0,213.6
5497,AllCCS-32859911,Biotinyl-5'-AMP,C20H28N7O9PS,[M+HCOO]-,-1.0,618.1389,-1.0,215.3
5498,DarkChem-31661259,Zymosterol intermediate 2,C27H44O,[M+H]+,1.0,385.3465,1.0,193.1
5499,DarkChem-31661259,Zymosterol intermediate 2,C27H44O,[M-H]-,-1.0,383.3319,-1.0,186.9
5500,DeepCCS-30932474,Zymosterol intermediate 2,C27H44O,[M-2H]2-,,191.666,,230.9
5501,DeepCCS-30932474,Zymosterol intermediate 2,C27H44O,[M+Na]+,1.0,407.3284,1.0,205.4
5502,AllCCS-32859911,Zymosterol intermediate 2,C27H44O,[M+H]+,1.0,385.3465,1.0,204.4
5503,AllCCS-32859911,Zymosterol intermediate 2,C27H44O,[M+H-H2O]+,1.0,367.3359,1.0,202.2
5504,AllCCS-32859911,Zymosterol intermediate 2,C27H44O,[M+NH4]+,1.0,402.373,1.0,206.5
5505,AllCCS-32859911,Zymosterol intermediate 2,C27H44O,[M+Na]+,1.0,407.3284,1.0,207.1
5506,AllCCS-32859911,Zymosterol intermediate 2,C27H44O,[M-H]-,-1.0,383.3319,-1.0,204.8
5507,AllCCS-32859911,Zymosterol intermediate 2,C27H44O,[M+Na-2H]-,-1.0,405.3139,-1.0,206.3
5508,AllCCS-32859911,Zymosterol intermediate 2,C27H44O,[M+HCOO]-,-1.0,429.3374,-1.0,208.2
5535,AllCCS-32859911,Octaprenyl diphosphate,C40H68O7P2,[M+H]+,1.0,723.4513,1.0,273.3
5536,AllCCS-32859911,Octaprenyl diphosphate,C40H68O7P2,[M-H]-,-1.0,721.4368,-1.0,258.9
5537,DeepCCS-30932474,Octaprenyl diphosphate,C40H68O7P2,[M+H]+,1.0,723.4513,1.0,255.0
5538,DeepCCS-30932474,Octaprenyl diphosphate,C40H68O7P2,[M-H]-,-1.0,721.4368,-1.0,252.6
5539,DeepCCS-30932474,Octaprenyl diphosphate,C40H68O7P2,[M-2H]2-,,360.7184,,285.6
5540,DeepCCS-30932474,Octaprenyl diphosphate,C40H68O7P2,[M+Na]+,1.0,745.4332,1.0,260.8
5542,AllCCS-32859911,Octaprenyl diphosphate,C40H68O7P2,[M+H-H2O]+,1.0,705.4407,1.0,272.2
5543,AllCCS-32859911,Octaprenyl diphosphate,C40H68O7P2,[M+NH4]+,1.0,740.4779,1.0,274.2
5544,AllCCS-32859911,Octaprenyl diphosphate,C40H68O7P2,[M+Na]+,1.0,745.4332,1.0,274.5
5546,AllCCS-32859911,Octaprenyl diphosphate,C40H68O7P2,[M+Na-2H]-,-1.0,743.4187,-1.0,263.9
5547,AllCCS-32859911,Octaprenyl diphosphate,C40H68O7P2,[M+HCOO]-,-1.0,767.4422,-1.0,269.5
5548,AllCCS-32859911,Undecaprenyl diphosphate,C55H92O7P2,[M+H]+,1.0,927.6391,1.0,294.2
5549,AllCCS-32859911,Undecaprenyl diphosphate,C55H92O7P2,[M-H]-,-1.0,925.6246,-1.0,244.1
5550,DeepCCS-30932474,Undecaprenyl diphosphate,C55H92O7P2,[M+H]+,1.0,927.6391,1.0,305.1
5551,DeepCCS-30932474,Undecaprenyl diphosphate,C55H92O7P2,[M-H]-,-1.0,925.6246,-1.0,303.2
5552,DeepCCS-30932474,Undecaprenyl diphosphate,C55H92O7P2,[M-2H]2-,,462.8123,,336.6
5553,DeepCCS-30932474,Undecaprenyl diphosphate,C55H92O7P2,[M+Na]+,1.0,949.621,1.0,310.8
5555,AllCCS-32859911,Undecaprenyl diphosphate,C55H92O7P2,[M+H-H2O]+,1.0,909.6285,1.0,293.8
5556,AllCCS-32859911,Undecaprenyl diphosphate,C55H92O7P2,[M+NH4]+,1.0,944.6657,1.0,294.6
5557,AllCCS-32859911,Undecaprenyl diphosphate,C55H92O7P2,[M+Na]+,1.0,949.621,1.0,294.7
5559,AllCCS-32859911,Undecaprenyl diphosphate,C55H92O7P2,[M+Na-2H]-,-1.0,947.6065,-1.0,246.4
5560,AllCCS-32859911,Undecaprenyl diphosphate,C55H92O7P2,[M+HCOO]-,-1.0,971.63,-1.0,248.9
5561,DeepCCS-30932474,Dodecaprenyl diphosphate,C60H100O7P2,[M+H]+,1.0,995.7017,1.0,328.7
5562,DeepCCS-30932474,Dodecaprenyl diphosphate,C60H100O7P2,[M-H]-,-1.0,993.6872,-1.0,326.9
5563,DeepCCS-30932474,Dodecaprenyl diphosphate,C60H100O7P2,[M-2H]2-,,496.8436,,361.0
5564,DeepCCS-30932474,Dodecaprenyl diphosphate,C60H100O7P2,[M+Na]+,1.0,1017.6836,1.0,335.0
5565,AllCCS-32859911,Dodecaprenyl diphosphate,C60H100O7P2,[M+H]+,1.0,995.7017,1.0,295.8
5566,AllCCS-32859911,Dodecaprenyl diphosphate,C60H100O7P2,[M+H-H2O]+,1.0,977.6911,1.0,295.4
5567,AllCCS-32859911,Dodecaprenyl diphosphate,C60H100O7P2,[M+NH4]+,1.0,1012.7283,1.0,296.2
5568,AllCCS-32859911,Dodecaprenyl diphosphate,C60H100O7P2,[M+Na]+,1.0,1017.6836,1.0,296.3
5569,AllCCS-32859911,Dodecaprenyl diphosphate,C60H100O7P2,[M-H]-,-1.0,993.6872,-1.0,208.9
5570,AllCCS-32859911,Dodecaprenyl diphosphate,C60H100O7P2,[M+Na-2H]-,-1.0,1015.6691,-1.0,209.9
5571,AllCCS-32859911,Dodecaprenyl diphosphate,C60H100O7P2,[M+HCOO]-,-1.0,1039.6926,-1.0,210.9
5572,DarkChem-31661259,D-Arabinose 5-phosphate,C5H11O8P,[M+H]+,1.0,231.0264,1.0,150.7
5573,DarkChem-31661259,D-Arabinose 5-phosphate,C5H11O8P,[M-H]-,-1.0,229.0119,-1.0,147.6
5574,DeepCCS-30932474,D-Arabinose 5-phosphate,C5H11O8P,[M+H]+,1.0,231.0264,1.0,141.6
5575,DeepCCS-30932474,D-Arabinose 5-phosphate,C5H11O8P,[M-H]-,-1.0,229.0119,-1.0,139.2
5576,DeepCCS-30932474,D-Arabinose 5-phosphate,C5H11O8P,[M-2H]2-,,114.5059,,172.4
5577,DeepCCS-30932474,D-Arabinose 5-phosphate,C5H11O8P,[M+Na]+,1.0,253.0084,1.0,147.5
5578,AllCCS-32859911,D-Arabinose 5-phosphate,C5H11O8P,[M+H]+,1.0,231.0264,1.0,149.5
5579,AllCCS-32859911,D-Arabinose 5-phosphate,C5H11O8P,[M+H-H2O]+,1.0,213.0159,1.0,146.0
5580,AllCCS-32859911,D-Arabinose 5-phosphate,C5H11O8P,[M+NH4]+,1.0,248.053,1.0,152.7
5581,AllCCS-32859911,D-Arabinose 5-phosphate,C5H11O8P,[M+Na]+,1.0,253.0084,1.0,153.6
5582,AllCCS-32859911,D-Arabinose 5-phosphate,C5H11O8P,[M-H]-,-1.0,229.0119,-1.0,140.4
5583,AllCCS-32859911,D-Arabinose 5-phosphate,C5H11O8P,[M+Na-2H]-,-1.0,250.9938,-1.0,141.3
5584,AllCCS-32859911,D-Arabinose 5-phosphate,C5H11O8P,[M+HCOO]-,-1.0,275.0174,-1.0,142.5
5585,DarkChem-31661259,Cytosine,C4H5N3O,[M+H]+,1.0,112.0505,1.0,120.6
5586,DarkChem-31661259,Cytosine,C4H5N3O,[M-H]-,-1.0,110.036,-1.0,115.4
5587,AllCCS-32859911,Cytosine,C4H5N3O,[M+H]+,1.0,112.0505,1.0,123.9
5588,AllCCS-32859911,Cytosine,C4H5N3O,[M-H]-,-1.0,110.036,-1.0,118.0
5589,DeepCCS-30932474,Cytosine,C4H5N3O,[M+H]+,1.0,112.0505,1.0,124.8
5590,DeepCCS-30932474,Cytosine,C4H5N3O,[M-H]-,-1.0,110.036,-1.0,122.5
5591,DeepCCS-30932474,Cytosine,C4H5N3O,[M-2H]2-,,55.018,,158.7
5592,DeepCCS-30932474,Cytosine,C4H5N3O,[M+Na]+,1.0,134.0325,1.0,133.2
5594,AllCCS-32859911,Cytosine,C4H5N3O,[M+H-H2O]+,1.0,94.04,1.0,118.9
5595,AllCCS-32859911,Cytosine,C4H5N3O,[M+NH4]+,1.0,129.0771,1.0,128.5
5596,AllCCS-32859911,Cytosine,C4H5N3O,[M+Na]+,1.0,134.0325,1.0,129.9
5598,AllCCS-32859911,Cytosine,C4H5N3O,[M+Na-2H]-,-1.0,132.0179,-1.0,120.6
5599,AllCCS-32859911,Cytosine,C4H5N3O,[M+HCOO]-,-1.0,156.0415,-1.0,123.4
5600,DarkChem-31661259,O-Acetylserine,C5H9NO4,[M+H]+,1.0,148.0604,1.0,131.1
5601,DarkChem-31661259,O-Acetylserine,C5H9NO4,[M-H]-,-1.0,146.0459,-1.0,126.2
5602,DeepCCS-30932474,O-Acetylserine,C5H9NO4,[M+H]+,1.0,148.0604,1.0,124.7
5603,DeepCCS-30932474,O-Acetylserine,C5H9NO4,[M-H]-,-1.0,146.0459,-1.0,120.9
5604,DeepCCS-30932474,O-Acetylserine,C5H9NO4,[M-2H]2-,,73.0229,,158.3
5605,DeepCCS-30932474,O-Acetylserine,C5H9NO4,[M+Na]+,1.0,170.0424,1.0,133.7
5606,AllCCS-32859911,O-Acetylserine,C5H9NO4,[M+H]+,1.0,148.0604,1.0,134.0
5607,AllCCS-32859911,O-Acetylserine,C5H9NO4,[M+H-H2O]+,1.0,130.0499,1.0,130.1
5608,AllCCS-32859911,O-Acetylserine,C5H9NO4,[M+NH4]+,1.0,165.087,1.0,137.7
5609,AllCCS-32859911,O-Acetylserine,C5H9NO4,[M+Na]+,1.0,170.0424,1.0,138.8
5610,AllCCS-32859911,O-Acetylserine,C5H9NO4,[M-H]-,-1.0,146.0459,-1.0,128.2
5611,AllCCS-32859911,O-Acetylserine,C5H9NO4,[M+Na-2H]-,-1.0,168.0278,-1.0,130.5
5612,AllCCS-32859911,O-Acetylserine,C5H9NO4,[M+HCOO]-,-1.0,192.0514,-1.0,133.1
5613,DarkChem-31661259,Fructose 1-phosphate,C6H13O9P,[M+H]+,1.0,261.037,1.0,157.5
5614,DarkChem-31661259,Fructose 1-phosphate,C6H13O9P,[M-H]-,-1.0,259.0224,-1.0,147.6
5615,AllCCS-32859911,Fructose 1-phosphate,C6H13O9P,[M+H]+,1.0,261.037,1.0,155.6
5616,AllCCS-32859911,Fructose 1-phosphate,C6H13O9P,[M-H]-,-1.0,259.0224,-1.0,147.2
5617,DeepCCS-30932474,Fructose 1-phosphate,C6H13O9P,[M+H]+,1.0,261.037,1.0,145.9
5618,DeepCCS-30932474,Fructose 1-phosphate,C6H13O9P,[M-H]-,-1.0,259.0224,-1.0,143.6
5619,DeepCCS-30932474,Fructose 1-phosphate,C6H13O9P,[M-2H]2-,,129.5112,,178.5
5620,DeepCCS-30932474,Fructose 1-phosphate,C6H13O9P,[M+Na]+,1.0,283.0189,1.0,152.7
5622,AllCCS-32859911,Fructose 1-phosphate,C6H13O9P,[M+H-H2O]+,1.0,243.0264,1.0,152.1
5623,AllCCS-32859911,Fructose 1-phosphate,C6H13O9P,[M+NH4]+,1.0,278.0635,1.0,158.9
5624,AllCCS-32859911,Fructose 1-phosphate,C6H13O9P,[M+Na]+,1.0,283.0189,1.0,159.8
5626,AllCCS-32859911,Fructose 1-phosphate,C6H13O9P,[M+Na-2H]-,-1.0,281.0044,-1.0,147.5
5627,AllCCS-32859911,Fructose 1-phosphate,C6H13O9P,[M+HCOO]-,-1.0,305.0279,-1.0,148.0
5628,DarkChem-31661259,Sorbitol,C6H14O6,[M+H]+,1.0,183.0863,1.0,141.1
5629,DarkChem-31661259,Sorbitol,C6H14O6,[M-H]-,-1.0,181.0718,-1.0,134.1
5630,AllCCS-32859911,Sorbitol,C6H14O6,[M+H]+,1.0,183.0863,1.0,141.6
5631,AllCCS-32859911,Sorbitol,C6H14O6,[M-H]-,-1.0,181.0718,-1.0,132.9
5632,DeepCCS-30932474,Sorbitol,C6H14O6,[M+H]+,1.0,183.0863,1.0,146.8
5633,DeepCCS-30932474,Sorbitol,C6H14O6,[M-H]-,-1.0,181.0718,-1.0,144.4
5634,DeepCCS-30932474,Sorbitol,C6H14O6,[M-2H]2-,,90.5359,,177.6
5635,DeepCCS-30932474,Sorbitol,C6H14O6,[M+Na]+,1.0,205.0683,1.0,152.7
5637,AllCCS-32859911,Sorbitol,C6H14O6,[M+H-H2O]+,1.0,165.0757,1.0,137.8
5638,AllCCS-32859911,Sorbitol,C6H14O6,[M+NH4]+,1.0,200.1129,1.0,145.1
5639,AllCCS-32859911,Sorbitol,C6H14O6,[M+Na]+,1.0,205.0683,1.0,146.1
5641,AllCCS-32859911,Sorbitol,C6H14O6,[M+Na-2H]-,-1.0,203.0537,-1.0,134.4
5642,AllCCS-32859911,Sorbitol,C6H14O6,[M+HCOO]-,-1.0,227.0772,-1.0,136.0
5643,DarkChem-31661259,D-Fructose,C6H12O6,[M+H]+,1.0,181.0707,1.0,140.4
5644,DarkChem-31661259,D-Fructose,C6H12O6,[M-H]-,-1.0,179.0561,-1.0,133.2
5645,AllCCS-32859911,D-Fructose,C6H12O6,[M+H]+,1.0,181.0707,1.0,140.2
5646,AllCCS-32859911,D-Fructose,C6H12O6,[M-H]-,-1.0,179.0561,-1.0,131.7
5647,DeepCCS-30932474,D-Fructose,C6H12O6,[M+H]+,1.0,181.0707,1.0,137.3
5648,DeepCCS-30932474,D-Fructose,C6H12O6,[M-H]-,-1.0,179.0561,-1.0,134.9
5649,DeepCCS-30932474,D-Fructose,C6H12O6,[M-2H]2-,,89.5281,,169.4
5650,DeepCCS-30932474,D-Fructose,C6H12O6,[M+Na]+,1.0,203.0526,1.0,143.6
5652,AllCCS-32859911,D-Fructose,C6H12O6,[M+H-H2O]+,1.0,163.0601,1.0,136.1
5653,AllCCS-32859911,D-Fructose,C6H12O6,[M+NH4]+,1.0,198.0972,1.0,144.1
5654,AllCCS-32859911,D-Fructose,C6H12O6,[M+Na]+,1.0,203.0526,1.0,145.2
5656,AllCCS-32859911,D-Fructose,C6H12O6,[M+Na-2H]-,-1.0,201.0381,-1.0,132.7
5657,AllCCS-32859911,D-Fructose,C6H12O6,[M+HCOO]-,-1.0,225.0616,-1.0,133.9
5658,DarkChem-31661259,dCTP,C9H16N3O13P3,[M+H]+,1.0,467.9969,1.0,196.5
5659,DarkChem-31661259,dCTP,C9H16N3O13P3,[M-H]-,-1.0,465.9823,-1.0,192.7
5660,AllCCS-32859911,dCTP,C9H16N3O13P3,[M+H]+,1.0,467.9969,1.0,191.1
5661,AllCCS-32859911,dCTP,C9H16N3O13P3,[M-H]-,-1.0,465.9823,-1.0,183.6
5662,DeepCCS-30932474,dCTP,C9H16N3O13P3,[M+H]+,1.0,467.9969,1.0,156.6
5663,DeepCCS-30932474,dCTP,C9H16N3O13P3,[M-H]-,-1.0,465.9823,-1.0,153.4
5664,DeepCCS-30932474,dCTP,C9H16N3O13P3,[M-2H]2-,,232.9912,,187.6
5665,DeepCCS-30932474,dCTP,C9H16N3O13P3,[M+Na]+,1.0,489.9788,1.0,163.9
5667,AllCCS-32859911,dCTP,C9H16N3O13P3,[M+H-H2O]+,1.0,449.9863,1.0,189.1
5668,AllCCS-32859911,dCTP,C9H16N3O13P3,[M+NH4]+,1.0,485.0234,1.0,193.0
5669,AllCCS-32859911,dCTP,C9H16N3O13P3,[M+Na]+,1.0,489.9788,1.0,193.6
5671,AllCCS-32859911,dCTP,C9H16N3O13P3,[M+Na-2H]-,-1.0,487.9643,-1.0,183.9
5672,AllCCS-32859911,dCTP,C9H16N3O13P3,[M+HCOO]-,-1.0,511.9878,-1.0,184.4
5673,DarkChem-31661259,Deoxyinosine,C10H12N4O4,[M+H]+,1.0,253.0931,1.0,154.6
5674,DarkChem-31661259,Deoxyinosine,C10H12N4O4,[M-H]-,-1.0,251.0786,-1.0,154.0
5675,AllCCS-32859911,Deoxyinosine,C10H12N4O4,[M+H]+,1.0,253.0931,1.0,156.6
5676,AllCCS-32859911,Deoxyinosine,C10H12N4O4,[M-H]-,-1.0,251.0786,-1.0,156.2
5677,DeepCCS-30932474,Deoxyinosine,C10H12N4O4,[M+H]+,1.0,253.0931,1.0,149.7
5678,DeepCCS-30932474,Deoxyinosine,C10H12N4O4,[M-H]-,-1.0,251.0786,-1.0,147.3
5679,DeepCCS-30932474,Deoxyinosine,C10H12N4O4,[M-2H]2-,,125.5393,,180.9
5680,DeepCCS-30932474,Deoxyinosine,C10H12N4O4,[M+Na]+,1.0,275.0751,1.0,155.6
5682,AllCCS-32859911,Deoxyinosine,C10H12N4O4,[M+H-H2O]+,1.0,235.0826,1.0,152.9
5683,AllCCS-32859911,Deoxyinosine,C10H12N4O4,[M+NH4]+,1.0,270.1197,1.0,160.0
5684,AllCCS-32859911,Deoxyinosine,C10H12N4O4,[M+Na]+,1.0,275.0751,1.0,161.0
5686,AllCCS-32859911,Deoxyinosine,C10H12N4O4,[M+Na-2H]-,-1.0,273.0605,-1.0,155.8
5687,AllCCS-32859911,Deoxyinosine,C10H12N4O4,[M+HCOO]-,-1.0,297.0841,-1.0,155.5
5688,DarkChem-31661259,Deoxyribose,C5H10O4,[M+H]+,1.0,135.0652,1.0,128.3
5689,DarkChem-31661259,Deoxyribose,C5H10O4,[M-H]-,-1.0,133.0506,-1.0,126.9
5690,DeepCCS-30932474,Deoxyribose,C5H10O4,[M+H]+,1.0,135.0652,1.0,131.8
5691,DeepCCS-30932474,Deoxyribose,C5H10O4,[M-H]-,-1.0,133.0506,-1.0,129.5
5692,DeepCCS-30932474,Deoxyribose,C5H10O4,[M-2H]2-,,66.5253,,164.7
5693,DeepCCS-30932474,Deoxyribose,C5H10O4,[M+Na]+,1.0,157.0471,1.0,139.0
5694,AllCCS-32859911,Deoxyribose,C5H10O4,[M+H]+,1.0,135.0652,1.0,130.4
5695,AllCCS-32859911,Deoxyribose,C5H10O4,[M+H-H2O]+,1.0,117.0546,1.0,125.7
5696,AllCCS-32859911,Deoxyribose,C5H10O4,[M+NH4]+,1.0,152.0917,1.0,134.7
5697,AllCCS-32859911,Deoxyribose,C5H10O4,[M+Na]+,1.0,157.0471,1.0,135.9
5698,AllCCS-32859911,Deoxyribose,C5H10O4,[M-H]-,-1.0,133.0506,-1.0,123.4
5699,AllCCS-32859911,Deoxyribose,C5H10O4,[M+Na-2H]-,-1.0,155.0326,-1.0,125.5
5700,AllCCS-32859911,Deoxyribose,C5H10O4,[M+HCOO]-,-1.0,179.0561,-1.0,127.8
5701,DarkChem-31661259,Deoxyribose 5-phosphate,C5H11O7P,[M+H]+,1.0,215.0315,1.0,146.8
5702,DarkChem-31661259,Deoxyribose 5-phosphate,C5H11O7P,[M-H]-,-1.0,213.017,-1.0,141.1
5703,AllCCS-32859911,Deoxyribose 5-phosphate,C5H11O7P,[M+H]+,1.0,215.0315,1.0,146.3
5704,AllCCS-32859911,Deoxyribose 5-phosphate,C5H11O7P,[M-H]-,-1.0,213.017,-1.0,138.2
5705,DeepCCS-30932474,Deoxyribose 5-phosphate,C5H11O7P,[M+H]+,1.0,215.0315,1.0,138.5
5706,DeepCCS-30932474,Deoxyribose 5-phosphate,C5H11O7P,[M-H]-,-1.0,213.017,-1.0,136.2
5707,DeepCCS-30932474,Deoxyribose 5-phosphate,C5H11O7P,[M-2H]2-,,106.5085,,169.8
5708,DeepCCS-30932474,Deoxyribose 5-phosphate,C5H11O7P,[M+Na]+,1.0,237.0135,1.0,144.5
5710,AllCCS-32859911,Deoxyribose 5-phosphate,C5H11O7P,[M+H-H2O]+,1.0,197.021,1.0,142.4
5711,AllCCS-32859911,Deoxyribose 5-phosphate,C5H11O7P,[M+NH4]+,1.0,232.0581,1.0,149.9
5712,AllCCS-32859911,Deoxyribose 5-phosphate,C5H11O7P,[M+Na]+,1.0,237.0135,1.0,150.9
5714,AllCCS-32859911,Deoxyribose 5-phosphate,C5H11O7P,[M+Na-2H]-,-1.0,234.9989,-1.0,139.1
5715,AllCCS-32859911,Deoxyribose 5-phosphate,C5H11O7P,[M+HCOO]-,-1.0,259.0224,-1.0,140.1
5716,DarkChem-31661259,Deoxyribose 1-phosphate,C5H11O7P,[M+H]+,1.0,215.0315,1.0,148.1
5717,DarkChem-31661259,Deoxyribose 1-phosphate,C5H11O7P,[M-H]-,-1.0,213.017,-1.0,141.4
5718,AllCCS-32859911,Deoxyribose 1-phosphate,C5H11O7P,[M+H]+,1.0,215.0315,1.0,146.6
5719,AllCCS-32859911,Deoxyribose 1-phosphate,C5H11O7P,[M-H]-,-1.0,213.017,-1.0,138.2
5720,DeepCCS-30932474,Deoxyribose 1-phosphate,C5H11O7P,[M+H]+,1.0,215.0315,1.0,128.6
5721,DeepCCS-30932474,Deoxyribose 1-phosphate,C5H11O7P,[M-H]-,-1.0,213.017,-1.0,126.2
5722,DeepCCS-30932474,Deoxyribose 1-phosphate,C5H11O7P,[M-2H]2-,,106.5085,,160.6
5723,DeepCCS-30932474,Deoxyribose 1-phosphate,C5H11O7P,[M+Na]+,1.0,237.0135,1.0,136.1
5725,AllCCS-32859911,Deoxyribose 1-phosphate,C5H11O7P,[M+H-H2O]+,1.0,197.021,1.0,142.7
5726,AllCCS-32859911,Deoxyribose 1-phosphate,C5H11O7P,[M+NH4]+,1.0,232.0581,1.0,150.2
5727,AllCCS-32859911,Deoxyribose 1-phosphate,C5H11O7P,[M+Na]+,1.0,237.0135,1.0,151.3
5729,AllCCS-32859911,Deoxyribose 1-phosphate,C5H11O7P,[M+Na-2H]-,-1.0,234.9989,-1.0,139.1
5730,AllCCS-32859911,Deoxyribose 1-phosphate,C5H11O7P,[M+HCOO]-,-1.0,259.0224,-1.0,140.1
5757,DarkChem-31661259,"2,3-Diphosphoglyceric acid",C3H8O10P2,[M+H]+,1.0,266.9665,1.0,158.5
5758,DarkChem-31661259,"2,3-Diphosphoglyceric acid",C3H8O10P2,[M-H]-,-1.0,264.952,-1.0,152.0
5759,AllCCS-32859911,"2,3-Diphosphoglyceric acid",C3H8O10P2,[M+H]+,1.0,266.9665,1.0,154.7
5760,AllCCS-32859911,"2,3-Diphosphoglyceric acid",C3H8O10P2,[M-H]-,-1.0,264.952,-1.0,141.8
5761,DeepCCS-30932474,"2,3-Diphosphoglyceric acid",C3H8O10P2,[M+H]+,1.0,266.9665,1.0,131.5
5762,DeepCCS-30932474,"2,3-Diphosphoglyceric acid",C3H8O10P2,[M-H]-,-1.0,264.952,-1.0,129.1
5763,DeepCCS-30932474,"2,3-Diphosphoglyceric acid",C3H8O10P2,[M-2H]2-,,132.476,,162.7
5764,DeepCCS-30932474,"2,3-Diphosphoglyceric acid",C3H8O10P2,[M+Na]+,1.0,288.9485,1.0,137.4
5766,AllCCS-32859911,"2,3-Diphosphoglyceric acid",C3H8O10P2,[M+H-H2O]+,1.0,248.956,1.0,151.4
5767,AllCCS-32859911,"2,3-Diphosphoglyceric acid",C3H8O10P2,[M+NH4]+,1.0,283.9931,1.0,157.8
5768,AllCCS-32859911,"2,3-Diphosphoglyceric acid",C3H8O10P2,[M+Na]+,1.0,288.9485,1.0,158.7
5770,AllCCS-32859911,"2,3-Diphosphoglyceric acid",C3H8O10P2,[M+Na-2H]-,-1.0,286.9339,-1.0,142.7
5771,AllCCS-32859911,"2,3-Diphosphoglyceric acid",C3H8O10P2,[M+HCOO]-,-1.0,310.9575,-1.0,143.7
5772,DarkChem-31661259,2-Phospho-D-glyceric acid,C3H7O7P,[M+H]+,1.0,187.0002,1.0,140.4
5773,DarkChem-31661259,2-Phospho-D-glyceric acid,C3H7O7P,[M-H]-,-1.0,184.9857,-1.0,133.5
5774,DeepCCS-30932474,2-Phospho-D-glyceric acid,C3H7O7P,[M+H]+,1.0,187.0002,1.0,126.1
5775,DeepCCS-30932474,2-Phospho-D-glyceric acid,C3H7O7P,[M-H]-,-1.0,184.9857,-1.0,123.0
5776,DeepCCS-30932474,2-Phospho-D-glyceric acid,C3H7O7P,[M-2H]2-,,92.4928,,160.0
5777,DeepCCS-30932474,2-Phospho-D-glyceric acid,C3H7O7P,[M+Na]+,1.0,208.9822,1.0,135.4
5778,AllCCS-32859911,2-Phospho-D-glyceric acid,C3H7O7P,[M+H]+,1.0,187.0002,1.0,141.1
5779,AllCCS-32859911,2-Phospho-D-glyceric acid,C3H7O7P,[M+H-H2O]+,1.0,168.9897,1.0,137.3
5780,AllCCS-32859911,2-Phospho-D-glyceric acid,C3H7O7P,[M+NH4]+,1.0,204.0268,1.0,144.7
5781,AllCCS-32859911,2-Phospho-D-glyceric acid,C3H7O7P,[M+Na]+,1.0,208.9822,1.0,145.7
5782,AllCCS-32859911,2-Phospho-D-glyceric acid,C3H7O7P,[M-H]-,-1.0,184.9857,-1.0,129.0
5783,AllCCS-32859911,2-Phospho-D-glyceric acid,C3H7O7P,[M+Na-2H]-,-1.0,206.9676,-1.0,130.9
5784,AllCCS-32859911,2-Phospho-D-glyceric acid,C3H7O7P,[M+HCOO]-,-1.0,230.9911,-1.0,133.0
5785,DarkChem-31661259,Caprylic acid,C8H16O2,[M+H]+,1.0,145.1223,1.0,134.7
5787,DarkChem-31661259,Caprylic acid,C8H16O2,[M-H]-,-1.0,143.1078,-1.0,129.5
5789,AllCCS-32859911,Caprylic acid,C8H16O2,[M+H]+,1.0,145.1223,1.0,135.7
5790,AllCCS-32859911,Caprylic acid,C8H16O2,[M-H]-,-1.0,143.1078,-1.0,136.5
5791,DeepCCS-30932474,Caprylic acid,C8H16O2,[M+H]+,1.0,145.1223,1.0,145.1
5792,DeepCCS-30932474,Caprylic acid,C8H16O2,[M-H]-,-1.0,143.1078,-1.0,142.2
5793,DeepCCS-30932474,Caprylic acid,C8H16O2,[M-2H]2-,,71.5539,,178.9
5794,DeepCCS-30932474,Caprylic acid,C8H16O2,[M+Na]+,1.0,167.1042,1.0,153.7
5796,AllCCS-32859911,Caprylic acid,C8H16O2,[M+H-H2O]+,1.0,127.1117,1.0,131.7
5797,AllCCS-32859911,Caprylic acid,C8H16O2,[M+NH4]+,1.0,162.1489,1.0,139.5
5798,AllCCS-32859911,Caprylic acid,C8H16O2,[M+Na]+,1.0,167.1042,1.0,140.6
5800,AllCCS-32859911,Caprylic acid,C8H16O2,[M+Na-2H]-,-1.0,165.0897,-1.0,138.8
5801,AllCCS-32859911,Caprylic acid,C8H16O2,[M+HCOO]-,-1.0,189.1132,-1.0,141.3
5802,DarkChem-31661259,Capric acid,C10H20O2,[M+H]+,1.0,173.1536,1.0,143.2
5803,DarkChem-31661259,Capric acid,C10H20O2,[M-H]-,-1.0,171.1391,-1.0,140.2
5804,AllCCS-32859911,Capric acid,C10H20O2,[M+H]+,1.0,173.1536,1.0,143.8
5805,AllCCS-32859911,Capric acid,C10H20O2,[M-H]-,-1.0,171.1391,-1.0,145.1
5806,DeepCCS-30932474,Capric acid,C10H20O2,[M+H]+,1.0,173.1536,1.0,148.1
5807,DeepCCS-30932474,Capric acid,C10H20O2,[M-H]-,-1.0,171.1391,-1.0,144.9
5808,DeepCCS-30932474,Capric acid,C10H20O2,[M-2H]2-,,85.5695,,181.7
5809,DeepCCS-30932474,Capric acid,C10H20O2,[M+Na]+,1.0,195.1355,1.0,156.9
5811,AllCCS-32859911,Capric acid,C10H20O2,[M+H-H2O]+,1.0,155.143,1.0,140.0
5812,AllCCS-32859911,Capric acid,C10H20O2,[M+NH4]+,1.0,190.1802,1.0,147.4
5813,AllCCS-32859911,Capric acid,C10H20O2,[M+Na]+,1.0,195.1355,1.0,148.4
5815,AllCCS-32859911,Capric acid,C10H20O2,[M+Na-2H]-,-1.0,193.121,-1.0,146.7
5816,AllCCS-32859911,Capric acid,C10H20O2,[M+HCOO]-,-1.0,217.1445,-1.0,148.6
5817,DarkChem-31661259,Myristic acid,C14H28O2,[M+H]+,1.0,229.2162,1.0,159.6
5818,DarkChem-31661259,Myristic acid,C14H28O2,[M-H]-,-1.0,227.2017,-1.0,158.3
5819,AllCCS-32859911,Myristic acid,C14H28O2,[M+H]+,1.0,229.2162,1.0,162.2
5820,AllCCS-32859911,Myristic acid,C14H28O2,[M-H]-,-1.0,227.2017,-1.0,162.9
5821,DeepCCS-30932474,Myristic acid,C14H28O2,[M+H]+,1.0,229.2162,1.0,158.0
5822,DeepCCS-30932474,Myristic acid,C14H28O2,[M-H]-,-1.0,227.2017,-1.0,153.9
5823,DeepCCS-30932474,Myristic acid,C14H28O2,[M-2H]2-,,113.6008,,190.9
5824,DeepCCS-30932474,Myristic acid,C14H28O2,[M+Na]+,1.0,251.1981,1.0,166.8
5825,DarkChem-31661259,Myristoleic acid,C14H26O2,[M+H]+,1.0,227.2006,1.0,162.7
5826,DarkChem-31661259,Myristoleic acid,C14H26O2,[M-H]-,-1.0,225.186,-1.0,160.9
5827,DeepCCS-30932474,Myristoleic acid,C14H26O2,[M+H]+,1.0,227.2006,1.0,159.7
5828,DeepCCS-30932474,Myristoleic acid,C14H26O2,[M-H]-,-1.0,225.186,-1.0,155.6
5829,DeepCCS-30932474,Myristoleic acid,C14H26O2,[M-2H]2-,,112.593,,193.1
5830,DeepCCS-30932474,Myristoleic acid,C14H26O2,[M+Na]+,1.0,249.1825,1.0,168.8
5831,AllCCS-32859911,Myristoleic acid,C14H26O2,[M+H]+,1.0,227.2006,1.0,160.7
5832,AllCCS-32859911,Myristoleic acid,C14H26O2,[M+H-H2O]+,1.0,209.19,1.0,157.3
5833,AllCCS-32859911,Myristoleic acid,C14H26O2,[M+NH4]+,1.0,244.2271,1.0,163.9
5834,AllCCS-32859911,Myristoleic acid,C14H26O2,[M+Na]+,1.0,249.1825,1.0,164.8
5835,AllCCS-32859911,Myristoleic acid,C14H26O2,[M-H]-,-1.0,225.186,-1.0,163.1
5836,AllCCS-32859911,Myristoleic acid,C14H26O2,[M+Na-2H]-,-1.0,247.1679,-1.0,164.4
5837,AllCCS-32859911,Myristoleic acid,C14H26O2,[M+HCOO]-,-1.0,271.1915,-1.0,165.9
5838,DarkChem-31661259,Palmitoleic acid,C16H30O2,[M+H]+,1.0,255.2319,1.0,168.8
5839,DarkChem-31661259,Palmitoleic acid,C16H30O2,[M-H]-,-1.0,253.2173,-1.0,170.5
5840,DeepCCS-30932474,Palmitoleic acid,C16H30O2,[M+H]+,1.0,255.2319,1.0,172.0
5841,DeepCCS-30932474,Palmitoleic acid,C16H30O2,[M-H]-,-1.0,253.2173,-1.0,168.0
5842,DeepCCS-30932474,Palmitoleic acid,C16H30O2,[M-2H]2-,,126.6087,,205.4
5843,DeepCCS-30932474,Palmitoleic acid,C16H30O2,[M+Na]+,1.0,277.2138,1.0,181.2
5844,AllCCS-32859911,Palmitoleic acid,C16H30O2,[M+H]+,1.0,255.2319,1.0,170.1
5845,AllCCS-32859911,Palmitoleic acid,C16H30O2,[M+H-H2O]+,1.0,237.2213,1.0,166.9
5846,AllCCS-32859911,Palmitoleic acid,C16H30O2,[M+NH4]+,1.0,272.2584,1.0,173.1
5847,AllCCS-32859911,Palmitoleic acid,C16H30O2,[M+Na]+,1.0,277.2138,1.0,173.9
5848,AllCCS-32859911,Palmitoleic acid,C16H30O2,[M-H]-,-1.0,253.2173,-1.0,171.5
5849,AllCCS-32859911,Palmitoleic acid,C16H30O2,[M+Na-2H]-,-1.0,275.1992,-1.0,172.9
5850,AllCCS-32859911,Palmitoleic acid,C16H30O2,[M+HCOO]-,-1.0,299.2228,-1.0,174.5
5851,DarkChem-31661259,Tetracosanoic acid,C24H48O2,[M+H]+,1.0,369.3727,1.0,199.6
5852,DarkChem-31661259,Tetracosanoic acid,C24H48O2,[M-H]-,-1.0,367.3582,-1.0,199.8
5853,DeepCCS-30932474,Tetracosanoic acid,C24H48O2,[M+H]+,1.0,369.3727,1.0,194.4
5854,DeepCCS-30932474,Tetracosanoic acid,C24H48O2,[M-H]-,-1.0,367.3582,-1.0,190.4
5855,DeepCCS-30932474,Tetracosanoic acid,C24H48O2,[M-2H]2-,,183.6791,,226.9
5856,DeepCCS-30932474,Tetracosanoic acid,C24H48O2,[M+Na]+,1.0,391.3546,1.0,203.2
5857,AllCCS-32859911,Tetracosanoic acid,C24H48O2,[M+H]+,1.0,369.3727,1.0,212.5
5858,AllCCS-32859911,Tetracosanoic acid,C24H48O2,[M+H-H2O]+,1.0,351.3621,1.0,210.2
5859,AllCCS-32859911,Tetracosanoic acid,C24H48O2,[M+NH4]+,1.0,386.3993,1.0,214.6
5860,AllCCS-32859911,Tetracosanoic acid,C24H48O2,[M+Na]+,1.0,391.3546,1.0,215.2
5861,AllCCS-32859911,Tetracosanoic acid,C24H48O2,[M-H]-,-1.0,367.3582,-1.0,198.9
5862,AllCCS-32859911,Tetracosanoic acid,C24H48O2,[M+Na-2H]-,-1.0,389.3401,-1.0,201.0
5863,AllCCS-32859911,Tetracosanoic acid,C24H48O2,[M+HCOO]-,-1.0,413.3636,-1.0,203.6
5896,DarkChem-31661259,gamma-Glutamylalanine,C8H14N2O5,[M+H]+,1.0,219.0975,1.0,151.1
5897,DarkChem-31661259,gamma-Glutamylalanine,C8H14N2O5,[M-H]-,-1.0,217.083,-1.0,147.4
5898,DeepCCS-30932474,gamma-Glutamylalanine,C8H14N2O5,[M+H]+,1.0,219.0975,1.0,149.4
5899,DeepCCS-30932474,gamma-Glutamylalanine,C8H14N2O5,[M-H]-,-1.0,217.083,-1.0,147.0
5900,DeepCCS-30932474,gamma-Glutamylalanine,C8H14N2O5,[M-2H]2-,,108.5415,,180.1
5901,DeepCCS-30932474,gamma-Glutamylalanine,C8H14N2O5,[M+Na]+,1.0,241.0795,1.0,155.4
5902,AllCCS-32859911,gamma-Glutamylalanine,C8H14N2O5,[M+H]+,1.0,219.0975,1.0,149.1
5903,AllCCS-32859911,gamma-Glutamylalanine,C8H14N2O5,[M+H-H2O]+,1.0,201.087,1.0,145.7
5904,AllCCS-32859911,gamma-Glutamylalanine,C8H14N2O5,[M+NH4]+,1.0,236.1241,1.0,152.3
5905,AllCCS-32859911,gamma-Glutamylalanine,C8H14N2O5,[M+Na]+,1.0,241.0795,1.0,153.2
5906,AllCCS-32859911,gamma-Glutamylalanine,C8H14N2O5,[M-H]-,-1.0,217.083,-1.0,146.3
5907,AllCCS-32859911,gamma-Glutamylalanine,C8H14N2O5,[M+Na-2H]-,-1.0,239.0649,-1.0,147.2
5908,AllCCS-32859911,gamma-Glutamylalanine,C8H14N2O5,[M+HCOO]-,-1.0,263.0885,-1.0,148.3
5909,AllCCS-32859911,Uridine diphosphategalactose,C15H24N2O17P2,[M+H]+,1.0,567.0623,1.0,212.3
5910,AllCCS-32859911,Uridine diphosphategalactose,C15H24N2O17P2,[M-H]-,-1.0,565.0477,-1.0,207.5
5911,DeepCCS-30932474,Uridine diphosphategalactose,C15H24N2O17P2,[M+H]+,1.0,567.0623,1.0,190.3
5912,DeepCCS-30932474,Uridine diphosphategalactose,C15H24N2O17P2,[M-H]-,-1.0,565.0477,-1.0,188.0
5913,DeepCCS-30932474,Uridine diphosphategalactose,C15H24N2O17P2,[M-2H]2-,,282.5239,,221.2
5914,DeepCCS-30932474,Uridine diphosphategalactose,C15H24N2O17P2,[M+Na]+,1.0,589.0442,1.0,196.0
5916,AllCCS-32859911,Uridine diphosphategalactose,C15H24N2O17P2,[M+H-H2O]+,1.0,549.0517,1.0,210.9
5917,AllCCS-32859911,Uridine diphosphategalactose,C15H24N2O17P2,[M+NH4]+,1.0,584.0888,1.0,213.5
5918,AllCCS-32859911,Uridine diphosphategalactose,C15H24N2O17P2,[M+Na]+,1.0,589.0442,1.0,213.9
5920,AllCCS-32859911,Uridine diphosphategalactose,C15H24N2O17P2,[M+Na-2H]-,-1.0,587.0297,-1.0,208.5
5921,AllCCS-32859911,Uridine diphosphategalactose,C15H24N2O17P2,[M+HCOO]-,-1.0,611.0532,-1.0,209.8
5933,DarkChem-31661259,L-2-Amino-3-oxobutanoic acid,C4H7NO3,[M+H]+,1.0,118.0499,1.0,125.8
5934,DarkChem-31661259,L-2-Amino-3-oxobutanoic acid,C4H7NO3,[M-H]-,-1.0,116.0353,-1.0,119.1
5935,DeepCCS-30932474,L-2-Amino-3-oxobutanoic acid,C4H7NO3,[M+H]+,1.0,118.0499,1.0,120.4
5936,DeepCCS-30932474,L-2-Amino-3-oxobutanoic acid,C4H7NO3,[M-H]-,-1.0,116.0353,-1.0,116.7
5937,DeepCCS-30932474,L-2-Amino-3-oxobutanoic acid,C4H7NO3,[M-2H]2-,,58.0177,,154.0
5938,DeepCCS-30932474,L-2-Amino-3-oxobutanoic acid,C4H7NO3,[M+Na]+,1.0,140.0318,1.0,129.1
5939,AllCCS-32859911,L-2-Amino-3-oxobutanoic acid,C4H7NO3,[M+H]+,1.0,118.0499,1.0,128.8
5940,AllCCS-32859911,L-2-Amino-3-oxobutanoic acid,C4H7NO3,[M+H-H2O]+,1.0,100.0393,1.0,124.6
5941,AllCCS-32859911,L-2-Amino-3-oxobutanoic acid,C4H7NO3,[M+NH4]+,1.0,135.0764,1.0,132.8
5942,AllCCS-32859911,L-2-Amino-3-oxobutanoic acid,C4H7NO3,[M+Na]+,1.0,140.0318,1.0,133.9
5943,AllCCS-32859911,L-2-Amino-3-oxobutanoic acid,C4H7NO3,[M-H]-,-1.0,116.0353,-1.0,120.8
5944,AllCCS-32859911,L-2-Amino-3-oxobutanoic acid,C4H7NO3,[M+Na-2H]-,-1.0,138.0173,-1.0,124.0
5945,AllCCS-32859911,L-2-Amino-3-oxobutanoic acid,C4H7NO3,[M+HCOO]-,-1.0,162.0408,-1.0,127.6
5946,DarkChem-31661259,Lipoamide,C8H15NOS2,[M+H]+,1.0,206.0668,1.0,144.7
5947,DarkChem-31661259,Lipoamide,C8H15NOS2,[M-H]-,-1.0,204.0522,-1.0,138.6
5948,AllCCS-32859911,Lipoamide,C8H15NOS2,[M+H]+,1.0,206.0668,1.0,143.7
5949,AllCCS-32859911,Lipoamide,C8H15NOS2,[M-H]-,-1.0,204.0522,-1.0,150.1
5950,DeepCCS-30932474,Lipoamide,C8H15NOS2,[M+H]+,1.0,206.0668,1.0,147.4
5951,DeepCCS-30932474,Lipoamide,C8H15NOS2,[M-H]-,-1.0,204.0522,-1.0,144.8
5952,DeepCCS-30932474,Lipoamide,C8H15NOS2,[M-2H]2-,,102.0261,,180.8
5953,DeepCCS-30932474,Lipoamide,C8H15NOS2,[M+Na]+,1.0,228.0487,1.0,156.1
5955,AllCCS-32859911,Lipoamide,C8H15NOS2,[M+H-H2O]+,1.0,188.0562,1.0,139.9
5956,AllCCS-32859911,Lipoamide,C8H15NOS2,[M+NH4]+,1.0,223.0933,1.0,147.3
5957,AllCCS-32859911,Lipoamide,C8H15NOS2,[M+Na]+,1.0,228.0487,1.0,148.3
5959,AllCCS-32859911,Lipoamide,C8H15NOS2,[M+Na-2H]-,-1.0,226.0342,-1.0,151.4
5960,AllCCS-32859911,Lipoamide,C8H15NOS2,[M+HCOO]-,-1.0,250.0577,-1.0,153.0
5961,DarkChem-31661259,Guanine,C5H5N5O,[M+H]+,1.0,152.0567,1.0,131.5
5962,DarkChem-31661259,Guanine,C5H5N5O,[M-H]-,-1.0,150.0421,-1.0,130.7
5963,AllCCS-32859911,Guanine,C5H5N5O,[M+H]+,1.0,152.0567,1.0,132.2
5964,AllCCS-32859911,Guanine,C5H5N5O,[M-H]-,-1.0,150.0421,-1.0,126.3
5965,DeepCCS-30932474,Guanine,C5H5N5O,[M+H]+,1.0,152.0567,1.0,131.0
5966,DeepCCS-30932474,Guanine,C5H5N5O,[M-H]-,-1.0,150.0421,-1.0,127.7
5967,DeepCCS-30932474,Guanine,C5H5N5O,[M-2H]2-,,75.0211,,164.8
5968,DeepCCS-30932474,Guanine,C5H5N5O,[M+Na]+,1.0,174.0386,1.0,140.1
5970,AllCCS-32859911,Guanine,C5H5N5O,[M+H-H2O]+,1.0,134.0461,1.0,127.6
5971,AllCCS-32859911,Guanine,C5H5N5O,[M+NH4]+,1.0,169.0832,1.0,136.6
5972,AllCCS-32859911,Guanine,C5H5N5O,[M+Na]+,1.0,174.0386,1.0,137.9
5974,AllCCS-32859911,Guanine,C5H5N5O,[M+Na-2H]-,-1.0,172.0241,-1.0,127.2
5975,AllCCS-32859911,Guanine,C5H5N5O,[M+HCOO]-,-1.0,196.0476,-1.0,128.2
5976,DarkChem-31661259,Deoxyadenosine triphosphate,C10H16N5O12P3,[M+H]+,1.0,492.0081,1.0,201.6
5977,DarkChem-31661259,Deoxyadenosine triphosphate,C10H16N5O12P3,[M-H]-,-1.0,489.9936,-1.0,195.7
5978,AllCCS-32859911,Deoxyadenosine triphosphate,C10H16N5O12P3,[M+H]+,1.0,492.0081,1.0,196.5
5979,AllCCS-32859911,Deoxyadenosine triphosphate,C10H16N5O12P3,[M-H]-,-1.0,489.9936,-1.0,188.1
5980,DeepCCS-30932474,Deoxyadenosine triphosphate,C10H16N5O12P3,[M+H]+,1.0,492.0081,1.0,157.6
5981,DeepCCS-30932474,Deoxyadenosine triphosphate,C10H16N5O12P3,[M-H]-,-1.0,489.9936,-1.0,155.2
5982,DeepCCS-30932474,Deoxyadenosine triphosphate,C10H16N5O12P3,[M-2H]2-,,244.9968,,188.4
5983,DeepCCS-30932474,Deoxyadenosine triphosphate,C10H16N5O12P3,[M+Na]+,1.0,513.99,1.0,164.7
5985,AllCCS-32859911,Deoxyadenosine triphosphate,C10H16N5O12P3,[M+H-H2O]+,1.0,473.9975,1.0,194.6
5986,AllCCS-32859911,Deoxyadenosine triphosphate,C10H16N5O12P3,[M+NH4]+,1.0,509.0347,1.0,198.2
5987,AllCCS-32859911,Deoxyadenosine triphosphate,C10H16N5O12P3,[M+Na]+,1.0,513.99,1.0,198.7
5989,AllCCS-32859911,Deoxyadenosine triphosphate,C10H16N5O12P3,[M+Na-2H]-,-1.0,511.9755,-1.0,188.3
5990,AllCCS-32859911,Deoxyadenosine triphosphate,C10H16N5O12P3,[M+HCOO]-,-1.0,535.999,-1.0,188.7
5991,DarkChem-31661259,L-Histidinol,C6H11N3O,[M+H]+,1.0,142.0975,1.0,129.7
5992,DarkChem-31661259,L-Histidinol,C6H11N3O,[M-H]-,-1.0,140.0829,-1.0,126.3
5993,DeepCCS-30932474,L-Histidinol,C6H11N3O,[M+H]+,1.0,142.0975,1.0,127.9
5994,DeepCCS-30932474,L-Histidinol,C6H11N3O,[M-H]-,-1.0,140.0829,-1.0,124.5
5995,DeepCCS-30932474,L-Histidinol,C6H11N3O,[M-2H]2-,,70.0415,,161.8
5996,DeepCCS-30932474,L-Histidinol,C6H11N3O,[M+Na]+,1.0,164.0794,1.0,137.0
5997,AllCCS-32859911,L-Histidinol,C6H11N3O,[M+H]+,1.0,142.0975,1.0,131.8
5998,AllCCS-32859911,L-Histidinol,C6H11N3O,[M+H-H2O]+,1.0,124.0869,1.0,127.4
5999,AllCCS-32859911,L-Histidinol,C6H11N3O,[M+NH4]+,1.0,159.124,1.0,135.9
6000,AllCCS-32859911,L-Histidinol,C6H11N3O,[M+Na]+,1.0,164.0794,1.0,137.1
6001,AllCCS-32859911,L-Histidinol,C6H11N3O,[M-H]-,-1.0,140.0829,-1.0,128.4
6002,AllCCS-32859911,L-Histidinol,C6H11N3O,[M+Na-2H]-,-1.0,162.0649,-1.0,130.1
6003,AllCCS-32859911,L-Histidinol,C6H11N3O,[M+HCOO]-,-1.0,186.0884,-1.0,132.1
6004,DarkChem-31661259,Methylhistidine,C7H11N3O2,[M+H]+,1.0,170.0924,1.0,137.4
6005,DarkChem-31661259,Methylhistidine,C7H11N3O2,[M-H]-,-1.0,168.0779,-1.0,132.7
6006,AllCCS-32859911,Methylhistidine,C7H11N3O2,[M+H]+,1.0,170.0924,1.0,137.9
6007,AllCCS-32859911,Methylhistidine,C7H11N3O2,[M-H]-,-1.0,168.0779,-1.0,134.4
6008,DeepCCS-30932474,Methylhistidine,C7H11N3O2,[M+H]+,1.0,170.0924,1.0,131.1
6009,DeepCCS-30932474,Methylhistidine,C7H11N3O2,[M-H]-,-1.0,168.0779,-1.0,128.5
6010,DeepCCS-30932474,Methylhistidine,C7H11N3O2,[M-2H]2-,,84.0389,,164.5
6011,DeepCCS-30932474,Methylhistidine,C7H11N3O2,[M+Na]+,1.0,192.0743,1.0,139.3
6013,AllCCS-32859911,Methylhistidine,C7H11N3O2,[M+H-H2O]+,1.0,152.0818,1.0,133.7
6014,AllCCS-32859911,Methylhistidine,C7H11N3O2,[M+NH4]+,1.0,187.1189,1.0,141.9
6015,AllCCS-32859911,Methylhistidine,C7H11N3O2,[M+Na]+,1.0,192.0743,1.0,143.0
6017,AllCCS-32859911,Methylhistidine,C7H11N3O2,[M+Na-2H]-,-1.0,190.0598,-1.0,135.6
6018,AllCCS-32859911,Methylhistidine,C7H11N3O2,[M+HCOO]-,-1.0,214.0833,-1.0,136.9
6019,DarkChem-31661259,Mevalonic acid,C6H12O4,[M+H]+,1.0,149.0808,1.0,133.5
6020,DarkChem-31661259,Mevalonic acid,C6H12O4,[M-H]-,-1.0,147.0663,-1.0,128.0
6021,AllCCS-32859911,Mevalonic acid,C6H12O4,[M+H]+,1.0,149.0808,1.0,134.0
6022,AllCCS-32859911,Mevalonic acid,C6H12O4,[M-H]-,-1.0,147.0663,-1.0,130.3
6023,DeepCCS-30932474,Mevalonic acid,C6H12O4,[M+H]+,1.0,149.0808,1.0,126.8
6024,DeepCCS-30932474,Mevalonic acid,C6H12O4,[M-H]-,-1.0,147.0663,-1.0,123.0
6025,DeepCCS-30932474,Mevalonic acid,C6H12O4,[M-2H]2-,,73.5331,,159.8
6026,DeepCCS-30932474,Mevalonic acid,C6H12O4,[M+Na]+,1.0,171.0628,1.0,135.4
6028,AllCCS-32859911,Mevalonic acid,C6H12O4,[M+H-H2O]+,1.0,131.0703,1.0,130.0
6029,AllCCS-32859911,Mevalonic acid,C6H12O4,[M+NH4]+,1.0,166.1074,1.0,137.7
6030,AllCCS-32859911,Mevalonic acid,C6H12O4,[M+Na]+,1.0,171.0628,1.0,138.8
6032,AllCCS-32859911,Mevalonic acid,C6H12O4,[M+Na-2H]-,-1.0,169.0482,-1.0,132.7
6033,AllCCS-32859911,Mevalonic acid,C6H12O4,[M+HCOO]-,-1.0,193.0718,-1.0,135.3
6034,DeepCCS-30932474,3-Hydroxy-3-methylglutaryl-CoA,C27H44N7O20P3S,[M+H]+,1.0,912.1647,1.0,193.1
6035,DeepCCS-30932474,3-Hydroxy-3-methylglutaryl-CoA,C27H44N7O20P3S,[M-H]-,-1.0,910.1502,-1.0,191.3
6036,DeepCCS-30932474,3-Hydroxy-3-methylglutaryl-CoA,C27H44N7O20P3S,[M-2H]2-,,455.0751,,225.6
6037,DeepCCS-30932474,3-Hydroxy-3-methylglutaryl-CoA,C27H44N7O20P3S,[M+Na]+,1.0,934.1467,1.0,200.2
6038,AllCCS-32859911,3-Hydroxy-3-methylglutaryl-CoA,C27H44N7O20P3S,[M+H]+,1.0,912.1647,1.0,263.5
6039,AllCCS-32859911,3-Hydroxy-3-methylglutaryl-CoA,C27H44N7O20P3S,[M+H-H2O]+,1.0,894.1542,1.0,264.1
6040,AllCCS-32859911,3-Hydroxy-3-methylglutaryl-CoA,C27H44N7O20P3S,[M+NH4]+,1.0,929.1913,1.0,262.8
6041,AllCCS-32859911,3-Hydroxy-3-methylglutaryl-CoA,C27H44N7O20P3S,[M+Na]+,1.0,934.1467,1.0,262.7
6042,AllCCS-32859911,3-Hydroxy-3-methylglutaryl-CoA,C27H44N7O20P3S,[M-H]-,-1.0,910.1502,-1.0,265.9
6043,AllCCS-32859911,3-Hydroxy-3-methylglutaryl-CoA,C27H44N7O20P3S,[M+Na-2H]-,-1.0,932.1321,-1.0,270.4
6044,AllCCS-32859911,3-Hydroxy-3-methylglutaryl-CoA,C27H44N7O20P3S,[M+HCOO]-,-1.0,956.1557,-1.0,275.4
6045,DeepCCS-30932474,"myo-Inositol 1,3,4,5-tetrakisphosphate",C6H16O18P4,[M+H]+,1.0,500.936,1.0,173.0
6046,DeepCCS-30932474,"myo-Inositol 1,3,4,5-tetrakisphosphate",C6H16O18P4,[M-H]-,-1.0,498.9214,-1.0,171.1
6047,DeepCCS-30932474,"myo-Inositol 1,3,4,5-tetrakisphosphate",C6H16O18P4,[M-2H]2-,,249.4607,,204.4
6048,DeepCCS-30932474,"myo-Inositol 1,3,4,5-tetrakisphosphate",C6H16O18P4,[M+Na]+,1.0,522.9179,1.0,178.8
6049,AllCCS-32859911,"myo-Inositol 1,3,4,5-tetrakisphosphate",C6H16O18P4,[M+H]+,1.0,500.936,1.0,194.7
6050,AllCCS-32859911,"myo-Inositol 1,3,4,5-tetrakisphosphate",C6H16O18P4,[M+H-H2O]+,1.0,482.9254,1.0,192.8
6051,AllCCS-32859911,"myo-Inositol 1,3,4,5-tetrakisphosphate",C6H16O18P4,[M+NH4]+,1.0,517.9625,1.0,196.4
6052,AllCCS-32859911,"myo-Inositol 1,3,4,5-tetrakisphosphate",C6H16O18P4,[M+Na]+,1.0,522.9179,1.0,196.9
6053,AllCCS-32859911,"myo-Inositol 1,3,4,5-tetrakisphosphate",C6H16O18P4,[M-H]-,-1.0,498.9214,-1.0,178.6
6054,AllCCS-32859911,"myo-Inositol 1,3,4,5-tetrakisphosphate",C6H16O18P4,[M+Na-2H]-,-1.0,520.9034,-1.0,178.8
6055,AllCCS-32859911,"myo-Inositol 1,3,4,5-tetrakisphosphate",C6H16O18P4,[M+HCOO]-,-1.0,544.9269,-1.0,179.2
6056,DarkChem-31661259,myo-Inositol 6-phosphate,C6H13O9P,[M+H]+,1.0,261.037,1.0,157.6
6057,DarkChem-31661259,myo-Inositol 6-phosphate,C6H13O9P,[M-H]-,-1.0,259.0224,-1.0,152.9
6058,DeepCCS-30932474,myo-Inositol 6-phosphate,C6H13O9P,[M+H]+,1.0,261.037,1.0,149.7
6059,DeepCCS-30932474,myo-Inositol 6-phosphate,C6H13O9P,[M-H]-,-1.0,259.0224,-1.0,147.3
6060,DeepCCS-30932474,myo-Inositol 6-phosphate,C6H13O9P,[M-2H]2-,,129.5112,,181.7
6061,DeepCCS-30932474,myo-Inositol 6-phosphate,C6H13O9P,[M+Na]+,1.0,283.0189,1.0,156.1
6062,AllCCS-32859911,myo-Inositol 6-phosphate,C6H13O9P,[M+H]+,1.0,261.037,1.0,157.3
6063,AllCCS-32859911,myo-Inositol 6-phosphate,C6H13O9P,[M+H-H2O]+,1.0,243.0264,1.0,153.8
6064,AllCCS-32859911,myo-Inositol 6-phosphate,C6H13O9P,[M+NH4]+,1.0,278.0635,1.0,160.5
6065,AllCCS-32859911,myo-Inositol 6-phosphate,C6H13O9P,[M+Na]+,1.0,283.0189,1.0,161.5
6066,AllCCS-32859911,myo-Inositol 6-phosphate,C6H13O9P,[M-H]-,-1.0,259.0224,-1.0,145.4
6067,AllCCS-32859911,myo-Inositol 6-phosphate,C6H13O9P,[M+Na-2H]-,-1.0,281.0044,-1.0,145.6
6068,AllCCS-32859911,myo-Inositol 6-phosphate,C6H13O9P,[M+HCOO]-,-1.0,305.0279,-1.0,146.0
6069,DarkChem-31661259,D-myo-Inositol 3-phosphate,C6H13O9P,[M+H]+,1.0,261.037,1.0,156.5
6070,DarkChem-31661259,D-myo-Inositol 3-phosphate,C6H13O9P,[M-H]-,-1.0,259.0224,-1.0,153.9
6071,DeepCCS-30932474,D-myo-Inositol 3-phosphate,C6H13O9P,[M+H]+,1.0,261.037,1.0,149.5
6072,DeepCCS-30932474,D-myo-Inositol 3-phosphate,C6H13O9P,[M-H]-,-1.0,259.0224,-1.0,147.1
6073,DeepCCS-30932474,D-myo-Inositol 3-phosphate,C6H13O9P,[M-2H]2-,,129.5112,,181.6
6074,DeepCCS-30932474,D-myo-Inositol 3-phosphate,C6H13O9P,[M+Na]+,1.0,283.0189,1.0,156.0
6075,AllCCS-32859911,D-myo-Inositol 3-phosphate,C6H13O9P,[M+H]+,1.0,261.037,1.0,157.3
6076,AllCCS-32859911,D-myo-Inositol 3-phosphate,C6H13O9P,[M+H-H2O]+,1.0,243.0264,1.0,153.8
6077,AllCCS-32859911,D-myo-Inositol 3-phosphate,C6H13O9P,[M+NH4]+,1.0,278.0635,1.0,160.5
6078,AllCCS-32859911,D-myo-Inositol 3-phosphate,C6H13O9P,[M+Na]+,1.0,283.0189,1.0,161.5
6079,AllCCS-32859911,D-myo-Inositol 3-phosphate,C6H13O9P,[M-H]-,-1.0,259.0224,-1.0,145.4
6080,AllCCS-32859911,D-myo-Inositol 3-phosphate,C6H13O9P,[M+Na-2H]-,-1.0,281.0044,-1.0,145.6
6081,AllCCS-32859911,D-myo-Inositol 3-phosphate,C6H13O9P,[M+HCOO]-,-1.0,305.0279,-1.0,146.0
6082,DarkChem-31661259,Itaconic acid,C5H6O4,[M+H]+,1.0,131.0339,1.0,127.6
6083,DarkChem-31661259,Itaconic acid,C5H6O4,[M-H]-,-1.0,129.0193,-1.0,120.7
6084,DeepCCS-30932474,Itaconic acid,C5H6O4,[M+H]+,1.0,131.0339,1.0,123.9
6085,DeepCCS-30932474,Itaconic acid,C5H6O4,[M-H]-,-1.0,129.0193,-1.0,120.8
6086,DeepCCS-30932474,Itaconic acid,C5H6O4,[M-2H]2-,,64.5097,,157.6
6087,DeepCCS-30932474,Itaconic acid,C5H6O4,[M+Na]+,1.0,153.0158,1.0,132.6
6088,AllCCS-32859911,Itaconic acid,C5H6O4,[M+H]+,1.0,131.0339,1.0,130.7
6089,AllCCS-32859911,Itaconic acid,C5H6O4,[M+H-H2O]+,1.0,113.0233,1.0,126.5
6090,AllCCS-32859911,Itaconic acid,C5H6O4,[M+NH4]+,1.0,148.0604,1.0,134.6
6091,AllCCS-32859911,Itaconic acid,C5H6O4,[M+Na]+,1.0,153.0158,1.0,135.7
6092,AllCCS-32859911,Itaconic acid,C5H6O4,[M-H]-,-1.0,129.0193,-1.0,123.5
6093,AllCCS-32859911,Itaconic acid,C5H6O4,[M+Na-2H]-,-1.0,151.0013,-1.0,126.1
6094,AllCCS-32859911,Itaconic acid,C5H6O4,[M+HCOO]-,-1.0,175.0248,-1.0,129.1
6095,DeepCCS-30932474,Itaconyl-CoA,C26H40N7O19P3S,[M-2H]2-,,439.062,,280.3
6096,DeepCCS-30932474,Itaconyl-CoA,C26H40N7O19P3S,[M+Na]+,1.0,902.1205,1.0,254.4
6097,AllCCS-32859911,Itaconyl-CoA,C26H40N7O19P3S,[M+H]+,1.0,880.1385,1.0,258.4
6098,AllCCS-32859911,Itaconyl-CoA,C26H40N7O19P3S,[M+H-H2O]+,1.0,862.128,1.0,258.9
6099,AllCCS-32859911,Itaconyl-CoA,C26H40N7O19P3S,[M+NH4]+,1.0,897.1651,1.0,257.8
6100,AllCCS-32859911,Itaconyl-CoA,C26H40N7O19P3S,[M+Na]+,1.0,902.1205,1.0,257.7
6101,AllCCS-32859911,Itaconyl-CoA,C26H40N7O19P3S,[M-H]-,-1.0,878.124,-1.0,258.9
6102,AllCCS-32859911,Itaconyl-CoA,C26H40N7O19P3S,[M+Na-2H]-,-1.0,900.1059,-1.0,263.1
6103,AllCCS-32859911,Itaconyl-CoA,C26H40N7O19P3S,[M+HCOO]-,-1.0,924.1295,-1.0,267.8
6104,DarkChem-31661259,L-4-Hydroxyglutamate semialdehyde,C5H9NO4,[M+H]+,1.0,148.0604,1.0,134.9
6105,DarkChem-31661259,L-4-Hydroxyglutamate semialdehyde,C5H9NO4,[M-H]-,-1.0,146.0459,-1.0,132.2
6106,DeepCCS-30932474,L-4-Hydroxyglutamate semialdehyde,C5H9NO4,[M+H]+,1.0,148.0604,1.0,131.6
6107,DeepCCS-30932474,L-4-Hydroxyglutamate semialdehyde,C5H9NO4,[M-H]-,-1.0,146.0459,-1.0,128.8
6108,DeepCCS-30932474,L-4-Hydroxyglutamate semialdehyde,C5H9NO4,[M-2H]2-,,73.0229,,164.9
6109,DeepCCS-30932474,L-4-Hydroxyglutamate semialdehyde,C5H9NO4,[M+Na]+,1.0,170.0424,1.0,140.3
6110,AllCCS-32859911,L-4-Hydroxyglutamate semialdehyde,C5H9NO4,[M+H]+,1.0,148.0604,1.0,133.8
6111,AllCCS-32859911,L-4-Hydroxyglutamate semialdehyde,C5H9NO4,[M+H-H2O]+,1.0,130.0499,1.0,129.7
6112,AllCCS-32859911,L-4-Hydroxyglutamate semialdehyde,C5H9NO4,[M+NH4]+,1.0,165.087,1.0,137.5
6113,AllCCS-32859911,L-4-Hydroxyglutamate semialdehyde,C5H9NO4,[M+Na]+,1.0,170.0424,1.0,138.6
6114,AllCCS-32859911,L-4-Hydroxyglutamate semialdehyde,C5H9NO4,[M-H]-,-1.0,146.0459,-1.0,124.8
6115,AllCCS-32859911,L-4-Hydroxyglutamate semialdehyde,C5H9NO4,[M+Na-2H]-,-1.0,168.0278,-1.0,126.9
6116,AllCCS-32859911,L-4-Hydroxyglutamate semialdehyde,C5H9NO4,[M+HCOO]-,-1.0,192.0514,-1.0,129.3
6132,DarkChem-31661259,4-Hydroxy-2-oxoglutaric acid,C5H6O6,[M+H]+,1.0,163.0237,1.0,135.9
6133,DarkChem-31661259,4-Hydroxy-2-oxoglutaric acid,C5H6O6,[M-H]-,-1.0,161.0092,-1.0,130.7
6134,DeepCCS-30932474,4-Hydroxy-2-oxoglutaric acid,C5H6O6,[M+H]+,1.0,163.0237,1.0,126.0
6135,DeepCCS-30932474,4-Hydroxy-2-oxoglutaric acid,C5H6O6,[M-H]-,-1.0,161.0092,-1.0,122.2
6136,DeepCCS-30932474,4-Hydroxy-2-oxoglutaric acid,C5H6O6,[M-2H]2-,,80.5046,,159.7
6137,DeepCCS-30932474,4-Hydroxy-2-oxoglutaric acid,C5H6O6,[M+Na]+,1.0,185.0057,1.0,135.1
6138,AllCCS-32859911,4-Hydroxy-2-oxoglutaric acid,C5H6O6,[M+H]+,1.0,163.0237,1.0,136.0
6139,AllCCS-32859911,4-Hydroxy-2-oxoglutaric acid,C5H6O6,[M+H-H2O]+,1.0,145.0131,1.0,132.0
6140,AllCCS-32859911,4-Hydroxy-2-oxoglutaric acid,C5H6O6,[M+NH4]+,1.0,180.0503,1.0,139.6
6141,AllCCS-32859911,4-Hydroxy-2-oxoglutaric acid,C5H6O6,[M+Na]+,1.0,185.0057,1.0,140.7
6142,AllCCS-32859911,4-Hydroxy-2-oxoglutaric acid,C5H6O6,[M-H]-,-1.0,161.0092,-1.0,126.6
6143,AllCCS-32859911,4-Hydroxy-2-oxoglutaric acid,C5H6O6,[M+Na-2H]-,-1.0,182.9911,-1.0,128.3
6144,AllCCS-32859911,4-Hydroxy-2-oxoglutaric acid,C5H6O6,[M+HCOO]-,-1.0,207.0146,-1.0,130.3
6145,DarkChem-31661259,4-Hydroxyproline,C5H9NO3,[M+H]+,1.0,132.0655,1.0,128.8
6146,DarkChem-31661259,4-Hydroxyproline,C5H9NO3,[M-H]-,-1.0,130.051,-1.0,122.0
6147,AllCCS-32859911,4-Hydroxyproline,C5H9NO3,[M+H]+,1.0,132.0655,1.0,129.3
6148,AllCCS-32859911,4-Hydroxyproline,C5H9NO3,[M-H]-,-1.0,130.051,-1.0,123.0
6149,DeepCCS-30932474,4-Hydroxyproline,C5H9NO3,[M+H]+,1.0,132.0655,1.0,125.4
6150,DeepCCS-30932474,4-Hydroxyproline,C5H9NO3,[M-H]-,-1.0,130.051,-1.0,121.7
6151,DeepCCS-30932474,4-Hydroxyproline,C5H9NO3,[M-2H]2-,,65.0255,,159.1
6152,DeepCCS-30932474,4-Hydroxyproline,C5H9NO3,[M+Na]+,1.0,154.0475,1.0,134.5
6154,AllCCS-32859911,4-Hydroxyproline,C5H9NO3,[M+H-H2O]+,1.0,114.055,1.0,124.7
6155,AllCCS-32859911,4-Hydroxyproline,C5H9NO3,[M+NH4]+,1.0,149.0921,1.0,133.5
6156,AllCCS-32859911,4-Hydroxyproline,C5H9NO3,[M+Na]+,1.0,154.0475,1.0,134.7
6158,AllCCS-32859911,4-Hydroxyproline,C5H9NO3,[M+Na-2H]-,-1.0,152.0329,-1.0,125.1
6159,AllCCS-32859911,4-Hydroxyproline,C5H9NO3,[M+HCOO]-,-1.0,176.0564,-1.0,127.4
6175,DarkChem-31661259,"(S)-2,3-Epoxysqualene",C30H50O,[M+H]+,1.0,427.3934,1.0,205.8
6176,DarkChem-31661259,"(S)-2,3-Epoxysqualene",C30H50O,[M-H]-,-1.0,425.3789,-1.0,200.4
6177,AllCCS-32859911,"(S)-2,3-Epoxysqualene",C30H50O,[M+H]+,1.0,427.3934,1.0,222.3
6178,AllCCS-32859911,"(S)-2,3-Epoxysqualene",C30H50O,[M-H]-,-1.0,425.3789,-1.0,208.1
6179,DeepCCS-30932474,"(S)-2,3-Epoxysqualene",C30H50O,[M+H]+,1.0,427.3934,1.0,221.3
6180,DeepCCS-30932474,"(S)-2,3-Epoxysqualene",C30H50O,[M-H]-,-1.0,425.3789,-1.0,218.9
6181,DeepCCS-30932474,"(S)-2,3-Epoxysqualene",C30H50O,[M-2H]2-,,212.6894,,251.8
6182,DeepCCS-30932474,"(S)-2,3-Epoxysqualene",C30H50O,[M+Na]+,1.0,449.3754,1.0,227.4
6184,AllCCS-32859911,"(S)-2,3-Epoxysqualene",C30H50O,[M+H-H2O]+,1.0,409.3829,1.0,220.2
6185,AllCCS-32859911,"(S)-2,3-Epoxysqualene",C30H50O,[M+NH4]+,1.0,444.42,1.0,224.1
6186,AllCCS-32859911,"(S)-2,3-Epoxysqualene",C30H50O,[M+Na]+,1.0,449.3754,1.0,224.7
6188,AllCCS-32859911,"(S)-2,3-Epoxysqualene",C30H50O,[M+Na-2H]-,-1.0,447.3608,-1.0,210.7
6189,AllCCS-32859911,"(S)-2,3-Epoxysqualene",C30H50O,[M+HCOO]-,-1.0,471.3844,-1.0,213.7
6190,DarkChem-31661259,Leukotriene B4,C20H32O4,[M+H]+,1.0,337.2373,1.0,193.0
6191,DarkChem-31661259,Leukotriene B4,C20H32O4,[M-H]-,-1.0,335.2228,-1.0,187.4
6192,AllCCS-32859911,Leukotriene B4,C20H32O4,[M+H]+,1.0,337.2373,1.0,190.8
6193,AllCCS-32859911,Leukotriene B4,C20H32O4,[M-H]-,-1.0,335.2228,-1.0,187.9
6194,DeepCCS-30932474,Leukotriene B4,C20H32O4,[M+H]+,1.0,337.2373,1.0,197.2
6195,DeepCCS-30932474,Leukotriene B4,C20H32O4,[M-H]-,-1.0,335.2228,-1.0,194.6
6196,DeepCCS-30932474,Leukotriene B4,C20H32O4,[M-2H]2-,,167.6114,,229.1
6197,DeepCCS-30932474,Leukotriene B4,C20H32O4,[M+Na]+,1.0,359.2193,1.0,204.5
6199,AllCCS-32859911,Leukotriene B4,C20H32O4,[M+H-H2O]+,1.0,319.2268,1.0,188.0
6200,AllCCS-32859911,Leukotriene B4,C20H32O4,[M+NH4]+,1.0,354.2639,1.0,193.4
6201,AllCCS-32859911,Leukotriene B4,C20H32O4,[M+Na]+,1.0,359.2193,1.0,194.1
6203,AllCCS-32859911,Leukotriene B4,C20H32O4,[M+Na-2H]-,-1.0,357.2047,-1.0,189.7
6204,AllCCS-32859911,Leukotriene B4,C20H32O4,[M+HCOO]-,-1.0,381.2283,-1.0,191.9
6205,DarkChem-31661259,N-Acetyl-D-Glucosamine 6-Phosphate,C8H16NO9P,[M+H]+,1.0,302.0635,1.0,167.6
6206,DarkChem-31661259,N-Acetyl-D-Glucosamine 6-Phosphate,C8H16NO9P,[M-H]-,-1.0,300.049,-1.0,164.0
6207,AllCCS-32859911,N-Acetyl-D-Glucosamine 6-Phosphate,C8H16NO9P,[M+H]+,1.0,302.0635,1.0,165.1
6208,AllCCS-32859911,N-Acetyl-D-Glucosamine 6-Phosphate,C8H16NO9P,[M-H]-,-1.0,300.049,-1.0,160.1
6209,DeepCCS-30932474,N-Acetyl-D-Glucosamine 6-Phosphate,C8H16NO9P,[M+H]+,1.0,302.0635,1.0,156.7
6210,DeepCCS-30932474,N-Acetyl-D-Glucosamine 6-Phosphate,C8H16NO9P,[M-H]-,-1.0,300.049,-1.0,154.3
6211,DeepCCS-30932474,N-Acetyl-D-Glucosamine 6-Phosphate,C8H16NO9P,[M-2H]2-,,150.0245,,188.8
6212,DeepCCS-30932474,N-Acetyl-D-Glucosamine 6-Phosphate,C8H16NO9P,[M+Na]+,1.0,324.0455,1.0,164.0
6214,AllCCS-32859911,N-Acetyl-D-Glucosamine 6-Phosphate,C8H16NO9P,[M+H-H2O]+,1.0,284.053,1.0,162.0
6215,AllCCS-32859911,N-Acetyl-D-Glucosamine 6-Phosphate,C8H16NO9P,[M+NH4]+,1.0,319.0901,1.0,168.1
6216,AllCCS-32859911,N-Acetyl-D-Glucosamine 6-Phosphate,C8H16NO9P,[M+Na]+,1.0,324.0455,1.0,168.9
6218,AllCCS-32859911,N-Acetyl-D-Glucosamine 6-Phosphate,C8H16NO9P,[M+Na-2H]-,-1.0,322.0309,-1.0,160.3
6219,AllCCS-32859911,N-Acetyl-D-Glucosamine 6-Phosphate,C8H16NO9P,[M+HCOO]-,-1.0,346.0545,-1.0,160.7
6220,DarkChem-31661259,N-Acetylputrescine,C6H14N2O,[M+H]+,1.0,131.1179,1.0,128.0
6221,DarkChem-31661259,N-Acetylputrescine,C6H14N2O,[M-H]-,-1.0,129.1033,-1.0,124.7
6222,DeepCCS-30932474,N-Acetylputrescine,C6H14N2O,[M+H]+,1.0,131.1179,1.0,130.3
6223,DeepCCS-30932474,N-Acetylputrescine,C6H14N2O,[M-H]-,-1.0,129.1033,-1.0,127.6
6224,DeepCCS-30932474,N-Acetylputrescine,C6H14N2O,[M-2H]2-,,64.5517,,163.9
6225,DeepCCS-30932474,N-Acetylputrescine,C6H14N2O,[M+Na]+,1.0,153.0998,1.0,139.3
6226,AllCCS-32859911,N-Acetylputrescine,C6H14N2O,[M+H]+,1.0,131.1179,1.0,130.4
6227,AllCCS-32859911,N-Acetylputrescine,C6H14N2O,[M+H-H2O]+,1.0,113.1073,1.0,126.4
6228,AllCCS-32859911,N-Acetylputrescine,C6H14N2O,[M+NH4]+,1.0,148.1444,1.0,134.2
6229,AllCCS-32859911,N-Acetylputrescine,C6H14N2O,[M+Na]+,1.0,153.0998,1.0,135.3
6230,AllCCS-32859911,N-Acetylputrescine,C6H14N2O,[M-H]-,-1.0,129.1033,-1.0,130.7
6231,AllCCS-32859911,N-Acetylputrescine,C6H14N2O,[M+Na-2H]-,-1.0,151.0853,-1.0,133.5
6232,AllCCS-32859911,N-Acetylputrescine,C6H14N2O,[M+HCOO]-,-1.0,175.1088,-1.0,136.7
6233,DarkChem-31661259,Thymidine 5'-triphosphate,C10H17N2O14P3,[M+H]+,1.0,482.9965,1.0,200.0
6234,DarkChem-31661259,Thymidine 5'-triphosphate,C10H17N2O14P3,[M-H]-,-1.0,480.982,-1.0,196.3
6235,AllCCS-32859911,Thymidine 5'-triphosphate,C10H17N2O14P3,[M+H]+,1.0,482.9965,1.0,194.7
6236,AllCCS-32859911,Thymidine 5'-triphosphate,C10H17N2O14P3,[M-H]-,-1.0,480.982,-1.0,187.3
6237,DeepCCS-30932474,Thymidine 5'-triphosphate,C10H17N2O14P3,[M+H]+,1.0,482.9965,1.0,175.7
6238,DeepCCS-30932474,Thymidine 5'-triphosphate,C10H17N2O14P3,[M-H]-,-1.0,480.982,-1.0,172.4
6239,DeepCCS-30932474,Thymidine 5'-triphosphate,C10H17N2O14P3,[M-2H]2-,,240.491,,206.6
6240,DeepCCS-30932474,Thymidine 5'-triphosphate,C10H17N2O14P3,[M+Na]+,1.0,504.9785,1.0,183.0
6242,AllCCS-32859911,Thymidine 5'-triphosphate,C10H17N2O14P3,[M+H-H2O]+,1.0,464.986,1.0,192.8
6243,AllCCS-32859911,Thymidine 5'-triphosphate,C10H17N2O14P3,[M+NH4]+,1.0,500.0231,1.0,196.5
6244,AllCCS-32859911,Thymidine 5'-triphosphate,C10H17N2O14P3,[M+Na]+,1.0,504.9785,1.0,197.0
6246,AllCCS-32859911,Thymidine 5'-triphosphate,C10H17N2O14P3,[M+Na-2H]-,-1.0,502.9639,-1.0,187.9
6247,AllCCS-32859911,Thymidine 5'-triphosphate,C10H17N2O14P3,[M+HCOO]-,-1.0,526.9875,-1.0,188.6
6248,DarkChem-31661259,dUDP,C9H14N2O11P2,[M+H]+,1.0,389.0146,1.0,183.6
6249,DarkChem-31661259,dUDP,C9H14N2O11P2,[M-H]-,-1.0,387.0,-1.0,176.7
6250,AllCCS-32859911,dUDP,C9H14N2O11P2,[M+H]+,1.0,389.0146,1.0,179.1
6251,AllCCS-32859911,dUDP,C9H14N2O11P2,[M-H]-,-1.0,387.0,-1.0,172.5
6252,DeepCCS-30932474,dUDP,C9H14N2O11P2,[M+H]+,1.0,389.0146,1.0,170.7
6253,DeepCCS-30932474,dUDP,C9H14N2O11P2,[M-H]-,-1.0,387.0,-1.0,168.4
6254,DeepCCS-30932474,dUDP,C9H14N2O11P2,[M-2H]2-,,193.5,,203.1
6255,DeepCCS-30932474,dUDP,C9H14N2O11P2,[M+Na]+,1.0,410.9965,1.0,177.9
6257,AllCCS-32859911,dUDP,C9H14N2O11P2,[M+H-H2O]+,1.0,371.004,1.0,176.4
6258,AllCCS-32859911,dUDP,C9H14N2O11P2,[M+NH4]+,1.0,406.0411,1.0,181.5
6259,AllCCS-32859911,dUDP,C9H14N2O11P2,[M+Na]+,1.0,410.9965,1.0,182.2
6261,AllCCS-32859911,dUDP,C9H14N2O11P2,[M+Na-2H]-,-1.0,408.9819,-1.0,172.5
6262,AllCCS-32859911,dUDP,C9H14N2O11P2,[M+HCOO]-,-1.0,433.0055,-1.0,172.6
6326,DarkChem-31661259,Phosphoserine,C3H8NO6P,[M+H]+,1.0,186.0162,1.0,141.1
6327,DarkChem-31661259,Phosphoserine,C3H8NO6P,[M-H]-,-1.0,184.0016,-1.0,134.8
6328,AllCCS-32859911,Phosphoserine,C3H8NO6P,[M+H]+,1.0,186.0162,1.0,140.6
6329,AllCCS-32859911,Phosphoserine,C3H8NO6P,[M-H]-,-1.0,184.0016,-1.0,130.6
6330,DeepCCS-30932474,Phosphoserine,C3H8NO6P,[M+H]+,1.0,186.0162,1.0,127.5
6331,DeepCCS-30932474,Phosphoserine,C3H8NO6P,[M-H]-,-1.0,184.0016,-1.0,124.4
6332,DeepCCS-30932474,Phosphoserine,C3H8NO6P,[M-2H]2-,,92.0008,,161.5
6333,DeepCCS-30932474,Phosphoserine,C3H8NO6P,[M+Na]+,1.0,207.9981,1.0,136.9
6335,AllCCS-32859911,Phosphoserine,C3H8NO6P,[M+H-H2O]+,1.0,168.0056,1.0,136.8
6336,AllCCS-32859911,Phosphoserine,C3H8NO6P,[M+NH4]+,1.0,203.0427,1.0,144.1
6337,AllCCS-32859911,Phosphoserine,C3H8NO6P,[M+Na]+,1.0,207.9981,1.0,145.1
6339,AllCCS-32859911,Phosphoserine,C3H8NO6P,[M+Na-2H]-,-1.0,205.9836,-1.0,132.5
6340,AllCCS-32859911,Phosphoserine,C3H8NO6P,[M+HCOO]-,-1.0,230.0071,-1.0,134.6
6341,DeepCCS-30932474,"6,7-Dimethyl-8-(1-D-ribityl)lumazine",C13H18N4O6,[M+H]+,1.0,327.1299,1.0,180.4
6342,DeepCCS-30932474,"6,7-Dimethyl-8-(1-D-ribityl)lumazine",C13H18N4O6,[M-H]-,-1.0,325.1154,-1.0,178.1
6343,DeepCCS-30932474,"6,7-Dimethyl-8-(1-D-ribityl)lumazine",C13H18N4O6,[M-2H]2-,,162.5577,,211.8
6344,DeepCCS-30932474,"6,7-Dimethyl-8-(1-D-ribityl)lumazine",C13H18N4O6,[M+Na]+,1.0,349.1119,1.0,187.0
6345,AllCCS-32859911,"6,7-Dimethyl-8-(1-D-ribityl)lumazine",C13H18N4O6,[M+H]+,1.0,327.1299,1.0,172.6
6346,AllCCS-32859911,"6,7-Dimethyl-8-(1-D-ribityl)lumazine",C13H18N4O6,[M+H-H2O]+,1.0,309.1193,1.0,169.6
6347,AllCCS-32859911,"6,7-Dimethyl-8-(1-D-ribityl)lumazine",C13H18N4O6,[M+NH4]+,1.0,344.1565,1.0,175.3
6348,AllCCS-32859911,"6,7-Dimethyl-8-(1-D-ribityl)lumazine",C13H18N4O6,[M+Na]+,1.0,349.1119,1.0,176.1
6349,AllCCS-32859911,"6,7-Dimethyl-8-(1-D-ribityl)lumazine",C13H18N4O6,[M-H]-,-1.0,325.1154,-1.0,173.0
6350,AllCCS-32859911,"6,7-Dimethyl-8-(1-D-ribityl)lumazine",C13H18N4O6,[M+Na-2H]-,-1.0,347.0973,-1.0,173.0
6351,AllCCS-32859911,"6,7-Dimethyl-8-(1-D-ribityl)lumazine",C13H18N4O6,[M+HCOO]-,-1.0,371.1208,-1.0,173.1
6352,AllCCS-32859911,Taurocholic acid,C26H45NO7S,[M+H]+,1.0,516.2989,1.0,221.0
6353,AllCCS-32859911,Taurocholic acid,C26H45NO7S,[M-H]-,-1.0,514.2844,-1.0,213.0
6354,DeepCCS-30932474,Taurocholic acid,C26H45NO7S,[M-2H]2-,,257.1422,,251.0
6355,DeepCCS-30932474,Taurocholic acid,C26H45NO7S,[M+Na]+,1.0,538.2809,1.0,225.0
6357,AllCCS-32859911,Taurocholic acid,C26H45NO7S,[M+H-H2O]+,1.0,498.2884,1.0,219.7
6358,AllCCS-32859911,Taurocholic acid,C26H45NO7S,[M+NH4]+,1.0,533.3255,1.0,222.2
6359,AllCCS-32859911,Taurocholic acid,C26H45NO7S,[M+Na]+,1.0,538.2809,1.0,222.5
6361,AllCCS-32859911,Taurocholic acid,C26H45NO7S,[M+Na-2H]-,-1.0,536.2663,-1.0,215.5
6362,AllCCS-32859911,Taurocholic acid,C26H45NO7S,[M+HCOO]-,-1.0,560.2899,-1.0,218.5
6363,DarkChem-31661259,Taurine,C2H7NO3S,[M+H]+,1.0,126.0219,1.0,123.5
6364,DarkChem-31661259,Taurine,C2H7NO3S,[M-H]-,-1.0,124.0074,-1.0,115.9
6365,AllCCS-32859911,Taurine,C2H7NO3S,[M+H]+,1.0,126.0219,1.0,129.8
6366,AllCCS-32859911,Taurine,C2H7NO3S,[M-H]-,-1.0,124.0074,-1.0,125.9
6367,DeepCCS-30932474,Taurine,C2H7NO3S,[M+H]+,1.0,126.0219,1.0,131.1
6368,DeepCCS-30932474,Taurine,C2H7NO3S,[M-H]-,-1.0,124.0074,-1.0,128.3
6369,DeepCCS-30932474,Taurine,C2H7NO3S,[M-2H]2-,,62.0037,,164.6
6370,DeepCCS-30932474,Taurine,C2H7NO3S,[M+Na]+,1.0,148.0039,1.0,139.2
6371,AllCCS-32859911,Taurine,C2H7NO3S,[M+H]+,1.0,126.0219,1.0,129.7
6372,AllCCS-32859911,Taurine,C2H7NO3S,[M+H-H2O]+,1.0,108.0114,1.0,125.6
6373,AllCCS-32859911,Taurine,C2H7NO3S,[M+NH4]+,1.0,143.0485,1.0,133.6
6374,AllCCS-32859911,Taurine,C2H7NO3S,[M+Na]+,1.0,148.0039,1.0,134.7
6376,AllCCS-32859911,Taurine,C2H7NO3S,[M+Na-2H]-,-1.0,145.9893,-1.0,129.9
6377,AllCCS-32859911,Taurine,C2H7NO3S,[M+HCOO]-,-1.0,170.0129,-1.0,134.2
6378,DarkChem-31661259,Tetrahydrofolyl-[Glu](2),C24H30N8O9,[M+H]+,1.0,575.2209,1.0,233.2
6379,DarkChem-31661259,Tetrahydrofolyl-[Glu](2),C24H30N8O9,[M-H]-,-1.0,573.2063,-1.0,223.7
6380,DeepCCS-30932474,Tetrahydrofolyl-[Glu](2),C24H30N8O9,[M+H]+,1.0,575.2209,1.0,222.6
6381,DeepCCS-30932474,Tetrahydrofolyl-[Glu](2),C24H30N8O9,[M-H]-,-1.0,573.2063,-1.0,220.2
6382,DeepCCS-30932474,Tetrahydrofolyl-[Glu](2),C24H30N8O9,[M-2H]2-,,286.6031,,253.1
6383,DeepCCS-30932474,Tetrahydrofolyl-[Glu](2),C24H30N8O9,[M+Na]+,1.0,597.2028,1.0,228.7
6384,AllCCS-32859911,Tetrahydrofolyl-[Glu](2),C24H30N8O9,[M+H]+,1.0,575.2209,1.0,220.9
6385,AllCCS-32859911,Tetrahydrofolyl-[Glu](2),C24H30N8O9,[M+H-H2O]+,1.0,557.2103,1.0,220.0
6386,AllCCS-32859911,Tetrahydrofolyl-[Glu](2),C24H30N8O9,[M+NH4]+,1.0,592.2474,1.0,221.8
6387,AllCCS-32859911,Tetrahydrofolyl-[Glu](2),C24H30N8O9,[M+Na]+,1.0,597.2028,1.0,222.0
6388,AllCCS-32859911,Tetrahydrofolyl-[Glu](2),C24H30N8O9,[M-H]-,-1.0,573.2063,-1.0,216.2
6389,AllCCS-32859911,Tetrahydrofolyl-[Glu](2),C24H30N8O9,[M+Na-2H]-,-1.0,595.1882,-1.0,218.1
6390,AllCCS-32859911,Tetrahydrofolyl-[Glu](2),C24H30N8O9,[M+HCOO]-,-1.0,619.2118,-1.0,220.4
6391,DeepCCS-30932474,D-Xylitol,C5H12O5,[M+H]+,1.0,153.0757,1.0,135.4
6392,DeepCCS-30932474,D-Xylitol,C5H12O5,[M-H]-,-1.0,151.0612,-1.0,133.0
6393,DeepCCS-30932474,D-Xylitol,C5H12O5,[M-2H]2-,,75.5306,,167.0
6394,DeepCCS-30932474,D-Xylitol,C5H12O5,[M+Na]+,1.0,175.0577,1.0,141.6
6395,AllCCS-32859911,D-Xylitol,C5H12O5,[M+H]+,1.0,153.0757,1.0,135.8
6396,AllCCS-32859911,D-Xylitol,C5H12O5,[M+H-H2O]+,1.0,135.0652,1.0,131.9
6397,AllCCS-32859911,D-Xylitol,C5H12O5,[M+NH4]+,1.0,170.1023,1.0,139.5
6398,AllCCS-32859911,D-Xylitol,C5H12O5,[M+Na]+,1.0,175.0577,1.0,140.6
6399,AllCCS-32859911,D-Xylitol,C5H12O5,[M-H]-,-1.0,151.0612,-1.0,126.8
6400,AllCCS-32859911,D-Xylitol,C5H12O5,[M+Na-2H]-,-1.0,173.0431,-1.0,129.0
6401,AllCCS-32859911,D-Xylitol,C5H12O5,[M+HCOO]-,-1.0,197.0667,-1.0,131.4
6402,DarkChem-31661259,D-Xylose,C5H10O5,[M+H]+,1.0,151.0601,1.0,132.0
6403,DarkChem-31661259,D-Xylose,C5H10O5,[M-H]-,-1.0,149.0455,-1.0,127.6
6404,AllCCS-32859911,D-Xylose,C5H10O5,[M+H]+,1.0,151.0601,1.0,134.2
6405,AllCCS-32859911,D-Xylose,C5H10O5,[M-H]-,-1.0,149.0455,-1.0,124.8
6406,DeepCCS-30932474,D-Xylose,C5H10O5,[M+H]+,1.0,151.0601,1.0,134.7
6407,DeepCCS-30932474,D-Xylose,C5H10O5,[M-H]-,-1.0,149.0455,-1.0,132.6
6408,DeepCCS-30932474,D-Xylose,C5H10O5,[M-2H]2-,,74.5228,,167.8
6409,DeepCCS-30932474,D-Xylose,C5H10O5,[M+Na]+,1.0,173.042,1.0,141.9
6411,AllCCS-32859911,D-Xylose,C5H10O5,[M+H-H2O]+,1.0,133.0495,1.0,129.8
6412,AllCCS-32859911,D-Xylose,C5H10O5,[M+NH4]+,1.0,168.0866,1.0,138.3
6413,AllCCS-32859911,D-Xylose,C5H10O5,[M+Na]+,1.0,173.042,1.0,139.5
6415,AllCCS-32859911,D-Xylose,C5H10O5,[M+Na-2H]-,-1.0,171.0275,-1.0,126.5
6416,AllCCS-32859911,D-Xylose,C5H10O5,[M+HCOO]-,-1.0,195.051,-1.0,128.4
6417,DarkChem-31661259,Pseudouridine 5'-phosphate,C9H13N2O9P,[M+H]+,1.0,325.0431,1.0,173.4
6418,DarkChem-31661259,Pseudouridine 5'-phosphate,C9H13N2O9P,[M-H]-,-1.0,323.0286,-1.0,166.7
6419,AllCCS-32859911,Pseudouridine 5'-phosphate,C9H13N2O9P,[M+H]+,1.0,325.0431,1.0,170.1
6420,AllCCS-32859911,Pseudouridine 5'-phosphate,C9H13N2O9P,[M-H]-,-1.0,323.0286,-1.0,164.2
6421,DeepCCS-30932474,Pseudouridine 5'-phosphate,C9H13N2O9P,[M+H]+,1.0,325.0431,1.0,168.9
6422,DeepCCS-30932474,Pseudouridine 5'-phosphate,C9H13N2O9P,[M-H]-,-1.0,323.0286,-1.0,166.5
6423,DeepCCS-30932474,Pseudouridine 5'-phosphate,C9H13N2O9P,[M-2H]2-,,161.5143,,200.0
6424,DeepCCS-30932474,Pseudouridine 5'-phosphate,C9H13N2O9P,[M+Na]+,1.0,347.0251,1.0,175.2
6426,AllCCS-32859911,Pseudouridine 5'-phosphate,C9H13N2O9P,[M+H-H2O]+,1.0,307.0326,1.0,166.8
6427,AllCCS-32859911,Pseudouridine 5'-phosphate,C9H13N2O9P,[M+NH4]+,1.0,342.0697,1.0,173.1
6428,AllCCS-32859911,Pseudouridine 5'-phosphate,C9H13N2O9P,[M+Na]+,1.0,347.0251,1.0,173.9
6430,AllCCS-32859911,Pseudouridine 5'-phosphate,C9H13N2O9P,[M+Na-2H]-,-1.0,345.0105,-1.0,164.0
6431,AllCCS-32859911,Pseudouridine 5'-phosphate,C9H13N2O9P,[M+HCOO]-,-1.0,369.0341,-1.0,163.9
6432,DarkChem-31661259,Phenylpyruvic acid,C9H8O3,[M+H]+,1.0,165.0546,1.0,137.4
6434,DarkChem-31661259,Phenylpyruvic acid,C9H8O3,[M-H]-,-1.0,163.0401,-1.0,134.8
6436,AllCCS-32859911,Phenylpyruvic acid,C9H8O3,[M+H]+,1.0,165.0546,1.0,134.4
6437,AllCCS-32859911,Phenylpyruvic acid,C9H8O3,[M-H]-,-1.0,163.0401,-1.0,132.5
6438,DeepCCS-30932474,Phenylpyruvic acid,C9H8O3,[M+H]+,1.0,165.0546,1.0,133.4
6439,DeepCCS-30932474,Phenylpyruvic acid,C9H8O3,[M-H]-,-1.0,163.0401,-1.0,130.5
6440,DeepCCS-30932474,Phenylpyruvic acid,C9H8O3,[M-2H]2-,,81.52,,167.0
6441,DeepCCS-30932474,Phenylpyruvic acid,C9H8O3,[M+Na]+,1.0,187.0366,1.0,142.5
6443,AllCCS-32859911,Phenylpyruvic acid,C9H8O3,[M+H-H2O]+,1.0,147.0441,1.0,129.9
6444,AllCCS-32859911,Phenylpyruvic acid,C9H8O3,[M+NH4]+,1.0,182.0812,1.0,138.5
6445,AllCCS-32859911,Phenylpyruvic acid,C9H8O3,[M+Na]+,1.0,187.0366,1.0,139.7
6447,AllCCS-32859911,Phenylpyruvic acid,C9H8O3,[M+Na-2H]-,-1.0,185.022,-1.0,133.5
6448,AllCCS-32859911,Phenylpyruvic acid,C9H8O3,[M+HCOO]-,-1.0,209.0455,-1.0,134.6
6449,DarkChem-31661259,4-Pyridoxolactone,C8H7NO3,[M+H]+,1.0,166.0499,1.0,136.7
6450,DarkChem-31661259,4-Pyridoxolactone,C8H7NO3,[M-H]-,-1.0,164.0353,-1.0,132.1
6451,DeepCCS-30932474,4-Pyridoxolactone,C8H7NO3,[M+H]+,1.0,166.0499,1.0,136.1
6452,DeepCCS-30932474,4-Pyridoxolactone,C8H7NO3,[M-H]-,-1.0,164.0353,-1.0,133.7
6453,DeepCCS-30932474,4-Pyridoxolactone,C8H7NO3,[M-2H]2-,,82.0177,,169.7
6454,DeepCCS-30932474,4-Pyridoxolactone,C8H7NO3,[M+Na]+,1.0,188.0318,1.0,144.8
6455,AllCCS-32859911,4-Pyridoxolactone,C8H7NO3,[M+H]+,1.0,166.0499,1.0,133.2
6456,AllCCS-32859911,4-Pyridoxolactone,C8H7NO3,[M+H-H2O]+,1.0,148.0393,1.0,128.6
6457,AllCCS-32859911,4-Pyridoxolactone,C8H7NO3,[M+NH4]+,1.0,183.0764,1.0,137.5
6458,AllCCS-32859911,4-Pyridoxolactone,C8H7NO3,[M+Na]+,1.0,188.0318,1.0,138.7
6459,AllCCS-32859911,4-Pyridoxolactone,C8H7NO3,[M-H]-,-1.0,164.0353,-1.0,131.5
6460,AllCCS-32859911,4-Pyridoxolactone,C8H7NO3,[M+Na-2H]-,-1.0,186.0173,-1.0,132.2
6461,AllCCS-32859911,4-Pyridoxolactone,C8H7NO3,[M+HCOO]-,-1.0,210.0408,-1.0,132.9
6475,DeepCCS-30932474,myo-Inositol 1-phosphate,C6H13O9P,[M+H]+,1.0,261.037,1.0,150.0
6476,DeepCCS-30932474,myo-Inositol 1-phosphate,C6H13O9P,[M-H]-,-1.0,259.0224,-1.0,147.6
6477,DeepCCS-30932474,myo-Inositol 1-phosphate,C6H13O9P,[M-2H]2-,,129.5112,,182.0
6478,DeepCCS-30932474,myo-Inositol 1-phosphate,C6H13O9P,[M+Na]+,1.0,283.0189,1.0,156.4
6511,DarkChem-31661259,Octanol,C8H18O,[M+H]+,1.0,131.143,1.0,130.4
6512,DarkChem-31661259,Octanol,C8H18O,[M-H]-,-1.0,129.1285,-1.0,127.8
6513,AllCCS-32859911,Octanol,C8H18O,[M+H]+,1.0,131.143,1.0,132.6
6514,AllCCS-32859911,Octanol,C8H18O,[M-H]-,-1.0,129.1285,-1.0,135.3
6515,DeepCCS-30932474,Octanol,C8H18O,[M+H]+,1.0,131.143,1.0,138.0
6516,DeepCCS-30932474,Octanol,C8H18O,[M-H]-,-1.0,129.1285,-1.0,135.5
6517,DeepCCS-30932474,Octanol,C8H18O,[M-2H]2-,,64.5642,,171.6
6518,DeepCCS-30932474,Octanol,C8H18O,[M+Na]+,1.0,153.125,1.0,146.6
6520,AllCCS-32859911,Octanol,C8H18O,[M+H-H2O]+,1.0,113.1325,1.0,128.4
6521,AllCCS-32859911,Octanol,C8H18O,[M+NH4]+,1.0,148.1696,1.0,136.4
6522,AllCCS-32859911,Octanol,C8H18O,[M+Na]+,1.0,153.125,1.0,137.6
6524,AllCCS-32859911,Octanol,C8H18O,[M+Na-2H]-,-1.0,151.1104,-1.0,138.0
6525,AllCCS-32859911,Octanol,C8H18O,[M+HCOO]-,-1.0,175.134,-1.0,141.1
6526,DarkChem-31661259,Formylanthranilic acid,C8H7NO3,[M+H]+,1.0,166.0499,1.0,134.8
6527,DarkChem-31661259,Formylanthranilic acid,C8H7NO3,[M-H]-,-1.0,164.0353,-1.0,131.5
6528,DeepCCS-30932474,Formylanthranilic acid,C8H7NO3,[M+H]+,1.0,166.0499,1.0,133.6
6529,DeepCCS-30932474,Formylanthranilic acid,C8H7NO3,[M-H]-,-1.0,164.0353,-1.0,131.0
6530,DeepCCS-30932474,Formylanthranilic acid,C8H7NO3,[M-2H]2-,,82.0177,,167.0
6531,DeepCCS-30932474,Formylanthranilic acid,C8H7NO3,[M+Na]+,1.0,188.0318,1.0,142.2
6532,AllCCS-32859911,Formylanthranilic acid,C8H7NO3,[M+H]+,1.0,166.0499,1.0,135.4
6533,AllCCS-32859911,Formylanthranilic acid,C8H7NO3,[M+H-H2O]+,1.0,148.0393,1.0,131.0
6534,AllCCS-32859911,Formylanthranilic acid,C8H7NO3,[M+NH4]+,1.0,183.0764,1.0,139.5
6535,AllCCS-32859911,Formylanthranilic acid,C8H7NO3,[M+Na]+,1.0,188.0318,1.0,140.6
6536,AllCCS-32859911,Formylanthranilic acid,C8H7NO3,[M-H]-,-1.0,164.0353,-1.0,130.5
6537,AllCCS-32859911,Formylanthranilic acid,C8H7NO3,[M+Na-2H]-,-1.0,186.0173,-1.0,131.5
6538,AllCCS-32859911,Formylanthranilic acid,C8H7NO3,[M+HCOO]-,-1.0,210.0408,-1.0,132.6
6539,DarkChem-31661259,L-Gulonolactone,C6H10O6,[M+H]+,1.0,179.055,1.0,140.4
6540,DarkChem-31661259,L-Gulonolactone,C6H10O6,[M-H]-,-1.0,177.0405,-1.0,132.9
6541,DeepCCS-30932474,L-Gulonolactone,C6H10O6,[M+H]+,1.0,179.055,1.0,139.7
6542,DeepCCS-30932474,L-Gulonolactone,C6H10O6,[M-H]-,-1.0,177.0405,-1.0,137.3
6543,DeepCCS-30932474,L-Gulonolactone,C6H10O6,[M-2H]2-,,88.5202,,171.3
6544,DeepCCS-30932474,L-Gulonolactone,C6H10O6,[M+Na]+,1.0,201.037,1.0,145.9
6545,AllCCS-32859911,L-Gulonolactone,C6H10O6,[M+H]+,1.0,179.055,1.0,139.8
6546,AllCCS-32859911,L-Gulonolactone,C6H10O6,[M+H-H2O]+,1.0,161.0444,1.0,135.7
6547,AllCCS-32859911,L-Gulonolactone,C6H10O6,[M+NH4]+,1.0,196.0816,1.0,143.6
6548,AllCCS-32859911,L-Gulonolactone,C6H10O6,[M+Na]+,1.0,201.037,1.0,144.7
6549,AllCCS-32859911,L-Gulonolactone,C6H10O6,[M-H]-,-1.0,177.0405,-1.0,130.8
6550,AllCCS-32859911,L-Gulonolactone,C6H10O6,[M+Na-2H]-,-1.0,199.0224,-1.0,131.8
6551,AllCCS-32859911,L-Gulonolactone,C6H10O6,[M+HCOO]-,-1.0,223.0459,-1.0,132.9
6563,DarkChem-31661259,Octanal,C8H16O,[M+H]+,1.0,129.1274,1.0,129.9
6564,DarkChem-31661259,Octanal,C8H16O,[M-H]-,-1.0,127.1128,-1.0,126.6
6565,AllCCS-32859911,Octanal,C8H16O,[M+H]+,1.0,129.1274,1.0,132.4
6566,AllCCS-32859911,Octanal,C8H16O,[M-H]-,-1.0,127.1128,-1.0,135.3
6567,DeepCCS-30932474,Octanal,C8H16O,[M+H]+,1.0,129.1274,1.0,138.8
6568,DeepCCS-30932474,Octanal,C8H16O,[M-H]-,-1.0,127.1128,-1.0,136.7
6569,DeepCCS-30932474,Octanal,C8H16O,[M-2H]2-,,63.5564,,172.4
6570,DeepCCS-30932474,Octanal,C8H16O,[M+Na]+,1.0,151.1093,1.0,147.4
6572,AllCCS-32859911,Octanal,C8H16O,[M+H-H2O]+,1.0,111.1168,1.0,128.3
6573,AllCCS-32859911,Octanal,C8H16O,[M+NH4]+,1.0,146.1539,1.0,136.3
6574,AllCCS-32859911,Octanal,C8H16O,[M+Na]+,1.0,151.1093,1.0,137.4
6576,AllCCS-32859911,Octanal,C8H16O,[M+Na-2H]-,-1.0,149.0948,-1.0,138.0
6577,AllCCS-32859911,Octanal,C8H16O,[M+HCOO]-,-1.0,173.1183,-1.0,141.0
6578,DarkChem-31661259,Decyl alcohol,C10H22O,[M+H]+,1.0,159.1743,1.0,138.6
6579,DarkChem-31661259,Decyl alcohol,C10H22O,[M-H]-,-1.0,157.1598,-1.0,136.6
6580,DeepCCS-30932474,Decyl alcohol,C10H22O,[M+H]+,1.0,159.1743,1.0,144.4
6581,DeepCCS-30932474,Decyl alcohol,C10H22O,[M-H]-,-1.0,157.1598,-1.0,141.4
6582,DeepCCS-30932474,Decyl alcohol,C10H22O,[M-2H]2-,,78.5799,,178.2
6583,DeepCCS-30932474,Decyl alcohol,C10H22O,[M+Na]+,1.0,181.1563,1.0,153.4
6584,AllCCS-32859911,Decyl alcohol,C10H22O,[M+H]+,1.0,159.1743,1.0,140.6
6585,AllCCS-32859911,Decyl alcohol,C10H22O,[M+H-H2O]+,1.0,141.1638,1.0,136.7
6586,AllCCS-32859911,Decyl alcohol,C10H22O,[M+NH4]+,1.0,176.2009,1.0,144.3
6587,AllCCS-32859911,Decyl alcohol,C10H22O,[M+Na]+,1.0,181.1563,1.0,145.3
6588,AllCCS-32859911,Decyl alcohol,C10H22O,[M-H]-,-1.0,157.1598,-1.0,143.1
6589,AllCCS-32859911,Decyl alcohol,C10H22O,[M+Na-2H]-,-1.0,179.1417,-1.0,145.1
6590,AllCCS-32859911,Decyl alcohol,C10H22O,[M+HCOO]-,-1.0,203.1653,-1.0,147.3
6591,DarkChem-31661259,Mannitol,C6H14O6,[M+H]+,1.0,183.0863,1.0,141.0
6592,DarkChem-31661259,Mannitol,C6H14O6,[M-H]-,-1.0,181.0718,-1.0,134.9
6593,AllCCS-32859911,Mannitol,C6H14O6,[M+H]+,1.0,183.0863,1.0,141.6
6594,AllCCS-32859911,Mannitol,C6H14O6,[M-H]-,-1.0,181.0718,-1.0,132.9
6595,DeepCCS-30932474,Mannitol,C6H14O6,[M+H]+,1.0,183.0863,1.0,146.3
6596,DeepCCS-30932474,Mannitol,C6H14O6,[M-H]-,-1.0,181.0718,-1.0,143.9
6597,DeepCCS-30932474,Mannitol,C6H14O6,[M-2H]2-,,90.5359,,177.1
6598,DeepCCS-30932474,Mannitol,C6H14O6,[M+Na]+,1.0,205.0683,1.0,152.2
6600,AllCCS-32859911,Mannitol,C6H14O6,[M+H-H2O]+,1.0,165.0757,1.0,137.8
6601,AllCCS-32859911,Mannitol,C6H14O6,[M+NH4]+,1.0,200.1129,1.0,145.1
6602,AllCCS-32859911,Mannitol,C6H14O6,[M+Na]+,1.0,205.0683,1.0,146.1
6604,AllCCS-32859911,Mannitol,C6H14O6,[M+Na-2H]-,-1.0,203.0537,-1.0,134.4
6605,AllCCS-32859911,Mannitol,C6H14O6,[M+HCOO]-,-1.0,227.0772,-1.0,136.0
6617,DarkChem-31661259,all-trans-Hexaprenyl diphosphate,C30H52O7P2,[M+H]+,1.0,587.3261,1.0,237.1
6618,DarkChem-31661259,all-trans-Hexaprenyl diphosphate,C30H52O7P2,[M-H]-,-1.0,585.3116,-1.0,224.1
6619,DeepCCS-30932474,all-trans-Hexaprenyl diphosphate,C30H52O7P2,[M+H]+,1.0,587.3261,1.0,225.2
6620,DeepCCS-30932474,all-trans-Hexaprenyl diphosphate,C30H52O7P2,[M-H]-,-1.0,585.3116,-1.0,222.8
6621,DeepCCS-30932474,all-trans-Hexaprenyl diphosphate,C30H52O7P2,[M-2H]2-,,292.6558,,255.7
6622,DeepCCS-30932474,all-trans-Hexaprenyl diphosphate,C30H52O7P2,[M+Na]+,1.0,609.308,1.0,231.1
6623,AllCCS-32859911,all-trans-Hexaprenyl diphosphate,C30H52O7P2,[M+H]+,1.0,587.3261,1.0,246.6
6624,AllCCS-32859911,all-trans-Hexaprenyl diphosphate,C30H52O7P2,[M+H-H2O]+,1.0,569.3155,1.0,245.2
6625,AllCCS-32859911,all-trans-Hexaprenyl diphosphate,C30H52O7P2,[M+NH4]+,1.0,604.3527,1.0,247.9
6626,AllCCS-32859911,all-trans-Hexaprenyl diphosphate,C30H52O7P2,[M+Na]+,1.0,609.308,1.0,248.3
6627,AllCCS-32859911,all-trans-Hexaprenyl diphosphate,C30H52O7P2,[M-H]-,-1.0,585.3116,-1.0,236.8
6628,AllCCS-32859911,all-trans-Hexaprenyl diphosphate,C30H52O7P2,[M+Na-2H]-,-1.0,607.2935,-1.0,240.9
6629,AllCCS-32859911,all-trans-Hexaprenyl diphosphate,C30H52O7P2,[M+HCOO]-,-1.0,631.317,-1.0,245.5
6630,DarkChem-31661259,"24,25-Dihydrolanosterol",C30H52O,[M+H]+,1.0,429.4091,1.0,206.2
6631,DarkChem-31661259,"24,25-Dihydrolanosterol",C30H52O,[M-H]-,-1.0,427.3945,-1.0,203.2
6632,DeepCCS-30932474,"24,25-Dihydrolanosterol",C30H52O,[M-2H]2-,,213.6973,,238.9
6633,DeepCCS-30932474,"24,25-Dihydrolanosterol",C30H52O,[M+Na]+,1.0,451.391,1.0,213.3
6634,AllCCS-32859911,"24,25-Dihydrolanosterol",C30H52O,[M+H]+,1.0,429.4091,1.0,215.2
6635,AllCCS-32859911,"24,25-Dihydrolanosterol",C30H52O,[M+H-H2O]+,1.0,411.3985,1.0,213.4
6636,AllCCS-32859911,"24,25-Dihydrolanosterol",C30H52O,[M+NH4]+,1.0,446.4356,1.0,216.8
6637,AllCCS-32859911,"24,25-Dihydrolanosterol",C30H52O,[M+Na]+,1.0,451.391,1.0,217.3
6638,AllCCS-32859911,"24,25-Dihydrolanosterol",C30H52O,[M-H]-,-1.0,427.3945,-1.0,210.3
6639,AllCCS-32859911,"24,25-Dihydrolanosterol",C30H52O,[M+Na-2H]-,-1.0,449.3765,-1.0,212.8
6640,AllCCS-32859911,"24,25-Dihydrolanosterol",C30H52O,[M+HCOO]-,-1.0,473.4,-1.0,215.6
6641,DarkChem-31661259,Presqualene diphosphate,C30H52O7P2,[M+H]+,1.0,587.3261,1.0,240.0
6642,DarkChem-31661259,Presqualene diphosphate,C30H52O7P2,[M-H]-,-1.0,585.3116,-1.0,223.2
6643,AllCCS-32859911,Presqualene diphosphate,C30H52O7P2,[M+H]+,1.0,587.3261,1.0,242.7
6644,AllCCS-32859911,Presqualene diphosphate,C30H52O7P2,[M-H]-,-1.0,585.3116,-1.0,241.9
6645,DeepCCS-30932474,Presqualene diphosphate,C30H52O7P2,[M+H]+,1.0,587.3261,1.0,228.3
6646,DeepCCS-30932474,Presqualene diphosphate,C30H52O7P2,[M-H]-,-1.0,585.3116,-1.0,226.5
6647,DeepCCS-30932474,Presqualene diphosphate,C30H52O7P2,[M-2H]2-,,292.6558,,259.7
6648,DeepCCS-30932474,Presqualene diphosphate,C30H52O7P2,[M+Na]+,1.0,609.308,1.0,233.9
6650,AllCCS-32859911,Presqualene diphosphate,C30H52O7P2,[M+H-H2O]+,1.0,569.3155,1.0,241.3
6651,AllCCS-32859911,Presqualene diphosphate,C30H52O7P2,[M+NH4]+,1.0,604.3527,1.0,244.0
6652,AllCCS-32859911,Presqualene diphosphate,C30H52O7P2,[M+Na]+,1.0,609.308,1.0,244.4
6654,AllCCS-32859911,Presqualene diphosphate,C30H52O7P2,[M+Na-2H]-,-1.0,607.2935,-1.0,245.8
6655,AllCCS-32859911,Presqualene diphosphate,C30H52O7P2,[M+HCOO]-,-1.0,631.317,-1.0,250.3
6656,DarkChem-31661259,Triphosphate,H5O10P3,[M+H]+,1.0,258.9168,1.0,154.7
6657,DarkChem-31661259,Triphosphate,H5O10P3,[M-H]-,-1.0,256.9023,-1.0,145.4
6658,DeepCCS-30932474,Triphosphate,H5O10P3,[M+H]+,1.0,258.9168,1.0,112.0
6659,DeepCCS-30932474,Triphosphate,H5O10P3,[M-H]-,-1.0,256.9023,-1.0,108.4
6660,DeepCCS-30932474,Triphosphate,H5O10P3,[M-2H]2-,,128.4511,,146.3
6661,DeepCCS-30932474,Triphosphate,H5O10P3,[M+Na]+,1.0,280.8988,1.0,121.5
6662,AllCCS-32859911,Triphosphate,H5O10P3,[M+H]+,1.0,258.9168,1.0,152.7
6663,AllCCS-32859911,Triphosphate,H5O10P3,[M+H-H2O]+,1.0,240.9063,1.0,149.4
6664,AllCCS-32859911,Triphosphate,H5O10P3,[M+NH4]+,1.0,275.9434,1.0,155.8
6665,AllCCS-32859911,Triphosphate,H5O10P3,[M+Na]+,1.0,280.8988,1.0,156.7
6666,AllCCS-32859911,Triphosphate,H5O10P3,[M-H]-,-1.0,256.9023,-1.0,135.9
6667,AllCCS-32859911,Triphosphate,H5O10P3,[M+Na-2H]-,-1.0,278.8842,-1.0,137.3
6668,AllCCS-32859911,Triphosphate,H5O10P3,[M+HCOO]-,-1.0,302.9078,-1.0,138.9
6684,DarkChem-31661259,"D-myo-Inositol 1,4-bisphosphate",C6H14O12P2,[M+H]+,1.0,341.0033,1.0,173.8
6685,DarkChem-31661259,"D-myo-Inositol 1,4-bisphosphate",C6H14O12P2,[M-H]-,-1.0,338.9888,-1.0,167.6
6686,AllCCS-32859911,"D-myo-Inositol 1,4-bisphosphate",C6H14O12P2,[M+H]+,1.0,341.0033,1.0,170.8
6687,AllCCS-32859911,"D-myo-Inositol 1,4-bisphosphate",C6H14O12P2,[M-H]-,-1.0,338.9888,-1.0,158.6
6688,DeepCCS-30932474,"D-myo-Inositol 1,4-bisphosphate",C6H14O12P2,[M+H]+,1.0,341.0033,1.0,155.7
6689,DeepCCS-30932474,"D-myo-Inositol 1,4-bisphosphate",C6H14O12P2,[M-H]-,-1.0,338.9888,-1.0,153.3
6690,DeepCCS-30932474,"D-myo-Inositol 1,4-bisphosphate",C6H14O12P2,[M-2H]2-,,169.4944,,186.5
6691,DeepCCS-30932474,"D-myo-Inositol 1,4-bisphosphate",C6H14O12P2,[M+Na]+,1.0,362.9853,1.0,161.8
6693,AllCCS-32859911,"D-myo-Inositol 1,4-bisphosphate",C6H14O12P2,[M+H-H2O]+,1.0,322.9928,1.0,167.9
6694,AllCCS-32859911,"D-myo-Inositol 1,4-bisphosphate",C6H14O12P2,[M+NH4]+,1.0,358.0299,1.0,173.4
6695,AllCCS-32859911,"D-myo-Inositol 1,4-bisphosphate",C6H14O12P2,[M+Na]+,1.0,362.9853,1.0,174.2
6696,AllCCS-32859911,"D-myo-Inositol 1,4-bisphosphate",C6H14O12P2,[M-H]-,-1.0,338.9888,-1.0,158.5
6697,AllCCS-32859911,"D-myo-Inositol 1,4-bisphosphate",C6H14O12P2,[M+Na-2H]-,-1.0,360.9707,-1.0,158.5
6698,AllCCS-32859911,"D-myo-Inositol 1,4-bisphosphate",C6H14O12P2,[M+HCOO]-,-1.0,384.9942,-1.0,158.6
6699,DarkChem-31661259,Propionic acid,C3H6O2,[M+H]+,1.0,75.0441,1.0,113.1
6700,DarkChem-31661259,Propionic acid,C3H6O2,[M-H]-,-1.0,73.0295,-1.0,106.5
6701,AllCCS-32859911,Propionic acid,C3H6O2,[M+H]+,1.0,75.0441,1.0,122.2
6702,AllCCS-32859911,Propionic acid,C3H6O2,[M-H]-,-1.0,73.0295,-1.0,131.1
6703,DeepCCS-30932474,Propionic acid,C3H6O2,[M+H]+,1.0,75.0441,1.0,129.2
6704,DeepCCS-30932474,Propionic acid,C3H6O2,[M-H]-,-1.0,73.0295,-1.0,126.5
6705,DeepCCS-30932474,Propionic acid,C3H6O2,[M-2H]2-,,36.5148,,163.0
6706,DeepCCS-30932474,Propionic acid,C3H6O2,[M+Na]+,1.0,97.026,1.0,137.4
6708,AllCCS-32859911,Propionic acid,C3H6O2,[M+H-H2O]+,1.0,57.0335,1.0,117.7
6709,AllCCS-32859911,Propionic acid,C3H6O2,[M+NH4]+,1.0,92.0706,1.0,126.4
6710,AllCCS-32859911,Propionic acid,C3H6O2,[M+Na]+,1.0,97.026,1.0,127.7
6712,AllCCS-32859911,Propionic acid,C3H6O2,[M+Na-2H]-,-1.0,95.0114,-1.0,136.7
6713,AllCCS-32859911,Propionic acid,C3H6O2,[M+HCOO]-,-1.0,119.035,-1.0,142.8
6714,DarkChem-31661259,Phosphoglycolic acid,C2H5O6P,[M+H]+,1.0,156.9897,1.0,132.2
6715,DarkChem-31661259,Phosphoglycolic acid,C2H5O6P,[M-H]-,-1.0,154.9751,-1.0,125.3
6716,AllCCS-32859911,Phosphoglycolic acid,C2H5O6P,[M+H]+,1.0,156.9897,1.0,134.9
6717,AllCCS-32859911,Phosphoglycolic acid,C2H5O6P,[M-H]-,-1.0,154.9751,-1.0,125.9
6718,DeepCCS-30932474,Phosphoglycolic acid,C2H5O6P,[M+H]+,1.0,156.9897,1.0,121.8
6719,DeepCCS-30932474,Phosphoglycolic acid,C2H5O6P,[M-H]-,-1.0,154.9751,-1.0,119.0
6720,DeepCCS-30932474,Phosphoglycolic acid,C2H5O6P,[M-2H]2-,,77.4875,,155.7
6721,DeepCCS-30932474,Phosphoglycolic acid,C2H5O6P,[M+Na]+,1.0,178.9716,1.0,130.4
6723,AllCCS-32859911,Phosphoglycolic acid,C2H5O6P,[M+H-H2O]+,1.0,138.9791,1.0,130.9
6724,AllCCS-32859911,Phosphoglycolic acid,C2H5O6P,[M+NH4]+,1.0,174.0162,1.0,138.6
6725,AllCCS-32859911,Phosphoglycolic acid,C2H5O6P,[M+Na]+,1.0,178.9716,1.0,139.7
6727,AllCCS-32859911,Phosphoglycolic acid,C2H5O6P,[M+Na-2H]-,-1.0,176.957,-1.0,128.6
6728,AllCCS-32859911,Phosphoglycolic acid,C2H5O6P,[M+HCOO]-,-1.0,200.9806,-1.0,131.6
6729,DarkChem-31661259,L-Cystine,C6H12N2O4S2,[M+H]+,1.0,241.0311,1.0,153.4
6730,DarkChem-31661259,L-Cystine,C6H12N2O4S2,[M-H]-,-1.0,239.0166,-1.0,147.8
6731,AllCCS-32859911,L-Cystine,C6H12N2O4S2,[M+H]+,1.0,241.0311,1.0,149.0
6732,AllCCS-32859911,L-Cystine,C6H12N2O4S2,[M-H]-,-1.0,239.0166,-1.0,147.1
6733,DeepCCS-30932474,L-Cystine,C6H12N2O4S2,[M+H]+,1.0,241.0311,1.0,142.9
6734,DeepCCS-30932474,L-Cystine,C6H12N2O4S2,[M-H]-,-1.0,239.0166,-1.0,140.5
6735,DeepCCS-30932474,L-Cystine,C6H12N2O4S2,[M-2H]2-,,119.5083,,174.7
6736,DeepCCS-30932474,L-Cystine,C6H12N2O4S2,[M+Na]+,1.0,263.0131,1.0,149.3
6738,AllCCS-32859911,L-Cystine,C6H12N2O4S2,[M+H-H2O]+,1.0,223.0206,1.0,145.8
6739,AllCCS-32859911,L-Cystine,C6H12N2O4S2,[M+NH4]+,1.0,258.0577,1.0,151.9
6740,AllCCS-32859911,L-Cystine,C6H12N2O4S2,[M+Na]+,1.0,263.0131,1.0,152.7
6742,AllCCS-32859911,L-Cystine,C6H12N2O4S2,[M+Na-2H]-,-1.0,260.9985,-1.0,148.3
6743,AllCCS-32859911,L-Cystine,C6H12N2O4S2,[M+HCOO]-,-1.0,285.022,-1.0,149.7
6744,DeepCCS-30932474,Dolichol phosphate,(C5H8)nC10H21O4P,[M+H]+,1.0,,1.0,167.2
6745,DeepCCS-30932474,Dolichol phosphate,(C5H8)nC10H21O4P,[M-H]-,-1.0,,-1.0,164.8
6746,DeepCCS-30932474,Dolichol phosphate,(C5H8)nC10H21O4P,[M-2H]2-,,,,197.7
6747,DeepCCS-30932474,Dolichol phosphate,(C5H8)nC10H21O4P,[M+Na]+,1.0,,1.0,173.3
6748,DarkChem-31661259,Cellobiose,C12H22O11,[M+H]+,1.0,343.1235,1.0,175.0
6749,DarkChem-31661259,Cellobiose,C12H22O11,[M-H]-,-1.0,341.1089,-1.0,168.5
6750,AllCCS-32859911,Cellobiose,C12H22O11,[M+H]+,1.0,343.1235,1.0,176.3
6751,AllCCS-32859911,Cellobiose,C12H22O11,[M-H]-,-1.0,341.1089,-1.0,174.4
6752,DeepCCS-30932474,Cellobiose,C12H22O11,[M+H]+,1.0,343.1235,1.0,174.1
6753,DeepCCS-30932474,Cellobiose,C12H22O11,[M-H]-,-1.0,341.1089,-1.0,172.0
6754,DeepCCS-30932474,Cellobiose,C12H22O11,[M-2H]2-,,170.5545,,205.4
6755,DeepCCS-30932474,Cellobiose,C12H22O11,[M+Na]+,1.0,365.1054,1.0,179.9
6757,AllCCS-32859911,Cellobiose,C12H22O11,[M+H-H2O]+,1.0,325.1129,1.0,173.5
6758,AllCCS-32859911,Cellobiose,C12H22O11,[M+NH4]+,1.0,360.15,1.0,178.9
6759,AllCCS-32859911,Cellobiose,C12H22O11,[M+Na]+,1.0,365.1054,1.0,179.7
6761,AllCCS-32859911,Cellobiose,C12H22O11,[M+Na-2H]-,-1.0,363.0909,-1.0,173.9
6762,AllCCS-32859911,Cellobiose,C12H22O11,[M+HCOO]-,-1.0,387.1144,-1.0,173.6
6789,AllCCS-32859911,"5,10-Methenyltetrahydrofolic acid",C20H21N7O6,[M+H]+,1.0,456.1626,1.0,198.6
6790,AllCCS-32859911,"5,10-Methenyltetrahydrofolic acid",C20H21N7O6,[M-H]-,-1.0,454.1481,-1.0,197.1
6791,DeepCCS-30932474,"5,10-Methenyltetrahydrofolic acid",C20H21N7O6,[M-2H]2-,,227.074,,231.2
6792,DeepCCS-30932474,"5,10-Methenyltetrahydrofolic acid",C20H21N7O6,[M+Na]+,1.0,478.1445,1.0,206.7
6794,AllCCS-32859911,"5,10-Methenyltetrahydrofolic acid",C20H21N7O6,[M+H-H2O]+,1.0,438.152,1.0,196.8
6795,AllCCS-32859911,"5,10-Methenyltetrahydrofolic acid",C20H21N7O6,[M+NH4]+,1.0,473.1892,1.0,200.3
6796,AllCCS-32859911,"5,10-Methenyltetrahydrofolic acid",C20H21N7O6,[M+Na]+,1.0,478.1445,1.0,200.8
6798,AllCCS-32859911,"5,10-Methenyltetrahydrofolic acid",C20H21N7O6,[M+Na-2H]-,-1.0,476.13,-1.0,197.1
6799,AllCCS-32859911,"5,10-Methenyltetrahydrofolic acid",C20H21N7O6,[M+HCOO]-,-1.0,500.1535,-1.0,197.2
6817,AllCCS-32859911,Glycogen,C24H42O21,[M+H]+,1.0,667.2291,1.0,238.0
6818,AllCCS-32859911,Glycogen,C24H42O21,[M-H]-,-1.0,665.2146,-1.0,228.4
6819,DeepCCS-30932474,Glycogen,C24H42O21,[M+H]+,1.0,667.2291,1.0,232.0
6820,DeepCCS-30932474,Glycogen,C24H42O21,[M-H]-,-1.0,665.2146,-1.0,230.3
6821,DeepCCS-30932474,Glycogen,C24H42O21,[M-2H]2-,,332.6073,,264.3
6822,DeepCCS-30932474,Glycogen,C24H42O21,[M+Na]+,1.0,689.2111,1.0,238.3
6824,AllCCS-32859911,Glycogen,C24H42O21,[M+H-H2O]+,1.0,649.2186,1.0,237.4
6825,AllCCS-32859911,Glycogen,C24H42O21,[M+NH4]+,1.0,684.2557,1.0,238.6
6826,AllCCS-32859911,Glycogen,C24H42O21,[M+Na]+,1.0,689.2111,1.0,238.7
6828,AllCCS-32859911,Glycogen,C24H42O21,[M+Na-2H]-,-1.0,687.1965,-1.0,229.6
6829,AllCCS-32859911,Glycogen,C24H42O21,[M+HCOO]-,-1.0,711.2201,-1.0,231.0
6830,AllCCS-32859911,Heme A,C49H56FeN4O6,[M+H]+,1.0,853.3622,1.0,281.5
6831,AllCCS-32859911,Heme A,C49H56FeN4O6,[M+H-H2O]+,1.0,835.3516,1.0,280.8
6832,AllCCS-32859911,Heme A,C49H56FeN4O6,[M+NH4]+,1.0,870.3888,1.0,282.2
6833,AllCCS-32859911,Heme A,C49H56FeN4O6,[M+Na]+,1.0,875.3441,1.0,282.3
6834,AllCCS-32859911,Heme A,C49H56FeN4O6,[M-H]-,-1.0,851.3477,-1.0,300.7
6835,AllCCS-32859911,Heme A,C49H56FeN4O6,[M+Na-2H]-,-1.0,873.3296,-1.0,306.5
6836,AllCCS-32859911,Heme A,C49H56FeN4O6,[M+HCOO]-,-1.0,897.3531,-1.0,312.9
6837,DarkChem-31661259,Linoleic acid,C18H32O2,[M+H]+,1.0,281.2475,1.0,178.5
6838,DarkChem-31661259,Linoleic acid,C18H32O2,[M-H]-,-1.0,279.233,-1.0,177.8
6839,AllCCS-32859911,Linoleic acid,C18H32O2,[M+H]+,1.0,281.2475,1.0,177.4
6840,AllCCS-32859911,Linoleic acid,C18H32O2,[M-H]-,-1.0,279.233,-1.0,178.5
6841,DeepCCS-30932474,Linoleic acid,C18H32O2,[M+H]+,1.0,281.2475,1.0,178.2
6842,DeepCCS-30932474,Linoleic acid,C18H32O2,[M-H]-,-1.0,279.233,-1.0,174.6
6843,DeepCCS-30932474,Linoleic acid,C18H32O2,[M-2H]2-,,139.6165,,210.8
6844,DeepCCS-30932474,Linoleic acid,C18H32O2,[M+Na]+,1.0,303.2294,1.0,187.1
6846,AllCCS-32859911,Linoleic acid,C18H32O2,[M+H-H2O]+,1.0,263.2369,1.0,174.3
6847,AllCCS-32859911,Linoleic acid,C18H32O2,[M+NH4]+,1.0,298.2741,1.0,180.2
6848,AllCCS-32859911,Linoleic acid,C18H32O2,[M+Na]+,1.0,303.2294,1.0,181.0
6850,AllCCS-32859911,Linoleic acid,C18H32O2,[M+Na-2H]-,-1.0,301.2149,-1.0,180.1
6851,AllCCS-32859911,Linoleic acid,C18H32O2,[M+HCOO]-,-1.0,325.2384,-1.0,181.9
6852,DarkChem-31661259,Thymine,C5H6N2O2,[M+H]+,1.0,127.0502,1.0,125.5
6853,DarkChem-31661259,Thymine,C5H6N2O2,[M-H]-,-1.0,125.0357,-1.0,121.3
6854,AllCCS-32859911,Thymine,C5H6N2O2,[M+H]+,1.0,127.0502,1.0,127.0
6855,AllCCS-32859911,Thymine,C5H6N2O2,[M-H]-,-1.0,125.0357,-1.0,121.8
6856,DeepCCS-30932474,Thymine,C5H6N2O2,[M+H]+,1.0,127.0502,1.0,121.8
6857,DeepCCS-30932474,Thymine,C5H6N2O2,[M-H]-,-1.0,125.0357,-1.0,118.7
6858,DeepCCS-30932474,Thymine,C5H6N2O2,[M-2H]2-,,62.5178,,155.1
6859,DeepCCS-30932474,Thymine,C5H6N2O2,[M+Na]+,1.0,149.0321,1.0,130.3
6861,AllCCS-32859911,Thymine,C5H6N2O2,[M+H-H2O]+,1.0,109.0396,1.0,122.2
6862,AllCCS-32859911,Thymine,C5H6N2O2,[M+NH4]+,1.0,144.0768,1.0,131.4
6863,AllCCS-32859911,Thymine,C5H6N2O2,[M+Na]+,1.0,149.0321,1.0,132.7
6865,AllCCS-32859911,Thymine,C5H6N2O2,[M+Na-2H]-,-1.0,147.0176,-1.0,124.0
6866,AllCCS-32859911,Thymine,C5H6N2O2,[M+HCOO]-,-1.0,171.0411,-1.0,126.3
6882,DarkChem-31661259,Adenine,C5H5N5,[M+H]+,1.0,136.0618,1.0,125.3
6883,DarkChem-31661259,Adenine,C5H5N5,[M-H]-,-1.0,134.0472,-1.0,123.2
6884,AllCCS-32859911,Adenine,C5H5N5,[M+H]+,1.0,136.0618,1.0,128.8
6885,AllCCS-32859911,Adenine,C5H5N5,[M-H]-,-1.0,134.0472,-1.0,121.9
6886,DeepCCS-30932474,Adenine,C5H5N5,[M+H]+,1.0,136.0618,1.0,120.8
6887,DeepCCS-30932474,Adenine,C5H5N5,[M-H]-,-1.0,134.0472,-1.0,117.0
6888,DeepCCS-30932474,Adenine,C5H5N5,[M-2H]2-,,67.0236,,154.5
6889,DeepCCS-30932474,Adenine,C5H5N5,[M+Na]+,1.0,158.0437,1.0,129.6
6891,AllCCS-32859911,Adenine,C5H5N5,[M+H-H2O]+,1.0,118.0512,1.0,124.0
6892,AllCCS-32859911,Adenine,C5H5N5,[M+NH4]+,1.0,153.0883,1.0,133.3
6893,AllCCS-32859911,Adenine,C5H5N5,[M+Na]+,1.0,158.0437,1.0,134.6
6895,AllCCS-32859911,Adenine,C5H5N5,[M+Na-2H]-,-1.0,156.0292,-1.0,123.2
6896,AllCCS-32859911,Adenine,C5H5N5,[M+HCOO]-,-1.0,180.0527,-1.0,124.6
6897,DeepCCS-30932474,Hydrogen peroxide,H2O2,[M+H]+,1.0,35.0128,1.0,109.5
6898,DeepCCS-30932474,Hydrogen peroxide,H2O2,[M-H]-,-1.0,32.9982,-1.0,107.7
6899,DeepCCS-30932474,Hydrogen peroxide,H2O2,[M-2H]2-,,16.4991,,142.9
6900,DeepCCS-30932474,Hydrogen peroxide,H2O2,[M+Na]+,1.0,56.9947,1.0,116.2
6901,DarkChem-31661259,Pyridoxamine,C8H12N2O2,[M+H]+,1.0,169.0972,1.0,135.9
6903,DarkChem-31661259,Pyridoxamine,C8H12N2O2,[M-H]-,-1.0,167.0826,-1.0,133.6
6905,AllCCS-32859911,Pyridoxamine,C8H12N2O2,[M+H]+,1.0,169.0972,1.0,136.5
6906,AllCCS-32859911,Pyridoxamine,C8H12N2O2,[M-H]-,-1.0,167.0826,-1.0,135.3
6907,DeepCCS-30932474,Pyridoxamine,C8H12N2O2,[M+H]+,1.0,169.0972,1.0,137.6
6908,DeepCCS-30932474,Pyridoxamine,C8H12N2O2,[M-H]-,-1.0,167.0826,-1.0,133.8
6909,DeepCCS-30932474,Pyridoxamine,C8H12N2O2,[M-2H]2-,,83.5413,,171.2
6910,DeepCCS-30932474,Pyridoxamine,C8H12N2O2,[M+Na]+,1.0,191.0791,1.0,146.8
6912,AllCCS-32859911,Pyridoxamine,C8H12N2O2,[M+H-H2O]+,1.0,151.0866,1.0,132.1
6913,AllCCS-32859911,Pyridoxamine,C8H12N2O2,[M+NH4]+,1.0,186.1237,1.0,140.6
6914,AllCCS-32859911,Pyridoxamine,C8H12N2O2,[M+Na]+,1.0,191.0791,1.0,141.8
6916,AllCCS-32859911,Pyridoxamine,C8H12N2O2,[M+Na-2H]-,-1.0,189.0645,-1.0,136.5
6917,AllCCS-32859911,Pyridoxamine,C8H12N2O2,[M+HCOO]-,-1.0,213.0881,-1.0,137.9
6918,DarkChem-31661259,Phenylacetic acid,C8H8O2,[M+H]+,1.0,137.0597,1.0,128.8
6919,DarkChem-31661259,Phenylacetic acid,C8H8O2,[M-H]-,-1.0,135.0452,-1.0,124.2
6920,AllCCS-32859911,Phenylacetic acid,C8H8O2,[M+H]+,1.0,137.0597,1.0,128.0
6921,AllCCS-32859911,Phenylacetic acid,C8H8O2,[M-H]-,-1.0,135.0452,-1.0,125.8
6922,DeepCCS-30932474,Phenylacetic acid,C8H8O2,[M+H]+,1.0,137.0597,1.0,127.0
6923,DeepCCS-30932474,Phenylacetic acid,C8H8O2,[M-H]-,-1.0,135.0452,-1.0,123.9
6924,DeepCCS-30932474,Phenylacetic acid,C8H8O2,[M-2H]2-,,67.5226,,160.8
6925,DeepCCS-30932474,Phenylacetic acid,C8H8O2,[M+Na]+,1.0,159.0416,1.0,136.1
6927,AllCCS-32859911,Phenylacetic acid,C8H8O2,[M+H-H2O]+,1.0,119.0491,1.0,123.3
6928,AllCCS-32859911,Phenylacetic acid,C8H8O2,[M+NH4]+,1.0,154.0863,1.0,132.4
6929,AllCCS-32859911,Phenylacetic acid,C8H8O2,[M+Na]+,1.0,159.0416,1.0,133.6
6931,AllCCS-32859911,Phenylacetic acid,C8H8O2,[M+Na-2H]-,-1.0,157.0271,-1.0,127.4
6932,AllCCS-32859911,Phenylacetic acid,C8H8O2,[M+HCOO]-,-1.0,181.0506,-1.0,129.2
6933,DarkChem-31661259,Aminoacetone,C3H7NO,[M+H]+,1.0,74.06,1.0,112.8
6934,DarkChem-31661259,Aminoacetone,C3H7NO,[M-H]-,-1.0,72.0455,-1.0,105.7
6935,DeepCCS-30932474,Aminoacetone,C3H7NO,[M+H]+,1.0,74.06,1.0,118.1
6936,DeepCCS-30932474,Aminoacetone,C3H7NO,[M-H]-,-1.0,72.0455,-1.0,115.9
6937,DeepCCS-30932474,Aminoacetone,C3H7NO,[M-2H]2-,,36.0227,,151.7
6938,DeepCCS-30932474,Aminoacetone,C3H7NO,[M+Na]+,1.0,96.042,1.0,126.4
6939,AllCCS-32859911,Aminoacetone,C3H7NO,[M+H]+,1.0,74.06,1.0,120.8
6940,AllCCS-32859911,Aminoacetone,C3H7NO,[M+H-H2O]+,1.0,56.0495,1.0,116.3
6941,AllCCS-32859911,Aminoacetone,C3H7NO,[M+NH4]+,1.0,91.0866,1.0,125.1
6942,AllCCS-32859911,Aminoacetone,C3H7NO,[M+Na]+,1.0,96.042,1.0,126.3
6943,AllCCS-32859911,Aminoacetone,C3H7NO,[M-H]-,-1.0,72.0455,-1.0,128.8
6944,AllCCS-32859911,Aminoacetone,C3H7NO,[M+Na-2H]-,-1.0,94.0274,-1.0,134.4
6945,AllCCS-32859911,Aminoacetone,C3H7NO,[M+HCOO]-,-1.0,118.051,-1.0,140.6
6946,DeepCCS-30932474,L-Arabinose,C5H10O5,[M+H]+,1.0,151.0601,1.0,135.4
6947,DeepCCS-30932474,L-Arabinose,C5H10O5,[M-H]-,-1.0,149.0455,-1.0,133.2
6948,DeepCCS-30932474,L-Arabinose,C5H10O5,[M-2H]2-,,74.5228,,167.9
6949,DeepCCS-30932474,L-Arabinose,C5H10O5,[M+Na]+,1.0,173.042,1.0,142.0
6950,AllCCS-32859911,L-Arabinose,C5H10O5,[M+H]+,1.0,151.0601,1.0,134.2
6951,AllCCS-32859911,L-Arabinose,C5H10O5,[M+H-H2O]+,1.0,133.0495,1.0,129.6
6952,AllCCS-32859911,L-Arabinose,C5H10O5,[M+NH4]+,1.0,168.0866,1.0,138.4
6953,AllCCS-32859911,L-Arabinose,C5H10O5,[M+Na]+,1.0,173.042,1.0,139.7
6954,AllCCS-32859911,L-Arabinose,C5H10O5,[M-H]-,-1.0,149.0455,-1.0,124.8
6955,AllCCS-32859911,L-Arabinose,C5H10O5,[M+Na-2H]-,-1.0,171.0275,-1.0,126.5
6956,AllCCS-32859911,L-Arabinose,C5H10O5,[M+HCOO]-,-1.0,195.051,-1.0,128.4
6957,DeepCCS-30932474,Melibiose,C12H22O11,[M+H]+,1.0,343.1235,1.0,174.3
6958,DeepCCS-30932474,Melibiose,C12H22O11,[M-H]-,-1.0,341.1089,-1.0,172.3
6959,DeepCCS-30932474,Melibiose,C12H22O11,[M-2H]2-,,170.5545,,205.9
6960,DeepCCS-30932474,Melibiose,C12H22O11,[M+Na]+,1.0,365.1054,1.0,180.1
6961,DarkChem-31661259,L-Aspartic acid,C4H7NO4,[M+H]+,1.0,134.0448,1.0,129.8
6962,DarkChem-31661259,L-Aspartic acid,C4H7NO4,[M-H]-,-1.0,132.0302,-1.0,121.8
6963,AllCCS-32859911,L-Aspartic acid,C4H7NO4,[M+H]+,1.0,134.0448,1.0,131.7
6964,AllCCS-32859911,L-Aspartic acid,C4H7NO4,[M-H]-,-1.0,132.0302,-1.0,122.8
6965,DeepCCS-30932474,L-Aspartic acid,C4H7NO4,[M+H]+,1.0,134.0448,1.0,123.1
6966,DeepCCS-30932474,L-Aspartic acid,C4H7NO4,[M-H]-,-1.0,132.0302,-1.0,119.2
6967,DeepCCS-30932474,L-Aspartic acid,C4H7NO4,[M-2H]2-,,66.0151,,156.8
6968,DeepCCS-30932474,L-Aspartic acid,C4H7NO4,[M+Na]+,1.0,156.0267,1.0,132.1
6970,AllCCS-32859911,L-Aspartic acid,C4H7NO4,[M+H-H2O]+,1.0,116.0342,1.0,127.6
6971,AllCCS-32859911,L-Aspartic acid,C4H7NO4,[M+NH4]+,1.0,151.0713,1.0,135.5
6972,AllCCS-32859911,L-Aspartic acid,C4H7NO4,[M+Na]+,1.0,156.0267,1.0,136.6
6974,AllCCS-32859911,L-Aspartic acid,C4H7NO4,[M+Na-2H]-,-1.0,154.0122,-1.0,125.4
6975,AllCCS-32859911,L-Aspartic acid,C4H7NO4,[M+HCOO]-,-1.0,178.0357,-1.0,128.4
6976,DarkChem-31661259,3-Methyladenine,C6H7N5,[M+H]+,1.0,150.0774,1.0,129.0
6977,DarkChem-31661259,3-Methyladenine,C6H7N5,[M-H]-,-1.0,148.0629,-1.0,127.0
6978,DeepCCS-30932474,3-Methyladenine,C6H7N5,[M-2H]2-,,74.0314,,162.2
6979,DeepCCS-30932474,3-Methyladenine,C6H7N5,[M+Na]+,1.0,172.0594,1.0,137.1
6980,AllCCS-32859911,3-Methyladenine,C6H7N5,[M+H]+,1.0,150.0774,1.0,132.3
6981,AllCCS-32859911,3-Methyladenine,C6H7N5,[M+H-H2O]+,1.0,132.0669,1.0,127.6
6982,AllCCS-32859911,3-Methyladenine,C6H7N5,[M+NH4]+,1.0,167.104,1.0,136.6
6983,AllCCS-32859911,3-Methyladenine,C6H7N5,[M+Na]+,1.0,172.0594,1.0,137.8
6984,AllCCS-32859911,3-Methyladenine,C6H7N5,[M-H]-,-1.0,148.0629,-1.0,128.5
6985,AllCCS-32859911,3-Methyladenine,C6H7N5,[M+Na-2H]-,-1.0,170.0448,-1.0,129.5
6986,AllCCS-32859911,3-Methyladenine,C6H7N5,[M+HCOO]-,-1.0,194.0683,-1.0,130.7
6987,DarkChem-31661259,dGDP,C10H15N5O10P2,[M+H]+,1.0,428.0367,1.0,190.8
6988,DarkChem-31661259,dGDP,C10H15N5O10P2,[M-H]-,-1.0,426.0221,-1.0,185.9
6989,AllCCS-32859911,dGDP,C10H15N5O10P2,[M+H]+,1.0,428.0367,1.0,186.6
6990,AllCCS-32859911,dGDP,C10H15N5O10P2,[M-H]-,-1.0,426.0221,-1.0,180.0
6991,DeepCCS-30932474,dGDP,C10H15N5O10P2,[M+H]+,1.0,428.0367,1.0,164.0
6992,DeepCCS-30932474,dGDP,C10H15N5O10P2,[M-H]-,-1.0,426.0221,-1.0,160.7
6993,DeepCCS-30932474,dGDP,C10H15N5O10P2,[M-2H]2-,,213.0111,,195.3
6994,DeepCCS-30932474,dGDP,C10H15N5O10P2,[M+Na]+,1.0,450.0186,1.0,171.5
6996,AllCCS-32859911,dGDP,C10H15N5O10P2,[M+H-H2O]+,1.0,410.0261,1.0,184.3
6997,AllCCS-32859911,dGDP,C10H15N5O10P2,[M+NH4]+,1.0,445.0632,1.0,188.8
6998,AllCCS-32859911,dGDP,C10H15N5O10P2,[M+Na]+,1.0,450.0186,1.0,189.4
7000,AllCCS-32859911,dGDP,C10H15N5O10P2,[M+Na-2H]-,-1.0,448.0041,-1.0,180.0
7001,AllCCS-32859911,dGDP,C10H15N5O10P2,[M+HCOO]-,-1.0,472.0276,-1.0,180.0
7002,DarkChem-31661259,Dihydrolipoamide,C8H17NOS2,[M+H]+,1.0,208.0824,1.0,146.9
7003,DarkChem-31661259,Dihydrolipoamide,C8H17NOS2,[M-H]-,-1.0,206.0679,-1.0,142.6
7004,AllCCS-32859911,Dihydrolipoamide,C8H17NOS2,[M+H]+,1.0,208.0824,1.0,145.3
7005,AllCCS-32859911,Dihydrolipoamide,C8H17NOS2,[M-H]-,-1.0,206.0679,-1.0,151.0
7006,DeepCCS-30932474,Dihydrolipoamide,C8H17NOS2,[M+H]+,1.0,208.0824,1.0,148.3
7007,DeepCCS-30932474,Dihydrolipoamide,C8H17NOS2,[M-H]-,-1.0,206.0679,-1.0,145.9
7008,DeepCCS-30932474,Dihydrolipoamide,C8H17NOS2,[M-2H]2-,,103.0339,,181.5
7009,DeepCCS-30932474,Dihydrolipoamide,C8H17NOS2,[M+Na]+,1.0,230.0644,1.0,156.7
7011,AllCCS-32859911,Dihydrolipoamide,C8H17NOS2,[M+H-H2O]+,1.0,190.0719,1.0,141.8
7012,AllCCS-32859911,Dihydrolipoamide,C8H17NOS2,[M+NH4]+,1.0,225.109,1.0,148.5
7013,AllCCS-32859911,Dihydrolipoamide,C8H17NOS2,[M+Na]+,1.0,230.0644,1.0,149.5
7015,AllCCS-32859911,Dihydrolipoamide,C8H17NOS2,[M+Na-2H]-,-1.0,228.0498,-1.0,152.9
7016,AllCCS-32859911,Dihydrolipoamide,C8H17NOS2,[M+HCOO]-,-1.0,252.0734,-1.0,155.1
7017,DeepCCS-30932474,Oxygen,O2,[M+H]+,1.0,32.9971,1.0,109.4
7018,DeepCCS-30932474,Oxygen,O2,[M-H]-,-1.0,30.9826,-1.0,107.7
7019,DeepCCS-30932474,Oxygen,O2,[M-2H]2-,,15.4913,,142.8
7020,DeepCCS-30932474,Oxygen,O2,[M+Na]+,1.0,54.979,1.0,116.2
7021,AllCCS-32859911,Ubiquinol 8,C49H76O4,[M+H]+,1.0,729.5816,1.0,278.1
7022,AllCCS-32859911,Ubiquinol 8,C49H76O4,[M-H]-,-1.0,727.5671,-1.0,265.6
7023,DeepCCS-30932474,Ubiquinol 8,C49H76O4,[M+H]+,1.0,729.5816,1.0,284.5
7024,DeepCCS-30932474,Ubiquinol 8,C49H76O4,[M-H]-,-1.0,727.5671,-1.0,282.4
7025,DeepCCS-30932474,Ubiquinol 8,C49H76O4,[M-2H]2-,,363.7835,,315.6
7026,DeepCCS-30932474,Ubiquinol 8,C49H76O4,[M+Na]+,1.0,751.5636,1.0,290.4
7028,AllCCS-32859911,Ubiquinol 8,C49H76O4,[M+H-H2O]+,1.0,711.5711,1.0,277.1
7029,AllCCS-32859911,Ubiquinol 8,C49H76O4,[M+NH4]+,1.0,746.6082,1.0,279.1
7030,AllCCS-32859911,Ubiquinol 8,C49H76O4,[M+Na]+,1.0,751.5636,1.0,279.4
7032,AllCCS-32859911,Ubiquinol 8,C49H76O4,[M+Na-2H]-,-1.0,749.549,-1.0,268.7
7033,AllCCS-32859911,Ubiquinol 8,C49H76O4,[M+HCOO]-,-1.0,773.5726,-1.0,272.3
7034,DarkChem-31661259,D-Proline,C5H9NO2,[M+H]+,1.0,116.0706,1.0,124.1
7035,DarkChem-31661259,D-Proline,C5H9NO2,[M-H]-,-1.0,114.0561,-1.0,118.8
7036,DeepCCS-30932474,D-Proline,C5H9NO2,[M+H]+,1.0,116.0706,1.0,118.6
7037,DeepCCS-30932474,D-Proline,C5H9NO2,[M-H]-,-1.0,114.0561,-1.0,114.9
7038,DeepCCS-30932474,D-Proline,C5H9NO2,[M-2H]2-,,57.028,,152.3
7039,DeepCCS-30932474,D-Proline,C5H9NO2,[M+Na]+,1.0,138.0525,1.0,127.3
7040,AllCCS-32859911,D-Proline,C5H9NO2,[M+H]+,1.0,116.0706,1.0,125.1
7041,AllCCS-32859911,D-Proline,C5H9NO2,[M+H-H2O]+,1.0,98.06,1.0,120.3
7042,AllCCS-32859911,D-Proline,C5H9NO2,[M+NH4]+,1.0,133.0972,1.0,129.5
7043,AllCCS-32859911,D-Proline,C5H9NO2,[M+Na]+,1.0,138.0525,1.0,130.8
7044,AllCCS-32859911,D-Proline,C5H9NO2,[M-H]-,-1.0,114.0561,-1.0,120.9
7045,AllCCS-32859911,D-Proline,C5H9NO2,[M+Na-2H]-,-1.0,136.038,-1.0,123.4
7046,AllCCS-32859911,D-Proline,C5H9NO2,[M+HCOO]-,-1.0,160.0615,-1.0,126.2
7047,DarkChem-31661259,Sucrose,C12H22O11,[M+H]+,1.0,343.1235,1.0,176.1
7048,DarkChem-31661259,Sucrose,C12H22O11,[M-H]-,-1.0,341.1089,-1.0,166.2
7049,AllCCS-32859911,Sucrose,C12H22O11,[M+H]+,1.0,343.1235,1.0,175.7
7050,AllCCS-32859911,Sucrose,C12H22O11,[M-H]-,-1.0,341.1089,-1.0,174.6
7051,DeepCCS-30932474,Sucrose,C12H22O11,[M+H]+,1.0,343.1235,1.0,173.7
7052,DeepCCS-30932474,Sucrose,C12H22O11,[M+H]+,1.0,343.1235,1.0,180.8
7053,DeepCCS-30932474,Sucrose,C12H22O11,[M-H]-,-1.0,341.1089,-1.0,171.6
7054,DeepCCS-30932474,Sucrose,C12H22O11,[M-H]-,-1.0,341.1089,-1.0,178.4
7055,DeepCCS-30932474,Sucrose,C12H22O11,[M-2H]2-,,170.5545,,205.5
7056,DeepCCS-30932474,Sucrose,C12H22O11,[M+Na]+,1.0,365.1054,1.0,179.7
7057,DeepCCS-30932474,Sucrose,C12H22O11,[M-2H]2-,,170.5545,,211.6
7058,DeepCCS-30932474,Sucrose,C12H22O11,[M+Na]+,1.0,365.1054,1.0,187.2
7060,AllCCS-32859911,Sucrose,C12H22O11,[M+H-H2O]+,1.0,325.1129,1.0,172.9
7061,AllCCS-32859911,Sucrose,C12H22O11,[M+NH4]+,1.0,360.15,1.0,178.3
7062,AllCCS-32859911,Sucrose,C12H22O11,[M+Na]+,1.0,365.1054,1.0,179.0
7064,AllCCS-32859911,Sucrose,C12H22O11,[M+Na-2H]-,-1.0,363.0909,-1.0,174.1
7065,AllCCS-32859911,Sucrose,C12H22O11,[M+HCOO]-,-1.0,387.1144,-1.0,173.8
7066,DeepCCS-30932474,Phosphate,H3O4P,[M+H]+,1.0,98.9842,1.0,120.0
7067,DeepCCS-30932474,Phosphate,H3O4P,[M-H]-,-1.0,96.9696,-1.0,117.4
7068,DeepCCS-30932474,Phosphate,H3O4P,[M-2H]2-,,48.4848,,153.7
7069,DeepCCS-30932474,Phosphate,H3O4P,[M+Na]+,1.0,120.9661,1.0,128.3
7070,AllCCS-32859911,Phosphate,H3O4P,[M+H]+,1.0,98.9842,1.0,117.5
7071,AllCCS-32859911,Phosphate,H3O4P,[M+H-H2O]+,1.0,80.9736,1.0,113.2
7072,AllCCS-32859911,Phosphate,H3O4P,[M+NH4]+,1.0,116.0107,1.0,121.6
7073,AllCCS-32859911,Phosphate,H3O4P,[M+Na]+,1.0,120.9661,1.0,122.7
7074,AllCCS-32859911,Phosphate,H3O4P,[M-H]-,-1.0,96.9696,-1.0,131.7
7075,AllCCS-32859911,Phosphate,H3O4P,[M+Na-2H]-,-1.0,118.9516,-1.0,137.4
7076,AllCCS-32859911,Phosphate,H3O4P,[M+HCOO]-,-1.0,142.9751,-1.0,143.7
7077,DeepCCS-30932474,Hydroxide,HO,[M+H]+,1.0,18.01,1.0,111.6
7078,DeepCCS-30932474,Hydroxide,HO,[M-H]-,-1.0,15.9955,-1.0,109.8
7079,DeepCCS-30932474,Hydroxide,HO,[M-2H]2-,,7.9977,,145.1
7080,DeepCCS-30932474,Hydroxide,HO,[M+Na]+,1.0,39.992,1.0,118.4
7081,DeepCCS-30932474,Tetracosanoyl-CoA,C45H82N7O17P3S,[M+H]+,1.0,1118.4774,1.0,279.0
7082,DeepCCS-30932474,Tetracosanoyl-CoA,C45H82N7O17P3S,[M-H]-,-1.0,1116.4628,-1.0,276.2
7083,DeepCCS-30932474,Tetracosanoyl-CoA,C45H82N7O17P3S,[M-2H]2-,,558.2314,,310.8
7084,DeepCCS-30932474,Tetracosanoyl-CoA,C45H82N7O17P3S,[M+Na]+,1.0,1140.4593,1.0,286.2
7085,AllCCS-32859911,Tetracosanoyl-CoA,C45H82N7O17P3S,[M+H]+,1.0,1118.4774,1.0,317.6
7086,AllCCS-32859911,Tetracosanoyl-CoA,C45H82N7O17P3S,[M+H-H2O]+,1.0,1100.4668,1.0,318.1
7087,AllCCS-32859911,Tetracosanoyl-CoA,C45H82N7O17P3S,[M+NH4]+,1.0,1135.5039,1.0,317.2
7088,AllCCS-32859911,Tetracosanoyl-CoA,C45H82N7O17P3S,[M+Na]+,1.0,1140.4593,1.0,317.0
7089,AllCCS-32859911,Tetracosanoyl-CoA,C45H82N7O17P3S,[M-H]-,-1.0,1116.4628,-1.0,290.6
7090,AllCCS-32859911,Tetracosanoyl-CoA,C45H82N7O17P3S,[M+Na-2H]-,-1.0,1138.4447,-1.0,295.8
7091,AllCCS-32859911,Tetracosanoyl-CoA,C45H82N7O17P3S,[M+HCOO]-,-1.0,1162.4683,-1.0,301.5
7092,DarkChem-31661259,IDP,C10H14N4O11P2,[M+H]+,1.0,429.0207,1.0,191.6
7093,DarkChem-31661259,IDP,C10H14N4O11P2,[M-H]-,-1.0,427.0062,-1.0,181.5
7094,DeepCCS-30932474,IDP,C10H14N4O11P2,[M+H]+,1.0,429.0207,1.0,152.4
7095,DeepCCS-30932474,IDP,C10H14N4O11P2,[M-H]-,-1.0,427.0062,-1.0,150.0
7096,DeepCCS-30932474,IDP,C10H14N4O11P2,[M-2H]2-,,213.5031,,184.0
7097,DeepCCS-30932474,IDP,C10H14N4O11P2,[M+Na]+,1.0,451.0026,1.0,159.4
7098,AllCCS-32859911,IDP,C10H14N4O11P2,[M+H]+,1.0,429.0207,1.0,187.2
7099,AllCCS-32859911,IDP,C10H14N4O11P2,[M+H-H2O]+,1.0,411.0101,1.0,184.9
7100,AllCCS-32859911,IDP,C10H14N4O11P2,[M+NH4]+,1.0,446.0473,1.0,189.4
7101,AllCCS-32859911,IDP,C10H14N4O11P2,[M+Na]+,1.0,451.0026,1.0,190.0
7102,AllCCS-32859911,IDP,C10H14N4O11P2,[M-H]-,-1.0,427.0062,-1.0,179.4
7103,AllCCS-32859911,IDP,C10H14N4O11P2,[M+Na-2H]-,-1.0,448.9881,-1.0,179.2
7104,AllCCS-32859911,IDP,C10H14N4O11P2,[M+HCOO]-,-1.0,473.0116,-1.0,179.1
7105,DeepCCS-30932474,Propanal,C3H6O,[M+H]+,1.0,59.0491,1.0,118.6
7106,DeepCCS-30932474,Propanal,C3H6O,[M-H]-,-1.0,57.0346,-1.0,116.8
7107,DeepCCS-30932474,Propanal,C3H6O,[M-2H]2-,,28.5173,,152.1
7108,DeepCCS-30932474,Propanal,C3H6O,[M+Na]+,1.0,81.0311,1.0,126.0
7109,DeepCCS-30932474,Carbon dioxide,CO2,[M+H]+,1.0,44.9971,1.0,115.0
7110,DeepCCS-30932474,Carbon dioxide,CO2,[M-H]-,-1.0,42.9826,-1.0,113.2
7111,DeepCCS-30932474,Carbon dioxide,CO2,[M-2H]2-,,21.4913,,148.5
7112,DeepCCS-30932474,Carbon dioxide,CO2,[M+Na]+,1.0,66.979,1.0,122.2
7113,DarkChem-31661259,D-Cysteine,C3H7NO2S,[M+H]+,1.0,122.027,1.0,123.3
7114,DarkChem-31661259,D-Cysteine,C3H7NO2S,[M-H]-,-1.0,120.0125,-1.0,119.2
7115,DeepCCS-30932474,D-Cysteine,C3H7NO2S,[M+H]+,1.0,122.027,1.0,122.9
7116,DeepCCS-30932474,D-Cysteine,C3H7NO2S,[M-H]-,-1.0,120.0125,-1.0,120.0
7117,DeepCCS-30932474,D-Cysteine,C3H7NO2S,[M-2H]2-,,60.0062,,156.5
7118,DeepCCS-30932474,D-Cysteine,C3H7NO2S,[M+Na]+,1.0,144.009,1.0,131.5
7119,AllCCS-32859911,D-Cysteine,C3H7NO2S,[M+H]+,1.0,122.027,1.0,130.1
7120,AllCCS-32859911,D-Cysteine,C3H7NO2S,[M+H-H2O]+,1.0,104.0165,1.0,126.0
7121,AllCCS-32859911,D-Cysteine,C3H7NO2S,[M+NH4]+,1.0,139.0536,1.0,134.0
7122,AllCCS-32859911,D-Cysteine,C3H7NO2S,[M+Na]+,1.0,144.009,1.0,135.1
7123,AllCCS-32859911,D-Cysteine,C3H7NO2S,[M-H]-,-1.0,120.0125,-1.0,128.7
7124,AllCCS-32859911,D-Cysteine,C3H7NO2S,[M+Na-2H]-,-1.0,141.9944,-1.0,132.6
7125,AllCCS-32859911,D-Cysteine,C3H7NO2S,[M+HCOO]-,-1.0,166.018,-1.0,136.9
7126,DarkChem-31661259,ADP,C10H15N5O10P2,[M+H]+,1.0,428.0367,1.0,193.2
7127,DarkChem-31661259,ADP,C10H15N5O10P2,[M-H]-,-1.0,426.0221,-1.0,183.7
7128,AllCCS-32859911,ADP,C10H15N5O10P2,[M+H]+,1.0,428.0367,1.0,187.8
7129,AllCCS-32859911,ADP,C10H15N5O10P2,[M-H]-,-1.0,426.0221,-1.0,180.3
7130,DeepCCS-30932474,ADP,C10H15N5O10P2,[M+H]+,1.0,428.0367,1.0,165.7
7131,DeepCCS-30932474,ADP,C10H15N5O10P2,[M+H]+,1.0,428.0367,1.0,154.6
7132,DeepCCS-30932474,ADP,C10H15N5O10P2,[M-H]-,-1.0,426.0221,-1.0,163.2
7133,DeepCCS-30932474,ADP,C10H15N5O10P2,[M-H]-,-1.0,426.0221,-1.0,151.8
7134,DeepCCS-30932474,ADP,C10H15N5O10P2,[M-2H]2-,,213.0111,,198.1
7135,DeepCCS-30932474,ADP,C10H15N5O10P2,[M+Na]+,1.0,450.0186,1.0,173.5
7136,DeepCCS-30932474,ADP,C10H15N5O10P2,[M-2H]2-,,213.0111,,187.0
7137,DeepCCS-30932474,ADP,C10H15N5O10P2,[M+Na]+,1.0,450.0186,1.0,162.9
7138,AllCCS-32859911,ADP,C10H15N5O10P2,[M+H]+,1.0,428.0367,1.0,187.9
7139,AllCCS-32859911,ADP,C10H15N5O10P2,[M+H-H2O]+,1.0,410.0261,1.0,185.5
7140,AllCCS-32859911,ADP,C10H15N5O10P2,[M+NH4]+,1.0,445.0632,1.0,190.0
7141,AllCCS-32859911,ADP,C10H15N5O10P2,[M+Na]+,1.0,450.0186,1.0,190.6
7143,AllCCS-32859911,ADP,C10H15N5O10P2,[M+Na-2H]-,-1.0,448.0041,-1.0,180.2
7144,AllCCS-32859911,ADP,C10H15N5O10P2,[M+HCOO]-,-1.0,472.0276,-1.0,180.1
7145,DeepCCS-30932474,Ubiquinol-6,C39H60O4,[M+H]+,1.0,593.4564,1.0,249.0
7146,DeepCCS-30932474,Ubiquinol-6,C39H60O4,[M-H]-,-1.0,591.4419,-1.0,246.6
7147,DeepCCS-30932474,Ubiquinol-6,C39H60O4,[M-2H]2-,,295.7209,,279.7
7148,DeepCCS-30932474,Ubiquinol-6,C39H60O4,[M+Na]+,1.0,615.4384,1.0,254.9
7149,AllCCS-32859911,Ubiquinol-6,C39H60O4,[M+H]+,1.0,593.4564,1.0,250.3
7150,AllCCS-32859911,Ubiquinol-6,C39H60O4,[M+H-H2O]+,1.0,575.4459,1.0,249.0
7151,AllCCS-32859911,Ubiquinol-6,C39H60O4,[M+NH4]+,1.0,610.483,1.0,251.6
7152,AllCCS-32859911,Ubiquinol-6,C39H60O4,[M+Na]+,1.0,615.4384,1.0,251.9
7153,AllCCS-32859911,Ubiquinol-6,C39H60O4,[M-H]-,-1.0,591.4419,-1.0,235.6
7154,AllCCS-32859911,Ubiquinol-6,C39H60O4,[M+Na-2H]-,-1.0,613.4238,-1.0,238.9
7155,AllCCS-32859911,Ubiquinol-6,C39H60O4,[M+HCOO]-,-1.0,637.4474,-1.0,242.8
7156,DarkChem-31661259,dCDP,C9H15N3O10P2,[M+H]+,1.0,388.0305,1.0,182.1
7157,DarkChem-31661259,dCDP,C9H15N3O10P2,[M-H]-,-1.0,386.016,-1.0,177.4
7158,AllCCS-32859911,dCDP,C9H15N3O10P2,[M+H]+,1.0,388.0305,1.0,179.5
7159,AllCCS-32859911,dCDP,C9H15N3O10P2,[M-H]-,-1.0,386.016,-1.0,173.2
7160,DeepCCS-30932474,dCDP,C9H15N3O10P2,[M+H]+,1.0,388.0305,1.0,162.1
7161,DeepCCS-30932474,dCDP,C9H15N3O10P2,[M-H]-,-1.0,386.016,-1.0,159.7
7162,DeepCCS-30932474,dCDP,C9H15N3O10P2,[M-2H]2-,,193.008,,194.3
7163,DeepCCS-30932474,dCDP,C9H15N3O10P2,[M+Na]+,1.0,410.0125,1.0,170.0
7165,AllCCS-32859911,dCDP,C9H15N3O10P2,[M+H-H2O]+,1.0,370.02,1.0,176.8
7166,AllCCS-32859911,dCDP,C9H15N3O10P2,[M+NH4]+,1.0,405.0571,1.0,181.9
7167,AllCCS-32859911,dCDP,C9H15N3O10P2,[M+Na]+,1.0,410.0125,1.0,182.6
7169,AllCCS-32859911,dCDP,C9H15N3O10P2,[M+Na-2H]-,-1.0,407.9979,-1.0,173.2
7170,AllCCS-32859911,dCDP,C9H15N3O10P2,[M+HCOO]-,-1.0,432.0215,-1.0,173.4
7171,DarkChem-31661259,L-Glutamic gamma-semialdehyde,C5H9NO3,[M+H]+,1.0,132.0655,1.0,128.7
7172,DarkChem-31661259,L-Glutamic gamma-semialdehyde,C5H9NO3,[M-H]-,-1.0,130.051,-1.0,125.6
7173,DeepCCS-30932474,L-Glutamic gamma-semialdehyde,C5H9NO3,[M+H]+,1.0,132.0655,1.0,126.2
7174,DeepCCS-30932474,L-Glutamic gamma-semialdehyde,C5H9NO3,[M-H]-,-1.0,130.051,-1.0,122.4
7175,DeepCCS-30932474,L-Glutamic gamma-semialdehyde,C5H9NO3,[M-2H]2-,,65.0255,,159.7
7176,DeepCCS-30932474,L-Glutamic gamma-semialdehyde,C5H9NO3,[M+Na]+,1.0,154.0475,1.0,135.0
7177,AllCCS-32859911,L-Glutamic gamma-semialdehyde,C5H9NO3,[M+H]+,1.0,132.0655,1.0,131.2
7178,AllCCS-32859911,L-Glutamic gamma-semialdehyde,C5H9NO3,[M+H-H2O]+,1.0,114.055,1.0,127.1
7179,AllCCS-32859911,L-Glutamic gamma-semialdehyde,C5H9NO3,[M+NH4]+,1.0,149.0921,1.0,135.1
7180,AllCCS-32859911,L-Glutamic gamma-semialdehyde,C5H9NO3,[M+Na]+,1.0,154.0475,1.0,136.2
7181,AllCCS-32859911,L-Glutamic gamma-semialdehyde,C5H9NO3,[M-H]-,-1.0,130.051,-1.0,125.3
7182,AllCCS-32859911,L-Glutamic gamma-semialdehyde,C5H9NO3,[M+Na-2H]-,-1.0,152.0329,-1.0,127.9
7183,AllCCS-32859911,L-Glutamic gamma-semialdehyde,C5H9NO3,[M+HCOO]-,-1.0,176.0564,-1.0,130.8
7184,DeepCCS-30932474,Dolichyl diphosphate,(C5H8)nC20H38O7P2,[M+H]+,1.0,,1.0,205.6
7185,DeepCCS-30932474,Dolichyl diphosphate,(C5H8)nC20H38O7P2,[M-H]-,-1.0,,-1.0,203.2
7186,DeepCCS-30932474,Dolichyl diphosphate,(C5H8)nC20H38O7P2,[M-2H]2-,,,,236.1
7187,DeepCCS-30932474,Dolichyl diphosphate,(C5H8)nC20H38O7P2,[M+Na]+,1.0,,1.0,211.5
7188,AllCCS-32859911,Dolichyl diphosphate,(C5H8)nC20H38O7P2,[M+H]+,1.0,,1.0,233.4
7189,AllCCS-32859911,Dolichyl diphosphate,(C5H8)nC20H38O7P2,[M+H-H2O]+,1.0,,1.0,231.8
7190,AllCCS-32859911,Dolichyl diphosphate,(C5H8)nC20H38O7P2,[M+NH4]+,1.0,,1.0,234.9
7191,AllCCS-32859911,Dolichyl diphosphate,(C5H8)nC20H38O7P2,[M+Na]+,1.0,,1.0,235.3
7192,AllCCS-32859911,Dolichyl diphosphate,(C5H8)nC20H38O7P2,[M-H]-,-1.0,,-1.0,225.7
7193,AllCCS-32859911,Dolichyl diphosphate,(C5H8)nC20H38O7P2,[M+Na-2H]-,-1.0,,-1.0,229.1
7194,AllCCS-32859911,Dolichyl diphosphate,(C5H8)nC20H38O7P2,[M+HCOO]-,-1.0,,-1.0,233.1
7206,AllCCS-32859911,"N,N'-Diacetylchitobiosyldiphosphodolichol",C28H50N2O19P2,[M+H]+,1.0,781.2556,1.0,260.4
7207,AllCCS-32859911,"N,N'-Diacetylchitobiosyldiphosphodolichol",C28H50N2O19P2,[M-H]-,-1.0,779.241,-1.0,261.3
7208,DeepCCS-30932474,"N,N'-Diacetylchitobiosyldiphosphodolichol",C28H50N2O19P2,[M+H]+,1.0,781.2556,1.0,253.9
7209,DeepCCS-30932474,"N,N'-Diacetylchitobiosyldiphosphodolichol",C28H50N2O19P2,[M-H]-,-1.0,779.241,-1.0,252.0
7210,DeepCCS-30932474,"N,N'-Diacetylchitobiosyldiphosphodolichol",C28H50N2O19P2,[M-2H]2-,,389.6205,,285.3
7211,DeepCCS-30932474,"N,N'-Diacetylchitobiosyldiphosphodolichol",C28H50N2O19P2,[M+Na]+,1.0,803.2375,1.0,259.7
7213,AllCCS-32859911,"N,N'-Diacetylchitobiosyldiphosphodolichol",C28H50N2O19P2,[M+H-H2O]+,1.0,763.245,1.0,260.2
7214,AllCCS-32859911,"N,N'-Diacetylchitobiosyldiphosphodolichol",C28H50N2O19P2,[M+NH4]+,1.0,798.2821,1.0,260.5
7215,AllCCS-32859911,"N,N'-Diacetylchitobiosyldiphosphodolichol",C28H50N2O19P2,[M+Na]+,1.0,803.2375,1.0,260.5
7217,AllCCS-32859911,"N,N'-Diacetylchitobiosyldiphosphodolichol",C28H50N2O19P2,[M+Na-2H]-,-1.0,801.223,-1.0,266.3
7218,AllCCS-32859911,"N,N'-Diacetylchitobiosyldiphosphodolichol",C28H50N2O19P2,[M+HCOO]-,-1.0,825.2465,-1.0,271.9
7232,DarkChem-31661259,Glucose 6-phosphate,C6H13O9P,[M+H]+,1.0,261.037,1.0,160.1
7233,DarkChem-31661259,Glucose 6-phosphate,C6H13O9P,[M-H]-,-1.0,259.0224,-1.0,153.2
7234,AllCCS-32859911,Glucose 6-phosphate,C6H13O9P,[M+H]+,1.0,261.037,1.0,156.3
7235,AllCCS-32859911,Glucose 6-phosphate,C6H13O9P,[M-H]-,-1.0,259.0224,-1.0,147.2
7236,DeepCCS-30932474,Glucose 6-phosphate,C6H13O9P,[M+H]+,1.0,261.037,1.0,143.9
7237,DeepCCS-30932474,Glucose 6-phosphate,C6H13O9P,[M-H]-,-1.0,259.0224,-1.0,141.5
7238,DeepCCS-30932474,Glucose 6-phosphate,C6H13O9P,[M-2H]2-,,129.5112,,175.9
7239,DeepCCS-30932474,Glucose 6-phosphate,C6H13O9P,[M+Na]+,1.0,283.0189,1.0,151.0
7241,AllCCS-32859911,Glucose 6-phosphate,C6H13O9P,[M+H-H2O]+,1.0,243.0264,1.0,152.8
7242,AllCCS-32859911,Glucose 6-phosphate,C6H13O9P,[M+NH4]+,1.0,278.0635,1.0,159.6
7243,AllCCS-32859911,Glucose 6-phosphate,C6H13O9P,[M+Na]+,1.0,283.0189,1.0,160.5
7245,AllCCS-32859911,Glucose 6-phosphate,C6H13O9P,[M+Na-2H]-,-1.0,281.0044,-1.0,147.5
7246,AllCCS-32859911,Glucose 6-phosphate,C6H13O9P,[M+HCOO]-,-1.0,305.0279,-1.0,147.9
7247,DarkChem-31661259,D-Ribulose 5-phosphate,C5H11O8P,[M+H]+,1.0,231.0264,1.0,152.0
7248,DarkChem-31661259,D-Ribulose 5-phosphate,C5H11O8P,[M-H]-,-1.0,229.0119,-1.0,144.9
7249,AllCCS-32859911,D-Ribulose 5-phosphate,C5H11O8P,[M+H]+,1.0,231.0264,1.0,148.3
7250,AllCCS-32859911,D-Ribulose 5-phosphate,C5H11O8P,[M-H]-,-1.0,229.0119,-1.0,140.1
7251,DeepCCS-30932474,D-Ribulose 5-phosphate,C5H11O8P,[M+H]+,1.0,231.0264,1.0,138.0
7252,DeepCCS-30932474,D-Ribulose 5-phosphate,C5H11O8P,[M-H]-,-1.0,229.0119,-1.0,135.6
7253,DeepCCS-30932474,D-Ribulose 5-phosphate,C5H11O8P,[M-2H]2-,,114.5059,,168.6
7254,DeepCCS-30932474,D-Ribulose 5-phosphate,C5H11O8P,[M+Na]+,1.0,253.0084,1.0,144.1
7256,AllCCS-32859911,D-Ribulose 5-phosphate,C5H11O8P,[M+H-H2O]+,1.0,213.0159,1.0,144.8
7257,AllCCS-32859911,D-Ribulose 5-phosphate,C5H11O8P,[M+NH4]+,1.0,248.053,1.0,151.6
7258,AllCCS-32859911,D-Ribulose 5-phosphate,C5H11O8P,[M+Na]+,1.0,253.0084,1.0,152.5
7260,AllCCS-32859911,D-Ribulose 5-phosphate,C5H11O8P,[M+Na-2H]-,-1.0,250.9938,-1.0,141.1
7261,AllCCS-32859911,D-Ribulose 5-phosphate,C5H11O8P,[M+HCOO]-,-1.0,275.0174,-1.0,142.2
7262,DeepCCS-30932474,"2-Hexaprenyl-3-methyl-5-hydroxy-6-methoxy-1,4-benzoquinol",C38H58O4,[M+H]+,1.0,579.4408,1.0,243.7
7263,DeepCCS-30932474,"2-Hexaprenyl-3-methyl-5-hydroxy-6-methoxy-1,4-benzoquinol",C38H58O4,[M-H]-,-1.0,577.4262,-1.0,241.3
7264,DeepCCS-30932474,"2-Hexaprenyl-3-methyl-5-hydroxy-6-methoxy-1,4-benzoquinol",C38H58O4,[M-2H]2-,,288.7131,,274.4
7265,DeepCCS-30932474,"2-Hexaprenyl-3-methyl-5-hydroxy-6-methoxy-1,4-benzoquinol",C38H58O4,[M+Na]+,1.0,601.4227,1.0,249.7
7266,AllCCS-32859911,"2-Hexaprenyl-3-methyl-5-hydroxy-6-methoxy-1,4-benzoquinol",C38H58O4,[M+H]+,1.0,579.4408,1.0,247.6
7267,AllCCS-32859911,"2-Hexaprenyl-3-methyl-5-hydroxy-6-methoxy-1,4-benzoquinol",C38H58O4,[M+H-H2O]+,1.0,561.4302,1.0,246.2
7268,AllCCS-32859911,"2-Hexaprenyl-3-methyl-5-hydroxy-6-methoxy-1,4-benzoquinol",C38H58O4,[M+NH4]+,1.0,596.4673,1.0,248.9
7269,AllCCS-32859911,"2-Hexaprenyl-3-methyl-5-hydroxy-6-methoxy-1,4-benzoquinol",C38H58O4,[M+Na]+,1.0,601.4227,1.0,249.3
7270,AllCCS-32859911,"2-Hexaprenyl-3-methyl-5-hydroxy-6-methoxy-1,4-benzoquinol",C38H58O4,[M-H]-,-1.0,577.4262,-1.0,231.4
7271,AllCCS-32859911,"2-Hexaprenyl-3-methyl-5-hydroxy-6-methoxy-1,4-benzoquinol",C38H58O4,[M+Na-2H]-,-1.0,599.4082,-1.0,234.6
7272,AllCCS-32859911,"2-Hexaprenyl-3-methyl-5-hydroxy-6-methoxy-1,4-benzoquinol",C38H58O4,[M+HCOO]-,-1.0,623.4317,-1.0,238.3
7290,DeepCCS-30932474,5-Methylthioribose 1-phosphate,C6H13O7PS,[M+H]+,1.0,261.0192,1.0,149.9
7291,DeepCCS-30932474,5-Methylthioribose 1-phosphate,C6H13O7PS,[M-H]-,-1.0,259.0047,-1.0,147.5
7292,DeepCCS-30932474,5-Methylthioribose 1-phosphate,C6H13O7PS,[M-2H]2-,,129.5023,,182.1
7293,DeepCCS-30932474,5-Methylthioribose 1-phosphate,C6H13O7PS,[M+Na]+,1.0,283.0012,1.0,157.1
7294,AllCCS-32859911,5-Methylthioribose 1-phosphate,C6H13O7PS,[M+H]+,1.0,261.0192,1.0,155.9
7295,AllCCS-32859911,5-Methylthioribose 1-phosphate,C6H13O7PS,[M+H-H2O]+,1.0,243.0087,1.0,152.5
7296,AllCCS-32859911,5-Methylthioribose 1-phosphate,C6H13O7PS,[M+NH4]+,1.0,278.0458,1.0,159.2
7297,AllCCS-32859911,5-Methylthioribose 1-phosphate,C6H13O7PS,[M+Na]+,1.0,283.0012,1.0,160.1
7298,AllCCS-32859911,5-Methylthioribose 1-phosphate,C6H13O7PS,[M-H]-,-1.0,259.0047,-1.0,150.2
7299,AllCCS-32859911,5-Methylthioribose 1-phosphate,C6H13O7PS,[M+Na-2H]-,-1.0,280.9866,-1.0,150.9
7300,AllCCS-32859911,5-Methylthioribose 1-phosphate,C6H13O7PS,[M+HCOO]-,-1.0,305.0102,-1.0,151.7
7327,DarkChem-31661259,2-Methylcitric acid,C7H10O7,[M+H]+,1.0,207.0499,1.0,145.4
7328,DarkChem-31661259,2-Methylcitric acid,C7H10O7,[M-H]-,-1.0,205.0354,-1.0,139.7
7329,AllCCS-32859911,2-Methylcitric acid,C7H10O7,[M+H]+,1.0,207.0499,1.0,144.4
7330,AllCCS-32859911,2-Methylcitric acid,C7H10O7,[M-H]-,-1.0,205.0354,-1.0,137.9
7331,DeepCCS-30932474,2-Methylcitric acid,C7H10O7,[M+H]+,1.0,207.0499,1.0,133.6
7332,DeepCCS-30932474,2-Methylcitric acid,C7H10O7,[M-H]-,-1.0,205.0354,-1.0,130.6
7333,DeepCCS-30932474,2-Methylcitric acid,C7H10O7,[M-2H]2-,,102.5177,,167.1
7334,DeepCCS-30932474,2-Methylcitric acid,C7H10O7,[M+Na]+,1.0,229.0319,1.0,142.7
7336,AllCCS-32859911,2-Methylcitric acid,C7H10O7,[M+H-H2O]+,1.0,189.0394,1.0,140.7
7337,AllCCS-32859911,2-Methylcitric acid,C7H10O7,[M+NH4]+,1.0,224.0765,1.0,147.7
7338,AllCCS-32859911,2-Methylcitric acid,C7H10O7,[M+Na]+,1.0,229.0319,1.0,148.7
7340,AllCCS-32859911,2-Methylcitric acid,C7H10O7,[M+Na-2H]-,-1.0,227.0173,-1.0,138.9
7341,AllCCS-32859911,2-Methylcitric acid,C7H10O7,[M+HCOO]-,-1.0,251.0409,-1.0,140.1
7355,DeepCCS-30932474,Nitrate,NO3,[M+H]+,1.0,62.9951,1.0,108.3
7356,DeepCCS-30932474,Nitrate,NO3,[M-H]-,-1.0,60.9805,-1.0,106.4
7357,DeepCCS-30932474,Nitrate,NO3,[M-2H]2-,,30.4903,,142.2
7358,DeepCCS-30932474,Nitrate,NO3,[M+Na]+,1.0,84.977,1.0,116.7
7359,AllCCS-32859911,Nitrate,NO3,[M+H]+,1.0,62.9951,1.0,126.2
7360,AllCCS-32859911,Nitrate,NO3,[M+H-H2O]+,1.0,44.9845,1.0,121.7
7361,AllCCS-32859911,Nitrate,NO3,[M+NH4]+,1.0,80.0216,1.0,130.4
7362,AllCCS-32859911,Nitrate,NO3,[M+Na]+,1.0,84.977,1.0,131.6
7363,AllCCS-32859911,Nitrate,NO3,[M-H]-,-1.0,60.9805,-1.0,129.3
7364,AllCCS-32859911,Nitrate,NO3,[M+Na-2H]-,-1.0,82.9625,-1.0,136.1
7365,AllCCS-32859911,Nitrate,NO3,[M+HCOO]-,-1.0,106.986,-1.0,143.5
7366,DeepCCS-30932474,Nitric oxide,NO,[M+H]+,1.0,31.0053,1.0,110.4
7367,DeepCCS-30932474,Nitric oxide,NO,[M-H]-,-1.0,28.9907,-1.0,108.7
7368,DeepCCS-30932474,Nitric oxide,NO,[M-2H]2-,,14.4954,,143.9
7369,DeepCCS-30932474,Nitric oxide,NO,[M+Na]+,1.0,52.9872,1.0,117.2
7370,DeepCCS-30932474,4a-Hydroxytetrahydrobiopterin,C9H15N5O4,[M+H]+,1.0,258.1197,1.0,157.9
7371,DeepCCS-30932474,4a-Hydroxytetrahydrobiopterin,C9H15N5O4,[M-H]-,-1.0,256.1051,-1.0,155.5
7372,DeepCCS-30932474,4a-Hydroxytetrahydrobiopterin,C9H15N5O4,[M-2H]2-,,128.0526,,189.7
7373,DeepCCS-30932474,4a-Hydroxytetrahydrobiopterin,C9H15N5O4,[M+Na]+,1.0,280.1016,1.0,164.3
7374,AllCCS-32859911,4a-Hydroxytetrahydrobiopterin,C9H15N5O4,[M+H]+,1.0,258.1197,1.0,157.3
7375,AllCCS-32859911,4a-Hydroxytetrahydrobiopterin,C9H15N5O4,[M+H-H2O]+,1.0,240.1091,1.0,153.8
7376,AllCCS-32859911,4a-Hydroxytetrahydrobiopterin,C9H15N5O4,[M+NH4]+,1.0,275.1462,1.0,160.7
7377,AllCCS-32859911,4a-Hydroxytetrahydrobiopterin,C9H15N5O4,[M+Na]+,1.0,280.1016,1.0,161.6
7378,AllCCS-32859911,4a-Hydroxytetrahydrobiopterin,C9H15N5O4,[M-H]-,-1.0,256.1051,-1.0,156.9
7379,AllCCS-32859911,4a-Hydroxytetrahydrobiopterin,C9H15N5O4,[M+Na-2H]-,-1.0,278.0871,-1.0,156.6
7380,AllCCS-32859911,4a-Hydroxytetrahydrobiopterin,C9H15N5O4,[M+HCOO]-,-1.0,302.1106,-1.0,156.4
7381,DarkChem-31661259,7-Methylguanine,C6H7N5O,[M+H]+,1.0,166.0723,1.0,134.4
7382,DarkChem-31661259,7-Methylguanine,C6H7N5O,[M-H]-,-1.0,164.0578,-1.0,135.4
7383,AllCCS-32859911,7-Methylguanine,C6H7N5O,[M+H]+,1.0,166.0723,1.0,135.6
7384,AllCCS-32859911,7-Methylguanine,C6H7N5O,[M-H]-,-1.0,164.0578,-1.0,132.4
7385,DeepCCS-30932474,7-Methylguanine,C6H7N5O,[M+H]+,1.0,166.0723,1.0,133.5
7386,DeepCCS-30932474,7-Methylguanine,C6H7N5O,[M-H]-,-1.0,164.0578,-1.0,131.2
7387,DeepCCS-30932474,7-Methylguanine,C6H7N5O,[M-2H]2-,,82.0289,,166.9
7388,DeepCCS-30932474,7-Methylguanine,C6H7N5O,[M+Na]+,1.0,188.0543,1.0,141.4
7390,AllCCS-32859911,7-Methylguanine,C6H7N5O,[M+H-H2O]+,1.0,148.0618,1.0,131.1
7391,AllCCS-32859911,7-Methylguanine,C6H7N5O,[M+NH4]+,1.0,183.0989,1.0,139.7
7392,AllCCS-32859911,7-Methylguanine,C6H7N5O,[M+Na]+,1.0,188.0543,1.0,140.9
7394,AllCCS-32859911,7-Methylguanine,C6H7N5O,[M+Na-2H]-,-1.0,186.0397,-1.0,133.2
7395,AllCCS-32859911,7-Methylguanine,C6H7N5O,[M+HCOO]-,-1.0,210.0633,-1.0,134.0
7396,AllCCS-32859911,Heme,C34H32FeN4O4,[M+H]+,1.0,617.1846,1.0,233.4
7397,AllCCS-32859911,Heme,C34H32FeN4O4,[M+H-H2O]+,1.0,599.174,1.0,231.9
7398,AllCCS-32859911,Heme,C34H32FeN4O4,[M+NH4]+,1.0,634.2111,1.0,234.7
7399,AllCCS-32859911,Heme,C34H32FeN4O4,[M+Na]+,1.0,639.1665,1.0,235.0
7400,AllCCS-32859911,Heme,C34H32FeN4O4,[M-H]-,-1.0,615.17,-1.0,223.0
7401,AllCCS-32859911,Heme,C34H32FeN4O4,[M+Na-2H]-,-1.0,637.152,-1.0,225.3
7402,AllCCS-32859911,Heme,C34H32FeN4O4,[M+HCOO]-,-1.0,661.1755,-1.0,228.1
7403,DarkChem-31661259,D-Glutamine,C5H10N2O3,[M+H]+,1.0,147.0764,1.0,132.6
7404,DarkChem-31661259,D-Glutamine,C5H10N2O3,[M-H]-,-1.0,145.0619,-1.0,125.4
7405,DeepCCS-30932474,D-Glutamine,C5H10N2O3,[M+H]+,1.0,147.0764,1.0,128.0
7406,DeepCCS-30932474,D-Glutamine,C5H10N2O3,[M-H]-,-1.0,145.0619,-1.0,124.2
7407,DeepCCS-30932474,D-Glutamine,C5H10N2O3,[M-2H]2-,,72.5309,,161.7
7408,DeepCCS-30932474,D-Glutamine,C5H10N2O3,[M+Na]+,1.0,169.0584,1.0,137.1
7409,AllCCS-32859911,D-Glutamine,C5H10N2O3,[M+H]+,1.0,147.0764,1.0,133.4
7410,AllCCS-32859911,D-Glutamine,C5H10N2O3,[M+H-H2O]+,1.0,129.0659,1.0,129.4
7411,AllCCS-32859911,D-Glutamine,C5H10N2O3,[M+NH4]+,1.0,164.103,1.0,137.1
7412,AllCCS-32859911,D-Glutamine,C5H10N2O3,[M+Na]+,1.0,169.0584,1.0,138.2
7413,AllCCS-32859911,D-Glutamine,C5H10N2O3,[M-H]-,-1.0,145.0619,-1.0,126.3
7414,AllCCS-32859911,D-Glutamine,C5H10N2O3,[M+Na-2H]-,-1.0,167.0438,-1.0,128.5
7415,AllCCS-32859911,D-Glutamine,C5H10N2O3,[M+HCOO]-,-1.0,191.0673,-1.0,131.0
7416,DarkChem-31661259,D-Alanine,C3H7NO2,[M+H]+,1.0,90.055,1.0,117.7
7417,DarkChem-31661259,D-Alanine,C3H7NO2,[M-H]-,-1.0,88.0404,-1.0,111.8
7418,AllCCS-32859911,D-Alanine,C3H7NO2,[M+H]+,1.0,90.055,1.0,125.6
7419,AllCCS-32859911,D-Alanine,C3H7NO2,[M-H]-,-1.0,88.0404,-1.0,123.4
7420,DeepCCS-30932474,D-Alanine,C3H7NO2,[M+H]+,1.0,90.055,1.0,118.0
7421,DeepCCS-30932474,D-Alanine,C3H7NO2,[M-H]-,-1.0,88.0404,-1.0,115.2
7422,DeepCCS-30932474,D-Alanine,C3H7NO2,[M-2H]2-,,44.0202,,151.7
7423,DeepCCS-30932474,D-Alanine,C3H7NO2,[M+Na]+,1.0,112.0369,1.0,126.5
7425,AllCCS-32859911,D-Alanine,C3H7NO2,[M+H-H2O]+,1.0,72.0444,1.0,121.2
7426,AllCCS-32859911,D-Alanine,C3H7NO2,[M+NH4]+,1.0,107.0815,1.0,129.7
7427,AllCCS-32859911,D-Alanine,C3H7NO2,[M+Na]+,1.0,112.0369,1.0,130.9
7429,AllCCS-32859911,D-Alanine,C3H7NO2,[M+Na-2H]-,-1.0,110.0223,-1.0,128.0
7430,AllCCS-32859911,D-Alanine,C3H7NO2,[M+HCOO]-,-1.0,134.0459,-1.0,133.2
7431,DarkChem-31661259,beta-Glycerophosphoric acid,C3H9O6P,[M+H]+,1.0,173.021,1.0,135.6
7432,DarkChem-31661259,beta-Glycerophosphoric acid,C3H9O6P,[M-H]-,-1.0,171.0064,-1.0,132.0
7433,DeepCCS-30932474,beta-Glycerophosphoric acid,C3H9O6P,[M+H]+,1.0,173.021,1.0,131.6
7434,DeepCCS-30932474,beta-Glycerophosphoric acid,C3H9O6P,[M-H]-,-1.0,171.0064,-1.0,128.8
7435,DeepCCS-30932474,beta-Glycerophosphoric acid,C3H9O6P,[M-2H]2-,,85.5032,,165.7
7436,DeepCCS-30932474,beta-Glycerophosphoric acid,C3H9O6P,[M+Na]+,1.0,195.0029,1.0,140.4
7437,AllCCS-32859911,beta-Glycerophosphoric acid,C3H9O6P,[M+H]+,1.0,173.021,1.0,138.9
7438,AllCCS-32859911,beta-Glycerophosphoric acid,C3H9O6P,[M+H-H2O]+,1.0,155.0104,1.0,135.0
7439,AllCCS-32859911,beta-Glycerophosphoric acid,C3H9O6P,[M+NH4]+,1.0,190.0475,1.0,142.5
7440,AllCCS-32859911,beta-Glycerophosphoric acid,C3H9O6P,[M+Na]+,1.0,195.0029,1.0,143.6
7441,AllCCS-32859911,beta-Glycerophosphoric acid,C3H9O6P,[M-H]-,-1.0,171.0064,-1.0,129.0
7442,AllCCS-32859911,beta-Glycerophosphoric acid,C3H9O6P,[M+Na-2H]-,-1.0,192.9883,-1.0,131.3
7443,AllCCS-32859911,beta-Glycerophosphoric acid,C3H9O6P,[M+HCOO]-,-1.0,217.0119,-1.0,133.9
7478,DarkChem-31661259,D-Tryptophan,C11H12N2O2,[M+H]+,1.0,205.0972,1.0,146.8
7479,DarkChem-31661259,D-Tryptophan,C11H12N2O2,[M-H]-,-1.0,203.0826,-1.0,146.6
7480,DeepCCS-30932474,D-Tryptophan,C11H12N2O2,[M+H]+,1.0,205.0972,1.0,143.2
7481,DeepCCS-30932474,D-Tryptophan,C11H12N2O2,[M-H]-,-1.0,203.0826,-1.0,140.8
7482,DeepCCS-30932474,D-Tryptophan,C11H12N2O2,[M-2H]2-,,101.5413,,174.7
7483,DeepCCS-30932474,D-Tryptophan,C11H12N2O2,[M+Na]+,1.0,227.0791,1.0,149.4
7484,AllCCS-32859911,D-Tryptophan,C11H12N2O2,[M+H]+,1.0,205.0972,1.0,146.4
7485,AllCCS-32859911,D-Tryptophan,C11H12N2O2,[M+H-H2O]+,1.0,187.0866,1.0,142.3
7486,AllCCS-32859911,D-Tryptophan,C11H12N2O2,[M+NH4]+,1.0,222.1237,1.0,150.2
7487,AllCCS-32859911,D-Tryptophan,C11H12N2O2,[M+Na]+,1.0,227.0791,1.0,151.3
7488,AllCCS-32859911,D-Tryptophan,C11H12N2O2,[M-H]-,-1.0,203.0826,-1.0,146.7
7489,AllCCS-32859911,D-Tryptophan,C11H12N2O2,[M+Na-2H]-,-1.0,225.0645,-1.0,146.8
7490,AllCCS-32859911,D-Tryptophan,C11H12N2O2,[M+HCOO]-,-1.0,249.0881,-1.0,147.1
7491,DeepCCS-30932474,Aminoadipic acid,C6H11NO4,[M+H]+,1.0,162.0761,1.0,132.2
7492,DeepCCS-30932474,Aminoadipic acid,C6H11NO4,[M-H]-,-1.0,160.0615,-1.0,128.4
7493,DeepCCS-30932474,Aminoadipic acid,C6H11NO4,[M-2H]2-,,80.0308,,166.1
7494,DeepCCS-30932474,Aminoadipic acid,C6H11NO4,[M+Na]+,1.0,184.058,1.0,141.6
7495,AllCCS-32859911,Aminoadipic acid,C6H11NO4,[M+H]+,1.0,162.0761,1.0,136.4
7496,AllCCS-32859911,Aminoadipic acid,C6H11NO4,[M+H-H2O]+,1.0,144.0655,1.0,132.5
7497,AllCCS-32859911,Aminoadipic acid,C6H11NO4,[M+NH4]+,1.0,179.1026,1.0,140.0
7498,AllCCS-32859911,Aminoadipic acid,C6H11NO4,[M+Na]+,1.0,184.058,1.0,141.1
7499,AllCCS-32859911,Aminoadipic acid,C6H11NO4,[M-H]-,-1.0,160.0615,-1.0,131.0
7500,AllCCS-32859911,Aminoadipic acid,C6H11NO4,[M+Na-2H]-,-1.0,182.0435,-1.0,132.8
7501,AllCCS-32859911,Aminoadipic acid,C6H11NO4,[M+HCOO]-,-1.0,206.067,-1.0,134.8
7502,DarkChem-31661259,L-Norleucine,C6H13NO2,[M+H]+,1.0,132.1019,1.0,130.9
7503,DarkChem-31661259,L-Norleucine,C6H13NO2,[M-H]-,-1.0,130.0874,-1.0,128.2
7504,AllCCS-32859911,L-Norleucine,C6H13NO2,[M+H]+,1.0,132.1019,1.0,132.4
7505,AllCCS-32859911,L-Norleucine,C6H13NO2,[M-H]-,-1.0,130.0874,-1.0,128.4
7506,DeepCCS-30932474,L-Norleucine,C6H13NO2,[M+H]+,1.0,132.1019,1.0,128.8
7507,DeepCCS-30932474,L-Norleucine,C6H13NO2,[M-H]-,-1.0,130.0874,-1.0,125.5
7508,DeepCCS-30932474,L-Norleucine,C6H13NO2,[M-2H]2-,,65.0437,,162.5
7509,DeepCCS-30932474,L-Norleucine,C6H13NO2,[M+Na]+,1.0,154.0838,1.0,137.4
7511,AllCCS-32859911,L-Norleucine,C6H13NO2,[M+H-H2O]+,1.0,114.0913,1.0,128.2
7512,AllCCS-32859911,L-Norleucine,C6H13NO2,[M+NH4]+,1.0,149.1285,1.0,136.2
7513,AllCCS-32859911,L-Norleucine,C6H13NO2,[M+Na]+,1.0,154.0838,1.0,137.4
7515,AllCCS-32859911,L-Norleucine,C6H13NO2,[M+Na-2H]-,-1.0,152.0693,-1.0,131.0
7516,AllCCS-32859911,L-Norleucine,C6H13NO2,[M+HCOO]-,-1.0,176.0928,-1.0,134.0
7530,DarkChem-31661259,2-Methylglutaric acid,C6H10O4,[M+H]+,1.0,147.0652,1.0,132.2
7531,DarkChem-31661259,2-Methylglutaric acid,C6H10O4,[M-H]-,-1.0,145.0506,-1.0,126.2
7532,AllCCS-32859911,2-Methylglutaric acid,C6H10O4,[M+H]+,1.0,147.0652,1.0,134.0
7533,AllCCS-32859911,2-Methylglutaric acid,C6H10O4,[M-H]-,-1.0,145.0506,-1.0,130.1
7534,DeepCCS-30932474,2-Methylglutaric acid,C6H10O4,[M+H]+,1.0,147.0652,1.0,126.8
7535,DeepCCS-30932474,2-Methylglutaric acid,C6H10O4,[M-H]-,-1.0,145.0506,-1.0,123.7
7536,DeepCCS-30932474,2-Methylglutaric acid,C6H10O4,[M-2H]2-,,72.5253,,160.6
7537,DeepCCS-30932474,2-Methylglutaric acid,C6H10O4,[M+Na]+,1.0,169.0471,1.0,135.5
7539,AllCCS-32859911,2-Methylglutaric acid,C6H10O4,[M+H-H2O]+,1.0,129.0546,1.0,129.9
7540,AllCCS-32859911,2-Methylglutaric acid,C6H10O4,[M+NH4]+,1.0,164.0917,1.0,137.7
7541,AllCCS-32859911,2-Methylglutaric acid,C6H10O4,[M+Na]+,1.0,169.0471,1.0,138.8
7543,AllCCS-32859911,2-Methylglutaric acid,C6H10O4,[M+Na-2H]-,-1.0,167.0326,-1.0,132.3
7544,AllCCS-32859911,2-Methylglutaric acid,C6H10O4,[M+HCOO]-,-1.0,191.0561,-1.0,134.9
7545,DarkChem-31661259,1-Methyladenosine,C11H15N5O4,[M+H]+,1.0,282.1197,1.0,164.0
7546,DarkChem-31661259,1-Methyladenosine,C11H15N5O4,[M-H]-,-1.0,280.1051,-1.0,159.8
7547,DeepCCS-30932474,1-Methyladenosine,C11H15N5O4,[M+H]+,1.0,282.1197,1.0,160.6
7548,DeepCCS-30932474,1-Methyladenosine,C11H15N5O4,[M-H]-,-1.0,280.1051,-1.0,158.3
7549,DeepCCS-30932474,1-Methyladenosine,C11H15N5O4,[M-2H]2-,,140.0526,,192.4
7550,DeepCCS-30932474,1-Methyladenosine,C11H15N5O4,[M+Na]+,1.0,304.1016,1.0,167.5
7551,AllCCS-32859911,1-Methyladenosine,C11H15N5O4,[M+H]+,1.0,282.1197,1.0,163.8
7552,AllCCS-32859911,1-Methyladenosine,C11H15N5O4,[M+H-H2O]+,1.0,264.1091,1.0,160.5
7553,AllCCS-32859911,1-Methyladenosine,C11H15N5O4,[M+NH4]+,1.0,299.1462,1.0,167.0
7554,AllCCS-32859911,1-Methyladenosine,C11H15N5O4,[M+Na]+,1.0,304.1016,1.0,167.9
7555,AllCCS-32859911,1-Methyladenosine,C11H15N5O4,[M-H]-,-1.0,280.1051,-1.0,164.4
7556,AllCCS-32859911,1-Methyladenosine,C11H15N5O4,[M+Na-2H]-,-1.0,302.0871,-1.0,164.1
7557,AllCCS-32859911,1-Methyladenosine,C11H15N5O4,[M+HCOO]-,-1.0,326.1106,-1.0,163.8
7558,DarkChem-31661259,N6-Acetyl-L-lysine,C8H16N2O3,[M+H]+,1.0,189.1234,1.0,145.4
7559,DarkChem-31661259,N6-Acetyl-L-lysine,C8H16N2O3,[M-H]-,-1.0,187.1088,-1.0,139.7
7560,AllCCS-32859911,N6-Acetyl-L-lysine,C8H16N2O3,[M+H]+,1.0,189.1234,1.0,143.0
7561,AllCCS-32859911,N6-Acetyl-L-lysine,C8H16N2O3,[M-H]-,-1.0,187.1088,-1.0,142.0
7562,DeepCCS-30932474,N6-Acetyl-L-lysine,C8H16N2O3,[M+H]+,1.0,189.1234,1.0,141.4
7563,DeepCCS-30932474,N6-Acetyl-L-lysine,C8H16N2O3,[M-H]-,-1.0,187.1088,-1.0,137.6
7564,DeepCCS-30932474,N6-Acetyl-L-lysine,C8H16N2O3,[M-2H]2-,,93.5544,,175.1
7565,DeepCCS-30932474,N6-Acetyl-L-lysine,C8H16N2O3,[M+Na]+,1.0,211.1053,1.0,150.7
7567,AllCCS-32859911,N6-Acetyl-L-lysine,C8H16N2O3,[M+H-H2O]+,1.0,171.1128,1.0,139.4
7568,AllCCS-32859911,N6-Acetyl-L-lysine,C8H16N2O3,[M+NH4]+,1.0,206.1499,1.0,146.5
7569,AllCCS-32859911,N6-Acetyl-L-lysine,C8H16N2O3,[M+Na]+,1.0,211.1053,1.0,147.5
7571,AllCCS-32859911,N6-Acetyl-L-lysine,C8H16N2O3,[M+Na-2H]-,-1.0,209.0908,-1.0,143.4
7572,AllCCS-32859911,N6-Acetyl-L-lysine,C8H16N2O3,[M+HCOO]-,-1.0,233.1143,-1.0,144.9
7573,DarkChem-31661259,D-Pipecolic acid,C6H11NO2,[M+H]+,1.0,130.0863,1.0,128.2
7574,DarkChem-31661259,D-Pipecolic acid,C6H11NO2,[M-H]-,-1.0,128.0717,-1.0,122.9
7575,DeepCCS-30932474,D-Pipecolic acid,C6H11NO2,[M+H]+,1.0,130.0863,1.0,125.6
7576,DeepCCS-30932474,D-Pipecolic acid,C6H11NO2,[M-H]-,-1.0,128.0717,-1.0,122.1
7577,DeepCCS-30932474,D-Pipecolic acid,C6H11NO2,[M-2H]2-,,64.0359,,159.1
7578,DeepCCS-30932474,D-Pipecolic acid,C6H11NO2,[M+Na]+,1.0,152.0682,1.0,134.6
7579,AllCCS-32859911,D-Pipecolic acid,C6H11NO2,[M+H]+,1.0,130.0863,1.0,127.8
7580,AllCCS-32859911,D-Pipecolic acid,C6H11NO2,[M+H-H2O]+,1.0,112.0757,1.0,123.0
7581,AllCCS-32859911,D-Pipecolic acid,C6H11NO2,[M+NH4]+,1.0,147.1128,1.0,132.2
7582,AllCCS-32859911,D-Pipecolic acid,C6H11NO2,[M+Na]+,1.0,152.0682,1.0,133.5
7583,AllCCS-32859911,D-Pipecolic acid,C6H11NO2,[M-H]-,-1.0,128.0717,-1.0,125.3
7584,AllCCS-32859911,D-Pipecolic acid,C6H11NO2,[M+Na-2H]-,-1.0,150.0536,-1.0,127.4
7585,AllCCS-32859911,D-Pipecolic acid,C6H11NO2,[M+HCOO]-,-1.0,174.0772,-1.0,129.7
7586,DarkChem-31661259,Glucosamine,C6H13NO5,[M+H]+,1.0,180.0866,1.0,140.5
7587,DarkChem-31661259,Glucosamine,C6H13NO5,[M-H]-,-1.0,178.0721,-1.0,133.9
7588,AllCCS-32859911,Glucosamine,C6H13NO5,[M+H]+,1.0,180.0866,1.0,140.6
7589,AllCCS-32859911,Glucosamine,C6H13NO5,[M-H]-,-1.0,178.0721,-1.0,132.0
7590,DeepCCS-30932474,Glucosamine,C6H13NO5,[M+H]+,1.0,180.0866,1.0,140.8
7591,DeepCCS-30932474,Glucosamine,C6H13NO5,[M-H]-,-1.0,178.0721,-1.0,138.4
7592,DeepCCS-30932474,Glucosamine,C6H13NO5,[M-2H]2-,,89.036,,172.8
7593,DeepCCS-30932474,Glucosamine,C6H13NO5,[M+Na]+,1.0,202.0686,1.0,147.1
7595,AllCCS-32859911,Glucosamine,C6H13NO5,[M+H-H2O]+,1.0,162.0761,1.0,136.4
7596,AllCCS-32859911,Glucosamine,C6H13NO5,[M+NH4]+,1.0,197.1132,1.0,144.4
7597,AllCCS-32859911,Glucosamine,C6H13NO5,[M+Na]+,1.0,202.0686,1.0,145.5
7599,AllCCS-32859911,Glucosamine,C6H13NO5,[M+Na-2H]-,-1.0,200.054,-1.0,133.0
7600,AllCCS-32859911,Glucosamine,C6H13NO5,[M+HCOO]-,-1.0,224.0776,-1.0,134.2
7601,DarkChem-31661259,Kynurenic acid,C10H7NO3,[M+H]+,1.0,190.0499,1.0,143.3
7602,DarkChem-31661259,Kynurenic acid,C10H7NO3,[M-H]-,-1.0,188.0353,-1.0,140.9
7603,AllCCS-32859911,Kynurenic acid,C10H7NO3,[M+H]+,1.0,190.0499,1.0,139.2
7604,AllCCS-32859911,Kynurenic acid,C10H7NO3,[M-H]-,-1.0,188.0353,-1.0,137.8
7605,DeepCCS-30932474,Kynurenic acid,C10H7NO3,[M+H]+,1.0,190.0499,1.0,132.7
7606,DeepCCS-30932474,Kynurenic acid,C10H7NO3,[M-H]-,-1.0,188.0353,-1.0,130.2
7607,DeepCCS-30932474,Kynurenic acid,C10H7NO3,[M-2H]2-,,94.0177,,165.7
7608,DeepCCS-30932474,Kynurenic acid,C10H7NO3,[M+Na]+,1.0,212.0318,1.0,141.1
7610,AllCCS-32859911,Kynurenic acid,C10H7NO3,[M+H-H2O]+,1.0,172.0393,1.0,134.7
7611,AllCCS-32859911,Kynurenic acid,C10H7NO3,[M+NH4]+,1.0,207.0764,1.0,143.4
7612,AllCCS-32859911,Kynurenic acid,C10H7NO3,[M+Na]+,1.0,212.0318,1.0,144.6
7614,AllCCS-32859911,Kynurenic acid,C10H7NO3,[M+Na-2H]-,-1.0,210.0173,-1.0,137.8
7615,AllCCS-32859911,Kynurenic acid,C10H7NO3,[M+HCOO]-,-1.0,234.0408,-1.0,138.0
7616,DeepCCS-30932474,N-Acetylglutamine,C7H12N2O4,[M+H]+,1.0,189.087,1.0,136.2
7617,DeepCCS-30932474,N-Acetylglutamine,C7H12N2O4,[M-H]-,-1.0,187.0724,-1.0,133.4
7618,DeepCCS-30932474,N-Acetylglutamine,C7H12N2O4,[M-2H]2-,,93.5362,,169.7
7619,DeepCCS-30932474,N-Acetylglutamine,C7H12N2O4,[M+Na]+,1.0,211.0689,1.0,145.3
7620,AllCCS-32859911,N-Acetylglutamine,C7H12N2O4,[M+H]+,1.0,189.087,1.0,141.9
7621,AllCCS-32859911,N-Acetylglutamine,C7H12N2O4,[M+H-H2O]+,1.0,171.0764,1.0,138.2
7622,AllCCS-32859911,N-Acetylglutamine,C7H12N2O4,[M+NH4]+,1.0,206.1135,1.0,145.4
7623,AllCCS-32859911,N-Acetylglutamine,C7H12N2O4,[M+Na]+,1.0,211.0689,1.0,146.3
7624,AllCCS-32859911,N-Acetylglutamine,C7H12N2O4,[M-H]-,-1.0,187.0724,-1.0,137.5
7625,AllCCS-32859911,N-Acetylglutamine,C7H12N2O4,[M+Na-2H]-,-1.0,209.0544,-1.0,138.7
7626,AllCCS-32859911,N-Acetylglutamine,C7H12N2O4,[M+HCOO]-,-1.0,233.0779,-1.0,140.2
7627,DarkChem-31661259,N-Acetyl-L-alanine,C5H9NO3,[M+H]+,1.0,132.0655,1.0,129.4
7628,DarkChem-31661259,N-Acetyl-L-alanine,C5H9NO3,[M-H]-,-1.0,130.051,-1.0,126.6
7629,AllCCS-32859911,N-Acetyl-L-alanine,C5H9NO3,[M+H]+,1.0,132.0655,1.0,132.0
7630,AllCCS-32859911,N-Acetyl-L-alanine,C5H9NO3,[M-H]-,-1.0,130.051,-1.0,126.6
7631,DeepCCS-30932474,N-Acetyl-L-alanine,C5H9NO3,[M+H]+,1.0,132.0655,1.0,124.5
7632,DeepCCS-30932474,N-Acetyl-L-alanine,C5H9NO3,[M-H]-,-1.0,130.051,-1.0,120.8
7633,DeepCCS-30932474,N-Acetyl-L-alanine,C5H9NO3,[M-2H]2-,,65.0255,,158.0
7634,DeepCCS-30932474,N-Acetyl-L-alanine,C5H9NO3,[M+Na]+,1.0,154.0475,1.0,133.2
7636,AllCCS-32859911,N-Acetyl-L-alanine,C5H9NO3,[M+H-H2O]+,1.0,114.055,1.0,127.9
7637,AllCCS-32859911,N-Acetyl-L-alanine,C5H9NO3,[M+NH4]+,1.0,149.0921,1.0,135.7
7638,AllCCS-32859911,N-Acetyl-L-alanine,C5H9NO3,[M+Na]+,1.0,154.0475,1.0,136.8
7640,AllCCS-32859911,N-Acetyl-L-alanine,C5H9NO3,[M+Na-2H]-,-1.0,152.0329,-1.0,129.4
7641,AllCCS-32859911,N-Acetyl-L-alanine,C5H9NO3,[M+HCOO]-,-1.0,176.0564,-1.0,132.6
7642,DarkChem-31661259,Phenyllactic acid,C9H10O3,[M+H]+,1.0,167.0703,1.0,136.3
7643,DarkChem-31661259,Phenyllactic acid,C9H10O3,[M-H]-,-1.0,165.0557,-1.0,131.2
7644,AllCCS-32859911,Phenyllactic acid,C9H10O3,[M+H]+,1.0,167.0703,1.0,136.5
7645,AllCCS-32859911,Phenyllactic acid,C9H10O3,[M-H]-,-1.0,165.0557,-1.0,134.3
7646,DeepCCS-30932474,Phenyllactic acid,C9H10O3,[M+H]+,1.0,167.0703,1.0,129.7
7647,DeepCCS-30932474,Phenyllactic acid,C9H10O3,[M-H]-,-1.0,165.0557,-1.0,125.8
7648,DeepCCS-30932474,Phenyllactic acid,C9H10O3,[M-2H]2-,,82.5279,,163.2
7649,DeepCCS-30932474,Phenyllactic acid,C9H10O3,[M+Na]+,1.0,189.0522,1.0,138.7
7651,AllCCS-32859911,Phenyllactic acid,C9H10O3,[M+H-H2O]+,1.0,149.0597,1.0,132.2
7652,AllCCS-32859911,Phenyllactic acid,C9H10O3,[M+NH4]+,1.0,184.0968,1.0,140.6
7653,AllCCS-32859911,Phenyllactic acid,C9H10O3,[M+Na]+,1.0,189.0522,1.0,141.8
7655,AllCCS-32859911,Phenyllactic acid,C9H10O3,[M+Na-2H]-,-1.0,187.0377,-1.0,135.3
7656,AllCCS-32859911,Phenyllactic acid,C9H10O3,[M+HCOO]-,-1.0,211.0612,-1.0,136.6
7657,DarkChem-31661259,Xanthurenic acid,C10H7NO4,[M+H]+,1.0,206.0448,1.0,145.8
7658,DarkChem-31661259,Xanthurenic acid,C10H7NO4,[M-H]-,-1.0,204.0302,-1.0,144.1
7659,AllCCS-32859911,Xanthurenic acid,C10H7NO4,[M+H]+,1.0,206.0448,1.0,143.6
7660,AllCCS-32859911,Xanthurenic acid,C10H7NO4,[M-H]-,-1.0,204.0302,-1.0,140.6
7661,DeepCCS-30932474,Xanthurenic acid,C10H7NO4,[M+H]+,1.0,206.0448,1.0,143.6
7662,DeepCCS-30932474,Xanthurenic acid,C10H7NO4,[M-H]-,-1.0,204.0302,-1.0,141.2
7663,DeepCCS-30932474,Xanthurenic acid,C10H7NO4,[M-2H]2-,,102.0151,,174.5
7664,DeepCCS-30932474,Xanthurenic acid,C10H7NO4,[M+Na]+,1.0,228.0267,1.0,149.5
7666,AllCCS-32859911,Xanthurenic acid,C10H7NO4,[M+H-H2O]+,1.0,188.0342,1.0,139.3
7667,AllCCS-32859911,Xanthurenic acid,C10H7NO4,[M+NH4]+,1.0,223.0713,1.0,147.6
7668,AllCCS-32859911,Xanthurenic acid,C10H7NO4,[M+Na]+,1.0,228.0267,1.0,148.8
7670,AllCCS-32859911,Xanthurenic acid,C10H7NO4,[M+Na-2H]-,-1.0,226.0122,-1.0,140.5
7671,AllCCS-32859911,Xanthurenic acid,C10H7NO4,[M+HCOO]-,-1.0,250.0357,-1.0,140.6
7672,DarkChem-31661259,Levoglucosan,C6H10O5,[M+H]+,1.0,163.0601,1.0,136.8
7673,DarkChem-31661259,Levoglucosan,C6H10O5,[M-H]-,-1.0,161.0455,-1.0,132.1
7674,AllCCS-32859911,Levoglucosan,C6H10O5,[M+H]+,1.0,163.0601,1.0,136.2
7675,AllCCS-32859911,Levoglucosan,C6H10O5,[M-H]-,-1.0,161.0455,-1.0,127.5
7676,DeepCCS-30932474,Levoglucosan,C6H10O5,[M-2H]2-,,80.5228,,171.2
7677,DeepCCS-30932474,Levoglucosan,C6H10O5,[M+Na]+,1.0,185.042,1.0,145.5
7679,AllCCS-32859911,Levoglucosan,C6H10O5,[M+H-H2O]+,1.0,145.0495,1.0,131.7
7680,AllCCS-32859911,Levoglucosan,C6H10O5,[M+NH4]+,1.0,180.0866,1.0,140.4
7681,AllCCS-32859911,Levoglucosan,C6H10O5,[M+Na]+,1.0,185.042,1.0,141.6
7683,AllCCS-32859911,Levoglucosan,C6H10O5,[M+Na-2H]-,-1.0,183.0275,-1.0,128.4
7684,AllCCS-32859911,Levoglucosan,C6H10O5,[M+HCOO]-,-1.0,207.051,-1.0,129.4
7685,DarkChem-31661259,Benzoic acid,C7H6O2,[M+H]+,1.0,123.0441,1.0,124.9
7686,DarkChem-31661259,Benzoic acid,C7H6O2,[M-H]-,-1.0,121.0295,-1.0,118.1
7687,AllCCS-32859911,Benzoic acid,C7H6O2,[M+H]+,1.0,123.0441,1.0,124.9
7688,AllCCS-32859911,Benzoic acid,C7H6O2,[M-H]-,-1.0,121.0295,-1.0,120.5
7689,DeepCCS-30932474,Benzoic acid,C7H6O2,[M+H]+,1.0,123.0441,1.0,123.4
7690,DeepCCS-30932474,Benzoic acid,C7H6O2,[M-H]-,-1.0,121.0295,-1.0,120.2
7691,DeepCCS-30932474,Benzoic acid,C7H6O2,[M-2H]2-,,60.5148,,157.1
7692,DeepCCS-30932474,Benzoic acid,C7H6O2,[M+Na]+,1.0,145.026,1.0,132.2
7694,AllCCS-32859911,Benzoic acid,C7H6O2,[M+H-H2O]+,1.0,105.0335,1.0,120.0
7695,AllCCS-32859911,Benzoic acid,C7H6O2,[M+NH4]+,1.0,140.0706,1.0,129.4
7696,AllCCS-32859911,Benzoic acid,C7H6O2,[M+Na]+,1.0,145.026,1.0,130.7
7698,AllCCS-32859911,Benzoic acid,C7H6O2,[M+Na-2H]-,-1.0,143.0114,-1.0,122.4
7699,AllCCS-32859911,Benzoic acid,C7H6O2,[M+HCOO]-,-1.0,167.035,-1.0,124.7
7700,DarkChem-31661259,Heptadecanoic acid,C17H34O2,[M+H]+,1.0,271.2632,1.0,172.8
7701,DarkChem-31661259,Heptadecanoic acid,C17H34O2,[M-H]-,-1.0,269.2486,-1.0,172.4
7702,DeepCCS-30932474,Heptadecanoic acid,C17H34O2,[M+H]+,1.0,271.2632,1.0,169.7
7703,DeepCCS-30932474,Heptadecanoic acid,C17H34O2,[M-H]-,-1.0,269.2486,-1.0,165.7
7704,DeepCCS-30932474,Heptadecanoic acid,C17H34O2,[M-2H]2-,,134.6243,,203.2
7705,DeepCCS-30932474,Heptadecanoic acid,C17H34O2,[M+Na]+,1.0,293.2451,1.0,178.9
7706,AllCCS-32859911,Heptadecanoic acid,C17H34O2,[M+H]+,1.0,271.2632,1.0,177.2
7707,AllCCS-32859911,Heptadecanoic acid,C17H34O2,[M+H-H2O]+,1.0,253.2526,1.0,174.2
7708,AllCCS-32859911,Heptadecanoic acid,C17H34O2,[M+NH4]+,1.0,288.2897,1.0,180.1
7709,AllCCS-32859911,Heptadecanoic acid,C17H34O2,[M+Na]+,1.0,293.2451,1.0,180.9
7710,AllCCS-32859911,Heptadecanoic acid,C17H34O2,[M-H]-,-1.0,269.2486,-1.0,175.2
7711,AllCCS-32859911,Heptadecanoic acid,C17H34O2,[M+Na-2H]-,-1.0,291.2305,-1.0,176.4
7712,AllCCS-32859911,Heptadecanoic acid,C17H34O2,[M+HCOO]-,-1.0,315.2541,-1.0,177.9
7713,DarkChem-31661259,Cadaverine,C5H14N2,[M+H]+,1.0,103.123,1.0,121.6
7714,DarkChem-31661259,Cadaverine,C5H14N2,[M-H]-,-1.0,101.1084,-1.0,116.4
7715,DeepCCS-30932474,Cadaverine,C5H14N2,[M+H]+,1.0,103.123,1.0,126.5
7716,DeepCCS-30932474,Cadaverine,C5H14N2,[M-H]-,-1.0,101.1084,-1.0,124.5
7717,DeepCCS-30932474,Cadaverine,C5H14N2,[M-2H]2-,,50.5542,,160.0
7718,DeepCCS-30932474,Cadaverine,C5H14N2,[M+Na]+,1.0,125.1049,1.0,134.6
7719,AllCCS-32859911,Cadaverine,C5H14N2,[M+H]+,1.0,103.123,1.0,124.5
7720,AllCCS-32859911,Cadaverine,C5H14N2,[M+H-H2O]+,1.0,85.1124,1.0,120.2
7721,AllCCS-32859911,Cadaverine,C5H14N2,[M+NH4]+,1.0,120.1495,1.0,128.4
7722,AllCCS-32859911,Cadaverine,C5H14N2,[M+Na]+,1.0,125.1049,1.0,129.6
7723,AllCCS-32859911,Cadaverine,C5H14N2,[M-H]-,-1.0,101.1084,-1.0,126.0
7724,AllCCS-32859911,Cadaverine,C5H14N2,[M+Na-2H]-,-1.0,123.0904,-1.0,129.8
7725,AllCCS-32859911,Cadaverine,C5H14N2,[M+HCOO]-,-1.0,147.1139,-1.0,134.1
7726,DeepCCS-30932474,Isomaltose,C12H22O11,[M+H]+,1.0,343.1235,1.0,173.7
7727,DeepCCS-30932474,Isomaltose,C12H22O11,[M-H]-,-1.0,341.1089,-1.0,171.7
7728,DeepCCS-30932474,Isomaltose,C12H22O11,[M-2H]2-,,170.5545,,205.3
7729,DeepCCS-30932474,Isomaltose,C12H22O11,[M+Na]+,1.0,365.1054,1.0,179.5
7730,AllCCS-32859911,Isomaltose,C12H22O11,[M+H]+,1.0,343.1235,1.0,178.8
7731,AllCCS-32859911,Isomaltose,C12H22O11,[M+H-H2O]+,1.0,325.1129,1.0,175.8
7732,AllCCS-32859911,Isomaltose,C12H22O11,[M+NH4]+,1.0,360.15,1.0,181.5
7733,AllCCS-32859911,Isomaltose,C12H22O11,[M+Na]+,1.0,365.1054,1.0,182.3
7734,AllCCS-32859911,Isomaltose,C12H22O11,[M-H]-,-1.0,341.1089,-1.0,175.0
7735,AllCCS-32859911,Isomaltose,C12H22O11,[M+Na-2H]-,-1.0,363.0909,-1.0,174.6
7736,AllCCS-32859911,Isomaltose,C12H22O11,[M+HCOO]-,-1.0,387.1144,-1.0,174.2
7737,DeepCCS-30932474,Galactinol,C12H22O11,[M+H]+,1.0,343.1235,1.0,175.6
7738,DeepCCS-30932474,Galactinol,C12H22O11,[M-H]-,-1.0,341.1089,-1.0,173.7
7739,DeepCCS-30932474,Galactinol,C12H22O11,[M-2H]2-,,170.5545,,207.2
7740,DeepCCS-30932474,Galactinol,C12H22O11,[M+Na]+,1.0,365.1054,1.0,181.5
7741,AllCCS-32859911,Galactinol,C12H22O11,[M+H]+,1.0,343.1235,1.0,178.7
7742,AllCCS-32859911,Galactinol,C12H22O11,[M+H-H2O]+,1.0,325.1129,1.0,175.8
7743,AllCCS-32859911,Galactinol,C12H22O11,[M+NH4]+,1.0,360.15,1.0,181.4
7744,AllCCS-32859911,Galactinol,C12H22O11,[M+Na]+,1.0,365.1054,1.0,182.2
7745,AllCCS-32859911,Galactinol,C12H22O11,[M-H]-,-1.0,341.1089,-1.0,173.7
7746,AllCCS-32859911,Galactinol,C12H22O11,[M+Na-2H]-,-1.0,363.0909,-1.0,173.0
7747,AllCCS-32859911,Galactinol,C12H22O11,[M+HCOO]-,-1.0,387.1144,-1.0,172.5
7748,DarkChem-31661259,Ethylphosphate,C2H7O4P,[M+H]+,1.0,127.0155,1.0,123.1
7749,DarkChem-31661259,Ethylphosphate,C2H7O4P,[M-H]-,-1.0,125.0009,-1.0,119.1
7750,DeepCCS-30932474,Ethylphosphate,C2H7O4P,[M+H]+,1.0,127.0155,1.0,124.9
7751,DeepCCS-30932474,Ethylphosphate,C2H7O4P,[M-H]-,-1.0,125.0009,-1.0,122.1
7752,DeepCCS-30932474,Ethylphosphate,C2H7O4P,[M-2H]2-,,62.5005,,158.5
7753,DeepCCS-30932474,Ethylphosphate,C2H7O4P,[M+Na]+,1.0,148.9974,1.0,133.0
7754,AllCCS-32859911,Ethylphosphate,C2H7O4P,[M+H]+,1.0,127.0155,1.0,131.2
7755,AllCCS-32859911,Ethylphosphate,C2H7O4P,[M+H-H2O]+,1.0,109.0049,1.0,127.0
7756,AllCCS-32859911,Ethylphosphate,C2H7O4P,[M+NH4]+,1.0,144.042,1.0,135.1
7757,AllCCS-32859911,Ethylphosphate,C2H7O4P,[M+Na]+,1.0,148.9974,1.0,136.2
7758,AllCCS-32859911,Ethylphosphate,C2H7O4P,[M-H]-,-1.0,125.0009,-1.0,128.4
7759,AllCCS-32859911,Ethylphosphate,C2H7O4P,[M+Na-2H]-,-1.0,146.9829,-1.0,132.4
7760,AllCCS-32859911,Ethylphosphate,C2H7O4P,[M+HCOO]-,-1.0,171.0064,-1.0,136.8
7761,DarkChem-31661259,Hydroxyisocaproic acid,C6H12O3,[M+H]+,1.0,133.0859,1.0,129.3
7762,DarkChem-31661259,Hydroxyisocaproic acid,C6H12O3,[M-H]-,-1.0,131.0714,-1.0,124.6
7763,AllCCS-32859911,Hydroxyisocaproic acid,C6H12O3,[M+H]+,1.0,133.0859,1.0,132.0
7764,AllCCS-32859911,Hydroxyisocaproic acid,C6H12O3,[M-H]-,-1.0,131.0714,-1.0,129.5
7765,DeepCCS-30932474,Hydroxyisocaproic acid,C6H12O3,[M+H]+,1.0,133.0859,1.0,128.3
7766,DeepCCS-30932474,Hydroxyisocaproic acid,C6H12O3,[M-H]-,-1.0,131.0714,-1.0,124.7
7767,DeepCCS-30932474,Hydroxyisocaproic acid,C6H12O3,[M-2H]2-,,65.5357,,162.0
7768,DeepCCS-30932474,Hydroxyisocaproic acid,C6H12O3,[M+Na]+,1.0,155.0679,1.0,137.1
7770,AllCCS-32859911,Hydroxyisocaproic acid,C6H12O3,[M+H-H2O]+,1.0,115.0754,1.0,127.9
7771,AllCCS-32859911,Hydroxyisocaproic acid,C6H12O3,[M+NH4]+,1.0,150.1125,1.0,135.8
7772,AllCCS-32859911,Hydroxyisocaproic acid,C6H12O3,[M+Na]+,1.0,155.0679,1.0,136.9
7774,AllCCS-32859911,Hydroxyisocaproic acid,C6H12O3,[M+Na-2H]-,-1.0,153.0533,-1.0,132.3
7775,AllCCS-32859911,Hydroxyisocaproic acid,C6H12O3,[M+HCOO]-,-1.0,177.0768,-1.0,135.4
62,DarkChem-31661259,Glutamic acid,C5H9NO4,[M+H]+,1.0,148.0604,1.0,130.8
63,DarkChem-31661259,Glutamic acid,C5H9NO4,[M-H]-,-1.0,146.0459,-1.0,125.1
64,AllCCS-32859911,Glutamic acid,C5H9NO4,[M+H]+,1.0,148.0604,1.0,133.8
65,AllCCS-32859911,Glutamic acid,C5H9NO4,[M-H]-,-1.0,146.0459,-1.0,126.6
66,DeepCCS-30932474,Glutamic acid,C5H9NO4,[M+H]+,1.0,148.0604,1.0,127.8
67,DeepCCS-30932474,Glutamic acid,C5H9NO4,[M-H]-,-1.0,146.0459,-1.0,123.9
68,DeepCCS-30932474,Glutamic acid,C5H9NO4,[M-2H]2-,,73.0229,,161.4
69,DeepCCS-30932474,Glutamic acid,C5H9NO4,[M+Na]+,1.0,170.0424,1.0,136.8
71,AllCCS-32859911,Glutamic acid,C5H9NO4,[M+H-H2O]+,1.0,130.0499,1.0,129.8
72,AllCCS-32859911,Glutamic acid,C5H9NO4,[M+NH4]+,1.0,165.087,1.0,137.6
73,AllCCS-32859911,Glutamic acid,C5H9NO4,[M+Na]+,1.0,170.0424,1.0,138.6
75,AllCCS-32859911,Glutamic acid,C5H9NO4,[M+Na-2H]-,-1.0,168.0278,-1.0,128.8
76,AllCCS-32859911,Glutamic acid,C5H9NO4,[M+HCOO]-,-1.0,192.0514,-1.0,131.2
128,DarkChem-31661259,Isoleucine,C6H13NO2,[M+H]+,1.0,132.1019,1.0,130.7
129,DarkChem-31661259,Isoleucine,C6H13NO2,[M-H]-,-1.0,130.0874,-1.0,127.1
130,AllCCS-32859911,Isoleucine,C6H13NO2,[M+H]+,1.0,132.1019,1.0,132.3
131,AllCCS-32859911,Isoleucine,C6H13NO2,[M-H]-,-1.0,130.0874,-1.0,129.1
132,DeepCCS-30932474,Isoleucine,C6H13NO2,[M+H]+,1.0,132.1019,1.0,131.2
133,DeepCCS-30932474,Isoleucine,C6H13NO2,[M-H]-,-1.0,130.0874,-1.0,127.4
134,DeepCCS-30932474,Isoleucine,C6H13NO2,[M-2H]2-,,65.0437,,164.8
135,DeepCCS-30932474,Isoleucine,C6H13NO2,[M+Na]+,1.0,154.0838,1.0,140.4
137,AllCCS-32859911,Isoleucine,C6H13NO2,[M+H-H2O]+,1.0,114.0913,1.0,128.2
138,AllCCS-32859911,Isoleucine,C6H13NO2,[M+NH4]+,1.0,149.1285,1.0,136.2
139,AllCCS-32859911,Isoleucine,C6H13NO2,[M+Na]+,1.0,154.0838,1.0,137.3
141,AllCCS-32859911,Isoleucine,C6H13NO2,[M+Na-2H]-,-1.0,152.0693,-1.0,131.9
142,AllCCS-32859911,Isoleucine,C6H13NO2,[M+HCOO]-,-1.0,176.0928,-1.0,135.0
335,DeepCCS-30932474,Alanylglycine,C5H10N2O3,[M+H]+,1.0,147.0764,1.0,131.0
336,DeepCCS-30932474,Alanylglycine,C5H10N2O3,[M-H]-,-1.0,145.0619,-1.0,127.2
337,DeepCCS-30932474,Alanylglycine,C5H10N2O3,[M-2H]2-,,72.5309,,164.5
338,DeepCCS-30932474,Alanylglycine,C5H10N2O3,[M+Na]+,1.0,169.0584,1.0,140.1
0,CCS Compendium-8,NADPH,C21H30N7O17P3,[M-H]-,-1.0,744.0837,-1.0,246.7
11,CCS Compendium-8,NADPH,C21H30N7O17P3,[M+H]+,1.0,746.0989,1.0,232.4
22,CCS Compendium-8,S-Adenosylhomocysteine,C14H20N6O5S,[M+Na-2H]-,-1.0,405.0962,-1.0,180.1
37,CCS Compendium-8,5'-Methylthioadenosine,C11H15N5O3S,[M+H]+,1.0,298.0974,1.0,162.0
52,CCS Compendium-78,5'-Methylthioadenosine,C11H15N5O3S,[M-H]-,-1.0,296.0817,-1.0,168.3
67,CCS Compendium-78,5'-Methylthioadenosine,C11H15N5O3S,[M+H]+,1.0,298.0992,1.0,171.0
82,CCS Compendium-78,5'-Methylthioadenosine,C11H15N5O3S,[M+Na]+,1.0,320.0793,1.0,173.5
97,CCS Compendium-8,S-Adenosylhomocysteine,C14H20N6O5S,[M-H]-,-1.0,383.1152,-1.0,186.4
112,CCS Compendium-8,S-Adenosylhomocysteine,C14H20N6O5S,[M+H]+,1.0,385.1274,1.0,183.0
127,CCS Compendium-8,S-Adenosylhomocysteine,C14H20N6O5S,[M+Na]+,1.0,407.1089,1.0,189.3
142,CCS Compendium-8,5'-Deoxyadenosine,C10H13N5O3,[M-H]-,-1.0,250.0947,-1.0,154.9
155,CCS Compendium-8,5'-Deoxyadenosine,C10H13N5O3,[M+H]+,1.0,252.108,1.0,159.6
168,CCS Compendium-78,5'-Deoxyadenosine,C10H13N5O3,[M+H]+,1.0,252.108,1.0,152.3
181,CCS Compendium-78,5'-Deoxyadenosine,C10H13N5O3,[M+Na]+,1.0,274.0895,1.0,168.0
194,CCS Compendium-78,Allantoin,C4H6N4O3,[M-H]-,-1.0,157.0373,-1.0,126.7
209,CCS Compendium-78,Allantoin,C4H6N4O3,[M+Na]+,1.0,181.0325,1.0,143.3
224,CCS Compendium-8,2-Aminobenzoic acid,C7H7NO2,[M-H]-,-1.0,136.0416,-1.0,126.1
239,CCS Compendium-8,p-Aminobenzoic acid,C7H7NO2,[M+H]+,1.0,138.0559,1.0,127.3
254,CCS Compendium-8,3-Hydroxyanthranilic acid,C7H7NO3,[M-H]-,-1.0,152.0363,-1.0,128.4
269,CCS Compendium-8,3-Hydroxyanthranilic acid,C7H7NO3,[M+H]+,1.0,154.0493,1.0,131.3
284,CCS Compendium-8,4-Hydroxybenzoic acid,C7H6O3,[M-H]-,-1.0,137.0259,-1.0,121.6
299,CCS Compendium-7,4-Hydroxyphenylpyruvic acid,C9H8O4,[M-H]-,-1.0,179.0344,-1.0,147.1
314,CCS Compendium-8,Biotin,C10H16N2O3S,[M+Na-2H]-,-1.0,265.062,-1.0,152.9
327,CCS Compendium-8,Biotin,C10H16N2O3S,[M+K]+,1.0,283.0494,1.0,160.6
340,CCS Compendium-78,Biotin,C10H16N2O3S,[M-H]-,-1.0,243.0835,-1.0,157.1
353,CCS Compendium-78,Biotin,C10H16N2O3S,[M+H]+,1.0,245.0959,1.0,151.4
366,CCS Compendium-78,Biotin,C10H16N2O3S,[M+Na]+,1.0,267.0787,1.0,161.6
379,CCS Compendium-8,N-Acetylputrescine,C6H14N2O,[M+H]+,1.0,131.1179,1.0,128.4
392,CCS Compendium-8,N-Acetylputrescine,C6H14N2O,[M+Na]+,1.0,153.0998,1.0,134.3
405,CCS Compendium-8,5-Aminolevulinic acid,C5H9NO3,[M+H]+,1.0,132.0652,1.0,130.7
420,CCS Compendium-8,N-Acetyl-L-glutamic acid,C7H11NO5,[M+Na-2H]-,-1.0,210.0387,-1.0,143.5
431,CCS Compendium-8,N-Acetyl-L-glutamic acid,C7H11NO5,[M-H]-,-1.0,188.0563,-1.0,137.0
442,CCS Compendium-8,N-Acetyl-L-glutamic acid,C7H11NO5,[M+Na]+,1.0,212.054,1.0,142.5
453,CCS Compendium-6,Proline,C5H9NO2,[M+H]+,1.0,116.0706,1.0,125.8
468,CCS Compendium-8,Proline,C5H9NO2,[M-H]-,-1.0,114.0564,-1.0,125.1
483,CCS Compendium-78,Proline,C5H9NO2,[M+H]+,1.0,116.0703,1.0,125.4
498,CCS Compendium-8,Phosphoserine,C3H8NO6P,[M+Na]+,1.0,207.9974,1.0,140.9
513,CCS Compendium-8,L-Allothreonine,C4H9NO3,[M-H]-,-1.0,118.0515,-1.0,119.7
526,CCS Compendium-8,4-Acetamidobutanoic acid,C6H11NO3,[M-H]-,-1.0,144.0663,-1.0,131.2
539,CCS Compendium-8,4-Acetamidobutanoic acid,C6H11NO3,[M+Na]+,1.0,168.0612,1.0,135.7
552,CCS Compendium-8,L-Norleucine,C6H13NO2,[M-H]-,-1.0,130.0875,-1.0,132.2
567,CCS Compendium-48,L-Norleucine,C6H13NO2,[M+H]+,1.0,132.1024,1.0,136.4
582,CCS Compendium-7,Methylhistidine,C7H11N3O2,[M-H]-,-1.0,168.0773,-1.0,141.1
597,CCS Compendium-7,Methylhistidine,C7H11N3O2,[M+H]+,1.0,170.0929,1.0,135.7
612,CCS Compendium-8,Citrulline,C6H13N3O3,[M-H]-,-1.0,174.0898,-1.0,135.5
627,CCS Compendium-8,Citrulline,C6H13N3O3,[M+H]+,1.0,176.1028,1.0,137.7
642,CCS Compendium-8,Citrulline,C6H13N3O3,[M+Na]+,1.0,198.0844,1.0,139.2
657,CCS Compendium-8,Phosphoserine,C3H8NO6P,[M+Na-2H]-,-1.0,205.9836,-1.0,135.3
672,CCS Compendium-8,Phosphoserine,C3H8NO6P,[M-H]-,-1.0,184.0022,-1.0,127.8
687,CCS Compendium-8,4-Hydroxyproline,C5H9NO3,[M-H]-,-1.0,130.0505,-1.0,126.7
702,CCS Compendium-8,4-Hydroxyproline,C5H9NO3,[M+Na]+,1.0,154.0466,1.0,139.4
717,CCS Compendium-78,4-Hydroxyproline,C5H9NO3,[M+H]+,1.0,132.064,1.0,127.9
732,CCS Compendium-7,L-Cysteine,C3H7NO2S,[M-H]-,-1.0,120.0119,-1.0,144.0
747,CCS Compendium-7,L-Cysteine,C3H7NO2S,[M+H]+,1.0,122.0276,1.0,148.6
762,CCS Compendium-7,L-Cysteine,C3H7NO2S,[M+Na]+,1.0,144.0095,1.0,150.4
777,CCS Compendium-8,Aminoadipic acid,C6H11NO4,[M+Na-2H]-,-1.0,182.0431,-1.0,134.3
788,CCS Compendium-78,Aminoadipic acid,C6H11NO4,[M-H]-,-1.0,160.0613,-1.0,130.8
799,CCS Compendium-78,Aminoadipic acid,C6H11NO4,[M+H]+,1.0,162.0747,1.0,135.0
810,CCS Compendium-78,Aminoadipic acid,C6H11NO4,[M+Na]+,1.0,184.0568,1.0,140.1
821,CCS Compendium-7,Serine,C3H7NO3,[M-H]-,-1.0,104.0348,-1.0,136.2
836,CCS Compendium-6,L-Aspartic acid,C4H7NO4,[M-H]-,-1.0,132.0302,-1.0,119.8
851,CCS Compendium-78,L-Aspartic acid,C4H7NO4,[M-H]-,-1.0,132.0312,-1.0,120.1
866,CCS Compendium-7,Glutamine,C5H10N2O3,[M+Na]+,1.0,169.0589,1.0,137.2
881,CCS Compendium-8,Glutamine,C5H10N2O3,[M-H]-,-1.0,145.0628,-1.0,127.7
896,CCS Compendium-8,Glutamine,C5H10N2O3,[M+H]+,1.0,147.0762,1.0,130.9
911,CCS Compendium-6,Glutamic acid,C5H9NO4,[M-H]-,-1.0,146.0459,-1.0,125.1
926,CCS Compendium-7,Glutamic acid,C5H9NO4,[M+Na]+,1.0,170.0429,1.0,142.4
941,CCS Compendium-8,Glutamic acid,C5H9NO4,[M+Na-2H]-,-1.0,168.0289,-1.0,132.0
956,CCS Compendium-8,Glutamic acid,C5H9NO4,[M+K]+,1.0,186.016,1.0,149.3
971,CCS Compendium-78,Glutamic acid,C5H9NO4,[M-H]-,-1.0,146.0473,-1.0,125.2
986,CCS Compendium-78,Glutamic acid,C5H9NO4,[M+H]+,1.0,148.0599,1.0,130.9
1001,CCS Compendium-6,Lysine,C6H14N2O2,[M+H]+,1.0,147.1128,1.0,131.5
1015,CCS Compendium-8,Lysine,C6H14N2O2,[M+Na]+,1.0,169.0939,1.0,135.2
1029,CCS Compendium-78,Lysine,C6H14N2O2,[M-H]-,-1.0,145.0987,-1.0,135.9
1043,CCS Compendium-78,Lysine,C6H14N2O2,[M+H]+,1.0,147.1123,1.0,131.1
1057,CCS Compendium-8,L-Cystathionine,C7H14N2O4S,[M+Na-2H]-,-1.0,243.042,-1.0,144.8
1072,CCS Compendium-8,L-Cystathionine,C7H14N2O4S,[M-H]-,-1.0,221.0598,-1.0,142.1
1087,CCS Compendium-8,L-Cystathionine,C7H14N2O4S,[M+H]+,1.0,223.0732,1.0,147.4
1102,CCS Compendium-8,L-Cystathionine,C7H14N2O4S,[M+Na]+,1.0,245.0543,1.0,147.2
1117,CCS Compendium-6,L-Cystine,C6H12N2O4S2,[M-H]-,-1.0,239.0166,-1.0,144.0
1132,CCS Compendium-6,L-Cystine,C6H12N2O4S2,[M+H]+,1.0,241.0311,1.0,149.8
1147,CCS Compendium-6,L-Cystine,C6H12N2O4S2,[M+Na]+,1.0,263.0131,1.0,151.5
1162,CCS Compendium-8,L-Cystine,C6H12N2O4S2,[M+Na-2H]-,-1.0,260.9999,-1.0,147.3
1177,CCS Compendium-8,L-Cystine,C6H12N2O4S2,[M-H]-,-1.0,239.0177,-1.0,143.3
1192,CCS Compendium-8,L-Cystine,C6H12N2O4S2,[M+H]+,1.0,241.0318,1.0,149.1
1207,CCS Compendium-8,L-Cystine,C6H12N2O4S2,[M+Na]+,1.0,263.0121,1.0,151.1
1222,CCS Compendium-8,L-Dihydroorotic acid,C5H6N2O4,[M-H]-,-1.0,157.027,-1.0,125.5
1235,CCS Compendium-6,L-Tyrosine,C9H11NO3,[M-H]-,-1.0,180.0666,-1.0,145.0
1254,CCS Compendium-6,L-Tyrosine,C9H11NO3,[M+H]+,1.0,182.0812,1.0,146.0
1273,CCS Compendium-78,L-Tyrosine,C9H11NO3,[M-H]-,-1.0,180.0671,-1.0,144.5
1292,CCS Compendium-78,L-Tyrosine,C9H11NO3,[M+H]+,1.0,182.0806,1.0,145.5
1311,CCS Compendium-78,L-Tyrosine,C9H11NO3,[M+Na]+,1.0,204.0626,1.0,143.2
1330,CCS Compendium-4,Leucine,C6H13NO2,[M-H]-,-1.0,130.0868,-1.0,132.5
1345,CCS Compendium-6,Leucine,C6H13NO2,[M-H]-,-1.0,130.0874,-1.0,131.8
1360,CCS Compendium-6,Leucine,C6H13NO2,[M+H]+,1.0,132.1019,1.0,135.1
1375,CCS Compendium-47,Leucine,C6H13NO2,[M+H]+,1.0,132.1024,1.0,134.7
1390,CCS Compendium-6,Methionine,C5H11NO2S,[M+H]+,1.0,150.0583,1.0,133.6
1405,CCS Compendium-78,Methionine,C5H11NO2S,[M-H]-,-1.0,148.0432,-1.0,140.5
1420,CCS Compendium-78,Methionine,C5H11NO2S,[M+H]+,1.0,150.0589,1.0,132.9
1435,CCS Compendium-6,Phenylalanine,C9H11NO2,[M-H]-,-1.0,164.0717,-1.0,140.6
1454,CCS Compendium-6,Phenylalanine,C9H11NO2,[M+H]+,1.0,166.0863,1.0,140.8
1473,CCS Compendium-78,Phenylalanine,C9H11NO2,[M-H]-,-1.0,164.0712,-1.0,140.1
1492,CCS Compendium-78,Phenylalanine,C9H11NO2,[M+H]+,1.0,166.0868,1.0,140.1
1511,CCS Compendium-78,Phenylalanine,C9H11NO2,[M+Na]+,1.0,188.0687,1.0,138.2
1530,CCS Compendium-8,O-Acetylserine,C5H9NO4,[M+H]+,1.0,148.0602,1.0,130.5
1543,CCS Compendium-8,Glutathione,C10H17N3O6S,[M+Na-2H]-,-1.0,328.0589,-1.0,164.8
1558,CCS Compendium-8,Glutathione,C10H17N3O6S,[M+H]+,1.0,308.0911,1.0,167.9
1573,CCS Compendium-78,Glutathione,C10H17N3O6S,[M-H]-,-1.0,306.0776,-1.0,162.8
1588,CCS Compendium-78,Glutathione,C10H17N3O6S,[M+Na]+,1.0,330.0712,1.0,167.1
1603,CCS Compendium-7,L-Asparagine,C4H8N2O3,[M+H]+,1.0,133.0613,1.0,130.7
1618,CCS Compendium-78,L-Asparagine,C4H8N2O3,[M-H]-,-1.0,131.0467,-1.0,124.2
1633,CCS Compendium-78,L-Asparagine,C4H8N2O3,[M+Na]+,1.0,155.0421,1.0,129.3
1648,CCS Compendium-6,Histidine,C6H9N3O2,[M-H]-,-1.0,154.0622,-1.0,129.4
1667,CCS Compendium-6,Histidine,C6H9N3O2,[M+H]+,1.0,156.0768,1.0,132.3
1686,CCS Compendium-6,Histidine,C6H9N3O2,[M+Na]+,1.0,178.0587,1.0,134.9
1705,CCS Compendium-78,Histidine,C6H9N3O2,[M-H]-,-1.0,154.0616,-1.0,128.9
1724,CCS Compendium-78,Histidine,C6H9N3O2,[M+H]+,1.0,156.0774,1.0,131.9
1743,CCS Compendium-78,Histidine,C6H9N3O2,[M+Na]+,1.0,178.0586,1.0,134.7
1762,CCS Compendium-8,L-Valine,C5H11NO2,[M-H]-,-1.0,116.0712,-1.0,124.9
1777,CCS Compendium-8,L-Valine,C5H11NO2,[M+H]+,1.0,118.0868,1.0,120.8
1792,CCS Compendium-8,L-Valine,C5H11NO2,[M+Na]+,1.0,140.0687,1.0,133.1
1807,CCS Compendium-78,L-Threonine,C4H9NO3,[M-H]-,-1.0,118.0504,-1.0,129.2
1822,CCS Compendium-78,L-Threonine,C4H9NO3,[M+H]+,1.0,120.0661,1.0,127.3
1837,CCS Compendium-6,Isoleucine,C6H13NO2,[M-H]-,-1.0,130.0874,-1.0,130.6
1852,CCS Compendium-6,Isoleucine,C6H13NO2,[M+H]+,1.0,132.1019,1.0,133.3
1867,CCS Compendium-478,Isoleucine,C6H13NO2,[M-H]-,-1.0,130.0868,-1.0,132.4
1882,CCS Compendium-478,Isoleucine,C6H13NO2,[M+H]+,1.0,132.1024,1.0,134.3
1897,CCS Compendium-78,Guanine,C5H5N5O,[M+H]+,1.0,152.0562,1.0,131.0
1912,CCS Compendium-6,L-Arginine,C6H14N4O2,[M-H]-,-1.0,173.1044,-1.0,137.6
1927,CCS Compendium-78,L-Arginine,C6H14N4O2,[M-H]-,-1.0,173.1039,-1.0,137.2
1942,CCS Compendium-6,L-Arginine,C6H14N4O2,[M+H]+,1.0,175.119,1.0,136.6
1957,CCS Compendium-78,L-Arginine,C6H14N4O2,[M+H]+,1.0,175.1174,1.0,136.3
1972,CCS Compendium-8,L-Arginine,C6H14N4O2,[M+Na]+,1.0,197.1,1.0,147.9
1987,CCS Compendium-8,N-Acetyl-L-alanine,C5H9NO3,[M+Na]+,1.0,154.0473,1.0,134.7
2002,CCS Compendium-8,Pyroglutamic acid,C5H7NO3,[M-H]-,-1.0,128.035,-1.0,124.6
2017,CCS Compendium-8,Pyroglutamic acid,C5H7NO3,[M+H]+,1.0,130.0492,1.0,130.6
2032,CCS Compendium-7,Succinic acid,C4H6O4,[M+H]+,1.0,119.0344,1.0,121.9
2047,CCS Compendium-78,Succinic acid,C4H6O4,[M-H]-,-1.0,117.0198,-1.0,119.1
2062,CCS Compendium-78,Fumaric acid,C4H4O4,[M+Na]+,1.0,139.0007,1.0,132.8
2077,CCS Compendium-8,Isocitric acid,C6H8O7,[M-H]-,-1.0,191.0192,-1.0,127.3
2092,CCS Compendium-8,Isocitric acid,C6H8O7,[M+Na]+,1.0,215.0168,1.0,142.8
2107,CCS Compendium-8,Isocitric acid,C6H8O7,[M+Na-2H]-,-1.0,213.0063,-1.0,136.5
2122,CCS Compendium-8,Citric acid,C6H8O7,[M+Na]+,1.0,215.0161,1.0,143.0
2137,CCS Compendium-78,Citric acid,C6H8O7,[M-H]-,-1.0,191.0213,-1.0,128.1
2152,CCS Compendium-8,4-Hydroxycinnamic acid,C9H8O3,[M-H]-,-1.0,163.0402,-1.0,131.3
2163,CCS Compendium-8,Thiamine pyrophosphate,C12H19N4O7P2S,[M-H]-,-1.0,423.0306,-1.0,178.1
2178,CCS Compendium-8,Thiamine pyrophosphate,C12H19N4O7P2S,[M+H]+,1.0,425.0434,1.0,182.0
2193,CCS Compendium-8,Thiamine pyrophosphate,C12H19N4O7P2S,[M+Na]+,1.0,447.0265,1.0,187.0
2208,CCS Compendium-8,Thymine,C5H6N2O2,[M-H]-,-1.0,125.0365,-1.0,119.5
2223,CCS Compendium-8,Thymine,C5H6N2O2,[M+H]+,1.0,127.0502,1.0,122.1
2238,CCS Compendium-7,Orotic acid,C5H4N2O4,[M+H]+,1.0,157.0249,1.0,138.0
2253,CCS Compendium-7,Orotic acid,C5H4N2O4,[M+Na]+,1.0,179.0069,1.0,180.7
2268,CCS Compendium-8,Orotic acid,C5H4N2O4,[M-H]-,-1.0,155.0112,-1.0,121.7
2283,CCS Compendium-7,Uracil,C4H4N2O2,[M+H]+,1.0,113.0351,1.0,126.2
2298,CCS Compendium-8,Uracil,C4H4N2O2,[M-H]-,-1.0,111.0201,-1.0,113.5
2313,CCS Compendium-8,Thiamine,C12H17N4OS,[M+]+,,265.1124,,163.0
2326,CCS Compendium-8,Cytosine,C4H5N3O,[M+H]+,1.0,112.0509,1.0,117.4
2341,CCS Compendium-8,Cytosine,C4H5N3O,[M+H]+,1.0,112.0509,1.0,122.6
2356,CCS Compendium-8,Lipoamide,C8H15NOS2,[M+Na]+,1.0,228.0482,1.0,150.6
2371,CCS Compendium-7,Leukotriene B4,C20H32O4,[M-H]-,-1.0,335.2222,-1.0,186.8
2386,CCS Compendium-7,Leukotriene B4,C20H32O4,[M+Na]+,1.0,359.2198,1.0,194.8
2401,CCS Compendium-6,Oleic acid,C18H34O2,[M-H]-,-1.0,281.2486,-1.0,176.2
2416,CCS Compendium-7,Oleic acid,C18H34O2,[M+Na]+,1.0,305.2456,1.0,180.2
2431,CCS Compendium-78,Oleic acid,C18H34O2,[M-H]-,-1.0,281.2469,-1.0,175.6
2446,CCS Compendium-8,Mevalonic acid,C6H12O4,[M-H]-,-1.0,147.0657,-1.0,129.0
2461,CCS Compendium-8,Mevalonic acid,C6H12O4,[M+Na]+,1.0,171.062,1.0,132.9
2476,CCS Compendium-8,2-Methylglutaric acid,C6H10O4,[M+Na-2H]-,-1.0,167.0322,-1.0,133.0
2491,CCS Compendium-8,2-Methylglutaric acid,C6H10O4,[M-H]-,-1.0,145.0502,-1.0,126.3
2506,CCS Compendium-8,2-Methylglutaric acid,C6H10O4,[M+Na]+,1.0,169.0466,1.0,137.2
2521,CCS Compendium-6,Palmitoleic acid,C16H30O2,[M-H]-,-1.0,253.2173,-1.0,167.8
2534,CCS Compendium-7,Palmitoleic acid,C16H30O2,[M+Na]+,1.0,277.2143,1.0,171.5
2547,CCS Compendium-78,Palmitoleic acid,C16H30O2,[M-H]-,-1.0,253.2167,-1.0,167.3
2560,CCS Compendium-0,Heptadecanoic acid,C17H34O2,[M-H]-,-1.0,269.2486,-1.0,174.8
2573,CCS Compendium-0,Heptadecanoic acid,C17H34O2,[M-H]-,-1.0,269.25,-1.0,174.8
2586,CCS Compendium-0,Heptadecanoic acid,C17H34O2,[M+H]+,1.0,271.2625,1.0,189.6
2599,CCS Compendium-6,Heptadecanoic acid,C17H34O2,[M-H]-,-1.0,269.2486,-1.0,173.1
2612,CCS Compendium-78,Heptadecanoic acid,C17H34O2,[M-H]-,-1.0,269.2483,-1.0,172.8
2625,CCS Compendium-6,Tetracosanoic acid,C24H48O2,[M-H]-,-1.0,367.3582,-1.0,200.9
2638,CCS Compendium-7,Tetracosanoic acid,C24H48O2,[M-H]-,-1.0,367.3576,-1.0,199.9
2651,CCS Compendium-7,Tetracosanoic acid,C24H48O2,[M+Na]+,1.0,391.3552,1.0,215.5
2664,CCS Compendium-6,Palmitic acid,C16H32O2,[M-H]-,-1.0,255.233,-1.0,169.0
2679,CCS Compendium-78,Palmitic acid,C16H32O2,[M-H]-,-1.0,255.2331,-1.0,168.7
2694,CCS Compendium-78,Palmitic acid,C16H32O2,[M+Na]+,1.0,279.2309,1.0,177.8
2709,CCS Compendium-8,Itaconic acid,C5H6O4,[M-H]-,-1.0,129.0192,-1.0,119.1
2722,CCS Compendium-8,Itaconic acid,C5H6O4,[M+Na]+,1.0,153.0154,1.0,131.9
2735,CCS Compendium-7,Malonyl-CoA,C24H38N7O19P3S,[M-H]-,-1.0,852.1078,-1.0,252.2
2746,CCS Compendium-6,Linoleic acid,C18H32O2,[M-H]-,-1.0,279.233,-1.0,175.4
2761,CCS Compendium-78,Linoleic acid,C18H32O2,[M-H]-,-1.0,279.2332,-1.0,174.6
2776,CCS Compendium-78,Linoleic acid,C18H32O2,[M+Na]+,1.0,303.2282,1.0,176.3
2791,CCS Compendium-7,Flavin mononucleotide,C17H21N4O9P,[M-H]-,-1.0,455.0968,-1.0,200.1
2806,CCS Compendium-7,Flavin mononucleotide,C17H21N4O9P,[M+H]+,1.0,457.1124,1.0,200.2
2821,CCS Compendium-7,Flavin mononucleotide,C17H21N4O9P,[M+Na]+,1.0,479.0944,1.0,209.3
2836,CCS Compendium-8,FAD,C27H33N9O15P2,[M+Na-2H]-,-1.0,806.1285,-1.0,256.2
2849,CCS Compendium-8,FAD,C27H33N9O15P2,[M-H]-,-1.0,784.1493,-1.0,238.5
2862,CCS Compendium-8,FAD,C27H33N9O15P2,[M+H]+,1.0,786.1609,1.0,249.2
2875,CCS Compendium-8,FAD,C27H33N9O15P2,[M+Na]+,1.0,808.1427,1.0,250.5
2888,CCS Compendium-8,beta-Glycerophosphoric acid,C3H9O6P,[M+Na-2H]-,-1.0,192.9889,-1.0,147.3
2901,CCS Compendium-8,beta-Glycerophosphoric acid,C3H9O6P,[M-H]-,-1.0,171.0071,-1.0,126.5
2914,CCS Compendium-8,beta-Glycerophosphoric acid,C3H9O6P,[M+Na]+,1.0,195.0032,1.0,140.6
2927,CCS Compendium-8,AICAR,C9H15N4O8P,[M+Na-2H]-,-1.0,359.0369,-1.0,175.5
2942,CCS Compendium-8,AICAR,C9H15N4O8P,[M-H]-,-1.0,337.0552,-1.0,170.5
2957,CCS Compendium-8,AICAR,C9H15N4O8P,[M+H]+,1.0,339.0708,1.0,171.9
2972,CCS Compendium-8,AICAR,C9H15N4O8P,[M+Na]+,1.0,361.0504,1.0,168.9
2987,CCS Compendium-78,Guanosine,C10H13N5O5,[M-H]-,-1.0,282.0855,-1.0,163.0
3002,CCS Compendium-8,Purine,C5H4N4,[M-H]-,-1.0,119.0401,-1.0,114.6
3017,CCS Compendium-8,Purine,C5H4N4,[M+H]+,1.0,121.0519,1.0,121.7
3032,CCS Compendium-8,3-Methyladenine,C6H7N5,[M+H]+,1.0,150.0769,1.0,126.5
3043,CCS Compendium-7,7-Methylguanine,C6H7N5O,[M-H]-,-1.0,164.0572,-1.0,136.1
3058,CCS Compendium-7,7-Methylguanine,C6H7N5O,[M+H]+,1.0,166.0729,1.0,133.4
3073,CCS Compendium-7,7-Methylguanine,C6H7N5O,[M+Na]+,1.0,188.0548,1.0,148.8
3088,CCS Compendium-8,Hypoxanthine,C5H4N4O,[M+Na-2H]-,-1.0,157.0137,-1.0,135.0
3103,CCS Compendium-78,Hypoxanthine,C5H4N4O,[M-H]-,-1.0,135.0317,-1.0,121.0
3118,CCS Compendium-78,Hypoxanthine,C5H4N4O,[M+H]+,1.0,137.0461,1.0,130.5
3133,CCS Compendium-78,Hypoxanthine,C5H4N4O,[M+Na]+,1.0,159.0272,1.0,135.9
3148,CCS Compendium-7,Xanthine,C5H4N4O2,[M+Na]+,1.0,175.0232,1.0,151.7
3163,CCS Compendium-78,Xanthine,C5H4N4O2,[M-H]-,-1.0,151.0277,-1.0,122.2
3178,CCS Compendium-78,Xanthine,C5H4N4O2,[M+H]+,1.0,153.0402,1.0,132.9
3193,CCS Compendium-8,Adenine,C5H5N5,[M+Na]+,1.0,158.0434,1.0,137.0
3208,CCS Compendium-78,Adenine,C5H5N5,[M-H]-,-1.0,134.0486,-1.0,120.6
3223,CCS Compendium-78,Adenine,C5H5N5,[M+H]+,1.0,136.0614,1.0,125.6
3238,CCS Compendium-8,Guanine,C5H5N5O,[M+K]+,1.0,190.0121,1.0,136.2
3253,CCS Compendium-8,Guanine,C5H5N5O,[M+Na]+,1.0,174.038,1.0,137.7
3268,CCS Compendium-8,Indoleacetaldehyde,C10H9NO,[M-H]-,-1.0,158.0606,-1.0,131.0
3283,CCS Compendium-8,Indoleacetaldehyde,C10H9NO,[M+H]+,1.0,160.075,1.0,132.4
3298,CCS Compendium-8,Tryptophol,C10H11NO,[M-H]-,-1.0,160.0785,-1.0,133.0
3311,CCS Compendium-8,Tryptophol,C10H11NO,[M+H]+,1.0,162.0912,1.0,133.8
3324,CCS Compendium-8,D-Tryptophan,C11H12N2O2,[M-H]-,-1.0,203.0832,-1.0,151.7
3337,CCS Compendium-8,D-Tryptophan,C11H12N2O2,[M-H]-,-1.0,203.084,-1.0,142.6
3350,CCS Compendium-8,D-Tryptophan,C11H12N2O2,[M+H]+,1.0,205.0964,1.0,150.6
3363,CCS Compendium-8,D-Tryptophan,C11H12N2O2,[M+Na]+,1.0,227.0786,1.0,147.9
3376,CCS Compendium-8,L-Tryptophan,C11H12N2O2,[M+Na]+,1.0,227.0786,1.0,147.2
3391,CCS Compendium-78,L-Tryptophan,C11H12N2O2,[M-H]-,-1.0,203.084,-1.0,149.1
3406,CCS Compendium-78,L-Tryptophan,C11H12N2O2,[M+H]+,1.0,205.0964,1.0,151.3
3421,CCS Compendium-8,Indoleacetic acid,C10H9NO2,[M+Na]+,1.0,198.0532,1.0,143.6
3436,CCS Compendium-78,Indoleacetic acid,C10H9NO2,[M+H]+,1.0,176.072,1.0,136.4
3451,CCS Compendium-7,Oxoglutaric acid,C5H6O5,[M-H]-,-1.0,145.0137,-1.0,125.2
3466,CCS Compendium-8,Oxoadipic acid,C6H8O5,[M+Na-2H]-,-1.0,181.0113,-1.0,132.6
3481,CCS Compendium-8,Oxoadipic acid,C6H8O5,[M-H]-,-1.0,159.0292,-1.0,126.8
3496,CCS Compendium-8,Oxoadipic acid,C6H8O5,[M+Na]+,1.0,183.0261,1.0,137.5
3511,CCS Compendium-8,L-Gulonolactone,C6H10O6,[M-H+H2O]-,,195.0509,,133.7
3524,CCS Compendium-8,L-Gulonolactone,C6H10O6,[M-H]-,-1.0,177.0396,-1.0,129.9
3537,CCS Compendium-8,L-Gulonolactone,C6H10O6,[M+Na]+,1.0,201.0368,1.0,140.9
3550,CCS Compendium-7,Pyrophosphate,H4O7P2,[M+Na]+,1.0,200.933,1.0,144.7
3565,CCS Compendium-8,O-Phosphoethanolamine,C2H8NO4P,[M-H]-,-1.0,140.0126,-1.0,123.4
3580,CCS Compendium-8,Taurine,C2H7NO3S,[M-H]-,-1.0,124.0085,-1.0,118.5
3595,CCS Compendium-8,Taurine,C2H7NO3S,[M+H]+,1.0,126.0219,1.0,127.9
3610,CCS Compendium-8,Taurine,C2H7NO3S,[M+H]+,1.0,126.0219,1.0,134.3
3625,CCS Compendium-8,Spermidine,C7H19N3,[M+H]+,1.0,146.1653,1.0,131.3
3640,CCS Compendium-8,Spermine,C10H26N4,[M+H]+,1.0,203.2231,1.0,148.6
3655,CCS Compendium-8,Spermine,C10H26N4,[M+Na]+,1.0,225.2045,1.0,151.4
3670,CCS Compendium-8,Spermidine,C7H19N3,[M+Na]+,1.0,168.1472,1.0,136.2
3685,CCS Compendium-8,Sphinganine,C18H39NO2,[M+H]+,1.0,302.3046,1.0,188.9
3700,CCS Compendium-8,Sphinganine,C18H39NO2,[M+Na]+,1.0,324.2865,1.0,190.8
3715,CCS Compendium-78,Phosphorylcholine,C5H15NO4P,[M+H]+,1.0,184.0732,1.0,137.1
3730,CCS Compendium-78,Choline,C5H14NO,[M+]+,,104.1075,,117.9
3743,CCS Compendium-7,Shikimic acid,C7H10O5,[M+H]+,1.0,175.0606,1.0,148.6
3756,CCS Compendium-78,Shikimic acid,C7H10O5,[M-H]-,-1.0,173.0461,-1.0,137.7
3769,CCS Compendium-8,Pantothenic acid,C9H17NO5,[M-H]-,-1.0,218.1038,-1.0,146.6
3784,CCS Compendium-8,Pantothenic acid,C9H17NO5,[M+H]+,1.0,220.118,1.0,129.8
3799,CCS Compendium-8,Pantothenic acid,C9H17NO5,[M+Na]+,1.0,242.1005,1.0,150.8
3814,CCS Compendium-8,myo-Inositol,C6H12O6,[M-H]-,-1.0,179.0552,-1.0,131.5
3829,CCS Compendium-8,myo-Inositol,C6H12O6,[M+Na]+,1.0,203.0532,1.0,148.7
3844,CCS Compendium-7,Dihydroxyacetone phosphate,C3H7O6P,[M+Na]+,1.0,192.9878,1.0,143.2
3859,CCS Compendium-7,D-Erythrose 4-phosphate,C4H9O7P,[M-H]-,-1.0,199.0008,-1.0,148.7
3874,CCS Compendium-7,D-Erythrose 4-phosphate,C4H9O7P,[M+Na]+,1.0,222.9984,1.0,152.9
3889,CCS Compendium-7,Trehalose 6-phosphate,C12H23O14P,[M-H]-,-1.0,421.0747,-1.0,180.9
3904,CCS Compendium-7,Trehalose 6-phosphate,C12H23O14P,[M+Na]+,1.0,445.0723,1.0,191.2
3919,CCS Compendium-8,Galactose 1-phosphate,C6H13O9P,[M-H]-,-1.0,259.024,-1.0,148.2
3934,CCS Compendium-8,Galactose 1-phosphate,C6H13O9P,[M+K]+,1.0,298.9924,1.0,158.3
3949,CCS Compendium-8,Galactose 1-phosphate,C6H13O9P,[M+Na]+,1.0,283.0183,1.0,157.5
3964,CCS Compendium-8,Fructose 6-phosphate,C6H13O9P,[M+Na-2H]-,-1.0,281.0038,-1.0,154.8
3979,CCS Compendium-78,Fructose 6-phosphate,C6H13O9P,[M-H]-,-1.0,259.0219,-1.0,146.1
3994,CCS Compendium-78,Fructose 6-phosphate,C6H13O9P,[M+Na]+,1.0,283.0195,1.0,155.2
4009,CCS Compendium-8,Cytidine triphosphate,C9H16N3O14P3,[M+Na-2H]-,-1.0,503.9591,-1.0,185.0
4024,CCS Compendium-8,Cytidine triphosphate,C9H16N3O14P3,[M-H]-,-1.0,481.9774,-1.0,181.1
4039,CCS Compendium-8,Cytidine triphosphate,C9H16N3O14P3,[M+H]+,1.0,483.9927,1.0,188.5
4054,CCS Compendium-78,Cytidine triphosphate,C9H16N3O14P3,[M+Na]+,1.0,505.974,1.0,197.2
4069,CCS Compendium-8,"Fructose 1,6-bisphosphate",C6H14O12P2,[M+Na-2H]-,-1.0,360.9747,-1.0,197.1
4084,CCS Compendium-6,alpha-D-Glucose,C6H12O6,[M+Na]+,1.0,203.0526,1.0,147.1
4097,CCS Compendium-8,alpha-D-Glucose,C6H12O6,[M+Na]+,1.0,203.0533,1.0,146.5
4110,CCS Compendium-78,D-Ribose,C5H10O5,[M+Na]+,1.0,173.0426,1.0,135.8
4125,CCS Compendium-8,Sorbitol,C6H14O6,[M-H]-,-1.0,181.071,-1.0,131.9
4140,CCS Compendium-8,Sorbitol,C6H14O6,[M+Na]+,1.0,205.0686,1.0,143.1
4155,CCS Compendium-7,D-Glucose,C6H12O6,[M+Na]+,1.0,203.0532,1.0,146.8
4170,CCS Compendium-7,Gluconic acid,C6H12O7,[M+H]+,1.0,197.0661,1.0,141.0
4185,CCS Compendium-8,Gluconic acid,C6H12O7,[M-H]-,-1.0,195.0502,-1.0,132.6
4200,CCS Compendium-78,Gluconic acid,C6H12O7,[M+Na]+,1.0,219.0488,1.0,146.9
4215,CCS Compendium-8,Cellobiose,C12H22O11,[M-H]-,-1.0,341.1076,-1.0,179.7
4230,CCS Compendium-8,Cellobiose,C12H22O11,[M+K]+,1.0,381.0793,1.0,180.6
4245,CCS Compendium-8,Cellobiose,C12H22O11,[M+Na]+,1.0,365.1045,1.0,178.4
4260,CCS Compendium-78,Glucose 1-phosphate,C6H13O9P,[M-H]-,-1.0,259.0228,-1.0,149.7
4271,CCS Compendium-78,Glucose 1-phosphate,C6H13O9P,[M+Na]+,1.0,283.0192,1.0,159.8
4282,CCS Compendium-8,Glucose 6-phosphate,C6H13O9P,[M+Na-2H]-,-1.0,281.0056,-1.0,157.0
4297,CCS Compendium-8,Glucose 6-phosphate,C6H13O9P,[M-H]-,-1.0,259.0219,-1.0,146.7
4312,CCS Compendium-78,Glucose 6-phosphate,C6H13O9P,[M+Na]+,1.0,283.0176,1.0,158.8
4327,CCS Compendium-8,Sucrose,C12H22O11,[M-H]-,-1.0,341.1084,-1.0,168.2
4346,CCS Compendium-8,Sucrose,C12H22O11,[M+K]+,1.0,381.0785,1.0,175.5
4365,CCS Compendium-8,Sucrose,C12H22O11,[M+Na]+,1.0,365.1061,1.0,173.9
4384,CCS Compendium-8,D-Xylose,C5H10O5,[M+Na]+,1.0,173.0417,1.0,135.0
4399,CCS Compendium-8,D-Galactose,C6H12O6,[M+Na]+,1.0,203.0528,1.0,142.0
4414,CCS Compendium-8,Trehalose,C12H22O11,[M-H]-,-1.0,341.1084,-1.0,169.9
4429,CCS Compendium-8,Trehalose,C12H22O11,[M+K]+,1.0,381.0754,1.0,179.7
4444,CCS Compendium-78,Trehalose,C12H22O11,[M+Na]+,1.0,365.106,1.0,176.1
4459,CCS Compendium-8,Glucosamine,C6H13NO5,[M+H]+,1.0,180.0856,1.0,138.3
4474,CCS Compendium-8,Glucosamine,C6H13NO5,[M+H]+,1.0,180.0856,1.0,141.5
4489,CCS Compendium-8,Glucosamine,C6H13NO5,[M+Na]+,1.0,202.0668,1.0,143.7
4504,CCS Compendium-8,Glucosamine,C6H13NO5,[M+Na]+,1.0,202.0668,1.0,146.7
4519,CCS Compendium-8,Mannitol,C6H14O6,[M-H]-,-1.0,181.0714,-1.0,131.9
4534,CCS Compendium-8,Mannitol,C6H14O6,[M+Na]+,1.0,205.0679,1.0,141.2
4549,CCS Compendium-7,2-Phospho-D-glyceric acid,C3H7O7P,[M-H]-,-1.0,184.9845,-1.0,127.0
4562,CCS Compendium-8,L-Arabitol,C5H12O5,[M-H]-,-1.0,151.061,-1.0,125.2
4577,CCS Compendium-8,L-Arabitol,C5H12O5,[M+Na]+,1.0,175.0577,1.0,136.0
4592,CCS Compendium-8,L-Sorbose,C6H12O6,[M+Na]+,1.0,203.0532,1.0,139.3
4607,CCS Compendium-8,L-Sorbose,C6H12O6,[M+Na]+,1.0,203.0532,1.0,144.2
4622,CCS Compendium-78,D-Xylitol,C5H12O5,[M-H]-,-1.0,151.0607,-1.0,126.1
4633,CCS Compendium-78,D-Xylitol,C5H12O5,[M+Na]+,1.0,175.0577,1.0,137.3
4644,CCS Compendium-7,6-Phosphogluconic acid,C6H13O10P,[M-H]-,-1.0,275.0168,-1.0,145.2
4658,CCS Compendium-7,6-Phosphogluconic acid,C6H13O10P,[M+Na]+,1.0,299.0144,1.0,166.1
4672,CCS Compendium-8,Kynurenine,C10H12N2O3,[M+H]+,1.0,209.0908,1.0,149.8
4687,CCS Compendium-8,Kynurenine,C10H12N2O3,[M+Na]+,1.0,231.0737,1.0,153.3
4702,CCS Compendium-13,4-Nitrophenol,C6H5NO3,[M-H]-,-1.0,138.0192,-1.0,119.8
4717,CCS Compendium-8,Hydroxyphenyllactic acid,C9H10O4,[M-H]-,-1.0,181.0504,-1.0,142.2
4732,CCS Compendium-8,Hydroxyphenyllactic acid,C9H10O4,[M+Na]+,1.0,205.0462,1.0,144.0
4747,CCS Compendium-8,Geranyl-PP,C10H20O7P2,[M+Na-2H]-,-1.0,335.0431,-1.0,173.8
4762,CCS Compendium-8,Geranyl-PP,C10H20O7P2,[M-H]-,-1.0,313.0602,-1.0,167.5
4777,CCS Compendium-7,Riboflavin,C17H20N4O6,[M+Na]+,1.0,399.128,1.0,198.1
4792,CCS Compendium-78,Riboflavin,C17H20N4O6,[M-H]-,-1.0,375.1309,-1.0,187.3
4807,CCS Compendium-78,Riboflavin,C17H20N4O6,[M+H]+,1.0,377.1433,1.0,189.7
4822,CCS Compendium-8,Deoxyadenosine,C10H13N5O3,[M-H]-,-1.0,250.0944,-1.0,155.4
4837,CCS Compendium-8,Deoxyadenosine,C10H13N5O3,[M+H]+,1.0,252.1096,1.0,152.3
4852,CCS Compendium-8,Deoxyadenosine,C10H13N5O3,[M+H]+,1.0,252.1096,1.0,158.2
4867,CCS Compendium-8,Deoxyadenosine,C10H13N5O3,[M+Na]+,1.0,274.0912,1.0,161.9
4882,CCS Compendium-8,Deoxyguanosine,C10H13N5O4,[M-H]-,-1.0,266.0887,-1.0,159.2
4897,CCS Compendium-8,Deoxyguanosine,C10H13N5O4,[M+K]+,1.0,306.0588,1.0,171.6
4912,CCS Compendium-8,Deoxyguanosine,C10H13N5O4,[M+Na]+,1.0,290.0861,1.0,171.8
4927,CCS Compendium-8,Guanosine,C10H13N5O5,[M+K]+,1.0,322.0539,1.0,174.3
4942,CCS Compendium-78,Guanosine,C10H13N5O5,[M+H]+,1.0,284.0977,1.0,163.5
4957,CCS Compendium-78,Guanosine,C10H13N5O5,[M+Na]+,1.0,306.0813,1.0,175.3
4972,CCS Compendium-8,1-Methyladenosine,C11H15N5O4,[M-H]-,-1.0,280.105,-1.0,162.9
4985,CCS Compendium-8,1-Methyladenosine,C11H15N5O4,[M+H]+,1.0,282.1176,1.0,160.0
4998,CCS Compendium-8,1-Methyladenosine,C11H15N5O4,[M+H]+,1.0,282.1176,1.0,164.9
5011,CCS Compendium-8,1-Methyladenosine,C11H15N5O4,[M+Na]+,1.0,304.099,1.0,171.1
5024,CCS Compendium-8,Adenosine,C10H13N5O4,[M-H]-,-1.0,266.0897,-1.0,157.7
5039,CCS Compendium-8,Adenosine,C10H13N5O4,[M+H]+,1.0,268.1041,1.0,161.6
5054,CCS Compendium-8,Adenosine,C10H13N5O4,[M+Na]+,1.0,290.0875,1.0,165.6
5069,CCS Compendium-78,Adenosine,C10H13N5O4,[M+H]+,1.0,268.1046,1.0,155.5
5084,CCS Compendium-7,Inosine,C10H12N4O5,[M+H]+,1.0,269.0886,1.0,158.2
5097,CCS Compendium-8,Inosine,C10H12N4O5,[M+K]+,1.0,307.043,1.0,170.3
5110,CCS Compendium-78,Inosine,C10H12N4O5,[M-H]-,-1.0,267.076,-1.0,159.6
5123,CCS Compendium-78,Inosine,C10H12N4O5,[M+Na]+,1.0,291.071,1.0,172.1
5136,CCS Compendium-8,Xanthosine,C10H12N4O6,[M+Na-2H]-,-1.0,305.0496,-1.0,162.4
5151,CCS Compendium-8,Xanthosine,C10H12N4O6,[M+H]+,1.0,285.0805,1.0,162.1
5166,CCS Compendium-8,Xanthosine,C10H12N4O6,[M+K]+,1.0,323.0359,1.0,172.9
5181,CCS Compendium-8,Xanthosine,C10H12N4O6,[M+Na]+,1.0,307.0624,1.0,173.4
5196,CCS Compendium-78,Xanthosine,C10H12N4O6,[M-H]-,-1.0,283.0684,-1.0,159.5
5211,CCS Compendium-8,"Adenosine 2',3'-cyclic phosphate",C10H12N5O6P,[M-H+H2O]-,,346.0556,,173.6
5222,CCS Compendium-8,"Adenosine 2',3'-cyclic phosphate",C10H12N5O6P,[M-H]-,-1.0,328.0456,-1.0,169.4
5233,CCS Compendium-8,"Adenosine 2',3'-cyclic phosphate",C10H12N5O6P,[M+H]+,1.0,330.06,1.0,168.0
5244,CCS Compendium-8,"Adenosine 2',3'-cyclic phosphate",C10H12N5O6P,[M+Na]+,1.0,352.0406,1.0,174.9
5255,CCS Compendium-8,"Adenosine 2',3'-cyclic phosphate",C10H12N5O6P,[M+Na]+,1.0,352.0406,1.0,181.3
5266,CCS Compendium-8,Cyclic AMP,C10H12N5O6P,[M-H]-,-1.0,328.0452,-1.0,171.9
5279,CCS Compendium-8,Cyclic AMP,C10H12N5O6P,[M+H]+,1.0,330.0609,1.0,172.7
5292,CCS Compendium-8,Cyclic AMP,C10H12N5O6P,[M+H]+,1.0,330.0609,1.0,177.0
5305,CCS Compendium-8,Cyclic AMP,C10H12N5O6P,[M+Na]+,1.0,352.0403,1.0,181.3
5318,CCS Compendium-8,Cyclic AMP,C10H12N5O6P,[M+Na]+,1.0,352.0437,1.0,189.0
5331,CCS Compendium-8,Deoxyadenosine monophosphate,C10H14N5O6P,[M+Na-2H]-,-1.0,352.0448,-1.0,170.0
5346,CCS Compendium-8,Deoxyadenosine monophosphate,C10H14N5O6P,[M-H]-,-1.0,330.0603,-1.0,164.9
5361,CCS Compendium-78,Deoxyadenosine monophosphate,C10H14N5O6P,[M+H]+,1.0,332.076,1.0,168.6
5376,CCS Compendium-78,Deoxyadenosine monophosphate,C10H14N5O6P,[M+Na]+,1.0,354.0579,1.0,173.9
5391,CCS Compendium-8,Guanosine diphosphate mannose,C16H25N5O16P2,[M+Na-2H]-,-1.0,626.0524,-1.0,205.8
5404,CCS Compendium-8,Guanosine diphosphate mannose,C16H25N5O16P2,[M+Na-2H]-,-1.0,626.0524,-1.0,217.2
5417,CCS Compendium-8,Guanosine diphosphate mannose,C16H25N5O16P2,[M+H]+,1.0,606.0812,1.0,227.7
5430,CCS Compendium-8,Guanosine diphosphate mannose,C16H25N5O16P2,[M+Na]+,1.0,628.0629,1.0,222.5
5443,CCS Compendium-8,Adenosine diphosphate ribose,C15H23N5O14P2,[M-H+H2O]-,,576.0745,,204.2
5458,CCS Compendium-8,Adenosine diphosphate ribose,C15H23N5O14P2,[M+Na-2H]-,-1.0,580.0461,-1.0,187.8
5473,CCS Compendium-8,Adenosine diphosphate ribose,C15H23N5O14P2,[M-H]-,-1.0,558.0655,-1.0,202.1
5488,CCS Compendium-8,Adenosine diphosphate ribose,C15H23N5O14P2,[M-H]-,-1.0,558.0655,-1.0,206.8
5503,CCS Compendium-8,Adenosine diphosphate ribose,C15H23N5O14P2,[M+H]+,1.0,560.0791,1.0,212.5
5518,CCS Compendium-8,Adenosine diphosphate ribose,C15H23N5O14P2,[M+Na]+,1.0,582.0605,1.0,217.6
5533,CCS Compendium-8,Guanosine monophosphate,C10H14N5O8P,[M-H]-,-1.0,362.0504,-1.0,169.4
5548,CCS Compendium-8,Guanosine diphosphate mannose,C16H25N5O16P2,[M-H]-,-1.0,604.0692,-1.0,208.8
5561,CCS Compendium-8,Inosinic acid,C10H13N4O8P,[M+Na-2H]-,-1.0,369.0228,-1.0,166.6
5576,CCS Compendium-8,Inosinic acid,C10H13N4O8P,[M-H]-,-1.0,347.0434,-1.0,171.4
5591,CCS Compendium-78,Inosinic acid,C10H13N4O8P,[M+H]+,1.0,349.0532,1.0,174.9
5606,CCS Compendium-78,Inosinic acid,C10H13N4O8P,[M+Na]+,1.0,371.0353,1.0,171.5
5621,CCS Compendium-8,ADP,C10H15N5O10P2,[M+Na-2H]-,-1.0,448.0035,-1.0,187.8
5640,CCS Compendium-78,ADP,C10H15N5O10P2,[M-H]-,-1.0,426.0216,-1.0,184.8
5659,CCS Compendium-78,ADP,C10H15N5O10P2,[M+H]+,1.0,428.033,1.0,187.2
5678,CCS Compendium-78,ADP,C10H15N5O10P2,[M+Na]+,1.0,450.0142,1.0,194.2
5697,CCS Compendium-8,Adenosine monophosphate,C10H14N5O7P,[M+Na-2H]-,-1.0,368.0372,-1.0,179.7
5716,CCS Compendium-8,Adenosine monophosphate,C10H14N5O7P,[M+Na]+,1.0,370.0489,1.0,177.1
5735,CCS Compendium-78,Adenosine monophosphate,C10H14N5O7P,[M-H]-,-1.0,346.0558,-1.0,174.1
5754,CCS Compendium-78,Adenosine monophosphate,C10H14N5O7P,[M+H]+,1.0,348.0686,1.0,171.5
5773,CCS Compendium-8,Coenzyme A,C21H36N7O16P3S,[M+Na-2H]-,-1.0,788.091,-1.0,245.9
5786,CCS Compendium-8,Coenzyme A,C21H36N7O16P3S,[M-H]-,-1.0,766.1084,-1.0,244.1
5799,CCS Compendium-8,Coenzyme A,C21H36N7O16P3S,[M+H]+,1.0,768.1217,1.0,241.4
5812,CCS Compendium-8,Coenzyme A,C21H36N7O16P3S,[M+Na]+,1.0,790.105,1.0,255.6
5825,CCS Compendium-8,Guanosine monophosphate,C10H14N5O8P,[M+Na-2H]-,-1.0,384.0332,-1.0,172.2
5840,CCS Compendium-8,Guanosine monophosphate,C10H14N5O8P,[M+H]+,1.0,364.064,1.0,179.6
5855,CCS Compendium-8,Guanosine monophosphate,C10H14N5O8P,[M+Na]+,1.0,386.0452,1.0,174.3
5870,CCS Compendium-6,Pyridoxal 5'-phosphate,C8H10NO6P,[M-H]-,-1.0,246.0173,-1.0,150.1
5885,CCS Compendium-6,Pyridoxal 5'-phosphate,C8H10NO6P,[M+H]+,1.0,248.0319,1.0,151.7
5900,CCS Compendium-6,Pyridoxal 5'-phosphate,C8H10NO6P,[M+Na]+,1.0,270.0138,1.0,161.4
5915,CCS Compendium-8,Pyridoxal,C8H9NO3,[M-H]-,-1.0,166.0504,-1.0,129.2
5930,CCS Compendium-8,Pyridoxal,C8H9NO3,[M+H]+,1.0,168.0654,1.0,131.3
5945,CCS Compendium-8,Pyridoxal,C8H9NO3,[M+Na]+,1.0,190.0465,1.0,142.7
5960,CCS Compendium-8,Pyridoxal 5'-phosphate,C8H10NO6P,[M+Na-2H]-,-1.0,267.9997,-1.0,153.2
5975,CCS Compendium-8,Pyridoxal 5'-phosphate,C8H10NO6P,[M-H]-,-1.0,246.0174,-1.0,149.4
5990,CCS Compendium-78,Pyridoxal 5'-phosphate,C8H10NO6P,[M+H]+,1.0,248.0313,1.0,152.4
6005,CCS Compendium-78,Pyridoxal 5'-phosphate,C8H10NO6P,[M+Na]+,1.0,270.0148,1.0,162.4
6020,CCS Compendium-8,1-Methylnicotinamide,C7H9N2O,[M+]+,,137.0712,,126.1
6035,CCS Compendium-8,Nicotinic acid,C6H5NO2,[M-H]-,-1.0,122.0271,-1.0,121.3
6050,CCS Compendium-8,Nicotinic acid,C6H5NO2,[M+H]+,1.0,124.0407,1.0,123.9
6065,CCS Compendium-78,Quinolinic acid,C7H5NO4,[M-H]-,-1.0,166.015,-1.0,128.0
6080,CCS Compendium-78,Quinolinic acid,C7H5NO4,[M+H]+,1.0,168.0277,1.0,134.9
6095,CCS Compendium-8,Niacinamide,C6H6N2O,[M+Na]+,1.0,145.0368,1.0,136.4
6110,CCS Compendium-78,Niacinamide,C6H6N2O,[M+H]+,1.0,123.0557,1.0,126.7
6125,CCS Compendium-78,Pyridoxamine,C8H12N2O2,[M-H]-,-1.0,167.0826,-1.0,136.4
6140,CCS Compendium-78,Pyridoxamine,C8H12N2O2,[M+H]+,1.0,169.0968,1.0,134.4
6155,CCS Compendium-78,Pyridoxamine,C8H12N2O2,[M+Na]+,1.0,191.0789,1.0,145.7
6170,CCS Compendium-78,Thymidine,C10H14N2O5,[M-H]-,-1.0,241.0851,-1.0,154.2
6185,CCS Compendium-78,Thymidine,C10H14N2O5,[M+Na]+,1.0,265.0796,1.0,161.2
6200,CCS Compendium-8,Deoxycytidine,C9H13N3O4,[M-H]-,-1.0,226.0847,-1.0,149.1
6215,CCS Compendium-8,Deoxycytidine,C9H13N3O4,[M+K]+,1.0,266.0527,1.0,158.5
6230,CCS Compendium-78,Deoxycytidine,C9H13N3O4,[M+Na]+,1.0,250.0771,1.0,156.1
6245,CCS Compendium-78,Deoxyuridine,C9H12N2O5,[M-H]-,-1.0,227.0671,-1.0,150.0
6260,CCS Compendium-78,Deoxyuridine,C9H12N2O5,[M+Na]+,1.0,251.0625,1.0,157.3
6275,CCS Compendium-7,Uridine,C9H12N2O6,[M+H]+,1.0,245.0774,1.0,161.1
6294,CCS Compendium-78,Uridine,C9H12N2O6,[M-H]-,-1.0,243.0631,-1.0,152.0
6313,CCS Compendium-78,Uridine,C9H12N2O6,[M+Na]+,1.0,267.0581,1.0,162.5
6332,CCS Compendium-8,Cytidine,C9H13N3O5,[M-H]-,-1.0,242.0804,-1.0,150.0
6347,CCS Compendium-8,Cytidine,C9H13N3O5,[M+H]+,1.0,244.0927,1.0,151.6
6362,CCS Compendium-8,Cytidine,C9H13N3O5,[M+Na]+,1.0,266.0743,1.0,159.5
6377,CCS Compendium-8,Deoxyuridine triphosphate,C9H15N2O14P3,[M+Na-2H]-,-1.0,488.947,-1.0,188.9
6392,CCS Compendium-8,Deoxyuridine triphosphate,C9H15N2O14P3,[M-H]-,-1.0,466.9659,-1.0,178.5
6407,CCS Compendium-8,Deoxyuridine triphosphate,C9H15N2O14P3,[M+Na]+,1.0,490.9617,1.0,185.1
6422,CCS Compendium-7,dCMP,C9H14N3O7P,[M+H]+,1.0,308.0648,1.0,164.5
6437,CCS Compendium-8,dCMP,C9H14N3O7P,[M+Na]+,1.0,330.0446,1.0,156.6
6452,CCS Compendium-78,dCMP,C9H14N3O7P,[M-H]-,-1.0,306.0509,-1.0,163.7
6467,CCS Compendium-78,dCMP,C9H14N3O7P,[M+Na]+,1.0,330.0446,1.0,164.9
6482,CCS Compendium-7,5-Thymidylic acid,C10H15N2O8P,[M+H]+,1.0,323.0644,1.0,162.8
6497,CCS Compendium-8,5-Thymidylic acid,C10H15N2O8P,[M+Na-2H]-,-1.0,343.0309,-1.0,167.7
6512,CCS Compendium-8,5-Thymidylic acid,C10H15N2O8P,[M+Na-2H]-,-1.0,343.0318,-1.0,176.2
6527,CCS Compendium-8,5-Thymidylic acid,C10H15N2O8P,[M+Na]+,1.0,345.0467,1.0,173.5
6542,CCS Compendium-78,5-Thymidylic acid,C10H15N2O8P,[M-H]-,-1.0,321.0488,-1.0,163.8
6557,CCS Compendium-8,dUMP,C9H13N2O8P,[M+Na-2H]-,-1.0,329.0154,-1.0,162.1
6572,CCS Compendium-8,dUMP,C9H13N2O8P,[M+Na-2H]-,-1.0,329.0154,-1.0,171.9
6587,CCS Compendium-8,dUMP,C9H13N2O8P,[M-H]-,-1.0,307.033,-1.0,159.2
6602,CCS Compendium-8,dUMP,C9H13N2O8P,[M+Na]+,1.0,331.0292,1.0,168.1
6617,CCS Compendium-8,Uridine diphosphate glucose,C15H24N2O17P2,[M+Na-2H]-,-1.0,587.0294,-1.0,215.7
6630,CCS Compendium-8,Uridine diphosphate glucose,C15H24N2O17P2,[M-H]-,-1.0,565.0496,-1.0,207.3
6643,CCS Compendium-8,Uridine diphosphate glucose,C15H24N2O17P2,[M+K]+,1.0,605.0069,1.0,216.4
6656,CCS Compendium-8,Uridine diphosphate glucose,C15H24N2O17P2,[M+Na]+,1.0,589.0422,1.0,210.5
6669,CCS Compendium-8,Uridine diphosphategalactose,C15H24N2O17P2,[M+Na-2H]-,-1.0,587.0295,-1.0,215.7
6682,CCS Compendium-8,Uridine diphosphategalactose,C15H24N2O17P2,[M-H]-,-1.0,565.0467,-1.0,207.3
6695,CCS Compendium-8,Uridine diphosphategalactose,C15H24N2O17P2,[M+K]+,1.0,605.0065,1.0,216.4
6708,CCS Compendium-8,Uridine diphosphategalactose,C15H24N2O17P2,[M+Na]+,1.0,589.0419,1.0,210.5
6721,CCS Compendium-8,Uridine triphosphate,C9H15N2O15P3,[M+Na-2H]-,-1.0,504.9426,-1.0,190.2
6736,CCS Compendium-8,Uridine triphosphate,C9H15N2O15P3,[M-H]-,-1.0,482.9623,-1.0,180.1
6751,CCS Compendium-8,Uridine triphosphate,C9H15N2O15P3,[M+H]+,1.0,484.9755,1.0,186.9
6766,CCS Compendium-8,Uridine triphosphate,C9H15N2O15P3,[M+Na]+,1.0,506.9545,1.0,188.5
6781,CCS Compendium-8,Uridine 5'-diphosphate,C9H14N2O12P2,[M+Na-2H]-,-1.0,424.9773,-1.0,178.7
6796,CCS Compendium-8,Uridine 5'-diphosphate,C9H14N2O12P2,[M-H]-,-1.0,402.9956,-1.0,172.9
6811,CCS Compendium-8,Uridine 5'-diphosphate,C9H14N2O12P2,[M+H]+,1.0,405.0095,1.0,176.5
6826,CCS Compendium-8,Uridine 5'-diphosphate,C9H14N2O12P2,[M+Na]+,1.0,426.9909,1.0,178.1
6841,CCS Compendium-8,Uridine 5'-diphosphate,C9H14N2O12P2,[M+Na]+,1.0,426.9909,1.0,181.7
6856,CCS Compendium-8,CDP-ethanolamine,C11H20N4O11P2,[M+Na-2H]-,-1.0,467.0351,-1.0,185.9
6871,CCS Compendium-8,CDP-ethanolamine,C11H20N4O11P2,[M-H]-,-1.0,445.0534,-1.0,188.1
6886,CCS Compendium-8,CDP,C9H15N3O11P2,[M+Na-2H]-,-1.0,423.9928,-1.0,176.3
6901,CCS Compendium-8,CDP,C9H15N3O11P2,[M-H]-,-1.0,402.0119,-1.0,174.2
6916,CCS Compendium-8,CDP,C9H15N3O11P2,[M+H]+,1.0,404.0233,1.0,175.6
6931,CCS Compendium-8,CDP,C9H15N3O11P2,[M+Na]+,1.0,426.0052,1.0,179.9
6946,CCS Compendium-8,Uridine 5'-monophosphate,C9H13N2O9P,[M+Na-2H]-,-1.0,345.0122,-1.0,164.1
6961,CCS Compendium-78,Uridine 5'-monophosphate,C9H13N2O9P,[M-H]-,-1.0,323.0317,-1.0,162.3
6976,CCS Compendium-78,Uridine 5'-monophosphate,C9H13N2O9P,[M+H]+,1.0,325.0437,1.0,167.0
6991,CCS Compendium-78,Uridine 5'-monophosphate,C9H13N2O9P,[M+Na]+,1.0,347.0256,1.0,172.8
7006,CCS Compendium-8,Cytidine monophosphate,C9H14N3O8P,[M+Na-2H]-,-1.0,344.0266,-1.0,163.3
7025,CCS Compendium-78,Cytidine monophosphate,C9H14N3O8P,[M-H]-,-1.0,322.0439,-1.0,165.1
7044,CCS Compendium-78,Cytidine monophosphate,C9H14N3O8P,[M+H]+,1.0,324.0578,1.0,167.1
7063,CCS Compendium-78,Cytidine monophosphate,C9H14N3O8P,[M+Na]+,1.0,346.0393,1.0,168.7
7082,CCS Compendium-8,Kynurenic acid,C10H7NO3,[M+H]+,1.0,190.0497,1.0,136.6
7097,CCS Compendium-8,Kynurenic acid,C10H7NO3,[M+Na]+,1.0,212.0312,1.0,151.2
7112,CCS Compendium-78,Kynurenic acid,C10H7NO3,[M-H]-,-1.0,188.0365,-1.0,135.3
7127,CCS Compendium-8,Xanthurenic acid,C10H7NO4,[M-H]-,-1.0,204.0317,-1.0,134.6
7142,CCS Compendium-8,Xanthurenic acid,C10H7NO4,[M+H]+,1.0,206.0446,1.0,140.4
7157,CCS Compendium-8,Xanthurenic acid,C10H7NO4,[M+Na]+,1.0,228.0265,1.0,148.0
7172,CCS Compendium-8,Protoporphyrin IX,C34H34N4O4,[M+H]+,1.0,563.2629,1.0,241.7
