well	0	1200	2400	3600	4800	6000	7200	8400	9600	10800	12000	13200	14400	15600	16800	18000	19200	20400	21600	22800	24000	25200	26400	27600	28800	30000	31200	32400	33600	34800	36000	37200	38400	39600	40800	42000	43200	44400	45600	46800	48000	49200	50400	51600	52800	54000	55200	56400	57600	58800	60000	61200	62400	63600	64800	66000	67200	68400	69600	70800	72000	Summary
A1	0.07085918275698823	0.05492777791948056	0.03943692527934238	0.031326277691182375	0.02746099850580506	0.026052762746573824	0.028178675796062726	0.029838007527797066	0.03388017654927093	0.03976576083786658	0.04774628998084455	0.05649848104843151	0.06679783087729203	0.07401629494701892	0.07799422507043247	0.08027865776932971	0.08255153449388095	0.08751868324582027	0.09751224379873465	0.10830304283627946	0.12006192596013915	0.12996391564704557	0.13998532735661712	0.15195833685652105	0.1677231705946767	0.1866029656731625	0.2086138282417725	0.2311551949543847	0.2533136100549936	0.2760187240984085	0.29974984600770643	0.3268527321358848	0.3563378081640584	0.38500376351429616	0.41558687484576656	0.4468963335199797	0.48361652221722373	0.5261231844053149	0.5709783356607834	0.6214672910377494	0.6763729445247997	0.7348294636484586	0.7985363674137583	0.8657709750119266	0.9381670558881752	1.0142129623735148	1.0908602262535771	1.165480755639312	1.2386750727688876	1.3138369965040517	1.3864294241733546	1.4582994753615286	1.5243638830683024	1.5893807978806813	1.6543007640429275	1.7153404641009924	1.7706709167950028	1.8260029040352463	1.8806817789182348	1.9470523241844173	2.016172447737982	Growth with valine supplementation without hyperosmotic stress.
A3	0.0677396791979881	0.058492135098599324	0.04853815446962212	0.04295342407798108	0.039388767893672606	0.03694685036592291	0.03742652505697406	0.041602847709870584	0.047181679170845134	0.05850344004854322	0.06901110397348231	0.07512552104346111	0.07953845861832948	0.0866243931817368	0.08931825372673928	0.09276953385667834	0.09374031354031655	0.09236115869998414	0.09400442342599577	0.09814977328546044	0.10712112681614369	0.12429982926747249	0.1427882355640852	0.16430893014745768	0.18312521914139737	0.2031985457081884	0.22674348673746722	0.24774474112943648	0.2729987630766334	0.2998836034439619	0.3290311228431267	0.36093350534252205	0.3942374531993747	0.42815875018081934	0.4673960186202779	0.5110816433304055	0.5607021016975607	0.6159478969140204	0.6708884335638414	0.7276867344246156	0.7853688176411665	0.8442016281969853	0.9095627377638255	0.9788198427375197	1.0510220402253878	1.1234478272761574	1.1934430363519306	1.2647283738345108	1.333679466950547	1.4009513052539624	1.4653622725814082	1.5311589559972143	1.6014235751605534	1.6707124507753004	1.7333516988048965	1.7911743805555809	1.845761190254718	1.89806993417894	1.9525828107882053	2.0058011471642083	2.059058144383954	Growth with physiological lysine supplementation without hyperosmotic stress.
A4	0.07463555587173111	0.06619846524130965	0.05839520405041751	0.05177325268268956	0.04803104064738644	0.047022913755592095	0.04385387404319545	0.04082874624655757	0.03791839929461494	0.039103079057812434	0.045135469837768484	0.049846665457340046	0.05238714157299465	0.0521658664334456	0.04831737505146474	0.04352429157198121	0.037597135965985386	0.03309368487719573	0.030246124904976936	0.031509106366909206	0.033974933095839384	0.03674045505138839	0.04028319966053009	0.04306701400542054	0.04275791575623971	0.043332211339116314	0.04640419096239879	0.05176247640984458	0.058601733793468724	0.06198497560508534	0.06487604780841198	0.06799154338440583	0.07371460795975016	0.07979554846795126	0.0904329361729866	0.10171718311874389	0.11510553796990258	0.12772599740909477	0.13906883777571877	0.1525983526405311	0.16928613725790545	0.18792489609852503	0.20987079721157356	0.23504696538243391	0.264090883643354	0.2956672104008029	0.32952632364690526	0.3636523974336808	0.39916672538534337	0.43743402272372794	0.4772158612277902	0.5247582234020036	0.5781856000600056	0.6345865177513061	0.6942966903813309	0.755100479916261	0.8159627321114177	0.8807255204819561	0.953272897909919	1.030002456203094	1.107456205032884	Growth with supraphysiological lysine supplementation without hyperosmotic stress.
A5	0.05327065741515833	0.03777472808612967	0.022201281739521333	0.013494331348270595	0.010685060393828685	0.011077355679737945	0.011610935221584275	0.010474946625960197	0.008551515443155928	0.005819393389530368	0.005299535486789917	0.006045349015187245	0.007522928771473027	0.009342100846693036	0.00999340379118598	0.01	0.01	0.01100534852750894	0.012659609411601006	0.014043346958799004	0.015905560706007175	0.014827486875813214	0.011908600244075475	0.008840236533088111	0.006948689625496425	0.006694580831186421	0.005994280715330476	0.004879412557276626	0.004078063526500348	0.004510247100395509	0.006522769595585312	0.007764852511337401	0.009143945312119985	0.010693913733146262	0.014025497124137932	0.02020407133460974	0.027268176506211404	0.03381963175036762	0.03796812388524353	0.04410951492415978	0.05477589263121769	0.06758354280468133	0.08324077877009847	0.0982696726874178	0.11285140215646729	0.12620112110520595	0.13662539655556838	0.14367617535009722	0.1533196922890356	0.16586262683031167	0.18179793778749523	0.20042202513051732	0.22151430583577755	0.24336361630256045	0.2663428955398911	0.2909229004342513	0.3187013960885653	0.3519689919312578	0.3929670726484715	0.43889232156595526	0.48508679059508425	Growth with supraphysiological lysine supplementation under hyperosmotic stress.
A6	0.019596870520477202	0.015040569266034507	0.01027122838857559	0.009383490504566506	0.010000000000000002	0.01	0.00912032266349067	0.0077320089807398126	0.007394168485097375	0.007410944689470634	0.008756545130569731	0.009609055033441016	0.00880783047035557	0.007481058264074823	0.006252229098908836	0.005144389527601425	0.005786159961088337	0.0059949847205136445	0.006942887055019527	0.008730245113545367	0.012801627022008166	0.018150766272272596	0.021734397292671587	0.022446243383435087	0.021305402624548657	0.021887998044744974	0.025980801814593956	0.030386468447942364	0.03324728838300822	0.03478945593032917	0.036469225500016515	0.04106055149576817	0.048830342225910366	0.059639871923857175	0.07573465778762746	0.09184521307780026	0.10737618457203588	0.12051888580598419	0.13060684482865817	0.14392594567734043	0.16092377811776287	0.17844041256037835	0.1959816811045928	0.21278951118914832	0.23365335897118047	0.2568809995067394	0.27487677682228756	0.2927081544685581	0.3076346724121345	0.3313772873788962	0.36050522421927844	0.39400980137664304	0.42909751045114825	0.464734730156648	0.5013936035494971	0.5393855617373092	0.5795782844509247	0.6226729706932991	0.6689873629620224	0.7162195820719234	0.7637390956122574	Growth with physiological lysine supplementation under hyperosmotic stress.
A7	0.027846940670666755	0.022412706654913437	0.01635247962082761	0.013636966866169158	0.012644692776426242	0.012411989951649167	0.011887502859387005	0.01025081532746675	0.008133666876594562	0.006485433879810126	0.007749225993966258	0.011266836580556796	0.014433898269213047	0.014153407641723143	0.012627260889289794	0.009371382050145831	0.008991491789776285	0.009118126037425128	0.008402913016783439	0.00746198606032674	0.0069448961783256805	0.007851069680516022	0.007526695414194479	0.008531486307951438	0.00827277077707365	0.008394736788389326	0.008829621072477591	0.008616107853038549	0.011128052294981376	0.017110593027939092	0.025781615069143005	0.03575513089770211	0.04402163923321581	0.05037917520014855	0.059480257530064314	0.06893571567015502	0.0787127620786244	0.08574021353745107	0.08853082470604799	0.09371945423341474	0.10470867133100241	0.11755983096342931	0.13190281827734085	0.14366556076490583	0.15257645792850794	0.16476068746456662	0.18004740620216653	0.19508715462118317	0.2076569724949079	0.2178013891402641	0.22367179396133044	0.2258569375715122	0.23706401610256478	0.2487526284885224	0.2705377342459794	0.2986973689196567	0.32905837169762836	0.3633652923489073	0.405767664458753	0.4535555957374546	0.5018852045233937	Growth with supraphysiological lysine supplementation under hyperosmotic stress.
A8	0.049002477595499	0.03784063671129521	0.026356809728588323	0.019993156129324546	0.016911127126307667	0.018134293817466864	0.022698969347048785	0.026350664785999088	0.02938706745642069	0.03260038253595505	0.037676476974592824	0.04512267052825158	0.05135903237002194	0.05380376024692265	0.055851549802385506	0.060227857749407934	0.06923528537178007	0.08468945271646447	0.10046753919794049	0.11537403630037826	0.1307675683095807	0.14578291518438824	0.1613401896030664	0.17431210556976034	0.18820680070149923	0.20468404094389003	0.2284035808064207	0.2560048483261236	0.28273779138431965	0.3091349679879101	0.3351459467407508	0.3638892412812251	0.39730633331189963	0.43442940024381627	0.47590580605484467	0.521213601905648	0.5701976754977051	0.6208187467952231	0.6749629106821015	0.7317644057692042	0.7904074488500367	0.8542813580211898	0.9218189285715656	0.9933785780908251	1.0670076230753403	1.1402045694284009	1.2107021889985998	1.279366132010119	1.3472915181157767	1.4136082317488767	1.4782011311740835	1.5419225572947242	1.6048626760857192	1.6683727390473646	1.7128180150020929	1.7633066132961752	1.8041611995838212	1.854306116066696	1.912281921573588	1.9746879626403033	2.0370537976518692	Baseline growth without any supplementation or hyperosmotic stress.
A9	0.009999999999999998	0.009999999999999998	0.009999999999999998	0.009999999999999998	0.01	0.009985341216310367	0.009958763108812508	0.009966358959897285	0.0099587631088125	0.009985341216310365	0.009999999999999998	0.01	0.009999999999999998	0.01	0.009999999999999998	0.009999999999999998	0.009999999999999998	0.009999999999999998	0.009999999999999998	0.009999999999999998	0.009999999999999998	0.009999999999999998	0.009999999999999998	0.009999999999999998	0.01	0.009999999999999998	0.012247517250538879	0.016781692668666966	0.02275671548824465	0.032058358764817885	0.04075510865329407	0.04782264907529918	0.05440329477449932	0.05758706885128649	0.06313693556013944	0.07074614051424614	0.08058140535936328	0.09058271327037522	0.09992274061645202	0.11193688273067559	0.12343277983428803	0.13358634748792214	0.14193510599538217	0.14828155617334957	0.15503333333333597	0.1675	0.15583333333333335	0.17193333333333335	0.20946666666664987	0.22658241824236325	0.24362557743927454	0.2606513705398867	0.2776864022774786	0.2966117632218526	0.3122916798756048	0.3530590631951601	0.39754053133767664	0.4444898106730085	0.49593086759787774	0.5498354685701916	0.6044417917806424	Growth with supraphysiological lysine supplementation under hyperosmotic stress.
A10	0.010007485797660236	0.008752192265472357	0.007914901871479705	0.007980330419403969	0.009214698500645128	0.01	0.009290385325747658	0.008170165330467303	0.008008750535192176	0.008169988798974697	0.008952081263772125	0.009285820798608653	0.009518415694769826	0.008944845398269967	0.00767827027694808	0.006531114058499476	0.005892186421867847	0.006373268327854178	0.007294745477199061	0.008143331468647408	0.010859358232775495	0.012903211683198848	0.013411960554956706	0.012355601983507726	0.009880263412427022	0.009260572516498877	0.009389974391216964	0.00981482803458656	0.01180929661332162	0.013310127726608837	0.01548768159939161	0.01626089893534831	0.016122867782065384	0.016724190233236052	0.01866607412264355	0.02009105552917361	0.022033144849962102	0.02239976326865141	0.02041102714992567	0.017090272940478626	0.01442473430919618	0.011824870041625876	0.011399113029599306	0.011217568211294127	0.013101791326128405	0.01560556030945641	0.01653337222966716	0.015044446160272677	0.013842173704511433	0.014064075769659755	0.01321835457767455	0.013450051403990722	0.014129502711102472	0.017084589308274545	0.02086749752838105	0.02064454176388821	0.019973892014458143	0.017974973923771845	0.019285940599277084	0.02225724306950333	0.025151587856832937	Media control
A11	0.002836181817416414	0.004973114240878271	0.007279233485512427	0.008498847538295754	0.009448102073136401	0.01	0.01	0.01	0.009999999999999998	0.010046663238601114	0.010266884428060945	0.010076275366560338	0.009380324984616587	0.009114303607076808	0.009195995737150454	0.010485352891627856	0.012815727829066646	0.015806524721000338	0.018269581209585235	0.020742684478591657	0.022172115714702553	0.02441088687992783	0.02798876039953633	0.03086357876755199	0.034885056568081385	0.038972061857042245	0.04552533949763021	0.05476886138347855	0.06301479306328364	0.07090620095610649	0.07586529607541466	0.0797143247897436	0.08394490744023564	0.0897369287644549	0.09683413500737278	0.10500656254631258	0.11108878005184118	0.11299021012968845	0.11589712172664281	0.11802005063574779	0.12102477071012896	0.12568742120464302	0.1358748278607575	0.15458851483337796	0.1509043504921906	0.14792488226599002	0.1449494713070257	0.1585190773681923	0.17312211896116728	0.18803265107859057	0.2030690563774612	0.21821191229910442	0.23666435016689127	0.25716924846199135	0.2794361911790285	0.303574011245188	0.3268168519483275	0.35105389693806277	0.3767682119410005	0.40382934329054565	0.43127667164620176	Growth with valine supplementation under hyperosmotic stress.
A12	0.0033591625042123313	0.005912824338431972	0.008371962504542385	0.009415546250195542	0.008808571546958176	0.007554074969157957	0.006713435888896001	0.005835535802796532	0.005929386825647266	0.0072813192129703875	0.00794454204407168	0.009239847596892387	0.010000000000000002	0.010000000000000002	0.009999999999999998	0.009999999999999998	0.009999999999999998	0.009999999999999998	0.009999999999999998	0.009999999999999998	0.009999999999999998	0.01	0.010000000000000002	0.009208754395184308	0.007411088227926459	0.006552737790220468	0.0068158034958860836	0.008209480217374674	0.009286835361179562	0.009901515997122528	0.011766262126319062	0.016643089335330954	0.02401959022189029	0.03173563146988318	0.03835716497669321	0.04434264854710349	0.051982615429466854	0.06017967561296324	0.07021824121283768	0.07982150784215426	0.08977557417306875	0.09716596655528964	0.10124636428689532	0.10257838845171799	0.10360441008202959	0.108812440688041	0.1187282823935829	0.13344116298059172	0.15020115218744218	0.16616510212877153	0.18201050468340618	0.19716617815028248	0.21434975283608124	0.231547561581325	0.25103622846029927	0.2724719542914485	0.2948702047981773	0.3201836107509509	0.34659314038918415	0.37639475783120874	0.406978481271285	Growth under hyperosmotic stress without any supplementation.
B1	0.06174863468424506	0.06076791321956673	0.06024275152038898	0.0627964441513315	0.06896443949819464	0.07768973192105791	0.08743103095698564	0.09606395328996571	0.10405464578382652	0.11246455778739545	0.12239498280450549	0.13130624437441438	0.13583992543391576	0.13719051771759766	0.1371488620951757	0.13924588527766227	0.14307220631702933	0.14929422958871802	0.15679083991610754	0.16489078868042203	0.17398050260592063	0.182655251165994	0.19150621464016385	0.20084173126492935	0.21014982544302646	0.22352063533100686	0.24016192898841895	0.2516096626376371	0.27042523594260415	0.2881861275109287	0.31044480629146554	0.33398171628866896	0.35004503497231465	0.3581907174978213	0.3612213540196075	0.3592913778283103	0.3517780998823421	0.3356328996662033	0.32751190119296997	0.317070067589899	0.32776042205287154	0.354142387265836	0.3827967327510165	0.41128105025812217	0.44296451919401186	0.47391899881078525	0.5107487093091019	0.5510042090581083	0.60161939175261	0.659213221007373	0.7164024233486983	0.7760924305725316	0.8344094868393617	0.8950603295148184	0.954456941998805	1.0141990603848352	1.0743942856629487	1.135691833126589	1.2018933146493027	1.2731734618262454	1.344850667734101	Growth with supraphysiological lysine supplementation without hyperosmotic stress.
B2	0.025642623085199292	0.022075721120116232	0.017890821382862323	0.014867196713590944	0.011161708107040988	0.009170348068506312	0.008991551553498758	0.0095729622750399	0.010288842051444022	0.012060133942826614	0.01403916559533593	0.014415877299294824	0.01528190768347322	0.013484789369016037	0.011579969701288589	0.00968616580152616	0.008223515434154638	0.010207753950509992	0.0126509026440638	0.013673374451136627	0.014675604352218395	0.015036790570939668	0.016654263971685394	0.01872889662510139	0.02052745976575324	0.023887850815751618	0.03002834934218595	0.036660450248583214	0.04238389216540964	0.04824116604880699	0.055818947879896316	0.06581830541440864	0.07784210534241491	0.08885520071073438	0.10172697522894064	0.11615439427949856	0.13413611776636686	0.15423627237912546	0.1742566107915687	0.1928494381348178	0.2075805927941336	0.2192976236949407	0.2294423078975156	0.24175530844106644	0.2599087260729368	0.2810097485687225	0.30763646296001695	0.3268082953360726	0.33983047314001835	0.34916815597170153	0.3610762692492245	0.3828722022030607	0.409840840225149	0.44639596575914187	0.48408120309688607	0.5228813721114371	0.5633114400999206	0.608275821398725	0.660983160647086	0.7181735917087997	0.7759945767197367	Growth with physiological lysine supplementation under hyperosmotic stress.
B3	0.030087413400988552	0.020669284564824204	0.011715845899508593	0.007885511810335661	0.00617678869893183	0.006729991901262506	0.010142963632700223	0.015415450127116672	0.02363192040971494	0.033849420080899764	0.04269000490557525	0.05043339399289454	0.05553553851037587	0.05999549442321064	0.06626825160265455	0.07666212703883946	0.08877616133347913	0.10185147420128257	0.11527263877509847	0.1296196730006953	0.14449042797469705	0.16019242439501966	0.1744355096732359	0.18864599695051326	0.20579487857341708	0.22667047413762798	0.25379070759750905	0.28064868588998826	0.30720070352444906	0.33254864538324397	0.35897959783781075	0.3897408792162279	0.4244983014363406	0.46110490042074304	0.5045207607633472	0.5537943813874184	0.6098206079207568	0.6692466028763451	0.7280834616004211	0.7898740620435609	0.8590430353173961	0.9311092990544951	1.007074645368407	1.0829303088371771	1.1583535422644797	1.2349036589055968	1.310654664460737	1.3823749565484413	1.4489013428425785	1.5134026481406608	1.574017262539505	1.6368662556436913	1.6963130784105218	1.7535416884923598	1.802792028354877	1.8435955083174331	1.8954785698645302	1.9381563336892829	1.9992088645229935	2.064166041465822	2.1287605502243228	Growth with valine supplementation without hyperosmotic stress.
B4	0.004942872053178699	0.007158836639186055	0.009261934177520956	0.010000000000000002	0.009827821485921033	0.009558253298252939	0.0095063296048501	0.009558748455018425	0.010043912293603144	0.01127523829963897	0.012852624003296745	0.013299643676402387	0.013963251645258603	0.013493431976653194	0.0137590182559155	0.012029195956194231	0.010562563597398681	0.009999752797808924	0.009762803420450748	0.010291543982290378	0.008594867537054757	0.011626697993722245	0.018000325942026732	0.029731307957874795	0.021720245674494282	0.017708978448184302	0.009174766359690709	0.008340683407148613	0.008602216247837762	0.010696551800756557	0.015060924973102933	0.020898982436162783	0.027659903238366014	0.032843480682222655	0.038582710630776854	0.04340891099923307	0.0493322582120522	0.055458076698923664	0.06013504603845119	0.06515275590483707	0.07120370426550902	0.0783206903001666	0.08899143406947775	0.10180841881844342	0.11462290143006093	0.12695345246725842	0.14040598581289343	0.15695521013457972	0.17576054411066608	0.19871860623614634	0.22241115341371587	0.24599184552798364	0.27107678573223587	0.2994567142527799	0.3320330380002985	0.37396072815932724	0.4186420693113313	0.46838515719579754	0.5234000690379806	0.5792604911530761	0.6354789020948788	Growth with supraphysiological lysine supplementation under hyperosmotic stress.
B5	0.010000000000000004	0.01	0.009999999999999998	0.01	0.009798661201737337	0.009405600563280665	0.009319563732399162	0.009378569417955417	0.009711755088872951	0.009917832077604698	0.009902053995657602	0.009967759154713556	0.01	0.01	0.009999999999999998	0.009999999999999998	0.009999999999999998	0.01	0.009999999999999998	0.009999999999999995	0.010000000000000012	0.010000000000000002	0.009801780896733857	0.009382197020718396	0.00928988270025048	0.009360398941061093	0.009780719258938008	0.009999999999999997	0.010000000000000002	0.009999999999999998	0.01	0.01	0.009824379903732113	0.009547017853896075	0.009510029262355127	0.009547017853896075	0.009826274935322316	0.010000000000000002	0.010000000000000009	0.01000000000000001	0.009999999999999998	0.00999999999999998	0.009999999999999998	0.009999999999999993	0.009999999999999998	0.009999999999999998	0.009999999999999998	0.010000000000000002	0.01	0.009999999999999998	0.010000000000000113	0.009999999999999986	0.009999999999999967	0.009999999999999853	0.009999999999999995	0.01	0.01	0.010000000000000007	0.009999999999999946	0.010000000000000016	0.009999999999999967	Media control
B6	0.010041969818164008	0.006391057192492185	0.0032994552751022593	0.0040511193318001825	0.006552819801965118	0.009030304389266908	0.01	0.01	0.01	0.010976656693219714	0.012518966294596848	0.013736241299754351	0.014003447268092169	0.011195661729290795	0.009395016758522542	0.007333494083878889	0.005919609751915029	0.0049190216214685615	0.00375020597294633	0.006651944425629049	0.012566691021409514	0.017549016943675926	0.01965878030895733	0.01687706946215827	0.012334776220678913	0.010524638547916592	0.013287512421757646	0.018320925318835772	0.02738509368302241	0.03933378518544128	0.04973915894112925	0.05863971197994948	0.06562154453873834	0.07430057696547482	0.09365721300013366	0.12045974085358857	0.15471907831220866	0.20258386858397798	0.2601960635377537	0.3313158202647865	0.4291333333333329	0.6451666666666667	0.8879333333333332	1.2814333333333332	1.6969999999999998	0.14193333333333333	0.20590000000000147	0.19133667778681085	0.1826213144913803	0.19413191507164373	0.20533182878470774	0.2203605718275794	0.23629715408695398	0.25329981404209634	0.27135727875123117	0.2875207421668208	0.30684076837893354	0.3321379655296838	0.3652871804587266	0.40388279605168836	0.4426238258206016	Growth with valine supplementation under hyperosmotic stress.
B7	0.009963439514613844	0.011092128757044812	0.012103523486477714	0.013606993659324614	0.014356671065036743	0.014109344472487965	0.0142455753415624	0.014669579985928313	0.017197788846140975	0.019696196113216848	0.02069580125289066	0.021254860505122826	0.022456282635735465	0.02524138296270863	0.027290786243192887	0.029424178647470024	0.029085902682319073	0.027006925707335858	0.024627155411216243	0.021229458947686373	0.01784907863136373	0.016150719594538947	0.015056670932458313	0.016976983200044628	0.021114087502088225	0.02374586386258669	0.026799615134201246	0.028083414856034366	0.027256625893161225	0.025842035216768564	0.02363362360655253	0.022671537110203054	0.02293478210453407	0.022984500594702455	0.020700081899375177	0.015810736140517003	0.012445880034610883	0.01140696536573829	0.012093781872029193	0.010317985850872778	0.008655540868786251	0.006027186715985608	0.009389729017729945	0.013275634964562818	0.016428133280749768	0.01700078322740229	0.017027287742223462	0.01697635766493981	0.01655684470513037	0.0161361216893149	0.014555113376484494	0.014215803421926184	0.0128935111945033	0.012275474161317594	0.010613833034989735	0.010214167389520405	0.01095639502970726	0.011190480416981593	0.010669220530308927	0.008127196470447138	0.005386804841054917	Media control
B8	0.010814285333566601	0.010048200153592438	0.009438516636337123	0.008639924305602372	0.008057816269240606	0.008423509201010178	0.008393951729649065	0.009074355186184237	0.01071960591840284	0.013931470090854707	0.01910455417850708	0.025096506214238774	0.02569999999999968	0.0489	0.22606666666666667	0.022499999999999964	0.09186666666666668	0.07933333333333341	0.047639381365548655	0.04642972245117233	0.05192432724638017	0.08349993596328159	0.13144723814932247	0.18760000000000035	0.2028555555555554	0.21811111111111117	0.23336666666666658	0.17790572506948069	0.12895021084938854	0.0681595974138878	0.0813889819138349	0.09146936151924911	0.10158358259573444	0.11014718034392214	0.12120829743435255	0.13395001173305046	0.14993390964232442	0.16683988665141575	0.18603822149476867	0.20716579090494489	0.23025856650384763	0.25587881346201113	0.283169099354215	0.31100204724715397	0.34188763596591726	0.37471291874939894	0.4110339083460117	0.4525544878632952	0.49871247747981623	0.5502400412455712	0.6062661485223436	0.6651827627471013	0.7272055673908847	0.7906325226343305	0.8541990858916871	0.922976996213414	0.9967806027280113	1.0734927974281723	1.1558255022181905	1.2377383535616722	1.3199672936821647	Growth with supraphysiological lysine supplementation without hyperosmotic stress.
B9	0.007369844550574112	0.00873583751669101	0.009563319365493953	0.011521510249870314	0.014376242058515424	0.01731182380281834	0.020319890816463987	0.0214943156291752	0.02212940212285096	0.026253596475929713	0.036980680864707106	0.045614761354493556	0.05449208271685444	0.054315806728274844	0.05310906877474279	0.05575447010910446	0.06387796914085951	0.07718832053090499	0.09146701698725736	0.10799010517880717	0.1243591080971117	0.14013918919238144	0.15574412158288714	0.16739916915141353	0.1820564070401104	0.1990846427037795	0.2215705636894147	0.25093742271325437	0.28202015240596257	0.3161757240513862	0.35048023971987186	0.3855297072862261	0.4235464338664345	0.4655010291369355	0.5118824502372961	0.5624481042092752	0.6145405535515741	0.6667851229616832	0.7211944236336212	0.778459824760048	0.8376493967254272	0.8996101824080951	0.964054067855672	1.0319254140470397	1.1024769198755642	1.1756303785662245	1.248254691268588	1.3196169143537282	1.3888880910825772	1.4535869061263473	1.5166047451779985	1.5802891588441152	1.6434007873317678	1.7051777462539697	1.760606027237268	1.8127747328992392	1.863129717122779	1.9132585861207416	1.963852476793845	2.0158384130285674	2.0683840057778484	Growth with physiological lysine supplementation without hyperosmotic stress.
B10	0.016036121087238876	0.0178677649617137	0.019314710798213192	0.022018344120429127	0.024077810848566947	0.023134793291669804	0.019358387773167045	0.013922478223457886	0.010649466547830892	0.009485082946890344	0.010672487044361242	0.009942341251190968	0.008013926931190928	0.007118602079262345	0.006449254468273596	0.005952602578181621	0.005854722398654165	0.0055687592145231375	0.006962788193142505	0.010698619961670519	0.013848712709121098	0.015779206028577943	0.015918589448169873	0.014292306069798606	0.01474569838406925	0.015726308796182885	0.01824411227741627	0.02106819855388614	0.023123715172124006	0.025527153276770326	0.02742572291651332	0.02984903485743382	0.03344272940613518	0.03817223552537847	0.04336321405955222	0.050393027478042	0.06005067822080564	0.07173709036201519	0.08748011269250866	0.10359907681345741	0.1174515403978968	0.12984097851248838	0.1413753999607882	0.15581166392091345	0.17349326066429394	0.19431671623705712	0.2147309960176139	0.23500744823302155	0.2526998806000168	0.26926570545360623	0.279508950473615	0.28375176467214963	0.284617962820105	0.2979612300201132	0.3113917644758433	0.33805764362097124	0.37620885934691556	0.4165786064202459	0.452996762508735	0.48537990342209036	0.5178044286867525	Growth under hyperosmotic stress without any supplementation.
B11	0.022099949367022555	0.02552194711079155	0.02823080817883822	0.030337202243464787	0.030902397444871697	0.03260077656873077	0.0331562953910575	0.0327544385154869	0.03204192022199816	0.032944813894489416	0.03904699625599728	0.043288532423019985	0.04710454272066317	0.04961951561245285	0.052011095959021224	0.056104334746675366	0.05920076710342548	0.06402285783334227	0.06961667493535763	0.07854402875359548	0.08986411275407351	0.0998588761776932	0.11161760772301145	0.12379074687672895	0.13980623450982385	0.15778270067936603	0.17661934494738202	0.19224090283184006	0.20853482125672157	0.22707905270673973	0.24760292255607036	0.27099361018713	0.294729615426061	0.3175488294675119	0.3408817427000701	0.3666708692670768	0.3964864220512984	0.43055409187628746	0.47036332955633636	0.5134711533516394	0.5606153238941921	0.6134672732274009	0.6717500147137103	0.7317586737367884	0.7949247707189577	0.8590245536367004	0.9256239651489431	0.9957963526498109	1.0685232529913133	1.1424020021894072	1.2170737893409986	1.292212746631805	1.3657716645738365	1.4375888780005333	1.5005096584320743	1.5609012842125227	1.6206032660068697	1.6758000321802684	1.725455005005197	1.7688809099139138	1.8107584029426569	Growth with valine supplementation without hyperosmotic stress.
C1	0.063611965686181	0.0498917494185634	0.03779428463880142	0.0261710610915284	0.022534848668674064	0.026136248813531365	0.033213843645743785	0.04080764881167536	0.048993193389500124	0.05473557680997806	0.06057897574766269	0.06839626949764409	0.07637448560313544	0.08344366405451802	0.09077104043055727	0.09758007608321345	0.12042299713850081	0.16157351881395585	0.2139112260182322	0.2694521406037977	0.31787513095231107	0.3185340341497296	0.3101597941169324	0.30107860744384857	0.29502422418905283	0.3096990660277197	0.33638674541867986	0.37147736778773854	0.40936359000220446	0.4491642893911075	0.49167181025598344	0.538174315592316	0.5896116672832339	0.6466839806519106	0.7086918539365348	0.7737946619880682	0.8448250322832112	0.9234137853325364	1.0091331501301375	1.094868712611827	1.1726202855201084	1.2450097482951596	1.312148913377079	1.3859796069328778	1.461527386334852	1.5405725233521217	1.6177598657061698	1.6867434699614776	1.742157002736707	1.7917088453408616	1.8406196420180279	1.894079789036938	1.937856631188591	1.9686668975712558	1.9894723879984602	2.008023729304375	2.031891079736679	2.062620376543329	2.1096543393300538	2.177793844110752	2.2464016069678427	Growth with physiological lysine supplementation without hyperosmotic stress.
C3	0.04775946096511538	0.04276709389877366	0.037830362192008464	0.03523658416614438	0.03328091000978326	0.03136613726835785	0.03473266900042203	0.041182864501360605	0.04723653498024189	0.05286861988120922	0.058512825228254205	0.06689545556361016	0.0761725025024563	0.08254184755688132	0.08829628891362037	0.09528101590000729	0.10528872464573262	0.118165990538013	0.13136190707568252	0.14345239953517724	0.1557791256839345	0.16891224156566542	0.18318062894809378	0.19731018901539465	0.2131011348521804	0.23371994260175813	0.25904042149492124	0.28757355985373534	0.3163235325826303	0.34500492271196037	0.3750174845544078	0.40842591660956373	0.4450359043299296	0.4845571711830179	0.5292079690958841	0.5784378112570375	0.6343585192377442	0.6920576360384345	0.7489699742859828	0.806808623965626	0.86882022522533	0.9346832198637107	1.0063382629181017	1.0813527083296897	1.1544755881068098	1.2256439185503225	1.2936484570628757	1.3629850968313921	1.4323140973799158	1.5000073525914404	1.5622579371906473	1.621023132223531	1.6776401525537268	1.729919934060374	1.773077373808403	1.813922412466933	1.8520126025562382	1.8876796731623067	1.9273482830660966	1.9847457423997612	2.0406724602224435	Baseline growth without any supplementation or hyperosmotic stress.
C4	0.005112997862437492	0.006422486245581516	0.007316719649299913	0.006799446396204553	0.005014263668840518	0.0031683419520762823	0.0038209525991750263	0.005923951024300973	0.007545443996363321	0.007655091962811153	0.007847984743513739	0.007967997830742764	0.00902131565503878	0.008664853495649988	0.006806763630730511	0.005467750955579857	0.005311611985420727	0.006816004100436568	0.008573737664236249	0.009653623172396547	0.010000000000000002	0.009224949018868457	0.007966970079140859	0.007843931907922607	0.007265069405887878	0.007441975746958202	0.0074975759591010705	0.0067124229891455415	0.0071696658280456715	0.006412858167075483	0.005850933157916207	0.005981296796930984	0.006311658778629721	0.007183561804286082	0.006590049125423514	0.006083646851304827	0.0053275365496954835	0.004780704836091465	0.004841479225281541	0.0055641620808590826	0.007503974681527904	0.010140262221388809	0.010138581874652148	0.008985274739868094	0.0067677522105428715	0.005013593293938441	0.004753124083383388	0.004864161205560642	0.00549774581440418	0.006332078735110673	0.007316601800789144	0.009032620635780628	0.010202604964000014	0.01066010620980027	0.011284088056387621	0.009917727856874378	0.009973086874855671	0.011248039764039833	0.012698682664238048	0.01424419617177054	0.01554420251712244	Media control
C5	0.048788913302121484	0.040375005829162855	0.03254108948071746	0.027716163899258805	0.026368159315343045	0.0268455519413335	0.029324453611144573	0.033584543772455434	0.03474310459055359	0.03596599911148011	0.04001061800018102	0.04732418080376911	0.05875439871684579	0.06963135529538653	0.08146585296221871	0.09474565129545488	0.10810287069200608	0.12396457501851083	0.13900228344032187	0.1534998581351193	0.16868635156394288	0.18407034568414432	0.20106539961359432	0.216894956030837	0.2341166940484547	0.2545223570549421	0.27932052660015755	0.3083461005492497	0.339333479074254	0.37468935930276037	0.41432194159677715	0.45686847494151017	0.5006618041407936	0.5462011576607491	0.5997157666302125	0.6590944853338098	0.7249625520692223	0.7926893755048623	0.8571236498877902	0.9250430836049653	0.9972805676972938	1.0729324196909724	1.1518491055778806	1.230415399959682	1.3073624168723883	1.3830330126340202	1.4580740021263485	1.531088012764074	1.6027239802765059	1.665353889093694	1.718066355775197	1.7618389077250072	1.800047585829657	1.832991131214698	1.8646610892649034	1.899285480155012	1.9333366078770853	1.9859308426646425	2.042652886437512	2.1015198355935607	2.1609923903080523	Growth with valine supplementation without hyperosmotic stress.
C6	0.03359362952825982	0.023941410079680384	0.014508236740450738	0.0103471507225098	0.010000000000000004	0.01	0.009999999999999998	0.009999999999999998	0.01	0.009999999999999998	0.009999999999999998	0.009999999999999998	0.009999999999999998	0.01	0.009999999999999998	0.009999999999999998	0.009999999999999998	0.009999999999999997	0.009999999999999998	0.009109892035950704	0.007639936130977339	0.006473041593006388	0.005395520064122998	0.006568040984083711	0.007818755411539405	0.008321343843177915	0.006905250907538291	0.005289103432535225	0.0050927306467069	0.008076261663018013	0.012996407843597318	0.01814035007574883	0.024852023188112533	0.036223633099206995	0.0512169370221522	0.06701181987143286	0.0799827935287242	0.08755399211513434	0.09356705131280332	0.09940542527606312	0.10911775469331851	0.12314026679718032	0.13951564986975254	0.15493056683876122	0.16794637176379043	0.18034128862336157	0.19225165975087383	0.1962067128090701	0.20226295921961943	0.20529752883433908	0.22253357071608557	0.24186221515629414	0.2626145391069741	0.2840313260546156	0.3081452727082365	0.3342477090359015	0.36190832246854676	0.39231556680498936	0.42809930724905393	0.46850689984608473	0.5090939354483055	Growth under hyperosmotic stress without any supplementation.
C7	0.056064526747099774	0.047437850066279395	0.03934158828488768	0.03287293597759081	0.027588421165906336	0.02539896362091477	0.02623233465052696	0.025239724388622153	0.024256549724522555	0.021756481918397887	0.02425299994090147	0.02827115264972407	0.034373624576074686	0.03530057448686459	0.034060535740150416	0.033938985851681425	0.035449301639511405	0.03759073063909695	0.04070416304524231	0.04511902845707626	0.05147170709441479	0.05758417592350878	0.06133806388705899	0.06002543889101159	0.060242463627578145	0.06225098885166444	0.06885855892957282	0.07753608526312597	0.08527115714410045	0.09343966786937687	0.1022498232015517	0.11228101653283488	0.12370606788009224	0.1372287082666168	0.15626855265212325	0.1780906716548514	0.20104290248167708	0.223858568067122	0.24398601506644424	0.2661050748984802	0.29192239401735476	0.3187364648747672	0.34901026635216736	0.38085036433272323	0.4169020948203185	0.4576032551992553	0.5004192242171578	0.5450595591421571	0.5934273351009219	0.6461964208636701	0.7043520368906051	0.7679354561338094	0.8323343999298501	0.896922221534637	0.9622225898025082	1.0301463471597343	1.1041325751767175	1.1834279451902425	1.2664009550478812	1.3523589040079715	1.4377384179764303	Growth with supraphysiological lysine supplementation without hyperosmotic stress.
C8	0.006633333333333338	0.03586666666666666	0.01	0.01	0.01	0.01	0.003599999999999992	0.01	0.009999999999999953	0.009999999999999995	0.010000000000000005	0.009999999999999998	0.01	0.01	0.01	0.01	0.009999999999999998	0.009999999999999998	0.009999999999999998	0.009999999999999998	0.009999999999999998	0.009999999999999998	0.009999999999999998	0.009999999999999998	0.009999999999999998	0.009999999999999998	0.009999999999999998	0.009999999999999998	0.009999999999999998	0.009999999999999998	0.009999999999999998	0.009999999999999998	0.009999999999999998	0.009999999999999998	0.009999999999999998	0.009999999999999998	0.009999999999999998	0.009999999999999998	0.009999999999999998	0.009999999999999998	0.009999999999999998	0.009999999999999998	0.009999999999999998	0.009999999999999998	0.009999999999999998	0.009999999999999998	0.009999999999999998	0.009999999999999998	0.009999999999999998	0.009999999999999998	0.009999999999999998	0.009999999999999998	0.009999999999999998	0.009999999999999998	0.009999999999999998	0.009999999999999998	0.009999999999999998	0.009999999999999988	0.010000000000000021	0.01000000000000003	0.009999999999999908	Media control
C10	0.024279233677724367	0.020665849792894576	0.018022206187981185	0.02248685255758559	0.02908198447002721	0.03532139834456997	0.035792062786896006	0.032324102667710033	0.027682494124786367	0.02410126296167195	0.025080856159168524	0.02733683749336349	0.029896085532054466	0.03294464027557617	0.03713960106094826	0.041525446115487974	0.045441094330750206	0.04881680810678051	0.052363583073131104	0.05738728958826109	0.0630877336286503	0.07051605419209796	0.0781162136285965	0.08370835066564705	0.09044137609310314	0.09858073446803886	0.11133680871109473	0.12848524666934094	0.14604785501451412	0.16509326421891726	0.18459394976818644	0.20546127809782808	0.22954034419559702	0.25850220344233615	0.2898326156707992	0.32325658367192484	0.35667783656888086	0.3889632029335379	0.42458362724756465	0.46238313681303644	0.5020949733377478	0.5455491255802575	0.5927164108586325	0.6438501307291062	0.701692267247825	0.7641995592035375	0.8281101483045027	0.8953420761203102	0.9625543668678995	1.0309468100045405	1.1013134558805342	1.1692733110998395	1.2374531597591922	1.3029952023677585	1.3676120011465196	1.435497724117848	1.501950925388838	1.5667424763650377	1.6306456023574285	1.6943165519493637	1.7585188149790618	Growth with supraphysiological lysine supplementation without hyperosmotic stress.
C11	0.013199010089050216	0.012315775514176442	0.01144879842099786	0.009453385252716896	0.009311823167886396	0.010701736783040023	0.01147729985689166	0.011993106341128778	0.010772567870286279	0.010000000000000002	0.010000000000000002	0.009999999999999998	0.009999999999999998	0.009999999999999998	0.010000000000000002	0.010686712330342317	0.0117681437377507	0.011507515328285332	0.011154397442918657	0.010753707329461697	0.010788539251909455	0.012680145776381055	0.014799851616385628	0.01626151964411845	0.018464475293182552	0.021150620161751395	0.02549399275825784	0.030753298838239383	0.03590213248591083	0.04202918768778133	0.049447964739968715	0.05988533638956532	0.07182950767612349	0.08463209308259248	0.09710784050529062	0.11032909495004098	0.1247157897171233	0.13893118138958954	0.15509162611031713	0.17131571427747863	0.18734639598138117	0.20078501132232995	0.20925940551138023	0.21449148349888647	0.21959587530655122	0.22758343497949146	0.23668850622475318	0.24601173113767674	0.25528459431450123	0.2642540023280413	0.27852241753493606	0.29829097032661245	0.3212876295456105	0.34685067209844744	0.37565047277577734	0.4070208541324495	0.44040392534232564	0.4765201540462392	0.5120150171529565	0.5475133198479218	0.5827351016877389	Growth with physiological lysine supplementation under hyperosmotic stress.
C12	0.008585434122875768	0.008612743089283214	0.008442181522064409	0.008404757935821358	0.009157298444309028	0.010378168385556535	0.010907789001722554	0.011621879045178012	0.010617194010087242	0.01	0.01	0.009999999999999998	0.009999999999999998	0.009057604404027236	0.006619971514606726	0.004194813067717116	0.0026907451941774567	0.003346608281711282	0.005460669682088347	0.007273792583403823	0.00795688426855307	0.008611472192993522	0.009545332797966039	0.01070775628787948	0.013517931272287155	0.01741728789278405	0.023190649527658112	0.029636819617074643	0.03558056551499816	0.042092711075359786	0.04906377774436182	0.05815072975434175	0.06773656300434142	0.07695034890261673	0.08434231514369911	0.09462940229064362	0.10816132427445552	0.12572671581040068	0.14671649327685987	0.16572320482622288	0.1834339505499621	0.1961155947049299	0.20918508960815885	0.2247031134660693	0.24427710353827944	0.2674234047558316	0.2798103972019319	0.2877434716764552	0.285926743628443	0.28428925826725143	0.28631850159910965	0.2948225923473688	0.32110186010436137	0.3482814994512597	0.3787637960068908	0.41419643064445893	0.4507709072811468	0.48770493896432865	0.5242986884390581	0.5610224548745033	0.5979583370694226	Growth with valine supplementation under hyperosmotic stress.
D1	0.014167797415987803	0.012337657084835538	0.010604715985853089	0.010000000000000002	0.01	0.009229693239807556	0.007999891090940986	0.007901562832314114	0.007999891090940982	0.009229693239807556	0.009999999999999998	0.010000000000000002	0.009999999999999998	0.01	0.009999999999999998	0.009999999999999998	0.009999999999999998	0.009999999999999998	0.009999999999999998	0.009999999999999998	0.009999999999999998	0.01	0.009829459771819378	0.01060196816865794	0.01304352192386726	0.01689665392616841	0.022080844536307757	0.024941758595419323	0.02717439645139151	0.025107857779060758	0.024590256003137734	0.027624294015736017	0.033878072392738164	0.0429806379917558	0.0544459851857212	0.07174269402431041	0.09446666666666576	0.18460000000000001	0.28156666666666663	0.43176666666666663	0.7138	1.2488333333333332	1.7056	0.1447333333333333	0.1800333333333332	0.18406965615864018	0.187616569311312	0.20074119375221827	0.21870677968330787	0.23924434460706878	0.2684231253864729	0.2948160029832175	0.32066449555240295	0.3464875929880257	0.37427661003578516	0.4064168912074985	0.4422409768050781	0.4816388502185355	0.5219141531954129	0.5626609870710155	0.6030032192641405	Growth with valine supplementation under hyperosmotic stress.
D3	0.01	0.0008333333333333248	0.01	0.009999999999999953	0.009999999999999995	0.010000000000000004	0.01	0.01	0.009999999999999998	0.010000000000000002	0.010000000000000009	0.010000000000000068	0.01	0.0014666666666666717	0.01	0.0022666666666666946	0.01	0.009999999999999726	0.009999999999999995	0.01	0.010000000000000044	0.010000000000000179	0.01	0.0007999999999999952	0.01	0.009999999999999726	0.009999999999999995	0.009999999999999995	0.009999999999999998	0.009999999999999998	0.009999999999999998	0.009999999999999998	0.009999999999999998	0.009999999999999998	0.009999999999999998	0.009999999999999998	0.009999999999999998	0.009999999999999998	0.009999999999999998	0.009999999999999998	0.009999999999999998	0.009999999999999998	0.009999999999999998	0.009999999999999998	0.009999999999999998	0.009999999999999998	0.009999999999999998	0.009999999999999998	0.009999999999999998	0.009999999999999998	0.009999999999999998	0.009999999999999998	0.009999999999999998	0.009999999999999998	0.009999999999999998	0.009999999999999998	0.009999999999999998	0.009999999999999988	0.010000000000000021	0.01000000000000003	0.009999999999999908	Media control
D5	0.02112209879138964	0.015891469476916324	0.010646855925088843	0.008000099903868643	0.007564280010590263	0.007377917389181487	0.011372272610158399	0.01804331481009647	0.026324461212699803	0.0352408241970021	0.04158127656839151	0.04742841088560695	0.053325518709179946	0.05782786574997713	0.061338407746229354	0.06580179408902002	0.07127985549160779	0.08049800709632052	0.09089879305643256	0.10117036496375353	0.11273501471007666	0.12517283300730847	0.13831500572935987	0.15091800424524968	0.16514617032088866	0.18248429775836156	0.20423613959467243	0.23029879854911758	0.25712227868057586	0.2857996279290273	0.31603714124547194	0.3472930092198278	0.3801273934667376	0.41207719074860966	0.44897457916618455	0.48952021938740564	0.5350576810090821	0.5845194241383624	0.6330618443101664	0.6851134502925862	0.7430451078458986	0.8030710573523557	0.8662539940442542	0.931059955841038	0.9967884950134016	1.0657757956581406	1.137727287406051	1.2101602600861177	1.2843681705621246	1.3565116127467853	1.4254987404666912	1.4959527979346423	1.568176833510824	1.6530268479797452	1.7410999999999708	1.7624666666666693	1.7429333333333332	1.8712000000000122	1.9227510567475605	1.9810559616392727	2.0415374158136266	Baseline growth without any supplementation or hyperosmotic stress.
D7	0.029547509662694055	0.021805206028017648	0.014025197968852607	0.010564087046342482	0.008881989545706495	0.009147073177039229	0.012817014646125646	0.01817606515391173	0.023280626928758215	0.02862484198797808	0.035321976466094356	0.045449390328935246	0.055979830739224565	0.06177892172689785	0.06715353325214225	0.0719354155109947	0.08033099790105172	0.09264219969740342	0.10445172137034292	0.11757157451564118	0.1334776529678814	0.15213643905912735	0.17202638049819577	0.18858480269810105	0.2068194470678653	0.22765344414640637	0.2551466009946006	0.2863857463832271	0.31799757166149634	0.35190471154527636	0.38742271039522075	0.4228960219674995	0.45875682059078987	0.49641155903260015	0.5426654371647921	0.5953168756580527	0.6524064111932896	0.709888960440138	0.7638600039540536	0.8197631121359169	0.8801342735755293	0.9447412872063082	1.01588745642963	1.0901314475792707	1.1638788387375625	1.239052570254108	1.3104833839584267	1.3794430128551531	1.4449207373834718	1.502248515616229	1.5559773625349202	1.6092519082727175	1.671831011551741	1.7382666666666495	1.7615222222222195	1.7856395564687928	1.8080333333333136	1.8733955408424485	1.9423227363398226	2.003701372112336	2.068253774554273	Growth with physiological lysine supplementation without hyperosmotic stress.
D8	0.009999999999999998	0.009999999999999998	0.009999999999999998	0.01	0.009999999999999998	0.009999999999999998	0.009999999999999998	0.009999999999999998	0.01	0.009999999999999998	0.009999999999999998	0.009999999999999998	0.009999999999999998	0.01	0.009999999999999998	0.009999999999999998	0.009999999999999998	0.009999999999999998	0.009999999999999998	0.009999999999999998	0.009999999999999998	0.009999999999999998	0.009999999999999998	0.009999999999999998	0.009999999999999998	0.01	0.009999999999999998	0.009999999999999993	0.010818452942640569	0.011837364708872755	0.013233333333333295	0.01674444444444445	0.02025555555555557	0.02376666666666669	0.03440000000000001	0.04503333333333321	0.05191111111111115	0.058788888888888884	0.06566666666666683	0.06940000000000002	0.07313333333333377	0.08327777777777783	0.09373679764584132	0.1035666666666674	0.11653333333333442	0.1326880848129314	0.14802301038544827	0.16389999999999955	0.17383333333333165	0.17450898589328712	0.18092222222222282	0.1844666666666667	0.18303333333333335	0.21876666666666666	0.18866666666666668	0.21946666666666667	0.22880000000002315	0.25735969241558104	0.2848750583623372	0.31289377178770483	0.3409104749326571	Growth with physiological lysine supplementation under hyperosmotic stress.
D10	0.012719485626891194	0.01667557678862306	0.02031397460970922	0.025539662164383657	0.02970277695957098	0.032919071282226466	0.035948356029976196	0.03895143270697586	0.04432923953629407	0.051055670139344915	0.05826897710333229	0.06526874800398104	0.0724935962328486	0.08032067208051365	0.08989495131549491	0.09847389299419437	0.1080213626272136	0.1176636930240824	0.12886010873674572	0.14278798462861597	0.15933388605976934	0.17912903205689068	0.20027534624628623	0.22124885655931403	0.24082263705287735	0.2617354683184627	0.28614459942744747	0.3114052636828864	0.33782367116647244	0.36613646395834415	0.39673829491974283	0.432517800652141	0.4712915523006742	0.5099390889139983	0.5520714120552858	0.5962576468328183	0.645323569153304	0.6992161989568442	0.7561330570001512	0.8178389884083282	0.8845807461717824	0.9565783193133086	1.0324370306730002	1.1090681845875252	1.1855897349570164	1.2628128745538976	1.3427870878450991	1.422828647701182	1.5000749630232437	1.5717552598296847	1.6430293196038046	1.7152629602803355	1.789795379260091	1.8613000000000293	1.8789782678650333	1.9216999999999966	1.9519000000000049	1.9998166666666692	2.047733333333321	2.095650000000007	2.143566666666723	Growth with valine supplementation without hyperosmotic stress.
D11	0.01	0.0011999999999999927	0.01	0.01	0.01	0.01	0.01	0.00016666666666667607	0.01	0.009999999999999953	0.009999999999999995	0.010000000000000002	0.01	0.01	0.01	0.01	0.009999999999999998	0.009999999999999998	0.009999999999999998	0.009999999999999998	0.009999999999999998	0.009999999999999998	0.009999999999999998	0.009999999999999998	0.009999999999999998	0.009999999999999998	0.009999999999999998	0.009999999999999998	0.009999999999999998	0.009999999999999998	0.009999999999999998	0.009999999999999998	0.009999999999999998	0.009999999999999998	0.009999999999999998	0.009999999999999998	0.009999999999999998	0.009999999999999998	0.009999999999999998	0.009999999999999998	0.009999999999999998	0.009999999999999998	0.009999999999999998	0.009999999999999998	0.009999999999999998	0.009999999999999998	0.009999999999999998	0.009999999999999998	0.009999999999999998	0.009999999999999998	0.009999999999999998	0.009999999999999998	0.009999999999999998	0.009999999999999998	0.009999999999999988	0.010000000000000044	0.01000000000000063	0.01	0.0015000000000000013	0.01	0.01	Media control
E1	0.017773625011138668	0.01501873368140505	0.012488437972134066	0.010683883973551392	0.01	0.009692276510035763	0.009209446453202503	0.009122663990728516	0.009209446453202505	0.00969198192294222	0.01	0.010000000000000002	0.009999999999999998	0.01	0.009999999999999998	0.009999999999999998	0.009999999999999998	0.009999999999999998	0.009999999999999998	0.009999999999999998	0.009999999999999998	0.009999999999999998	0.010000000000000002	0.00959687379723046	0.00893609103124064	0.008113772450211276	0.006581884124343625	0.005581546558838981	0.009418748832297257	0.019579710706780103	0.0295281607460675	0.039055111112974085	0.04222822356776145	0.04305464569156384	0.047212152838162776	0.05568632497889377	0.0703889962648982	0.08987600449754733	0.11048541152665996	0.13151197891248664	0.15107251331093752	0.16361579097149914	0.1733623337666345	0.1831391128399482	0.19338454091948704	0.20715754267126724	0.22218537659401275	0.23388194735842108	0.24785535290639016	0.2612771568041448	0.2851464751686663	0.31162829282580473	0.33689635223813474	0.36328414364875095	0.3941958922134524	0.43103358517728446	0.4702581422149007	0.5081939969238464	0.5453675213866884	0.5824585641336225	0.6201587726382876	Growth with physiological lysine supplementation under hyperosmotic stress.
E2	0.010108420891089136	0.008926159755335165	0.007976329914012304	0.008747983100971945	0.011726867169345213	0.015546805219635178	0.018621636744257417	0.020236780620959516	0.020676854332405147	0.02018426355945734	0.01911158919957555	0.017644298605595722	0.016543394028127562	0.016306116208431896	0.0156669862241457	0.015382125383911678	0.01452424647926177	0.01433835872173075	0.014359512700631715	0.014284080988444171	0.014209632375351182	0.013606512126108418	0.013304153364780665	0.013160727012385683	0.013174286978916002	0.013232418306603752	0.013579766386349147	0.014477780577071492	0.0159663239435235	0.016239040228368813	0.015337918985311132	0.014071361633741194	0.013281516854460359	0.013565067061822469	0.013681462154292596	0.013543309106244822	0.013891175005885615	0.014435551940295568	0.015851527594710448	0.016585310698445738	0.016789286262478963	0.01679377504217301	0.015884833264940407	0.015773486581439993	0.016057905089697944	0.016772079828338036	0.016903768679440368	0.01583454661261159	0.014990960964861934	0.01396812778495594	0.014007245006041127	0.014786994885914402	0.01475304724983441	0.014858156789600905	0.014759066234782018	0.014566940583473405	0.015178256407972483	0.015408118983515769	0.015244392641148363	0.015166891951925984	0.01503185061737852	Media control
E3	0.019413421047777882	0.01354512190958595	0.008115421315113098	0.005838109057172426	0.0059778848849853135	0.008533709891330322	0.010815373937013496	0.012498648519727158	0.013757062543576653	0.014979137321018438	0.015312895664719347	0.014087207682173041	0.01277848248237848	0.012649507818274789	0.014935311724791	0.018580232706816257	0.02060670309568674	0.02219405661717705	0.02268229366005674	0.02381660403643621	0.02575923560691816	0.027878923108221137	0.030780729021536755	0.03416311124505979	0.03770125526248886	0.041986664567330474	0.04689656502646326	0.05211832705866834	0.058943699148613554	0.06580177835047758	0.07388342048663293	0.0834422675349839	0.0941978008342537	0.10572818152653889	0.11730371569655412	0.12987041937680122	0.14493823102141068	0.16315347049470058	0.18307049115692092	0.20488570228345418	0.22820089626871795	0.2551354089204111	0.28634777622135643	0.3196493478645214	0.3550107621470361	0.3916856875851856	0.4323863566235489	0.4779011029177679	0.5271470414684535	0.5818067080024085	0.6398271580068973	0.6991306465194443	0.7619400556978791	0.8281643312195848	0.8976747940932425	0.9711030633501612	1.0448180892212258	1.1194736940395706	1.1937199384907546	1.269799334902404	1.3461118513354797	Growth with supraphysiological lysine supplementation without hyperosmotic stress.
E5	0.017689007777590464	0.014344091390652928	0.010781161784367813	0.009748585076236644	0.01	0.01	0.009999999999999998	0.009999999999999998	0.01	0.009999999999999998	0.009999999999999998	0.009999999999999998	0.009999999999999998	0.01	0.009999999999999998	0.009999999999999998	0.009999999999999998	0.009999999999999998	0.009999999999999998	0.009999999999999998	0.009999999999999998	0.009999999999999998	0.009999999999999998	0.01	0.01	0.00956392884883347	0.007999172994867434	0.0058319488425467355	0.003991887398667713	0.004164682094872687	0.007554180226749498	0.012473347680309546	0.018340720642766	0.024788799625830856	0.03322728180964625	0.04845779470189183	0.06849287701672412	0.09459967198001469	0.12950000000000034	0.3091166666666668	0.3802666666666664	0.5224333333333405	0.6645999999999943	0.8067666666666516	0.9253666666666667	0.061200000000000004	0.03963333333333012	0.05713865330558595	0.06857443655285672	0.08019629254329981	0.09076089338113427	0.10184110682937562	0.11239008376017795	0.12391566947662683	0.1349575076716209	0.14693480816474053	0.15984728237680118	0.17496436245987942	0.1941565342224256	0.21620148709482068	0.23851008323909634	Growth with valine supplementation under hyperosmotic stress.
E6	0.0034931181380152398	0.01117566477355683	0.018684817104606306	0.02470853745280389	0.02610285550970219	0.024485348002537297	0.025416507639755368	0.03216571887289001	0.04358545351325169	0.05502983931012421	0.06303012721255309	0.06737001753599908	0.07106770234342001	0.07350925908169073	0.07834944121367116	0.08533737339134088	0.0936468145564897	0.10540771065376138	0.11696014331655513	0.13003798788887244	0.14467068861051266	0.15924822879917364	0.17469001803526923	0.1905608738544972	0.20827681941918585	0.22831693740306963	0.25169580642829265	0.27632662213098963	0.3016668002319958	0.3272978529077286	0.35272632539986537	0.38031951665801755	0.41018087395829117	0.4434741536030489	0.4808542611531733	0.5209085111589502	0.5652658354093633	0.6134576362228465	0.664705287056955	0.7204966380632659	0.777688586592522	0.8400567528353612	0.9082133448380907	0.9764302092677415	1.0473285318017445	1.1200118118739866	1.1893905776360851	1.2572797720506266	1.320257626371231	1.3799169426423616	1.4415435564512376	1.5042145060432552	1.567036199195352	1.6316900966508523	1.6686617827642378	1.7136811539289514	1.7531682030938491	1.8027078045617693	1.85979737979484	1.9181785264545674	1.9762089055385288	Baseline growth without any supplementation or hyperosmotic stress.
E7	0.009999999999999998	0.009999999999999998	0.009999999999999998	0.01	0.009999999999999998	0.009999999999999998	0.009999999999999998	0.009999999999999998	0.01	0.009999999999999998	0.009999999999999998	0.009999999999999998	0.009999999999999998	0.01	0.009999999999999998	0.009999999999999998	0.009999999999999998	0.01	0.01	0.010294144816978922	0.011004413221050023	0.012004164279526237	0.012084129844616105	0.010922172789764003	0.011411113707950137	0.015907414535998057	0.02159352499649105	0.027799644478395457	0.03457470115850096	0.042096963483351915	0.049130259676276045	0.05426423181355592	0.05948739710288176	0.06479385626128908	0.0746813323468151	0.08682074669557273	0.10130969434207715	0.11539271172122112	0.1276560422244553	0.1336366926166993	0.1342262820620786	0.14087633783333556	0.1422552743404294	0.14818167458713788	0.15896301421482484	0.16745442547916584	0.1748693042891084	0.18091750588219768	0.19366464824420052	0.20739995329665495	0.22606666666666705	0.24100405796027924	0.25898091562849973	0.27348653473564816	0.29898235652421634	0.32169029317982695	0.34551492722896204	0.3729133699666264	0.4046867858044011	0.4431859955983487	0.4822502417831138	Growth under hyperosmotic stress without any supplementation.
E8	0.043301273549483675	0.03405193615341961	0.025411842926836598	0.025336962554705647	0.031085113825271345	0.03670022221670562	0.04304395513590455	0.048270753599844236	0.05486570640836139	0.06370777902818674	0.07372468595201753	0.08492513052146866	0.09589257705528789	0.10400503164331204	0.1120086485462078	0.12204445078660753	0.13652431887835603	0.15636431358757047	0.1780011214230245	0.20305453129641624	0.2296871754608081	0.2564325320643645	0.2837678501895483	0.3106632250980737	0.3406944381785284	0.374036356057256	0.41055029909250246	0.44951019016539984	0.4922224360874808	0.5384933956836218	0.5908637622414455	0.6462861971132232	0.7049004417435907	0.7636682710939353	0.8278847711135938	0.8993528320115236	0.9730801606893897	1.0487933012870574	1.1199007421356206	1.1926778684721997	1.2700053163988467	1.3524107566207872	1.4387416376806428	1.5212117553733702	1.5997790775994774	1.6702033952510782	1.7355829031362155	1.7960748995591052	1.8512814555671138	1.8984014356008552	1.9451900529334298	1.9839277727929028	2.0229296288888903	2.0614666666666936	2.10233160708276	2.1445561094202583	2.187801224894892	2.2405666666666666	2.3006999999999325	2.360833333333379	2.420966666666975	Growth with valine supplementation without hyperosmotic stress.
E9	0.009999999999999998	0.009999999999999998	0.009999999999999998	0.01	0.009999999999999998	0.009999999999999998	0.009999999999999998	0.009999999999999998	0.01	0.009999999999999998	0.009999999999999998	0.009999999999999998	0.009999999999999998	0.01	0.009999999999999998	0.009999999999999998	0.009999999999999998	0.009999999999999998	0.009999999999999998	0.009784031873435045	0.008791115569693213	0.008154565203185886	0.007621304646772219	0.0073878695526468155	0.011460235171460878	0.017701528820965172	0.024442153394567234	0.03163856813056766	0.03803246508738608	0.044707308552483456	0.051809626004396224	0.06051120422284625	0.07082159642543917	0.07977401432810158	0.08751020918307653	0.09265535449087603	0.09660189552806264	0.10216728745088008	0.10778925721940771	0.1136723333364879	0.11795166992290787	0.12216503542884696	0.13530465809538839	0.1524597878859782	0.1692615522317186	0.1930080620403476	0.2099701234760648	0.22825212701130013	0.2458326932622832	0.2723430136483588	0.30176318212502107	0.3344638429972829	0.36875655692318626	0.4059307954955644	0.44578703891455884	0.4858381459832434	0.5259601691613875	0.5688675734049705	0.6136172391406334	0.6590704443661417	0.704772216114326	Growth with physiological lysine supplementation under hyperosmotic stress.
E10	0.005445503817090198	0.007027643496350571	0.0084779852450706	0.009568891838532175	0.009999999999999998	0.009999999999999998	0.009999999999999998	0.009999999999999998	0.01	0.009999999999999998	0.009999999999999998	0.009999999999999998	0.009999999999999998	0.01	0.009999999999999998	0.009999999999999998	0.009999999999999998	0.009999999999999998	0.009999999999999998	0.009999999999999998	0.009999999999999998	0.01	0.009859686251292084	0.009990369170728618	0.011440371346643613	0.014069139226172913	0.017459345956254375	0.021033826817488936	0.022983490333245787	0.02529479356657667	0.028435879347893475	0.03214779050454694	0.03556052779103036	0.03911513245341518	0.044109973036967745	0.05082928456673777	0.059842278999607104	0.07217846518686666	0.08553052689210872	0.10183891953992674	0.12119796565766659	0.13974086660780205	0.15763712419126594	0.17483919267373121	0.19216675670139474	0.21112480387901006	0.2286000000000049	0.2323	1.2284333333333335	0.23296666666666666	0.23879999999999998	0.2663	0.2534666666666594	0.28846666666665804	0.3239973125530747	0.36438917667752	0.4047851186688874	0.4453131408672202	0.48606780066028343	0.5280753544118589	0.5703073766450963	Growth with supraphysiological lysine supplementation under hyperosmotic stress.
E11	0.06081047854447974	0.0482047301290486	0.0370436461364307	0.033916892661478314	0.03663499160874257	0.03960092438363436	0.03857733139058897	0.03710956779018349	0.04089613350859411	0.051195681275405226	0.06429246595673736	0.07480886858237515	0.08281187994536841	0.08938654453287025	0.09921761197743852	0.11201438614644732	0.12571235128652314	0.14090135649100166	0.1563190893368531	0.1753410625350262	0.19811352075737318	0.22369643537540718	0.2532134274115666	0.2849951372300216	0.3174005535808323	0.350627172259079	0.38512602686220515	0.4213444984487568	0.45952810480379785	0.4977324145445179	0.5339276472312902	0.5727736644596272	0.6170261933176311	0.6666928785818945	0.7211692159896286	0.7758979414884879	0.8313991328862561	0.8873420096736492	0.9495575266855039	1.0181896707387863	1.0882357518294312	1.1587425630537738	1.2298407817926327	1.3034467841362138	1.3805513268880443	1.4582604344391492	1.5334494724833463	1.6054003346282433	1.670474111232745	1.7280278111589424	1.7786388433500264	1.8322763181228532	1.8878423159513837	1.9397666666666606	2.015066666666663	2.090366666666656	2.140433333333333	2.0632	2.2498	2.1352666666666664	2.2466333333333335	Growth with physiological lysine supplementation without hyperosmotic stress.
E12	0.00216666666666665	0.01	0.01	0.01	0.01	0.0013333333333333253	0.0013333333333333253	0.01	0.009999999999999953	0.009999999999999995	0.010000000000000005	0.009999999999999998	0.01	0.01	0.01	0.01	0.009999999999999998	0.009999999999999998	0.009999999999999998	0.009999999999999998	0.009999999999999998	0.009999999999999998	0.009999999999999998	0.009999999999999998	0.009999999999999998	0.010000000000000004	0.010000000000000044	0.010000000000000179	0.01	0.006366666666666659	0.01	0.01	0.0019666666666666444	0.01	0.01	0.01	0.01	0.01	0.00020000000000000573	0.01	0.009999999999999726	0.009999999999999943	0.009999999999999988	0.009999999999999998	0.009999999999999998	0.009999999999999998	0.009999999999999988	0.009999999999999945	0.01000000000000063	0.01	0.0022999999999999965	0.01	0.009999999999999726	0.010000000000000042	0.010000000000000021	0.009999999999999998	0.009999999999999998	0.009999999999999988	0.010000000000000021	0.01000000000000003	0.009999999999999908	Media control
F1	0.018115342874241724	0.015795697485729177	0.013117107681182337	0.011752970726166361	0.010624448055321513	0.010000000000000002	0.009376996307716077	0.008029701199398935	0.006961069565553545	0.005779287152449428	0.005660405265537854	0.006760817801596777	0.0072026045349340715	0.00683704936220738	0.005564981738287077	0.005078289601113847	0.006981173312887997	0.011959927730757438	0.01842549484392765	0.021898168422897685	0.022151050856652692	0.01957970512279909	0.015421381601396587	0.01185202181704753	0.009573703162423692	0.008215745698609972	0.0077713680383455185	0.008603732333908933	0.009259602421136149	0.011600408294247633	0.016057880364558103	0.022525478576475747	0.029341794270296942	0.034749868809098194	0.039688586561947126	0.0450192202697219	0.050774281218616754	0.057387049486822876	0.06431240921403249	0.07223137138285202	0.0802438053924479	0.08869776157851142	0.0975972369996559	0.10715320855303079	0.1179084851686396	0.12825417869621833	0.14019956316978063	0.15334107618104562	0.1684625585786891	0.18606531587436329	0.20497927094427065	0.22545868585825934	0.24668384146219124	0.2722442293710651	0.3007712094634021	0.3299240354978436	0.3608745459172081	0.39130904468715455	0.4207663524232412	0.4471401894524944	0.47292710963341256	Growth under hyperosmotic stress without any supplementation.
F2	0.027089668245665777	0.025319657146972735	0.0228534011441442	0.020364749053491702	0.01733800866514902	0.016392977017977057	0.018590421398290743	0.020911528744706365	0.020377510469961228	0.019853371974322666	0.02217548198284056	0.026859853530664966	0.03160649217287837	0.03524782392903564	0.036979075783662094	0.038762757226745485	0.04069332513843025	0.04287676224814834	0.04593168639868674	0.04965402909890068	0.052445242869049884	0.05616344738153183	0.06136007978256472	0.06884974184542453	0.07869399461385138	0.08900184787089635	0.09889105028095364	0.10823825633323661	0.11865426715198532	0.1331646039675557	0.1515094373985878	0.17373424923337585	0.19775498367211874	0.2227975533791539	0.24971195151249498	0.27924166142879686	0.3117087289682462	0.34798491405185134	0.38712951299068965	0.42796513581509177	0.46995967648793	0.5136994882954814	0.5616354595874675	0.6140068831566122	0.6718588968091486	0.7344627042923038	0.8005209658410881	0.8670367337985171	0.9350793162144226	1.0051397272894274	1.076849419416901	1.1520071918622574	1.2321868318803628	1.3104852207700373	1.387165055352665	1.4627510256578053	1.539837327000391	1.6220799555719267	1.6933346662678341	1.7645320000277303	1.8353920897735885	Growth with supraphysiological lysine supplementation without hyperosmotic stress.
F3	0.006015231916640525	0.008499124801541314	0.010353086192753515	0.008804624688505968	0.006669750304042437	0.0059071020300192	0.0070971720800885405	0.009117189335550691	0.00987745171656515	0.00902221598782012	0.008495759473233914	0.008852471795634488	0.010045924184639312	0.011471825598625283	0.01177106847125312	0.011900085984902485	0.012418049555066884	0.014054584317043529	0.01547943223433062	0.016343547939331772	0.017621898562157075	0.020825886848851505	0.025758190749526864	0.031044856704854074	0.03614683028084463	0.04194622427267436	0.0484716362000165	0.05638651896314735	0.06378245686810348	0.07041189686249823	0.07696517879939897	0.08320193825450217	0.08823003297986244	0.09231565112036647	0.09883089565477006	0.10995283568608183	0.12336158631871313	0.1409879082324038	0.1589066003750346	0.1772462413691595	0.19143894966952868	0.20169873877696656	0.2128120846474539	0.22885842088123384	0.25439010515403104	0.27296814888728127	0.2893139273036953	0.306088544559718	0.328825362864497	0.3384462460336437	0.35501854543274897	0.3587729421004259	0.3981973845109185	0.4385188101285297	0.47649325860540664	0.5149711405203203	0.5536288323805697	0.5955329884612329	0.6400998832210705	0.6826084302067719	0.7256221505697404	Growth with valine supplementation under hyperosmotic stress.
F4	0.00999999999999995	0.010000000000000054	0.009999999999999998	0.01	0.009999999999999998	0.01	0.01	0.01	0.009999999999999998	0.009999999999999998	0.01	0.009999999999999998	0.01	0.01	0.01	0.01	0.009999999999999998	0.009999999999999998	0.009999999999999998	0.009999999999999998	0.009999999999999998	0.009999999999999998	0.009999999999999998	0.009999999999999998	0.009999999999999998	0.009999999999999998	0.009999999999999998	0.009999999999999998	0.009999999999999998	0.009999999999999998	0.009999999999999998	0.009999999999999998	0.009999999999999998	0.009999999999999998	0.009999999999999998	0.009999999999999998	0.009999999999999998	0.009999999999999998	0.009999999999999998	0.009999999999999998	0.009999999999999998	0.009999999999999998	0.009999999999999998	0.009999999999999998	0.009999999999999998	0.009999999999999998	0.009999999999999998	0.009999999999999998	0.009999999999999998	0.009999999999999998	0.009999999999999998	0.009999999999999998	0.009999999999999998	0.009999999999999998	0.009999999999999998	0.009999999999999998	0.009999999999999998	0.009999999999999988	0.010000000000000021	0.01000000000000003	0.009999999999999908	Media control
F5	0.0512280891456316	0.05697596967681549	0.062206214622609966	0.06483040225622003	0.06707536466299423	0.07126533333760579	0.07901908356390942	0.08650638311978207	0.09491374046589818	0.10537941835082974	0.11750237391929391	0.13128400820274652	0.1455368748117611	0.16064735972132801	0.17732829632277852	0.19646538613054335	0.2154464560714266	0.23656816229114402	0.2607168940262207	0.2900924012879618	0.324239884544373	0.35986516351245396	0.39742139149450795	0.43534118241622877	0.4773320268643202	0.5247107706610097	0.5772273594138131	0.6365115175169762	0.6960970167638505	0.7593815191942542	0.8244666952371473	0.8948717873338331	0.9705537476303893	1.0465782521387896	1.1213713905595293	1.1936059133427621	1.262893220820464	1.3300027384581345	1.3980489556228022	1.4703354585698274	1.5520980390334247	1.6367263606618707	1.7224027244835554	1.7959075761494143	1.8624225460385804	1.922528849948904	1.9685585634884166	2.014955555555553	2.0618666666666643	2.0635666666666705	2.0957931731102835	2.141066666666668	2.216866666666675	2.340633333333333	2.2437166666666846	2.18416666666742	2.270566666667115	2.355535366259281	2.388678944568492	2.420943590930144	2.4530749716531672	Growth with physiological lysine supplementation without hyperosmotic stress.
F6	0.02058006996105744	0.019670109147167086	0.019482923253072423	0.021396189525286356	0.026513218963411894	0.03277030706322246	0.03770414958340043	0.041540787445740676	0.04642354212093386	0.05298761936355252	0.06010862117786103	0.06768773406746763	0.07595512491654113	0.08561398285508759	0.09703344078185476	0.11006927485527919	0.1235077044709922	0.1381636595401076	0.15473434971206415	0.17407634837153074	0.1963607662774108	0.22074815914364113	0.2467393409354494	0.27372309150653057	0.3022802625250099	0.3325315365635524	0.36481741268668677	0.40003614522271697	0.43608823462781304	0.4735315381861326	0.5167208309304826	0.566897741427545	0.6228029705829226	0.6837325375257975	0.7459450306228735	0.8096437099417773	0.8738292559324532	0.9400327234629293	1.0108808934674987	1.0897650651612907	1.1719165407261145	1.2582410514930757	1.3485892194865523	1.4340685736811543	1.5182032051644314	1.594416639375302	1.659924352812947	1.7260555555555555	1.7925000000000042	1.8187500000000045	1.8740914933659236	1.931633333333334	2.018266666666673	2.1328666666666667	2.1026	2.100133333333325	2.186933333333369	2.2712133570493602	2.3368326088692513	2.3943483823007474	2.448856201799825	Growth with valine supplementation without hyperosmotic stress.
F7	0.028846160873074567	0.031930609625265644	0.03557550225879637	0.03888562075974275	0.04630934062307498	0.055878088250511326	0.062180498585453485	0.06425570720103649	0.06456926996845787	0.06614384905986771	0.07207090750843732	0.07987037681795839	0.08779021884684585	0.09683530922840601	0.1077110497410825	0.11909069963990523	0.12959610770309052	0.13970998068541202	0.1517650276095446	0.1676094588201956	0.18700331637116918	0.20948919384979714	0.23454915668799556	0.2629895916023304	0.29520676033200344	0.3278153392429621	0.36032182954502323	0.3878404030904516	0.4160230598170154	0.4455858524095788	0.4802377398392664	0.5220597808739282	0.5665180633717782	0.6138578739195009	0.6664347619920575	0.7227150899692454	0.7815482116111744	0.8418581721628261	0.8997394628837199	0.96038916855387	1.0252841271242896	1.096145396565088	1.1708652592955802	1.245014092541428	1.3128258962759252	1.3782079538475616	1.443795310302906	1.5091072254008138	1.5702231891668699	1.620803129643225	1.6641342262591547	1.6985407203648692	1.8074113616971976	1.8932088932237974	1.9383549038829364	1.9593511891983255	2.0022788953257704	2.051254223575655	2.0899844006749078	2.1142399664551315	2.1372605142163392	Baseline growth without any supplementation or hyperosmotic stress.
F8	0.009999999999999998	0.009999999999999998	0.009999999999999998	0.01	0.009999999999999998	0.009999999999999998	0.009999999999999998	0.009999999999999998	0.01	0.009999999999999998	0.009999999999999998	0.009999999999999998	0.009999999999999998	0.01	0.009999999999999998	0.009999999999999998	0.009999999999999998	0.009999999999999998	0.009999999999999998	0.009999999999999997	0.01	0.009558195791529256	0.008866966565190251	0.00969978088107616	0.012271475814827728	0.017038157236243495	0.022644841011447696	0.028070180220178792	0.03221631716320439	0.037087872164968075	0.04281116415015398	0.05017820701935949	0.05939888905610993	0.06975449294519029	0.08104159126253643	0.08977461211027005	0.09641384839057457	0.10090546571255056	0.11102436038915348	0.12452062461910461	0.13717535477722492	0.14608149489197458	0.15073333333333316	0.16283333333333366	0.17506292594459455	0.1864590508656419	0.1969574237840671	0.20757956210844428	0.21871850978918433	0.22706318145909435	0.24505550069672014	0.2597138687762208	0.2666460121601412	0.28684256822175325	0.30780986283211115	0.3298674786122721	0.35775688929528704	0.38793099223995403	0.42239810358388113	0.45986834547535904	0.4972904605519484	Growth under hyperosmotic stress without any supplementation.
F9	0.004628341613951292	0.008606411978019687	0.012006288578377022	0.013981114970173864	0.012652691158767845	0.00977843571944688	0.008339501784383188	0.009094202762756215	0.01228766992206154	0.016234645592524143	0.020638548229532774	0.024592601941032417	0.02719666921753793	0.029039414101344894	0.030911715611427904	0.032456617924789016	0.034933401433306005	0.03668103392690554	0.03654913382386352	0.03383788003242954	0.029347456423201742	0.027064404974289805	0.023642812195126303	0.021250063501141506	0.016063550076203102	0.011628093379106998	0.009423819776850731	0.009328131895265088	0.009823236571429996	0.009748556806652466	0.008635578309070337	0.008196675572929715	0.007678767616122561	0.007784978625036498	0.008394530964702284	0.00816523127691772	0.007985140986838566	0.007536360118784471	0.0067313157391634395	0.0063403511398882695	0.006002232878475306	0.004887861870428959	0.003959481263262902	0.0033478522158806793	0.0031295521667113672	0.0040616142598721115	0.004846607478569589	0.006097803507359984	0.006924416426597935	0.006832744411036705	0.006339760472838777	0.0055830559509010445	0.005337396641824618	0.005341194933341527	0.006053369954538918	0.006411020715381214	0.006642874177567598	0.006369095393362664	0.005787870170846924	0.006050003631779049	0.0063569216920116205	Media control
F10	0.015744697144293794	0.012939125650602509	0.010355680684057011	0.009044324067202493	0.008802429087189478	0.010301900261676078	0.010960828960567732	0.009691263684234614	0.008396495026129125	0.007647018666471652	0.008211878457905442	0.00949838349903395	0.010000000000000002	0.009999999999999998	0.009999999999999998	0.009999999999999998	0.009999999999999998	0.01	0.009316759670679069	0.007771795644705177	0.006082995531162574	0.004760257871361812	0.005513311056715079	0.0091465590633547	0.01615330207802888	0.025459122856022216	0.03195452841894944	0.034750262582498526	0.03582687816750023	0.037601967858608025	0.04284389594404445	0.050359491062906436	0.06034044826657184	0.06881613956156045	0.07666606336774778	0.08327062001372779	0.0901090583181541	0.09799711422659232	0.10566565379022574	0.11480949971026376	0.12521201488143835	0.13681196970419826	0.1481843745733935	0.15770792672773104	0.16663230619242883	0.17491955246012644	0.1837540550357208	0.19279999999999847	0.20636666666666661	0.22180239021601503	0.23375421649266492	0.25820701163670534	0.2853153746244615	0.31220823304980144	0.33919762126730113	0.365928860370087	0.3941144566240796	0.4259487418461686	0.45950291416989236	0.4942279837919028	0.5292285685491988	Growth with physiological lysine supplementation under hyperosmotic stress.
F11	0.006581570378183744	0.007571342660816935	0.009078469462993913	0.012201223871440004	0.01646358159096783	0.02117795766685169	0.02555332078614692	0.03154792535958069	0.039224365019950407	0.048344367418899255	0.05772617183072271	0.06753618589015153	0.07663905659180825	0.08715170381441778	0.09959002578421369	0.11454010580986351	0.13100146097775894	0.14588602514642748	0.15909252944175986	0.1751222945033174	0.1927349042274437	0.2129452099975047	0.2339039218645734	0.2539731020731807	0.27373416865749506	0.2945790713401979	0.31571619155833075	0.3356382155544684	0.35726824522387646	0.3787925168158046	0.40440450192466715	0.43552236577505815	0.46877712522980575	0.5029061430097396	0.5374499983394645	0.5714595995523031	0.6078983032060749	0.6474642806431589	0.6900688453192573	0.7364484275690176	0.7859178462297143	0.8375573818325613	0.8935935415500447	0.9550620785263534	1.019118460387467	1.086477502165739	1.152721023666503	1.2210800477400632	1.290343080500928	1.3581863773700031	1.428309254936871	1.503531383641904	1.567509874318862	1.6432166666666639	1.6989003815435066	1.7564499999999952	1.8143333333333203	1.8395000000000001	1.9076333333333453	1.9542833333333438	2.0009333333333372	Baseline growth without any supplementation or hyperosmotic stress.
F12	0.004396458287922729	0.006634389966780629	0.008540097950523585	0.008001766934633604	0.007011997305266345	0.006348656158456509	0.005884611600142907	0.005311131007984604	0.005368188744334788	0.006227347871479779	0.008265869709735228	0.009878270183658678	0.009474349535450755	0.008920434120297745	0.007893334247840141	0.008077322096510865	0.009933166310631233	0.011450967484282102	0.012295241819232113	0.012112863534613385	0.011515435984751153	0.012045725679402009	0.012166256294321522	0.012359213920397131	0.01350051212416768	0.016558167340202722	0.0216835176264533	0.02705097221295108	0.03190866293900419	0.0361505320482504	0.040777656147873535	0.04759375398044439	0.05523074980152918	0.06373022560802105	0.07387190560296136	0.08346592372530605	0.09367531525623364	0.10302885904045224	0.10997436154734856	0.11526281017166047	0.1191516031379212	0.13794279715634916	0.1619128862599338	0.1858150694453057	0.21296102139216552	0.2338634128357922	0.23965552069986873	0.24795693424418566	0.25495856994590615	0.2563150800168731	0.2578555555555555	0.2592666666666665	0.2699925184577451	0.28431660315936585	0.30404735601700184	0.3327600791946352	0.3664326843663809	0.40341267092716093	0.44444322007170267	0.48914145233739675	0.5337209235153744	Growth with supraphysiological lysine supplementation under hyperosmotic stress.
G1	0.0006477053377489593	0.003105506962734854	0.005693159296010457	0.00920623544212362	0.011380921583147772	0.01202379863723593	0.010987383765472532	0.00995618984732818	0.01030564896159657	0.011287054345589161	0.011181350915697393	0.009828760518892967	0.007913823551335832	0.006686293399863695	0.006199458945934667	0.005975330111918056	0.006556569991417837	0.007484535439551357	0.00883177834098864	0.00946227608371237	0.01019613140657085	0.011600809923626915	0.013232674427649669	0.015071125975483176	0.015844185269038004	0.01756230610479908	0.018984649610953554	0.020821664705324476	0.02189208159042747	0.02214919767395371	0.021782611487120192	0.020821885593647393	0.01896228936311111	0.016521058123130664	0.013569830525241211	0.010110404025072411	0.007955294272904808	0.007717854833774599	0.008346398491866878	0.009530429856158821	0.009184069691413459	0.0067979139824752175	0.005135470376140562	0.004353133589910051	0.004972437895887484	0.005111980470205981	0.004568784945074313	0.0034780021915087555	0.003326338937455123	0.0038365572936738678	0.003750999738789533	0.0033713455859320654	0.00275633364733597	0.00232629697308039	0.002045475399969606	0.00203596349109598	0.002428579761131758	0.0036259481714984013	0.004978436914665728	0.007098053395473368	0.009065518515128448	Media control
G3	0.010000000000000012	0.009999999999999995	0.009999999999999993	0.010000000000000002	0.01	0.009999999999999998	0.009999999999999998	0.009999999999999998	0.01	0.009999999999999998	0.009999999999999998	0.009999999999999998	0.009999999999999998	0.01	0.009999999999999998	0.009999999999999998	0.009999999999999998	0.009999999999999998	0.009999999999999998	0.009999999999999998	0.009999999999999998	0.009999999999999998	0.009999999999999998	0.009999999999999998	0.009999999999999998	0.009999999999999998	0.009999999999999998	0.009999999999999998	0.01	0.01	0.009999999999999998	0.010440817347842673	0.015473609867837038	0.02086007263295824	0.02624749623117806	0.03534318188527234	0.04531492102137785	0.05645257492685979	0.06696289519604857	0.07892382402626498	0.09209617951451465	0.10540000000000047	0.12756666666666666	0.14743333333333333	0.14066666666666666	0.17073333333333332	0.17046666666666666	0.167	0.17425555555555577	0.18413455039073953	0.18877664766806304	0.21049011813328147	0.23211298167504793	0.2431333333333774	0.28336666666666666	0.2829333333333333	0.3219333333333333	0.34203333333333746	0.36924323261676445	0.3995120641163571	0.43004118375011385	Growth under hyperosmotic stress without any supplementation.
G4	0.009108578488907879	0.009999400484424669	0.011075448170503963	0.011849897373307583	0.012179018283332566	0.011470741242202011	0.010367175876969743	0.010000000000000002	0.009999999999999998	0.009999999999999998	0.009111149211290533	0.006866339175469074	0.005325625489080683	0.005388315882249986	0.007579293978836765	0.00993220044363577	0.009697632226392534	0.007953607631422716	0.006840744407091788	0.006863847356176611	0.00862475918740313	0.011377996731783208	0.013612746163963971	0.01500303743896354	0.016019657713276486	0.0171422890578507	0.019729419184772418	0.022535186641805576	0.024069141971048962	0.027451276210870165	0.034640105727818955	0.046674011820451854	0.06170407478510467	0.07636630824672672	0.08972790506568361	0.10248355542842665	0.11428487856906418	0.12451073009852826	0.13193846620992405	0.1535049715436051	0.17177296580767473	0.191975154602579	0.19706703490425861	0.2070685605482706	0.22076547199970017	0.2416350722997422	0.2615726467245727	0.28222249107492	0.3094283626689215	0.33306666666666707	0.3576930657395585	0.374285230745883	0.3925224436394044	0.4188705206896762	0.4654682355428925	0.5180917665915804	0.5735550234818216	0.6319355310234623	0.6919484796289705	0.7527733132591052	0.8139074044041275	Growth with valine supplementation under hyperosmotic stress.
G5	0.032866909596544834	0.030638805649429578	0.028427636394248303	0.026931620303914723	0.02836370539143684	0.03232218186163031	0.03633606024987052	0.036274545206046054	0.03392589705447094	0.03206843475731295	0.031962045177881857	0.03541029977547281	0.038172014556743634	0.03989191017424662	0.040293774962004716	0.04167769806523455	0.0439403111666807	0.048133205616311875	0.05177901626255731	0.05508277067105285	0.05842243457388977	0.06131998958652386	0.06590762433664417	0.07095549920386632	0.0761299846823252	0.0824418124299735	0.08978304693882058	0.1004169172199185	0.1121764936103041	0.125363984328448	0.13996515279731436	0.15712835754543897	0.1758138728707054	0.19395165832580996	0.2121214287847686	0.23235060852955686	0.25585890398579625	0.28217486867982305	0.3092258105339031	0.3388048730503824	0.37163092829160077	0.4083977566181198	0.4486601136035351	0.4912719898665008	0.5363600049208257	0.5848553618158939	0.6357190499524962	0.6879298441185624	0.7427314481025034	0.8002022314782736	0.861722954613322	0.9318455489662549	1.0000695512648812	1.069502153533604	1.1350881937472466	1.2043932564627409	1.2784298264438398	1.3594595517745618	1.439329847401928	1.5181679385430098	1.5974468004774525	Growth with supraphysiological lysine supplementation without hyperosmotic stress.
G6	0.04238104395764408	0.036529337175299284	0.03126607797498033	0.028321029498959323	0.02993289002278384	0.03633335062852634	0.042688408142855266	0.04667584213834065	0.046968875424109054	0.045499017882365614	0.04532680582481268	0.048726842084008806	0.05618672857604372	0.06658618066554697	0.07770814432043129	0.08947800382747578	0.10010661521735151	0.1123743582052501	0.12605970335008182	0.14203740743214305	0.16056299243153954	0.18089733136373262	0.20472845269167056	0.22953724815194004	0.25642783125229085	0.285149160269763	0.31644677244831776	0.35383034454703227	0.3927063595340683	0.43241778570669165	0.4719100601674744	0.5146509190864712	0.5616862353438381	0.6132227093751232	0.6691671587093094	0.7289135220806712	0.7938480753161309	0.8632843651235079	0.9329633327163692	1.0061743286953109	1.0798467098613036	1.155652441564966	1.232088826467412	1.3061075196387995	1.3777569466660224	1.4457995717530638	1.5120258037152436	1.5756905947327577	1.635922638969628	1.6947507211482247	1.7551469796873995	1.8191987558595215	1.882256244082123	1.9403634828715977	1.9816651395478093	2.0045723351828615	2.069668088895194	2.1121777777777706	2.1709	2.158933333333333	2.2970333333333333	Growth with physiological lysine supplementation without hyperosmotic stress.
G7	0.00793725350029817	0.00791931649230012	0.007560866006380539	0.007215552553420055	0.006632235810281715	0.005736594038756895	0.006785273084327571	0.008099824317639275	0.00935013942576699	0.009999999999999998	0.01	0.009999999999999998	0.009999999999999998	0.01	0.009999999999999998	0.009999999999999998	0.009999999999999998	0.009999999999999998	0.01	0.009673722577990462	0.009160928103432326	0.008799636568568461	0.008747867671962945	0.010158408068068874	0.013024624568517018	0.017092483073918096	0.020581314702102126	0.024276244246425747	0.028347369422950054	0.03373358341730591	0.040262101884598334	0.046748192487087725	0.05381387319963138	0.06205813140821531	0.07250054697094416	0.08416352109884621	0.09506718095592626	0.10696949393893222	0.11861016862424323	0.1310579104378763	0.14221843444707372	0.15277413422588984	0.16190604681421167	0.17151793059197173	0.1812098380042353	0.1911722528040518	0.2015826907919658	0.21157035782053007	0.22091569593027832	0.2338113132176548	0.2493788102291658	0.26828620675332715	0.2888561458374928	0.31138357337320827	0.3348511558746868	0.36204120478639623	0.3909931879089832	0.4217938397365209	0.45524828835861153	0.49174784666114896	0.528711735525927	Growth with physiological lysine supplementation under hyperosmotic stress.
G8	0.009999999999999998	0.009999999999999998	0.009999999999999998	0.01	0.009999999999999998	0.009999999999999998	0.009999999999999998	0.009999999999999998	0.01	0.009999999999999998	0.009999999999999998	0.009999999999999998	0.009999999999999998	0.01	0.009999999999999998	0.009999999999999998	0.009999999999999998	0.009999999999999998	0.009999999999999998	0.009999999999999998	0.009999999999999998	0.009999999999999998	0.009999999999999998	0.01	0.010046526148282355	0.010182487332598624	0.010954302187043007	0.012073750691451434	0.013949632882353116	0.017222907907225214	0.022574465492316325	0.03414155411250687	0.04478267591042373	0.055577452391389934	0.06625318279654202	0.07666641150988929	0.08682222823593214	0.09622386609614904	0.10543882025566034	0.1135666666666657	0.14693333333333333	0.13579999999999998	0.15456666666666669	0.13150000000000003	0.16473333333333331	0.15276666666667438	0.17026666666666615	0.18826003845016281	0.207150341612506	0.2263999999999992	0.24146666666666672	0.2565168838137324	0.2714604603883008	0.29108643381799754	0.3160201724732091	0.3403760265602577	0.37158518797152557	0.40474633231135165	0.439692527773055	0.47513718322804055	0.5107081608649118	Growth with valine supplementation under hyperosmotic stress.
G9	0.009999999999999998	0.009999999999999998	0.009999999999999998	0.01	0.009999999999999998	0.009999999999999998	0.009999999999999998	0.009999999999999998	0.01	0.009999999999999998	0.009999999999999998	0.009999999999999998	0.009999999999999998	0.01	0.009999999999999998	0.009999999999999998	0.009999999999999998	0.009999999999999998	0.009999999999999998	0.009999999999999998	0.009999999999999998	0.009999999999999998	0.009999999999999998	0.009999999999999998	0.009999999999999998	0.010000000000000002	0.010000000000000016	0.009924604358521553	0.012015645765365839	0.013817197656524319	0.017200000000000038	0.025154694636396312	0.034577777777777804	0.043266666666667904	0.0436523139553325	0.05571081249549276	0.0705578078509004	0.08658408621920093	0.10340753726944124	0.11958710597800537	0.13352739660836077	0.14630000000000062	0.15516666666666665	0.1741	0.20893333333333333	0.19956666666666664	0.20276666666666665	0.22406666666666666	0.2569666666666667	0.24539999999999998	0.21036666666666667	0.2796666666666666	0.30089999999999995	0.32466666666666666	0.35953333333333326	0.4037333333333334	0.4356666666666667	0.47606666666666664	0.5571	0.5992	0.6585000000000001	Growth with valine supplementation under hyperosmotic stress.
G11	0.009999999999999998	0.009999999999999998	0.009999999999999998	0.01	0.009999999999999998	0.009999999999999998	0.009999999999999998	0.009999999999999998	0.01	0.009999999999999998	0.009999999999999998	0.009999999999999998	0.009999999999999998	0.01	0.009999999999999998	0.009999999999999998	0.009999999999999998	0.009999999999999998	0.009999999999999998	0.009999999999999998	0.009999999999999998	0.009999999999999998	0.01	0.009652936258186036	0.008565380322644273	0.008283182371727253	0.008423894591710017	0.010310919168189187	0.013534010869515273	0.016703426744901585	0.020553813843052826	0.02500247304022432	0.029661174310324962	0.03661616885727357	0.0444001178499973	0.05179440164230623	0.05945866650981232	0.06999847111634327	0.08276338802797802	0.10153326460215016	0.12842093684612496	0.14955531439020003	0.17426008246085617	0.19156666666666597	0.20036666666666667	0.20916139632734063	0.21796666666666614	0.21593333333336742	0.21389999999937093	0.26666666666666666	0.19383333333333339	0.23566666666666666	0.28303333333333086	0.3236078878557655	0.3595378094034839	0.39503394084649657	0.44355405214283083	0.49046462583772693	0.5387092347931304	0.5931875453086322	0.6471417530143327	Growth with supraphysiological lysine supplementation under hyperosmotic stress.
G12	0.03736208202215675	0.03608419256623871	0.034798898418252205	0.034766918515879236	0.035509776816216955	0.036908702642762914	0.03889770985903423	0.0420031848374392	0.04641551022035158	0.05130026252977075	0.05688138139719132	0.06253355700780772	0.06840707620386718	0.07591828621122332	0.08586112516060428	0.09916458165667602	0.1143498407002898	0.12893589860592997	0.14218419379944605	0.15602309884485585	0.17112903149331055	0.1890009382599096	0.2078103994156672	0.22748915809509898	0.24906981009550289	0.27400655973544163	0.30174221535168144	0.33375050410615925	0.3689510102165906	0.404988585652523	0.44339404187519404	0.48499743725928324	0.5279286393216581	0.5749620402765712	0.6260274567824547	0.6790779878550013	0.7362851932471312	0.7962231854627836	0.8578095170912294	0.9234799365462785	0.9936271473496587	1.0670201198252949	1.1432167712295505	1.2188414247936528	1.296408768400942	1.3750062429303493	1.4511366701305752	1.5252888928492159	1.5939749311958127	1.6614606936039102	1.7323817523954248	1.790933333333217	1.9189	1.9414999999999998	1.9691	1.8994	2.0381666666666667	2.1671666666666667	2.1092666666666666	2.0955333333333335	2.3468	Growth with valine supplementation without hyperosmotic stress.
H1	0.025280963231218916	0.02129443900083306	0.016823049493140414	0.014995725340428177	0.01616591599414958	0.020536630495484463	0.026376165895816293	0.03387738890571477	0.039696404407463914	0.045623937042453364	0.05256375596571966	0.05918869180771103	0.06645698620891867	0.07448033953723551	0.08356219733486671	0.09348928287735159	0.10398646470264061	0.11489337298618488	0.127620727800943	0.1418874432450009	0.1568152071711325	0.17311041425520884	0.19115309560656374	0.2121040359963529	0.2359125834950671	0.2592329100555332	0.27819631947987955	0.2987290129862617	0.3161504651203642	0.34450620716083785	0.37876524369827275	0.41446595569821204	0.4528968457403861	0.4935373013850161	0.535851897136101	0.5828412137517702	0.6344333961826174	0.6904430393853112	0.7500563531088231	0.8107007654907283	0.8727308343262056	0.9358302392348716	1.0029648201930028	1.0726753038546746	1.1416488439209145	1.2071057976790207	1.2691774458383538	1.3357671805250908	1.4014963410808714	1.4689206673806274	1.5280648240605097	1.5919682474366526	1.649147170549832	1.7167333333333339	1.7320666666666704	1.7920918726055515	1.83412557581874	1.886666666666694	1.9127000000000205	1.9387333333332462	1.9647666666666956	Baseline growth without any supplementation or hyperosmotic stress.
H2	0.04876015432314019	0.04431296004930873	0.03996566782881795	0.03951950650590216	0.04196348337976218	0.0460101621881954	0.05197468470463224	0.06044355715479905	0.06894786489330718	0.07932864295153255	0.09070615148327789	0.10257573001742286	0.11478768597392978	0.12843659077817243	0.14348449810955477	0.15987191440709492	0.17629120954335042	0.1922340278300812	0.21018117484264115	0.23159044808815743	0.25577172977785606	0.28245929745643455	0.3107925477385087	0.34243256031436237	0.37678000619583657	0.4126615353281665	0.45043503144483393	0.48581044966893516	0.5248212329026577	0.5677526316820881	0.61538926454493	0.6690417673556003	0.7267562778237048	0.7845609763511519	0.8451526089358706	0.9092427152690965	0.9808271809721842	1.0603642159090982	1.13921833959243	1.211507160891963	1.2798342061791395	1.3488636295203846	1.4236722042898586	1.5062087834334545	1.5770575109452776	1.6420468600519058	1.689469804635293	1.7352674323956214	1.780300549416748	1.827640540653141	1.862358568972825	1.9291436402250866	1.9891518601355955	2.053247957508649	2.0654186547895086	2.0886382326340267	2.121097168839711	2.1611693755041026	2.1770000000000476	2.196733333333259	2.2164666666668973	Growth with physiological lysine supplementation without hyperosmotic stress.
H3	0.009672653876761115	0.009108344118567962	0.008771476517566636	0.008893188868231795	0.00956848120388283	0.01	0.009999999999999998	0.009999999999999998	0.01	0.009999999999999998	0.009999999999999998	0.01	0.009146749248382754	0.007750273813581249	0.00660771136356875	0.005483781948548559	0.0057365931257814485	0.005621253770486921	0.006752571020634414	0.008705586015305244	0.011417597443534839	0.013308144815024549	0.015246917791582281	0.017585094029005308	0.02299820165832779	0.026876948234110812	0.029038980755492626	0.02718903338230807	0.025200778100217845	0.02657529296760017	0.030979094942381855	0.03756248761462515	0.04583704923390285	0.054670128076309374	0.06464320228570525	0.07497397718852135	0.08536501050134547	0.0972102689681484	0.10715057266160352	0.11461229094232356	0.12131101449735404	0.1253783709359818	0.12860451535100165	0.1350461008875535	0.1469128548408481	0.15826457689853315	0.16534707034907192	0.1717654423210557	0.1756542566545827	0.1969054693314993	0.22048588207212183	0.24410106288071426	0.2677313310224674	0.2937749477685709	0.3202002581855358	0.3482026385552017	0.3772475166308003	0.40661653612423587	0.44072986115810914	0.47901719686835675	0.5177554053373793	Growth with physiological lysine supplementation under hyperosmotic stress.
H4	0.023940479668382454	0.020711477865540867	0.017615095973538865	0.01728749995094955	0.01965252938879922	0.023637055742186972	0.028181080791178915	0.03281917301104417	0.0372447023321396	0.0424822903001114	0.05112577777946564	0.06278613777263722	0.0731301040597133	0.08032193202479307	0.08447431836153356	0.08792090850713473	0.09452769212014225	0.10499109138930202	0.116890993420679	0.12989588227594842	0.14320888702327123	0.1572422385339079	0.1738891016873972	0.1936570280874864	0.21577018652955432	0.24007886816038218	0.26679961421610193	0.2956378643405216	0.3264164070890242	0.35901207852436456	0.3921344403207267	0.42756857243460067	0.46580260897011466	0.5071175688561008	0.5527632663625001	0.6035140427016077	0.659964399435079	0.7222870248628032	0.7859757892344799	0.8490913003292446	0.9104461691382435	0.9754560798359562	1.0463505409075458	1.1243092656513907	1.201661508278311	1.2758275381706137	1.345370351097065	1.4123968046894249	1.4794059950620093	1.5453986485290452	1.6051034474785137	1.6557000000000408	1.7152000000000025	1.787166666666604	1.8264666666666975	1.8651065469921118	1.9028829879397002	1.9403666666666752	1.9594	2.020033333333333	2.167	Growth with physiological lysine supplementation without hyperosmotic stress.
H5	0.003608638614033386	0.004042813857731843	0.004574113854486849	0.003846088245907187	0.003925093434720763	0.004735645121908941	0.005675864187354664	0.007374960846811135	0.008259736105192836	0.009372533467660116	0.009999999999999998	0.010000000000000002	0.009999999999999998	0.01	0.009999999999999998	0.009999999999999998	0.009999999999999998	0.009999999999999998	0.009999999999999998	0.009999999999999998	0.009999999999999998	0.009999999999999998	0.009999999999999998	0.009999999999999998	0.01	0.01	0.009232745158859482	0.007206680633169964	0.005756559682496931	0.0058216376598020335	0.008366081300394592	0.013526044206188338	0.020210110302771596	0.026884601430646256	0.03339330967867702	0.039640011392430466	0.04796178302303474	0.061778399033650185	0.07529258607403401	0.08737960665791472	0.09783976278508355	0.10660676275098593	0.11703472423242484	0.12708612041266196	0.1347666666666684	0.15636666666666665	0.3018666666666666	0.157	0.19646666666666668	0.22056666666666633	0.22869813120554322	0.2369567024385224	0.24566677887778357	0.25772205457818737	0.27382181571546094	0.2943108774050941	0.3183881609318636	0.34544086859475936	0.376151016731933	0.41019932195916575	0.44461578328592577	Growth under hyperosmotic stress without any supplementation.
H6	0.011966666666666681	0.01	0.01	0.01	0.01	0.01	0.001366666666666655	0.0007666666666666655	0.010899999999999993	0.0041999999999999815	0.01	0.009999999999999981	0.01	0.009999999999999997	0.01	0.01	0.009999999999999998	0.009999999999999998	0.009999999999999998	0.009999999999999998	0.009999999999999998	0.009999999999999998	0.009999999999999998	0.009999999999999998	0.009999999999999998	0.009999999999999998	0.009999999999999998	0.009999999999999998	0.009999999999999998	0.009999999999999998	0.009999999999999998	0.009999999999999995	0.010000000000000044	0.010000000000000179	0.01	0.004299999999999998	0.01	0.0017666666666666386	0.01	0.009999999999999726	0.010000000000000042	0.010000000000000005	0.009999999999999998	0.009999999999999998	0.009999999999999998	0.009999999999999998	0.009999999999999998	0.009999999999999998	0.009999999999999998	0.009999999999999998	0.009999999999999998	0.009999999999999998	0.009999999999999998	0.009999999999999998	0.009999999999999998	0.009999999999999998	0.009999999999999998	0.009999999999999988	0.010000000000000021	0.01000000000000003	0.009999999999999908	Media control
H7	0.004842410448794049	0.007103441358222034	0.00925172131530344	0.009423736873826864	0.008454824297430817	0.008446578802013164	0.008454242803931273	0.009410975019025068	0.009999999999999998	0.01	0.009999999999999998	0.009999999999999998	0.009999999999999998	0.01	0.009999999999999998	0.009999999999999998	0.009999999999999998	0.009999999999999998	0.009999999999999998	0.009999999999999998	0.009999999999999998	0.009999999999999998	0.009338249317040954	0.0074713034269065235	0.00685982784416877	0.008227779343367683	0.012373671251674184	0.019634201554363222	0.026416917742541166	0.032947650435616906	0.0376829849605883	0.04059170138462287	0.04322639294350157	0.04524937312861478	0.049381851196637676	0.056274708313514075	0.06394949037013344	0.07214949245672278	0.0794865974473621	0.0885562758505427	0.10136426118986588	0.1158849480714953	0.13131045574171993	0.14393788877353678	0.15338453180731842	0.1628341037223015	0.1734318172790442	0.18684576927657276	0.2020319106812402	0.2162700642175136	0.23132341009929133	0.24778239160176635	0.2698074347439237	0.29685281592961177	0.32412631305010176	0.3542714664589186	0.3880416144898925	0.4275277061514281	0.4706292066431302	0.5148054208642419	0.5591530850811898	Growth with valine supplementation under hyperosmotic stress.
H8	0.009999999999999998	0.009999999999999998	0.009999999999999998	0.01	0.009999999999999998	0.009999999999999998	0.009999999999999998	0.009999999999999998	0.01	0.009999999999999998	0.009999999999999998	0.009999999999999998	0.009999999999999998	0.01	0.009999999999999998	0.009999999999999998	0.009999999999999998	0.009999999999999998	0.009999999999999998	0.009999999999999998	0.009999999999999998	0.01	0.009502334134696849	0.007078996821470622	0.00484508407226847	0.003134590620021115	0.005520411725445826	0.008932110693982512	0.012475644400019253	0.016966666666666692	0.020103920339382082	0.023818531372163124	0.02727505745339817	0.031098498826208406	0.035136924489655906	0.03942034455956936	0.04529996472575164	0.05188383074206218	0.05882574092007496	0.06631585810603415	0.07276030576218508	0.07762889380796248	0.08407813425831413	0.09732911850234086	0.11211076001613093	0.12927287319136105	0.15293071665709856	0.17763521940336371	0.2042666666666727	0.2291642725348822	0.2550666666666669	0.2804666666666666	0.3095935105156875	0.3393967201455993	0.37165384986537753	0.4125221373855641	0.4570070456424718	0.5042333333333338	0.5555118741048706	0.6086211309435183	0.661856133780471	Growth with supraphysiological lysine supplementation under hyperosmotic stress.
H9	0.017188880097908213	0.016670471929119746	0.01626206518700437	0.015584742336199161	0.0155802143704439	0.01801821370268921	0.021686088754041866	0.024463444518346103	0.027886683329091617	0.03179103936841417	0.03427547758451736	0.03774598562950776	0.040090518789863104	0.04343986094346938	0.04760544441889262	0.053666512042305485	0.060490309835183075	0.06896895071488249	0.07935627100790857	0.09128247563427168	0.1050717042218206	0.12129379599159071	0.14010183486425426	0.15925248446660492	0.1795230330011396	0.19974446345172125	0.22079073001224434	0.2458947331715369	0.2717493072371825	0.2994716875472593	0.32843275016762646	0.36013412853520727	0.3930089913778583	0.42740577357634374	0.46345213994820883	0.5022302050641609	0.5484115005575926	0.6008999010463302	0.6575766233274085	0.719238439258034	0.7813671984337428	0.8454716907025687	0.9118697382408752	0.9776575325324617	1.0487059603152318	1.122665941175835	1.200317840716205	1.2827694060536154	1.358439617399121	1.4284727997202336	1.4972018853190012	1.5659540841515107	1.638276085763474	1.708883427106791	1.7558883666917766	1.8079859417040622	1.8458097382907797	1.8884384546107598	1.9371238668065738	1.9911642015543882	2.046408633562763	Growth with valine supplementation without hyperosmotic stress.
H10	0.01470680727654491	0.013629162621339149	0.012825279910763862	0.012044452649389744	0.012945529834217871	0.015583676911543432	0.018889207530276415	0.022966464547756825	0.027806101669486074	0.033223211778532546	0.0394439967239149	0.043387837443596235	0.045124836389821676	0.047188008820387664	0.05115175852094353	0.05888583579049428	0.07008806183804833	0.08202514155002812	0.09612317199156858	0.11235469246130039	0.1291222041793595	0.1471270533162708	0.16633894199296737	0.18777356177547772	0.21225752066360287	0.2393356636385064	0.2665775107651157	0.29632701506784126	0.32715212041379566	0.3605239124766843	0.39689928468191316	0.43539637606101605	0.47618014373000106	0.519594967271938	0.5652667954520085	0.6137871150788028	0.6672160395359938	0.7246730134476085	0.7841428464741341	0.8451814283026405	0.9068340724798445	0.9707032663858871	1.0391066305350214	1.1113347958224753	1.1869770151260368	1.2648093019335982	1.3381044355666984	1.4071034841167687	1.467771232304192	1.5182361021456425	1.5638989404737855	1.5851000000000268	1.6849166666666666	1.7826666666666666	1.8122000000000031	1.856166666666672	1.8987219841316259	1.9211833333333312	1.9422333333333808	1.963283333333288	1.9843333333334088	Growth with physiological lysine supplementation without hyperosmotic stress.
H11	0.010000000000000002	0.01	0.01	0.009999999999999998	0.009999999999999998	0.01	0.01	0.01	0.009999999999999998	0.009999999999999998	0.01	0.009999999999999998	0.01	0.01	0.01	0.01	0.009999999999999998	0.009999999999999998	0.009999999999999998	0.009999999999999998	0.009999999999999998	0.009999999999999998	0.009999999999999998	0.009999999999999998	0.009999999999999998	0.009999999999999998	0.009999999999999998	0.009999999999999995	0.010000000000000044	0.010000000000000179	0.01	0.005399999999999988	0.01	0.01	0.002700000000000008	0.01	0.009999999999999726	0.009999999999999943	0.01	0.009999999999999945	0.010000000000000179	0.01	0.00019999999999997797	0.004366666666666658	0.01	0.004833333333333328	0.01	0.01	0.01	0.01	0.01	0.0009666666666666435	0.0006333333333333468	0.01	0.00999999999999928	0.009999999999999995	0.009999999999999995	0.010000000000000179	0.01	0.0022000000000000075	0.01	Media control
H12	0.0144108762857472	0.025166013166962903	0.036540171326435104	0.04418097286598905	0.04741948492519886	0.047314395211702255	0.04356838338129263	0.04402033872402206	0.05201509463441285	0.058017665659129615	0.06315898743019087	0.06305315441978555	0.060359884451894566	0.05844600964986049	0.05674878752090251	0.05458178651676969	0.057482404128080054	0.06203892366956642	0.06590463527151447	0.06792533092865714	0.06828277331116898	0.07135674307312062	0.0765935128723239	0.08184554022191484	0.08731902606464757	0.0937723167380391	0.10298631762795984	0.11037038254920378	0.11569418668047768	0.11998491626417619	0.1283789290302978	0.1451546107816168	0.1683886036893835	0.19160026468328517	0.21372650283057174	0.2316132431610371	0.24809720278868944	0.2654211504222324	0.2817586663845508	0.2993993195388367	0.31880834569975136	0.3408701298210547	0.36977855712195146	0.40514635059018406	0.4437394306544338	0.4838089189847878	0.5184732270239147	0.5520072317649585	0.5848203701056263	0.6217330546858655	0.664365819827934	0.71275894443617	0.7662349822745589	0.8209806071319842	0.8810873201647819	0.9476316062072915	1.0181356138736881	1.0925447513428508	1.1646833547780027	1.2383634736403812	1.3115787255839204	Growth with supraphysiological lysine supplementation without hyperosmotic stress.
