well	0	1200	2400	3600	4800	6000	7200	8400	9600	10800	12000	13200	14400	15600	16800	18000	19200	20400	21600	22800	24000	25200	26400	27600	28800	30000	31200	32400	33600	34800	36000	37200	38400	39600	40800	42000	43200	44400	45600	46800	48000	49200	50400	51600	52800	54000	55200	56400	57600	58800	60000	61200	62400	63600	64800	66000	67200	68400	69600	70800	72000	Summary
A1	0.05397460543984525	0.037722314914156035	0.023134658681516044	0.016098066029956656	0.015220301153258797	0.02039540921747757	0.02328687436260845	0.02280058477682798	0.01953225776218619	0.018163843462544484	0.023826599057956102	0.032677365019737656	0.03993774611569518	0.03995513710675562	0.03463850098417361	0.02846454432937992	0.026400443133308724	0.026444590807657063	0.027773283124227416	0.03083843114847019	0.03514921479219418	0.0418729090604003	0.048314507109848755	0.05117080170613036	0.052108829272927065	0.051850516711874545	0.053539309581862704	0.057589865023152435	0.061636052588302764	0.0649179870755716	0.06707892077814039	0.0707749771063369	0.07649181550047358	0.08261589259636398	0.08739895041080577	0.0907231879496554	0.0939308158445541	0.10063773380587697	0.10864722940218427	0.11868989263609422	0.12798123178738424	0.13535758771995962	0.14230115766561158	0.14885406361031575	0.1563065785163965	0.1660676458812187	0.17778834272459063	0.19151952577531972	0.20892766003045485	0.23381930212431742	0.26737900541512977	0.3021281397892324	0.3325311143137658	0.3531118093388417	0.367363700855741	0.38182148678407274	0.40251793287724574	0.4355151374647868	0.47552917890618535	0.5190178246361548	0.5626783380897075	Growth with alanine supplementation, no spermine treatment.
A3	0.03339181897378664	0.02690476814389509	0.02194492721208257	0.024035838353051623	0.027392758581980016	0.03203709703447219	0.03375414594475381	0.03360135379151278	0.032720996519493104	0.03362885626238852	0.0338891515622022	0.03536801516342607	0.040022535962533995	0.0428330470948378	0.04631148439812191	0.046739376547822245	0.04533067711817555	0.04488898263058445	0.0505039832589968	0.055259517909649565	0.0576472069437806	0.05867975813619998	0.05590387199133815	0.05501304943356002	0.05495501145316888	0.05632924922200902	0.05992991932088036	0.06358936723482052	0.06786235107939259	0.0712624017724238	0.07319293375780984	0.07760842838366183	0.08071882224305857	0.08508181596246657	0.09253990452278893	0.09954896614682313	0.1081525739950684	0.11216309814194261	0.11615116934990731	0.11959495776093325	0.1277847248651593	0.1391553725259453	0.15024758125877524	0.16223423391541886	0.17586115382027978	0.18995240493448184	0.2062183461619929	0.2261610801308528	0.24959584564657666	0.2772135062262727	0.3069950174519811	0.3374202912298605	0.3713169119248188	0.4079329870885119	0.44761409264080454	0.4895403510814275	0.5323021006618415	0.5784631898879437	0.6314473411033197	0.6927847002213225	0.7548855024410336	Growth with low glutamate supplementation, no spermine treatment.
A4	0.04118333840739289	0.03335197391753574	0.026849853005715282	0.02571545751944454	0.02883515093203851	0.037032891025799826	0.04024244653736569	0.03800835032907146	0.0326374506955497	0.03273289914920299	0.032267289499965185	0.03546063423018615	0.03365511109722288	0.03279452176711387	0.035083292085879944	0.04181050042035962	0.04744078449923937	0.05201981413376103	0.0543290221713854	0.051534911418330394	0.05103860601166465	0.052093018474749175	0.05457298265832696	0.05919450523742105	0.06097444413112178	0.06198233669970953	0.061197204722287186	0.06255729595704781	0.06303254155256724	0.06426678530453278	0.06416158991207663	0.06705477855863674	0.06997763537458739	0.0723808336408122	0.07737515986458918	0.08218227706457325	0.08868541689501282	0.09533444981836095	0.09927942752919801	0.10425259016474912	0.11056672263933642	0.11747758836271467	0.12484355865266003	0.13343570413213737	0.145112851389347	0.15841066272061963	0.17453841380421847	0.1930540661935981	0.21317718868898766	0.2356068229523748	0.25869714745061745	0.2836756440776356	0.3113991046724628	0.34286743772189143	0.380412586721253	0.4213544349061618	0.46425671230643845	0.5090056904177723	0.5577219820696895	0.6102574849042082	0.6637368161639213	Growth with high glutamate supplementation, no spermine treatment.
A5	0.03483722508399151	0.026047593917047782	0.01792906414651661	0.011396185717175563	0.008189041551130743	0.008162195872650971	0.009742403901557721	0.014933836069256076	0.018645800605892947	0.018867445046838235	0.016864718535803725	0.012407915733804984	0.009772731856992702	0.008555429370170821	0.009084686495652387	0.009613969906603723	0.010583938574957007	0.010515541525832787	0.010238483462042597	0.011662239324288094	0.01341755724014316	0.013727553389371398	0.01544130377963137	0.015447578266197321	0.017354312293580466	0.013632381544817204	0.008930014543241131	0.012723542418973052	0.01645045905483972	0.024115216841615553	0.02418227817940184	0.025481617892435478	0.027058020045933398	0.03066179178367623	0.03397252313369667	0.037505983848751666	0.04103791194588023	0.04259218690508621	0.04219296679085871	0.04114980104483278	0.04077326711062623	0.04329680504597815	0.04693149627365726	0.051962096912870945	0.05682357238381217	0.060123414451927454	0.06453975032815165	0.06880254186329013	0.07641154104817245	0.08532397243457218	0.09444225081958524	0.10468887016678868	0.11418856769793907	0.1244369585160723	0.13397446823522308	0.14769527664482834	0.16090567019419053	0.17589403943577206	0.19194199215293153	0.21116808355564817	0.23103425341156847	Growth with high glutamate supplementation and spermine treatment.
A7	0.019415493557857058	0.014944352627640716	0.010479680054596993	0.007747096404504517	0.0057297385477462865	0.004275057983388662	0.005113528451928048	0.008026890893175537	0.010588421260135053	0.009203268844969133	0.009445796692557537	0.009486366675910608	0.011223729795036233	0.012490968199861396	0.012128984275133292	0.009985859485053008	0.009772114491097265	0.010626327628203315	0.013871521221233443	0.0204082631403127	0.027191929208216704	0.03191580254280621	0.03615294381478447	0.03597718005966689	0.03267149701962424	0.02696688401192865	0.023854787631772772	0.027327265252451355	0.034632911497935376	0.04077941910679576	0.04238032369956062	0.043286029038324306	0.042311090737665	0.04152092426427601	0.040104923001292925	0.0401112332737086	0.04202593939035235	0.048005796781274014	0.05505890279670853	0.06176191709628606	0.0679197310461496	0.07278141065262266	0.07719454275673891	0.08390917068462164	0.09246540070981729	0.10007191607042244	0.10788903138096785	0.11523750082236307	0.12440106002302743	0.13682157852886004	0.14917233123252086	0.16150281751310014	0.17476588797108558	0.18879576995636563	0.2045052314019143	0.2186374515720378	0.2335301309304014	0.25099415511492285	0.2736408869111603	0.2994008446572094	0.3255885071517396	Growth with high glutamate supplementation and spermine treatment.
A9	0.013056738077163173	0.0110375024505553	0.009100988359828779	0.00839684378405498	0.008605273635528089	0.012244129627235168	0.01620329455473888	0.01957087025133102	0.020264291330622446	0.02001778623118682	0.02080089010394405	0.021893639491142904	0.023786088281802772	0.023528964064495006	0.022193448265595675	0.022198347804135092	0.022178247744652674	0.02335634519280438	0.02417277225071967	0.025055988560532292	0.02638626325930101	0.028376851415862256	0.02994806938629164	0.03210251716428796	0.03465847383523171	0.036644952843860934	0.03831531681724858	0.03877986266489193	0.038415037291426604	0.03805227206108351	0.038559369660968436	0.039963985186074774	0.04380766874173446	0.04860859864365458	0.05353069609149515	0.06026124622075228	0.06711900608817516	0.07391505244421041	0.0798380858237339	0.08385656639869397	0.0886577933791625	0.09545949550710602	0.10236286155741034	0.11102111246548907	0.11975230197544609	0.1279324004373787	0.1366373568106073	0.14375655523669795	0.15254975646469207	0.16315523024404768	0.17572771328013437	0.19031807249148971	0.20440471611939193	0.21944726215329183	0.234755778891863	0.2520118051060839	0.26956341090530767	0.2871249017188273	0.30513771406583295	0.32635378768586654	0.3481425356163509	Growth with high glutamate supplementation and spermine treatment.
A10	0.011249611100224528	0.011333536242204323	0.011208394194268258	0.010070185655581133	0.011133148616298615	0.015758045839217028	0.020992564143049217	0.02372131339270383	0.021187170433607006	0.01775982881917477	0.016537883330733937	0.01620824624304995	0.017249721847427558	0.016140551470335336	0.015379259579413123	0.01613496564793846	0.017287699676403125	0.01708832635569317	0.015965692586907766	0.015231070373409575	0.015612862414504707	0.016723515812359823	0.016959927763124955	0.018090233964007815	0.018325731296910498	0.017935702652903247	0.017177121119487746	0.016904028848779666	0.018068854615887156	0.018956712298497227	0.017970812808858785	0.01717649488903667	0.01704157785997978	0.018165642844647747	0.020852246661383984	0.022517210246469462	0.02390693239814969	0.02431290288994165	0.022795438629206254	0.022004351207344675	0.02215294207432362	0.02237057382757231	0.023649187034579456	0.024873746563377336	0.025423878414181138	0.02522438965991495	0.024911146613869103	0.024297676759532507	0.02442499052910342	0.023696866891748925	0.02307303703137182	0.02396181517085839	0.02410801118926382	0.023859193431927925	0.021062879952177496	0.019860979428395025	0.021588778275926226	0.025159016659855392	0.026917759472493002	0.026398045241800065	0.025322211250575502	Media control
A11	0.011859618069383135	0.013353615229325254	0.015063383559072387	0.017279107329606237	0.01915950195358372	0.022771520245392828	0.023840342550967765	0.021948215626073703	0.01917235449309983	0.017717287076241973	0.01742892353920499	0.01866416332572321	0.01809337747596441	0.01613966252491839	0.014047867520472856	0.013384759309808095	0.014244081797443471	0.01562645094499404	0.01726167032068291	0.018976027183412767	0.021562279188621598	0.023169616962508344	0.024299980680510737	0.0245043151546928	0.024108679059108715	0.024865047475527268	0.0276889711606039	0.03201288316407337	0.03634081683801502	0.03961195528454459	0.042596611770615085	0.04636441065460807	0.05355927668162271	0.06181031487748461	0.07002757017439998	0.07864427645184978	0.08531046307440797	0.08748679656786243	0.09244172333386234	0.09364412908414423	0.10270192993884952	0.1136814963251408	0.12403357006594608	0.13403455929312777	0.14357381727647064	0.15431655008545797	0.16807421675174614	0.18507262234421273	0.20477753868235368	0.22672980268731122	0.2508543900987962	0.2766753910182823	0.30151929471245525	0.32652000861480296	0.35206914216595764	0.3848183192982346	0.41779875099480984	0.45221772795236526	0.48701254166979396	0.524660430317441	0.563001783814303	Growth with alanine supplementation and spermine treatment.
A12	0.008791911972270661	0.012610311379899857	0.015987730858240932	0.018977525116889958	0.023161992180316594	0.030286973455937914	0.036818376136414234	0.03981746495388569	0.03758166606876636	0.031799707921025086	0.030724377932876804	0.03249700918698198	0.034900239029452426	0.037328865646942676	0.03735097598198526	0.034883304458134076	0.03297411757715507	0.029490695054351274	0.028407761783418722	0.03047396310071067	0.03240169138119416	0.03277596432660002	0.03418667137009303	0.03398399684661775	0.03605263763072806	0.0351845591939869	0.035974400884158264	0.03826625999195783	0.042837664046452104	0.046020804173328274	0.046739061606256155	0.04496684842651743	0.046331471078344934	0.0508792367411619	0.056278935065687145	0.06274708448857115	0.06898493488196136	0.07451863943660067	0.0793898146337109	0.08226335372091952	0.08273519801799266	0.08459492965798968	0.0880657770270688	0.09460863471721014	0.10181857334223708	0.10781768005768955	0.11346694096303023	0.12033719159380994	0.12903826533543852	0.140182717161896	0.15334782863273666	0.16723217621680508	0.18314381431625187	0.20048261223740227	0.21937204273625027	0.24393511964774145	0.2679284679495622	0.29430468495598866	0.3243970721877151	0.3569421663320182	0.39011578793881296	Growth with spermine treatment, no supplementation.
B1	0.01	0.01	0.01	0.010000000000000002	0.009158720020864408	0.007244096371422986	0.006259277919984214	0.006236500319401238	0.007751807201285227	0.008749330621826283	0.007958849702943135	0.007311378216828468	0.006254190153545878	0.0060816741286391935	0.005943414634345335	0.0058985313018094275	0.006109641377274716	0.007108526344940426	0.007630663379159508	0.008582890363912365	0.00978790000842962	0.011551568097693567	0.014678198974636765	0.019534018284301423	0.0211855849934789	0.022254609371367737	0.023581677410187227	0.026248924782206792	0.030216810390018983	0.03457026171644146	0.03909726181354539	0.045373405270937056	0.05144594642331594	0.0573071616499158	0.06296257507043179	0.06850547591069532	0.0733335973509529	0.0809053808859396	0.09064729777232748	0.10330076286480717	0.11860625758795708	0.13328869022969034	0.1480033286739514	0.16410345761886208	0.18304026501437592	0.20264318367663617	0.22392786343446494	0.24693935777281614	0.27261904794379527	0.3015884813738492	0.33241430675863726	0.3648759946703387	0.39848082862461487	0.43391793326372685	0.47082672231861494	0.5152692631191398	0.5645006988257126	0.6185786894464952	0.6778052329354382	0.7423197382495219	0.807154084381154	Growth with high glutamate supplementation, no spermine treatment.
B3	0.009999999999999998	0.01	0.01	0.009145291411547773	0.006967632790878588	0.004481623985369503	0.0030373971466196832	0.004379161354975971	0.006808029867864204	0.008390612171914523	0.008017773551413917	0.007597082574406705	0.007591672764928595	0.00913710926817041	0.01023555963672587	0.011065724289558557	0.011820720085755786	0.012134058187655589	0.012421164171264352	0.0128607611801121	0.014088981814529894	0.016772803071585338	0.01931945396419274	0.021941380297072204	0.021435528043896125	0.020833828457853126	0.022722177270919047	0.024753741672272348	0.02798855976938419	0.02809011640299733	0.02825645408071391	0.030809473004515784	0.03434521366920307	0.03861635168083294	0.04232975114337659	0.04527455307170965	0.04884559297388999	0.052634262382356294	0.059677315484547896	0.06541878620833973	0.07188126490223039	0.07746354937074106	0.0836684556989382	0.09109168308245122	0.09833079200270138	0.10479030449332717	0.11280907852793215	0.12288488863928661	0.1354166461034132	0.14928074237912226	0.16265590716610356	0.17699527175787055	0.19318864225384086	0.21078545720074657	0.23011138523919683	0.251031302582677	0.27535055961511296	0.3023146424248239	0.3280106639068427	0.3651044671489516	0.4016444763008256	Growth with alanine supplementation, no spermine treatment.
B4	0.009015005714542081	0.010653197510264384	0.012452012560404247	0.0152268716656376	0.018468419755031572	0.021225076542136543	0.025303284011263895	0.026832149561962206	0.027287464790204826	0.026207534719032168	0.023089932275076275	0.02212910695203685	0.02239120022177843	0.0217162298145094	0.022844627069352478	0.02267410153332013	0.020803564179395537	0.020154755980676845	0.01912342830936048	0.02009790319161118	0.021080606119399832	0.02149090432679984	0.022701877874535356	0.02325023054977809	0.023802897201107117	0.023029485765451736	0.023833992557503417	0.027361539184226992	0.03162775963804392	0.03310201351330818	0.03299923507852854	0.03266395410215575	0.03259225756908957	0.0334197702186086	0.03334612583482723	0.03432321338740221	0.035564278160994486	0.03805380049332766	0.04033533248135466	0.04349004300278355	0.047482040760036606	0.050271069017685716	0.052697969316851216	0.05368992765101249	0.05535794287327845	0.05704839243963944	0.0598067172310347	0.06399754465768064	0.06911415184454453	0.0750880891981674	0.07983480878970631	0.08427347157648625	0.08919051684825871	0.09521719781079316	0.1034783623908689	0.11180645604316754	0.1185410072150783	0.12651268130917995	0.13480681132279915	0.14708231849959458	0.16011722183061985	Growth with high glutamate supplementation and spermine treatment.
B5	0.01003989451980208	0.01727977921586369	0.02368972762962551	0.024498560760817415	0.02222315362761767	0.019404047515099204	0.020175333613063628	0.022194483457250506	0.0239270787664359	0.024966210348746676	0.022268681937981056	0.018468171614167108	0.015374161669284084	0.015527336249330653	0.01889220096809365	0.02234651571964819	0.02186201474890111	0.020569420909151016	0.01712128016330873	0.0152815459089946	0.01512429881051477	0.014542191945836657	0.015445479700331527	0.016126728345162152	0.016897115381658043	0.01914320325105926	0.021569256234469997	0.02294764447434185	0.022472385723337363	0.021575576859079	0.02082595963926278	0.020184670835782598	0.019699563287688987	0.019102202750199606	0.019505782177331912	0.02033822888682948	0.019426533577638183	0.018081024388149045	0.017215641062385652	0.017423463560488475	0.0172631502645958	0.016595749180849894	0.01618738154929719	0.014714064208878982	0.015017288044753243	0.01518399629539814	0.015603162756141932	0.017771899379999408	0.018536578471807945	0.01922356433856036	0.021256545131461142	0.0221833818670525	0.022886159474715145	0.02396522278737372	0.023876547164514275	0.02491524064321501	0.024068082304780084	0.021493655326984572	0.01900772909165219	0.01628827781106466	0.014035090076256349	Media control
B6	0.005311127370958731	0.0076773792632142315	0.010159337676379044	0.011735749295428071	0.011626712629238277	0.010607045410759948	0.007472455950324652	0.00458314514964255	0.0029774525053220978	0.004093243106747792	0.007335034007670398	0.01032339736615	0.014832903959879544	0.016715797856910648	0.015390758669463562	0.0146830841754834	0.015084810332334667	0.01821883353742891	0.023728487629385467	0.026826375999262162	0.02841758550856745	0.029194010200720107	0.029592883182771354	0.030251724085067325	0.03159548156926341	0.031181069906220247	0.03159004288865146	0.032447026580013104	0.03300971572896619	0.0345582106897096	0.034280702186187374	0.035227298919546506	0.038109440337879566	0.04243336282537445	0.04729641544186576	0.05260049861334534	0.05697458606118546	0.06394426974495124	0.07351971050453687	0.08735709622108746	0.1012873081377628	0.11466309513908131	0.12649306939958327	0.13692028695700503	0.14882957921563789	0.1607880326488805	0.17586463216440656	0.19457050221434585	0.21605760250726977	0.23973306547491915	0.26509804703078954	0.29223712350381265	0.3207035692341635	0.3501253413815748	0.38045554632335693	0.41127813203366925	0.4451266674811762	0.48179457426807126	0.5221192478614229	0.5629325374409845	0.6040271811819095	Growth with alanine supplementation and spermine treatment.
B8	0.013163844299244193	0.011113501402507279	0.009183318306481607	0.00787697901186194	0.006653210288798204	0.006362315836551103	0.00639068885587485	0.005501592547597669	0.004604054226174757	0.003810322370002135	0.003062058233262957	0.0038027283794428166	0.004297364048076043	0.004297716185020896	0.0038995197148850736	0.0049557172516884644	0.0055683757295788075	0.007128181568853102	0.009959558450182886	0.01356280538386457	0.016672026226663264	0.018840216759916782	0.020116301325894422	0.02123321943119066	0.023390210872472315	0.02554891368311373	0.028454859672172296	0.032697653559920964	0.036091709983672705	0.0380645327350862	0.041077585894950606	0.04502159436120249	0.05023782106133528	0.05552091310616739	0.06127688022663247	0.06812006802240964	0.07717292012568777	0.08863703940564069	0.10000186120369245	0.11437644504375286	0.13027428085195472	0.14692319235192597	0.16421338446235414	0.18093188580905717	0.19868433787330217	0.2178094935129325	0.24006765630641655	0.2646034812097277	0.2917491121181575	0.3218527703998562	0.3519729727414813	0.38265800350252704	0.41363075945102834	0.4507204540489949	0.4935232506968672	0.5433167020627226	0.6000419080250017	0.6541027333315028	0.7108942665259289	0.7571683084847103	0.8038973240638975	Growth with high glutamate supplementation, no spermine treatment.
B9	0.011953599350078193	0.011129866712859057	0.010420770169467086	0.009596201061112725	0.009206369897797486	0.009690681717601166	0.01	0.009999999999999998	0.01	0.009999999999999998	0.009999999999999998	0.01	0.010105079557289374	0.010779900258911197	0.012705304993666997	0.014413071302363543	0.014055847596137502	0.012888821398656783	0.010581276159060808	0.00966321336614477	0.00793003225091309	0.007314667595471936	0.007457711824113094	0.009298189743436849	0.012817227610093644	0.016559425984497143	0.022111006119306175	0.027065995958574767	0.03238661975569571	0.03686463047104497	0.04138309933746363	0.04644301500155826	0.051154480138933714	0.05462132363238482	0.05882948665083226	0.06452187592431062	0.07184173917954552	0.08208248147700312	0.09279190999772256	0.10527396462921021	0.1191552707080096	0.13555450052827955	0.15483168103630354	0.17430160883055476	0.19520772010588758	0.21513382942877243	0.2361997615299782	0.2606715068026072	0.2883742707210742	0.3199161748504714	0.35325159825241026	0.3857162205875423	0.4232888675420182	0.46465303109326866	0.5179440464558526	0.5812104132940394	0.6505333333333349	0.7008000000000001	0.8301	0.9208333333333333	0.9500666666666667	Growth with low glutamate supplementation, no spermine treatment.
B10	0.036340366182112595	0.03227531386515153	0.027490950516984886	0.02201916747817024	0.016645561498437794	0.013221661400007556	0.014985009334358857	0.015955390915148103	0.015561783840624496	0.013470191924808908	0.012863601074837833	0.01292730473486299	0.014406222830366567	0.014295839064237903	0.014145102070704428	0.015708635658319658	0.015712354359602484	0.01733151478853818	0.02121710664913357	0.024417017548853774	0.027118868128996974	0.02629479024949595	0.02357950901693222	0.022078121350673916	0.02170083485451227	0.02171138177076539	0.023595167591701435	0.026509543745046153	0.029956914518540472	0.03194119745399919	0.03266320436170258	0.03310522401115427	0.03474235340533529	0.03854479400862498	0.04198593731331651	0.043924747974196	0.04526447717206056	0.047388059424447265	0.049598294933131636	0.053921248581850184	0.05793938059710241	0.06185371722921119	0.06754303681744911	0.07140278402357107	0.07606688476334723	0.08139049543702312	0.08785670776577051	0.09655831217474273	0.10690083724170063	0.1202498029561607	0.1348811995135705	0.14878958699462347	0.16313580819901316	0.17759262942082615	0.1942300529774139	0.21362281882638226	0.23570387049724897	0.25832472454952876	0.282883533611079	0.3067428530053875	0.3302499623637426	Growth with spermine treatment, no supplementation.
B11	0.03041176066120699	0.0391012205182637	0.04635527640274715	0.04641327475729877	0.04474875766550437	0.041348360860782	0.03933472149483717	0.036276505150754916	0.03373381055350066	0.03253239382460583	0.030656149065297456	0.031927525842790565	0.03459701138712344	0.03777984014714318	0.041713777779709256	0.042714938609446494	0.04037278502019114	0.035908900242564754	0.03029529517614201	0.02623625724755923	0.025449081411444942	0.026218144107111877	0.029014134148109494	0.03009392828728156	0.03132590988775645	0.03155518286979308	0.033465243028412466	0.03500258367500421	0.035535908753755036	0.03614397111213063	0.036502725539307744	0.037587567042709276	0.03909502694929315	0.04002383377287757	0.03960171634038854	0.04023568050411322	0.04155771690471189	0.0460362377715522	0.05337008813054901	0.06283226610586794	0.07194696309279537	0.07909680593436044	0.08569752294947558	0.09332557121316298	0.10650551630981796	0.12151906990741976	0.13579390125018104	0.1463384779215288	0.1564112803100497	0.16817464153717843	0.182463233644523	0.19764190690046887	0.2143293402583927	0.2338718941061428	0.2578952883300022	0.2844463047614415	0.3066117291988326	0.3297484412188509	0.3523443923746517	0.37818181966526393	0.40477641538409137	Growth with alanine supplementation, no spermine treatment.
B12	0.009453057959123318	0.011238169293431077	0.012949559206994726	0.012370808969226493	0.011716917623415455	0.014142070456971275	0.015660171489365143	0.01864361401966142	0.022550076172020213	0.02387592361667324	0.02633884242890749	0.025550476499037002	0.026132380480371642	0.028372961633157875	0.029063833595529255	0.027170257339225828	0.025039599031094848	0.024912797748941614	0.027837346503626507	0.03263101325691128	0.036135861950598785	0.03948365386456593	0.04239131303150406	0.04534634131629011	0.04755080102195034	0.047506323129419874	0.04687378186716342	0.048805724218406794	0.05365415574704527	0.059302695565304646	0.062269464499410225	0.06228920816269095	0.06108565266093581	0.06250159464581542	0.06406603180457071	0.06725128717945704	0.07153260629889735	0.07869860094252426	0.08886679340048442	0.09912118015451275	0.10958430226662853	0.12067791403175308	0.13194277482045785	0.14449511846205834	0.1575887679294051	0.16992726281974346	0.1833948590633962	0.1983490690322002	0.21431817035706657	0.23348166015878652	0.2548203942088639	0.2770759654274401	0.3001004272649429	0.3248261305268164	0.3514003894819391	0.38035304444927776	0.4108782196076489	0.4404844117243355	0.4730323596842472	0.5077211462655853	0.542731360122193	Baseline growth with no supplementation or treatment.
C1	0.005702566383108003	0.0064704693111632345	0.006864429364721045	0.006739420175147995	0.006247264329600483	0.006270354865891146	0.006907348758396672	0.007871597037053677	0.008693449444847552	0.009019285599299823	0.00987755272478726	0.009281183492001133	0.009352441105172731	0.010392076552008625	0.010705536969977652	0.010856423271147587	0.010002046571475433	0.009603117650227491	0.011289145094887224	0.013178085300974704	0.015159967899501671	0.017020391976705844	0.019971999641087975	0.024916428211438482	0.03310012882931225	0.04274150252685193	0.05398771977735359	0.06437849492049696	0.07266736137665641	0.08063544178336621	0.08853716830703778	0.10187152537848476	0.1182424808024844	0.13610163950607682	0.15129982203264034	0.16429398738883128	0.17677063697898987	0.19193355999178163	0.20723717152306934	0.224825815154145	0.24463186133142226	0.26874672817356615	0.29771504428748685	0.32958927774509394	0.36543018096838065	0.403228643273068	0.44172381275012723	0.48397896876374785	0.5272389165225302	0.5774206214536506	0.6367841576947545	0.7009772299191993	0.7684787155510077	0.8412617303987022	0.9154309741108041	0.9938962148277669	1.0737998858165294	1.1518666666666664	1.2229222222222214	1.2939777777777786	1.365033333333332	Growth with low glutamate supplementation, no spermine treatment.
C2	0.005111375087032747	0.007567414793348553	0.010135560346902254	0.012314761201668991	0.013790545583116801	0.015312652265128655	0.01572656663703978	0.015601378402074631	0.015089503362420065	0.014311662236972335	0.012664268474452872	0.012007593306323467	0.011655613475502409	0.012759235436450992	0.014140912540062988	0.015438808766912178	0.01835387825772314	0.02187742717988094	0.02557107622861149	0.025697465750659114	0.025460825167283284	0.02775256919348766	0.030099484643025063	0.03321662303812839	0.031301487602137766	0.02969967157726853	0.030337932666553474	0.03241836220822157	0.03607221032404967	0.03802706764243418	0.03939324898272939	0.04035211544324087	0.03998981143148433	0.03980832617284748	0.03933016225139498	0.040254214037619494	0.0415276984380016	0.045136621055112625	0.050224780991860334	0.055965463053952766	0.06074361946765377	0.06497984712538397	0.06835367181590185	0.07268266629464763	0.07815277341716473	0.0831283857812667	0.0892274950484654	0.09663641390890634	0.10569008062570616	0.116361533769048	0.12626249476473525	0.13627611322932465	0.14729835851144762	0.16005812662443178	0.1753732782383557	0.19099244400829735	0.20575997276595326	0.22126297120623523	0.23804546610911603	0.25759868872262687	0.27780298979770435	Growth with high glutamate supplementation and spermine treatment.
C3	0.011121779895678335	0.010394007440559851	0.00950383878422906	0.007849727714257277	0.00667284597747107	0.005863165254445626	0.0056635206131250785	0.006114811160083156	0.005615950182410685	0.006188214807848552	0.007032491886683602	0.007445053271166698	0.008891571924026977	0.00987046060760573	0.010338269510385273	0.010310307801976401	0.010801458576344425	0.012815947758193138	0.016380006921803473	0.01763010226669935	0.018189550533035528	0.020475862202608542	0.023168668096628372	0.026146539288080636	0.02892585488124713	0.03157398331714434	0.0345592263701307	0.03749528148055977	0.04064910098238268	0.045862027008422665	0.05477424356881486	0.06672399350317658	0.07648123880177621	0.08560668565199757	0.0916414522355317	0.09637770611001627	0.10303016286280345	0.11278425331213572	0.12598568796469067	0.14120189740177513	0.15712030424002732	0.17405283873012015	0.19108107486989306	0.21011690383372317	0.22988716989310057	0.24819812255821563	0.2671256795209799	0.2869654933208603	0.3090562412061962	0.33341517868101367	0.3589148869139282	0.38720228917833543	0.4172538961463391	0.4491162554368491	0.4804103290539737	0.5091445696974365	0.5352367441974679	0.5201100329527257	0.511115698544635	0.4885910645717746	0.46331940549592576	Baseline growth with no supplementation or treatment.
C4	0.0042475067079362	0.006199368555930415	0.007809657606551954	0.007852985215223441	0.006809674911378673	0.0057479104844523	0.006525969446571373	0.007137533400534792	0.0074759584264547044	0.007770397902047786	0.008422643880641359	0.011917005246588529	0.014632932323154749	0.015565480497194953	0.01451119256115313	0.012484626342107221	0.013475973791869409	0.013359742831759279	0.013542735715846093	0.012587199308508514	0.011490432142186726	0.012081324018760041	0.011582188603885069	0.010326006233000487	0.008451802308080125	0.00682629342964427	0.006295100839733885	0.007162213543950128	0.007579779719951989	0.007535993323014548	0.006893229628793516	0.006250274218753283	0.006009795336585932	0.005684778078928385	0.006087390358076153	0.007177975116007231	0.008989688258309803	0.009154193430259437	0.007938250387846584	0.005970009832117419	0.0055061095810927906	0.006809146103890735	0.008657643600434766	0.009833968523505175	0.00875072723797712	0.007335168035973661	0.00699128810512255	0.006572880016506475	0.006862605666519584	0.006071469048335823	0.005124207470596749	0.006102736829440644	0.0061423103531296685	0.0051522913378687805	0.004433555433397667	0.004656662826469086	0.007031665442535031	0.009293825293210286	0.00951759199413409	0.009795235082764087	0.009852393201210629	Media control
C6	0.02947280103561684	0.021223616629167174	0.013176629356157453	0.01029221632329186	0.00957239741521963	0.008323310310678698	0.007875167853265256	0.008739390368869138	0.011433118298751033	0.013860789685567605	0.015603738414141416	0.015479900499064184	0.014962662919757633	0.011929999789817954	0.01101795177017509	0.01136012902201527	0.014057629313427421	0.017670117357028687	0.018878355307259318	0.017766622942321463	0.015572355812234664	0.015035746419690226	0.015877018409506487	0.016946638087041225	0.016578424037914822	0.014702263043919578	0.01598508376941096	0.019981642272714907	0.02455049842452171	0.028452134944356684	0.029151168840384517	0.03001680148283995	0.031597950465481965	0.03424430642628745	0.03770638253836206	0.04213674105285385	0.0463270960963086	0.05149425382582748	0.055432553813774633	0.06069690393087977	0.06794899077978625	0.07649402847964283	0.08541332887671815	0.09315877300004823	0.10190826787250445	0.11093495623754683	0.12071666744628966	0.13190969764971497	0.14471419326639184	0.15958821425240194	0.17492920713974353	0.19021825331175585	0.20745623611283054	0.2269832676715413	0.2489394544483542	0.27001332100828	0.28969963388866066	0.3132209486660563	0.33548196290409205	0.365925780801727	0.39628806368915553	Growth with spermine treatment, no supplementation.
C7	0.010604808604246322	0.010337898305301227	0.010086457752114933	0.009152373371675212	0.008003233996147456	0.007424106989580379	0.006760394178081872	0.007920794281584986	0.008442223067683382	0.008086007917423789	0.007158647879181477	0.006682824560068866	0.006701244189826988	0.006498578763460056	0.005547767854745463	0.0040295610715299435	0.003955110692567029	0.006313856759401527	0.008815318045101411	0.009742969704577411	0.010469700107453683	0.012531996169179414	0.015489198861499305	0.018171178921321033	0.021425360524647073	0.024417862222017837	0.031000777332671058	0.03901828824423354	0.04532053113408269	0.05185943113491144	0.057961139154821685	0.06557021527030989	0.07392993140636252	0.0845804590638928	0.09405237308739964	0.1032707916333377	0.1096422133024536	0.11690679989448925	0.12530343947167424	0.13656806096971438	0.14811546039700169	0.16204832494897872	0.17721193993284715	0.1940609077344289	0.2136601354606852	0.23292489533953173	0.25304041864371696	0.2781709200383067	0.3060602688059952	0.3401815215545169	0.3786787445270426	0.41559193168623865	0.45292767803284445	0.4916562818881571	0.5329667713549536	0.5808754244127966	0.6306932895024198	0.6909537686241264	0.7585370859224788	0.8320275803457741	0.9054402452082482	Growth with high glutamate supplementation, no spermine treatment.
C8	0.010000000000000002	0.01	0.01	0.009999999999999998	0.009999999999999998	0.01	0.01	0.01	0.009999999999999998	0.009999999999999998	0.01	0.009999999999999998	0.01	0.01	0.01	0.01	0.009999999999999998	0.009999999999999998	0.009999999999999998	0.009999999999999998	0.009999999999999998	0.009999999999999998	0.009999999999999998	0.009999999999999998	0.009999999999999998	0.009999999999999998	0.009999999999999998	0.009999999999999998	0.009999999999999998	0.009999999999999998	0.009999999999999998	0.009999999999999998	0.009999999999999998	0.009999999999999998	0.009999999999999998	0.009999999999999998	0.009999999999999998	0.009999999999999998	0.009999999999999998	0.009999999999999998	0.009999999999999998	0.009999999999999998	0.009999999999999998	0.009999999999999998	0.009999999999999998	0.009999999999999998	0.009999999999999998	0.009999999999999998	0.009999999999999998	0.009999999999999998	0.009999999999999998	0.009999999999999998	0.009999999999999998	0.009999999999999998	0.009999999999999998	0.009999999999999998	0.009999999999999998	0.009999999999999988	0.010000000000000021	0.01000000000000003	0.009999999999999908	Media control
C10	0.024820977056809145	0.01886836427860049	0.012930839910457239	0.010499282142091906	0.01011745375885361	0.00998649964841577	0.008783158049161516	0.007894715778411738	0.007315645620332715	0.008257032151340174	0.010534627524717762	0.012066062267767328	0.0118603521174041	0.01275907666710389	0.014559588190616177	0.016074330782395233	0.015117135910480785	0.013646038000611236	0.011434979719120391	0.010961188073032665	0.012227787785879666	0.014304122071137466	0.01588350024652552	0.019089929315784973	0.019868140099934484	0.021116805950821802	0.02491088132340043	0.029789663092656835	0.035658081681178525	0.043094511104603925	0.050415642071902286	0.057689312865490915	0.06454357964438438	0.06914322315230667	0.07551432456445811	0.08552844047739944	0.09908208082744398	0.11340392751909606	0.12903216037412873	0.14473847967866738	0.16407561805296875	0.1852201407492018	0.20522199971491695	0.22456880094703943	0.24598463324891448	0.26938507552340535	0.29572062543515476	0.3241549668569451	0.3546045025603978	0.3882885268355143	0.4248430025760743	0.4639595318215022	0.5041859987916183	0.5479873661105317	0.5944196139821856	0.6471593580466568	0.7028767934392944	0.7589250873960706	0.8162961599550579	0.8773056853673529	0.9382706924516294	Growth with high glutamate supplementation, no spermine treatment.
C11	0.02129265235264424	0.025863176074841666	0.03054414122999112	0.03263416341601846	0.03442300547480733	0.03187603968741804	0.02688311093437702	0.024371420690106563	0.022976879888141705	0.025876854736689693	0.027090621077568974	0.0276530734827011	0.02691994173667727	0.028486666613589322	0.03213295349471465	0.034669170541831565	0.037098807748889406	0.03676302694732071	0.039081530655134214	0.04062545310064543	0.03999570712891922	0.037065208023682725	0.03210859911754306	0.026980530504147265	0.02433570793499639	0.02278447494130536	0.023821261721987678	0.023708447397220854	0.026077428478957027	0.02793456971555326	0.03189798263581785	0.03562518893825475	0.037555135107690686	0.03915172523077282	0.039494340140589945	0.04106368328260608	0.042755294874327845	0.044355530399092354	0.04790856130305538	0.05015735244831952	0.052683084305145844	0.056179383323819346	0.058659544195077025	0.06255166222867327	0.0678849210723645	0.07390351292654336	0.08086645553680816	0.0885838097128353	0.0974063888943504	0.10799928824504462	0.11866148523170171	0.12761519373614336	0.1359856976001524	0.14215800366428488	0.1518324064515511	0.16394797023657431	0.17603342569058422	0.18768480380903738	0.1987705699265855	0.21097809893819824	0.22381685099795445	Growth with low glutamate supplementation and spermine treatment.
C12	0.02038996933030075	0.02173708678208903	0.02339482882518109	0.025103049785503536	0.027747730127254906	0.026670935746682733	0.02404175932020546	0.021853133461509952	0.017555998898138678	0.015938848324863	0.01590726779816385	0.017318306423208207	0.01986763614189159	0.021225301837249085	0.02164649114243379	0.022382686400148767	0.023851275196986016	0.023815028390251666	0.025323741429179054	0.024972782171715717	0.023829961713277475	0.023396328836213377	0.023619286703331212	0.02445851676277495	0.025159612002762788	0.025371164115915223	0.026050181899136642	0.02782014688003894	0.03083301355836884	0.03276036203362526	0.0362712737042113	0.03907781083323332	0.04051211877171293	0.03980328193750865	0.03844767183509219	0.03824514172696388	0.04114425789102035	0.05118491159345542	0.06015917103495748	0.06859433121627573	0.07661620599086258	0.08488765478103255	0.09357525225567083	0.1019964660622316	0.1090591509372057	0.11682135060273294	0.1287395305755682	0.14369233122750008	0.1583796851483742	0.17342656087654326	0.18790883948054213	0.2043122388056496	0.2241345608857803	0.24591790351230708	0.2693219311949673	0.2940597813916905	0.3213773636223958	0.34578936364731605	0.3726983443957536	0.3934965073028723	0.4155075137669624	Growth with alanine supplementation and spermine treatment.
D1	0.0070311992913578035	0.010721191629991956	0.014760083011355207	0.022348428581255426	0.02726177300512423	0.02974758454098019	0.029419933779228035	0.02526257358514528	0.02317516643623994	0.022993520040163702	0.023219414751603766	0.023750810585429678	0.021852022838943247	0.01973520798665759	0.019260896278170517	0.019455743990044808	0.018024337576868096	0.014959816699989567	0.011249588044912783	0.00883409595572797	0.008449225556969059	0.009995167751762197	0.013998406946395509	0.01955621016229684	0.024835738170189987	0.028446473862499225	0.03156645429905374	0.033600839698864335	0.036582235294750166	0.03780248470812698	0.037817562183649525	0.037464933784397456	0.03589191921588427	0.034191042628204736	0.033388901114457914	0.03471890188575948	0.03842689012209485	0.044346053293507944	0.051196814045021424	0.05709201290006457	0.06263014726798297	0.06676042667228303	0.07095676263007296	0.07517714755715318	0.08109010598353143	0.08815846211136404	0.09738267822831548	0.10939175857752736	0.12105632238884792	0.1311875778738139	0.14079382666994336	0.14977167051257537	0.1606955505415575	0.17306747494842947	0.18650085907036437	0.20148921571591685	0.21498882698001243	0.22996310462128328	0.24642700109567428	0.271503042646775	0.2978975220847525	Growth with alanine supplementation and spermine treatment.
D2	0.005053246621898286	0.00574262768672772	0.006665793944379793	0.00967035853913642	0.011709474926730936	0.012094888577077426	0.011801535507883784	0.011696918221828313	0.014436709639507581	0.018476792739030898	0.020709213835080075	0.020811355305178948	0.0177880859664308	0.015840266818444075	0.015002525015993523	0.016182862627442337	0.016782447900908267	0.01643174313124284	0.01639703464182983	0.017638472129087937	0.01935497129967758	0.02103793661171175	0.021919050333149087	0.022811772517231713	0.023215704871567204	0.022681409529790607	0.023478227690867614	0.024908532300898276	0.02745795827541677	0.029970190578963288	0.03181147061159941	0.03412375232169614	0.037090467571857494	0.04096292125725743	0.04555531701737487	0.05045344140673886	0.05456212579191391	0.05963608353695475	0.06416414992434169	0.06991103123997947	0.07633105939986544	0.08347432946185299	0.09152245692292407	0.09940458570525387	0.10781174792903087	0.11600678610216646	0.12548754441401191	0.13714876418233402	0.14962286946694034	0.16215418280446744	0.17422017322243724	0.18486429699840995	0.19686867130088614	0.20990211209458084	0.226990717044555	0.24239999999999243	0.3282333333333334	0.28226666666666667	0.3008333333333149	0.3260000000000001	0.35116666666666513	Growth with spermine treatment, no supplementation.
D3	0.00999999999999995	0.010000000000000054	0.009999999999999998	0.01	0.009999999999999998	0.01	0.01	0.01	0.009999999999999998	0.009999999999999998	0.01	0.009999999999999998	0.01	0.01	0.01	0.01	0.009999999999999998	0.009999999999999998	0.009999999999999998	0.009999999999999998	0.009999999999999998	0.009999999999999998	0.009999999999999998	0.009999999999999998	0.009999999999999998	0.009999999999999998	0.009999999999999998	0.009999999999999998	0.009999999999999998	0.009999999999999998	0.009999999999999998	0.009999999999999998	0.009999999999999998	0.009999999999999998	0.009999999999999998	0.009999999999999998	0.009999999999999998	0.009999999999999998	0.009999999999999998	0.009999999999999998	0.009999999999999998	0.009999999999999998	0.009999999999999998	0.009999999999999998	0.009999999999999998	0.009999999999999998	0.009999999999999998	0.009999999999999998	0.009999999999999998	0.009999999999999998	0.009999999999999998	0.009999999999999998	0.009999999999999998	0.009999999999999998	0.009999999999999998	0.009999999999999998	0.009999999999999998	0.009999999999999988	0.010000000000000021	0.01000000000000003	0.009999999999999908	Media control
D4	0.009971734933958457	0.009550837723851563	0.009099334514679727	0.01122829058809283	0.013875717737335425	0.014818692075187571	0.015365505698322157	0.01703835188707567	0.02162547500049887	0.026842487362538768	0.03080553832259741	0.031155470663949577	0.029489558577671108	0.02856820452796982	0.028538155475207282	0.029680859996480475	0.03014127363707754	0.03057010143272436	0.030429452616191673	0.03144694587573971	0.03293317055363265	0.03533683093408128	0.03921812030373356	0.045486767428563786	0.053121247182010355	0.05961728823914993	0.06624484263307055	0.07082063276541443	0.07631926144051576	0.08193503591400642	0.08783196990671527	0.09353448536757511	0.09925304997036104	0.10516395968518434	0.11241504007940681	0.1217852345677722	0.13184762562826952	0.14459689546958843	0.15995837658146594	0.17580283073882289	0.19247979204802967	0.20917322339241087	0.22753691124883024	0.2476618578455032	0.270200335628253	0.2928984951321281	0.3169254099769517	0.34432271705370593	0.37400270575368844	0.40749567841126	0.4437847897138912	0.47995610102636327	0.5184423222913658	0.55924125545141	0.6027855315896241	0.6505163021417156	0.7000109639502639	0.750484059931628	0.8034341137587461	0.8612382394684776	0.9195290162922923	Baseline growth with no supplementation or treatment.
D5	0.01023625742617289	0.00997771510774042	0.009595016734525907	0.008958528158548043	0.008845304686697112	0.008683622823693839	0.008483891890936181	0.00806637331464782	0.007404154227332617	0.0066889454829160274	0.005818423899070032	0.004263485494495452	0.003585045619451972	0.004010198906171979	0.00561863003387067	0.0072942670497923336	0.00745274077293679	0.006934731187106497	0.007306277344651871	0.008208248944204195	0.009234244630712506	0.0115745079823473	0.013990412769108583	0.018674425324170893	0.0245115579886396	0.029282501463333364	0.03418976870188528	0.03895562322421581	0.04568091245232224	0.051869814816913884	0.05735295685873115	0.06226414600465824	0.0635586131365806	0.06212832452936287	0.06160467414147355	0.06296967485798233	0.07105705301381629	0.08649572969956629	0.10109578684361939	0.1155913794232361	0.12921958062429487	0.14455957302298733	0.16252769132178627	0.18223705839815657	0.20359273771602832	0.22473676734250428	0.24616688552134058	0.2684194822996782	0.2921640582238304	0.31765109505717565	0.34485573766958383	0.3750887799294755	0.4092123360150822	0.4458947038349844	0.48527940113619517	0.527945293635341	0.572732438403437	0.6190065239649148	0.6667356913643898	0.7182795867089833	0.7702704415179216	Baseline growth with no supplementation or treatment.
D6	0.009659230318922225	0.010047210080662132	0.01068912870818084	0.012603226845123397	0.013122892724643733	0.012254998573270913	0.009315047212969559	0.0065253148269068355	0.005130236745930045	0.005524034552300228	0.005731382753475963	0.007049235907397903	0.00833343662505985	0.009427432765199565	0.009921197056293416	0.009795533717112549	0.009771145639264242	0.009736426596345618	0.00976771538597591	0.010403891731392055	0.011998304204632066	0.014912317889387534	0.016456180328794628	0.018904257769245793	0.020874611587589003	0.02244463812011166	0.022578362485778186	0.02159370993497415	0.019905766779729175	0.01885746832722384	0.017781744907753298	0.018990436611309933	0.02163452946874917	0.024673519954542932	0.027230165593227555	0.02919127817731324	0.03203562219372952	0.035984885434776716	0.04089116607266655	0.046902353168777985	0.05304183453011299	0.05940535445003667	0.06598683176414104	0.07235854739506635	0.07888956630704458	0.08479926948567171	0.09134338382013388	0.09896141911067619	0.107738683624404	0.1175297290084522	0.12772070106094363	0.13774030134682358	0.14862457347531882	0.16069560633751506	0.17400922338489455	0.1875607677702595	0.20094474152317388	0.21641977990142816	0.2346045289418246	0.25465190103365876	0.2750258845747019	Growth with high glutamate supplementation and spermine treatment.
D7	0.00726162866101563	0.008786277912446246	0.010508520774784598	0.01211312916758526	0.012456722170442731	0.012628030875501494	0.011404494558663667	0.010503330252777002	0.01014660489614796	0.009341521070756535	0.008933658605789128	0.009684182934979399	0.010578053043029586	0.011421645558374131	0.010220106844252138	0.009201863085606391	0.008421460582087714	0.00984334474392198	0.013263982196658006	0.018367671340147402	0.02318705418021564	0.02938223299844062	0.0346392456909007	0.03905052688126256	0.04197803431746369	0.042500965679431	0.044032973011020146	0.048017125689866165	0.05506618570775074	0.06354020479939325	0.07329696545600095	0.08436858458469275	0.09519670264125721	0.10548144073434283	0.11645824435345939	0.12997889275071314	0.14707706003038398	0.16665850712214833	0.1872889494849814	0.2094856034592163	0.23500518784547064	0.2631104886090403	0.29135981470392636	0.3206263735718802	0.35162957510701565	0.38461098557572854	0.4209306459244462	0.4586619679874201	0.4986440746646031	0.5433861229013842	0.5917341662381173	0.6459369494855697	0.7063405839052685	0.7671395634411492	0.8296031788953255	0.9064335089065951	0.99643090658995	1.0909822862462912	1.2059221826127904	1.3326634945404565	1.4594136770743678	Growth with low glutamate supplementation, no spermine treatment.
D8	0.01108550267393485	0.009383631521638151	0.007469096205314546	0.006120007286520517	0.006169154590368708	0.007337573988424874	0.009261469961485736	0.009999999999999998	0.01	0.009999999999999998	0.009999999999999998	0.009999999999999998	0.009999999999999998	0.01	0.009920176484426332	0.009795008427344563	0.009769280632875625	0.009288744390984415	0.008146246883247233	0.007277612428529531	0.006900001625726756	0.007530312595468786	0.00920363107734289	0.011086443547972844	0.012857012041701085	0.01367329981738904	0.014509489382555498	0.016546381775340128	0.018700373060510228	0.021482112567662106	0.023337954323274665	0.02571027752535704	0.02974763047521102	0.0352582878783927	0.04123928909162674	0.04790165019674392	0.054057994626172196	0.05268984253932778	0.05480489531488835	0.0525606733550882	0.061129098392420006	0.06974685522162537	0.07772584181066888	0.084842462884642	0.09211530774370202	0.1001616108552366	0.10900713039870175	0.11892980086909588	0.13023495578428673	0.1444817138614615	0.1587670450599492	0.1724609749798354	0.18510950129017	0.19759644221799533	0.2120572658982297	0.2315409786829754	0.2502875444683754	0.26924287906922534	0.2908838764817266	0.3148217689422999	0.33916243366163185	Growth with low glutamate supplementation and spermine treatment.
D9	0.009999999999999997	0.01	0.01	0.010113557647680913	0.010830508500059215	0.011708714447118086	0.01181782914749198	0.011495979091615443	0.010481106039773827	0.010312490947475333	0.010702941122050877	0.010339549129253821	0.010225791733632679	0.009643634610707615	0.010589781392425116	0.012293997890365097	0.012393418397759096	0.011721968753331343	0.00935106824809944	0.008504768045269912	0.008534689701418637	0.009182101662670136	0.010809448352175463	0.012610057242822274	0.014979959430718422	0.015711605155010838	0.015988052813664954	0.017735863483997635	0.019476745210276487	0.02322803720606869	0.026939504301685683	0.031103224744273072	0.03685557748611966	0.044049482206668225	0.053642056030800946	0.0638428181202597	0.07284584550312444	0.08020304164227142	0.08597465278691135	0.09422866080440667	0.10359441418620208	0.11545258755857078	0.12928401995245406	0.14290021619681373	0.15890112024678993	0.1773979373161849	0.19807447342468448	0.2218429412486921	0.247694427344303	0.2756403788681374	0.305198663020894	0.33524412506196666	0.3669573591445409	0.401425798054151	0.44118416406672983	0.48512325507288406	0.5297878774822883	0.5759593308305797	0.6224546994762005	0.6786472413266432	0.7368474081522831	Growth with high glutamate supplementation, no spermine treatment.
D10	0.006119313674018531	0.009719633730088327	0.013174643713625749	0.016797569129359383	0.018326364868408062	0.018729524054306168	0.01695513685636863	0.014414580592672279	0.013245581522397564	0.013321529266826223	0.0139346241267032	0.014686297973633232	0.015653812273050183	0.01617239629704859	0.017027214962534676	0.017705883958511085	0.018349213708607367	0.019385511963990198	0.021218451823350356	0.022671669898330974	0.024491359611159738	0.02608732219583567	0.028093236634908737	0.03067330093626223	0.03284125985063292	0.03392271145525841	0.03527863159453311	0.036990137178527706	0.03940406104971887	0.04289344304357206	0.04693573441354591	0.05060018876986982	0.05462795189629238	0.057846260847328496	0.061638920280775826	0.06676019720530699	0.07290758714664793	0.08043367052106368	0.08843595482750514	0.09631144278833519	0.10521701465024857	0.11427536122851276	0.1238674313964078	0.1339998668975374	0.1451221286232955	0.1578131197794551	0.17311338531067919	0.19063977846535274	0.20897904549943863	0.22706412665174036	0.2457938865739497	0.2644209687218725	0.28558443866518124	0.30947777963377876	0.33395356721071867	0.36169794768405766	0.3913727116856922	0.4222176283605202	0.4549238653831838	0.4897319587739167	0.5247162128028466	Growth with alanine supplementation, no spermine treatment.
D11	0.008506992670672696	0.011401456106048372	0.014752878502901638	0.016062587973235037	0.01698006135667523	0.013286848949008579	0.00869892688074967	0.007191357449949193	0.009136487590685012	0.013392185383078565	0.01638884149781567	0.01624526523802687	0.014595915076455537	0.012239257117863382	0.011336359170224762	0.010847105257449228	0.010864802422469242	0.011084964585856484	0.011681027825051376	0.012037135287098788	0.012303799902853461	0.013220838110954012	0.014234412692826168	0.014914588465227049	0.015205287222282208	0.014888696679397235	0.014429988310394005	0.013875575496181129	0.013254696015391847	0.01383067789663424	0.014668979252660183	0.015438360886863494	0.014417800770338822	0.013005779949012938	0.012399625918075119	0.01228440277925941	0.012502253137318465	0.011738025253946896	0.011882198592088701	0.01255983187036782	0.013358506001324176	0.014242746358556787	0.013949735046084578	0.013654799107251122	0.013179796595808998	0.012577974902384378	0.011958342078755785	0.011561157624728424	0.010541031648517555	0.009731204651043804	0.00898169333140093	0.008662342455459954	0.009234430533706274	0.010112890335827353	0.011400516656853413	0.01167542390208994	0.01180887010497567	0.011407125533870535	0.01149812129285552	0.011039665817592208	0.010601005636888127	Media control
D12	0.009778287530827235	0.009884827454247338	0.010115092828620907	0.01059924568089705	0.01095852718467611	0.010751614847665819	0.009724478031934441	0.011174464502814742	0.015090172982845195	0.020774742076705262	0.02489110638029672	0.026158549496228437	0.02435990572778581	0.02171925040903129	0.018449277168412753	0.015914291501333385	0.013602757719110807	0.013229342222114814	0.0154011260038571	0.017715244040367787	0.020130878765729575	0.020490528302596255	0.020036218348989925	0.0190916767997562	0.018177309288312127	0.01771359547855783	0.017450522011095492	0.018496837720504793	0.02093666314251585	0.023050527308097382	0.025666225712363162	0.027609310280437595	0.030085281101029822	0.03300470765333188	0.03504084812037572	0.03805539680219817	0.04093018575335662	0.04526143792856884	0.050729559085489005	0.05502887578327627	0.05955551529394247	0.06451777635827037	0.06998095452287545	0.07642465647114864	0.08309287835667922	0.08948844424741143	0.0972917863622451	0.10671931704478263	0.11672591078390876	0.1282056326045416	0.13914044633096287	0.14851437425361086	0.15916708181894526	0.17122867396161162	0.18593077467625185	0.20218728329024682	0.21707360517465218	0.233720949120848	0.25070034508648203	0.27487653549440694	0.29968991073643286	Growth with low glutamate supplementation and spermine treatment.
E1	0.004294278694879011	0.0071351616462892965	0.009918936684344622	0.01114046006174375	0.011555036917886567	0.012094415802054592	0.014018617845049382	0.01699685648075836	0.021484606843096044	0.024983989516213875	0.026438249527024057	0.02544466725137414	0.02178884188597367	0.018473464834164083	0.015930346512898628	0.014274220387379863	0.01324595002750876	0.011283679941540262	0.010318732370819199	0.010689444412561611	0.011920987439220094	0.01436691494812069	0.015694220625506676	0.017704475116767964	0.020571287960691645	0.024641895533419163	0.030610710534111258	0.037066211623175575	0.044728812572057616	0.05280129418603032	0.061319662088933406	0.06538093075044195	0.06490026626565958	0.061292535152710236	0.0566576081738394	0.05552408213548162	0.05681125613471433	0.06030069277357043	0.06450586646073198	0.06809426654354375	0.07173213651444597	0.07582285650400115	0.0806514088970667	0.08526323503848535	0.09047563491941592	0.09517026092581787	0.09987776353658934	0.1065623213526132	0.11448724577634017	0.12362509759554112	0.13408248766248218	0.14542180717403888	0.1574129296172749	0.170466079977217	0.1839916268018256	0.19755274682022197	0.2125743978535131	0.2279444379172586	0.24592161536219198	0.2660411866012309	0.2862475219851156	Growth with low glutamate supplementation and spermine treatment.
E3	0.005465589452016334	0.007439283967626311	0.009326006903401704	0.01	0.01	0.009999999999999998	0.009999999999999998	0.009999999999999998	0.01	0.009999999999999998	0.009999999999999998	0.009999999999999998	0.009999999999999997	0.009999999999999998	0.010242607431098798	0.010623750579643779	0.01060224158597531	0.01083470899488	0.012192517329400576	0.01245951558562694	0.013094371185349315	0.011724775963458214	0.012207578331448532	0.013390228902597692	0.015490222486140227	0.01688595540657067	0.01943602424127459	0.023074494646518943	0.027518544139345794	0.03218865054318095	0.03611567683001407	0.039888506582730444	0.043635497009586285	0.047182692591292014	0.051891419210395986	0.05768253573739759	0.0639316415823222	0.07222722863119846	0.08131030939726695	0.09149248214615159	0.10325460188078517	0.11594715795557702	0.1294813566978084	0.14375253583679887	0.16107263585590229	0.1810690340532001	0.20383435026481878	0.22976712240587832	0.2566665357508391	0.2862834884998125	0.3203593918374239	0.3544633771185892	0.3892732043645173	0.4244894673345745	0.4594567414717936	0.5020139194165717	0.5526696462464468	0.5872146794517139	0.6487924955800226	0.7123625758246447	0.7762598983251742	Growth with high glutamate supplementation, no spermine treatment.
E4	0.007719753381680079	0.008723335928518322	0.009671329120966162	0.010190243656731924	0.010489935648209242	0.010546717836057571	0.010487439882100744	0.00942904396524872	0.007138409972395944	0.005262437337429145	0.0048708719028928244	0.006648221152319621	0.010332970920098484	0.013022419484629054	0.012919528025368386	0.01132389160703742	0.008200365405499972	0.006002475002819663	0.005642885226050979	0.006780838944139904	0.009284263021441178	0.012406440753434899	0.015447443557774759	0.018127446026420243	0.020492608475165493	0.024378601953368034	0.029732672730253935	0.03556016520203086	0.03995903946493858	0.04158722893132445	0.04214756758275189	0.043105966043135976	0.0460811951815826	0.0505528062740595	0.055338668418215775	0.06052980082679795	0.06679340209116286	0.07507246816403947	0.08382369102769915	0.09230137717172154	0.1003836028213926	0.10785419075472363	0.1158382764666316	0.12467340110670616	0.13560336124948677	0.14718862855738218	0.15970319228742763	0.17383018650803217	0.18867364633218447	0.20567764520170057	0.22450152894807288	0.24372690997612373	0.26566421093800363	0.2893924014353939	0.31554728917890995	0.3442190893413695	0.37193337387015607	0.3993188283146062	0.4276880527529745	0.458504895911257	0.48963916210405317	Growth with alanine supplementation, no spermine treatment.
E5	0.0032902968761261537	0.006210048616194531	0.0090020471356113	0.01	0.009600346483439305	0.008047399954813761	0.0059316382622859485	0.0042509359471051295	0.003049121620097534	0.00328782924830642	0.0035704760215817823	0.003247246501356154	0.0036403665817728885	0.00399362483155062	0.0055265230651484615	0.0082836971165939	0.010875232211394862	0.013823663449946223	0.014769254356772213	0.014644204265897466	0.014239119099468792	0.0142479599818954	0.016098097031332644	0.01784270026296655	0.019035179950245885	0.02021853322215983	0.023125626859570942	0.02664650415838158	0.03036421160838347	0.03169411946655362	0.030263609626903474	0.028160946466822094	0.0261543608276856	0.024627206966925233	0.024094541233037635	0.02441039301400637	0.024606091154406436	0.02624535371026567	0.02817261880082099	0.030172330260207193	0.03248110857437768	0.03442085889611914	0.036844163531209374	0.03956276433778854	0.04357237268516526	0.04808770749126415	0.05363074366411781	0.060607584480163755	0.06789729458150956	0.07554049035251847	0.08437811946642829	0.09429308074124529	0.10666287557418706	0.1234504034896263	0.14319756423179647	0.16512618454959047	0.18900509162206955	0.21466969850829193	0.2450419992930064	0.27925447242662216	0.31377602981096275	Growth with alanine supplementation and spermine treatment.
E8	0.0013297515421108773	0.004303993043148169	0.006831668623520154	0.007763627549582398	0.007525605397795033	0.006701287599310488	0.007488141090134564	0.008338125445744396	0.008567107574444715	0.007095647435101288	0.005542859536245239	0.004351999782669667	0.005632515730440344	0.009413690517732548	0.014008170516925187	0.019170605137122414	0.022669525162721974	0.0244191787204975	0.026014209523691982	0.026794437123440627	0.02762718358134937	0.027859081666453428	0.028094223751229237	0.030099017632464323	0.03152426237829496	0.03135378538814489	0.029328908842682553	0.02801457158577457	0.030253572234706372	0.03285026596351623	0.03657574651398792	0.03977378016069194	0.04244014022240566	0.0439334249502522	0.045357943063593927	0.047566752974068274	0.05332564223500744	0.06291471170807943	0.07389433607447628	0.08465687974020905	0.09446894998467162	0.10293275523227409	0.11128159882930824	0.11968605785636727	0.12893773803513844	0.13854417012659012	0.1482554872736447	0.1592545974087547	0.1717352946432839	0.1861540227130679	0.20310779572609394	0.22274748222561852	0.2442987480299184	0.2680156910376573	0.29322912509954757	0.3223980510150758	0.35353156938510133	0.3852341196377907	0.41930545641269423	0.46026684843517535	0.5019237780888737	Growth with alanine supplementation, no spermine treatment.
E9	0.005528017330556621	0.007467478547803803	0.009328760215115124	0.010000000000000002	0.01	0.009999999999999998	0.009999999999999998	0.009999999999999998	0.01	0.009134513680396257	0.006846229737186489	0.004498931895108447	0.0025608235185070544	0.0022745608099208068	0.0026872971476012675	0.0030501113753472362	0.00364891257148578	0.004719820782267787	0.006564644691857382	0.00817705361604384	0.00809564317492805	0.008730613447910568	0.00892666977694817	0.01077311553829383	0.013323915895963536	0.01479795734931106	0.015916044947515015	0.016445901843615354	0.01829074625817375	0.020251964470359995	0.022946140101961145	0.02596475212344499	0.02883655526016238	0.03008938791196071	0.03177299066416436	0.033802793814744284	0.03895083660997174	0.04634704700746287	0.05398908553256234	0.06137646491601169	0.0690090338259257	0.07602408070640848	0.08344207323944741	0.09124129802434709	0.10007319819937628	0.10937808793202036	0.11872538456780271	0.1288618795994044	0.13961127220659886	0.15132789035201064	0.16362284152639206	0.17605142209585573	0.18889021860786354	0.20245963052711163	0.21610697733759676	0.23071000218238702	0.25088770658076004	0.26098264285910466	0.2856364886888079	0.31121633071370086	0.3367389026075991	Growth with low glutamate supplementation and spermine treatment.
E10	0.008712682525328296	0.008814755745518816	0.008851785314949224	0.009121936958102792	0.009691616593569503	0.009457355225546013	0.0086694979603395	0.007089008391938603	0.005075770047820991	0.004807137309859035	0.006557561991844595	0.008692117168546579	0.0115457931098651	0.013825005471548286	0.015060708403188142	0.01494081876200656	0.014721097499034642	0.014139879642087773	0.014187492186772536	0.014496598390693307	0.01452571850514086	0.014513803231943349	0.014897954933648627	0.01607496458346921	0.01837826859261972	0.020608015285472705	0.022202939081629784	0.02312018970430267	0.02402063245315495	0.02457341592901646	0.02530092087696489	0.02619834895343952	0.02864318233246096	0.03169301104220469	0.03457915798696795	0.03701415903193178	0.0391415820729966	0.041729364567293536	0.04468447181530784	0.04742199960409095	0.050838251043259605	0.05468136695212388	0.059127110085985826	0.06404817673583159	0.06898999687410293	0.07396531271696402	0.07897644880034162	0.08552781862944414	0.09155795182178737	0.09826416564911282	0.10649423413393155	0.11473341336669429	0.12274573802407375	0.13082220947075754	0.1392364326448422	0.15143627441601726	0.16362936878855672	0.17611829223901168	0.1888759621233987	0.2023040352471227	0.21600399885098084	Growth with high glutamate supplementation and spermine treatment.
E11	0.007577166880131518	0.008117858278081784	0.00906600534864534	0.008955275917693172	0.008838336298828603	0.008625955099872183	0.008809026290062678	0.009016357014117205	0.009928333174880235	0.009832284424044173	0.008177937583923054	0.006043639213725686	0.0052024779635140095	0.006364827231170213	0.007735993057815929	0.008892077255042466	0.008127759008062953	0.007205227204858556	0.008386589933033187	0.009914790968873245	0.012418462752423396	0.015958246878698002	0.018465894402224625	0.022381647930855335	0.02562295042633228	0.028017120350440336	0.030278949094285842	0.03242224114876238	0.0360963825749085	0.039959020495240076	0.0441106864140884	0.04769336274501224	0.0520535591541679	0.058370185170597236	0.06509799043134708	0.07387813205991674	0.0829570267581774	0.09243277143590385	0.10343956739983115	0.11436534814355252	0.12776107739957251	0.1430631608015925	0.16012586945697577	0.18089499302267484	0.2047641721467751	0.23003069790554712	0.25741799251819225	0.28575889978773084	0.3143443172498965	0.34332739001886425	0.37006666518358244	0.3972783071579856	0.4289184167753092	0.4641975429443716	0.5083357313077421	0.5609668199149049	0.6156264362558479	0.6691313760554145	0.7239484099256843	0.7841913123061353	0.8430930227552828	Growth with low glutamate supplementation, no spermine treatment.
E12	0.01	0.001266666666666666	0.01	0.009999999999999953	0.009999999999999995	0.010000000000000004	0.01	0.01	0.009999999999999998	0.009999999999999998	0.01	0.009999999999999998	0.01	0.01	0.01	0.01	0.009999999999999998	0.009999999999999998	0.009999999999999998	0.009999999999999998	0.009999999999999998	0.009999999999999998	0.009999999999999998	0.009999999999999998	0.009999999999999998	0.009999999999999998	0.009999999999999998	0.009999999999999998	0.009999999999999998	0.009999999999999998	0.009999999999999998	0.009999999999999998	0.009999999999999998	0.009999999999999998	0.009999999999999998	0.009999999999999998	0.009999999999999998	0.009999999999999998	0.009999999999999998	0.009999999999999998	0.009999999999999998	0.009999999999999998	0.009999999999999998	0.009999999999999998	0.009999999999999998	0.009999999999999998	0.009999999999999998	0.009999999999999998	0.009999999999999998	0.009999999999999998	0.009999999999999998	0.009999999999999998	0.009999999999999998	0.009999999999999998	0.009999999999999998	0.009999999999999998	0.009999999999999998	0.009999999999999988	0.010000000000000021	0.01000000000000003	0.009999999999999908	Media control
F1	0.0026037270289558778	0.0055181331295946654	0.008343822476760993	0.009596465992225512	0.009710737419862697	0.009656909366916848	0.009689176478573919	0.009932886467076006	0.01	0.009459652684717754	0.008409835926186781	0.0076006855330128355	0.0061926246848698395	0.0047255710203715036	0.003225904241467645	0.002586132153960529	0.004426460319091852	0.006860346637067066	0.008919336935449725	0.00960806080287699	0.009491758612156124	0.010054114748575389	0.012060832000815268	0.01466098247484948	0.017301683271764807	0.02064715286273395	0.024207645352217304	0.028277555695653586	0.03424252583930469	0.04040482114131757	0.04720821467661618	0.05480647742668472	0.06080206607292763	0.06362669459771696	0.06638870932437671	0.0702010570135188	0.07861535088866416	0.08940349660721335	0.10133560766184704	0.11256084423273369	0.12449622254394004	0.13630155083512435	0.14802638700277404	0.16067988994288065	0.17477437024620013	0.1904953187643928	0.20620402713897787	0.22145861280614615	0.23614564681851327	0.2529146660659276	0.27292510975220985	0.295301213104155	0.3198883398429354	0.3450991008973297	0.37159880588824856	0.40145903049200127	0.4362567064705618	0.4637482465213997	0.5018531441968531	0.535062223069082	0.5674720835366723	Growth with spermine treatment, no supplementation.
F3	0.009999999999999998	0.009999999999999998	0.009999999999999998	0.01	0.009999999999999998	0.009999999999999998	0.009999999999999998	0.01	0.009618748934282943	0.009544677105643454	0.011048612069801634	0.011320467528525896	0.010901401668222637	0.00881346642329382	0.006887164287444438	0.006504610537697147	0.0069276858165202085	0.007765581010235205	0.008330672903146475	0.009418412535754683	0.009488532224807897	0.008048580628514462	0.006532460844734015	0.006115939323973588	0.0073844087150923485	0.010102362987193487	0.013488086235341642	0.01609107288691803	0.019371139596380746	0.022911308463697797	0.027541444894298585	0.03242964027309103	0.03551729168107218	0.036169856277618234	0.037412261166109566	0.04044875187572625	0.04740508513972093	0.05535937270517225	0.0630153760777967	0.06989949478757582	0.07653605885103135	0.08427602572332138	0.0937220086682843	0.10482320499083467	0.11767028701505673	0.13197544909637338	0.14635335549866657	0.1624047690558325	0.1792754035537568	0.19618119539101558	0.21471374287651998	0.23513754588634578	0.25826746247975246	0.28424956295980164	0.31165717028475076	0.34924448074760905	0.39107393855620387	0.43132574532824386	0.46968977209375745	0.5081631443756737	0.5466073553611186	Growth with alanine supplementation and spermine treatment.
F4	0.008778647967584405	0.008019358775532311	0.007163700052690284	0.007184994663356103	0.0070492379862781345	0.005051479440210939	0.003975419459458996	0.0016520630043969295	0.002724599170067838	0.0032303858483224345	0.004131181059704444	0.004540669878851929	0.006721476341448462	0.007803745908298225	0.007873973742251742	0.007212403473331243	0.006826306033771575	0.006646626575582249	0.006424501672661284	0.006298330508429655	0.005578031934047622	0.005124917782500985	0.004558431570991361	0.0038232026127038607	0.0028939203411328597	0.002361665304018075	0.002180131904614961	0.0028036676412619924	0.003544546668290405	0.003744485490196959	0.003611456142482864	0.0031735083623858243	0.002796394950106058	0.0028436253033119535	0.0027737084453769213	0.00345996714394907	0.003652608078274236	0.0036022792480402224	0.0033262930977060253	0.0027869318403689934	0.002756679116984629	0.0032282303898971587	0.003374157553317917	0.0033746488518613723	0.0033918012929469565	0.0030802749396239924	0.0036441759957898264	0.0038583511274185287	0.0036399874752932886	0.0031480907471418875	0.002764929131724833	0.0026026079510346922	0.0023252178889397635	0.0018257891846279288	0.001293353608960325	0.001204225807620534	0.001687090578806701	0.002044204054476082	0.002018353807350199	0.0013331485081872273	0.0005025441623802065	Media control
F5	0.001693014054088412	0.0052316133740222415	0.008525817947415085	0.011556224696833017	0.01222243909746838	0.012229924987493866	0.010361521597165942	0.009021698661317542	0.009869702420699096	0.011943685047668604	0.013017612366130853	0.013179475907820759	0.011302941594776962	0.010248287862080098	0.009415061866582955	0.01001351521484761	0.011016383800312762	0.011880424646592731	0.012208246805478206	0.013624863635322197	0.016052095952452314	0.019911046682734315	0.023596302278439285	0.027298310115882865	0.030245663377774342	0.03374026903310079	0.03810214115080712	0.04265636371948398	0.04582868794557762	0.04910809413370634	0.05169461926446169	0.05764318401694408	0.0672224594892853	0.07911899137737016	0.09066353353934267	0.10062814165200422	0.10889958414128552	0.11813498642082844	0.128189542880245	0.1400722593574215	0.15287418760474414	0.1687163118622574	0.18710944927208056	0.20872290097488488	0.2329236126885909	0.25984189549287795	0.2891926029441789	0.3205822996025133	0.35342405987473063	0.38661832472879876	0.42246716721955685	0.4601429318973624	0.5012396153588637	0.5464238608418323	0.5950428657987739	0.6481774324191085	0.7077218129225358	0.7660084084816257	0.8250795283011063	0.8871384986071466	0.9484372029864009	Growth with low glutamate supplementation, no spermine treatment.
F6	0.009999999999999998	0.009999999999999998	0.009999999999999998	0.01	0.009999999999999998	0.009999999999999998	0.009999999999999998	0.009999999999999998	0.01	0.009999999999999998	0.009999999999999998	0.009999999999999998	0.009999999999999998	0.01	0.009999999999999998	0.009999999999999998	0.009999999999999998	0.01	0.009558792157890019	0.008263674750040072	0.006734435554892814	0.005923277200186286	0.004972947056130124	0.004726401410495064	0.004113174262656322	0.0034489141722067176	0.004110133962539832	0.005619525946319119	0.007673561626702691	0.009849279829837026	0.011482009311527194	0.012628149381957303	0.014152616891769651	0.015654091976467954	0.01682070264738358	0.019056076256243285	0.02237834568943769	0.02629270903265276	0.03142034563253114	0.03672098067625112	0.043264652273032486	0.051004461239143095	0.05917152418293498	0.06836498554667844	0.0780496560880813	0.08937346231453022	0.1012272178241795	0.11269844517312462	0.12421574770713673	0.13793185505355693	0.1535204036174895	0.17118121222147578	0.1910747610610331	0.21183546658879007	0.23316634270697037	0.25492793827449217	0.28125107704654595	0.30847153930640414	0.33440707254832513	0.36264978990302643	0.3918097878332621	Growth with alanine supplementation, no spermine treatment.
F7	0.009999999999999998	0.009999999999999998	0.009999999999999998	0.01	0.009999999999999998	0.009999999999999998	0.01	0.009999999999999998	0.009352240022490892	0.008133176173248078	0.007154888217926878	0.005749466150036899	0.005870412026084428	0.006817018813323217	0.008491019389391273	0.010697467584659313	0.012982549867097036	0.014618839809075062	0.01589018709737469	0.017298809513096872	0.018533948014891888	0.020839603426642893	0.022745470859502195	0.024598232687542715	0.025758745218500575	0.027071519256570427	0.03143282394966142	0.040028962978530626	0.049296242429166026	0.058796777519898445	0.06552827269015975	0.0700827054538115	0.07469681057001479	0.0798819217081416	0.08514392959794329	0.09239152501015345	0.10099877456476805	0.110195711771993	0.11908759864781084	0.12888554348707176	0.14038470888874768	0.15435034535131364	0.17023184399749072	0.18677020969123087	0.20413920828894677	0.2237139869733931	0.24459208559895512	0.2662450879405982	0.28838197881662136	0.3104188374218947	0.3343385688312032	0.36038905286815726	0.3887152196025646	0.4193428684854466	0.450517262300203	0.4817103693257384	0.5161080652265527	0.5533739059906533	0.5944712699087811	0.6394513359020841	0.684466472488741	Baseline growth with no supplementation or treatment.
F8	0.009999999999999998	0.009999999999999998	0.009999999999999998	0.01	0.009999999999999998	0.009999999999999998	0.009999999999999998	0.009999999999999998	0.01	0.009999999999999998	0.009999999999999998	0.009999999999999998	0.009999999999999998	0.01	0.009999999999999998	0.009999999999999998	0.009999999999999998	0.009999999999999998	0.00981476157482883	0.009250601816709437	0.008197616849438455	0.006668435238001169	0.0054589520626011	0.005169208167943836	0.00521146014741449	0.006020700058253076	0.007044463628759849	0.009368006154864201	0.0125063678715525	0.01585177294260629	0.01921054923416852	0.02264734454710416	0.02589674867367422	0.02915512571096508	0.03143219547739335	0.035074651987209875	0.04210364796154431	0.048399652380470254	0.05730129057933937	0.06580631098230406	0.07641442434148674	0.08835092882280325	0.10407593085160335	0.12225429976248621	0.14005088015644912	0.1577314118326087	0.1747184530934285	0.19293704808309106	0.21262321220929267	0.23356930342489696	0.25659662868728705	0.2813615934423747	0.30792663327964853	0.33651249626071345	0.3643637776117162	0.40300000000054775	0.43446666666682154	0.46203333333333285	0.4984933325462614	0.5395967811483532	0.5810375229816509	Growth with spermine treatment, no supplementation.
F9	0.01	0.0036666666666666653	0.005199999999999982	0.01	0.01	0.01	0.01	0.0007333333333333358	0.01	0.009999999999999953	0.009999999999999995	0.010000000000000002	0.01	0.01	0.01	0.01	0.009999999999999998	0.009999999999999998	0.009999999999999998	0.009999999999999998	0.009999999999999998	0.009999999999999998	0.009999999999999998	0.009999999999999998	0.009999999999999998	0.009999999999999998	0.009999999999999998	0.009999999999999998	0.009999999999999998	0.009999999999999998	0.009999999999999998	0.009999999999999998	0.009999999999999998	0.009999999999999998	0.009999999999999998	0.009999999999999998	0.009999999999999998	0.009999999999999998	0.009999999999999998	0.009999999999999998	0.009999999999999998	0.009999999999999998	0.009999999999999998	0.009999999999999998	0.009999999999999998	0.009999999999999998	0.009999999999999998	0.009999999999999998	0.009999999999999998	0.009999999999999998	0.009999999999999998	0.009999999999999998	0.009999999999999998	0.009999999999999998	0.009999999999999998	0.009999999999999998	0.009999999999999998	0.009999999999999988	0.010000000000000021	0.01000000000000003	0.009999999999999908	Media control
F11	0.009666784365410368	0.009084303689574857	0.008737964919905238	0.00877001047517763	0.009371362922391342	0.009906693464868468	0.01085894946796071	0.011171604447850073	0.01157737444503423	0.010415428884995286	0.008377206860783578	0.007252948815972869	0.0065681223443272195	0.007251463810312759	0.008285486463625308	0.008645535460093648	0.009227705524686934	0.00951368484868686	0.010916813331500835	0.01335731240789325	0.015464145720880737	0.01656324761398395	0.017251522545703016	0.017587391949537373	0.019631992188036455	0.02310004167104869	0.02742484933632232	0.03193210241783986	0.03527004289946402	0.037978987566942665	0.039862675561466256	0.04146617754823929	0.04532366936885156	0.05110011549898863	0.05750029824085109	0.06506712699729185	0.07117177296093777	0.07553813082713033	0.07910030216995295	0.08300270129159618	0.08808050034883884	0.09723992830800177	0.10734918840239213	0.11725858097649992	0.1265346031744519	0.13532151931072103	0.1458058622966698	0.1586037714716461	0.1736431314279151	0.1904114084423797	0.20838844837351503	0.22729975340625266	0.24680631307657666	0.26632396761891863	0.2832870617649583	0.31686666666667346	0.43920000000000003	0.37493333333333334	0.4031666666666847	0.43776666666665986	0.4723666666666749	Baseline growth with no supplementation or treatment.
F12	0.003209640733383263	0.004106362646113284	0.004953982151455094	0.006085379118122988	0.007324574726232386	0.0076155263588358205	0.009190858097873846	0.01085718349097849	0.011096476869355169	0.010630260950382208	0.008746557357014496	0.007727325763186057	0.009394732627358618	0.013070109791034755	0.016954264478866023	0.020979563051655593	0.02328508634094248	0.023669196767375396	0.024503105703423952	0.024293511522122165	0.023670959934356778	0.023369521160321694	0.022859395690901563	0.023893033250837987	0.025693824355368235	0.028671883979247095	0.031069420361937376	0.0324557923145555	0.03303504574517214	0.03279122325057783	0.033478415624498464	0.03539683834091556	0.037372527659920406	0.038709538289096415	0.04022032766776212	0.042686810384997616	0.04719828979654144	0.05273438970288949	0.05944620123215764	0.06547921040466209	0.07175525503026754	0.07812274886050191	0.08411360372576207	0.09081894419057265	0.09780697438627103	0.104500045130749	0.11228772132015455	0.12108111726565657	0.13069810400844484	0.14092829337071508	0.15177862909828443	0.16337544981806087	0.17635573430640056	0.19070309554152592	0.20454203271404175	0.22042362173230695	0.23751620289791306	0.254634780868886	0.27338969108096545	0.2920159205755529	0.31100580105360676	Growth with high glutamate supplementation and spermine treatment.
G1	0.0032442923693045355	0.005833938413210409	0.008231956785225472	0.008952096114119448	0.007764861199193249	0.0067866930708418965	0.006766827383082786	0.007433083572883241	0.007770657991516726	0.008200898699664635	0.007505237708835621	0.0066007915939004	0.005650261582459971	0.004969695267591902	0.006475932267895029	0.009767094623476493	0.012456290671552267	0.015818378775355402	0.018251740776690537	0.020102307006433992	0.021791835603815875	0.02313478658334239	0.024206664686860408	0.024451258655922948	0.02313075496695371	0.019472254818707666	0.015351048208622061	0.01112392818365156	0.007989022629800975	0.005715777676639023	0.005047981175943098	0.0058858310506223295	0.006920105264425967	0.007462619770935139	0.006687811279030981	0.006000807577837492	0.00678467596328082	0.008325006219674741	0.009585716769127726	0.009999999999999998	0.009568888462336783	0.00887837908629581	0.008762728957322724	0.008179395016271159	0.007582466601208002	0.006574853184047359	0.004398789411752264	0.0034231768993860582	0.0029699641242185537	0.00332853252528123	0.0033367514321064203	0.002856077363361259	0.002304816573519071	0.0029199734850952406	0.004902324052770163	0.006631817212086486	0.0074898329891873484	0.006146875731355206	0.00415256205371414	0.0022358256759053598	0.0003695717006269735	Media control
G2	0.005379259298774989	0.007270591722732705	0.008759708721243535	0.008113380798898586	0.007817197432112183	0.007770539313045625	0.00888949510795163	0.009232884218687256	0.008317643837771418	0.007744264738706541	0.006301144976276553	0.00494693814106803	0.0036052596028032027	0.003204291639909404	0.004066113347936585	0.0043517961543810095	0.0048802502239910905	0.005696791978297602	0.007435368593732596	0.009338409274026979	0.009999999999999998	0.009694983555635256	0.00882656657092135	0.008722249055236332	0.00994272509383395	0.013574213582944413	0.019922864221922847	0.026460841086247196	0.03308316146131256	0.03942117410233678	0.0452956990000116	0.05246883090178227	0.061440995788838985	0.07247930333379055	0.08291534559818164	0.09319966517099408	0.10233030106622562	0.11073419419698183	0.11880964091496204	0.1277792750386029	0.13750199240525188	0.15101342941996038	0.16847408715799753	0.18751895857183445	0.20875440786698105	0.23121711410487272	0.2540525991437533	0.2778164391607698	0.30287055707141486	0.32901728657192386	0.35598218921902514	0.38371191113052006	0.4128224192074943	0.44427592377936453	0.4809313834596601	0.5218222748468735	0.5645712687396351	0.6100167648700032	0.657339070517987	0.7067479778256238	0.756549508308225	Baseline growth with no supplementation or treatment.
G3	0.003169577161375879	0.0058154858914805495	0.008272178121236371	0.009628116231358026	0.009999999999999998	0.009246667456353214	0.008039909532836656	0.007959912501271002	0.008039909532836656	0.009246643108398326	0.01	0.009658867261826054	0.00840404050367982	0.006782229881936773	0.005400621017318559	0.004346437733964873	0.004010002641844264	0.004182822273445126	0.005611490558368133	0.007463718408549373	0.00926696855625287	0.009210809977598697	0.007362512443950652	0.007037211929612267	0.008429949612263782	0.012347998926512867	0.01867002193507116	0.02519296725444557	0.03162429372339171	0.036925238980000975	0.04107998635804632	0.045271187886485785	0.04905253007038461	0.05211112245688951	0.054854526052875684	0.05919757829735213	0.06689734720245652	0.07632723226373467	0.08716289177973995	0.09728696915209838	0.10822898404835621	0.11914871616754251	0.13128886254741928	0.14446740610213288	0.1597689721675028	0.17667390302762184	0.19445103390932336	0.2148274584338438	0.23586697111693122	0.25989478613473943	0.2869880893487973	0.31535927914512885	0.34711541114603406	0.3805012429596073	0.4172912420840814	0.4540079906131077	0.49150885489699214	0.5261833532798548	0.567612304023214	0.6104252093092588	0.6535076330368951	Growth with spermine treatment, no supplementation.
G4	0.009999999999999998	0.009999999999999998	0.009999999999999998	0.01	0.009999999999999998	0.009999999999999998	0.009999999999999998	0.009999999999999998	0.01	0.009999999999999998	0.009999999999999998	0.009999999999999998	0.009999999999999998	0.01	0.009999999999999998	0.009999999999999998	0.009999999999999998	0.009999999999999998	0.009999999999999998	0.009999999999999998	0.009999999999999998	0.009999999999999998	0.009999999999999998	0.01	0.010000000000000002	0.010000000000000004	0.010000000000000064	0.015161400020871137	0.020133333333333343	0.025200000000000094	0.026987594575433774	0.030164840929716382	0.03680000000000008	0.046033333333333294	0.04729999999999998	0.05246666666666122	0.057799999999999525	0.06518636022977001	0.0728195409013418	0.08128710643577695	0.09243630317708469	0.1039542895205282	0.11639889455012159	0.13158624990067586	0.14789260616414865	0.16566074843694079	0.18490472525083768	0.2035777243504472	0.22146476488363565	0.24099397225697075	0.26736573284596676	0.2888973265095861	0.3151663967567651	0.33952581169648927	0.3653250158209186	0.39423333333333693	0.42453333333331716	0.46243333333333336	0.4933000000000025	0.530633333333333	0.5679666666666715	Growth with alanine supplementation and spermine treatment.
G6	0.016314176646678884	0.013579168359347341	0.010944687440525165	0.008634141303957519	0.007704406589262089	0.008166055866259875	0.008940751631973692	0.009744556868247154	0.009999999999999998	0.010000000000000002	0.009999999999999998	0.009999999999999998	0.009999999999999998	0.01	0.01	0.01	0.00927310408395761	0.007208089196358109	0.005604133427511533	0.0055433488270761715	0.006264018991677709	0.0073513643018504465	0.008102250499841382	0.008636827206680223	0.010410532648837838	0.012948660089542685	0.015815205821165957	0.019861600370484896	0.024956473982470688	0.030238446427297873	0.0349319022360658	0.03812168052951512	0.041939941436636846	0.0459470064794252	0.05157561906917629	0.05900551610521931	0.06640569720566485	0.07474171211346087	0.08436976881105976	0.09426390162118882	0.10711282017967247	0.12176116721563333	0.13689221808933913	0.15307034156127353	0.16920799619975346	0.18708767200325763	0.20565049836963376	0.22295055504255124	0.24021596982896964	0.25749107245787517	0.275978668838865	0.2961212287502756	0.3155666666666692	0.3136	0.25473333333333337	0.25273333333333337	0.2870666666666667	0.33343333333333336	0.27893333333333337	0.41659999999999997	0.2736333333333333	Growth with low glutamate supplementation, no spermine treatment.
G7	0.005048302456292642	0.0072068951943471005	0.009266997872176854	0.01	0.010000000000000002	0.009999999999999998	0.009999999999999998	0.01	0.009435063196537823	0.008515932358953492	0.008514354551771621	0.008515932358953492	0.009435063196537826	0.010000000000000002	0.01	0.009333152459166636	0.007980873885112968	0.007212439124010102	0.007182944902513912	0.008935497037144597	0.009956774796674044	0.010349063563324051	0.009711495577193965	0.009459810482668288	0.009288024840000277	0.009394419148934805	0.009787355904905991	0.011817852004381313	0.015592106961529921	0.01952175527703896	0.02317584948884637	0.02613001965248732	0.0277930558232199	0.02843035145085695	0.028381566030187193	0.029011708854449116	0.03301366156716082	0.0397564618244441	0.04732829401966282	0.054602195828527225	0.06175117814588147	0.06899610581981543	0.0755446932409107	0.08267023314363872	0.0901453257437193	0.09829672276920232	0.10738579440042113	0.11621512915882103	0.12522440705360052	0.13492702644066956	0.14579177050835726	0.1572523489236662	0.16922868363247318	0.18091173776130612	0.19282916993441113	0.20609999999999926	0.2233166666666666	0.22903333333333342	0.25299076894906575	0.27927527248599326	0.30582791456370073	Growth with low glutamate supplementation and spermine treatment.
G8	0.010000000000000002	0.01	0.01	0.009999999999999998	0.009999999999999998	0.01	0.01	0.01	0.009999999999999998	0.009999999999999998	0.01	0.009999999999999998	0.01	0.01	0.01	0.01	0.009999999999999998	0.009999999999999998	0.009999999999999998	0.009999999999999998	0.009999999999999998	0.009999999999999998	0.009999999999999998	0.009999999999999998	0.009999999999999998	0.009999999999999998	0.009999999999999998	0.009999999999999998	0.009999999999999998	0.009999999999999998	0.009999999999999998	0.009999999999999998	0.009999999999999998	0.009999999999999998	0.009999999999999998	0.010000000000000004	0.010000000000000044	0.010000000000000179	0.01	0.0040000000000000036	0.005599999999999994	0.008066666666666666	0.015833333333333338	0.016933333333333328	0.02776666666666669	0.03699999999999998	0.039199999999999985	0.04526666666666668	0.051133333333333336	0.05790000000000001	0.06399999999999997	0.07873333333333332	0.08776666666666666	0.09946666666666665	0.11213333333333331	0.11876666666666666	0.10323333333333334	0.15410000000000004	0.16970000000000002	0.1938666666666667	0.21163333333333337	Growth with alanine supplementation and spermine treatment.
G9	0.009999999999999995	0.009999999999999998	0.01	0.009999999999999998	0.010000000000000002	0.010000000000000002	0.010000000000000002	0.009999999999999997	0.009999999999999997	0.01	0.01	0.009999999999999998	0.009999999999999998	0.01	0.009999999999999998	0.009999999999999998	0.009999999999999998	0.009999999999999998	0.01	0.010000000000000002	0.01	0.01	0.007252337355986913	0.005530243671898829	0.0024920649806858277	0.00463076723734635	0.006597488322332726	0.007079620424216384	0.007374075673928616	0.006947806147415857	0.007285182564103708	0.008575401173833399	0.010439109235273457	0.013340473745331998	0.01636861597621049	0.019720137363644707	0.023275582616039618	0.026843736016988973	0.030749769474566566	0.03533202018789092	0.04018278357746681	0.04591198978292532	0.052673767349035776	0.06013816479520885	0.06836106481731159	0.07772200015879785	0.08817571228598618	0.09905185442675654	0.11063620502318361	0.12250087192818915	0.1345046148978482	0.14727349377580054	0.16043774836053326	0.17564218957702304	0.19100037545324403	0.20848238341163405	0.2279298232626622	0.24957610070444852	0.27266218154697336	0.2979145427584674	0.3231942509111252	Growth with alanine supplementation and spermine treatment.
G10	0.005215348831833092	0.007133775452315432	0.008757273023336445	0.007990971361058745	0.006771932862345918	0.006179739885238852	0.005836092558593907	0.0061271630070171895	0.006371561324517246	0.006836944479773179	0.008478692272963356	0.00962743439426842	0.010221578232857877	0.010378165396536083	0.01002928426198171	0.009513410419309061	0.009251158490837406	0.00899923415132207	0.008252190724533742	0.007106620812346978	0.005833728398282302	0.004867400180053597	0.005144747241599271	0.00568538550746001	0.006525268688083321	0.007013705038654922	0.006760455456883841	0.005407551487279163	0.004310911484561449	0.003980766355324433	0.005006782483926453	0.0061799688453714665	0.006254513363209402	0.005607476733365942	0.004460481760270541	0.0038641850124571555	0.003893157890418514	0.003801069181540626	0.004422601994362445	0.004605968556640066	0.004742892734217012	0.004915252382587815	0.0046149940004928764	0.0049474187949646335	0.005547489375377719	0.006488859682938088	0.007202887671418318	0.007218550326110837	0.006634426360453966	0.005798792435974896	0.004942916111556247	0.004539156584105392	0.004229711377007573	0.003646288529372533	0.0037654264614258924	0.004281781101206335	0.004790918739920113	0.005301167764585919	0.0045372799099439275	0.003614101432382287	0.002724493040823994	Media control
G11	0.008531086765913168	0.008254120414533427	0.00781729246262108	0.007707630028487436	0.006881765723049734	0.006616201142891137	0.009253513964284078	0.011808604564351588	0.014782567233796963	0.016206800790121854	0.015639362712997762	0.01484995755876936	0.013326593419638155	0.011867224589847366	0.010666833558177094	0.009375195864206074	0.008520660181770308	0.0077056592227926	0.008466914445612119	0.009438229148666674	0.010311750283691187	0.01082571541546698	0.01151956693205357	0.012741117742140772	0.014114120866529044	0.015569932074627502	0.01743871489046465	0.018939197148089587	0.020669343563224914	0.022051045127983962	0.023417368378423654	0.024582985426362752	0.025760754530313186	0.027816725886269884	0.03012357062611085	0.03331014030957438	0.0367295602540544	0.03973471215363996	0.043314349500767145	0.04752879886811134	0.052152290385609076	0.057517286098556636	0.06368052801684776	0.0712589901527025	0.07925027869947097	0.08754131139654528	0.09513196644779036	0.10248401786689611	0.10989180926614409	0.11822552615701266	0.1278449707498474	0.13857881545703749	0.15076970405478102	0.1636740077068256	0.1774862333858802	0.1932009844253918	0.21088506544170282	0.22784473919898254	0.24637726113337022	0.2643989655053364	0.2822337158771861	Growth with high glutamate supplementation and spermine treatment.
G12	0.0091599496329163	0.007627381880209037	0.0060604526144057294	0.00510866984244168	0.005852965361204565	0.007369102912672266	0.009237336883981824	0.010000000000000002	0.01	0.01	0.009999999999999998	0.009890955141278295	0.00950394499297184	0.009819547487804073	0.01131365143583781	0.013350568366736683	0.016302620846528924	0.01828020965076708	0.0198902353226738	0.02005580081153925	0.019617667170442544	0.01817124667997577	0.017293529956765682	0.01677395548948432	0.016843471875017668	0.017777113711211004	0.01859871982404909	0.019018839902594682	0.01982166401169986	0.02097227934536982	0.022340767411698305	0.023962598914948095	0.02489146154088443	0.02658858599078373	0.028567865854970606	0.03051783699191199	0.03133920113464916	0.03224654530972582	0.03345301757850111	0.036349194227359646	0.039623118248221505	0.043264475346627085	0.047356359748177985	0.05228362292821285	0.058085985325303735	0.063686324043571	0.06955474651263703	0.07644032711698444	0.08485303757474327	0.09507097562263067	0.10561083236730685	0.11528445945545227	0.12567147818340677	0.1357899042404563	0.14709360089947554	0.1595026971051935	0.17116927383311642	0.18448207447209233	0.1996173247454551	0.21814905419784947	0.23736766751094107	Growth with alanine supplementation, no spermine treatment.
H1	0.016890660968880714	0.014054531382030592	0.011148995274390826	0.010000000000000002	0.010000000000000002	0.009999999999999998	0.009999999999999998	0.009999999999999998	0.01	0.009999999999999998	0.009999999999999998	0.009999999999999998	0.009999999999999998	0.01	0.009999999999999998	0.009999999999999998	0.009999999999999998	0.009999999999999998	0.009999999999999998	0.009999999999999998	0.009999999999999998	0.009999999999999998	0.009999999999999998	0.009999999999999998	0.009999999999999998	0.010000000000000004	0.009999999999999976	0.008991623760230678	0.009055188850666312	0.009412182984477924	0.012323070511887947	0.017328591442877787	0.02154908430564956	0.02556339505880174	0.029483561718175896	0.034294658270523574	0.04048118256626153	0.04694687725768689	0.05367003168772622	0.05953381109481565	0.06513978506474813	0.07184503739442125	0.08088005516671856	0.08993455861528515	0.09990969718180752	0.1118440657594918	0.1253945562644302	0.14216666666666944	0.15436666666666685	0.16479999999999623	0.1830594634384241	0.20094188116802508	0.21955617699215105	0.24016079160610662	0.2631183293448766	0.2879791990785925	0.31419271440249236	0.34126791313319504	0.3687555764232237	0.3967950836201762	0.4249926705407322	Baseline growth with no supplementation or treatment.
H5	0.008757947020056214	0.008990484467181118	0.009176049844440365	0.008943248119779751	0.006914425576158435	0.004554795882978423	0.004140965871046631	0.004064893545141143	0.0052369667028851034	0.005258627321725944	0.00513875323651024	0.0061328424874069615	0.006757770361244213	0.0067961585379530814	0.006684339445470259	0.006327570288677721	0.007401777728735441	0.008654734953382716	0.009578715141338522	0.01	0.010000000000000002	0.01	0.009591233490749024	0.008658823116198826	0.0074934027521683585	0.006759836386124149	0.0090572953138717	0.01615234306029427	0.023128736729121833	0.030867690696888623	0.03349107919481054	0.033074722580166124	0.03440348507175056	0.039198510303516954	0.044761243439401945	0.05095405677942482	0.05624022475208039	0.06236489511632164	0.06864344678559692	0.07575358676765316	0.0832699440495802	0.09243696778896447	0.10230367846827244	0.11344367349057252	0.1262421504900301	0.14046060589508258	0.15591376107965313	0.1709951314663653	0.1861812680008808	0.20299885044175028	0.22215002867678282	0.2431498318782818	0.26528316445531325	0.2883707606309111	0.31328851260020013	0.3404938641068075	0.37333625842774176	0.40558336666749256	0.437374091894761	0.4735895576201737	0.5095208374636938	Growth with spermine treatment, no supplementation.
H6	0.015105493704527618	0.011571707053132973	0.0079837511606435	0.007539104071103208	0.008386264606512324	0.009231076222780372	0.00890358889680019	0.008412852348599887	0.0092861640239624	0.01054250017403244	0.011776934154990908	0.010952780229959637	0.00991450146352589	0.009322485274745464	0.009705029370063789	0.010200452293618215	0.00948762617092835	0.008154527372824565	0.007253513968887164	0.00609111345222321	0.006678617617439762	0.008083204435062927	0.00956340790104399	0.010925110365277192	0.011950491739055486	0.012909498111191017	0.013486523898155264	0.012218726122610504	0.011333514674550165	0.01095575188766542	0.012031256565794655	0.013247646184053679	0.01293675811800606	0.011018117183486248	0.010235414244133531	0.00970463249464498	0.009529522463937366	0.009972672848060762	0.010264710072100993	0.01101687113821581	0.01209495846803994	0.012212358463269063	0.012460690822639288	0.011490361809788033	0.010644669943211544	0.009194377639988722	0.00749566240017433	0.007576759713738288	0.00850437105378267	0.009565939056382639	0.00973820182020733	0.009520020933561489	0.009839743969439246	0.011091575940857572	0.012500915041419154	0.012972200648265066	0.012034570500024978	0.011100282499044604	0.011175504679383573	0.0117702831960988	0.012726764738598045	Media control
H7	-0.00034915816943834803	0.003371468214624858	0.006360819717180352	0.006303242696454127	0.005872163070943311	0.0047102371649499365	0.00562670274291553	0.005791111733219736	0.005571227876795678	0.005600721749223135	0.006177327619035648	0.006771232581341387	0.006022824857789641	0.005081746259064576	0.0040400141806027955	0.0035560465391037757	0.0035890289620034406	0.003789874952570336	0.005100636308188702	0.006630960614224341	0.007833551090231849	0.009667552379401643	0.011021273495421981	0.011819424692473886	0.012410794778428602	0.01257557615738329	0.013645671436828372	0.016522213320634783	0.019249946828699002	0.022138861120087523	0.023998545478255067	0.02576683020579435	0.028063357734851545	0.03085242292118065	0.03387478109727973	0.03783280046310571	0.041859343092666375	0.046194615454088504	0.0509631425120869	0.05653356641701743	0.06408456570297176	0.07299901850225929	0.08189619981775159	0.09104972695478718	0.10055226795741835	0.11204397116050062	0.12607386912489102	0.140958472179978	0.15667635268068567	0.17365907336483155	0.19259472844243364	0.21448176364964763	0.23993676252447327	0.2687482354201976	0.29870738155416965	0.3309945379689264	0.364193404990022	0.3978731794522958	0.4325948372241124	0.46756101604300143	0.5024402255027898	Growth with alanine supplementation and spermine treatment.
H8	0.010494890835522122	0.009985096282356077	0.009314609591533995	0.00859536704421987	0.008430215584051666	0.009061042174993551	0.011106851901928476	0.013642176533830631	0.015451503315718295	0.01609819353926484	0.01508669705602046	0.012550563411493444	0.010572533828764422	0.009589127348239676	0.00962992945711646	0.01060802709004368	0.011708055031458733	0.013014423907256129	0.01437692986088521	0.015088589827873703	0.014724560392683227	0.014440331828526044	0.013942601665154087	0.014101679364139074	0.014114614627030266	0.013880592167251429	0.014517554777337304	0.01662203958817265	0.018806312649130238	0.020586130138759443	0.02111784858494378	0.02111636326534701	0.022642798084869895	0.024548538132369374	0.025979365140496785	0.027606559395694254	0.028900526885470314	0.03118703309299195	0.03371219960412035	0.036187291151065934	0.03866091351721036	0.04198113683136894	0.04513217471271655	0.0486871653665275	0.052269952504931355	0.05628751554482671	0.061478259853169286	0.06650720959468177	0.07090756428494577	0.0756090828745297	0.0803168096141073	0.08628115358532475	0.09341560785146176	0.10084601569952369	0.10892069598370537	0.11887123766529062	0.1297764936302034	0.14101567299958517	0.15328680494662042	0.1655165109058005	0.17766661978353637	Growth with high glutamate supplementation and spermine treatment.
H9	0.009999999999999998	0.009999999999999998	0.009999999999999998	0.01	0.009999999999999998	0.009999999999999998	0.009999999999999998	0.009999999999999998	0.01	0.009999999999999998	0.009999999999999998	0.009999999999999998	0.009999999999999998	0.01	0.009999999999999998	0.009999999999999998	0.009999999999999998	0.009999999999999998	0.009999999999999998	0.009999999999999998	0.009999999999999998	0.009999999999999998	0.009999999999999998	0.009999999999999998	0.009999999999999998	0.01	0.010000000000000004	0.00999999999999993	0.008947953479468895	0.008569644464277059	0.008127708834770403	0.010930209303983439	0.013824027880557782	0.016055516405380863	0.01796036680457863	0.01764999999999629	0.021739743551487285	0.02143333333333098	0.025529404619008877	0.027536130792111115	0.03070665813370736	0.035248292071793044	0.04172741145934132	0.04820071623844916	0.054678082457559785	0.061254583198464385	0.06874491399319935	0.07682355504781098	0.08559758624550441	0.09442473166794338	0.10307800503055226	0.11414779314254436	0.1265971737423837	0.14018020072510373	0.15384161495376708	0.16719362260936627	0.18109178533010434	0.21025404816492457	0.22742607542039878	0.254811805734204	0.2826154853393881	Growth with alanine supplementation, no spermine treatment.
H10	0.011328958508048319	0.012281988721474006	0.013519088801529425	0.013495677769552725	0.013102663732206834	0.011960409687971385	0.010484497568220686	0.01	0.009275266523016459	0.007412984020385486	0.006128051621268216	0.005621958011100657	0.00574239222070611	0.006832351653254645	0.0070643170213174145	0.00772797873193642	0.009347227871061552	0.01129747261286251	0.01386713790945631	0.016648648905265837	0.019995811012381542	0.022918519432392506	0.02565987031782728	0.027202038976165382	0.029707420827923874	0.03450423142507559	0.04055084794435675	0.04763743069169783	0.05350262299733968	0.05939100627689567	0.06628501139710764	0.07261605498985388	0.07737304298789227	0.08303207971676455	0.08974593564405152	0.10072172839632931	0.11266577277841444	0.1245949737045571	0.1350688272462438	0.14688021790433298	0.15988302716775926	0.17483129316024115	0.1926518955046626	0.21243848987783917	0.23521979982087815	0.26046229665006254	0.2874744113695454	0.3167021976522529	0.34781282761347065	0.38021160545561394	0.4136348509989919	0.4493501896038603	0.4862884285779005	0.5257191293010965	0.5702632767623683	0.6201714174777313	0.671119267305587	0.7265370872399561	0.78242364469738	0.838103440472282	0.8941285541181164	Growth with low glutamate supplementation, no spermine treatment.
H11	0.003209078291329172	0.004012261494294816	0.004991426878418376	0.005291719575239708	0.006690003713242486	0.008155115929367605	0.008717182457447643	0.007474065569040611	0.00604470281760958	0.004821487719108089	0.00437251245373064	0.004264590113678491	0.004235362026728307	0.004126604616656272	0.004419506909160292	0.004723652015776124	0.004514009317310164	0.00413706951167708	0.0037587301201315666	0.003993125629144882	0.004681156593509628	0.006021851960118867	0.006642189154111448	0.007001566080104682	0.006459119930850608	0.005792992318932274	0.005245286826059274	0.00564054108420735	0.0063168217515715	0.006676553880824162	0.006335572842947103	0.005655457723164085	0.005155952295359645	0.004103770965041195	0.003575947534410145	0.003094818942781509	0.0028288910715727755	0.003533487550168444	0.004450813763878118	0.005517184941285462	0.007127588361129062	0.007548464759087263	0.00742508259108203	0.0064282448765231445	0.004965280131588706	0.004085895243317286	0.0032281064443156877	0.003009942902422783	0.002873433935528243	0.0030022666128565285	0.003543745622839887	0.003989825962591781	0.004738031943724378	0.00586161711722704	0.00643523498289068	0.006484399114655903	0.005989474188804092	0.00642606771431536	0.006924081749400281	0.007522463545699989	0.007971268768614556	Media control
H12	0.012762741551233452	0.016545843393505528	0.020699441270197027	0.02611793514823269	0.029672392627811763	0.03150500747045168	0.033022657481717926	0.03300416496770738	0.03172323348483141	0.02926738645150533	0.02662220868713321	0.026399654823440956	0.026377192061760632	0.025235154529967233	0.024468380698744283	0.024059405098186184	0.024621509988170677	0.02620231013358354	0.02942908552560189	0.03388383243671191	0.037362647950050086	0.038733741983678044	0.03853322832951647	0.038976295552699	0.04122018124490512	0.04645229847782112	0.053295096379416096	0.0605926052246104	0.06557525084827077	0.06913031306760985	0.0724174531932987	0.07635169497344417	0.08355115764510052	0.09158717843527908	0.10198394554800426	0.10893747810973242	0.11213730954639697	0.11418125342672746	0.11467428724229979	0.11649493668635091	0.11949894070723568	0.12584251836594604	0.13578084533708187	0.14769923987222291	0.1617961007193308	0.1764287600105367	0.19192574766161014	0.20890837461967465	0.22857444392981316	0.25300642977422894	0.28096120174296874	0.31192273327020137	0.34622741347538916	0.38324443496108707	0.4254730091461384	0.4730298812251237	0.5225041526270725	0.5733250539732286	0.6219597593866815	0.6699340216300538	0.7177054355938765	Growth with high glutamate supplementation, no spermine treatment.
