well	0	1200	2400	3600	4800	6000	7200	8400	9600	10800	12000	13200	14400	15600	16800	18000	19200	20400	21600	22800	24000	25200	26400	27600	28800	30000	31200	32400	33600	34800	36000	37200	38400	39600	40800	42000	43200	44400	45600	46800	48000	49200	50400	51600	52800	54000	55200	56400	57600	58800	60000	61200	62400	63600	64800	66000	67200	68400	69600	70800	72000	Summary
A1	0.0456	0.038166666666666675	0.02253333333333335	0.013800000000000015	0.010099999999999998	0.016133333333333322	0.02159999999999998	0.02318888888888888	0.019144444444444436	0.014022222222222222	0.01845555555555556	0.02946666666666668	0.039566666666666674	0.03782222222222222	0.033033333333333324	0.025077777777777765	0.022388888888888875	0.022922222222222205	0.024422222222222217	0.028055555555555556	0.030711111111111116	0.038088888888888894	0.044688888888888896	0.04584444444444446	0.04458888888888889	0.041977777777777774	0.047699999999999985	0.05354444444444443	0.059066666666666656	0.059622222222222215	0.06406666666666666	0.06743333333333333	0.0720111111111111	0.08028888888888887	0.08546666666666665	0.09054444444444443	0.08817777777777779	0.09445555555555556	0.10128888888888889	0.11271111111111111	0.12280000000000002	0.12924444444444447	0.13770000000000002	0.14183333333333334	0.1504777777777778	0.1575777777777778	0.16895555555555555	0.18418888888888887	0.19997777777777778	0.22082222222222217	0.2573111111111111	0.29885555555555554	0.33673333333333333	0.3519222222222222	0.36575555555555556	0.37929999999999997	0.4043666666666667	0.42091111111111107	0.46022222222222225	0.5003444444444445	0.5393555555555556	Growth with alanine supplementation, no spermine treatment.
A2	0.019766666666666665	0.016533333333333327	0.021266666666666666	0.022633333333333328	0.028000000000000008	0.026099999999999995	0.02589999999999999	0.026188888888888873	0.026711111111111102	0.02585555555555555	0.025322222222222218	0.0257	0.022866666666666664	0.022755555555555546	0.02099999999999999	0.02791111111111111	0.02875555555555555	0.028055555555555556	0.02205555555555556	0.0178888888888889	0.02154444444444445	0.021622222222222227	0.026955555555555566	0.02924444444444445	0.033688888888888886	0.036211111111111104	0.030699999999999995	0.033277777777777774	0.028766666666666663	0.03332222222222222	0.024466666666666664	0.026399999999999996	0.026744444444444442	0.025988888888888877	0.02313333333333332	0.02384444444444443	0.02517777777777776	0.02895555555555554	0.02735555555555554	0.031644444444444426	0.029233333333333316	0.029277777777777753	0.026199999999999984	0.028233333333333322	0.026611111111111113	0.03001111111111111	0.031855555555555554	0.03165555555555555	0.03361111111111111	0.03475555555555556	0.03587777777777778	0.037955555555555555	0.03046666666666666	0.025422222222222218	0.019388888888888872	0.019133333333333325	0.02153333333333333	0.02294444444444445	0.02622222222222223	0.030577777777777787	0.03355555555555556	Media control
A3	0.0198888888888889	0.014522222222222233	0.006144444444444452	0.010888888888888884	0.013311111111111107	0.017188888888888882	0.015422222222222217	0.018222222222222213	0.014344444444444437	0.01363333333333334	0.018622222222222224	0.019244444444444453	0.022277777777777785	0.02144444444444445	0.030888888888888893	0.023866666666666658	0.02208888888888888	0.016588888888888875	0.030388888888888892	0.03881111111111112	0.041900000000000014	0.04144444444444445	0.03367777777777778	0.034877777777777785	0.03155555555555556	0.031811111111111116	0.039522222222222216	0.042477777777777774	0.04842222222222222	0.052055555555555556	0.0537	0.05706666666666666	0.060133333333333316	0.06456666666666666	0.07138888888888889	0.07921111111111111	0.0931	0.0895111111111111	0.09066666666666667	0.09316666666666666	0.10896666666666666	0.11916666666666664	0.13285555555555553	0.1429222222222222	0.15781111111111112	0.16964444444444446	0.18484444444444445	0.20281111111111114	0.22565555555555558	0.2540222222222222	0.2851111111111111	0.3119111111111111	0.34965555555555555	0.3887444444444444	0.4337111111111111	0.4637222222222222	0.5042888888888889	0.5456555555555557	0.6107222222222223	0.6680111111111112	0.7129888888888889	Growth with low glutamate supplementation, no spermine treatment.
A4	0.027122222222222225	0.021388888888888888	0.010711111111111107	0.01208888888888889	0.00994444444444445	0.02145555555555556	0.025122222222222223	0.025622222222222213	0.014111111111111102	0.016166666666666663	0.01952222222222222	0.02167777777777778	0.012744444444444447	0.013411111111111115	0.014255555555555549	0.019333333333333324	0.025055555555555543	0.025955555555555548	0.03518888888888888	0.03414444444444444	0.03629999999999999	0.03324444444444443	0.03264444444444442	0.041677777777777765	0.03672222222222221	0.041977777777777774	0.037022222222222206	0.042877777777777765	0.040622222222222205	0.04645555555555555	0.04303333333333332	0.0463	0.050699999999999995	0.05480000000000001	0.05795555555555556	0.06481111111111111	0.074	0.0784111111111111	0.07826666666666666	0.08356666666666668	0.09176666666666666	0.09746666666666666	0.10725555555555556	0.11325555555555557	0.1271777777777778	0.13744444444444448	0.15337777777777778	0.17124444444444445	0.18998888888888887	0.21288888888888888	0.2358444444444444	0.2587777777777778	0.2905555555555555	0.32254444444444447	0.3648777777777778	0.4058888888888889	0.4497555555555555	0.48788888888888887	0.5346555555555556	0.585111111111111	0.6254888888888889	Growth with high glutamate supplementation, no spermine treatment.
A5	0.02741111111111111	0.01763333333333333	0.007855555555555551	0.0	0.0	0.001988888888888892	0.001988888888888892	0.0056222222222222324	0.009177777777777785	0.009277777777777782	0.0062777777777777806	0.0009222222222222224	0.0008222222222222242	0.00018888888888888658	0.0012222222222222172	0.0012222222222222172	0.0012222222222222172	0.0	0.0	0.001444444444444452	0.009622222222222226	0.009622222222222226	0.01156666666666666	0.005566666666666674	0.014255555555555558	0.010866666666666672	0.008688888888888885	0.013999999999999993	0.020255555555555544	0.027166666666666662	0.013166666666666669	0.014400000000000005	0.01629999999999999	0.02317777777777777	0.020922222222222203	0.023966666666666653	0.021311111111111097	0.0299	0.027366666666666668	0.034866666666666664	0.03155555555555555	0.03479999999999999	0.03736666666666665	0.04275555555555554	0.051177777777777766	0.053	0.056	0.05681111111111111	0.06538888888888889	0.07435555555555555	0.08225555555555557	0.09432222222222224	0.10563333333333334	0.11613333333333332	0.1262	0.16196666666666668	0.1760777777777778	0.18589999999999998	0.17707777777777778	0.19426666666666667	0.2091222222222222	Growth with high glutamate supplementation and spermine treatment.
A6	0.02404444444444444	0.01733333333333333	0.012900000000000003	0.011188888888888896	0.008555555555555566	0.006133333333333342	0.0024888888888888925	0.0024888888888888925	0.005944444444444447	0.007577777777777785	0.010477777777777789	0.004755555555555559	0.007433333333333338	0.004533333333333334	0.004311111111111117	0.0	4.444444444443955e-05	0.0009777777777777812	0.003922222222222225	0.009155555555555556	0.01843333333333332	0.021377777777777756	0.025388888888888878	0.025722222222222212	0.025422222222222225	0.023833333333333328	0.013722222222222219	0.020166666666666666	0.021855555555555562	0.03276666666666667	0.023722222222222217	0.02145555555555555	0.020322222222222214	0.026377777777777778	0.024988888888888883	0.02566666666666667	0.020811111111111103	0.021833333333333333	0.016133333333333322	0.022299999999999997	0.024455555555555546	0.02733333333333333	0.025633333333333324	0.024888888888888887	0.03144444444444444	0.033700000000000015	0.03396666666666667	0.03044444444444445	0.03162222222222222	0.03652222222222221	0.03982222222222221	0.046355555555555546	0.0545	0.05986666666666667	0.06436666666666667	0.07663333333333334	0.08061111111111113	0.08330000000000001	0.07897777777777779	0.08763333333333334	0.09422222222222221	Growth with low glutamate supplementation and spermine treatment.
A7	0.015922222222222226	0.009411111111111115	0.0029000000000000046	0.0	0.0	0.0034333333333333347	0.0037444444444444482	0.0037444444444444482	0.010255555555555565	0.00994444444444445	0.01257777777777779	0.009111111111111117	0.01313333333333335	0.011244444444444454	0.009633333333333346	0.005611111111111113	0.006644444444444443	0.005200000000000001	0.01101111111111111	0.01794444444444444	0.03005555555555554	0.03158888888888887	0.039133333333333326	0.036366666666666665	0.03676666666666668	0.02730000000000001	0.018755555555555564	0.02365555555555555	0.03282222222222222	0.04692222222222222	0.041777777777777775	0.041	0.04016666666666666	0.04426666666666667	0.036966666666666655	0.03578888888888888	0.03993333333333332	0.0506	0.057288888888888896	0.06646666666666669	0.07290000000000002	0.07638888888888891	0.08084444444444445	0.08751111111111111	0.09975555555555556	0.10741111111111112	0.11287777777777779	0.11696666666666666	0.12498888888888889	0.13831111111111113	0.1501888888888889	0.16333333333333336	0.1794111111111111	0.19266666666666665	0.20975555555555556	0.22025555555555554	0.2353333333333333	0.25166666666666665	0.2757555555555556	0.2997666666666667	0.3151888888888889	Growth with high glutamate supplementation and spermine treatment.
A8	0.0	0.0	0.0	0.0	0.0	0.0	0.0	0.0	0.0	0.0	0.0	0.0	0.0	0.0	0.0	0.0	0.0	0.0	0.0	0.0	0.0	0.0	0.0	0.0037333333333333385	0.0037333333333333385	0.0037333333333333385	0.0	0.0	0.00473333333333333	0.01055555555555556	0.01792222222222223	0.028766666666666673	0.04644444444444445	0.06286666666666667	0.07991111111111111	0.10346666666666667	0.1618	0.21606666666666666	0.3030333333333333	0.38866666666666666	0.48695555555555553	0.5666888888888888	0.6462333333333333	0.726111111111111	0.7963555555555555	0.8480333333333333	0.8900777777777776	0.9422666666666665	0.997788888888889	1.0586111111111112	1.1134444444444445	1.1713777777777776	1.2272666666666667	1.2843	1.3526777777777779	1.3983888888888891	1.460411111111111	1.5114777777777775	1.5802777777777777	1.6293999999999997	1.6567222222222222	Baseline growth with no supplementation or treatment.
A9	0.002533333333333332	0.001266666666666666	0.0	0.0017888888888888954	0.0017888888888888954	0.006844444444444449	0.009033333333333338	0.012666666666666678	0.010933333333333342	0.011722222222222226	0.014988888888888885	0.015611111111111112	0.015833333333333328	0.014266666666666658	0.010433333333333322	0.007433333333333329	0.0067000000000000115	0.011011111111111119	0.013422222222222233	0.016033333333333333	0.018777777777777793	0.02208888888888889	0.022733333333333328	0.024633333333333313	0.028622222222222216	0.030644444444444436	0.029111111111111115	0.029211111111111104	0.0294	0.031822222222222224	0.030855555555555563	0.03296666666666667	0.03687777777777778	0.041166666666666664	0.042377777777777785	0.055	0.061733333333333335	0.07296666666666667	0.07086666666666666	0.07786666666666665	0.08118888888888888	0.09048888888888888	0.09563333333333333	0.10497777777777777	0.11512222222222222	0.12396666666666666	0.13097777777777778	0.13463333333333333	0.14185555555555554	0.15261111111111111	0.16464444444444445	0.1822111111111111	0.19863333333333333	0.21316666666666664	0.22934444444444446	0.25522222222222224	0.2733111111111111	0.28654444444444443	0.2938111111111111	0.3134333333333333	0.3281555555555556	Growth with high glutamate supplementation and spermine treatment.
A10	0.0024444444444444435	0.0024444444444444435	0.0025777777777777713	0.0001333333333333279	0.0001333333333333279	0.008322222222222222	0.012933333333333333	0.018166666666666664	0.011966666666666653	0.009188888888888877	0.009288888888888874	0.009644444444444428	0.010199999999999978	0.005633333333333314	0.003933333333333326	0.001966666666666663	0.0044000000000000055	0.0044777777777777845	0.005155555555555562	0.005833333333333329	0.008044444444444446	0.010888888888888892	0.008800000000000011	0.010766666666666674	0.011755555555555566	0.012144444444444449	0.007111111111111114	0.007111111111111114	0.009066666666666667	0.014855555555555558	0.011188888888888887	0.010299999999999995	0.010077777777777769	0.010166666666666657	0.009811111111111112	0.0095	0.012366666666666665	0.015033333333333324	0.014099999999999993	0.015099999999999994	0.016088888888888885	0.016588888888888886	0.01743333333333334	0.018111111111111106	0.02115555555555555	0.020233333333333315	0.01747777777777777	0.015499999999999995	0.015155555555555552	0.014077777777777772	0.011777777777777767	0.015744444444444432	0.0195	0.01993333333333334	0.014511111111111114	0.012888888888888885	0.013811111111111107	0.018544444444444447	0.01777777777777778	0.015966666666666667	0.01102222222222222	Media control
A11	0.012799999999999997	0.014388888888888887	0.014866666666666667	0.018688888888888894	0.020933333333333342	0.026077777777777783	0.02406666666666668	0.023444444444444452	0.016488888888888897	0.013911111111111115	0.01472222222222222	0.01997777777777777	0.018599999999999995	0.016011111111111104	0.013499999999999993	0.012744444444444428	0.01417777777777778	0.015344444444444457	0.017911111111111128	0.0178888888888889	0.02200000000000001	0.023788888888888898	0.0251888888888889	0.023922222222222223	0.02410000000000001	0.02422222222222223	0.02615555555555556	0.031833333333333325	0.038222222222222206	0.038966666666666656	0.04053333333333334	0.043988888888888904	0.053666666666666675	0.062033333333333336	0.06954444444444445	0.0804	0.08242222222222222	0.09548888888888889	0.09405555555555556	0.10287777777777778	0.10174444444444446	0.11386666666666667	0.12385555555555557	0.13494444444444445	0.1429	0.15305555555555553	0.16656666666666664	0.18465555555555557	0.20393333333333333	0.22614444444444445	0.24949999999999997	0.2784555555555555	0.30292222222222226	0.3259666666666667	0.3501222222222222	0.3932777777777778	0.4301888888888889	0.46211111111111114	0.48457777777777783	0.5221666666666667	0.5518555555555555	Growth with alanine supplementation and spermine treatment.
A12	0.009422222222222226	0.02211111111111112	0.026611111111111117	0.02886666666666667	0.02033333333333333	0.027577777777777784	0.04103333333333334	0.04518888888888889	0.039599999999999996	0.029266666666666673	0.028655555555555563	0.03267777777777778	0.035777777777777776	0.03708888888888889	0.04104444444444446	0.039511111111111115	0.03587777777777778	0.02847777777777778	0.02775555555555555	0.029655555555555557	0.0357	0.03475555555555556	0.03575555555555556	0.03098888888888889	0.03922222222222222	0.03612222222222223	0.03525555555555557	0.03563333333333333	0.04517777777777776	0.047533333333333316	0.04713333333333333	0.04351111111111112	0.04542222222222223	0.049700000000000015	0.056355555555555555	0.06337777777777777	0.06826666666666666	0.0751	0.08014444444444445	0.084	0.08122222222222221	0.08372222222222221	0.08585555555555553	0.09504444444444445	0.10207777777777778	0.10863333333333335	0.11268888888888888	0.11914444444444444	0.12855555555555553	0.13952222222222221	0.15276666666666666	0.16673333333333332	0.18264444444444447	0.20005555555555557	0.21791111111111114	0.2505	0.2748111111111111	0.30060000000000003	0.3226333333333333	0.3544888888888889	0.3798333333333333	Growth with spermine treatment, no supplementation.
B1	0.0015888888888888851	0.0023888888888888896	0.0023888888888888896	0.001422222222222232	0.0033888888888888857	0.007744444444444443	0.012999999999999992	0.015133333333333332	0.012544444444444441	0.008311111111111111	0.008211111111111119	0.010500000000000015	0.016366666666666668	0.019322222222222216	0.02418888888888887	0.020166666666666663	0.01761111111111111	0.014844444444444447	0.017955555555555554	0.029566666666666668	0.02944444444444445	0.03346666666666668	0.02794444444444445	0.03172222222222223	0.02945555555555555	0.029166666666666664	0.03516666666666666	0.036711111111111104	0.0404111111111111	0.04098888888888889	0.05251111111111112	0.059022222222222226	0.06414444444444443	0.06885555555555556	0.07438888888888888	0.07972222222222222	0.08544444444444443	0.08917777777777776	0.09977777777777776	0.11044444444444441	0.12917777777777775	0.1419222222222222	0.15864444444444445	0.17153333333333332	0.19252222222222223	0.21103333333333332	0.23211111111111113	0.2556777777777777	0.2808888888888888	0.31011111111111106	0.3395888888888889	0.3722666666666667	0.40982222222222225	0.4479222222222223	0.4871666666666667	0.5249888888888888	0.5738444444444445	0.6284888888888889	0.6939777777777777	0.7533666666666666	0.7943999999999999	Growth with high glutamate supplementation, no spermine treatment.
B2	0.0	0.0	0.0	0.0014666666666666717	0.008533333333333337	0.01003333333333333	0.01579999999999998	0.01732222222222221	0.01997777777777778	0.0219888888888889	0.026422222222222236	0.03300000000000002	0.04036666666666668	0.04792222222222222	0.05339999999999998	0.0668111111111111	0.07128888888888889	0.07368888888888887	0.06715555555555555	0.07058888888888888	0.06771111111111111	0.07118888888888888	0.07062222222222223	0.07644444444444445	0.07205555555555555	0.06584444444444444	0.07203333333333331	0.06594444444444443	0.07106666666666665	0.06575555555555555	0.07883333333333332	0.07993333333333333	0.08234444444444443	0.07008888888888887	0.05859999999999998	0.050077777777777756	0.06424444444444442	0.06218888888888888	0.07942222222222221	0.0816111111111111	0.10063333333333334	0.10317777777777777	0.10816666666666667	0.10896666666666666	0.1140111111111111	0.1177111111111111	0.12015555555555553	0.12645555555555557	0.13861111111111113	0.15732222222222222	0.16791111111111112	0.1796888888888889	0.20503333333333332	0.24302222222222225	0.27942222222222224	0.28980000000000006	0.342	0.3880777777777778	0.5005888888888889	0.6157444444444445	0.7303555555555556	Growth with low glutamate supplementation and spermine treatment.
B3	0.0	0.0	0.0	0.0	0.0007000000000000062	0.0007000000000000062	0.0007000000000000062	0.0	0.0	0.0	0.0	0.0	0.0011444444444444386	0.005088888888888875	0.008499999999999988	0.010144444444444437	0.00838888888888889	0.009322222222222223	0.008755555555555553	0.014422222222222225	0.010077777777777778	0.013322222222222227	0.01098888888888889	0.016677777777777774	0.014055555555555543	0.010277777777777755	0.01626666666666665	0.020677777777777767	0.02683333333333332	0.021388888888888874	0.025133333333333324	0.02773333333333332	0.0309111111111111	0.03435555555555555	0.04463333333333333	0.0479111111111111	0.050777777777777755	0.04252222222222219	0.0521222222222222	0.057077777777777755	0.06749999999999998	0.06971111111111108	0.07873333333333332	0.08476666666666666	0.09314444444444446	0.09701111111111112	0.10398888888888891	0.11455555555555556	0.1275777777777778	0.1420888888888889	0.1551111111111111	0.16778888888888888	0.18913333333333335	0.2096888888888889	0.2338888888888889	0.24203333333333332	0.26689999999999997	0.2850111111111111	0.32822222222222225	0.35544444444444445	0.38138888888888883	Growth with alanine supplementation, no spermine treatment.
B4	0.0	0.0	0.0	0.0	0.002266666666666667	0.002266666666666667	0.008777777777777782	0.011711111111111117	0.011711111111111117	0.008166666666666664	0.005022222222222215	0.005022222222222215	0.00628888888888889	0.004655555555555552	0.00528888888888888	0.004999999999999986	0.0045777777777777735	0.003944444444444445	0.002377777777777775	0.005711111111111111	0.005711111111111111	0.003333333333333336	0.003533333333333342	0.003533333333333342	0.0038333333333333366	0.0002999999999999947	0.0036666666666666605	0.00682222222222222	0.014788888888888888	0.01418888888888889	0.014766666666666659	0.01313333333333333	0.013466666666666655	0.017166666666666663	0.015155555555555552	0.01841111111111111	0.01743333333333333	0.019277777777777765	0.020566666666666667	0.022300000000000004	0.029533333333333345	0.030766666666666675	0.036922222222222224	0.03365555555555556	0.03821111111111112	0.03681111111111112	0.03884444444444445	0.04211111111111112	0.04625555555555557	0.05342222222222223	0.0575111111111111	0.0603111111111111	0.06875555555555556	0.07717777777777778	0.08867777777777779	0.10228888888888889	0.10782222222222222	0.11125555555555555	0.1130888888888889	0.12374444444444448	0.13402222222222224	Growth with high glutamate supplementation and spermine treatment.
B5	0.004322222222222218	0.015188888888888882	0.021433333333333332	0.017111111111111115	0.006244444444444451	0.002922222222222224	0.0060555555555555545	0.011388888888888893	0.010577777777777778	0.01261111111111111	0.007277777777777772	0.005166666666666662	0.0	0.0010666666666666695	0.0018888888888888844	0.0043111111111111084	0.0032444444444444387	0.0024222222222222236	0.00037777777777778243	0.00037777777777778243	0.0016222222222222287	0.0012444444444444462	0.0012444444444444462	0.0015111111111111204	0.0027333333333333376	0.0045000000000000135	0.0038555555555555565	0.0061333333333333335	0.004488888888888876	0.0060333333333333255	0.005255555555555551	0.005855555555555549	0.003822222222222208	0.0024444444444444344	0.0017222222222222177	0.0020000000000000018	0.0006555555555555573	0.001177777777777787	0.001411111111111113	0.003500000000000003	0.003922222222222216	0.0030333333333333323	0.004666666666666662	0.003722222222222219	0.004011111111111104	0.00369999999999999	0.00369999999999999	0.0048444444444444386	0.0028888888888888944	0.0028888888888888944	0.004888888888888897	0.00895555555555555	0.00996666666666666	0.009833333333333324	0.007700000000000003	0.012333333333333344	0.010177777777777794	0.0067888888888889	0.0015333333333333403	0.00038888888888889234	0.00038888888888889234	Media control
B6	0.0	0.0	0.0	0.0018444444444444448	0.0018444444444444448	0.0018444444444444448	0.0	0.0	0.0	0.0	0.003933333333333335	0.003933333333333335	0.006877777777777788	0.009177777777777776	0.009177777777777776	0.0062333333333333225	0.00631111111111111	0.009544444444444447	0.015922222222222226	0.017122222222222223	0.02039999999999999	0.01887777777777776	0.02005555555555554	0.019855555555555543	0.024455555555555553	0.022366666666666663	0.021222222222222215	0.023266666666666668	0.023388888888888893	0.029166666666666684	0.024588888888888893	0.026922222222222226	0.027222222222222214	0.034977777777777774	0.03312222222222222	0.0391	0.04071111111111111	0.0541	0.0626	0.08033333333333334	0.09505555555555556	0.10660000000000001	0.1186	0.12892222222222224	0.1424777777777778	0.15193333333333334	0.16616666666666666	0.18371111111111113	0.20418888888888886	0.22805555555555554	0.25345555555555555	0.2808888888888889	0.313	0.34096666666666664	0.37293333333333334	0.4005	0.43501111111111107	0.46799999999999997	0.5101444444444444	0.5488666666666667	0.5754888888888888	Growth with alanine supplementation and spermine treatment.
B7	0.006755555555555561	0.0033777777777777803	0.0008000000000000044	0.008077777777777776	0.01903333333333333	0.01849999999999999	0.013899999999999996	0.005944444444444437	0.009822222222222213	0.0085111111111111	0.010811111111111105	0.009611111111111107	0.013433333333333344	0.010744444444444454	0.011866666666666673	0.013788888888888887	0.015955555555555556	0.01621111111111111	0.01311111111111111	0.011644444444444438	0.010722222222222216	0.010722222222222208	0.010899999999999984	0.010299999999999985	0.009299999999999984	0.008133333333333317	0.01162222222222222	0.012522222222222221	0.014155555555555569	0.008122222222222225	0.007711111111111123	0.007766666666666672	0.009933333333333341	0.010366666666666672	0.016200000000000003	0.021155555555555556	0.019633333333333336	0.013800000000000007	0.00992222222222223	0.009033333333333338	0.00790000000000001	0.010088888888888897	0.010811111111111113	0.010277777777777775	0.00735555555555556	0.0068444444444444585	0.010677777777777786	0.010266666666666665	0.013655555555555551	0.01414444444444445	0.013522222222222222	0.009100000000000006	0.0049111111111111065	0.006100000000000004	0.007055555555555555	0.004577777777777782	0.007122222222222215	0.009688888888888886	0.015588888888888883	0.01933333333333334	0.024322222222222228	Media control
B8	0.007644444444444444	0.007644444444444444	0.010111111111111107	0.0024666666666666635	0.0024666666666666635	0.0021555555555555495	0.004633333333333332	0.00896666666666666	0.0068999999999999895	0.006988888888888878	0.00265555555555555	0.0025666666666666707	0.0	0.0013666666666666643	0.0013666666666666643	0.004855555555555557	0.0038888888888888953	0.003944444444444445	0.005088888888888883	0.011866666666666656	0.017044444444444435	0.017455555555555547	0.01889999999999999	0.021099999999999997	0.023155555555555558	0.024911111111111117	0.026944444444444448	0.03141111111111111	0.0345	0.037922222222222225	0.041155555555555556	0.044366666666666665	0.0504111111111111	0.05409999999999999	0.05574444444444444	0.061766666666666664	0.06939999999999999	0.08563333333333333	0.09593333333333331	0.11333333333333334	0.12892222222222224	0.14578888888888888	0.16319999999999998	0.17827777777777776	0.1988222222222222	0.21676666666666664	0.23707777777777772	0.26309999999999995	0.2881888888888889	0.31831111111111116	0.3492444444444444	0.38441111111111104	0.4162666666666666	0.44826666666666665	0.4915777777777777	0.5573555555555555	0.6058111111111111	0.6598444444444443	0.697111111111111	0.7516333333333333	0.7797555555555555	Growth with high glutamate supplementation, no spermine treatment.
B9	0.0016777777777777687	0.0016777777777777687	0.002044444444444432	0.0003666666666666633	0.0003666666666666633	0.0	0.0	0.0	0.0	0.0	0.0	0.0	0.0	0.00026666666666666505	0.0009777777777777719	0.003333333333333327	0.003066666666666662	0.002355555555555555	6.666666666666858e-05	0.003511111111111113	0.003511111111111113	0.0034444444444444444	0.0025888888888888906	0.004055555555555562	0.007155555555555572	0.008011111111111127	0.013477777777777792	0.018977777777777777	0.024033333333333334	0.030555555555555548	0.035055555555555555	0.040799999999999996	0.044511111111111105	0.047599999999999996	0.04667777777777778	0.05103333333333334	0.05659999999999999	0.07249999999999998	0.08213333333333332	0.09916666666666667	0.1124888888888889	0.1288888888888889	0.1499	0.16937777777777777	0.1918888888888889	0.2094	0.22807777777777774	0.2505	0.27592222222222224	0.3099111111111111	0.34384444444444445	0.37774444444444444	0.41133333333333333	0.4525333333333333	0.5002777777777777	0.5675222222222222	0.6295111111111111	0.7185777777777779	0.806711111111111	0.8886	0.9266555555555556	Growth with low glutamate supplementation, no spermine treatment.
B10	0.03400000000000001	0.0352888888888889	0.03036666666666667	0.02045555555555556	0.012100000000000008	0.007877777777777789	0.01790000000000001	0.019011111111111118	0.019155555555555565	0.011377777777777784	0.012922222222222224	0.01424444444444444	0.015599999999999994	0.014411111111111105	0.012966666666666673	0.016477777777777786	0.015244444444444458	0.016477777777777796	0.0197777777777778	0.02512222222222224	0.02933333333333334	0.02618888888888889	0.023155555555555558	0.021388888888888884	0.022166666666666657	0.020722222222222215	0.023055555555555562	0.025466666666666665	0.03125555555555554	0.0327	0.03240000000000001	0.032722222222222236	0.033900000000000007	0.038299999999999994	0.042477777777777774	0.045466666666666655	0.04392222222222222	0.046688888888888884	0.04975555555555555	0.05407777777777777	0.059077777777777764	0.06133333333333332	0.06942222222222222	0.0699111111111111	0.07663333333333333	0.08058888888888889	0.0872	0.09622222222222221	0.10566666666666664	0.1193111111111111	0.13583333333333333	0.14955555555555555	0.1632888888888889	0.1758333333333333	0.1947222222222222	0.2085111111111111	0.2305222222222222	0.25337777777777776	0.2838777777777778	0.3068666666666667	0.32208888888888887	Growth with spermine treatment, no supplementation.
B11	0.033433333333333336	0.03952222222222223	0.05296666666666667	0.04545555555555556	0.04903333333333334	0.035411111111111115	0.04076666666666667	0.03431111111111112	0.03305555555555556	0.031044444444444447	0.02942222222222222	0.03197777777777777	0.03356666666666667	0.037477777777777777	0.043233333333333325	0.04351111111111109	0.041777777777777775	0.035611111111111114	0.030644444444444457	0.023455555555555563	0.02520000000000001	0.023588888888888892	0.03198888888888889	0.029088888888888886	0.033400000000000006	0.02942222222222222	0.034022222222222225	0.03516666666666666	0.03615555555555555	0.0356	0.0357	0.038488888888888885	0.0384	0.041166666666666664	0.03961111111111112	0.04086666666666667	0.039322222222222224	0.04572222222222223	0.05262222222222223	0.06234444444444445	0.07347777777777777	0.07989999999999998	0.08638888888888889	0.08961111111111113	0.10586666666666666	0.12125555555555555	0.13859999999999997	0.14555555555555555	0.1554	0.16637777777777776	0.18316666666666667	0.19725555555555555	0.2131222222222222	0.23199999999999998	0.25782222222222223	0.2714111111111111	0.29775555555555555	0.31654444444444446	0.35391111111111107	0.3767666666666667	0.3968222222222222	Growth with alanine supplementation, no spermine treatment.
B12	0.009322222222222227	0.012077777777777784	0.01387777777777778	0.012833333333333327	0.008666666666666656	0.013311111111111107	0.014966666666666665	0.016955555555555557	0.021500000000000002	0.02516666666666668	0.028522222222222237	0.023811111111111116	0.024344444444444446	0.029755555555555552	0.030611111111111117	0.02737777777777778	0.02351111111111111	0.02407777777777778	0.02682222222222222	0.03365555555555556	0.036666666666666674	0.040222222222222236	0.04145555555555556	0.045822222222222216	0.04878888888888888	0.04825555555555555	0.04535555555555556	0.04686666666666666	0.05287777777777777	0.06109999999999999	0.06376666666666667	0.06254444444444444	0.06045555555555557	0.06943333333333335	0.07182222222222223	0.07347777777777778	0.07116666666666667	0.0767	0.08894444444444445	0.09886666666666667	0.10988888888888888	0.11975555555555555	0.1315222222222222	0.14457777777777778	0.1577111111111111	0.16983333333333336	0.18255555555555555	0.19791111111111112	0.2133222222222222	0.23268888888888886	0.2537333333333333	0.2778	0.2996111111111111	0.3223888888888889	0.3511777777777778	0.37990000000000007	0.4117777777777778	0.4381333333333333	0.4727666666666666	0.5061222222222223	0.5321	Baseline growth with no supplementation or treatment.
C1	0.0019222222222222186	0.003355555555555556	0.0031222222222222254	0.001855555555555564	0.002622222222222225	0.003044444444444447	0.005133333333333327	0.0058666666666666685	0.01051111111111111	0.010777777777777775	0.013011111111111107	0.010833333333333328	0.014433333333333334	0.018888888888888886	0.022355555555555563	0.018866666666666674	0.016777777777777794	0.018644444444444453	0.024955555555555568	0.028700000000000014	0.03037777777777779	0.03296666666666668	0.034044444444444454	0.03558888888888889	0.04002222222222221	0.047733333333333315	0.06059999999999998	0.07017777777777777	0.07757777777777779	0.0811888888888889	0.08864444444444443	0.10058888888888888	0.11667777777777777	0.13888888888888887	0.15462222222222222	0.1672888888888889	0.17127777777777778	0.18554444444444443	0.20057777777777774	0.22184444444444443	0.24117777777777774	0.2665222222222222	0.29664444444444443	0.32836666666666664	0.3642222222222222	0.40296666666666664	0.4376777777777778	0.47984444444444446	0.521988888888889	0.5753111111111111	0.6315555555555555	0.6972999999999999	0.7682555555555556	0.8424555555555555	0.9180333333333334	1.0138222222222222	1.0932111111111111	1.164088888888889	1.2296777777777779	1.2988	1.3491333333333333	Growth with low glutamate supplementation, no spermine treatment.
C2	0.004188888888888885	0.01335555555555556	0.017133333333333337	0.021133333333333348	0.022199999999999998	0.02837777777777777	0.02946666666666665	0.03106666666666666	0.029777777777777775	0.031711111111111114	0.02697777777777778	0.026733333333333345	0.0253	0.02912222222222222	0.033822222222222205	0.03203333333333332	0.033477777777777766	0.03587777777777778	0.04282222222222223	0.043133333333333336	0.037577777777777786	0.042100000000000005	0.04497777777777778	0.04695555555555556	0.03625555555555555	0.034033333333333325	0.04316666666666665	0.0451111111111111	0.04951111111111111	0.04408888888888889	0.05337777777777778	0.054422222222222226	0.052777777777777764	0.05172222222222222	0.049222222222222216	0.05085555555555555	0.05137777777777778	0.05411111111111111	0.059977777777777776	0.06554444444444445	0.07061111111111111	0.07382222222222222	0.07834444444444444	0.08163333333333334	0.08745555555555555	0.09126666666666666	0.09747777777777777	0.10611111111111111	0.11442222222222222	0.12564444444444442	0.1348222222222222	0.1435	0.15812222222222225	0.17392222222222223	0.19176666666666667	0.20875555555555556	0.22344444444444445	0.23852222222222222	0.2524777777777778	0.26863333333333334	0.2803666666666667	Growth with high glutamate supplementation and spermine treatment.
C3	0.0021333333333333295	0.0036333333333333265	0.0025666666666666615	0.0025666666666666615	0.00156666666666667	0.0029333333333333433	0.0029333333333333433	0.00515555555555557	0.004111111111111111	0.006622222222222224	0.006022222222222225	0.005700000000000011	0.005133333333333351	0.006422222222222228	0.010099999999999998	0.0084111111111111	0.006188888888888873	0.007822222222222203	0.015255555555555541	0.017722222222222212	0.012811111111111115	0.013322222222222227	0.016388888888888897	0.017844444444444458	0.017022222222222227	0.02321111111111111	0.034466666666666645	0.03511111111111109	0.03516666666666665	0.03832222222222221	0.04939999999999999	0.061299999999999986	0.0714111111111111	0.08298888888888888	0.08963333333333333	0.0945111111111111	0.09981111111111111	0.10525555555555555	0.11915555555555556	0.13487777777777776	0.15103333333333332	0.1658111111111111	0.18556666666666666	0.20353333333333334	0.22487777777777776	0.2407111111111111	0.2592555555555556	0.27895555555555557	0.30031111111111114	0.3261888888888889	0.3496444444444444	0.3774888888888888	0.41156666666666664	0.44958888888888887	0.4826888888888889	0.5132	0.5351	0.5459777777777778	0.5293888888888888	0.49267777777777777	0.45985555555555563	Baseline growth with no supplementation or treatment.
C4	0.004344444444444438	0.0032111111111111043	0.002077777777777771	0.0015000000000000013	0.00366666666666667	0.004544444444444444	0.003044444444444442	0.0008777777777777737	0.0005777777777777789	0.0005777777777777789	0.0031000000000000008	0.008799999999999994	0.01565555555555555	0.016799999999999992	0.015188888888888882	0.009733333333333325	0.013266666666666668	0.013522222222222232	0.014500000000000004	0.012188888888888897	0.010044444444444448	0.01314444444444445	0.011711111111111108	0.011433333333333332	0.007555555555555556	0.006877777777777779	0.005488888888888895	0.0038888888888888953	0.004233333333333339	0.004977777777777785	0.006600000000000004	0.005633333333333342	0.006600000000000004	0.005388888888888897	0.005455555555555556	0.00263333333333333	0.007166666666666664	0.007022222222222226	0.008455555555555558	0.005100000000000003	0.004855555555555557	0.00677777777777779	0.0051888888888889	0.007766666666666681	0.006211111111111112	0.006488888888888896	0.0061333333333333335	0.0070666666666666655	0.007333333333333321	0.005899999999999998	0.003788888888888897	0.0032444444444444573	0.00312222222222223	0.0025000000000000022	0.002988888888888893	0.0004888888888888906	0.0031777777777777885	0.010533333333333348	0.01253333333333334	0.013477777777777774	0.009266666666666654	Media control
C5	0.006877777777777779	0.004744444444444444	0.004399999999999997	0.012955555555555553	0.019088888888888888	0.02247777777777778	0.013433333333333334	0.007522222222222226	0.0023444444444444454	0.000688888888888887	0.0012888888888888856	0.00573333333333334	0.01092222222222223	0.012766666666666676	0.013555555555555552	0.012500000000000002	0.023333333333333334	0.0347888888888889	0.04283333333333334	0.03525555555555557	0.029144444444444455	0.031711111111111114	0.04377777777777778	0.0488	0.049188888888888886	0.052144444444444445	0.05708888888888889	0.056533333333333345	0.054477777777777785	0.05655555555555556	0.06406666666666667	0.07343333333333334	0.0799	0.09012222222222221	0.09598888888888889	0.10755555555555556	0.11368888888888888	0.1267111111111111	0.13412222222222223	0.1471333333333333	0.1542222222222222	0.16634444444444443	0.18003333333333335	0.19887777777777774	0.22135555555555553	0.24405555555555555	0.26430000000000003	0.2827	0.3053	0.33080000000000004	0.35632222222222226	0.3812666666666667	0.4107111111111112	0.44325555555555557	0.4799222222222223	0.5243000000000001	0.5643888888888889	0.6043777777777778	0.6435	0.694811111111111	0.7328333333333333	Growth with alanine supplementation, no spermine treatment.
C6	0.021688888888888896	0.010844444444444448	0.0	0.0	0.0	0.0	0.0	0.0	0.0024111111111111048	0.0024111111111111048	0.0062777777777777806	0.0043555555555555665	0.00836666666666668	0.004500000000000004	0.004011111111111114	0.0	0.002211111111111108	0.005977777777777776	0.009255555555555553	0.009822222222222213	0.006055555555555546	0.004566666666666654	0.007011111111111107	0.009055555555555548	0.009055555555555558	0.004433333333333335	0.0038888888888888953	0.009566666666666676	0.013755555555555568	0.02256666666666668	0.019855555555555553	0.022255555555555556	0.02062222222222222	0.026611111111111113	0.024422222222222224	0.027766666666666672	0.03127777777777777	0.042833333333333334	0.04683333333333333	0.0517	0.05935555555555555	0.06826666666666667	0.07753333333333333	0.08318888888888888	0.0940111111111111	0.10383333333333333	0.11159999999999999	0.12067777777777777	0.13262222222222222	0.14875555555555556	0.1641222222222222	0.17865555555555557	0.19856666666666667	0.21743333333333334	0.2409666666666667	0.2812666666666666	0.3003777777777778	0.31793333333333335	0.3225777777777778	0.35040000000000004	0.3706222222222222	Growth with spermine treatment, no supplementation.
C7	0.004288888888888888	0.002144444444444444	0.0	0.0	0.0	0.004299999999999998	0.004299999999999998	0.005066666666666664	0.0007666666666666655	0.0015000000000000013	0.0007333333333333358	0.003577777777777772	0.005700000000000001	0.005911111111111117	0.0030666666666666806	0.0002111111111111156	0.0009111111111111125	0.0009111111111111125	0.004655555555555552	0.006022222222222207	0.006555555555555537	0.009122222222222198	0.014133333333333312	0.01576666666666665	0.015966666666666657	0.018733333333333324	0.023988888888888883	0.031322222222222224	0.035455555555555573	0.04755555555555557	0.05161111111111113	0.0629	0.06476666666666665	0.07749999999999999	0.08146666666666665	0.09308888888888889	0.09666666666666666	0.10823333333333333	0.11742222222222222	0.1333	0.14163333333333336	0.15612222222222225	0.17034444444444444	0.18954444444444443	0.20908888888888888	0.23021111111111114	0.2469444444444445	0.26896666666666663	0.29502222222222224	0.33284444444444444	0.37235555555555555	0.40913333333333335	0.44911111111111107	0.48546666666666666	0.5280222222222222	0.5865888888888889	0.6377	0.6860666666666667	0.741288888888889	0.8132333333333334	0.8712222222222223	Growth with high glutamate supplementation, no spermine treatment.
C8	0.0	0.0	0.0	0.0	0.0	0.0	0.0	0.0	0.0	0.0	0.0	0.0	0.0	0.0	0.0	0.0	0.0	0.0	0.0	0.0	0.0	0.0	0.0	0.0	0.0	0.0	0.0	0.0	0.0	0.0	0.0	0.0	0.0	0.0	0.0	0.0	0.0	0.0	0.0	0.0	0.0	0.0	0.0	0.0	0.0	0.0	0.0	0.0	0.0	0.0	0.0	0.0	0.0	0.0	0.0	0.0	0.0	0.0	0.0	0.0	0.0	Media control
C9	0.013333333333333327	0.006666666666666664	0.001966666666666663	0.001966666666666663	0.001966666666666663	0.0034222222222222154	0.0034222222222222154	0.0034222222222222154	0.0012222222222222079	0.0012222222222222079	0.0012222222222222079	0.0	0.0	0.0	0.002777777777777777	0.002777777777777777	0.0043777777777777764	0.0015999999999999996	0.009033333333333329	0.009811111111111104	0.013977777777777764	0.008555555555555547	0.01059999999999999	0.007766666666666662	0.006622222222222224	0.0031777777777777794	0.007244444444444442	0.007511111111111098	0.009333333333333324	0.012355555555555555	0.013555555555555562	0.013900000000000004	0.009144444444444446	0.012833333333333335	0.011077777777777789	0.009533333333333338	0.01049999999999999	0.01316666666666666	0.016933333333333328	0.01823333333333334	0.02258888888888889	0.025655555555555553	0.028499999999999998	0.029811111111111104	0.03208888888888889	0.03423333333333333	0.03467777777777778	0.03653333333333334	0.03802222222222223	0.041544444444444446	0.04727777777777777	0.0487111111111111	0.0545	0.05463333333333334	0.060044444444444456	0.059522222222222226	0.060611111111111116	0.05707777777777778	0.05774444444444445	0.055799999999999995	0.05582222222222222	Growth with spermine treatment, no supplementation.
C10	0.019711111111111113	0.01496666666666667	0.0073444444444444494	0.0073444444444444494	0.002233333333333337	0.004811111111111109	0.005411111111111107	0.007511111111111107	0.002699999999999999	0.0021	0.0	0.006644444444444443	0.009055555555555558	0.009055555555555558	0.009911111111111112	0.015088888888888883	0.015444444444444446	0.007944444444444448	0.006611111111111123	0.008822222222222231	0.01153333333333334	0.017088888888888893	0.02005555555555556	0.023488888888888892	0.01896666666666667	0.020655555555555555	0.024122222222222222	0.029599999999999998	0.03548888888888888	0.04253333333333334	0.050733333333333346	0.057822222222222226	0.06583333333333333	0.06856666666666665	0.0746111111111111	0.08249999999999999	0.1007222222222222	0.11475555555555554	0.12952222222222223	0.14224444444444445	0.16434444444444443	0.18546666666666667	0.20615555555555556	0.22334444444444443	0.24463333333333334	0.2680888888888889	0.2955333333333333	0.32365555555555553	0.3528	0.3879777777777778	0.4230333333333333	0.4647222222222222	0.5020555555555556	0.5467666666666666	0.5929888888888888	0.633311111111111	0.6874222222222222	0.7453111111111111	0.8154111111111112	0.8774666666666667	0.9175222222222222	Growth with high glutamate supplementation, no spermine treatment.
C11	0.02352222222222222	0.02411111111111111	0.03277777777777778	0.03389999999999999	0.037433333333333325	0.03261111111111111	0.02373333333333334	0.020822222222222225	0.017733333333333334	0.029266666666666673	0.02888888888888889	0.0294111111111111	0.02567777777777777	0.027088888888888885	0.034744444444444446	0.03357777777777777	0.04137777777777777	0.03367777777777778	0.039622222222222225	0.038755555555555564	0.042766666666666675	0.036855555555555565	0.032255555555555565	0.02625555555555556	0.02472222222222222	0.020655555555555555	0.03102222222222222	0.029166666666666657	0.030311111111111094	0.02729999999999999	0.032900000000000006	0.037044444444444456	0.03622222222222223	0.04076666666666667	0.03935555555555556	0.04014444444444445	0.043333333333333335	0.045500000000000006	0.048211111111111114	0.04966666666666667	0.053455555555555555	0.05672222222222222	0.05745555555555554	0.06257777777777777	0.06757777777777776	0.07346666666666667	0.08075555555555557	0.08827777777777779	0.09695555555555556	0.10685555555555555	0.12096666666666668	0.12743333333333337	0.13747777777777778	0.1395888888888889	0.15144444444444446	0.16276666666666664	0.17787777777777777	0.18789999999999998	0.19736666666666666	0.20938888888888893	0.22093333333333334	Growth with low glutamate supplementation and spermine treatment.
C12	0.022188888888888893	0.019877777777777775	0.025177777777777775	0.028166666666666663	0.03086666666666667	0.027011111111111125	0.02313333333333334	0.023355555555555556	0.016500000000000004	0.016033333333333344	0.014422222222222234	0.01784444444444445	0.020644444444444448	0.020655555555555555	0.0226111111111111	0.020477777777777772	0.02571111111111111	0.02407777777777778	0.02822222222222222	0.02415555555555555	0.024566666666666664	0.02258888888888889	0.02302222222222222	0.024855555555555558	0.02578888888888889	0.024755555555555548	0.03398888888888888	0.03396666666666665	0.038177777777777776	0.03103333333333333	0.03696666666666667	0.03884444444444445	0.04198888888888889	0.04023333333333334	0.03755555555555556	0.03744444444444445	0.05243333333333333	0.056133333333333334	0.06714444444444444	0.06413333333333333	0.0768888888888889	0.0838888888888889	0.09448888888888889	0.10247777777777778	0.10914444444444445	0.11513333333333332	0.12655555555555556	0.14477777777777776	0.1610222222222222	0.17435555555555557	0.18626666666666666	0.20363333333333333	0.22367777777777778	0.24602222222222223	0.2688111111111111	0.2674999999999999	0.29327777777777775	0.3214666666666666	0.3718333333333333	0.3939888888888889	0.40806666666666663	Growth with alanine supplementation and spermine treatment.
D1	0.01598888888888889	0.024177777777777784	0.03105555555555556	0.041100000000000005	0.0467888888888889	0.04815555555555556	0.045933333333333326	0.040266666666666666	0.039311111111111116	0.037333333333333336	0.0391	0.042855555555555556	0.0415888888888889	0.039200000000000006	0.03885555555555555	0.040333333333333325	0.03965555555555555	0.03403333333333333	0.02853333333333333	0.026133333333333328	0.024900000000000002	0.02727777777777778	0.03216666666666668	0.03717777777777778	0.04261111111111112	0.0437888888888889	0.05003333333333334	0.04712222222222223	0.051888888888888894	0.05028888888888888	0.054388888888888896	0.05291111111111111	0.05293333333333333	0.049177777777777765	0.0464	0.04456666666666668	0.053300000000000014	0.058177777777777794	0.06806666666666668	0.07203333333333334	0.07954444444444443	0.08142222222222222	0.08597777777777778	0.09056666666666667	0.09620000000000001	0.10287777777777779	0.11295555555555555	0.12649999999999997	0.1396333333333333	0.14795555555555553	0.1565	0.1641	0.17647777777777776	0.18775555555555554	0.2018222222222222	0.20307777777777777	0.22005555555555553	0.23583333333333334	0.2672777777777778	0.2894666666666667	0.30722222222222223	Growth with alanine supplementation and spermine treatment.
D2	0.006499999999999996	0.012988888888888888	0.017577777777777776	0.029833333333333326	0.031633333333333326	0.03262222222222221	0.025555555555555543	0.024522222222222206	0.028755555555555545	0.03267777777777778	0.034933333333333344	0.03544444444444445	0.030555555555555558	0.02868888888888888	0.027655555555555548	0.031177777777777776	0.030722222222222224	0.028233333333333343	0.026966666666666677	0.030311111111111125	0.03194444444444445	0.033822222222222226	0.03470000000000001	0.03534444444444445	0.036077777777777785	0.033444444444444436	0.03596666666666666	0.036233333333333326	0.04018888888888889	0.041544444444444446	0.0441111111111111	0.04678888888888888	0.04998888888888888	0.05315555555555556	0.05582222222222222	0.06142222222222222	0.06430000000000001	0.06976666666666669	0.07414444444444444	0.08265555555555555	0.08942222222222222	0.0958888888888889	0.105	0.11227777777777777	0.12072222222222223	0.12793333333333334	0.13784444444444446	0.14917777777777777	0.16335555555555556	0.17552222222222222	0.18855555555555556	0.19596666666666665	0.20896666666666666	0.2215	0.24057777777777778	0.27874444444444446	0.2972777777777778	0.31141111111111114	0.31175555555555556	0.33484444444444444	0.35504444444444444	Growth with spermine treatment, no supplementation.
D3	0.0	0.004433333333333335	0.00893333333333333	0.0105	0.006066666666666665	0.0031222222222222207	0.0032555555555555484	0.003655555555555546	0.002755555555555548	0.0010555555555555503	0.0006555555555555528	0.0	0.0	0.0	0.0	0.0	0.0	0.0	0.0	0.0	0.0	0.0	0.0	0.0	0.0	0.0	0.0	0.0	0.0	0.0	0.0	0.0	0.0	0.0	0.0	0.0	0.0	0.0	0.0	0.0	0.0	0.0	0.0002333333333333354	0.0002333333333333354	0.0002333333333333354	0.0	0.0	0.0	0.0	0.0	0.0	0.0	0.0	0.0	0.0	0.0	0.0	0.0	0.0	0.0	0.0	Media control
D4	0.010044444444444444	0.005433333333333332	0.0008222222222222195	0.004566666666666663	0.011277777777777775	0.01581111111111111	0.0153	0.014888888888888887	0.02165555555555555	0.028433333333333328	0.03262222222222222	0.031599999999999996	0.0289	0.02834444444444444	0.02725555555555555	0.03103333333333333	0.02984444444444445	0.03150000000000001	0.029077777777777775	0.031899999999999984	0.032266666666666645	0.03534444444444443	0.038022222222222214	0.04454444444444444	0.05565555555555556	0.060055555555555556	0.06734444444444444	0.06835555555555556	0.07717777777777778	0.08109999999999999	0.08829999999999999	0.0936222222222222	0.09916666666666667	0.10483333333333332	0.11128888888888888	0.12164444444444444	0.1313	0.1433444444444444	0.15913333333333332	0.1762222222222222	0.19349999999999998	0.20738888888888887	0.22734444444444446	0.24713333333333334	0.27001111111111115	0.2923	0.3161888888888889	0.3422	0.37202222222222225	0.4068555555555555	0.4444333333333333	0.47894444444444445	0.5173111111111112	0.5576111111111112	0.6026555555555556	0.6418555555555556	0.6905222222222221	0.7419222222222223	0.8026111111111112	0.8602777777777778	0.9005777777777778	Baseline growth with no supplementation or treatment.
D5	0.0	0.0	0.0	0.0019333333333333331	0.0019333333333333331	0.0019333333333333331	0.0024222222222222236	0.004377777777777786	0.007455555555555567	0.006733333333333341	0.0065333333333333354	0.003633333333333331	0.00312222222222223	0.003366666666666666	0.005688888888888892	0.0044999999999999945	0.004833333333333338	0.003088888888888891	0.006066666666666665	0.008622222222222226	0.009044444444444447	0.010177777777777786	0.01261111111111111	0.018566666666666676	0.025388888888888895	0.028511111111111116	0.03532222222222222	0.037	0.04481111111111111	0.05178888888888889	0.0574	0.062266666666666665	0.06436666666666666	0.06355555555555555	0.058088888888888884	0.058122222222222214	0.07018888888888888	0.07944444444444444	0.09585555555555557	0.10863333333333335	0.1295888888888889	0.14327777777777778	0.16233333333333336	0.18121111111111113	0.20395555555555556	0.2245222222222222	0.24650000000000002	0.26719999999999994	0.29173333333333334	0.31716666666666665	0.34465555555555555	0.3725	0.4083777777777778	0.4446555555555556	0.4861222222222223	0.5173333333333334	0.563488888888889	0.6085444444444444	0.6673	0.7175111111111111	0.7534666666666666	Baseline growth with no supplementation or treatment.
D6	0.0	0.0	0.0	0.0021777777777777785	0.0021777777777777785	0.0028333333333333357	0.0006555555555555573	0.0006555555555555573	0.0	0.0	0.0	0.0	0.0	0.0	0.0	0.0	0.0	0.0	0.0	0.0	0.002144444444444449	0.002144444444444449	0.008800000000000002	0.009800000000000003	0.01625555555555555	0.014333333333333337	0.013122222222222221	0.011099999999999999	0.008122222222222216	0.011366666666666664	0.007722222222222223	0.009688888888888886	0.011455555555555543	0.01684444444444444	0.014922222222222207	0.016599999999999993	0.019077777777777766	0.027433333333333348	0.032200000000000006	0.03886666666666667	0.04558888888888888	0.05039999999999999	0.05733333333333332	0.0634222222222222	0.07167777777777777	0.07716666666666666	0.08223333333333334	0.08847777777777777	0.0963888888888889	0.10622222222222222	0.1166888888888889	0.1269888888888889	0.14016666666666666	0.1514	0.1658666666666667	0.17970000000000005	0.19174444444444447	0.2029	0.21827777777777777	0.2382333333333333	0.25305555555555553	Growth with high glutamate supplementation and spermine treatment.
D7	0.0	0.0	0.0	0.00021111111111110636	0.00021111111111110636	0.0030777777777777717	0.0028666666666666654	0.0028666666666666654	0.0	0.0	0.0	0.0005777777777777696	0.0005777777777777696	0.0005888888888888796	1.1111111111109887e-05	1.1111111111109887e-05	0.0	0.0	0.001677777777777778	0.010988888888888881	0.015555555555555545	0.020722222222222208	0.023033333333333322	0.028233333333333322	0.03213333333333332	0.029266666666666653	0.02885555555555555	0.03238888888888889	0.0417888888888889	0.05362222222222223	0.06134444444444445	0.072	0.08386666666666666	0.09489999999999998	0.10086666666666666	0.11205555555555553	0.13136666666666666	0.15436666666666668	0.17518888888888892	0.1978	0.22383333333333336	0.25252222222222226	0.28074444444444446	0.3087111111111111	0.34122222222222226	0.3744444444444445	0.4099777777777778	0.4464666666666666	0.4838222222222222	0.5275777777777778	0.5772555555555555	0.6339666666666667	0.7008444444444445	0.7597666666666666	0.824388888888889	0.8886888888888889	0.9723333333333333	1.0754666666666666	1.179788888888889	1.3143	1.4055888888888888	Growth with low glutamate supplementation, no spermine treatment.
D8	0.0	0.0	0.0	0.0	0.0	0.0	0.0	0.0	0.0	0.0	0.0	0.0	0.0	0.0	0.0	0.0	0.0	0.0	0.0	0.0	0.0005444444444444493	0.0005444444444444493	0.002411111111111114	0.004011111111111114	0.007133333333333343	0.0067888888888889	0.004644444444444451	0.009255555555555553	0.012144444444444449	0.018844444444444452	0.016388888888888897	0.0194	0.022133333333333328	0.0279111111111111	0.03042222222222221	0.03544444444444444	0.035044444444444434	0.044233333333333326	0.04463333333333333	0.05304444444444446	0.05551111111111112	0.0642777777777778	0.07161111111111111	0.07863333333333333	0.08617777777777776	0.09522222222222221	0.10115555555555555	0.11093333333333333	0.11837777777777776	0.13448888888888888	0.1495222222222222	0.16508888888888887	0.17878888888888889	0.19066666666666668	0.20674444444444448	0.23033333333333336	0.24850000000000003	0.2669222222222222	0.27982222222222225	0.30241111111111113	0.31806666666666666	Growth with low glutamate supplementation and spermine treatment.
D9	0.0	0.0	0.0	0.0	0.0037111111111111095	0.008911111111111111	0.008911111111111111	0.005200000000000001	0.0	0.0031444444444444497	0.008133333333333326	0.010366666666666654	0.007222222222222204	0.002233333333333328	0.0	0.007133333333333334	0.007133333333333334	0.007133333333333334	0.0011777777777777821	0.0011777777777777821	0.005166666666666667	0.005622222222222223	0.010066666666666668	0.01156666666666667	0.01637777777777778	0.015999999999999997	0.015299999999999989	0.020822222222222204	0.02377777777777777	0.026388888888888896	0.02673333333333335	0.031222222222222235	0.03685555555555556	0.042077777777777776	0.05345555555555556	0.06534444444444445	0.07233333333333335	0.08222222222222224	0.08692222222222223	0.09575555555555555	0.10246666666666666	0.11495555555555555	0.12986666666666669	0.14190000000000003	0.1577888888888889	0.17624444444444445	0.19771111111111114	0.22092222222222224	0.24652222222222223	0.2750222222222222	0.3059111111111111	0.3337666666666667	0.3662111111111111	0.3993	0.44112222222222225	0.5017555555555555	0.5487444444444445	0.5928555555555556	0.6221222222222221	0.6780777777777777	0.7201	Growth with high glutamate supplementation, no spermine treatment.
D10	0.003888888888888886	0.004988888888888886	0.003044444444444442	0.010088888888888897	0.012155555555555567	0.014322222222222236	0.008033333333333337	0.004777777777777779	0.007177777777777773	0.010033333333333339	0.012233333333333327	0.011466666666666661	0.01264444444444443	0.012866666666666656	0.01365555555555554	0.014566666666666653	0.015211111111111111	0.015588888888888902	0.017733333333333347	0.01907777777777778	0.02073333333333333	0.02092222222222222	0.023833333333333335	0.026533333333333325	0.0289111111111111	0.029199999999999993	0.03003333333333333	0.030988888888888882	0.03414444444444444	0.03725555555555556	0.04300000000000001	0.046288888888888886	0.051388888888888894	0.05244444444444445	0.055422222222222234	0.059144444444444465	0.06560000000000002	0.07465555555555557	0.08352222222222223	0.09042222222222222	0.09966666666666668	0.10892222222222221	0.11983333333333335	0.12813333333333335	0.1383555555555556	0.1517777777777778	0.16774444444444447	0.18545555555555557	0.20475555555555558	0.22075555555555557	0.23807777777777775	0.2570333333333333	0.2816444444444444	0.3064	0.33028888888888885	0.34798888888888885	0.3761777777777777	0.40615555555555555	0.4489888888888889	0.4838777777777778	0.5092	Growth with alanine supplementation, no spermine treatment.
D11	0.0	0.001388888888888884	0.008333333333333331	0.01657777777777777	0.019766666666666658	0.014722222222222211	0.007766666666666662	0.0051222222222222225	0.008288888888888887	0.013588888888888881	0.0183	0.01643333333333334	0.0143888888888889	0.010877777777777783	0.011833333333333335	0.010266666666666665	0.011077777777777778	0.010622222222222219	0.011944444444444443	0.012177777777777768	0.012066666666666665	0.012722222222222227	0.014466666666666675	0.015566666666666678	0.015200000000000005	0.014833333333333342	0.014600000000000002	0.01442222222222223	0.012133333333333335	0.013588888888888892	0.014433333333333326	0.016577777777777775	0.014577777777777773	0.012411111111111109	0.012033333333333321	0.01212222222222222	0.013477777777777774	0.010900000000000002	0.010977777777777772	0.012777777777777777	0.014177777777777784	0.015111111111111117	0.013366666666666674	0.014233333333333343	0.012866666666666679	0.01282222222222223	0.011500000000000002	0.012144444444444449	0.010477777777777775	0.0097	0.008844444444444446	0.008277777777777787	0.009333333333333341	0.009255555555555559	0.012911111111111115	0.012277777777777782	0.012900000000000003	0.010444444444444445	0.012344444444444444	0.011266666666666666	0.010744444444444445	Media control
D12	0.0023111111111111062	0.006511111111111111	0.00833333333333334	0.016577777777777778	0.011233333333333331	0.016522222222222216	0.012433333333333333	0.020188888888888885	0.02392222222222222	0.034422222222222215	0.041166666666666664	0.041633333333333335	0.03812222222222223	0.034911111111111115	0.0306	0.027466666666666657	0.026044444444444436	0.024888888888888887	0.026311111111111108	0.02744444444444445	0.03176666666666667	0.03255555555555557	0.031400000000000004	0.0319	0.03189999999999999	0.031099999999999992	0.029633333333333328	0.02912222222222222	0.03326666666666666	0.03572222222222222	0.039133333333333326	0.040077777777777775	0.042111111111111106	0.0458111111111111	0.04789999999999999	0.051288888888888884	0.055077777777777774	0.05953333333333333	0.06587777777777777	0.06904444444444445	0.07414444444444444	0.07841111111111111	0.08516666666666667	0.09183333333333334	0.09860000000000002	0.1046888888888889	0.11136666666666667	0.12057777777777778	0.13147777777777778	0.14266666666666664	0.15241111111111108	0.16237777777777776	0.17246666666666668	0.18472222222222223	0.1977111111111111	0.21834444444444445	0.2323666666666667	0.2508111111111111	0.26591111111111115	0.2901333333333333	0.3062777777777777	Growth with low glutamate supplementation and spermine treatment.
E1	0.006633333333333329	0.015499999999999995	0.026622222222222224	0.029666666666666675	0.02955555555555556	0.026855555555555553	0.02873333333333333	0.031	0.03651111111111112	0.03836666666666668	0.040600000000000004	0.03895555555555556	0.035488888888888896	0.03190000000000001	0.03045555555555557	0.028033333333333344	0.026588888888888895	0.02279999999999999	0.021733333333333327	0.024999999999999994	0.024600000000000007	0.02884444444444445	0.027366666666666668	0.02997777777777777	0.03207777777777777	0.03568888888888889	0.044199999999999996	0.04868888888888889	0.05722222222222222	0.06358888888888888	0.07412222222222221	0.08241111111111112	0.0838	0.07634444444444445	0.06456666666666666	0.06086666666666666	0.0671	0.07184444444444443	0.0771	0.08006666666666666	0.08591111111111112	0.08812222222222221	0.09297777777777777	0.09836666666666666	0.10343333333333332	0.10724444444444443	0.11178888888888888	0.11946666666666667	0.1267	0.13635555555555554	0.14659999999999998	0.15783333333333333	0.16984444444444446	0.18242222222222218	0.19722222222222227	0.20757777777777778	0.22268888888888885	0.23689999999999997	0.25801111111111114	0.2779333333333333	0.29212222222222217	Growth with low glutamate supplementation and spermine treatment.
E2	8.888888888888835e-05	4.4444444444444176e-05	0.0	0.0	0.0	0.0	0.0	0.0	0.0	0.0	0.0	0.0	0.0	0.0	0.0	0.0	0.0	0.0	0.0	0.0	0.0	0.0	0.0	0.0	0.0	0.0	0.0	0.0	0.0	0.0	0.0	0.0	0.0	0.0	0.0	0.0	0.0	0.0	0.0	0.0	0.0	0.0	0.0	0.0	0.0	0.0	0.0	0.0	0.0	0.0	0.0	0.0	0.0	0.0	0.0	0.0	0.0	0.0	0.0	0.0	0.0	Media control
E3	0.004288888888888888	0.002144444444444444	0.0	0.0	0.0007777777777777753	0.0010333333333333306	0.002433333333333329	0.0021999999999999984	0.00212222222222222	0.0007222222222222213	0.0016111111111111142	0.0036666666666666744	0.006433333333333342	0.009277777777777782	0.012311111111111111	0.01952222222222222	0.021633333333333327	0.024022222222222223	0.02457777777777778	0.029477777777777787	0.030300000000000018	0.02952222222222224	0.03037777777777779	0.03158888888888889	0.03278888888888889	0.03247777777777777	0.03607777777777778	0.03715555555555555	0.041422222222222214	0.044899999999999975	0.052277777777777756	0.05554444444444443	0.06053333333333333	0.06146666666666666	0.06577777777777777	0.06915555555555557	0.07893333333333334	0.08236666666666666	0.0925888888888889	0.1014888888888889	0.11924444444444447	0.1308	0.14405555555555555	0.15726666666666664	0.17478888888888888	0.19605555555555557	0.2175777777777778	0.24292222222222223	0.27076666666666666	0.3019444444444444	0.3356444444444444	0.3694888888888888	0.40499999999999997	0.43974444444444444	0.47893333333333327	0.49811111111111117	0.5425333333333333	0.5928333333333333	0.6699999999999999	0.7321333333333332	0.7721888888888889	Growth with high glutamate supplementation, no spermine treatment.
E4	0.011233333333333336	0.008022222222222222	0.004811111111111109	0.0019888888888888873	0.011533333333333331	0.014088888888888887	0.014399999999999996	0.009533333333333324	0.013888888888888881	0.016488888888888876	0.019577777777777774	0.023733333333333332	0.030066666666666672	0.035777777777777776	0.03607777777777777	0.032888888888888884	0.027366666666666668	0.024288888888888888	0.023411111111111115	0.024277777777777777	0.025333333333333343	0.031388888888888904	0.034477777777777795	0.036422222222222224	0.03575555555555555	0.03997777777777777	0.04691111111111112	0.05035555555555556	0.05522222222222223	0.05486666666666667	0.05821111111111111	0.057611111111111106	0.06223333333333333	0.06566666666666666	0.06901111111111109	0.07252222222222221	0.07719999999999999	0.08606666666666667	0.09695555555555556	0.10788888888888891	0.11637777777777779	0.12286666666666667	0.1309222222222222	0.13923333333333332	0.14972222222222223	0.16232222222222223	0.17604444444444445	0.19028888888888887	0.20529999999999995	0.22111111111111112	0.24034444444444444	0.2579222222222222	0.28013333333333335	0.30367777777777777	0.3295	0.35761111111111116	0.3866666666666667	0.4184666666666667	0.4457333333333333	0.47669999999999996	0.49835555555555544	Growth with alanine supplementation, no spermine treatment.
E5	0.0002888888888888941	0.00014444444444444704	0.0	0.0	0.0	0.0020333333333333314	0.00208888888888889	0.0036888888888888896	0.002522222222222222	0.0032999999999999974	0.0038888888888888953	0.003266666666666677	0.003500000000000012	0.0036111111111111114	0.004855555555555557	0.008599999999999997	0.010177777777777786	0.01513333333333334	0.015411111111111117	0.014866666666666658	0.01369999999999999	0.01311111111111111	0.016522222222222233	0.017711111111111122	0.01992222222222223	0.018555555555555558	0.021711111111111108	0.026055555555555544	0.0315111111111111	0.03273333333333333	0.030433333333333323	0.028055555555555545	0.025633333333333324	0.024900000000000002	0.023222222222222224	0.02464444444444445	0.024433333333333338	0.02637777777777778	0.02783333333333334	0.030588888888888898	0.03306666666666667	0.03352222222222221	0.037277777777777764	0.03919999999999999	0.04311111111111111	0.047433333333333334	0.0536888888888889	0.06020000000000001	0.06762222222222224	0.07578888888888889	0.08373333333333334	0.09334444444444445	0.10517777777777777	0.12174444444444442	0.14238888888888887	0.16465555555555556	0.18945555555555557	0.2109888888888889	0.2410777777777778	0.2757777777777778	0.3041111111111111	Growth with alanine supplementation and spermine treatment.
E6	0.0004000000000000022	0.0002000000000000011	0.0	0.0	0.0	0.0	0.0	0.0014777777777777816	0.0030333333333333323	0.005177777777777772	0.010511111111111101	0.015011111111111105	0.021777777777777785	0.031733333333333336	0.03782222222222223	0.04642222222222222	0.05067777777777777	0.057533333333333325	0.06513333333333333	0.06952222222222222	0.07187777777777779	0.07934444444444445	0.0858888888888889	0.10282222222222222	0.1094888888888889	0.12020000000000002	0.12634444444444445	0.11807777777777777	0.12046666666666667	0.1308777777777778	0.15012222222222224	0.15703333333333333	0.16178888888888887	0.15446666666666667	0.14686666666666667	0.14512222222222224	0.17785555555555557	0.19860000000000003	0.23416666666666672	0.26463333333333333	0.3161333333333333	0.3457333333333333	0.3786666666666667	0.41514444444444437	0.4489111111111111	0.4939	0.5424777777777777	0.6101	0.6919777777777778	0.7888777777777777	0.8992222222222223	1.0232333333333334	1.1562444444444446	1.2939777777777777	1.4328111111111113	1.5156888888888889	1.6367777777777777	1.7116222222222222	1.8309555555555554	1.8807555555555557	1.9205444444444444	Baseline growth with no supplementation or treatment.
E7	0.0	0.0	0.0	0.0	0.0	0.0	0.0	0.0	0.0	0.0	0.0	0.0	0.0	0.0	0.0	0.0	0.0	0.0	0.0	0.0	0.0	0.0	0.0	0.0	0.0	0.0	0.0	0.0008000000000000044	0.0016777777777777874	0.0016777777777777874	0.0008777777777777829	0.0	0.0021	0.005355555555555558	0.005955555555555557	0.009177777777777776	0.009077777777777768	0.0169	0.018566666666666665	0.025244444444444448	0.02837777777777778	0.03411111111111112	0.040677777777777785	0.0481	0.05911111111111111	0.06958888888888888	0.07932222222222222	0.09106666666666667	0.1002777777777778	0.1110888888888889	0.12145555555555558	0.1352888888888889	0.1522888888888889	0.16856666666666667	0.18927777777777777	0.21056666666666665	0.2332	0.25425555555555557	0.2782555555555556	0.30191111111111113	0.3186333333333334	Growth with spermine treatment, no supplementation.
E8	0.0016666666666666728	0.0014777777777777816	0.0012888888888888904	0.0011666666666666676	0.0011666666666666676	0.0021555555555555586	0.000988888888888891	0.000988888888888891	0.0	4.444444444445805e-05	0.001422222222222232	0.0032444444444444573	0.004966666666666665	0.008611111111111106	0.013555555555555552	0.01995555555555556	0.02361111111111112	0.024088888888888892	0.02576666666666666	0.026899999999999997	0.026011111111111113	0.028144444444444455	0.025933333333333346	0.03135555555555556	0.030722222222222224	0.032400000000000005	0.029577777777777776	0.025333333333333336	0.028766666666666652	0.031966666666666664	0.037466666666666655	0.039066666666666666	0.04358888888888889	0.045022222222222234	0.04540000000000002	0.04567777777777779	0.053222222222222226	0.0576888888888889	0.06883333333333334	0.07964444444444445	0.09499999999999999	0.10307777777777777	0.11085555555555554	0.11948888888888887	0.12886666666666666	0.13853333333333331	0.14775555555555556	0.15897777777777777	0.17063333333333333	0.1858222222222222	0.2018444444444444	0.22185555555555556	0.24334444444444445	0.2678444444444445	0.29342222222222225	0.31007777777777784	0.34122222222222226	0.3727888888888889	0.42042222222222225	0.4595666666666667	0.4885111111111111	Growth with alanine supplementation, no spermine treatment.
E9	0.000844444444444444	0.000422222222222222	0.0	0.0	0.0	0.0	0.0	0.0	0.0	0.0	0.00027777777777777496	0.00027777777777777496	0.00027777777777777496	0.0	0.0	0.0	0.00054444444444444	0.0015888888888888897	0.0037333333333333294	0.0070666666666666655	0.006022222222222216	0.0066555555555555534	0.006477777777777777	0.010088888888888889	0.012788888888888886	0.013733333333333339	0.014911111111111116	0.014900000000000016	0.019033333333333336	0.021666666666666678	0.0243	0.02526666666666667	0.029788888888888893	0.03052222222222224	0.03133333333333335	0.03204444444444446	0.038222222222222234	0.04272222222222224	0.050633333333333336	0.05814444444444444	0.06869999999999998	0.07487777777777777	0.08268888888888888	0.08952222222222223	0.09856666666666668	0.10740000000000001	0.11605555555555558	0.1257777777777778	0.13673333333333335	0.14958888888888885	0.16144444444444442	0.1735888888888889	0.18694444444444447	0.20147777777777778	0.21662222222222227	0.2190777777777778	0.23622222222222222	0.2533222222222222	0.2873222222222222	0.3099	0.3270111111111111	Growth with low glutamate supplementation and spermine treatment.
E10	0.0018555555555555547	0.0018555555555555547	0.0018555555555555547	0.0	0.0	0.0002777777777777842	0.0002777777777777842	0.0002777777777777842	0.0	0.0	0.0	0.0	0.000733333333333345	0.0026444444444444584	0.004100000000000011	0.0038555555555555565	0.003044444444444442	0.002966666666666664	0.0036888888888888896	0.004266666666666669	0.005011111111111115	0.005177777777777781	0.004566666666666663	0.004888888888888897	0.007433333333333338	0.0099888888888889	0.011122222222222219	0.011933333333333324	0.014877777777777768	0.01584444444444444	0.01571111111111111	0.014333333333333337	0.017977777777777777	0.021844444444444434	0.024888888888888877	0.026611111111111103	0.028244444444444444	0.032344444444444446	0.03473333333333333	0.037011111111111106	0.03988888888888888	0.04356666666666666	0.04922222222222222	0.05332222222222222	0.05826666666666667	0.06286666666666667	0.0673888888888889	0.07557777777777779	0.08294444444444445	0.09078888888888888	0.09657777777777778	0.1073	0.11582222222222223	0.12492222222222223	0.12938888888888891	0.14133333333333334	0.15250000000000002	0.16554444444444447	0.17725555555555558	0.1917444444444444	0.2031666666666667	Growth with high glutamate supplementation and spermine treatment.
E11	0.008877777777777776	0.008477777777777773	0.0069555555555555525	0.001122222222222219	0.0	0.0011000000000000038	0.005155555555555562	0.005155555555555562	0.004055555555555558	0.0	0.0020777777777777804	0.002511111111111112	0.003622222222222226	0.006511111111111116	0.008966666666666673	0.01	0.00791111111111111	0.006455555555555548	0.007811111111111102	0.01004444444444443	0.011266666666666661	0.016088888888888892	0.017600000000000005	0.02333333333333334	0.02546666666666667	0.02846666666666667	0.030766666666666664	0.03108888888888889	0.036166666666666666	0.040122222222222226	0.044566666666666664	0.047444444444444435	0.05077777777777776	0.0587111111111111	0.06426666666666665	0.07362222222222221	0.0830111111111111	0.09200000000000001	0.10317777777777777	0.1127111111111111	0.12774444444444444	0.14231111111111114	0.15923333333333334	0.17913333333333334	0.20443333333333336	0.23018888888888892	0.2568666666666667	0.28524444444444447	0.3148777777777778	0.3445666666666667	0.37014444444444444	0.39511111111111114	0.4253333333333334	0.4615222222222222	0.5049777777777779	0.5577444444444445	0.6143	0.6665777777777778	0.716211111111111	0.7778999999999999	0.8295777777777777	Growth with low glutamate supplementation, no spermine treatment.
E12	0.000422222222222222	0.000422222222222222	0.000422222222222222	0.0	0.0	0.0	0.0	0.0	0.0	0.0	0.0	0.0	0.0	0.0	0.0	0.0	0.0	0.0	0.0	0.0	0.0	0.0	0.0	0.0	0.0	0.0	0.0	0.0	0.0	0.0	0.0	0.0	0.0	0.0	0.0	0.0	0.0	0.0	0.0	0.0	0.0	0.0	0.0	0.0	0.0	0.0	0.0	0.0	0.0	0.0	0.0	0.0	0.0	0.0	0.0	0.0	0.0	0.0	0.0	0.0	0.0	Media control
F1	0.004399999999999997	0.0065333333333333216	0.009522222222222215	0.0243	0.0296888888888889	0.02765555555555556	0.011466666666666672	0.00416666666666667	0.006411111111111117	0.00630000000000001	0.01230000000000001	0.016088888888888892	0.020255555555555565	0.019066666666666673	0.017855555555555565	0.014866666666666662	0.01315555555555555	0.011266666666666661	0.010566666666666669	0.014333333333333337	0.017833333333333343	0.021777777777777795	0.024833333333333346	0.026344444444444448	0.03664444444444444	0.03688888888888888	0.04239999999999999	0.039722222222222214	0.04645555555555555	0.051222222222222225	0.05932222222222222	0.06784444444444444	0.07603333333333333	0.07571111111111112	0.0761	0.07716666666666666	0.09083333333333334	0.09784444444444444	0.11200000000000003	0.12153333333333334	0.13844444444444445	0.1493888888888889	0.1607111111111111	0.17296666666666669	0.18646666666666664	0.20334444444444444	0.21935555555555555	0.23506666666666667	0.24856666666666663	0.26405555555555554	0.2845333333333333	0.30743333333333334	0.3324777777777778	0.35742222222222225	0.3846222222222222	0.3923444444444444	0.4226888888888889	0.4560666666666666	0.5129444444444444	0.5470999999999999	0.5686888888888889	Growth with spermine treatment, no supplementation.
F2	0.006444444444444447	0.0052777777777777745	0.0024444444444444388	0.003822222222222222	0.004855555555555553	0.008844444444444441	0.010988888888888881	0.009733333333333325	0.009655555555555547	0.008255555555555544	0.010166666666666657	0.009833333333333328	0.009244444444444444	0.007866666666666666	0.007811111111111106	0.007255555555555552	0.007300000000000001	0.005411111111111107	0.005611111111111104	0.008533333333333323	0.012044444444444446	0.014700000000000013	0.01670000000000002	0.019622222222222235	0.029344444444444447	0.034899999999999994	0.04321111111111111	0.05097777777777777	0.06011111111111111	0.06776666666666666	0.0743888888888889	0.08913333333333333	0.10492222222222221	0.11563333333333332	0.1185888888888889	0.12298888888888888	0.13576666666666667	0.14986666666666668	0.17135555555555557	0.18957777777777776	0.2146222222222222	0.2348888888888889	0.26411111111111113	0.2927444444444444	0.32335555555555556	0.3537888888888889	0.38863333333333333	0.4278888888888888	0.4647666666666666	0.5062777777777777	0.5505111111111111	0.6054666666666667	0.6625	0.7261000000000001	0.7909777777777777	0.8422222222222221	0.9081777777777776	0.9772222222222222	1.067522222222222	1.1492666666666667	1.2047999999999999	Growth with high glutamate supplementation, no spermine treatment.
F3	0.0014444444444444426	0.0014444444444444426	0.0014444444444444426	0.0014888888888888868	0.004466666666666665	0.0062555555555555515	0.005299999999999995	0.005433333333333322	0.006988888888888878	0.009888888888888878	0.015377777777777773	0.02023333333333333	0.02223333333333333	0.019844444444444442	0.018044444444444446	0.020822222222222218	0.0203	0.019355555555555546	0.01574444444444444	0.016477777777777775	0.015200000000000005	0.019622222222222232	0.021877777777777774	0.025922222222222218	0.02568888888888889	0.027544444444444444	0.031077777777777784	0.030955555555555556	0.03235555555555556	0.032299999999999995	0.03834444444444444	0.04171111111111111	0.046000000000000006	0.0444	0.04414444444444445	0.047055555555555566	0.055766666666666666	0.05896666666666667	0.06598888888888889	0.07252222222222222	0.08447777777777776	0.09306666666666667	0.10198888888888889	0.11423333333333334	0.12405555555555554	0.13915555555555553	0.15387777777777775	0.1726222222222222	0.18976666666666664	0.20751111111111112	0.22501111111111113	0.24482222222222225	0.2675	0.2944111111111111	0.3274333333333333	0.3541111111111111	0.3945666666666667	0.4321	0.4805	0.5179999999999999	0.5435555555555555	Growth with alanine supplementation and spermine treatment.
F4	0.0043777777777777764	0.01077777777777777	0.01852222222222222	0.022800000000000004	0.024144444444444458	0.023388888888888893	0.02176666666666667	0.020133333333333333	0.01948888888888889	0.017422222222222214	0.01881111111111111	0.019433333333333334	0.02283333333333334	0.023711111111111117	0.025077777777777782	0.023122222222222225	0.0217	0.020822222222222218	0.020677777777777778	0.020244444444444443	0.019066666666666673	0.020022222222222223	0.02051111111111111	0.019622222222222218	0.01838888888888889	0.018511111111111107	0.020577777777777775	0.01972222222222222	0.019788888888888884	0.018733333333333324	0.020611111111111097	0.020611111111111104	0.021166666666666663	0.019099999999999995	0.017477777777777776	0.015622222222222223	0.017766666666666667	0.0171	0.01908888888888889	0.01905555555555555	0.020811111111111103	0.020033333333333323	0.01968888888888888	0.01916666666666666	0.01872222222222222	0.01855555555555555	0.018744444444444442	0.019355555555555546	0.019599999999999992	0.019911111111111105	0.019577777777777777	0.01898888888888889	0.018799999999999994	0.018944444444444434	0.019333333333333327	0.01741111111111111	0.01733333333333334	0.01696666666666667	0.0188	0.018799999999999997	0.018788888888888886	Media control
F5	0.0021333333333333204	0.006722222222222217	0.00733333333333334	0.01205555555555557	0.011655555555555563	0.010877777777777778	0.005955555555555552	0.0049111111111111065	0.008599999999999997	0.013777777777777778	0.012766666666666667	0.01525555555555555	0.01003333333333333	0.011422222222222231	0.007577777777777794	0.010800000000000004	0.010377777777777772	0.013066666666666666	0.010944444444444456	0.013500000000000003	0.014433333333333331	0.021066666666666664	0.02307777777777778	0.028077777777777785	0.02950000000000001	0.03414444444444445	0.03696666666666667	0.045099999999999994	0.04718888888888889	0.05082222222222222	0.04972222222222223	0.05687777777777778	0.06541111111111113	0.08026666666666667	0.09188888888888891	0.10245555555555556	0.10704444444444444	0.11839999999999999	0.12673333333333334	0.14105555555555557	0.15023333333333333	0.1681666666666667	0.18487777777777778	0.20854444444444445	0.2315555555555556	0.2591666666666667	0.28856666666666664	0.31974444444444444	0.3540888888888889	0.38516666666666666	0.4209333333333334	0.4579666666666667	0.5010666666666667	0.5453555555555556	0.5948777777777777	0.6665111111111112	0.7189555555555556	0.7767444444444446	0.8211555555555555	0.8872444444444444	0.9282777777777778	Growth with low glutamate supplementation, no spermine treatment.
F6	0.0	0.0	0.0	0.0	0.0	0.0	0.0	0.0	0.0	0.0	0.0	0.0	0.0	0.0	0.0	0.0	0.0	0.0	0.0	0.001933333333333324	0.0030555555555555522	0.0030555555555555522	0.0026444444444444493	0.0023555555555555643	0.004200000000000009	0.002966666666666673	0.003455555555555545	0.0049444444444444275	0.008244444444444443	0.010077777777777788	0.011300000000000004	0.012511111111111103	0.014166666666666652	0.01575555555555555	0.016733333333333333	0.018411111111111118	0.02204444444444445	0.02615555555555556	0.031755555555555544	0.03618888888888889	0.042811111111111105	0.05131111111111111	0.058533333333333326	0.06782222222222223	0.07674444444444445	0.08964444444444446	0.10143333333333333	0.11310000000000002	0.12325555555555556	0.13594444444444445	0.15206666666666668	0.1709777777777778	0.19086666666666666	0.21191111111111108	0.23328888888888888	0.24857777777777776	0.2740111111111111	0.3027111111111111	0.33755555555555555	0.36452222222222225	0.3817888888888889	Growth with alanine supplementation, no spermine treatment.
F7	0.0	0.0	0.0	0.0	0.0	0.0	0.0	0.0	0.0	5.555555555555869e-05	5.555555555555869e-05	0.0010111111111111108	0.0030111111111111124	0.006022222222222225	0.008788888888888893	0.010555555555555549	0.012922222222222215	0.015144444444444433	0.0152111111111111	0.01683333333333332	0.01721111111111111	0.021822222222222225	0.022211111111111115	0.0252888888888889	0.025466666666666676	0.0273	0.028588888888888876	0.037777777777777764	0.04944444444444445	0.06001111111111112	0.06593333333333333	0.07024444444444443	0.07253333333333332	0.07805555555555556	0.08246666666666667	0.09267777777777779	0.10007777777777778	0.11095555555555554	0.11882222222222222	0.12795555555555554	0.13874444444444445	0.15427777777777776	0.17	0.18675555555555556	0.20301111111111111	0.22294444444444447	0.24439999999999998	0.2662	0.28848888888888885	0.3096111111111111	0.33369999999999994	0.3592444444444445	0.3880333333333333	0.41911111111111116	0.45078888888888885	0.48067777777777776	0.5126444444444443	0.549611111111111	0.5943888888888889	0.6397222222222222	0.6694222222222223	Baseline growth with no supplementation or treatment.
F8	0.0	0.0	0.0	0.0	0.0	0.0	0.0	0.0	0.0	0.0	0.0	0.0	0.0	0.0	0.0	0.0	0.0	0.0	0.0	0.0008999999999999934	0.0008999999999999934	0.002511111111111103	0.002433333333333334	0.005644444444444442	0.005455555555555556	0.006988888888888878	0.006433333333333319	0.009155555555555537	0.012244444444444428	0.016166666666666652	0.01893333333333333	0.02264444444444444	0.02575555555555555	0.029666666666666657	0.030888888888888893	0.0335	0.040544444444444445	0.049077777777777776	0.05867777777777778	0.06501111111111112	0.0748888888888889	0.08743333333333332	0.10131111111111112	0.11964444444444444	0.13806666666666667	0.15735555555555558	0.1741222222222222	0.19210000000000002	0.2126	0.23314444444444446	0.25504444444444446	0.2799333333333333	0.3075888888888889	0.33805555555555555	0.3671555555555555	0.38587777777777776	0.41723333333333334	0.4518111111111111	0.4998555555555555	0.5392333333333332	0.5667444444444444	Growth with spermine treatment, no supplementation.
F9	0.0012222222222222218	0.0029555555555555494	0.0029555555555555494	0.0017333333333333274	0.0	0.0	0.0002444444444444453	0.0002444444444444453	0.0002444444444444453	0.0	0.0	0.0	0.0	0.0	0.0	0.0	0.0	0.0	0.0	0.0	0.0	0.0	0.0	0.0	0.0	0.0	0.0	0.0	0.0	0.0	0.0	0.0	0.0	0.0	0.0	0.0	0.0	0.0	0.0	0.0	0.0	0.0	0.0	0.0	0.0	0.0	0.0	0.0	0.0	0.0	0.0	0.0	0.0	0.0	0.0	0.0	0.0	0.0	0.0	0.0	0.0	Media control
F10	0.0	0.0	0.0	0.0	0.0	0.0	0.0	0.0	0.0	0.0	0.0	0.0	0.0	0.0	0.0	0.0	0.0	0.0	0.0	0.0	0.0	0.0	0.0	0.0	0.0008222222222222242	0.0008222222222222242	0.0008222222222222242	0.0	0.000833333333333334	0.0008777777777777829	0.0012111111111111166	0.0006666666666666765	0.0012444444444444462	0.0025444444444444416	0.0022555555555555475	0.004177777777777771	0.0038111111111111076	0.007211111111111103	0.008266666666666672	0.010377777777777783	0.01252222222222224	0.014333333333333337	0.017722222222222233	0.01988888888888889	0.02266666666666668	0.02446666666666668	0.0265888888888889	0.029077777777777786	0.03294444444444444	0.037122222222222216	0.040811111111111104	0.045533333333333335	0.049688888888888894	0.056322222222222225	0.06038888888888888	0.0721	0.07863333333333333	0.08664444444444445	0.0888222222222222	0.09694444444444444	0.10336666666666668	Growth with low glutamate supplementation and spermine treatment.
F11	0.0	0.0006666666666666673	0.002355555555555555	0.005588888888888889	0.004922222222222221	0.005288888888888894	0.006455555555555557	0.010111111111111118	0.010066666666666668	0.007455555555555558	0.007666666666666669	0.009077777777777782	0.011211111111111125	0.011155555555555566	0.012966666666666673	0.01235555555555555	0.01314444444444444	0.012622222222222224	0.014844444444444452	0.017033333333333334	0.02014444444444444	0.02114444444444444	0.02243333333333333	0.02235555555555555	0.0246111111111111	0.02783333333333333	0.031911111111111105	0.03719999999999999	0.03915555555555555	0.042699999999999995	0.0447	0.04752222222222222	0.047011111111111115	0.051322222222222214	0.057477777777777773	0.06835555555555556	0.0741	0.0837	0.08595555555555556	0.09106666666666667	0.09271111111111112	0.10206666666666668	0.11195555555555554	0.12218888888888889	0.13064444444444442	0.13837777777777777	0.1479111111111111	0.16116666666666665	0.1765888888888889	0.19306666666666664	0.20991111111111113	0.2293333333333333	0.24949999999999997	0.27163333333333334	0.2925111111111111	0.34913333333333335	0.37681111111111115	0.40747777777777777	0.4083444444444444	0.44095555555555555	0.4640222222222223	Baseline growth with no supplementation or treatment.
F12	0.0038444444444444372	0.003511111111111113	0.0018000000000000054	0.002822222222222226	0.0014444444444444426	0.003377777777777776	0.005566666666666664	0.0121	0.010166666666666666	0.008766666666666673	0.004777777777777779	0.007033333333333326	0.008366666666666661	0.012966666666666663	0.017733333333333334	0.021355555555555555	0.02466666666666666	0.024922222222222224	0.02545555555555555	0.024422222222222217	0.024011111111111105	0.02402222222222222	0.021433333333333332	0.024188888888888888	0.024955555555555554	0.02891111111111112	0.031233333333333335	0.033311111111111104	0.033299999999999996	0.032233333333333336	0.03315555555555557	0.03503333333333334	0.038033333333333336	0.038788888888888894	0.03990000000000001	0.04117777777777778	0.047844444444444446	0.051822222222222214	0.05920000000000001	0.06471111111111111	0.0721888888888889	0.07778888888888891	0.08392222222222223	0.09072222222222222	0.09802222222222222	0.10413333333333334	0.11193333333333333	0.1204111111111111	0.13085555555555556	0.14094444444444446	0.15103333333333332	0.16325555555555557	0.17544444444444443	0.19118888888888888	0.2044222222222222	0.2166888888888889	0.2338888888888889	0.2515	0.27458888888888894	0.2914333333333333	0.3050333333333333	Growth with high glutamate supplementation and spermine treatment.
G1	0.005544444444444445	0.007477777777777773	0.010055555555555548	0.00631111111111111	0.00581111111111111	0.0077888888888888825	0.0077888888888888825	0.011433333333333323	0.009522222222222218	0.010688888888888881	0.006433333333333328	0.005066666666666659	0.0061777777777777725	0.009133333333333327	0.009644444444444433	0.014155555555555546	0.014866666666666662	0.01997777777777777	0.021311111111111104	0.025133333333333327	0.02657777777777778	0.028733333333333336	0.02983333333333334	0.029822222222222233	0.02454444444444445	0.024133333333333326	0.020144444444444437	0.018211111111111098	0.012577777777777771	0.009299999999999989	0.009022222222222214	0.004799999999999994	0.004688888888888886	0.0046666666666666705	0.007255555555555561	0.008388888888888895	0.005666666666666671	0.0033000000000000065	0.0009555555555555614	0.0018444444444444448	0.0025222222222222174	0.005788888888888885	0.005611111111111108	0.005811111111111105	0.0046222222222222125	0.005522222222222206	0.007033333333333326	0.0069222222222222185	0.008333333333333337	0.00977777777777778	0.010111111111111118	0.009200000000000005	0.00816666666666667	0.008099999999999996	0.007411111111111109	0.008122222222222216	0.006944444444444438	0.008322222222222222	0.006588888888888894	0.007466666666666677	0.007200000000000008	Media control
G2	0.00367777777777778	0.003744444444444439	0.0036222222222222164	0.005733333333333326	0.008733333333333324	0.010244444444444426	0.010088888888888875	0.006033333333333321	0.007722222222222218	0.005788888888888885	0.00976666666666666	0.007333333333333326	0.007777777777777772	0.006699999999999998	0.009644444444444436	0.009255555555555545	0.008199999999999994	0.004011111111111104	0.0029777777777777736	0.001999999999999988	0.002144444444444444	0.0028666666666666792	0.006366666666666687	0.008788888888888902	0.015277777777777784	0.0165	0.024344444444444446	0.029944444444444437	0.03854444444444444	0.04369999999999998	0.04905555555555554	0.057233333333333324	0.06612222222222221	0.07836666666666665	0.08855555555555557	0.09805555555555556	0.10609999999999999	0.116	0.12448888888888889	0.13257777777777777	0.14218888888888886	0.15565555555555555	0.1735111111111111	0.19274444444444447	0.2152888888888889	0.23738888888888887	0.2610333333333333	0.28405555555555556	0.3084	0.33464444444444447	0.3623111111111111	0.38976666666666665	0.41779999999999995	0.4497	0.4835444444444444	0.5250555555555555	0.5669777777777778	0.6152888888888888	0.6615555555555556	0.7126	0.7460333333333334	Baseline growth with no supplementation or treatment.
G3	0.005444444444444442	0.005377777777777777	0.004577777777777778	0.0007333333333333358	0.0	0.0002888888888888848	0.00395555555555555	0.00395555555555555	0.0036666666666666653	0.0	5.555555555555406e-05	0.0003999999999999976	0.004044444444444438	0.00633333333333333	0.009811111111111104	0.00845555555555555	0.008133333333333334	0.006211111111111112	0.003922222222222225	0.0030777777777777674	0.0018555555555555502	0.0023666666666666697	0.003566666666666681	0.005588888888888903	0.012644444444444453	0.017700000000000004	0.025077777777777786	0.029777777777777778	0.03727777777777778	0.0416	0.04535555555555556	0.049733333333333324	0.05568888888888888	0.057666666666666665	0.05842222222222223	0.06048888888888888	0.07216666666666667	0.0803	0.09302222222222223	0.1012111111111111	0.11522222222222221	0.12432222222222222	0.1367777777777778	0.1501777777777778	0.1655888888888889	0.1833888888888889	0.1995	0.22085555555555555	0.24086666666666667	0.2642777777777778	0.2920444444444445	0.32006666666666667	0.35319999999999996	0.38549999999999995	0.4245444444444444	0.4448888888888889	0.4812444444444444	0.5170888888888888	0.5735555555555556	0.6161	0.6450333333333332	Growth with spermine treatment, no supplementation.
G4	0.0	0.0	0.0	0.0	0.0007222222222222213	0.0007222222222222213	0.0007222222222222213	0.0	0.0	0.0	0.0	0.0	0.0	0.0	0.0	0.0	0.0009888888888889003	0.0014888888888889053	0.0014888888888889053	0.0038555555555555565	0.006766666666666661	0.008299999999999993	0.008188888888888884	0.00838888888888889	0.010855555555555558	0.012177777777777779	0.015166666666666656	0.023299999999999984	0.031522222222222215	0.035244444444444446	0.03593333333333334	0.03773333333333334	0.04318888888888891	0.05024444444444446	0.05467777777777779	0.06118888888888888	0.06464444444444445	0.07341111111111111	0.08056666666666666	0.08956666666666667	0.09923333333333334	0.11216666666666668	0.12459999999999999	0.1383	0.15455555555555556	0.1748777777777778	0.1952666666666667	0.2138111111111111	0.23065555555555553	0.25018888888888885	0.27366666666666667	0.3002222222222222	0.32417777777777773	0.3483222222222222	0.37408888888888886	0.4030777777777778	0.43650000000000005	0.4692888888888889	0.5052111111111112	0.5396444444444445	0.5652555555555557	Growth with alanine supplementation and spermine treatment.
G5	0.017877777777777784	0.016977777777777786	0.01095555555555556	0.007555555555555561	0.006322222222222215	0.008833333333333318	0.007955555555555535	0.005533333333333316	0.0040111111111111085	0.003844444444444451	0.004144444444444455	0.005844444444444444	0.0090111111111111	0.010199999999999987	0.011699999999999988	0.013566666666666657	0.0165	0.020477777777777786	0.02254444444444446	0.03031111111111112	0.036688888888888896	0.041166666666666664	0.04152222222222222	0.04355555555555555	0.050588888888888885	0.05731111111111111	0.0617	0.06153333333333332	0.06128888888888889	0.06207777777777779	0.0713	0.08306666666666666	0.09572222222222222	0.10591111111111112	0.11824444444444447	0.13088888888888892	0.14407777777777783	0.15534444444444448	0.16856666666666667	0.18423333333333333	0.20243333333333333	0.22556666666666667	0.2505	0.2796	0.30785555555555555	0.33997777777777777	0.37586666666666674	0.41394444444444445	0.45245555555555556	0.4901555555555556	0.5347333333333334	0.584288888888889	0.6354111111111111	0.6923888888888889	0.7527555555555555	0.8066111111111111	0.8753666666666665	0.9457888888888889	1.0333777777777777	1.1053777777777778	1.1544222222222222	Growth with high glutamate supplementation, no spermine treatment.
G6	0.015699999999999995	0.010411111111111116	0.004855555555555562	0.0022444444444444565	0.004466666666666674	0.004466666666666674	0.0024888888888888925	0.0	0.0	0.0	0.0	0.0	0.0	0.0	0.0	0.0	0.0	0.0009777777777777812	0.0010999999999999992	0.004066666666666653	0.0030888888888888724	0.004166666666666661	0.004055555555555562	0.007788888888888901	0.010566666666666669	0.012733333333333327	0.015422222222222207	0.01934444444444443	0.025011111111111112	0.030244444444444452	0.03593333333333334	0.037177777777777775	0.04069999999999999	0.044955555555555554	0.049966666666666666	0.05674444444444446	0.06514444444444446	0.07432222222222223	0.08365555555555555	0.09245555555555555	0.10681111111111112	0.12191111111111112	0.13523333333333334	0.1513555555555556	0.16704444444444447	0.1870777777777778	0.20646666666666666	0.224	0.24052222222222222	0.2566111111111111	0.27563333333333334	0.29607777777777783	0.3085333333333334	0.29481111111111113	0.2736888888888889	0.2648444444444445	0.2910777777777778	0.29981111111111114	0.34298888888888895	0.32305555555555554	0.32128888888888885	Growth with low glutamate supplementation, no spermine treatment.
G7	0.001955555555555553	0.0009777777777777764	0.0	0.0	0.0	0.0	0.0	0.0	0.0	0.000422222222222222	0.000422222222222222	0.000422222222222222	0.0	0.0	0.0	0.0	0.000566666666666669	0.0030333333333333414	0.005544444444444445	0.010711111111111107	0.011388888888888884	0.012088888888888899	0.00884444444444446	0.009744444444444453	0.009288888888888902	0.009688888888888894	0.00896666666666667	0.011022222222222211	0.015544444444444435	0.020099999999999996	0.023400000000000004	0.026144444444444453	0.028522222222222237	0.029033333333333345	0.027988888888888907	0.027900000000000008	0.03521111111111111	0.038744444444444436	0.04707777777777777	0.051811111111111106	0.06175555555555556	0.0693	0.07561111111111112	0.08244444444444445	0.08979999999999999	0.09802222222222222	0.10765555555555555	0.1159	0.12546666666666664	0.13407777777777777	0.14547777777777776	0.15713333333333332	0.16952222222222224	0.18085555555555555	0.19528888888888887	0.18887777777777773	0.2027	0.21634444444444445	0.25535555555555556	0.2793	0.29694444444444446	Growth with low glutamate supplementation and spermine treatment.
G8	0.0	0.0	0.0	0.0	0.0	0.0	0.0	0.0	0.0	0.0	0.0	0.0	0.0	0.0	0.0	0.0	0.0	0.0	0.0	0.0	0.0	0.0	0.0	0.0	0.0	0.0	0.0	0.0	0.0	0.0	0.0	0.0	0.0	0.0	0.0	0.0	0.0	0.0	0.0013333333333333346	0.0031999999999999993	0.005888888888888888	0.009833333333333333	0.01361111111111111	0.020177777777777784	0.02723333333333333	0.03465555555555555	0.04048888888888888	0.0452	0.05143333333333334	0.05767777777777777	0.06687777777777777	0.07683333333333332	0.08865555555555554	0.09978888888888887	0.11012222222222219	0.11137777777777776	0.12536666666666668	0.14234444444444447	0.17255555555555557	0.19173333333333334	0.20571111111111115	Growth with alanine supplementation and spermine treatment.
G9	0.0	0.0	0.0	0.0	0.0	0.0006444444444444475	0.0006444444444444475	0.0006444444444444475	0.0	0.0	0.0	0.0	0.0	0.0	0.0	0.0	0.0	0.0	0.0	0.0	0.0	0.00016666666666666682	0.00016666666666666682	0.001144444444444448	0.0019111111111111134	0.0044999999999999945	0.006677777777777764	0.006566666666666647	0.00633333333333332	0.005611111111111104	0.006911111111111108	0.008466666666666659	0.009411111111111101	0.013044444444444433	0.01568888888888888	0.019922222222222213	0.023033333333333322	0.02695555555555555	0.030266666666666664	0.034877777777777785	0.039666666666666676	0.045777777777777785	0.05212222222222223	0.05984444444444446	0.06833333333333334	0.07704444444444446	0.08754444444444444	0.09896666666666665	0.11035555555555554	0.12196666666666665	0.13395555555555558	0.14742222222222223	0.16014444444444445	0.17662222222222224	0.19214444444444445	0.20775555555555555	0.22493333333333332	0.2470111111111111	0.27245555555555556	0.2978222222222222	0.31478888888888884	Growth with alanine supplementation and spermine treatment.
G10	0.001822222222222225	0.0009111111111111125	0.0	0.0013111111111111101	0.002822222222222221	0.0061666666666666675	0.006700000000000002	0.006077777777777775	0.006188888888888883	0.006322222222222211	0.00898888888888888	0.009444444444444441	0.010799999999999995	0.010311111111111113	0.01003333333333333	0.009611111111111107	0.009211111111111106	0.008911111111111111	0.008777777777777782	0.007000000000000006	0.005444444444444446	0.003899999999999996	0.005544444444444435	0.005377777777777769	0.0067777777777777715	0.0068999999999999895	0.007577777777777767	0.005099999999999984	0.0033666666666666567	0.0030111111111111033	0.005211111111111111	0.006766666666666661	0.0064444444444444375	0.005744444444444441	0.004388888888888887	0.0033888888888888857	0.004333333333333328	0.003988888888888893	0.004866666666666676	0.004477777777777793	0.004833333333333347	0.0053111111111111275	0.004055555555555572	0.004977777777777794	0.005133333333333351	0.00677777777777779	0.007311111111111111	0.007599999999999986	0.006655555555555535	0.005766666666666652	0.00478888888888888	0.004388888888888896	0.004511111111111123	0.0034888888888889025	0.0033111111111111167	0.0014888888888888914	0.002533333333333332	0.0032777777777777775	0.004155555555555551	0.0037555555555555584	0.002988888888888893	Media control
G11	0.000833333333333334	0.0016555555555555583	0.0030444444444444516	0.004055555555555567	0.003233333333333343	0.0018444444444444495	0.0030111111111111124	0.006466666666666667	0.010855555555555554	0.013022222222222221	0.013422222222222233	0.012644444444444467	0.009466666666666687	0.008644444444444455	0.007133333333333334	0.005311111111111109	0.0032444444444444387	0.0027111111111111086	0.005211111111111111	0.005566666666666674	0.006144444444444462	0.006066666666666692	0.007311111111111129	0.008211111111111113	0.009811111111111112	0.010599999999999998	0.012544444444444441	0.013033333333333322	0.01576666666666666	0.01687777777777778	0.01891111111111111	0.020100000000000007	0.020911111111111113	0.02217777777777777	0.023455555555555545	0.026422222222222208	0.029866666666666663	0.034255555555555546	0.03753333333333333	0.04201111111111111	0.04689999999999999	0.0530111111111111	0.058122222222222214	0.06621111111111112	0.0737	0.08297777777777778	0.09017777777777776	0.09823333333333333	0.10538888888888888	0.11346666666666666	0.12302222222222221	0.1342888888888889	0.1466777777777778	0.16062222222222222	0.17354444444444447	0.1904888888888889	0.20486666666666667	0.22367777777777778	0.2387888888888889	0.25912222222222225	0.2716888888888889	Growth with high glutamate supplementation and spermine treatment.
G12	0.008477777777777784	0.007788888888888896	0.006333333333333339	0.003911111111111111	0.0018777777777777744	0.0006111111111111086	0.0	0.0	0.0	0.0	0.0	0.0	0.002966666666666664	0.005533333333333325	0.012033333333333321	0.013044444444444433	0.017699999999999994	0.01726666666666667	0.02157777777777779	0.0198888888888889	0.020844444444444454	0.017411111111111117	0.017444444444444446	0.01624444444444444	0.016866666666666665	0.01748888888888889	0.018855555555555556	0.01937777777777777	0.019322222222222213	0.02093333333333333	0.02255555555555556	0.024966666666666665	0.023799999999999998	0.026655555555555547	0.02806666666666666	0.03178888888888888	0.03043333333333333	0.0323	0.03186666666666666	0.03657777777777777	0.039133333333333326	0.04356666666666666	0.04678888888888888	0.05174444444444443	0.05838888888888888	0.06401111111111112	0.06908888888888888	0.07533333333333332	0.08446666666666665	0.09475555555555555	0.10647777777777777	0.11531111111111113	0.12573333333333334	0.1353555555555556	0.1459777777777778	0.16014444444444445	0.17095555555555556	0.18516666666666667	0.19795555555555555	0.21747777777777777	0.23192222222222222	Growth with alanine supplementation, no spermine treatment.
H1	0.013000000000000003	0.0065000000000000014	0.0	0.0	0.0	0.0	0.0	0.0	0.0	0.0	0.0	0.0	0.0	0.0	0.0	0.0	0.0	0.0	0.0	0.0	0.0	0.0	0.0	0.0	0.0	0.0	0.00017777777777778134	0.0014111111111111084	0.005377777777777769	0.011033333333333317	0.017055555555555543	0.02299999999999999	0.027555555555555545	0.030933333333333337	0.03352222222222224	0.03708888888888891	0.04506666666666668	0.05206666666666667	0.06025555555555556	0.0651111111111111	0.07125555555555556	0.07672222222222223	0.08621111111111113	0.09554444444444445	0.10665555555555556	0.11782222222222222	0.13046666666666665	0.14838888888888888	0.16106666666666666	0.17637777777777777	0.1890777777777778	0.2071666666666667	0.22566666666666668	0.24489999999999998	0.26734444444444444	0.2924888888888889	0.3193444444444445	0.3462888888888889	0.37375555555555556	0.4021333333333333	0.4216666666666667	Baseline growth with no supplementation or treatment.
H2	0.00971111111111111	0.006144444444444443	0.004322222222222218	0.004899999999999992	0.00839999999999999	0.009744444444444436	0.01618888888888888	0.017199999999999993	0.02022222222222222	0.025055555555555557	0.03236666666666667	0.041466666666666666	0.04614444444444445	0.056600000000000004	0.060644444444444445	0.061288888888888886	0.06246666666666667	0.06414444444444445	0.0661111111111111	0.06766666666666665	0.05374444444444445	0.055533333333333344	0.05813333333333335	0.08265555555555558	0.09431111111111112	0.10010000000000001	0.1067111111111111	0.09064444444444446	0.10304444444444445	0.1144	0.15008888888888888	0.16723333333333334	0.18495555555555554	0.17489999999999997	0.1637222222222222	0.15315555555555554	0.20503333333333332	0.2261	0.28702222222222223	0.31504444444444446	0.38162222222222225	0.41392222222222225	0.4575777777777778	0.4997444444444444	0.5477222222222222	0.5973888888888889	0.6565333333333334	0.7267222222222222	0.8075000000000001	0.9010777777777778	1.0020444444444445	1.1219333333333332	1.2720333333333331	1.4766000000000001	1.757611111111111	2.0349555555555554	2.3179777777777777	2.5037888888888884	2.4793555555555558	2.352133333333333	2.1960666666666664	Growth with low glutamate supplementation, no spermine treatment.
H3	0.0	0.0	0.0	0.0	0.0	0.0	0.0	0.0	0.0	0.0	0.0	0.0	0.0	0.0	0.0	0.0	0.0	0.0	0.0	0.0	0.0	0.0	0.0	9.999999999999824e-05	0.004588888888888892	0.005433333333333336	0.009933333333333341	0.016022222222222233	0.022177777777777786	0.025422222222222225	0.025366666666666666	0.03416666666666667	0.04196666666666668	0.05366666666666667	0.0599	0.06702222222222222	0.06854444444444444	0.07526666666666666	0.08123333333333332	0.09054444444444443	0.09794444444444443	0.10985555555555554	0.12076666666666665	0.13448888888888888	0.14782222222222222	0.1631	0.17815555555555554	0.19637777777777776	0.21362222222222224	0.22999999999999998	0.24839999999999995	0.2715444444444444	0.29846666666666666	0.3242444444444445	0.3498222222222222	0.3832555555555555	0.4146666666666667	0.45083333333333336	0.47994444444444445	0.5134777777777777	0.5334222222222221	Growth with low glutamate supplementation and spermine treatment.
H4	0.016577777777777775	0.008288888888888887	0.0	0.0	0.0	0.0	0.0	0.0	0.0026888888888888887	0.0038666666666666663	0.010388888888888883	0.014822222222222209	0.022477777777777763	0.02207777777777777	0.030844444444444452	0.0309	0.03821111111111111	0.03635555555555555	0.042944444444444445	0.04402222222222222	0.03614444444444445	0.03481111111111112	0.03983333333333333	0.05527777777777778	0.061222222222222226	0.06353333333333334	0.06796666666666666	0.062222222222222213	0.06874444444444446	0.07285555555555556	0.0914666666666667	0.10193333333333333	0.11283333333333334	0.11963333333333333	0.12226666666666668	0.12448888888888887	0.15494444444444444	0.17643333333333333	0.2255	0.2571111111111111	0.3103777777777778	0.35252222222222224	0.4046666666666667	0.4694888888888889	0.5322222222222223	0.6088	0.6749555555555555	0.7660777777777779	0.8469555555555556	0.9525666666666667	1.0653666666666666	1.208411111111111	1.4046	1.620411111111111	1.828288888888889	1.9367555555555553	2.041933333333333	2.0971333333333333	2.100277777777778	2.035711111111111	1.9757222222222222	Growth with low glutamate supplementation, no spermine treatment.
H5	0.0022000000000000027	0.0022000000000000027	0.0022000000000000027	0.0	0.00037777777777778243	0.0007000000000000062	0.005333333333333338	0.006766666666666671	0.00786666666666667	0.0051444444444444515	0.004622222222222222	0.0059888888888888865	0.007244444444444442	0.006744444444444451	0.006411111111111127	0.005166666666666671	0.0043777777777777764	0.001922222222222214	0.0	0.0	0.0	0.0	0.0	0.001966666666666672	0.004322222222222227	0.005500000000000005	0.007266666666666662	0.01572222222222221	0.025877777777777777	0.03405555555555556	0.03310000000000002	0.03293333333333334	0.03223333333333334	0.03900000000000001	0.04453333333333334	0.05218888888888889	0.0555111111111111	0.06493333333333332	0.07049999999999998	0.07824444444444444	0.08261111111111111	0.09242222222222223	0.10210000000000001	0.11262222222222222	0.12545555555555554	0.13983333333333334	0.15638888888888888	0.17104444444444444	0.18595555555555557	0.20146666666666668	0.22129999999999997	0.2430111111111111	0.2654666666666667	0.28734444444444446	0.3127888888888889	0.3482555555555556	0.3766	0.40840000000000004	0.43574444444444443	0.4735777777777777	0.4975888888888888	Growth with spermine treatment, no supplementation.
H6	0.012900000000000003	0.006744444444444446	0.001422222222222223	0.004311111111111117	0.004311111111111117	0.006855555555555559	0.00584444444444443	0.007355555555555541	0.008844444444444433	0.010400000000000001	0.013333333333333327	0.010488888888888881	0.009622222222222207	0.008522222222222217	0.010055555555555548	0.010322222222222214	0.010255555555555546	0.007077777777777776	0.007111111111111114	0.005099999999999993	0.0069111111111111	0.00738888888888888	0.010277777777777775	0.01105555555555556	0.0116	0.012500000000000002	0.014822222222222218	0.011677777777777768	0.009844444444444442	0.009377777777777782	0.012933333333333333	0.013311111111111107	0.014033333333333323	0.01095555555555556	0.010066666666666668	0.009144444444444455	0.010344444444444453	0.00995555555555557	0.009722222222222224	0.010688888888888895	0.013211111111111118	0.011244444444444454	0.012866666666666674	0.011655555555555567	0.011244444444444446	0.009011111111111109	0.00686666666666666	0.00736666666666667	0.007788888888888891	0.01051111111111111	0.010233333333333336	0.008944444444444458	0.009000000000000008	0.011477777777777781	0.012955555555555553	0.01317777777777778	0.012444444444444452	0.010144444444444456	0.010288888888888903	0.01055555555555556	0.01312222222222221	Media control
H7	0.00027777777777777957	0.003700000000000004	0.008199999999999999	0.0084	0.005677777777777772	0.0035333333333333328	0.003211111111111109	0.003355555555555556	0.0017555555555555564	0.0017555555555555564	0.0033222222222222264	0.004488888888888894	0.005500000000000014	0.005111111111111122	0.004144444444444451	0.003311111111111107	0.0031444444444444406	0.00364444444444445	0.004944444444444446	0.0067777777777777715	0.007888888888888881	0.0099888888888889	0.010877777777777792	0.012411111111111123	0.012388888888888894	0.012488888888888891	0.012333333333333326	0.016755555555555534	0.019177777777777755	0.023333333333333317	0.023466666666666663	0.025877777777777777	0.027522222222222236	0.031233333333333346	0.03318888888888891	0.03770000000000001	0.041577777777777776	0.046411111111111104	0.0505111111111111	0.05574444444444444	0.06345555555555556	0.07323333333333333	0.08217777777777778	0.09097777777777778	0.09983333333333333	0.11095555555555554	0.12562222222222222	0.1409	0.15636666666666668	0.1724111111111111	0.19104444444444443	0.21423333333333336	0.23822222222222225	0.2678222222222222	0.29792222222222225	0.32497777777777775	0.35673333333333335	0.39124444444444445	0.4326888888888889	0.4676666666666667	0.4907111111111111	Growth with alanine supplementation and spermine treatment.
H8	0.0	0.0036333333333333404	0.006311111111111119	0.008166666666666674	0.004533333333333334	0.0018555555555555547	0.004366666666666667	0.010222222222222225	0.01632222222222222	0.01674444444444444	0.015644444444444443	0.012444444444444452	0.010066666666666677	0.008911111111111111	0.009411111111111111	0.010877777777777773	0.011244444444444446	0.013277777777777777	0.014044444444444443	0.01787777777777777	0.016655555555555545	0.01682222222222222	0.013411111111111115	0.014244444444444448	0.014288888888888898	0.013822222222222227	0.013533333333333333	0.01642222222222221	0.0200111111111111	0.021199999999999997	0.02093333333333333	0.020144444444444447	0.02248888888888889	0.0267	0.028888888888888898	0.02983333333333334	0.02844444444444445	0.0313111111111111	0.0337111111111111	0.036511111111111105	0.03782222222222222	0.04223333333333334	0.04511111111111111	0.048944444444444436	0.051933333333333324	0.055922222222222207	0.061322222222222215	0.06696666666666666	0.07113333333333334	0.0753111111111111	0.0796111111111111	0.08616666666666667	0.09322222222222225	0.10062222222222222	0.10875555555555556	0.1221111111111111	0.13240000000000002	0.1448777777777778	0.1531888888888889	0.1656666666666667	0.17351111111111114	Growth with high glutamate supplementation and spermine treatment.
H9	0.0	0.0	0.0	0.0	0.0	0.0	0.0	0.0	0.0	0.0	0.0	0.0	0.0	0.0	0.0	0.0	0.0	0.0	0.0	0.0	0.0	0.0	0.0	0.0	0.0	0.0	0.0	0.0	0.00045555555555555166	0.002755555555555548	0.007277777777777772	0.011500000000000002	0.01571111111111111	0.017177777777777774	0.01675555555555555	0.016022222222222215	0.020099999999999996	0.024355555555555557	0.026133333333333342	0.02581111111111113	0.028600000000000014	0.03504444444444446	0.0438888888888889	0.05091111111111113	0.05716666666666668	0.06034444444444446	0.06734444444444444	0.07573333333333333	0.08588888888888886	0.09449999999999999	0.10315555555555556	0.11192222222222221	0.12474444444444444	0.13942222222222223	0.15434444444444448	0.16722222222222224	0.18313333333333334	0.20564444444444444	0.23078888888888885	0.25712222222222225	0.27322222222222226	Growth with alanine supplementation, no spermine treatment.
H10	0.005699999999999997	0.007888888888888885	0.013644444444444445	0.0128888888888889	0.01070000000000001	0.00494444444444445	0.0	0.0	0.0	0.000844444444444444	0.0018666666666666738	0.005544444444444453	0.006066666666666683	0.007377777777777789	0.006633333333333343	0.007577777777777776	0.009211111111111106	0.010677777777777767	0.014444444444444435	0.015899999999999997	0.020244444444444454	0.022700000000000015	0.02667777777777779	0.026977777777777785	0.02834444444444446	0.033733333333333344	0.040311111111111124	0.04856666666666667	0.05333333333333334	0.058977777777777775	0.06597777777777779	0.07356666666666667	0.07634444444444445	0.08011111111111109	0.08635555555555553	0.10268888888888887	0.11310000000000002	0.12568888888888888	0.13360000000000002	0.14704444444444445	0.1591	0.17371111111111107	0.1919222222222222	0.21144444444444446	0.23440000000000003	0.2595444444444444	0.28707777777777777	0.3162	0.3466888888888889	0.3805	0.41258888888888884	0.4473555555555555	0.48477777777777775	0.5254888888888889	0.5670444444444445	0.6177888888888888	0.6710333333333333	0.7280777777777777	0.7832888888888889	0.8393555555555556	0.8764555555555557	Growth with low glutamate supplementation, no spermine treatment.
H11	0.0010222222222222206	0.0009000000000000027	0.0028111111111111162	0.003988888888888899	0.003600000000000006	0.0011777777777777821	0.0	0.0005222222222222203	0.0020111111111111115	0.004022222222222223	0.004888888888888897	0.004011111111111122	0.003966666666666683	0.0042111111111111195	0.004433333333333335	0.004611111111111103	0.004611111111111103	0.004677777777777771	0.002911111111111105	0.004166666666666661	0.004477777777777775	0.006900000000000008	0.006011111111111124	0.007977777777777787	0.006377777777777788	0.006066666666666674	0.004444444444444445	0.005733333333333331	0.006466666666666667	0.0069444444444444475	0.006611111111111114	0.005200000000000001	0.005644444444444442	0.0040777777777777635	0.00372222222222221	0.002755555555555539	0.0029333333333333247	0.0031555555555555412	0.0046999999999999915	0.005344444444444439	0.007799999999999992	0.007444444444444438	0.008022222222222217	0.006577777777777775	0.004466666666666656	0.0042111111111111	0.0028777777777777755	0.0032000000000000084	0.002555555555555561	0.0030333333333333323	0.003455555555555554	0.004088888888888892	0.004344444444444447	0.006122222222222223	0.006644444444444443	0.00735555555555556	0.004833333333333338	0.0025888888888888906	0.0033999999999999955	0.005033333333333334	0.007255555555555561	Media control
H12	0.014844444444444443	0.015922222222222216	0.01943333333333333	0.02784444444444444	0.03213333333333334	0.031133333333333336	0.031022222222222225	0.0335111111111111	0.03327777777777777	0.02843333333333332	0.025077777777777772	0.026955555555555556	0.027400000000000008	0.024477777777777775	0.024033333333333323	0.023944444444444424	0.02469999999999999	0.025033333333333335	0.028544444444444456	0.03475555555555557	0.03831111111111112	0.039711111111111114	0.037644444444444446	0.03877777777777777	0.039433333333333334	0.04602222222222222	0.052322222222222214	0.06204444444444444	0.06675555555555555	0.0685	0.07302222222222222	0.07436666666666666	0.08259999999999999	0.08915555555555554	0.10223333333333333	0.1185888888888889	0.12086666666666668	0.12323333333333335	0.11293333333333333	0.11564444444444444	0.11743333333333333	0.12523333333333334	0.13482222222222223	0.14677777777777778	0.16185555555555556	0.17644444444444443	0.19118888888888888	0.2081666666666667	0.22663333333333333	0.2512222222222222	0.27954444444444443	0.3116111111111111	0.3451	0.3815888888888889	0.4230444444444445	0.47374444444444447	0.5218888888888888	0.5756	0.6213555555555555	0.6714111111111111	0.7011222222222223	Growth with high glutamate supplementation, no spermine treatment.
