Sample,Inj00001-Positive-MAT1_demultiplexed,Inj00002-Positive-MAT1_demultiplexed,Inj00003-Positive-MAT1_demultiplexed,Inj00004-Positive-MAT1_demultiplexed,Inj00005-Positive-MAT1_demultiplexed,Inj00006-Positive-MAT1_demultiplexed,Inj00007-Positive-MAT1_demultiplexed,Inj00008-Positive-MAT2_demultiplexed,Inj00009-Positive-B9_demultiplexed,Inj00010-Positive-D4_demultiplexed,Inj00011-Positive-F10_demultiplexed,Inj00012-Positive-A5_demultiplexed,Inj00013-Positive-B12_demultiplexed,Inj00014-Positive-D8_demultiplexed,Inj00015-Positive-MAT2_demultiplexed,Inj00016-Positive-MAT1_demultiplexed,Inj00017-Positive-MAT1_demultiplexed,Inj00018-Positive-MAT1_demultiplexed,Inj00019-Positive-MAT2_demultiplexed,Inj00020-Positive-E6_demultiplexed,Inj00021-Positive-C3_demultiplexed,Inj00022-Positive-H8_demultiplexed,Inj00023-Positive-G8_demultiplexed,Inj00024-Positive-G12_demultiplexed,Inj00025-Positive-C12_demultiplexed,Inj00026-Positive-MAT2_demultiplexed,Inj00027-Positive-MAT1_demultiplexed,Inj00028-Positive-MAT1_demultiplexed,Inj00029-Positive-MAT1_demultiplexed,Inj00030-Positive-MAT2_demultiplexed,Inj00031-Positive-C10_demultiplexed,Inj00032-Positive-H1_demultiplexed,Inj00033-Positive-A9_demultiplexed,Inj00034-Positive-B11_demultiplexed,Inj00035-Positive-F3_demultiplexed,Inj00036-Positive-D10_demultiplexed,Inj00037-Positive-MAT2_demultiplexed,Inj00038-Positive-MAT1_demultiplexed,Inj00039-Positive-MAT1_demultiplexed,Inj00040-Positive-MAT1_demultiplexed,Inj00041-Positive-MAT2_demultiplexed,Inj00042-Positive-D2_demultiplexed,Inj00043-Positive-E4_demultiplexed,Inj00044-Positive-H3_demultiplexed,Inj00045-Positive-A11_demultiplexed,Inj00046-Positive-G3_demultiplexed,Inj00047-Positive-E5_demultiplexed,Inj00048-Positive-MAT2_demultiplexed,Inj00049-Positive-MAT1_demultiplexed,Inj00050-Positive-MAT1_demultiplexed,Inj00051-Positive-MAT1_demultiplexed,Inj00052-Positive-MAT2_demultiplexed,Inj00053-Positive-B1_demultiplexed,Inj00054-Positive-G11_demultiplexed,Inj00055-Positive-B3_demultiplexed,Inj00056-Positive-F7_demultiplexed,Inj00057-Positive-G6_demultiplexed,Inj00058-Positive-H2_demultiplexed,Inj00059-Positive-MAT2_demultiplexed,Inj00060-Positive-MAT1_demultiplexed,Inj00061-Positive-MAT1_demultiplexed,Inj00062-Positive-MAT1_demultiplexed,Inj00063-Positive-MAT2_demultiplexed,Inj00064-Positive-F6_demultiplexed,Inj00065-Positive-F8_demultiplexed,Inj00066-Positive-D1_demultiplexed,Inj00067-Positive-B2_demultiplexed,Inj00068-Positive-C11_demultiplexed,Inj00069-Positive-F1_demultiplexed,Inj00070-Positive-MAT2_demultiplexed,Inj00071-Positive-MAT1_demultiplexed,Inj00072-Positive-MAT1_demultiplexed,Inj00073-Positive-MAT1_demultiplexed,Inj00074-Positive-MAT2_demultiplexed,Inj00075-Positive-C2_demultiplexed,Inj00076-Positive-B6_demultiplexed,Inj00077-Positive-D5_demultiplexed,Inj00078-Positive-H10_demultiplexed,Inj00079-Positive-D9_demultiplexed,Inj00080-Positive-H5_demultiplexed,Inj00081-Positive-MAT2_demultiplexed,Inj00082-Positive-MAT1_demultiplexed,Inj00083-Positive-MAT1_demultiplexed,Inj00084-Positive-MAT1_demultiplexed,Inj00085-Positive-MAT2_demultiplexed,Inj00086-Positive-G4_demultiplexed,Inj00087-Positive-F2_demultiplexed,Inj00088-Positive-B10_demultiplexed,Inj00089-Positive-H4_demultiplexed,Inj00090-Positive-D12_demultiplexed,Inj00091-Positive-E3_demultiplexed,Inj00092-Positive-MAT2_demultiplexed,Inj00093-Positive-MAT1_demultiplexed,Inj00094-Positive-MAT1_demultiplexed,Inj00095-Positive-MAT1_demultiplexed,Inj00096-Positive-MAT2_demultiplexed,Inj00097-Positive-G2_demultiplexed,Inj00098-Positive-H9_demultiplexed,Inj00099-Positive-E9_demultiplexed,Inj00100-Positive-C9_demultiplexed,Inj00101-Positive-C5_demultiplexed,Inj00102-Positive-E1_demultiplexed,Inj00103-Positive-MAT2_demultiplexed,Inj00104-Positive-MAT1_demultiplexed,Inj00105-Positive-MAT1_demultiplexed,Inj00106-Positive-MAT1_demultiplexed,Inj00107-Positive-MAT2_demultiplexed,Inj00108-Positive-H12_demultiplexed,Inj00109-Positive-A7_demultiplexed,Inj00110-Positive-G5_demultiplexed,Inj00111-Positive-A4_demultiplexed,Inj00112-Positive-G9_demultiplexed,Inj00113-Positive-A12_demultiplexed,Inj00114-Positive-MAT2_demultiplexed,Inj00115-Positive-MAT1_demultiplexed,Inj00116-Positive-MAT1_demultiplexed,Inj00117-Positive-MAT1_demultiplexed,Inj00118-Positive-MAT2_demultiplexed,Inj00119-Positive-D7_demultiplexed,Inj00120-Positive-F5_demultiplexed,Inj00121-Positive-B8_demultiplexed,Inj00122-Positive-E7_demultiplexed,Inj00123-Positive-H7_demultiplexed,Inj00124-Positive-E10_demultiplexed,Inj00125-Positive-MAT2_demultiplexed,Inj00126-Positive-MAT1_demultiplexed,Inj00127-Positive-MAT1_demultiplexed,Inj00128-Positive-MAT1_demultiplexed,Inj00129-Positive-MAT2_demultiplexed,Inj00130-Positive-F11_demultiplexed,Inj00131-Positive-G7_demultiplexed,Inj00132-Positive-C1_demultiplexed,Inj00133-Positive-D6_demultiplexed,Inj00134-Positive-C6_demultiplexed,Inj00135-Positive-A8_demultiplexed,Inj00136-Positive-MAT2_demultiplexed,Inj00137-Positive-MAT1_demultiplexed,Inj00138-Positive-MAT1_demultiplexed,Inj00139-Positive-MAT1_demultiplexed,Inj00140-Positive-MAT2_demultiplexed,Inj00141-Positive-C7_demultiplexed,Inj00142-Positive-B4_demultiplexed,Inj00143-Positive-A3_demultiplexed,Inj00144-Positive-E8_demultiplexed,Inj00145-Positive-A6_demultiplexed,Inj00146-Positive-E11_demultiplexed,Inj00147-Positive-MAT2_demultiplexed,Inj00148-Positive-MAT1_demultiplexed,Inj00149-Positive-MAT1_demultiplexed,Inj00150-Positive-MAT1_demultiplexed,Inj00151-Positive-MAT2_demultiplexed,Inj00152-Positive-F12_demultiplexed,Inj00153-Positive-A1_demultiplexed,Inj00154-Positive-MAT2_demultiplexed,Inj00155-Positive-MAT1_demultiplexed,Inj00156-Positive-MAT1_demultiplexed,Inj00157-Positive-MAT1_demultiplexed,Inj00158-Positive-MAT1_demultiplexed,Inj00159-Positive-MAT1_demultiplexed
2'-Deoxyadenosine 5'-monophosphate (dAMP)_[M+H],,0.0,,,,0.0,0.0,,,,0.0,0.0,,,53.0,,,,,0.0,,,,3.0,0.0,50.0,0.0,,,,,,,,,30.0,,,0.0,,,,,22.0,0.0,,,71.0,,,,,,0.0,,,,,,0.0,,,,,,,,,,12.0,,,,,,,,,,,,,,0.0,,,135.0,0.0,,,,,0.0,,0.0,,,27.0,0.0,,,,,,0.0,,,0.0,,0.0,,,,0.0,,,,,,,0.0,0.0,,,,,,,0.0,0.0,,,,,,,,,,,,,,,,,,,,,,,99.0,202.0,,,0.0,,
2'-Deoxyadenosine 5'-monophosphate (dAMP)_[M+Na],,0.0,,,,0.0,0.0,,,,0.0,0.0,,,0.0,,,,,0.0,,,,0.0,0.0,0.0,0.0,,,,,,,,,0.0,,,0.0,,,,,0.0,0.0,,,0.0,,,,,,0.0,,,,,,0.0,,,,,,,,,,0.0,,,,,,,,,,,,,,0.0,,,0.0,0.0,,,,,0.0,,0.0,,,0.0,0.0,,,,,,0.0,,,0.0,,0.0,,,,0.0,,,,,,,0.0,0.0,,,,,,,0.0,0.0,,,,,,,,,,,,,,,,,,,,,,,0.0,0.0,,,0.0,,
2'-Deoxycytidine 5'-triphosphate_[M+H],,,,,,,,,,,,,,,,,,,,,,,,,,,,,,,,,,,,,,,,,,,,,,,,,,,,,,,,,,,24.0,,,,,,,,,,,,,,,,,,,,,,,,,,,,,,,,,,,,,,,,,,,,,,,,,,,,,,,,,,,,,,,,,,,,,,,,,,,,8.0,,,,,,,0.0,,,,,,,,,,,,,,,,,
2'-Deoxycytidine diphosphate (dCDP)_[M+H],,,,,,,,,,,,,,,,,,,,,,,,,,,,,,,,,,,,,,,,,,,,,,,,,,,,,,,,,,,,,,,,,0.0,,,,,,,,0.0,,,,,,0.0,,,,,,,,,,,,,,,,,,,,,,,,,,,,,,,,,,,,,,,,,,,,,,,,,,,,,,,,,,,,,,,,,,,,,,,,,,,,,,,,
2'-Deoxycytidine diphosphate (dCDP)_[M+Na],,,,,,,,,,,,,,,,,,,,,,,,,,,,,,,,,,,,,,,,,,,,,,,,,,,,,,,,,,,,,,,,,0.0,,,,,,,,30.0,,,,,,0.0,,,,,,,,,,,,,,,,,,,,,,,,,,,,,,,,,,,,,,,,,,,,,,,,,,,,,,,,,,,,,,,,,,,,,,,,,,,,,,,,
2'-Deoxycytidine-5'-Monophosphate_[M+H],,,,,,,,,,454.0,268.0,221.0,,470.0,248.0,33.0,12.0,,,,371.0,225.0,148.0,92.0,45.0,192.0,,,,,,45.0,332.0,,225.0,87.0,533.0,178.0,,,,,517.0,304.0,64.0,251.0,597.0,375.0,,,,,,45.0,,,747.0,190.0,233.0,,,,,0.0,,935.0,98.0,,59.0,458.0,,,,,,,335.0,96.0,111.0,217.0,624.0,,,,,,604.0,63.0,387.0,263.0,,133.0,,,,,70.0,347.0,134.0,,507.0,101.0,102.0,,,,,,176.0,,,290.0,458.0,186.0,,,,,28.0,16.0,78.0,87.0,325.0,,,,,103.0,0.0,,167.0,138.0,445.0,36.0,469.0,,,,,,,263.0,,0.0,179.0,,276.0,89.0,,,,,12.0,21.0,,,,,
2'-Deoxycytidine-5'-Monophosphate_[M+Na],,,,,,,,,,0.0,0.0,0.0,,0.0,0.0,0.0,0.0,,,,0.0,0.0,0.0,0.0,0.0,0.0,,,,,,0.0,0.0,,0.0,0.0,0.0,0.0,,,,,0.0,0.0,0.0,0.0,0.0,0.0,,,,,,0.0,,,0.0,0.0,0.0,,,,,0.0,,0.0,0.0,,0.0,0.0,,,,,,,0.0,0.0,0.0,0.0,0.0,,,,,,0.0,0.0,0.0,0.0,,0.0,,,,,0.0,0.0,0.0,,0.0,0.0,0.0,,,,,,0.0,,,0.0,0.0,0.0,,,,,0.0,0.0,0.0,0.0,0.0,,,,,0.0,8.0,,0.0,0.0,0.0,0.0,0.0,,,,,,,0.0,,0.0,0.0,,0.0,0.0,,,,,0.0,0.0,,,,,
2'-Deoxycytidine_[M+K],,,,0.0,,0.0,,0.0,,0.0,0.0,,0.0,0.0,0.0,0.0,0.0,,,0.0,0.0,0.0,0.0,0.0,0.0,0.0,,,,0.0,0.0,0.0,0.0,0.0,0.0,0.0,0.0,19.0,,0.0,0.0,0.0,0.0,0.0,0.0,0.0,0.0,0.0,0.0,,0.0,,0.0,0.0,,0.0,0.0,0.0,0.0,0.0,0.0,,,0.0,,0.0,0.0,0.0,0.0,0.0,0.0,0.0,0.0,0.0,0.0,0.0,0.0,0.0,0.0,0.0,0.0,,0.0,0.0,,0.0,0.0,,0.0,0.0,,0.0,0.0,0.0,,,0.0,0.0,0.0,0.0,0.0,0.0,0.0,0.0,0.0,0.0,0.0,0.0,0.0,0.0,0.0,,0.0,0.0,0.0,,,,0.0,0.0,0.0,0.0,0.0,0.0,0.0,0.0,0.0,0.0,,0.0,0.0,0.0,0.0,0.0,0.0,0.0,0.0,0.0,0.0,,,0.0,,0.0,0.0,0.0,0.0,0.0,0.0,,,0.0,0.0,0.0,0.0,,0.0,0.0,
2'-Deoxycytidine_[M+Na],,,,0.0,,0.0,,0.0,,0.0,0.0,,0.0,0.0,0.0,0.0,0.0,,,0.0,0.0,0.0,0.0,0.0,0.0,0.0,,,,0.0,0.0,0.0,0.0,0.0,0.0,0.0,0.0,0.0,,0.0,0.0,0.0,0.0,0.0,0.0,0.0,0.0,0.0,0.0,,0.0,,0.0,0.0,,10.0,0.0,0.0,0.0,0.0,0.0,,,0.0,,0.0,0.0,0.0,3.0,0.0,0.0,0.0,0.0,0.0,0.0,0.0,0.0,0.0,0.0,0.0,0.0,,0.0,0.0,,0.0,0.0,,0.0,0.0,,0.0,0.0,0.0,,,0.0,0.0,0.0,0.0,0.0,0.0,0.0,0.0,0.0,0.0,0.0,0.0,0.0,0.0,0.0,,0.0,0.0,0.0,,,,0.0,0.0,0.0,0.0,0.0,11.0,0.0,0.0,0.0,0.0,,0.0,0.0,0.0,0.0,0.0,0.0,0.0,0.0,7.0,0.0,,,0.0,,0.0,0.0,0.0,0.0,0.0,0.0,,,0.0,0.0,0.0,0.0,,7.0,0.0,
2'-Deoxyguanosine-5'-Diphosphate_[M+H],,,,,,,,,665.0,229.0,92.0,316.0,631.0,546.0,356.0,1590.0,86.0,,,1080.0,770.0,274.0,135.0,329.0,261.0,,424.0,165.0,,,855.0,465.0,1406.0,127.0,929.0,271.0,177.0,1233.0,95.0,20.0,,641.0,641.0,314.0,699.0,689.0,106.0,137.0,1195.0,1805.0,61.0,27.0,378.0,787.0,171.0,359.0,854.0,1427.0,1021.0,1864.0,244.0,88.0,9.0,1001.0,446.0,1166.0,1350.0,212.0,95.0,606.0,1119.0,1081.0,710.0,,1384.0,779.0,759.0,369.0,374.0,2366.0,912.0,2715.0,1460.0,44.0,81.0,1094.0,341.0,1106.0,963.0,1637.0,1018.0,1887.0,3440.0,1257.0,201.0,,1060.0,1100.0,1431.0,1338.0,1791.0,493.0,592.0,214.0,1190.0,12.0,37.0,334.0,993.0,355.0,2950.0,608.0,592.0,1763.0,2597.0,764.0,584.0,41.0,1308.0,1551.0,1803.0,2373.0,1809.0,814.0,1026.0,1076.0,1615.0,541.0,,1591.0,623.0,788.0,2078.0,1329.0,1010.0,453.0,1363.0,475.0,144.0,,688.0,1162.0,755.0,1700.0,1546.0,527.0,1274.0,1766.0,822.0,698.0,40.0,2204.0,848.0,33.0,506.0,216.0,43.0,41.0,
2'-Deoxyguanosine-5'-Diphosphate_[M+Na],,,,,,,,,0.0,0.0,0.0,0.0,18.0,0.0,14.0,0.0,0.0,,,0.0,0.0,0.0,0.0,0.0,0.0,,0.0,0.0,,,0.0,0.0,0.0,0.0,0.0,0.0,0.0,0.0,0.0,0.0,,0.0,0.0,0.0,0.0,0.0,0.0,0.0,0.0,0.0,0.0,0.0,8.0,0.0,0.0,0.0,0.0,0.0,0.0,0.0,0.0,0.0,0.0,0.0,0.0,0.0,0.0,0.0,0.0,0.0,0.0,0.0,0.0,,0.0,0.0,0.0,0.0,0.0,0.0,0.0,0.0,0.0,0.0,0.0,0.0,0.0,0.0,0.0,0.0,0.0,0.0,0.0,0.0,0.0,,0.0,0.0,0.0,0.0,0.0,0.0,0.0,11.0,0.0,0.0,0.0,0.0,0.0,0.0,0.0,0.0,0.0,0.0,0.0,0.0,0.0,0.0,0.0,0.0,0.0,50.0,0.0,0.0,0.0,0.0,0.0,0.0,,0.0,0.0,0.0,0.0,0.0,16.0,12.0,0.0,0.0,0.0,,0.0,0.0,0.0,6.0,0.0,0.0,0.0,0.0,0.0,0.0,0.0,0.0,0.0,3.0,86.0,0.0,0.0,0.0,
2'-Deoxyguanosine-5'-Monophosphate_[M+H],,,,,,,,,12.0,972.0,1223.0,661.0,478.0,1522.0,1232.0,45.0,75.0,,,197.0,834.0,1092.0,750.0,825.0,775.0,722.0,187.0,105.0,149.0,,194.0,390.0,888.0,237.0,512.0,491.0,392.0,,165.0,,,90.0,1049.0,1524.0,47.0,273.0,1012.0,537.0,15.0,,131.0,,36.0,344.0,273.0,520.0,717.0,326.0,292.0,120.0,63.0,,,,387.0,872.0,1499.0,283.0,20.0,1071.0,32.0,184.0,124.0,,54.0,436.0,137.0,951.0,534.0,1739.0,991.0,65.0,187.0,376.0,,,629.0,779.0,1012.0,1238.0,534.0,455.0,329.0,233.0,,,26.0,655.0,652.0,400.0,915.0,1065.0,358.0,216.0,0.0,,,61.0,713.0,104.0,406.0,315.0,603.0,844.0,25.0,141.0,426.0,,209.0,1134.0,329.0,312.0,1309.0,605.0,370.0,,,,,58.0,953.0,246.0,476.0,464.0,1060.0,50.0,179.0,109.0,44.0,,54.0,909.0,81.0,347.0,514.0,21.0,496.0,,,,,25.0,255.0,358.0,,,,,
2'-Deoxyguanosine-5'-Monophosphate_[M+Na],,,,,,,,,0.0,0.0,0.0,0.0,0.0,0.0,0.0,0.0,0.0,,,0.0,0.0,0.0,0.0,0.0,0.0,0.0,0.0,0.0,0.0,,0.0,0.0,0.0,0.0,0.0,0.0,0.0,,0.0,,,0.0,0.0,0.0,0.0,0.0,0.0,0.0,0.0,,0.0,,0.0,0.0,0.0,0.0,0.0,0.0,0.0,0.0,0.0,,,,0.0,0.0,0.0,0.0,0.0,0.0,0.0,0.0,0.0,,0.0,0.0,0.0,0.0,0.0,0.0,0.0,0.0,0.0,0.0,,,0.0,0.0,0.0,0.0,0.0,0.0,0.0,0.0,,,0.0,0.0,0.0,0.0,0.0,0.0,0.0,0.0,0.0,,,0.0,0.0,0.0,0.0,0.0,0.0,0.0,0.0,0.0,0.0,,0.0,0.0,0.0,0.0,0.0,0.0,0.0,,,,,0.0,0.0,0.0,0.0,0.0,0.0,0.0,0.0,0.0,0.0,,0.0,0.0,0.0,0.0,0.0,0.0,0.0,,,,,0.0,0.0,0.0,,,,,
2'-Deoxyinosine_[M+H],0.0,0.0,0.0,0.0,77.0,89.0,72.0,212.0,0.0,0.0,0.0,22.0,0.0,0.0,0.0,0.0,0.0,0.0,30.0,85.0,0.0,0.0,0.0,0.0,0.0,0.0,0.0,0.0,0.0,33.0,0.0,0.0,0.0,0.0,0.0,0.0,0.0,0.0,9.0,0.0,0.0,,0.0,21.0,0.0,0.0,0.0,0.0,8.0,0.0,0.0,0.0,148.0,0.0,77.0,7.0,3.0,6.0,0.0,0.0,6.0,0.0,0.0,0.0,0.0,0.0,0.0,,,0.0,0.0,0.0,0.0,0.0,0.0,0.0,0.0,0.0,0.0,0.0,0.0,0.0,0.0,0.0,0.0,0.0,0.0,0.0,0.0,0.0,0.0,,29.0,0.0,14.0,0.0,0.0,0.0,0.0,0.0,0.0,,,0.0,0.0,0.0,0.0,0.0,0.0,0.0,0.0,,0.0,0.0,59.0,0.0,0.0,0.0,0.0,0.0,70.0,20.0,37.0,0.0,0.0,0.0,9.0,0.0,0.0,65.0,75.0,0.0,7.0,9.0,0.0,0.0,,0.0,0.0,0.0,0.0,0.0,0.0,0.0,0.0,0.0,0.0,0.0,,0.0,5.0,0.0,0.0,0.0,25.0,0.0,31.0,0.0,0.0
2'-Deoxyuridine_[M+Na],54.0,231.0,94.0,204.0,224.0,154.0,135.0,397.0,159.0,519.0,222.0,655.0,507.0,861.0,1235.0,672.0,676.0,179.0,70.0,229.0,842.0,1547.0,71.0,869.0,484.0,611.0,207.0,37.0,235.0,49.0,510.0,665.0,682.0,159.0,982.0,669.0,795.0,558.0,468.0,421.0,200.0,595.0,1330.0,1306.0,282.0,609.0,1555.0,899.0,573.0,296.0,560.0,89.0,796.0,384.0,276.0,888.0,1383.0,1945.0,733.0,441.0,551.0,212.0,164.0,543.0,649.0,2121.0,555.0,156.0,528.0,757.0,393.0,66.0,358.0,325.0,557.0,144.0,944.0,630.0,538.0,958.0,1290.0,30.0,312.0,164.0,161.0,501.0,1260.0,637.0,640.0,371.0,339.0,499.0,95.0,223.0,78.0,401.0,520.0,1056.0,580.0,793.0,1128.0,645.0,728.0,1004.0,339.0,421.0,333.0,468.0,970.0,124.0,430.0,153.0,1598.0,1154.0,726.0,363.0,270.0,160.0,343.0,833.0,992.0,355.0,624.0,317.0,210.0,257.0,758.0,234.0,204.0,267.0,557.0,807.0,202.0,299.0,1779.0,319.0,237.0,379.0,316.0,97.0,250.0,1077.0,230.0,924.0,1597.0,607.0,416.0,465.0,354.0,420.0,254.0,303.0,191.0,891.0,302.0,238.0,188.0,198.0,285.0
2'-deoxyuridylic acid_[M+Na],,,,,,,,,,,,,,,,,,,,,,,,,,,,,,,,,,,,,,,,,,,,,,,,,,,,,,,,,,,,,,,,,,,,,,,,,,,,,,,,,,,,,,,,,,,,,,,,,,,,,,,,,,,,,,,,,,,,,,,,0.0,,,,,,,,,,,,,,,,,,,,,,,,,,,,,,,,,,,,,,,
2-(1H-INDOL-3-YL)ACETAMIDE_[M+H],,36.0,,,0.0,0.0,0.0,0.0,0.0,0.0,0.0,59.0,0.0,19.0,16.0,0.0,0.0,,,0.0,0.0,0.0,0.0,0.0,0.0,0.0,,,0.0,0.0,0.0,0.0,0.0,0.0,40.0,,0.0,0.0,24.0,,0.0,0.0,0.0,0.0,0.0,0.0,0.0,0.0,0.0,,17.0,,0.0,0.0,0.0,0.0,0.0,0.0,0.0,0.0,0.0,0.0,,0.0,64.0,0.0,0.0,0.0,0.0,0.0,23.0,,,,116.0,116.0,0.0,0.0,67.0,0.0,0.0,0.0,0.0,,,0.0,0.0,0.0,0.0,64.0,0.0,0.0,0.0,,,,0.0,0.0,0.0,55.0,43.0,0.0,0.0,0.0,0.0,16.0,0.0,0.0,0.0,0.0,0.0,14.0,6.0,8.0,0.0,0.0,,,14.0,87.0,0.0,0.0,13.0,136.0,19.0,20.0,0.0,,,116.0,114.0,45.0,0.0,0.0,0.0,78.0,0.0,46.0,,,0.0,0.0,,0.0,0.0,0.0,0.0,40.0,0.0,0.0,,0.0,0.0,0.0,27.0,0.0,,21.0,6.0
2-(1H-INDOL-3-YL)ACETAMIDE_[M+Na],,0.0,,,0.0,0.0,0.0,0.0,0.0,0.0,0.0,0.0,0.0,0.0,0.0,0.0,0.0,,,0.0,0.0,0.0,0.0,0.0,0.0,0.0,,,0.0,0.0,0.0,0.0,0.0,0.0,0.0,,0.0,0.0,0.0,,0.0,0.0,0.0,0.0,0.0,0.0,0.0,0.0,0.0,,0.0,,0.0,0.0,0.0,0.0,0.0,0.0,0.0,0.0,0.0,0.0,,0.0,0.0,0.0,0.0,0.0,0.0,0.0,0.0,,,,0.0,0.0,0.0,0.0,0.0,0.0,0.0,0.0,0.0,,,0.0,0.0,0.0,0.0,0.0,0.0,0.0,0.0,,,,0.0,0.0,0.0,0.0,0.0,0.0,0.0,0.0,0.0,0.0,0.0,0.0,0.0,0.0,0.0,0.0,0.0,0.0,0.0,0.0,,,0.0,0.0,0.0,0.0,0.0,0.0,0.0,0.0,0.0,,,0.0,0.0,0.0,0.0,0.0,0.0,0.0,0.0,0.0,,,0.0,0.0,,0.0,0.0,0.0,0.0,0.0,0.0,0.0,,0.0,0.0,0.0,0.0,0.0,,0.0,0.0
"2-(3,6-DIHYDROXYPHENYL)ACETIC ACID_[M-H2O+H]",,,,0.0,,,,,,,,,,,0.0,,,,,,,21.0,,,,,,,0.0,,,0.0,,,,,,,,0.0,,,,,,,,,,,0.0,0.0,,,,,,,,,,0.0,,,0.0,,,,,,,,0.0,,,,,,,,,,,,,,,0.0,,,0.0,,,,12.0,,,,0.0,,0.0,,,,,,,,,,0.0,,0.0,,,,,0.0,,,,,,,,0.0,,,,,,0.0,,,,,0.0,0.0,0.0,,,,,,,,0.0,,,,,,0.0,,,,,,
2-Amino-4-Mercapto-Butyric Acid_[M+H],,,,,0.0,0.0,,,,,,0.0,,,,,,,,,,,,,,,,,,,,,,,0.0,,,,,,,,,,,,,,,,,,,,,,,0.0,,,0.0,,,,,,,,0.0,,,,,,,,8.0,,,,0.0,,,,,,,,0.0,,,,,,,,,,,,,,,,,,,,,,,,,0.0,,,,,,,,,,,,,,0.0,,,,,,,,0.0,,19.0,19.0,,,,,,0.0,,,,,,0.0,,,,,,,,
2-Deoxy-D-Glucose_[M+Na],,,,,,,,,,,,,,,,,,,,,,,,,,0.0,,,,,,,,0.0,,,,,,,,,0.0,,,,0.0,,,,,,,,,,,,,,,,,,0.0,,0.0,0.0,,0.0,,,0.0,,3.0,,,,,,,,,,,,,,0.0,,,,,,,,,,,,,0.0,,,,,17.0,,,,,,,,,,,,,,,,16.0,,,,,,,,,,,,,,,,,,0.0,,,,0.0,,,,,,,,,0.0,0.0,,,,
2-Isopropylmalic acid_[M+Na],,,,,,,,,,,,,,0.0,,,,,,,,,,,,,,,,,,,,,,,,0.0,,,21.0,,,,,,,,,,0.0,,,,,,,,,0.0,,,,,,,0.0,,,,,,,,,,,,0.0,0.0,,,0.0,,0.0,,,,,,,,,,,,,,0.0,0.0,,,,,,,,,0.0,0.0,,,,,,,,,,,,,0.0,0.0,,0.0,,,0.0,0.0,0.0,,,,,0.0,0.0,,,,,,,,,,0.0,0.0,0.0,,,,0.0,,,,,,
2-Oxoadipic acid_[M+Na],,,,,,,,,,,,,,,,,,,,,,,,,,,,,,,,,,,,,,,,,,,,,,,,,,,,,,,,,,,,,,,,,,,,,,,,,,,0.0,,0.0,0.0,,,,,,,,,,,,,,,,,,,,,,,,,,,,,,,,,,,,,,,,,0.0,,,,,,,,,,,,,,,,,,,,,,,,,,,,,,,,,0.0,,,,,,,
3-Dehydroshikimate_[M+H],,,,,,,,,,,,,,,,,,,,,,,,,,,,,,,,,,,,,,,,,,,,,,,,,,,,,0.0,,,0.0,,,,,,,,,,,,,,,,,,,,,,,,,,,0.0,,,,,,,,,,,,,,,,,,,,,,,,,,,,,,0.0,,,,,,,,,,,,,,,,,,,,,,,,,,,,,,,,,,,,,,,,,,,,,,
3-Dehydroshikimate_[M+Na],,,,,,,,,,,,,,,,,,,,,,,,,,,,,,,,,,,,,,,,,,,,,,,,,,,,,0.0,,,0.0,,,,,,,,,,,,,,,,,,,,,,,,,,,0.0,,,,,,,,,,,,,,,,,,,,,,,,,,,,,,25.0,,,,,,,,,,,,,,,,,,,,,,,,,,,,,,,,,,,,,,,,,,,,,,
3-Hydroxy-3-Methylglutaryl-Coa_[M+H],,,,,,,,,,,,0.0,,,,123.0,,27.0,,118.0,109.0,,,,0.0,,,,,,10.0,8.0,17.0,,94.0,15.0,,136.0,,,,,,20.0,,0.0,0.0,0.0,65.0,0.0,,,,,,,,,,222.0,,,,,,,40.0,0.0,,,0.0,197.0,,,,,0.0,0.0,,0.0,17.0,29.0,0.0,,,482.0,,,20.0,,,,240.0,,,0.0,188.0,,,,0.0,,,,22.0,0.0,,93.0,,,,,,,128.0,0.0,,,119.0,,,,,0.0,0.0,34.0,,,0.0,300.0,,,,0.0,,0.0,18.0,0.0,,,95.0,13.0,0.0,,0.0,,,18.0,,,,23.0,349.0,0.0,47.0,45.0,,,88.0
3-Hydroxy-3-Methylglutaryl-Coa_[M+Na],,,,,,,,,,,,0.0,,,,0.0,,0.0,,0.0,0.0,,,,63.0,,,,,,0.0,0.0,0.0,,0.0,0.0,,0.0,,,,,,0.0,,0.0,0.0,0.0,0.0,0.0,,,,,,,,,,0.0,,,,,,,0.0,0.0,,,0.0,0.0,,,,,0.0,26.0,,0.0,0.0,0.0,0.0,,,0.0,,,0.0,,,,0.0,,,0.0,0.0,,,,0.0,,,,0.0,0.0,,0.0,,,,,,,0.0,0.0,,,0.0,,,,,129.0,0.0,0.0,,,5.0,0.0,,,,0.0,,0.0,0.0,0.0,,,0.0,0.0,49.0,,0.0,,,10.0,,,,0.0,0.0,0.0,0.0,0.0,,,0.0
3-Hydroxy-L-kynurenine_[M-H2O+H],,,0.0,,,,,39.0,0.0,0.0,0.0,,,,,0.0,,,0.0,0.0,,0.0,0.0,0.0,0.0,0.0,0.0,0.0,0.0,0.0,0.0,0.0,0.0,0.0,0.0,0.0,,0.0,,0.0,0.0,0.0,0.0,0.0,0.0,0.0,0.0,,0.0,0.0,0.0,,0.0,0.0,0.0,0.0,0.0,0.0,0.0,0.0,0.0,0.0,0.0,0.0,0.0,0.0,,,,,0.0,,,,0.0,,,,,0.0,,,0.0,,,0.0,0.0,0.0,0.0,,,,,146.0,0.0,,0.0,,0.0,0.0,,,0.0,0.0,,,,0.0,0.0,,0.0,22.0,0.0,,38.0,,,,0.0,,8.0,16.0,0.0,0.0,,4.0,,,86.0,0.0,0.0,,,,,0.0,0.0,,0.0,,0.0,,,0.0,,,,0.0,0.0,0.0,,17.0,7.0,,0.0,19.0,,,
3-Hydroxyanthranilic Acid_[M+H],,,,,,,,,,,,,11.0,,,,,,,,,,,,,,,,,,,,,,,0.0,,,,,,,,0.0,,,,,,,,,0.0,,0.0,,,,,,,,,,,,,,,,,,,,,,,,,,,,,,,,,0.0,0.0,,,,,,,,,,,,,,,0.0,,,,,,,,,,,,,,,,,,,,,,,,,,,,,,,,,,,,,,,,,0.0,,,,,0.0,,,,,,,,,
3-Methylhistidine_[M+H],0.0,0.0,23.0,0.0,,,,0.0,8.0,0.0,6.0,0.0,,0.0,0.0,13.0,0.0,2.0,0.0,0.0,94.0,,0.0,10.0,0.0,12.0,,0.0,0.0,0.0,0.0,,,0.0,0.0,,45.0,0.0,0.0,0.0,0.0,0.0,,0.0,0.0,0.0,0.0,,0.0,0.0,0.0,,0.0,0.0,0.0,0.0,0.0,0.0,0.0,0.0,0.0,0.0,0.0,0.0,0.0,,0.0,0.0,0.0,0.0,4.0,0.0,0.0,0.0,,0.0,0.0,,9.0,0.0,0.0,0.0,0.0,0.0,0.0,0.0,0.0,,,0.0,,0.0,0.0,,,0.0,0.0,0.0,2.0,0.0,,6.0,15.0,0.0,0.0,0.0,,0.0,0.0,,0.0,0.0,0.0,,0.0,0.0,0.0,0.0,29.0,3.0,0.0,0.0,,4.0,0.0,0.0,0.0,0.0,0.0,,0.0,0.0,,,0.0,0.0,0.0,0.0,0.0,0.0,0.0,0.0,0.0,0.0,,0.0,0.0,0.0,0.0,0.0,,0.0,0.0,0.0,0.0,0.0,,0.0,0.0
3-Methylhistidine_[M+Na],0.0,0.0,0.0,10.0,,,,0.0,0.0,0.0,0.0,0.0,,162.0,0.0,0.0,0.0,50.0,27.0,27.0,0.0,,45.0,0.0,0.0,0.0,,61.0,0.0,0.0,0.0,,,75.0,23.0,,0.0,34.0,34.0,208.0,0.0,22.0,,5.0,0.0,67.0,49.0,,32.0,63.0,15.0,,24.0,0.0,19.0,0.0,87.0,29.0,0.0,0.0,0.0,0.0,90.0,95.0,0.0,,21.0,0.0,0.0,113.0,0.0,26.0,21.0,0.0,,7.0,0.0,,0.0,0.0,0.0,38.0,54.0,161.0,0.0,0.0,0.0,,,0.0,,99.0,169.0,,,0.0,12.0,67.0,51.0,90.0,,0.0,0.0,256.0,13.0,33.0,,8.0,0.0,,30.0,39.0,12.0,,0.0,0.0,82.0,6.0,127.0,0.0,0.0,0.0,,0.0,52.0,0.0,80.0,0.0,165.0,,86.0,27.0,,,0.0,0.0,75.0,210.0,193.0,0.0,36.0,54.0,152.0,61.0,,0.0,25.0,0.0,24.0,22.0,,0.0,30.0,12.0,0.0,38.0,,51.0,0.0
3-Phosphoglycerol_[M+Na],,,,,,,,,,,,,,,,,,,,,,,,,,,,,,,,,,,,,,,,,,,,,,,,,,,,,,,,,,,,,,,,,,,,,,,,,,,,,,,,,,,,,,,,,,,,,,0.0,,,,,,,,,,,,,,,,0.0,,,,,,,,,,,,,,,,,,,,,,,,,12.0,0.0,,,,,,,,,,,,,,,,,,,,,,,12.0
4-Acetamidobutanoic Acid_[M+Na],,731.0,,,,,,40.0,311.0,1195.0,1034.0,2114.0,793.0,822.0,1371.0,475.0,1631.0,1090.0,380.0,434.0,690.0,611.0,807.0,1115.0,1137.0,743.0,262.0,1686.0,555.0,293.0,165.0,129.0,394.0,201.0,384.0,302.0,531.0,69.0,605.0,239.0,421.0,155.0,210.0,401.0,201.0,447.0,108.0,258.0,218.0,621.0,530.0,154.0,69.0,76.0,40.0,706.0,221.0,11.0,,,767.0,76.0,46.0,68.0,238.0,293.0,,,,27.0,,757.0,72.0,,26.0,,,180.0,,,422.0,,1128.0,56.0,,,134.0,92.0,,14.0,,254.0,0.0,237.0,37.0,301.0,0.0,62.0,,21.0,32.0,,45.0,45.0,370.0,,,,,,21.0,39.0,,,15.0,372.0,,24.0,,73.0,,,,31.0,,,221.0,,,16.0,169.0,,,33.0,366.0,68.0,18.0,297.0,482.0,,109.0,,48.0,,,,,,9.0,14.0,,,,25.0,,91.0,110.0,,
4-Guanidinobutyric acid_[M+H],,422.0,0.0,45.0,23.0,0.0,,0.0,148.0,95.0,21.0,149.0,105.0,0.0,9.0,133.0,103.0,216.0,521.0,0.0,,81.0,30.0,9.0,155.0,62.0,166.0,7.0,99.0,386.0,396.0,66.0,12.0,259.0,94.0,179.0,233.0,179.0,202.0,131.0,0.0,103.0,120.0,,32.0,12.0,0.0,227.0,134.0,184.0,164.0,0.0,481.0,15.0,199.0,289.0,83.0,78.0,266.0,133.0,40.0,106.0,351.0,37.0,225.0,101.0,40.0,19.0,109.0,96.0,40.0,179.0,94.0,51.0,62.0,120.0,252.0,261.0,115.0,30.0,38.0,45.0,112.0,67.0,81.0,201.0,51.0,0.0,94.0,61.0,158.0,122.0,201.0,5.0,29.0,24.0,111.0,176.0,95.0,267.0,5.0,34.0,51.0,0.0,7.0,24.0,21.0,0.0,12.0,0.0,7.0,54.0,17.0,,40.0,94.0,126.0,0.0,51.0,0.0,0.0,18.0,165.0,,259.0,0.0,287.0,45.0,137.0,45.0,79.0,34.0,41.0,0.0,39.0,11.0,57.0,64.0,204.0,73.0,23.0,23.0,81.0,14.0,0.0,9.0,29.0,,257.0,38.0,43.0,33.0,48.0,6.0,13.0,100.0,399.0,18.0,0.0
5'-Deoxy-5'-Methylthioadenosine_[M+H],,0.0,,,,0.0,,,65.0,42.0,,20.0,129.0,0.0,0.0,69.0,0.0,,67.0,70.0,,0.0,,0.0,93.0,0.0,268.0,0.0,,0.0,41.0,0.0,44.0,21.0,64.0,0.0,0.0,103.0,,,,0.0,0.0,0.0,0.0,0.0,26.0,0.0,237.0,,,,19.0,0.0,,0.0,0.0,0.0,,70.0,,,,40.0,0.0,0.0,0.0,42.0,,0.0,178.0,,0.0,18.0,0.0,,0.0,0.0,0.0,0.0,0.0,99.0,0.0,26.0,26.0,33.0,0.0,0.0,13.0,36.0,26.0,48.0,46.0,,,,0.0,0.0,0.0,,192.0,19.0,0.0,0.0,,,,161.0,0.0,49.0,0.0,0.0,0.0,0.0,45.0,42.0,,41.0,223.0,0.0,0.0,,0.0,0.0,0.0,22.0,,0.0,,223.0,0.0,0.0,0.0,,0.0,0.0,104.0,,,,30.0,0.0,0.0,,0.0,,0.0,167.0,0.0,0.0,,14.0,0.0,0.0,9.0,,43.0,,0.0
5'-Deoxy-5'-Methylthioadenosine_[M+Na],,0.0,,,,0.0,,,0.0,6.0,,20.0,16.0,52.0,202.0,0.0,0.0,,0.0,0.0,,0.0,,34.0,41.0,29.0,0.0,0.0,,0.0,0.0,5.0,0.0,14.0,3.0,17.0,21.0,0.0,,,,0.0,17.0,54.0,10.0,123.0,9.0,23.0,0.0,,,,0.0,0.0,,0.0,21.0,42.0,,0.0,,,,0.0,0.0,155.0,12.0,29.0,,8.0,0.0,,0.0,0.0,0.0,,134.0,0.0,4.0,4.0,28.0,0.0,0.0,0.0,0.0,0.0,88.0,88.0,2.0,14.0,5.0,0.0,0.0,,,,0.0,3.0,15.0,,85.0,24.0,46.0,0.0,,,,0.0,44.0,0.0,0.0,0.0,350.0,15.0,0.0,0.0,,0.0,0.0,6.0,0.0,,67.0,0.0,0.0,0.0,,0.0,,0.0,33.0,100.0,7.0,,67.0,0.0,0.0,,,,0.0,0.0,0.0,,0.0,,0.0,0.0,0.0,0.0,,0.0,4.0,0.0,0.0,,0.0,,0.0
5'-Deoxyadenosine_[M+H],,,,,,,,,,0.0,,18.0,0.0,,0.0,,,3.0,,,,,0.0,372.0,0.0,0.0,0.0,0.0,,,,0.0,0.0,0.0,0.0,326.0,0.0,0.0,,,,,0.0,31.0,41.0,0.0,0.0,221.0,0.0,8.0,,,0.0,0.0,11.0,18.0,0.0,0.0,0.0,0.0,0.0,0.0,0.0,,160.0,9.0,89.0,0.0,0.0,0.0,0.0,,0.0,,8.0,0.0,0.0,24.0,0.0,0.0,0.0,0.0,0.0,0.0,,,0.0,14.0,0.0,0.0,14.0,0.0,0.0,0.0,0.0,,0.0,0.0,21.0,0.0,0.0,20.0,0.0,0.0,54.0,0.0,0.0,0.0,17.0,0.0,0.0,0.0,48.0,0.0,14.0,10.0,11.0,5.0,,3.0,,0.0,0.0,16.0,0.0,72.0,0.0,0.0,,41.0,0.0,9.0,0.0,0.0,0.0,0.0,0.0,50.0,0.0,0.0,0.0,0.0,0.0,0.0,194.0,0.0,0.0,0.0,11.0,5.0,0.0,18.0,0.0,23.0,62.0,51.0,0.0,37.0,
5'-Deoxyadenosine_[M+Na],,,,,,,,,,570.0,,717.0,1625.0,,97.0,,,0.0,,,,,632.0,0.0,0.0,0.0,0.0,0.0,,,,161.0,0.0,697.0,0.0,0.0,0.0,0.0,,,,,19.0,0.0,54.0,0.0,0.0,0.0,0.0,0.0,,,0.0,114.0,385.0,0.0,0.0,135.0,260.0,0.0,0.0,0.0,0.0,,0.0,0.0,0.0,348.0,283.0,78.0,0.0,,0.0,,0.0,572.0,0.0,10.0,260.0,4753.0,255.0,0.0,0.0,0.0,,,0.0,762.0,0.0,347.0,149.0,167.0,0.0,0.0,0.0,,0.0,0.0,0.0,76.0,0.0,0.0,471.0,0.0,0.0,0.0,0.0,0.0,45.0,1594.0,236.0,207.0,0.0,0.0,0.0,0.0,0.0,0.0,,0.0,,438.0,79.0,0.0,483.0,14.0,23.0,0.0,,0.0,25.0,146.0,13.0,299.0,0.0,0.0,0.0,0.0,0.0,0.0,0.0,101.0,120.0,81.0,0.0,236.0,20.0,0.0,0.0,0.0,0.0,0.0,795.0,0.0,0.0,0.0,0.0,0.0,
5-Hydroxyindoleacetate_[M+H],,,,,,,,,,,,,43.0,14.0,,,,,,,0.0,,,,61.0,,18.0,22.0,,,,0.0,,0.0,,,,40.0,,49.0,0.0,,,21.0,,34.0,0.0,,,27.0,,,,113.0,69.0,0.0,,,,,,,,,46.0,,,,,,0.0,32.0,0.0,,0.0,,,,,317.0,,54.0,,,,0.0,,,,,,,77.0,,,,7.0,68.0,17.0,,9.0,,,10.0,,,,,0.0,21.0,,26.0,8.0,,,,,,156.0,,,,,,,,,,,0.0,39.0,39.0,,35.0,,,,89.0,519.0,,,,,,,,,,,0.0,,,0.0,45.0,22.0,61.0,,98.0,11.0
5-Hydroxyindoleacetate_[M+Na],,,,,,,,,,,,,0.0,0.0,,,,,,,0.0,,,,0.0,,0.0,0.0,,,,0.0,,0.0,,,,0.0,,0.0,0.0,,,0.0,,0.0,0.0,,,0.0,,,,0.0,12.0,0.0,,,,,,,,,0.0,,,,,,0.0,0.0,0.0,,0.0,,,,,0.0,,0.0,,,,0.0,,,,,,,0.0,,,,0.0,0.0,0.0,,0.0,,,0.0,,,,,0.0,0.0,,0.0,0.0,,,,,,0.0,,,,,,,,,,,0.0,0.0,0.0,,0.0,,,,0.0,0.0,,,,,,,,,,,0.0,,,11.0,0.0,0.0,0.0,,0.0,0.0
5-Methylcytosine_[M+Na],,0.0,,,0.0,,,0.0,,,,0.0,19.0,0.0,24.0,0.0,0.0,0.0,0.0,0.0,0.0,0.0,,77.0,0.0,0.0,,0.0,0.0,,0.0,0.0,,0.0,,,0.0,0.0,0.0,0.0,,,0.0,0.0,15.0,,0.0,0.0,,0.0,0.0,,0.0,0.0,0.0,0.0,0.0,0.0,,0.0,,0.0,,0.0,0.0,,0.0,,0.0,0.0,0.0,0.0,0.0,,0.0,,0.0,0.0,,,,0.0,0.0,,0.0,0.0,0.0,,0.0,0.0,0.0,22.0,,,0.0,,0.0,0.0,0.0,42.0,23.0,0.0,0.0,0.0,,0.0,,,0.0,8.0,,0.0,,,,0.0,0.0,0.0,0.0,0.0,12.0,0.0,,0.0,,0.0,,,0.0,0.0,,,0.0,13.0,,0.0,0.0,0.0,,0.0,,,3.0,,21.0,0.0,,0.0,0.0,0.0,,0.0,0.0,,0.0,,0.0,,
6-phospho-D-gluconic acid_[M+Na],,,,,,,,,0.0,0.0,0.0,0.0,0.0,0.0,0.0,0.0,,,,0.0,0.0,0.0,0.0,0.0,0.0,0.0,0.0,,,,0.0,0.0,0.0,0.0,0.0,0.0,0.0,0.0,,,,0.0,0.0,0.0,0.0,15.0,0.0,0.0,0.0,,,,0.0,0.0,0.0,0.0,0.0,0.0,0.0,0.0,,,,0.0,0.0,0.0,0.0,0.0,0.0,0.0,0.0,,,,0.0,0.0,0.0,0.0,0.0,0.0,0.0,0.0,,,,0.0,0.0,0.0,0.0,0.0,0.0,0.0,0.0,,,,0.0,0.0,0.0,0.0,0.0,0.0,0.0,0.0,,,,0.0,0.0,0.0,0.0,0.0,0.0,0.0,0.0,,,,0.0,0.0,0.0,0.0,0.0,0.0,0.0,0.0,,,,0.0,0.0,0.0,0.0,0.0,0.0,0.0,0.0,,,,0.0,0.0,0.0,0.0,0.0,0.0,0.0,0.0,,,,0.0,0.0,0.0,0.0,,,,
AICA ribonucleotide_[M+H],,,,,,,,,,,,,,,,,,,,,,,,,,,,,,0.0,,,,,,0.0,,,0.0,0.0,0.0,0.0,0.0,,0.0,,,,,,,,,0.0,,,,,,,,0.0,0.0,0.0,,,,,,,,,,,,,,,,,,,,,,,,,,,,0.0,,,,0.0,,,,,,,,,,,0.0,,,,0.0,,,,,0.0,,,,,,,,0.0,0.0,,,,,,,,,0.0,,,,,,,,,,,,,,,,,,,,0.0,,,,,0.0
AICA ribonucleotide_[M+Na],,,,,,,,,,,,,,,,,,,,,,,,,,,,,,0.0,,,,,,0.0,,,0.0,0.0,0.0,0.0,0.0,,0.0,,,,,,,,,0.0,,,,,,,,0.0,0.0,0.0,,,,,,,,,,,,,,,,,,,,,,,,,,,,0.0,,,,0.0,,,,,,,,,,,0.0,,,,0.0,,,,,0.0,,,,,,,,0.0,0.0,,,,,,,,,0.0,,,,,,,,,,,,,,,,,,,,0.0,,,,,0.0
ATP_[M+H],,,,,,,,,490.0,0.0,162.0,0.0,0.0,20.0,0.0,23.0,29.0,,,95.0,0.0,62.0,0.0,,19.0,0.0,426.0,272.0,,,410.0,,0.0,0.0,88.0,0.0,16.0,663.0,81.0,34.0,,151.0,139.0,0.0,0.0,19.0,0.0,0.0,87.0,125.0,32.0,,68.0,37.0,,27.0,12.0,24.0,0.0,1073.0,187.0,47.0,,626.0,,12.0,0.0,,0.0,0.0,524.0,198.0,,,211.0,293.0,0.0,38.0,362.0,0.0,0.0,178.0,,,,750.0,0.0,83.0,37.0,16.0,,277.0,659.0,15.0,,,452.0,99.0,152.0,12.0,38.0,113.0,,236.0,232.0,,,493.0,86.0,17.0,0.0,15.0,0.0,,425.0,284.0,43.0,,160.0,137.0,232.0,152.0,5.0,0.0,0.0,681.0,120.0,178.0,,198.0,186.0,136.0,0.0,0.0,26.0,0.0,698.0,186.0,,,1324.0,29.0,36.0,45.0,53.0,70.0,213.0,524.0,494.0,,,450.0,136.0,80.0,794.0,260.0,121.0,,
ATP_[M+Na],,,,,,,,,0.0,0.0,0.0,0.0,12.0,0.0,0.0,0.0,0.0,,,0.0,12.0,0.0,0.0,,0.0,0.0,0.0,0.0,,,0.0,,0.0,0.0,0.0,0.0,0.0,0.0,0.0,0.0,,0.0,0.0,81.0,0.0,0.0,0.0,0.0,0.0,0.0,0.0,,0.0,0.0,,0.0,0.0,0.0,0.0,0.0,0.0,0.0,,0.0,,0.0,47.0,,0.0,0.0,0.0,0.0,,,0.0,0.0,0.0,0.0,0.0,4.0,110.0,0.0,,,,0.0,0.0,0.0,0.0,0.0,,0.0,0.0,0.0,,,0.0,0.0,0.0,0.0,0.0,0.0,,4.0,0.0,,,0.0,0.0,0.0,0.0,0.0,0.0,,0.0,0.0,0.0,,0.0,0.0,37.0,0.0,0.0,0.0,6.0,0.0,0.0,0.0,,0.0,0.0,0.0,0.0,0.0,0.0,0.0,47.0,0.0,,,17.0,0.0,0.0,0.0,0.0,0.0,0.0,0.0,0.0,,,287.0,0.0,0.0,0.0,0.0,0.0,,
Acetyl coenzyme A (Acetyl-CoA)_[M+H],,0.0,,,,,,,1445.0,198.0,137.0,43.0,913.0,1333.0,400.0,672.0,293.0,259.0,,1414.0,1458.0,277.0,525.0,442.0,669.0,217.0,1856.0,488.0,15.0,,1573.0,340.0,600.0,785.0,1945.0,396.0,269.0,1254.0,187.0,,,3257.0,779.0,1243.0,309.0,535.0,87.0,39.0,1959.0,489.0,5.0,10.0,2604.0,888.0,168.0,1590.0,68.0,58.0,32.0,2195.0,211.0,,19.0,1363.0,966.0,422.0,459.0,132.0,45.0,15.0,2440.0,503.0,58.0,,2162.0,1331.0,1291.0,150.0,36.0,105.0,73.0,2024.0,1115.0,70.0,0.0,2367.0,203.0,436.0,336.0,389.0,0.0,148.0,2324.0,778.0,288.0,0.0,2192.0,421.0,1048.0,272.0,207.0,919.0,161.0,2889.0,1201.0,192.0,237.0,2775.0,61.0,548.0,128.0,210.0,52.0,533.0,2393.0,1390.0,155.0,42.0,2490.0,686.0,31.0,77.0,6.0,,82.0,2199.0,1154.0,368.0,25.0,1947.0,30.0,540.0,,366.0,,57.0,1939.0,853.0,60.0,12.0,3184.0,385.0,723.0,14.0,323.0,,41.0,2487.0,1061.0,,23.0,3194.0,566.0,448.0,2086.0,1402.0,497.0,122.0,12.0
Acetyl coenzyme A (Acetyl-CoA)_[M+Na],,0.0,,,,,,,0.0,0.0,0.0,0.0,0.0,0.0,0.0,0.0,0.0,0.0,,0.0,0.0,0.0,0.0,0.0,0.0,0.0,55.0,0.0,0.0,,0.0,0.0,0.0,0.0,0.0,0.0,0.0,0.0,0.0,,,0.0,0.0,0.0,0.0,0.0,0.0,0.0,0.0,0.0,0.0,0.0,0.0,0.0,0.0,0.0,0.0,0.0,0.0,0.0,0.0,,0.0,0.0,0.0,0.0,0.0,0.0,0.0,0.0,0.0,0.0,0.0,,0.0,0.0,0.0,0.0,0.0,0.0,0.0,0.0,0.0,0.0,0.0,0.0,0.0,0.0,0.0,0.0,0.0,0.0,0.0,0.0,0.0,0.0,0.0,0.0,0.0,0.0,0.0,0.0,0.0,0.0,0.0,0.0,0.0,0.0,0.0,0.0,0.0,0.0,0.0,0.0,0.0,0.0,0.0,0.0,0.0,0.0,0.0,0.0,0.0,,0.0,0.0,0.0,0.0,0.0,0.0,0.0,0.0,,0.0,,0.0,0.0,0.0,0.0,0.0,0.0,0.0,0.0,0.0,0.0,,0.0,0.0,0.0,,0.0,0.0,0.0,0.0,0.0,0.0,0.0,0.0,0.0
Acetylcysteine_[M+Na],,,,,,,,,,,,,,,,,,,,,,,,,,,,,,,,,,,,,,,,,,,,,,,,,,,,,,,,,,,,,,,,,,,,,,,,,,,,,,,,,,,,,,,,,,,,,,,,,,,,,,,,,,,,,,,,,,,,,,,,,,,,,34.0,,,,,,,,,,,,,,,,,,,0.0,,,,,,,,,,,,,,,
Ademetionine_[M+H],,,,,,,,,864.0,194.0,18.0,304.0,191.0,,238.0,1649.0,507.0,58.0,25.0,1400.0,348.0,425.0,43.0,120.0,,105.0,1182.0,478.0,140.0,,1410.0,98.0,20.0,607.0,122.0,291.0,27.0,813.0,280.0,,,1525.0,379.0,221.0,,78.0,763.0,871.0,2076.0,66.0,262.0,377.0,1013.0,967.0,517.0,29.0,566.0,1131.0,509.0,2393.0,111.0,53.0,,3171.0,101.0,213.0,216.0,46.0,34.0,658.0,1030.0,939.0,100.0,109.0,1759.0,234.0,318.0,666.0,51.0,405.0,213.0,1198.0,463.0,14.0,318.0,1106.0,789.0,80.0,116.0,580.0,39.0,1016.0,2598.0,452.0,549.0,92.0,2371.0,260.0,66.0,202.0,484.0,377.0,25.0,1872.0,562.0,118.0,187.0,1532.0,804.0,119.0,96.0,243.0,8.0,194.0,1776.0,1229.0,380.0,76.0,1297.0,542.0,144.0,75.0,605.0,455.0,484.0,2055.0,214.0,1067.0,466.0,1745.0,694.0,86.0,169.0,,673.0,,751.0,543.0,28.0,62.0,1468.0,1338.0,28.0,214.0,,,233.0,1112.0,508.0,162.0,,384.0,138.0,,2631.0,871.0,,,
Adenine_[M+H],242.0,2562.0,1718.0,518.0,941.0,1113.0,1238.0,759.0,3622.0,4370.0,6838.0,5275.0,3149.0,8937.0,4722.0,4625.0,6372.0,3053.0,2247.0,3711.0,5916.0,10811.0,2872.0,6541.0,4017.0,3141.0,7731.0,5985.0,1474.0,3657.0,4041.0,3343.0,6784.0,3074.0,9068.0,6163.0,7590.0,3059.0,5540.0,2705.0,2153.0,5183.0,8000.0,6577.0,3626.0,6103.0,6558.0,5468.0,4110.0,5057.0,5704.0,3272.0,2309.0,4186.0,2305.0,5281.0,8476.0,4458.0,4078.0,4187.0,5788.0,2858.0,1941.0,3724.0,5038.0,7475.0,5596.0,5254.0,4846.0,6996.0,4491.0,5796.0,5663.0,1992.0,3623.0,4678.0,2581.0,5590.0,4147.0,3416.0,4322.0,5264.0,3896.0,4522.0,2931.0,4574.0,4409.0,4889.0,4832.0,7478.0,3047.0,4397.0,4403.0,8550.0,3909.0,3961.0,2152.0,5540.0,6419.0,4636.0,7933.0,7695.0,2250.0,4328.0,4079.0,3146.0,4191.0,6517.0,4056.0,4326.0,3656.0,3192.0,5258.0,5437.0,5129.0,5777.0,5570.0,2654.0,5455.0,3195.0,4014.0,3019.0,6678.0,3445.0,5327.0,3132.0,5284.0,3874.0,2760.0,5570.0,4246.0,4182.0,7627.0,2661.0,9333.0,5510.0,5861.0,6603.0,4103.0,3456.0,4320.0,4263.0,2961.0,2146.0,7429.0,4366.0,5031.0,5586.0,5018.0,4519.0,3160.0,5245.0,1965.0,3116.0,2690.0,5398.0,2881.0,3369.0,1370.0
Adenine_[M+Na],0.0,0.0,0.0,0.0,0.0,0.0,0.0,0.0,0.0,0.0,0.0,0.0,0.0,0.0,0.0,0.0,0.0,0.0,0.0,0.0,0.0,0.0,0.0,0.0,0.0,0.0,0.0,0.0,0.0,0.0,0.0,0.0,0.0,0.0,0.0,0.0,0.0,0.0,0.0,0.0,0.0,0.0,0.0,0.0,0.0,0.0,0.0,0.0,0.0,0.0,0.0,0.0,0.0,0.0,0.0,0.0,0.0,0.0,0.0,0.0,0.0,0.0,0.0,0.0,0.0,0.0,0.0,0.0,0.0,0.0,0.0,0.0,0.0,0.0,0.0,0.0,0.0,0.0,0.0,0.0,0.0,0.0,0.0,0.0,0.0,0.0,0.0,0.0,0.0,0.0,0.0,0.0,0.0,0.0,0.0,0.0,0.0,0.0,0.0,0.0,0.0,0.0,0.0,0.0,0.0,0.0,0.0,0.0,0.0,0.0,0.0,0.0,0.0,0.0,0.0,0.0,0.0,0.0,0.0,0.0,0.0,0.0,0.0,0.0,0.0,0.0,0.0,0.0,0.0,0.0,0.0,0.0,0.0,0.0,0.0,0.0,0.0,0.0,0.0,0.0,0.0,0.0,0.0,0.0,0.0,0.0,0.0,0.0,0.0,0.0,0.0,0.0,0.0,0.0,0.0,0.0,0.0,0.0,0.0
"Adenosine 2',3'-Cyclic Phosphate_[M+H]",,,,,,,,,,,,8.0,,,303.0,,,,,,,,,,120.0,10.0,70.0,,,,,21.0,,,,,,,,,,,,10.0,,,,0.0,,,,,,,,,,,,,,,,,,,,,,,,,,,,,,,7.0,475.0,,,,,,,,16.0,,48.0,,61.0,,,,,,0.0,,30.0,,,,,,,,,142.0,,92.0,,,,,,,,,58.0,,,,,,,,,,,,,,,,,,,,,,197.0,,,,,36.0,,,,,,,,,,,,
Adenosine 5'-diphosphate (ADP)_[M+H],,,,,,,,,665.0,229.0,103.0,316.0,631.0,546.0,356.0,1590.0,86.0,0.0,,1080.0,770.0,274.0,32.0,329.0,261.0,,424.0,165.0,,,855.0,465.0,1406.0,127.0,929.0,271.0,177.0,1233.0,95.0,20.0,,641.0,641.0,314.0,699.0,689.0,106.0,137.0,1195.0,1805.0,61.0,27.0,378.0,787.0,171.0,359.0,854.0,1486.0,1021.0,1864.0,244.0,88.0,9.0,1001.0,446.0,1166.0,1350.0,212.0,95.0,606.0,1119.0,1081.0,710.0,,1384.0,779.0,759.0,369.0,374.0,2366.0,912.0,2738.0,1460.0,44.0,81.0,1094.0,341.0,1106.0,963.0,1637.0,1018.0,1887.0,3440.0,1257.0,201.0,,1060.0,1100.0,1431.0,1338.0,1791.0,493.0,592.0,214.0,1190.0,12.0,37.0,334.0,993.0,355.0,2950.0,608.0,592.0,1763.0,2597.0,764.0,584.0,41.0,1308.0,1551.0,1803.0,2621.0,1809.0,814.0,1026.0,1096.0,1615.0,541.0,,1591.0,623.0,788.0,2078.0,1329.0,1010.0,453.0,1363.0,475.0,144.0,,688.0,1162.0,755.0,1700.0,1546.0,527.0,1274.0,1766.0,822.0,62.0,40.0,2204.0,848.0,328.0,506.0,216.0,43.0,41.0,
Adenosine 5'-diphosphate (ADP)_[M+Na],,,,,,,,,0.0,0.0,0.0,0.0,0.0,0.0,0.0,0.0,0.0,117.0,,0.0,0.0,33.0,29.0,0.0,0.0,,80.0,0.0,,,0.0,0.0,0.0,0.0,0.0,0.0,0.0,0.0,0.0,0.0,,0.0,0.0,0.0,0.0,0.0,0.0,0.0,0.0,0.0,0.0,0.0,8.0,0.0,0.0,0.0,0.0,0.0,0.0,0.0,0.0,0.0,0.0,0.0,0.0,0.0,0.0,0.0,0.0,0.0,21.0,0.0,0.0,,0.0,0.0,0.0,0.0,0.0,0.0,0.0,13.0,0.0,0.0,0.0,0.0,0.0,0.0,0.0,0.0,0.0,247.0,108.0,0.0,0.0,,0.0,0.0,0.0,0.0,0.0,0.0,8.0,93.0,43.0,0.0,0.0,0.0,0.0,0.0,0.0,38.0,0.0,0.0,0.0,0.0,0.0,0.0,0.0,0.0,0.0,50.0,0.0,0.0,0.0,0.0,0.0,0.0,,0.0,0.0,0.0,0.0,0.0,51.0,12.0,13.0,0.0,0.0,,0.0,9.0,0.0,37.0,0.0,0.0,0.0,128.0,0.0,59.0,0.0,40.0,13.0,0.0,182.0,0.0,4.0,0.0,
Adenosine 5'-phosphosulfate_[M+Na],,,,,,,,,,,,,,,,,,,,,,43.0,29.0,,,,52.0,,,,,,,,15.0,3.0,,,4.0,,,,,,,,,,,,,,27.0,,,,,0.0,,,14.0,,,,,,,,,,29.0,,,,,,,,,,,,12.0,,,,13.0,,,15.0,,150.0,99.0,,,,,14.0,,3.0,,,4.0,270.0,53.0,,,8.0,0.0,,,25.0,,,,,,,0.0,,,41.0,,,,,,,,,,,,,35.0,,,,,,,28.0,,31.0,,,,83.0,,34.0,,44.0,,,202.0,,,,
Adenosine Diphosphate Ribose_[M+H],,,,,,,,,,,0.0,0.0,,0.0,,,,,,,,,0.0,,0.0,,,,,,,0.0,0.0,,,0.0,,,,,,,0.0,,0.0,,,0.0,,,,,,,,,,,,0.0,,,,,,,,0.0,,0.0,,,,,10.0,0.0,,,,,,,,,,,0.0,,,,0.0,0.0,,,,,,,,,,,,,,,,,,,,0.0,,,,,,,,,,,0.0,,0.0,,,,,,,,,,0.0,0.0,,,,,,,,0.0,0.0,,0.0,,,,,,0.0,,,,,,
Adenosine Diphosphate Ribose_[M+Na],,,,,,,,,,,267.0,24.0,,6.0,,,,,,,,,249.0,,43.0,,,,,,,7.0,21.0,,,29.0,,,,,,,25.0,,0.0,,,2.0,,,,,,,,,,,,0.0,,,,,,,,62.0,,3.0,,,,,0.0,0.0,,,,,,,,,,,723.0,,,,27.0,5.0,,,,,,,,,,,,,,,,,,,,13.0,,,,,,,,,,,220.0,,2.0,,,,,,,,,,8.0,34.0,,,,,,,,4.0,29.0,,0.0,,,,,,39.0,,,,,,
Adenosine phosphate_[M+H],,789.0,,44.0,35.0,,,,4006.0,21742.0,25385.0,22294.0,10086.0,32966.0,27483.0,6694.0,5168.0,1563.0,59.0,3607.0,27391.0,22126.0,13993.0,23708.0,22542.0,19166.0,4767.0,4353.0,2839.0,,2658.0,12378.0,22963.0,7650.0,19861.0,17651.0,21004.0,3398.0,3759.0,1317.0,166.0,3921.0,32279.0,29410.0,15468.0,20521.0,35385.0,20474.0,4439.0,5003.0,3766.0,50.0,4189.0,13689.0,11265.0,11308.0,24475.0,18772.0,18932.0,3996.0,5652.0,405.0,16.0,3106.0,21759.0,33215.0,20570.0,11491.0,13646.0,28267.0,4757.0,5277.0,5526.0,109.0,3248.0,10683.0,16071.0,15763.0,18885.0,32762.0,33513.0,4497.0,6403.0,4609.0,,3971.0,33942.0,17998.0,20404.0,30111.0,14514.0,18998.0,4346.0,5856.0,2838.0,87.0,2344.0,24553.0,26913.0,13200.0,25032.0,29472.0,17479.0,4563.0,4598.0,3630.0,,3706.0,17302.0,8610.0,22174.0,10553.0,29614.0,26003.0,2656.0,6591.0,3751.0,77.0,3649.0,22185.0,14038.0,13633.0,22925.0,16408.0,11460.0,3380.0,3874.0,4356.0,,2897.0,24713.0,14167.0,22174.0,11734.0,22361.0,4575.0,2934.0,3322.0,3958.0,,4126.0,13738.0,4004.0,12745.0,17819.0,9157.0,17288.0,3614.0,5324.0,4237.0,16.0,3332.0,9475.0,20098.0,3810.0,2571.0,2433.0,213.0,
Adenosine phosphate_[M+Na],,0.0,,0.0,0.0,,,,0.0,0.0,0.0,0.0,0.0,0.0,0.0,0.0,0.0,0.0,0.0,0.0,0.0,0.0,0.0,0.0,0.0,0.0,0.0,0.0,0.0,,0.0,0.0,0.0,0.0,0.0,0.0,0.0,0.0,0.0,0.0,0.0,0.0,0.0,0.0,0.0,0.0,0.0,0.0,0.0,0.0,0.0,0.0,0.0,0.0,0.0,0.0,0.0,0.0,0.0,0.0,0.0,0.0,0.0,0.0,0.0,0.0,0.0,0.0,0.0,0.0,0.0,0.0,0.0,0.0,0.0,0.0,0.0,0.0,0.0,0.0,0.0,0.0,0.0,0.0,,0.0,0.0,0.0,0.0,0.0,0.0,0.0,0.0,0.0,0.0,0.0,0.0,0.0,0.0,0.0,0.0,0.0,0.0,0.0,0.0,0.0,,0.0,0.0,0.0,0.0,0.0,0.0,0.0,0.0,0.0,0.0,0.0,0.0,0.0,0.0,0.0,0.0,0.0,0.0,0.0,0.0,0.0,,0.0,0.0,0.0,0.0,0.0,0.0,0.0,0.0,0.0,0.0,,0.0,0.0,0.0,0.0,0.0,0.0,0.0,0.0,0.0,0.0,0.0,0.0,0.0,0.0,0.0,0.0,0.0,0.0,
Adenosine-3'-5'-Diphosphate_[M+H],,,,,,,,,665.0,213.0,103.0,316.0,631.0,546.0,356.0,1590.0,86.0,0.0,,1080.0,770.0,274.0,32.0,329.0,261.0,,424.0,165.0,,,855.0,465.0,1406.0,127.0,929.0,271.0,177.0,1210.0,95.0,20.0,,641.0,641.0,314.0,699.0,667.0,106.0,137.0,1195.0,1805.0,61.0,27.0,378.0,706.0,171.0,359.0,854.0,1486.0,1021.0,1864.0,244.0,88.0,9.0,1001.0,446.0,1166.0,1350.0,212.0,95.0,606.0,1119.0,1081.0,710.0,,1384.0,779.0,759.0,369.0,374.0,2366.0,912.0,2738.0,1460.0,44.0,81.0,1094.0,341.0,1106.0,939.0,1637.0,1018.0,1887.0,3440.0,1257.0,201.0,,1060.0,1100.0,1431.0,1338.0,1791.0,493.0,592.0,214.0,1162.0,12.0,37.0,334.0,917.0,355.0,2950.0,608.0,564.0,1763.0,2597.0,780.0,584.0,16.0,1308.0,1551.0,1803.0,2621.0,1711.0,814.0,1026.0,1096.0,1615.0,541.0,,1591.0,549.0,788.0,2078.0,1329.0,1010.0,453.0,1363.0,475.0,144.0,,688.0,1162.0,698.0,1700.0,1546.0,527.0,1274.0,1766.0,822.0,62.0,40.0,2161.0,848.0,33.0,499.0,216.0,43.0,41.0,
Adenosine-3'-5'-Diphosphate_[M+Na],,,,,,,,,0.0,0.0,0.0,0.0,18.0,0.0,14.0,0.0,0.0,117.0,,0.0,0.0,33.0,29.0,0.0,0.0,,80.0,0.0,,,0.0,0.0,0.0,0.0,0.0,0.0,0.0,0.0,0.0,0.0,,0.0,0.0,0.0,0.0,0.0,0.0,0.0,0.0,0.0,0.0,0.0,8.0,0.0,0.0,0.0,0.0,0.0,0.0,0.0,0.0,0.0,0.0,0.0,0.0,0.0,0.0,0.0,0.0,0.0,21.0,0.0,0.0,,0.0,0.0,0.0,0.0,0.0,0.0,0.0,13.0,0.0,0.0,0.0,0.0,0.0,0.0,0.0,0.0,0.0,247.0,108.0,0.0,0.0,,0.0,0.0,0.0,0.0,0.0,0.0,8.0,93.0,43.0,0.0,0.0,0.0,0.0,0.0,0.0,38.0,0.0,0.0,0.0,0.0,0.0,0.0,0.0,0.0,0.0,50.0,0.0,0.0,0.0,0.0,0.0,0.0,,0.0,0.0,0.0,0.0,0.0,51.0,12.0,13.0,0.0,0.0,,0.0,9.0,0.0,37.0,0.0,0.0,0.0,128.0,0.0,59.0,0.0,40.0,13.0,3.0,182.0,0.0,4.0,0.0,
Adenosine_[M+H],,,,,,,,,0.0,30.0,0.0,161.0,90.0,28.0,109.0,5.0,15.0,53.0,,12.0,0.0,178.0,173.0,88.0,0.0,0.0,0.0,0.0,0.0,,0.0,33.0,37.0,202.0,60.0,3.0,0.0,318.0,335.0,,,0.0,0.0,25.0,183.0,204.0,185.0,79.0,119.0,,55.0,30.0,0.0,59.0,28.0,36.0,271.0,441.0,31.0,85.0,0.0,,,142.0,135.0,154.0,72.0,263.0,99.0,23.0,110.0,58.0,0.0,,14.0,0.0,26.0,209.0,21.0,176.0,531.0,0.0,0.0,9.0,0.0,231.0,53.0,0.0,42.0,144.0,0.0,40.0,0.0,0.0,0.0,,0.0,6.0,0.0,277.0,263.0,29.0,34.0,0.0,32.0,29.0,,14.0,358.0,47.0,254.0,99.0,858.0,90.0,0.0,220.0,0.0,34.0,61.0,18.0,59.0,138.0,155.0,132.0,71.0,13.0,0.0,0.0,,51.0,96.0,20.0,430.0,0.0,42.0,0.0,0.0,,12.0,,237.0,140.0,142.0,95.0,74.0,15.0,0.0,97.0,0.0,0.0,,0.0,60.0,2.0,0.0,58.0,,,
Adenosine_[M+Na],,,,,,,,,16.0,18.0,118.0,493.0,50.0,276.0,405.0,30.0,0.0,0.0,,0.0,82.0,107.0,0.0,279.0,89.0,52.0,25.0,0.0,0.0,,0.0,0.0,236.0,23.0,0.0,16.0,232.0,0.0,0.0,,,0.0,342.0,0.0,0.0,0.0,464.0,0.0,0.0,,0.0,0.0,0.0,0.0,0.0,0.0,4.0,283.0,11.0,0.0,0.0,,,0.0,0.0,459.0,41.0,0.0,0.0,336.0,0.0,0.0,0.0,,0.0,11.0,110.0,12.0,31.0,89.0,311.0,0.0,0.0,0.0,0.0,0.0,258.0,12.0,274.0,74.0,123.0,63.0,0.0,0.0,0.0,,0.0,7.0,196.0,0.0,493.0,61.0,5.0,0.0,0.0,0.0,,0.0,0.0,0.0,0.0,0.0,69.0,152.0,0.0,0.0,0.0,0.0,0.0,13.0,0.0,0.0,361.0,0.0,0.0,0.0,39.0,0.0,,0.0,37.0,77.0,160.0,0.0,161.0,0.0,0.0,,0.0,,0.0,86.0,0.0,102.0,0.0,0.0,0.0,0.0,0.0,0.0,,0.0,32.0,82.0,0.0,0.0,,,
Allantoate/Allantoic acid_[M+Na],,,,,,,,,,,,,,,,,,,,,,,,,,,,,,,,,,,,,,,,,,,,,,,,,,,,,,,,,,,,,,,,,,,,,,,,,,,,,,,,,,,,,,,0.0,,,,,,,,,,,,,,,,,,,,,,,,,,,,,,,,,,,,,,,,,,,,,,,,,,,,,,,,,,,,,,,,,,,,,,,,
Allantoin_[M+Na],,,,,,,,,,,,,,,,,,,,,,,,,,,,,,,,,,,,,,,,,,,,,,,,,,,,,,,,,,,,,,,,,,,,,,,,,,,,,,,,,,,,,,,,,0.0,,,,,,,,,,,,,,,,,,,,,,,,,,,,,,,,,,,,,,,,,,,,,,,,,,,,,,,,,,,,,,,,,,,,,,3.0
Alpha-D-Galactose-1-Phosphate_[M+K],,,,,,,,,,0.0,,,,,,,,,,,0.0,0.0,,0.0,,,,,,,,0.0,,0.0,,0.0,0.0,,,,,,0.0,,,,0.0,,,,,,,0.0,0.0,,,,192.0,,,,,,,,0.0,0.0,0.0,0.0,,,,,,0.0,0.0,0.0,,0.0,0.0,,,,,,,0.0,,,,0.0,0.0,,,,,0.0,0.0,0.0,,,,,,,,,0.0,0.0,0.0,,0.0,0.0,,0.0,,,,,,,,0.0,,,,,,,,0.0,,,,0.0,,,,,,,,,0.0,,0.0,,,,,,,0.0,,,,,
Alpha-D-Galactose-1-Phosphate_[M+Na],,,,,,,,,,12.0,,,,,,,,,,,51.0,0.0,,0.0,,,,,,,,78.0,,0.0,,0.0,0.0,,,,,,0.0,,,,0.0,,,,,,,50.0,23.0,,,,0.0,,,,,,,,0.0,0.0,62.0,0.0,,,,,,0.0,21.0,0.0,,82.0,3.0,,,,,,,0.0,,,,17.0,12.0,,,,,0.0,16.0,11.0,,,,,,,,,372.0,0.0,43.0,,0.0,0.0,,0.0,,,,,,,,0.0,,,,,,,,0.0,,,,0.0,,,,,,,,,0.0,,60.0,,,,,,,0.0,,,,,
Alpha-D-Glucose_[M+Na],,,,,,,,,92.0,4786.0,420.0,3071.0,6815.0,1198.0,2266.0,138.0,0.0,,,,2161.0,2985.0,3155.0,1625.0,1454.0,273.0,,,,11.0,,2303.0,1687.0,6634.0,2411.0,988.0,1594.0,35.0,,,,44.0,1652.0,2463.0,1902.0,424.0,2939.0,1085.0,43.0,,,,87.0,2823.0,5377.0,1825.0,2892.0,3062.0,1513.0,,,,,65.0,1017.0,1396.0,471.0,1919.0,1737.0,1218.0,,,0.0,,123.0,4598.0,,743.0,1393.0,84.0,1735.0,0.0,,,,518.0,39.0,1959.0,1479.0,995.0,2416.0,1200.0,,,,,205.0,1168.0,478.0,2431.0,328.0,1156.0,2173.0,,,,,169.0,1336.0,10435.0,2440.0,3668.0,,4346.0,150.0,,,,,429.0,2705.0,4511.0,375.0,1920.0,2627.0,18.0,,,62.0,45.0,1382.0,6006.0,1275.0,176.0,1155.0,330.0,,,,,,9667.0,2155.0,1790.0,673.0,6362.0,865.0,14.0,,,,57.0,5286.0,463.0,,,,,
Aminoadipate_[M+H],,0.0,,,,,0.0,0.0,0.0,0.0,0.0,32.0,0.0,0.0,0.0,0.0,0.0,0.0,0.0,0.0,0.0,0.0,,0.0,0.0,50.0,0.0,,0.0,,0.0,0.0,0.0,0.0,0.0,0.0,0.0,0.0,0.0,,,0.0,0.0,0.0,39.0,6.0,0.0,0.0,0.0,33.0,,0.0,0.0,0.0,,0.0,67.0,50.0,0.0,45.0,0.0,0.0,,0.0,0.0,0.0,134.0,0.0,231.0,0.0,0.0,0.0,0.0,0.0,0.0,0.0,,29.0,0.0,41.0,21.0,0.0,,,,0.0,60.0,0.0,17.0,0.0,0.0,0.0,21.0,0.0,0.0,,0.0,71.0,0.0,84.0,0.0,0.0,0.0,0.0,0.0,,0.0,0.0,0.0,0.0,0.0,0.0,0.0,87.0,0.0,0.0,0.0,0.0,0.0,0.0,0.0,0.0,343.0,78.0,0.0,0.0,0.0,,0.0,0.0,0.0,17.0,0.0,0.0,93.0,0.0,0.0,0.0,,,0.0,0.0,0.0,0.0,0.0,,0.0,0.0,14.0,,,0.0,0.0,16.0,0.0,,,,
Aminoadipate_[M+Na],,0.0,,,,,0.0,0.0,5186.0,1638.0,908.0,136.0,178.0,523.0,495.0,6085.0,0.0,0.0,0.0,5325.0,900.0,192.0,,25.0,136.0,80.0,7495.0,,0.0,,5956.0,743.0,471.0,40.0,86.0,10.0,216.0,5389.0,0.0,,,4520.0,234.0,631.0,116.0,445.0,207.0,65.0,4854.0,0.0,,0.0,5347.0,555.0,,95.0,679.0,1317.0,952.0,5210.0,13.0,0.0,,3832.0,125.0,734.0,381.0,23.0,82.0,235.0,4827.0,152.0,10.0,0.0,6033.0,171.0,,985.0,1062.0,594.0,417.0,4216.0,,,,5207.0,469.0,439.0,302.0,715.0,81.0,839.0,5369.0,2.0,0.0,,4305.0,476.0,443.0,47.0,418.0,1127.0,337.0,5797.0,15.0,,0.0,4919.0,58.0,0.0,656.0,835.0,26.0,0.0,5845.0,0.0,0.0,0.0,6250.0,574.0,780.0,828.0,824.0,105.0,0.0,3895.0,27.0,,0.0,4707.0,638.0,98.0,799.0,61.0,103.0,600.0,5262.0,110.0,,,4495.0,599.0,20.0,1114.0,609.0,,490.0,5451.0,0.0,,,4226.0,19.0,120.0,5227.0,,,,
Aminobenzoic acid_[M+H],,,,,,,,,,,,357.0,,,51.0,,,,,37.0,178.0,,,,387.0,,,,,,14.0,0.0,77.0,,31.0,,,24.0,268.0,,,,,,37.0,,54.0,,,167.0,,,,,,,,,31.0,,,,,,,230.0,177.0,,45.0,62.0,,299.0,,,,,27.0,,,68.0,,,,,,,45.0,,235.0,70.0,,,,,,,61.0,,,,70.0,76.0,,,,,,,6.0,,89.0,,45.0,,,123.0,,,,,,,43.0,24.0,21.0,,,,,,7.0,,,,,,,173.0,,,16.0,17.0,,41.0,,,37.0,,,,,,,,,,,,
Aminolevulinic acid_[M+H],,,,,,,,,0.0,0.0,0.0,0.0,0.0,0.0,0.0,,,,,0.0,0.0,0.0,0.0,,0.0,,,,,,,,0.0,0.0,,,,,,,,,0.0,,,,,,,,,,,0.0,0.0,0.0,0.0,0.0,,,,,,,0.0,,,0.0,0.0,0.0,,,,,,0.0,,0.0,0.0,0.0,0.0,,,,,,,9.0,0.0,0.0,0.0,,,,,,,,,0.0,,,0.0,0.0,,,,,,0.0,0.0,0.0,,,,,,,,0.0,0.0,0.0,0.0,,6.0,,,,,,,0.0,0.0,,0.0,,,,,,,0.0,9.0,0.0,,,0.0,,,,,,0.0,,,,,,
Anthranilic acid_[M-H2O+H],,,,0.0,,,0.0,0.0,,0.0,0.0,0.0,0.0,0.0,,,,0.0,0.0,,0.0,0.0,,,,,,,,,,,0.0,,0.0,0.0,0.0,0.0,0.0,,0.0,0.0,,,0.0,0.0,,0.0,,0.0,,,0.0,,,,10.0,,,0.0,17.0,0.0,0.0,0.0,0.0,,,,,0.0,0.0,0.0,0.0,,,,,,,,,0.0,0.0,,,0.0,,0.0,,0.0,,,0.0,0.0,,,0.0,,0.0,,0.0,0.0,,,0.0,,,0.0,0.0,,,,,,,0.0,0.0,0.0,,,0.0,0.0,0.0,,,0.0,0.0,,0.0,0.0,0.0,0.0,,0.0,0.0,,0.0,,,0.0,,,0.0,,,0.0,,,0.0,0.0,,0.0,,,0.0,0.0,0.0,0.0,
Arabitol_[M+Na],,,,,,,,0.0,,,,,,,,0.0,,,,,,0.0,,,0.0,0.0,,0.0,,,,,,,,,,,0.0,0.0,,,,,,,,,,,,,0.0,,,20.0,,,,,0.0,,,,,,,,,,,0.0,,,,,,,,,,,,0.0,,,,,,,,,,,,,,,,,,,0.0,,0.0,0.0,,0.0,,0.0,,,,,,0.0,,,0.0,,,,,,,0.0,,,0.0,,,,,,,,,,,0.0,,,,,,,,0.0,0.0,,,,,,,,,,
Arachidic acid_[M+Na],,,,,,,,,,,,,,,,0.0,,,0.0,,,,,,,,,,,0.0,0.0,,0.0,,,,,,,,,,,,,,,,,,,,,,,,,,,,,,,,,,,,,,,,0.0,,,,,,,,,,,,,,,,,,,,,,,,,,,,,,,,,0.0,,,,,,,,,,,,,,,,,,,,,,,,,,,,,,,,,,,,,,,,,,,,,,,,,,,,,
Argininosuccinic acid_[M+H],0.0,,0.0,,0.0,0.0,0.0,0.0,0.0,90.0,835.0,39.0,31.0,279.0,208.0,227.0,0.0,0.0,0.0,0.0,1790.0,1608.0,23.0,1446.0,88.0,714.0,48.0,0.0,0.0,0.0,121.0,337.0,380.0,121.0,665.0,169.0,613.0,29.0,0.0,0.0,0.0,29.0,665.0,758.0,78.0,793.0,1366.0,905.0,174.0,247.0,46.0,0.0,20.0,397.0,0.0,29.0,636.0,335.0,405.0,0.0,32.0,0.0,0.0,0.0,145.0,1152.0,435.0,20.0,311.0,1144.0,51.0,21.0,30.0,12.0,0.0,0.0,316.0,712.0,342.0,2851.0,801.0,132.0,68.0,363.0,,0.0,1008.0,180.0,95.0,21.0,0.0,1001.0,70.0,18.0,0.0,45.0,186.0,673.0,1035.0,52.0,894.0,2372.0,143.0,0.0,11.0,0.0,0.0,0.0,513.0,0.0,306.0,19.0,1288.0,860.0,0.0,299.0,36.0,0.0,10.0,345.0,88.0,268.0,842.0,949.0,34.0,0.0,469.0,0.0,0.0,0.0,1428.0,27.0,170.0,0.0,136.0,0.0,0.0,0.0,0.0,0.0,0.0,610.0,0.0,167.0,547.0,0.0,258.0,195.0,0.0,16.0,0.0,78.0,44.0,762.0,169.0,0.0,55.0,30.0,0.0
Argininosuccinic acid_[M+Na],0.0,,0.0,,0.0,0.0,0.0,0.0,0.0,0.0,0.0,0.0,0.0,0.0,0.0,0.0,0.0,0.0,0.0,0.0,0.0,0.0,0.0,0.0,0.0,0.0,0.0,0.0,0.0,0.0,0.0,0.0,0.0,0.0,0.0,0.0,0.0,0.0,0.0,0.0,0.0,0.0,0.0,0.0,0.0,0.0,0.0,0.0,0.0,0.0,0.0,0.0,0.0,0.0,0.0,0.0,0.0,0.0,0.0,0.0,0.0,0.0,0.0,0.0,0.0,0.0,0.0,0.0,0.0,0.0,0.0,0.0,0.0,0.0,0.0,0.0,0.0,0.0,0.0,0.0,0.0,0.0,0.0,0.0,,0.0,0.0,0.0,0.0,0.0,0.0,0.0,0.0,0.0,0.0,0.0,0.0,0.0,0.0,0.0,0.0,0.0,0.0,0.0,0.0,0.0,0.0,0.0,0.0,0.0,0.0,0.0,0.0,0.0,0.0,0.0,0.0,0.0,0.0,0.0,0.0,0.0,0.0,0.0,0.0,0.0,0.0,0.0,0.0,0.0,0.0,0.0,0.0,0.0,0.0,0.0,0.0,0.0,18.0,0.0,0.0,0.0,0.0,0.0,0.0,0.0,0.0,0.0,0.0,0.0,0.0,0.0,0.0,0.0,0.0,0.0,0.0,0.0,0.0
Asparagine_[M+H],0.0,0.0,0.0,0.0,0.0,0.0,0.0,0.0,20.0,0.0,0.0,0.0,0.0,0.0,0.0,0.0,0.0,0.0,0.0,0.0,0.0,0.0,0.0,0.0,0.0,0.0,0.0,0.0,0.0,0.0,0.0,0.0,0.0,0.0,0.0,0.0,0.0,0.0,0.0,0.0,0.0,0.0,0.0,0.0,0.0,0.0,0.0,0.0,0.0,0.0,0.0,0.0,0.0,0.0,0.0,0.0,0.0,0.0,0.0,0.0,0.0,2.0,0.0,0.0,8.0,0.0,0.0,0.0,0.0,0.0,0.0,0.0,0.0,0.0,0.0,0.0,0.0,0.0,0.0,0.0,0.0,0.0,0.0,0.0,0.0,0.0,0.0,0.0,0.0,0.0,0.0,0.0,0.0,0.0,0.0,0.0,0.0,0.0,0.0,0.0,0.0,0.0,0.0,0.0,0.0,0.0,0.0,0.0,0.0,0.0,0.0,0.0,0.0,0.0,0.0,0.0,0.0,0.0,0.0,0.0,0.0,0.0,0.0,0.0,0.0,0.0,0.0,0.0,0.0,0.0,0.0,0.0,0.0,0.0,92.0,0.0,0.0,0.0,0.0,0.0,0.0,0.0,0.0,0.0,0.0,0.0,0.0,0.0,0.0,0.0,0.0,0.0,0.0,0.0,0.0,0.0,0.0,0.0,0.0
Asparagine_[M+NH4],45.0,371.0,261.0,288.0,125.0,123.0,143.0,200.0,2.0,364.0,96.0,78.0,46.0,209.0,53.0,28.0,308.0,99.0,182.0,117.0,215.0,48.0,177.0,104.0,167.0,152.0,96.0,292.0,563.0,156.0,210.0,78.0,150.0,36.0,88.0,92.0,134.0,33.0,71.0,207.0,174.0,172.0,78.0,105.0,75.0,100.0,31.0,253.0,382.0,72.0,698.0,220.0,99.0,139.0,79.0,210.0,105.0,228.0,157.0,133.0,180.0,59.0,86.0,166.0,79.0,112.0,214.0,96.0,74.0,273.0,70.0,170.0,154.0,63.0,300.0,75.0,115.0,125.0,76.0,162.0,260.0,351.0,249.0,334.0,365.0,48.0,96.0,72.0,18.0,213.0,80.0,203.0,52.0,461.0,144.0,66.0,124.0,91.0,42.0,85.0,264.0,228.0,161.0,180.0,390.0,460.0,440.0,347.0,47.0,88.0,127.0,282.0,248.0,34.0,104.0,156.0,97.0,188.0,68.0,122.0,61.0,80.0,33.0,216.0,42.0,247.0,81.0,104.0,220.0,377.0,100.0,84.0,67.0,246.0,208.0,223.0,186.0,123.0,29.0,172.0,131.0,91.0,74.0,130.0,64.0,143.0,89.0,211.0,102.0,284.0,261.0,276.0,31.0,201.0,151.0,150.0,271.0,265.0,219.0
Asparagine_[M+Na],0.0,0.0,0.0,0.0,0.0,0.0,0.0,0.0,0.0,0.0,0.0,0.0,0.0,0.0,0.0,0.0,0.0,0.0,0.0,0.0,0.0,0.0,0.0,0.0,0.0,0.0,0.0,0.0,0.0,0.0,0.0,0.0,0.0,0.0,0.0,9.0,0.0,0.0,0.0,0.0,0.0,0.0,0.0,0.0,0.0,0.0,0.0,0.0,0.0,0.0,0.0,0.0,0.0,0.0,0.0,0.0,0.0,0.0,0.0,0.0,0.0,0.0,0.0,0.0,0.0,0.0,0.0,0.0,0.0,0.0,0.0,0.0,0.0,0.0,0.0,0.0,0.0,0.0,0.0,0.0,0.0,0.0,0.0,0.0,0.0,0.0,0.0,0.0,0.0,0.0,0.0,0.0,0.0,0.0,0.0,0.0,0.0,0.0,0.0,0.0,0.0,0.0,0.0,0.0,0.0,0.0,0.0,0.0,0.0,0.0,0.0,0.0,0.0,0.0,0.0,0.0,0.0,0.0,0.0,0.0,0.0,0.0,0.0,0.0,0.0,0.0,0.0,0.0,0.0,0.0,0.0,0.0,0.0,0.0,0.0,0.0,0.0,0.0,0.0,0.0,0.0,0.0,0.0,0.0,0.0,0.0,0.0,0.0,0.0,0.0,0.0,0.0,0.0,0.0,0.0,0.0,0.0,0.0,0.0
Asparagine_[M-H2O+H],0.0,0.0,0.0,0.0,0.0,0.0,0.0,0.0,0.0,0.0,0.0,0.0,0.0,0.0,0.0,0.0,0.0,0.0,0.0,0.0,0.0,0.0,0.0,0.0,0.0,0.0,0.0,0.0,0.0,0.0,0.0,0.0,0.0,0.0,0.0,14.0,0.0,0.0,0.0,0.0,0.0,0.0,0.0,0.0,0.0,0.0,0.0,0.0,0.0,0.0,0.0,0.0,0.0,0.0,0.0,0.0,0.0,0.0,0.0,0.0,0.0,0.0,0.0,0.0,0.0,0.0,0.0,0.0,0.0,0.0,0.0,0.0,0.0,0.0,0.0,0.0,0.0,0.0,0.0,0.0,0.0,0.0,0.0,0.0,0.0,0.0,0.0,0.0,0.0,0.0,0.0,0.0,0.0,0.0,0.0,0.0,0.0,0.0,0.0,0.0,0.0,0.0,0.0,0.0,0.0,0.0,0.0,0.0,0.0,0.0,0.0,0.0,0.0,0.0,0.0,0.0,0.0,0.0,0.0,0.0,0.0,0.0,0.0,0.0,0.0,0.0,0.0,0.0,0.0,0.0,0.0,0.0,0.0,0.0,0.0,0.0,0.0,0.0,0.0,0.0,0.0,0.0,0.0,0.0,0.0,0.0,0.0,0.0,0.0,0.0,0.0,0.0,0.0,0.0,0.0,0.0,0.0,0.0,0.0
Benzoic Acid_[M+H],,,,0.0,,,0.0,,0.0,0.0,0.0,0.0,0.0,0.0,0.0,0.0,0.0,0.0,0.0,0.0,0.0,,0.0,0.0,,0.0,0.0,0.0,,,0.0,,,,0.0,0.0,0.0,,,0.0,0.0,0.0,0.0,0.0,0.0,0.0,0.0,0.0,,0.0,0.0,0.0,0.0,,,0.0,0.0,0.0,,0.0,,,,,,0.0,0.0,0.0,0.0,0.0,0.0,,,,21.0,,0.0,,,,0.0,0.0,,,,0.0,0.0,,0.0,,0.0,,,,0.0,,0.0,0.0,0.0,0.0,0.0,0.0,0.0,0.0,,,,0.0,0.0,,0.0,0.0,0.0,0.0,0.0,,,0.0,,,0.0,0.0,0.0,0.0,0.0,,,0.0,0.0,0.0,0.0,0.0,0.0,13.0,0.0,,,,,,,0.0,,,,,,20.0,0.0,,,0.0,,0.0,0.0,,,,0.0
Beta-D-Fructose 6-phosphate_[M+H],,,,,,,,,0.0,0.0,0.0,,,,,0.0,,,,0.0,,,,,,,0.0,,,,0.0,,,,,,,0.0,,,,0.0,,,,,,,3.0,,,,21.0,,,,,,,0.0,,,,42.0,,,,,,,12.0,10.0,,,27.0,,,,,,,0.0,,,,4.0,,,,,,,0.0,,,,0.0,,,,,,,33.0,,,,21.0,,,,,,,0.0,,,,0.0,,,,,,,0.0,,,,70.0,,,,,,,0.0,,,,3.0,,,,,,,21.0,,,,0.0,,,7.0,,,,
Biotin_[M+H],,,,8.0,,,,,2220.0,161.0,228.0,0.0,0.0,146.0,14.0,2409.0,,,,2469.0,143.0,95.0,0.0,0.0,328.0,0.0,3416.0,17.0,,,3116.0,0.0,0.0,6.0,0.0,0.0,0.0,3728.0,,0.0,,4888.0,286.0,195.0,20.0,0.0,8.0,0.0,3143.0,0.0,,,3717.0,0.0,0.0,0.0,23.0,266.0,0.0,3462.0,0.0,71.0,,2807.0,67.0,0.0,0.0,0.0,0.0,0.0,3317.0,0.0,,,2768.0,0.0,143.0,84.0,0.0,15.0,0.0,3233.0,,10.0,9.0,3748.0,0.0,0.0,0.0,786.0,33.0,340.0,3144.0,0.0,,,2716.0,21.0,48.0,0.0,0.0,0.0,0.0,3087.0,0.0,,,4151.0,171.0,0.0,0.0,33.0,0.0,0.0,2427.0,16.0,,,3217.0,0.0,0.0,0.0,0.0,0.0,0.0,1484.0,,,,4007.0,191.0,92.0,0.0,0.0,0.0,0.0,2443.0,,0.0,37.0,4100.0,0.0,23.0,62.0,0.0,0.0,0.0,2264.0,0.0,0.0,,3254.0,0.0,0.0,1910.0,0.0,32.0,32.0,0.0
Biotin_[M+K],,,,0.0,,,,,17.0,0.0,0.0,0.0,0.0,0.0,0.0,0.0,,,,0.0,0.0,0.0,0.0,84.0,0.0,0.0,0.0,0.0,,,0.0,0.0,0.0,0.0,44.0,0.0,0.0,0.0,,0.0,,0.0,0.0,0.0,0.0,0.0,0.0,0.0,0.0,0.0,,,0.0,0.0,0.0,0.0,0.0,0.0,0.0,0.0,0.0,0.0,,0.0,0.0,29.0,0.0,0.0,0.0,0.0,0.0,0.0,,,0.0,0.0,0.0,0.0,0.0,0.0,0.0,0.0,,0.0,0.0,0.0,0.0,0.0,0.0,0.0,0.0,0.0,0.0,0.0,,,0.0,0.0,0.0,0.0,0.0,0.0,0.0,0.0,0.0,,,0.0,16.0,0.0,0.0,0.0,0.0,0.0,0.0,0.0,,,0.0,0.0,0.0,0.0,0.0,0.0,0.0,0.0,,,,0.0,0.0,0.0,0.0,0.0,0.0,0.0,0.0,,0.0,0.0,0.0,0.0,0.0,0.0,0.0,0.0,0.0,0.0,0.0,0.0,,0.0,0.0,0.0,0.0,0.0,0.0,0.0,0.0
Biotin_[M+Na],,,,0.0,,,,,0.0,0.0,0.0,0.0,0.0,0.0,0.0,0.0,,,,0.0,0.0,0.0,0.0,0.0,0.0,0.0,0.0,0.0,,,0.0,0.0,0.0,0.0,0.0,0.0,0.0,0.0,,0.0,,0.0,0.0,0.0,0.0,0.0,0.0,0.0,0.0,0.0,,,0.0,0.0,0.0,0.0,0.0,0.0,0.0,0.0,0.0,0.0,,0.0,0.0,0.0,0.0,0.0,0.0,0.0,0.0,0.0,,,28.0,0.0,0.0,0.0,0.0,0.0,0.0,0.0,,0.0,0.0,0.0,0.0,0.0,0.0,0.0,0.0,0.0,0.0,0.0,,,0.0,0.0,0.0,0.0,0.0,0.0,0.0,0.0,0.0,,,0.0,0.0,0.0,0.0,0.0,0.0,0.0,0.0,0.0,,,0.0,0.0,0.0,0.0,0.0,0.0,0.0,0.0,,,,0.0,0.0,0.0,0.0,0.0,0.0,0.0,0.0,,0.0,0.0,0.0,0.0,0.0,4.0,0.0,0.0,0.0,0.0,0.0,0.0,,0.0,0.0,0.0,0.0,0.0,0.0,0.0,0.0
Carnosine_[M+H],,,,0.0,,0.0,0.0,0.0,19.0,0.0,0.0,,0.0,0.0,0.0,28.0,10.0,,,0.0,9.0,13.0,0.0,0.0,11.0,,47.0,0.0,0.0,0.0,16.0,6.0,0.0,0.0,107.0,,19.0,27.0,0.0,0.0,15.0,0.0,0.0,0.0,0.0,0.0,0.0,4.0,0.0,0.0,0.0,0.0,25.0,0.0,,0.0,0.0,8.0,0.0,0.0,0.0,0.0,0.0,0.0,0.0,0.0,0.0,0.0,,0.0,0.0,10.0,0.0,0.0,0.0,,,0.0,0.0,,0.0,59.0,,0.0,0.0,0.0,0.0,0.0,0.0,0.0,,0.0,0.0,0.0,,0.0,0.0,0.0,0.0,0.0,0.0,0.0,,0.0,0.0,0.0,,0.0,,,,10.0,0.0,,0.0,0.0,0.0,0.0,0.0,0.0,6.0,,0.0,17.0,0.0,0.0,30.0,,0.0,0.0,,0.0,0.0,0.0,0.0,,0.0,0.0,0.0,,0.0,0.0,,0.0,0.0,0.0,0.0,10.0,,21.0,,0.0,0.0,0.0,22.0,,38.0,0.0,0.0
Carnosine_[M+Na],,,,0.0,,12.0,0.0,14.0,0.0,127.0,0.0,,0.0,0.0,0.0,0.0,0.0,,,0.0,0.0,0.0,0.0,0.0,0.0,,24.0,0.0,0.0,0.0,0.0,0.0,10.0,12.0,0.0,,0.0,0.0,0.0,0.0,20.0,23.0,0.0,0.0,39.0,0.0,39.0,0.0,0.0,46.0,0.0,0.0,0.0,0.0,,0.0,23.0,0.0,0.0,0.0,0.0,0.0,0.0,4.0,0.0,132.0,0.0,0.0,,7.0,0.0,0.0,0.0,0.0,0.0,,,0.0,6.0,,5.0,0.0,,12.0,0.0,74.0,23.0,0.0,0.0,0.0,,0.0,0.0,0.0,,0.0,51.0,0.0,0.0,0.0,90.0,16.0,,0.0,7.0,0.0,,0.0,,,,0.0,0.0,,0.0,36.0,0.0,0.0,28.0,37.0,0.0,,30.0,75.0,0.0,175.0,0.0,,0.0,0.0,,0.0,236.0,0.0,74.0,,0.0,40.0,0.0,,6.0,0.0,,70.0,0.0,0.0,49.0,0.0,,0.0,,56.0,124.0,0.0,0.0,,0.0,0.0,0.0
Cholesterol_[M+Na],,,,0.0,,,,0.0,,,,,,,,,,,,,,0.0,,,0.0,,,,,,,,0.0,,,,,,,,,,0.0,,,,,0.0,,,,,,,,,0.0,,,,,,,,0.0,0.0,0.0,,,0.0,,,0.0,,,,,0.0,0.0,,,,,,,,,,,,,,,,,,,0.0,0.0,0.0,0.0,,,,,,,,0.0,0.0,0.0,,,0.0,,,,,,,,,,,,,,,,,0.0,,0.0,,0.0,0.0,,,,,,,,,,,0.0,,,,4.0,,,,,,,,
Cholesterol_[M-H2O+H],,,,0.0,,,,11.0,,,,,,,,,,,,,,16.0,,,36.0,,,,,,,,138.0,,,,,,,,,,215.0,,,,,16.0,,,,,,,,,12.0,,,,,,,,9.0,7.0,30.0,,,106.0,,,0.0,,,,,78.0,6.0,,,,,,,,,,,,,,,,,,,11.0,12.0,54.0,0.0,,,,,,,,45.0,44.0,0.0,,,57.0,,,,,,,,,,,,,,,,,63.0,,32.0,,21.0,97.0,,,,,,,,,,,0.0,,,,0.0,,,,,,,,
Choline_[M+H],,,,,,,,,6694.0,963.0,654.0,227.0,0.0,33.0,0.0,4785.0,0.0,0.0,,5934.0,119.0,205.0,0.0,36.0,0.0,0.0,5720.0,0.0,,,5136.0,157.0,70.0,0.0,0.0,0.0,0.0,5815.0,0.0,,,4562.0,342.0,0.0,0.0,29.0,0.0,0.0,4059.0,0.0,,,5458.0,0.0,0.0,0.0,253.0,81.0,335.0,3712.0,0.0,,,3470.0,17.0,0.0,62.0,0.0,0.0,34.0,4992.0,0.0,,,5302.0,0.0,0.0,295.0,333.0,166.0,0.0,4233.0,0.0,0.0,,5065.0,0.0,22.0,0.0,259.0,0.0,196.0,3003.0,0.0,0.0,,4855.0,132.0,163.0,0.0,133.0,94.0,0.0,3321.0,0.0,0.0,,4776.0,529.0,61.0,27.0,17.0,0.0,13.0,4984.0,0.0,0.0,,5015.0,250.0,556.0,0.0,0.0,0.0,0.0,3841.0,0.0,0.0,,3352.0,321.0,0.0,467.0,0.0,0.0,83.0,4838.0,0.0,,,4361.0,129.0,0.0,221.0,78.0,28.0,205.0,3266.0,0.0,0.0,,4790.0,0.0,0.0,2990.0,0.0,0.0,,
Cis-Aconitic Acid_[M+H],,,,,,,,,,,,,,,,,,,,,,,,,,,,,,,,,,,,,,,,,,,,,,,,,,,,,,,,,,,,,,0.0,,,,,,,,,,,,,,,,,,0.0,,,,,,,,,,,,,0.0,,,,,,,,,,,,,,,,,,,,0.0,,,,,,,,,,,,,,,,,,,,,,,,,,,,,,,,,,,,,,,,,,,,,,
Cis-Aconitic Acid_[M+Na],,,,,,,,,,,,,,,,,,,,,,,,,,,,,,,,,,,,,,,,,,,,,,,,,,,,,,,,,,,,,,8.0,,,,,,,,,,,,,,,,,,0.0,,,,,,,,,,,,,0.0,,,,,,,,,,,,,,,,,,,,15.0,,,,,,,,,,,,,,,,,,,,,,,,,,,,,,,,,,,,,,,,,,,,,,
Citicoline_[M+H],,,,,,,,,,68.0,45.0,,,,31.0,,,,,,,,,,,,,,,,,,,,,,,,,,,,,72.0,,,,,,,,,,314.0,,10.0,,,13.0,,,,,,,23.0,,,13.0,,,,,,,,,,,397.0,,,,,,,,24.0,,,,219.0,,,,,,,,,,,,,,,,,,,178.0,48.0,,,,,,,,178.0,,81.0,91.0,,,,,,,,,,12.0,71.0,,,,,,,,,,,23.0,,,0.0,,,,,,,,,,,
Citicoline_[M+Na],,,,,,,,,,0.0,0.0,,,,0.0,,,,,,,,,,,,,,,,,,,,,,,,,,,,,0.0,,,,,,,,,,0.0,,0.0,,,0.0,,,,,,,0.0,,,0.0,,,,,,,,,,,0.0,,,,,,,,0.0,,,,0.0,,,,,,,,,,,,,,,,,,,0.0,0.0,,,,,,,,0.0,,0.0,0.0,,,,,,,,,,0.0,0.0,,,,,,,,,,,0.0,,,0.0,,,,,,,,,,,
Citric Acid_[M+Na],,,,,,,,,,,,,,,,,,,,,,,,,,,,,,,,,,,,,,,,,,,,,,,,,,,,,,,,,,,,,,,,,37.0,,,,,,,,,,,,,,,,,,,,,,,,26.0,,,,,,,,37.0,,,,,,,,,,,,,,,,,,,,,,,,,,,,,,,,,,146.0,,,,,,,,,,,,,,,,,,,,,,,,,,,,
Coenzyme A_[M+H],,,,,,,,,27.0,,,23.0,,91.0,,265.0,,,,,,,45.0,126.0,,161.0,760.0,,,,,,,44.0,82.0,207.0,21.0,389.0,,,,12.0,21.0,98.0,38.0,415.0,113.0,100.0,82.0,49.0,,,145.0,111.0,,158.0,,,48.0,165.0,,,,19.0,,72.0,58.0,13.0,,233.0,160.0,,,,,120.0,112.0,,60.0,465.0,219.0,305.0,,,,166.0,131.0,191.0,35.0,225.0,37.0,,79.0,46.0,,,127.0,266.0,366.0,,12.0,349.0,82.0,46.0,,,,3.0,92.0,0.0,296.0,,493.0,,60.0,145.0,,,,5.0,12.0,,551.0,560.0,34.0,13.0,,,,9.0,,79.0,,15.0,58.0,,51.0,,,,,16.0,,88.0,27.0,,,21.0,110.0,,,151.0,293.0,118.0,169.0,8.0,,,
Creatinine_[M+H],,,,,,,0.0,0.0,,,7.0,0.0,,,,,,,,,0.0,,,,0.0,0.0,,,,,,,,,,,,,,,,0.0,,,,,13.0,,,0.0,0.0,,,0.0,,,0.0,,,,0.0,,0.0,0.0,,,,,,,0.0,,,,,,,29.0,,,0.0,,,,,,,,,0.0,,,,,,,,,0.0,0.0,,,,,54.0,,0.0,,,0.0,,,,,,0.0,,,,,,,,,,,,,,0.0,,0.0,,,,,,,,,,,0.0,,,,,0.0,,0.0,0.0,,,,,0.0,,,0.0
Creatinine_[M+Na],,,,,,,0.0,0.0,,,0.0,0.0,,,,,,,,,0.0,,,,0.0,0.0,,,,,,,,,,,,,,,,0.0,,,,,0.0,,,0.0,0.0,,,0.0,,,0.0,,,,0.0,,0.0,0.0,,,,,,,0.0,,,,,,,0.0,,,0.0,,,,,,,,,0.0,,,,,,,,,0.0,0.0,,,,,0.0,,3.0,,,0.0,,,,,,0.0,,,,,,,,,,,,,,0.0,,0.0,,,,,,,,,,,0.0,,,,,0.0,,0.0,0.0,,,,,0.0,,,0.0
Cyclic GMP_[M+H],,,,,,,,,0.0,0.0,45.0,0.0,0.0,0.0,0.0,0.0,0.0,0.0,,0.0,0.0,0.0,0.0,0.0,0.0,0.0,0.0,0.0,0.0,,0.0,0.0,0.0,0.0,0.0,43.0,0.0,0.0,0.0,0.0,,0.0,0.0,0.0,0.0,0.0,0.0,0.0,0.0,0.0,0.0,,0.0,0.0,0.0,0.0,0.0,24.0,0.0,0.0,0.0,,,0.0,0.0,0.0,0.0,0.0,7.0,0.0,0.0,0.0,0.0,,0.0,0.0,0.0,0.0,0.0,0.0,0.0,0.0,0.0,0.0,,0.0,0.0,0.0,0.0,0.0,0.0,120.0,0.0,0.0,0.0,,0.0,0.0,0.0,0.0,0.0,0.0,0.0,0.0,0.0,0.0,,0.0,0.0,0.0,112.0,0.0,0.0,0.0,0.0,0.0,0.0,,0.0,0.0,0.0,0.0,0.0,0.0,0.0,0.0,0.0,0.0,,0.0,0.0,0.0,0.0,0.0,0.0,0.0,0.0,0.0,0.0,,0.0,10.0,0.0,0.0,0.0,0.0,0.0,0.0,0.0,0.0,,0.0,0.0,0.0,0.0,0.0,0.0,,
Cyclic GMP_[M+Na],,,,,,,,,0.0,0.0,0.0,0.0,0.0,0.0,0.0,0.0,0.0,0.0,,0.0,0.0,0.0,0.0,0.0,0.0,0.0,0.0,0.0,0.0,,0.0,0.0,0.0,0.0,0.0,0.0,0.0,0.0,0.0,0.0,,0.0,0.0,0.0,0.0,0.0,0.0,0.0,0.0,0.0,0.0,,0.0,0.0,0.0,0.0,0.0,0.0,0.0,0.0,0.0,,,0.0,0.0,0.0,0.0,0.0,0.0,0.0,0.0,0.0,0.0,,0.0,0.0,0.0,0.0,0.0,0.0,0.0,0.0,0.0,0.0,,0.0,0.0,0.0,0.0,0.0,0.0,0.0,0.0,0.0,0.0,,0.0,0.0,0.0,0.0,0.0,0.0,0.0,0.0,0.0,0.0,,0.0,0.0,0.0,0.0,0.0,0.0,0.0,0.0,0.0,0.0,,0.0,0.0,0.0,0.0,0.0,0.0,0.0,0.0,0.0,0.0,,0.0,0.0,0.0,0.0,0.0,0.0,0.0,0.0,0.0,0.0,,0.0,0.0,0.0,0.0,0.0,0.0,0.0,0.0,0.0,0.0,,0.0,0.0,0.0,0.0,0.0,0.0,,
Cyclic adenosine monophosphate_[M+H],,,,,,,,,,,,,,,,,,,,,,,,,,,,,,,,,,,,,,,,,,,,,,,,,,,,,,,,,,,,,,,,0.0,,,,,,,,,,,,,,,,,,,,,,,,,,,,,,,,,,,,,,,,,,,,,,,,,,,,,,,,,,,,,,,,,,,,,,,,,,,,,,,,,,,,,,,,,,,,,,,
Cyclic adenosine monophosphate_[M+Na],,,,,,,,,,,,,,,,,,,,,,,,,,,,,,,,,,,,,,,,,,,,,,,,,,,,,,,,,,,,,,,,0.0,,,,,,,,,,,,,,,,,,,,,,,,,,,,,,,,,,,,,,,,,,,,,,,,,,,,,,,,,,,,,,,,,,,,,,,,,,,,,,,,,,,,,,,,,,,,,,,
Cysteinesulfonic Acid_[M+H],,0.0,,,,,,,,,,,,,,,,,,,,,,,,,,,,,,,,,,,,,,,,,,,,,27.0,,,,,,,,,,,,,,,,,,,,,,,,0.0,,,,,,,,,,,,,,,,,,,,,,,,,,,,,,0.0,,,,,,,,,,,,,,,,,,,,,,,,,,,,,,,,,,,,,,,,,,0.0,,,,,,,,,,,,,,,,
Cysteinesulfonic Acid_[M+Na],,0.0,,,,,,,,,,,,,,,,,,,,,,,,,,,,,,,,,,,,,,,,,,,,,0.0,,,,,,,,,,,,,,,,,,,,,,,,0.0,,,,,,,,,,,,,,,,,,,,,,,,,,,,,,29.0,,,,,,,,,,,,,,,,,,,,,,,,,,,,,,,,,,,,,,,,,,0.0,,,,,,,,,,,,,,,,
Cystine_[M+H],,,,,,,,,,,,,,,,,,,,,,,,,,,,,,,,,,,,,,,,,,,,,,,,,,,,,,,,,,,,,,,,,,,,,,,,,,,,,,,,,,,,,,,,,,,,,,,,,,,,,,,,,,,,,,,,,,,,,,,,,,,0.0,,,,,,,,,,,,,,,,,,,,,,,,,,,,,,,,,,,,
"Cytidine 2',3'-Cyclic Phosphate_[M+H]",,,,,,,,,,,,,,0.0,,,,,,,0.0,,,0.0,,,,,,,,,28.0,,,,,,,,,,0.0,,,0.0,,0.0,,,,,,,,,0.0,,0.0,,,,,,,,,,0.0,0.0,,,,,,,,,,0.0,0.0,,,,,,0.0,,,,,,,,,,,0.0,,,0.0,0.0,,,9.0,,,,,,,,0.0,,,,,,,,,,0.0,,,,,,,,,,0.0,,,,,,,,,0.0,,,,,,,,,,,,0.0,,,,,
"Cytidine 2',3'-Cyclic Phosphate_[M+K]",,,,,,,,,,,,,,0.0,,,,,,,0.0,,,0.0,,,,,,,,,0.0,,,,,,,,,,0.0,,,0.0,,0.0,,,,,,,,,0.0,,0.0,,,,,,,,,,0.0,0.0,,,,,,,,,,0.0,0.0,,,,,,0.0,,,,,,,,,,,0.0,,,0.0,0.0,,,0.0,,,,,,,,0.0,,,,,,,,,,0.0,,,,,,,,,,0.0,,,,,,,,,0.0,,,,,,,,,,,,0.0,,,,,
"Cytidine 2',3'-Cyclic Phosphate_[M+Na]",,,,,,,,,,,,,,0.0,,,,,,,0.0,,,0.0,,,,,,,,,0.0,,,,,,,,,,0.0,,,0.0,,0.0,,,,,,,,,0.0,,12.0,,,,,,,,,,0.0,0.0,,,,,,,,,,0.0,0.0,,,,,,0.0,,,,,,,,,,,0.0,,,0.0,0.0,,,0.0,,,,,,,,0.0,,,,,,,,,,0.0,,,,,,,,,,0.0,,,,,,,,,0.0,,,,,,,,,,,,0.0,,,,,
Cytidine-5'-Diphosphate_[M+H],,,,,,,,,,,,,,,0.0,,,,,,,,,,,0.0,,,,,,,0.0,,,,,,,,,0.0,,,,,,,,0.0,,,,,,,,,,111.0,,,,,,,29.0,,,,0.0,0.0,,,,,,,0.0,0.0,,,,,,,,,,,,,0.0,,,,,32.0,,,0.0,,,40.0,,,,,,,,,,,16.0,,,,,0.0,,,0.0,,,0.0,,,,,,,,,,0.0,0.0,,,,,,,,,,,,,0.0,,,,,,,,,
Cytidine-5'-Diphosphate_[M+Na],,,,,,,,,,,,,,,0.0,,,,,,,,,,,0.0,,,,,,,0.0,,,,,,,,,0.0,,,,,,,,0.0,,,,,,,,,,0.0,,,,,,,0.0,,,,0.0,0.0,,,,,,,0.0,0.0,,,,,,,,,,,,,0.0,,,,,0.0,,,0.0,,,0.0,,,,,,,,,,,0.0,,,,,12.0,,,0.0,,,0.0,,,,,,,,,,0.0,0.0,,,,,,,,,,,,,0.0,,,,,,,,,
Cytidine-5'-Monophosphate_[M+H],,,,,,,,,,0.0,0.0,0.0,,0.0,15.0,,,,,,0.0,,,0.0,0.0,0.0,,,,,,0.0,,,0.0,,0.0,,,,,,0.0,0.0,,0.0,0.0,0.0,,,,,,,0.0,0.0,0.0,0.0,,,,,,0.0,0.0,0.0,0.0,,0.0,0.0,0.0,,,,,,,,0.0,0.0,0.0,,,,,,0.0,0.0,,0.0,0.0,0.0,,,,,,0.0,0.0,,0.0,0.0,,,,,,,0.0,,0.0,,0.0,0.0,,,,,,0.0,,,0.0,,0.0,,,,,,0.0,,0.0,,0.0,,,0.0,,,0.0,,,,,,0.0,0.0,,,,,,0.0,,,,,
Cytidine-5'-Monophosphate_[M+Na],,,,,,,,,,0.0,67.0,0.0,,0.0,0.0,,,,,,0.0,,,0.0,0.0,0.0,,,,,,0.0,,,0.0,,0.0,,,,,,0.0,0.0,,0.0,0.0,0.0,,,,,,,0.0,0.0,0.0,9.0,,,,,,0.0,0.0,0.0,0.0,,0.0,0.0,0.0,,,,,,,,0.0,0.0,0.0,,,,,,0.0,0.0,,0.0,0.0,150.0,,,,,,0.0,0.0,,0.0,0.0,,,,,,,0.0,,37.0,,0.0,0.0,,,,,,0.0,,,0.0,,0.0,,,,,,0.0,,0.0,,0.0,,,0.0,,,0.0,,,,,,0.0,0.0,,,,,,0.0,,,,,
Cytidine-5'-Triphosphate_[M+H],,,,,,,,,,,,,,,,,,,,,,,0.0,,,,,,,,,,,,,,,,4.0,,,,,,,,,,,,,,0.0,,,,,,,,,,,0.0,,,,,,,,,,,,,,,,,,,,,,,,,,,,,,,,,0.0,0.0,,,,,,17.0,,,,,0.0,,,,,,,,,,,24.0,,,29.0,,,,,,,,,,,,,,,,,,,,,,,,,144.0,,,,,,,,,,,
Cytidine-5'-Triphosphate_[M+Na],,,,,,,,,,,,,,,,,,,,,,,0.0,,,,,,,,,,,,,,,,0.0,,,,,,,,,,,,,,0.0,,,,,,,,,,,0.0,,,,,,,,,,,,,,,,,,,,,,,,,,,,,,,,,0.0,0.0,,,,,,0.0,,,,,0.0,,,,,,,,,,,0.0,,,0.0,,,,,,,,,,,,,,,,,,,,,,,,,0.0,,,,,,,,,,,
Cytidine_[M+H],,,,0.0,,,,,17039.0,4101.0,2863.0,116.0,163.0,1792.0,1523.0,13223.0,,,,14692.0,1148.0,779.0,0.0,89.0,1392.0,483.0,14409.0,0.0,,,15578.0,1431.0,732.0,76.0,308.0,,1056.0,14089.0,,0.0,,16359.0,407.0,1641.0,0.0,318.0,748.0,124.0,13978.0,41.0,0.0,,16194.0,1011.0,164.0,526.0,2091.0,2153.0,1720.0,12550.0,36.0,,,16160.0,904.0,342.0,268.0,151.0,271.0,616.0,13492.0,12.0,0.0,,15209.0,82.0,407.0,1755.0,2063.0,1459.0,470.0,12831.0,,0.0,0.0,14919.0,1204.0,705.0,,2229.0,26.0,1608.0,13707.0,312.0,,,17332.0,866.0,1047.0,29.0,315.0,1518.0,218.0,13231.0,,,,13699.0,2744.0,381.0,1421.0,2060.0,879.0,252.0,13584.0,,,,13685.0,1031.0,1694.0,1582.0,806.0,557.0,52.0,12921.0,,,,14976.0,2117.0,138.0,2511.0,6.0,182.0,168.0,12400.0,,0.0,,15030.0,1843.0,0.0,1529.0,1124.0,65.0,1442.0,13736.0,,13.0,,16664.0,88.0,937.0,12548.0,0.0,0.0,0.0,35.0
Cytidine_[M+Na],,,,0.0,,,,,0.0,0.0,0.0,0.0,0.0,0.0,0.0,0.0,,,,0.0,0.0,0.0,0.0,0.0,0.0,0.0,0.0,0.0,,,0.0,0.0,0.0,0.0,0.0,,0.0,4.0,,0.0,,0.0,0.0,0.0,0.0,70.0,0.0,0.0,9.0,0.0,0.0,,0.0,0.0,0.0,0.0,0.0,0.0,0.0,0.0,0.0,,,0.0,0.0,0.0,0.0,0.0,0.0,0.0,0.0,0.0,0.0,,0.0,0.0,0.0,0.0,0.0,0.0,0.0,0.0,,0.0,0.0,0.0,0.0,0.0,,0.0,0.0,0.0,0.0,0.0,,,0.0,0.0,0.0,0.0,0.0,0.0,0.0,0.0,,,,0.0,0.0,0.0,0.0,0.0,0.0,0.0,0.0,,,,0.0,0.0,0.0,0.0,0.0,0.0,0.0,0.0,,,,0.0,0.0,0.0,0.0,0.0,0.0,0.0,0.0,,0.0,,0.0,0.0,0.0,0.0,0.0,0.0,0.0,0.0,,0.0,,0.0,0.0,0.0,0.0,0.0,0.0,0.0,0.0
Cytosine_[M+H],,,37.0,16.0,,,,,0.0,,,,,,,0.0,41.0,41.0,,0.0,26.0,,,6.0,0.0,0.0,35.0,,,,0.0,50.0,,,,,,0.0,0.0,,0.0,21.0,,,,25.0,,,0.0,0.0,,14.0,0.0,,,34.0,0.0,,11.0,0.0,0.0,,,0.0,0.0,,0.0,29.0,0.0,14.0,0.0,,,,0.0,17.0,,,,0.0,20.0,0.0,,,,0.0,,0.0,,8.0,16.0,,15.0,,,0.0,0.0,8.0,49.0,,,0.0,7.0,0.0,,14.0,,0.0,16.0,107.0,24.0,,0.0,0.0,10.0,14.0,,0.0,6.0,,0.0,,,,,0.0,0.0,29.0,0.0,11.0,,,,4.0,0.0,0.0,0.0,0.0,,,0.0,,,,7.0,,0.0,0.0,19.0,,32.0,0.0,0.0,,0.0,0.0,,0.0,
D-(+)-Melibiose_[M+H],,,,,,,,0.0,0.0,85.0,0.0,20.0,0.0,0.0,0.0,0.0,3.0,3.0,,0.0,0.0,13.0,0.0,149.0,0.0,107.0,0.0,,,,0.0,0.0,0.0,14.0,0.0,0.0,0.0,0.0,,,,0.0,40.0,0.0,0.0,52.0,54.0,0.0,0.0,,0.0,,0.0,32.0,0.0,0.0,0.0,0.0,0.0,0.0,,,,0.0,0.0,0.0,0.0,0.0,0.0,14.0,0.0,14.0,,,0.0,0.0,66.0,0.0,0.0,0.0,0.0,8.0,,,,0.0,0.0,130.0,89.0,0.0,0.0,0.0,0.0,0.0,,,0.0,14.0,12.0,0.0,0.0,0.0,0.0,0.0,0.0,,,0.0,0.0,0.0,0.0,0.0,366.0,0.0,0.0,27.0,0.0,,3.0,0.0,0.0,0.0,0.0,0.0,0.0,0.0,,,,0.0,0.0,33.0,0.0,0.0,0.0,0.0,0.0,,,,0.0,0.0,0.0,16.0,0.0,0.0,0.0,0.0,,,,0.0,130.0,0.0,12.0,,,,
D-(+)-Melibiose_[M+K],,,,,,,,0.0,840.0,2021.0,344.0,0.0,21.0,1468.0,190.0,582.0,0.0,0.0,,162.0,1111.0,1014.0,249.0,2308.0,994.0,645.0,340.0,,,,162.0,231.0,3236.0,0.0,1743.0,1353.0,1089.0,731.0,,,,2060.0,2019.0,976.0,259.0,816.0,2240.0,315.0,655.0,,0.0,,246.0,119.0,41.0,1007.0,1799.0,1444.0,10.0,628.0,,,,1945.0,1002.0,1160.0,1399.0,382.0,163.0,2108.0,635.0,0.0,,,852.0,121.0,88.0,481.0,84.0,0.0,1730.0,1501.0,,,,739.0,0.0,68.0,1908.0,327.0,677.0,0.0,1012.0,0.0,,,1557.0,1795.0,1177.0,16.0,465.0,727.0,63.0,797.0,0.0,,,256.0,0.0,86.0,230.0,90.0,968.0,2149.0,153.0,0.0,0.0,,152.0,229.0,269.0,0.0,771.0,1126.0,34.0,665.0,,,,1354.0,652.0,746.0,13.0,0.0,854.0,0.0,823.0,,,,1318.0,1094.0,0.0,78.0,1037.0,642.0,0.0,153.0,,,,1154.0,320.0,407.0,1090.0,,,,
D-(+)-Melibiose_[M+Na],,,,,,,,0.0,2069.0,6786.0,483.0,4623.0,4036.0,3095.0,1652.0,1751.0,0.0,0.0,,2700.0,2420.0,4819.0,823.0,4600.0,2086.0,2746.0,2938.0,,,,2342.0,2331.0,2914.0,4373.0,3259.0,1197.0,2033.0,1678.0,,,,2216.0,5583.0,1722.0,1841.0,561.0,3161.0,2049.0,1377.0,,0.0,,3324.0,2061.0,2874.0,3070.0,4706.0,3856.0,743.0,921.0,,,,2383.0,2273.0,524.0,1181.0,2957.0,2036.0,3948.0,2226.0,0.0,,,3784.0,3643.0,1512.0,1765.0,1643.0,403.0,3919.0,2394.0,,,,3905.0,170.0,2121.0,2874.0,1567.0,2203.0,729.0,1394.0,0.0,,,3484.0,2763.0,810.0,3885.0,120.0,757.0,1527.0,1945.0,0.0,,,3192.0,428.0,5217.0,1666.0,2437.0,398.0,4521.0,470.0,0.0,0.0,,2273.0,946.0,2205.0,2544.0,542.0,3390.0,1694.0,1086.0,,,,3032.0,1085.0,4460.0,970.0,203.0,1153.0,766.0,1556.0,,,,2600.0,4906.0,1309.0,1561.0,2109.0,4667.0,737.0,1986.0,,,,3106.0,1626.0,277.0,2168.0,,,,
D-(+)-Turanose_[M+Na],,,,,,,,,2069.0,6855.0,539.0,4686.0,4230.0,3095.0,1652.0,1751.0,,,,2700.0,2420.0,4876.0,823.0,4644.0,2086.0,2763.0,2938.0,,,,2342.0,2331.0,2977.0,4373.0,3282.0,1238.0,2033.0,1678.0,,,,2216.0,5695.0,1722.0,1841.0,570.0,3209.0,2049.0,1377.0,,,,3366.0,2061.0,2874.0,3216.0,4802.0,3856.0,743.0,921.0,,,,2383.0,2282.0,524.0,1248.0,2957.0,2036.0,3948.0,2226.0,,,,3709.0,3643.0,1512.0,1765.0,1643.0,403.0,3919.0,2394.0,,,,3905.0,170.0,2121.0,2960.0,1567.0,2203.0,729.0,1394.0,,,,3471.0,2836.0,810.0,3885.0,121.0,882.0,1527.0,1945.0,,,,3192.0,428.0,5230.0,1666.0,2437.0,398.0,4567.0,470.0,,,,2256.0,946.0,2205.0,2544.0,542.0,3390.0,1706.0,1144.0,,,,3032.0,1381.0,4472.0,970.0,203.0,1666.0,766.0,1556.0,,,,2600.0,4906.0,1309.0,1619.0,2109.0,4667.0,737.0,2002.0,,,,3106.0,1656.0,483.0,2168.0,,,,
D-Fructose_[M+Na],,,,,,,,,,3308.0,458.0,3020.0,6528.0,2184.0,1999.0,138.0,0.0,,,,2094.0,2838.0,2460.0,1706.0,1175.0,7.0,,,,,,1816.0,2185.0,6113.0,2102.0,731.0,1899.0,35.0,,,,44.0,1697.0,1722.0,1816.0,150.0,2352.0,1433.0,,,,,,2118.0,4618.0,1673.0,4420.0,2531.0,1429.0,,,,,65.0,804.0,953.0,794.0,1050.0,1231.0,758.0,,,0.0,,123.0,3582.0,599.0,1037.0,1449.0,84.0,1682.0,0.0,,,0.0,,39.0,1917.0,1743.0,522.0,3078.0,660.0,,,0.0,,98.0,981.0,478.0,2309.0,286.0,966.0,1760.0,,,,,124.0,828.0,7823.0,2014.0,3633.0,,5379.0,248.0,,,,,433.0,2258.0,3154.0,375.0,1011.0,1788.0,18.0,,,62.0,,1369.0,5768.0,1462.0,213.0,1495.0,830.0,,,,134.0,62.0,6532.0,1942.0,1408.0,372.0,6376.0,857.0,14.0,0.0,,,36.0,4586.0,,166.0,,,,
D-Galactose_[M+Na],,,,,,,,,,3308.0,458.0,2804.0,6528.0,2184.0,1999.0,138.0,0.0,,,,2094.0,2838.0,2460.0,1706.0,1175.0,7.0,,,,,,1816.0,2185.0,6113.0,2084.0,731.0,1893.0,35.0,,,,44.0,1606.0,1722.0,1816.0,128.0,2162.0,1416.0,,,,,,2118.0,4618.0,1673.0,4323.0,2531.0,1429.0,,,,,65.0,804.0,953.0,794.0,1050.0,1231.0,758.0,,,0.0,,123.0,3582.0,599.0,1037.0,1408.0,84.0,1682.0,0.0,,,0.0,,39.0,1654.0,,522.0,3023.0,660.0,,,0.0,,98.0,981.0,478.0,2240.0,286.0,966.0,1760.0,,,,,124.0,828.0,7823.0,2014.0,3633.0,,5367.0,150.0,,,,,433.0,2258.0,3060.0,375.0,1011.0,1788.0,18.0,,,62.0,,1343.0,5747.0,1462.0,213.0,1470.0,808.0,,,,134.0,62.0,6448.0,1942.0,1408.0,372.0,6286.0,857.0,14.0,0.0,,,36.0,4473.0,,166.0,,,,
D-Glucose 6-phosphate_[M+Na],,,,,,,,,,,,,,,,,,,,,51.0,,,,,,,,,,,111.0,,,,,,,,,,,,,,,,,,,,,,50.0,23.0,,,,,,,,,,,,,,62.0,,,,,,,,39.0,,,82.0,3.0,,,,,,,,,,,17.0,12.0,,,,,,16.0,,,,,,,,,,372.0,,,,,,,,,,,,,,,,,,,,,,,,,,,,,,,,,,,,,,60.0,,,,,,,,,,,,
D-Glucose_[M+Na],,,,,,,,,92.0,5051.0,420.0,2934.0,6506.0,1198.0,2318.0,138.0,,,,,2064.0,2678.0,3155.0,1644.0,1454.0,273.0,,,,11.0,,2588.0,1647.0,6694.0,2310.0,806.0,1594.0,35.0,,,,44.0,1564.0,2463.0,1890.0,424.0,2939.0,1085.0,43.0,,,,87.0,3079.0,5494.0,1825.0,2787.0,3062.0,1501.0,,,,,65.0,1017.0,1459.0,487.0,1919.0,1665.0,1184.0,,,0.0,,123.0,4552.0,,690.0,1274.0,84.0,1735.0,0.0,,,,518.0,39.0,1846.0,1568.0,995.0,2462.0,1200.0,,,,,205.0,1168.0,478.0,2365.0,328.0,1156.0,2148.0,,,,,169.0,1440.0,10918.0,2347.0,3717.0,,4138.0,150.0,,,,,429.0,2705.0,4652.0,375.0,1920.0,2621.0,18.0,,,62.0,45.0,1382.0,5998.0,1275.0,176.0,1155.0,330.0,,,,,,10157.0,1870.0,1871.0,660.0,6620.0,865.0,14.0,,,,57.0,5252.0,463.0,,,,,
D-Mannose_[M+Na],,,,,,,,,,2985.0,458.0,2614.0,5005.0,2014.0,1532.0,138.0,0.0,,,,1902.0,2541.0,1976.0,1617.0,935.0,7.0,,,,,,1137.0,1775.0,4654.0,1667.0,574.0,1387.0,16.0,,,,44.0,1591.0,902.0,1425.0,150.0,1962.0,1231.0,,,,,31.0,1778.0,3357.0,1050.0,4085.0,2078.0,1429.0,,,,,65.0,516.0,875.0,649.0,911.0,694.0,675.0,,,0.0,,123.0,2940.0,463.0,873.0,1031.0,84.0,1187.0,0.0,,,0.0,,,1371.0,1598.0,456.0,2484.0,465.0,,,0.0,,43.0,579.0,478.0,1611.0,286.0,620.0,1373.0,,,,,59.0,726.0,6276.0,1232.0,2705.0,,5012.0,232.0,,,,,277.0,1831.0,2693.0,375.0,311.0,1677.0,18.0,,,35.0,,1154.0,4424.0,1254.0,,1340.0,757.0,,,,134.0,62.0,4861.0,1572.0,1090.0,145.0,4875.0,786.0,14.0,0.0,,,,3595.0,,166.0,,,,
D-Pantothenic Acid_[M+H],0.0,0.0,0.0,0.0,0.0,6.0,0.0,0.0,0.0,0.0,13.0,0.0,0.0,0.0,0.0,0.0,0.0,0.0,0.0,0.0,0.0,0.0,0.0,0.0,0.0,12.0,0.0,0.0,0.0,0.0,0.0,0.0,0.0,0.0,0.0,29.0,0.0,0.0,0.0,6.0,0.0,0.0,19.0,0.0,0.0,27.0,0.0,0.0,0.0,0.0,0.0,0.0,43.0,0.0,0.0,0.0,19.0,0.0,0.0,0.0,0.0,0.0,0.0,0.0,0.0,0.0,0.0,50.0,0.0,0.0,0.0,0.0,0.0,0.0,0.0,0.0,0.0,0.0,0.0,0.0,15.0,0.0,0.0,0.0,0.0,0.0,21.0,0.0,21.0,0.0,0.0,0.0,34.0,0.0,0.0,0.0,0.0,0.0,0.0,0.0,0.0,19.0,0.0,0.0,0.0,0.0,0.0,0.0,0.0,0.0,33.0,18.0,0.0,12.0,0.0,0.0,11.0,0.0,0.0,0.0,0.0,0.0,224.0,0.0,0.0,0.0,0.0,37.0,0.0,8.0,0.0,24.0,0.0,0.0,0.0,6.0,0.0,0.0,15.0,0.0,0.0,0.0,0.0,0.0,0.0,0.0,0.0,0.0,0.0,0.0,0.0,13.0,0.0,0.0,0.0,0.0,0.0,0.0,14.0
D-Pantothenic Acid_[M+Na],0.0,36.0,92.0,0.0,20.0,0.0,0.0,0.0,0.0,121.0,0.0,0.0,0.0,0.0,11.0,0.0,0.0,191.0,73.0,0.0,0.0,0.0,0.0,0.0,0.0,0.0,0.0,0.0,124.0,24.0,0.0,0.0,0.0,5.0,12.0,0.0,0.0,72.0,54.0,0.0,0.0,22.0,0.0,0.0,0.0,0.0,0.0,0.0,0.0,0.0,17.0,0.0,0.0,0.0,0.0,0.0,0.0,0.0,0.0,0.0,0.0,0.0,0.0,69.0,0.0,0.0,0.0,0.0,0.0,0.0,23.0,0.0,0.0,32.0,0.0,0.0,0.0,0.0,0.0,0.0,0.0,75.0,0.0,0.0,60.0,0.0,0.0,0.0,0.0,0.0,0.0,0.0,67.0,12.0,0.0,0.0,0.0,18.0,0.0,0.0,0.0,0.0,0.0,59.0,0.0,36.0,0.0,12.0,0.0,0.0,0.0,0.0,0.0,46.0,25.0,12.0,0.0,0.0,62.0,0.0,0.0,5.0,77.0,0.0,0.0,0.0,61.0,0.0,0.0,25.0,0.0,0.0,0.0,0.0,0.0,0.0,0.0,0.0,29.0,9.0,0.0,0.0,0.0,5.0,0.0,0.0,0.0,0.0,0.0,11.0,0.0,0.0,0.0,0.0,0.0,0.0,0.0,0.0,0.0
D-Ribose 5-Phosphate_[M+Na],,,,,,,,,,,,,,,,,,,,,,,,,,,,,,,,,,,,0.0,,,,,,,,,,,,,,,,,,,,,,,,,,,,,,,,,,,,,,,,,,,,,,0.0,,,,,,,,,,,,,,,,,,,,,,,,,,,,,,,,,,,,,,,,,,,,,,,,,,,,,,,,,,,,,,,,,,,,,,,,,,,,,
D-Ribose_[M+Na],,,,,,,,,,,,,,,,,,,,,,,,,,,,,,,,,,,,,,,,,,,,,,,,,,,,,0.0,,,0.0,,,,,,,,,,,,,,,,,,,,,,,,,,,,,,,,,,,,,,,,,,,,,,,,,,,,,,,,,,,,,,,,,,,,,,,,,,,,,,,,,,,,,,,,,,,,,,,,,,,,,,,
D-Ribulose 5-Phosphate_[M+Na],,,,,,,,,,,,,,,,,,,,,,,,,,,,,,,,,,,,0.0,,,,,,,,,,,,,,,,,,,,,,,,,,,,,,,,,,,,,,,,,,,,,,0.0,,,,,,,,,,,,,,,,,,,,,,,,,,,,,,,,,0.0,,,,,,,,,,,,,,,,,,,,,,,,,,,,,,,,,,,,,,0.0,,,,,,
D-Xylose_[M+Na],,,,,,,,,,,,,,,,,,,,,,,,,,,,,,,,,,,,,,,,,,,,,,,,,,,,,0.0,,,0.0,,,,,,,,,,,,,,,,,,,,,,,,,,,,,,,,,,,,,,,,,,,,,,,,,,,,,,,,,,,,,,,,,,,,,,,,,,,,,,,,,,,,,,,,,,,,,,,,,,,,,,,
Deoxyadenosine_[M+H],,,0.0,108.0,37.0,86.0,45.0,110.0,0.0,0.0,145.0,18.0,0.0,67.0,11.0,5.0,0.0,0.0,4.0,13.0,30.0,7.0,0.0,657.0,169.0,500.0,165.0,0.0,0.0,63.0,42.0,0.0,6.0,71.0,58.0,658.0,120.0,15.0,84.0,38.0,41.0,99.0,62.0,260.0,41.0,504.0,44.0,270.0,0.0,25.0,63.0,63.0,156.0,21.0,82.0,97.0,12.0,76.0,12.0,207.0,65.0,70.0,0.0,524.0,632.0,312.0,317.0,44.0,31.0,107.0,188.0,86.0,8.0,34.0,8.0,17.0,15.0,24.0,438.0,9.0,62.0,478.0,240.0,21.0,26.0,107.0,522.0,227.0,40.0,0.0,103.0,0.0,0.0,59.0,293.0,6.0,148.0,102.0,228.0,211.0,412.0,41.0,5.0,41.0,155.0,0.0,30.0,18.0,227.0,0.0,24.0,423.0,212.0,34.0,71.0,24.0,315.0,36.0,85.0,154.0,42.0,5.0,335.0,115.0,103.0,255.0,137.0,369.0,207.0,629.0,255.0,202.0,15.0,45.0,25.0,14.0,112.0,518.0,211.0,25.0,79.0,508.0,0.0,6.0,358.0,41.0,0.0,300.0,255.0,198.0,16.0,47.0,7.0,240.0,148.0,93.0,97.0,37.0,131.0
Deoxyadenosine_[M+Na],,,0.0,0.0,0.0,0.0,0.0,0.0,0.0,783.0,0.0,1375.0,2000.0,0.0,84.0,0.0,0.0,0.0,0.0,0.0,0.0,0.0,1531.0,0.0,0.0,0.0,0.0,0.0,0.0,0.0,0.0,498.0,0.0,565.0,0.0,0.0,0.0,0.0,0.0,0.0,0.0,0.0,19.0,0.0,673.0,0.0,0.0,0.0,0.0,0.0,0.0,0.0,0.0,383.0,401.0,0.0,0.0,393.0,330.0,0.0,0.0,0.0,0.0,0.0,0.0,0.0,0.0,679.0,590.0,78.0,0.0,0.0,0.0,0.0,0.0,1260.0,0.0,59.0,424.0,9069.0,367.0,0.0,0.0,0.0,0.0,0.0,0.0,954.0,19.0,347.0,626.0,211.0,0.0,0.0,0.0,0.0,0.0,0.0,0.0,93.0,0.0,0.0,529.0,0.0,0.0,0.0,0.0,0.0,298.0,2563.0,327.0,659.0,0.0,0.0,0.0,0.0,0.0,0.0,0.0,54.0,0.0,545.0,566.0,0.0,661.0,52.0,23.0,0.0,0.0,0.0,25.0,386.0,458.0,489.0,0.0,0.0,0.0,0.0,0.0,0.0,0.0,706.0,592.0,199.0,0.0,576.0,610.0,0.0,0.0,0.0,0.0,0.0,1032.0,0.0,0.0,0.0,0.0,0.0,0.0
Deoxyguanosine_[M+K],,,,,,,,,0.0,0.0,0.0,0.0,0.0,0.0,0.0,,0.0,,,,0.0,0.0,0.0,0.0,0.0,0.0,,,,,,0.0,0.0,0.0,0.0,0.0,0.0,0.0,,,,,0.0,0.0,0.0,0.0,0.0,0.0,,,,,,0.0,0.0,,0.0,0.0,0.0,,,,,,,0.0,,0.0,0.0,0.0,,,,,,0.0,0.0,,0.0,0.0,0.0,,,,,,0.0,0.0,0.0,0.0,0.0,,,,,,,0.0,0.0,,0.0,0.0,0.0,,,,,,0.0,0.0,0.0,0.0,0.0,0.0,,,,,,,0.0,0.0,0.0,,0.0,,,,,,,0.0,0.0,0.0,0.0,,,,,,,0.0,0.0,,0.0,,0.0,0.0,,,,,0.0,,,,,,
Deoxyguanosine_[M+Na],,,,,,,,,16.0,0.0,0.0,166.0,50.0,0.0,84.0,,0.0,,,,0.0,38.0,0.0,0.0,0.0,0.0,,,,,,0.0,95.0,0.0,0.0,16.0,55.0,0.0,,,,,0.0,9.0,0.0,0.0,265.0,0.0,,,,,,0.0,0.0,,0.0,20.0,11.0,,,,,,,9.0,,0.0,0.0,215.0,,,,,,11.0,0.0,,0.0,0.0,29.0,,,,,,243.0,12.0,0.0,0.0,0.0,,,,,,,0.0,0.0,,12.0,0.0,10.0,,,,,,0.0,0.0,0.0,0.0,0.0,0.0,,,,,,,0.0,0.0,62.0,,0.0,,,,,,,0.0,64.0,0.0,50.0,,,,,,,0.0,0.0,,0.0,,0.0,0.0,,,,,0.0,,,,,,
Deoxyribose_[M+Na],,0.0,,0.0,0.0,0.0,0.0,,0.0,0.0,0.0,0.0,0.0,,,,0.0,,0.0,0.0,0.0,,,,,0.0,,,,,0.0,,,,,,,,,0.0,0.0,0.0,,,,,,,,,,,,0.0,,,,,,0.0,0.0,0.0,,0.0,0.0,,,0.0,0.0,,,,,,,,,,,0.0,,,,,,0.0,0.0,,,,0.0,,,,,0.0,0.0,0.0,,,,,,,0.0,0.0,,0.0,,,0.0,,0.0,,,,,,,,0.0,0.0,0.0,,,,,0.0,0.0,,0.0,0.0,,,,,,,0.0,0.0,0.0,,0.0,0.0,0.0,0.0,,,0.0,,,0.0,,,,0.0,0.0,,0.0
Deoxythymidine_[M+Na],,,,,,,,,,,,,,,,,,,,,,,,41.0,122.0,,,,,,,,,,124.0,,,,,,,,,,,37.0,,,,,,,,35.0,,,,,0.0,,,,,,,,,,,,,,,,0.0,,,,,,0.0,,,,,,,,,,,,,,,,,,,,,64.0,,,,,,,,,,,,,,,,,,,,,,,,,,,,,,0.0,,,,,,,,,,,,,129.0,,,,,,,,,78.0,,,,,
Deoxyuridine-5'-Triphosphate_[M+Na],,,,,,,,,,,,,,,,,,,,,,,,,,,,,,,,,,,,,,,,,0.0,,,,,,,,,,,,,,,,,,,,,,,,,,,,,,,,,,,,,,,,,,,,,,,,,,,,,,,,,0.0,,,,,,,,,,,,,,,,,,,,,,,,,,,,,,,,,,,,,,,,,,,,,,,,,,,,,,,,,,,,,
Dihydrofolic Acid_[M+H],,0.0,,,,,,,0.0,,,0.0,,,,0.0,,,,0.0,,0.0,,,0.0,,0.0,0.0,0.0,,0.0,,,,0.0,,,0.0,,,,0.0,,0.0,,,,,0.0,,,,0.0,,0.0,,,,,0.0,,,0.0,0.0,0.0,,0.0,,0.0,0.0,0.0,,,,0.0,,,,0.0,,,0.0,0.0,,,0.0,,,0.0,15.0,,,0.0,0.0,0.0,,0.0,0.0,,,,0.0,0.0,0.0,,0.0,,0.0,,,,,,0.0,0.0,0.0,,0.0,0.0,,,,,,0.0,0.0,0.0,,,0.0,,0.0,,,,,0.0,,,,0.0,,,0.0,,0.0,,0.0,,,,0.0,,0.0,0.0,,,,
Dihydroxyacetone phosphate_[M+Na],,,,,,,,,,,,,,,,,,,,,,,,,,,,,,,,,,,,,,,,,,,,,,,,,,,,,,,,,,,,,,,,,,,,,,,,,,,,,,,,,,,,,,,,,,,,,,,,,,,,,0.0,,,,,,,,,,,,,,,,,,,,,,,,,,,,,,,,,,,,,,,,,,0.0,,,,,,,,,,,,,,,,
Dodecyl-Coa_[M+H],,,,,,,,,,,,,,,,,,,,,,,,,,0.0,,,,,,,,0.0,,,,,,,,,33.0,,,,,,,,,,,,,,,,,,,,,,,,,117.0,,0.0,,,20.0,,,50.0,0.0,,,0.0,,,,,,,0.0,,,,,,,,,,,,,,,,,,0.0,,,,0.0,,,,,0.0,,0.0,,,0.0,,,,,,,,,,,,,,,,,,0.0,,,,,,0.0,54.0,,,0.0,,,,,,,,,,,,
Erythose-4-Phosphate_[M+Na],,,,,,,,,,,,,,,,,,,,,,,,,,,,,,,,,,,,,,,,,,,,,,,0.0,,,,,,,,,,,,,,,,,,,,0.0,,,,0.0,0.0,,,,,,,,,,,,,,,,,0.0,,,,,,,,,,,,,,,,,,,,,,,,,,,,,,,,,,,,,,,,,0.0,,,,,,,,,,,,,,,,,,,,,,,,,,,,,
Flavin adenine dinucleotide_[M+H],,0.0,0.0,0.0,0.0,,,,1200.0,0.0,0.0,79.0,0.0,0.0,0.0,265.0,10.0,0.0,,302.0,0.0,0.0,0.0,0.0,0.0,0.0,583.0,54.0,0.0,,124.0,0.0,0.0,0.0,0.0,0.0,0.0,792.0,5.0,0.0,0.0,991.0,62.0,0.0,0.0,0.0,32.0,,247.0,11.0,,,384.0,0.0,0.0,0.0,,0.0,14.0,491.0,123.0,,,1141.0,6.0,0.0,0.0,0.0,0.0,44.0,460.0,43.0,,,287.0,0.0,0.0,0.0,,23.0,0.0,390.0,108.0,,0.0,455.0,82.0,18.0,0.0,0.0,0.0,0.0,731.0,0.0,0.0,0.0,453.0,0.0,0.0,13.0,0.0,0.0,0.0,1202.0,46.0,0.0,0.0,308.0,77.0,0.0,38.0,0.0,70.0,0.0,111.0,57.0,0.0,,1146.0,0.0,0.0,0.0,,,0.0,1110.0,0.0,0.0,0.0,597.0,0.0,0.0,,0.0,,0.0,439.0,0.0,0.0,0.0,299.0,19.0,37.0,0.0,0.0,,,798.0,29.0,,,374.0,0.0,14.0,1180.0,19.0,0.0,0.0,
Flavin adenine dinucleotide_[M+Na],,0.0,0.0,0.0,0.0,,,,0.0,0.0,0.0,0.0,0.0,0.0,0.0,0.0,0.0,0.0,,0.0,0.0,0.0,0.0,0.0,0.0,0.0,0.0,0.0,0.0,,0.0,0.0,0.0,0.0,0.0,0.0,0.0,0.0,0.0,0.0,0.0,0.0,0.0,0.0,0.0,0.0,0.0,,0.0,0.0,,,0.0,0.0,0.0,0.0,,0.0,0.0,0.0,0.0,,,0.0,0.0,0.0,0.0,0.0,0.0,0.0,0.0,0.0,,,0.0,0.0,0.0,0.0,,0.0,0.0,0.0,0.0,,0.0,0.0,0.0,0.0,0.0,0.0,0.0,0.0,0.0,0.0,0.0,0.0,0.0,0.0,0.0,0.0,0.0,0.0,0.0,0.0,0.0,0.0,0.0,0.0,0.0,0.0,0.0,0.0,0.0,0.0,0.0,0.0,0.0,,0.0,0.0,0.0,0.0,,,0.0,0.0,0.0,0.0,0.0,0.0,0.0,0.0,,0.0,,0.0,0.0,0.0,0.0,0.0,0.0,0.0,0.0,0.0,0.0,,,0.0,0.0,,,0.0,0.0,0.0,0.0,0.0,0.0,0.0,
Flavin mononucleotide_[M+H],,,,,,,,,,,133.0,,,,321.0,,,,,37.0,,87.0,,,,,160.0,,,,,22.0,,,,,4.0,54.0,,,,7.0,,37.0,,0.0,,,25.0,,,,51.0,,,,,0.0,,12.0,,,,,,,,,,,,,,,,0.0,,,,,,,,,,153.0,,,,,,71.0,,,,,,,,,,,0.0,,,,,,,,68.0,,,,23.0,,,,,,78.0,,,,,30.0,,,,,32.0,0.0,,,,,,,,,,,,,,0.0,,,,,,,,,14.0,,,,
Flavin mononucleotide_[M+Na],,,,,,,,,,,0.0,,,,0.0,,,,,0.0,,0.0,,,,,0.0,,,,,0.0,,,,,0.0,0.0,,,,0.0,,0.0,,0.0,,,0.0,,,,0.0,,,,,0.0,,0.0,,,,,,,,,,,,,,,,0.0,,,,,,,,,,0.0,,,,,,0.0,,,,,,,,,,,0.0,,,,,,,,0.0,,,,0.0,,,,,,0.0,,,,,0.0,,,,,0.0,0.0,,,,,,,,,,,,,,0.0,,,,,,,,,0.0,,,,
Folic Acid_[M+H],,,,,0.0,,,,,,,0.0,,,0.0,,0.0,,,,,,0.0,,,0.0,,0.0,,,,,,0.0,0.0,,,,,,,,,0.0,,0.0,,0.0,,,,0.0,,,,,,,,,,,,,0.0,0.0,0.0,,0.0,0.0,0.0,,0.0,,,,,,,,,,,,,,,,,0.0,,,,,,,,,0.0,,0.0,0.0,0.0,,,0.0,,,,,,,0.0,,0.0,0.0,0.0,,,,,,,0.0,0.0,,0.0,,0.0,,,,,,,,,,,,,,0.0,0.0,,,,,,,,,,,,,,,
Folic Acid_[M+Na],,,,,0.0,,,,,,,0.0,,,0.0,,0.0,,,,,,0.0,,,9.0,,0.0,,,,,,0.0,0.0,,,,,,,,,3.0,,40.0,,4.0,,,,0.0,,,,,,,,,,,,,4.0,0.0,8.0,,0.0,0.0,0.0,,0.0,,,,,,,,,,,,,,,,,0.0,,,,,,,,,28.0,,0.0,7.0,0.0,,,0.0,,,,,,,2.0,,0.0,0.0,0.0,,,,,,,0.0,0.0,,0.0,,0.0,,,,,,,,,,,,,,0.0,0.0,,,,,,,,,,,,,,,
Fructose 6-Phosphate_[M+Na],,,,,,,,,,,,,,,,,,,,,,,,,,,,,,,,56.0,,,,,,,,,,,,,,,,,,,,,,50.0,23.0,,,,,,,,,,,,,,62.0,,,,,,,,,,,82.0,3.0,,,,,,,,,,,17.0,12.0,,,,,,14.0,11.0,,,,,,,,,372.0,,43.0,,,,,,,,,,,,,,,,,,,,,,,,,,,,,,,,,,,,60.0,,,,,,,,,,,,
Fumaric Acid_[M+Na],,,,,,,,,,,,,,,,,,,,,,,,,,,,,,,,,,,,,,,,,,,,,,,,,,,,,,,,,,,,,,,5.0,,,,,,,,,,,,,,,,,,,,,,,,,,,,,,,,,,,,,,,,,,,,,,,,,,,,,,,,,,,,,,,,,,,,,,,,,,,,,,,,,,,,,,,,,,,,,,,,
Galactose_[M+Na],,,,,,,,,,3308.0,458.0,2804.0,6528.0,2184.0,1999.0,138.0,0.0,,,,2094.0,2838.0,2460.0,1706.0,1175.0,7.0,,,,,,1816.0,2185.0,6113.0,2084.0,731.0,1893.0,35.0,,,,44.0,1606.0,1722.0,1816.0,128.0,2162.0,1416.0,,,,,,2118.0,4618.0,1673.0,4323.0,2531.0,1429.0,,,,,65.0,804.0,953.0,794.0,1050.0,1231.0,758.0,,,0.0,,123.0,3582.0,599.0,1037.0,1408.0,84.0,1682.0,0.0,,,0.0,,39.0,1654.0,,522.0,3023.0,660.0,,,0.0,,98.0,981.0,478.0,2240.0,286.0,966.0,1760.0,,,,,124.0,828.0,7823.0,2014.0,3633.0,,5367.0,150.0,,,,,433.0,2258.0,3060.0,375.0,1011.0,1788.0,18.0,,,62.0,,1343.0,5747.0,1462.0,213.0,1470.0,808.0,,,,134.0,62.0,6448.0,1942.0,1408.0,372.0,6286.0,857.0,14.0,0.0,,,36.0,4473.0,,166.0,,,,
Glucaric acid_[M+K],,,,,,,,,,,,,,,,,,,,,,,,,,,,,,,,,,,,,,,,,,,,,,,,,,,,,,,,,,,,,,,,,,,,,,,,,,,,,,,,,,,,,,,,,,,0.0,,,,,,,,,,,,,,,,,,,,,,,,,,,,,,,,,,,,,,,,,,,,,,,,,,,,,,,,,,,,,,,,,0.0,,,
Glucaric acid_[M+Na],,,,,,,,,,,,,,,,,,,,,,,,,,,,,,,,,,,,,,,,,,,,,,,,,,,,,,,,,,,,,,,,,,,,,,,,,,,,,,,,,,,,,,,,,,,20.0,,,,,,,,,,,,,,,,,,,,,,,,,,,,,,,,,,,,,,,,,,,,,,,,,,,,,,,,,,,,,,,,,21.0,,,
Gluconic Acid_[M+H],,,,,0.0,0.0,0.0,0.0,,,0.0,,0.0,0.0,0.0,0.0,,,,,0.0,0.0,0.0,,10.0,0.0,,,,,,0.0,0.0,0.0,,0.0,0.0,0.0,4.0,,,,0.0,0.0,0.0,0.0,0.0,0.0,,0.0,,,0.0,0.0,0.0,0.0,,0.0,0.0,0.0,,,,0.0,0.0,0.0,,,0.0,0.0,,,,,,0.0,0.0,0.0,0.0,0.0,0.0,0.0,,,0.0,,0.0,0.0,0.0,0.0,0.0,0.0,,,,0.0,107.0,0.0,,,,0.0,0.0,,,,,,0.0,0.0,,0.0,0.0,0.0,0.0,0.0,,,,,0.0,0.0,0.0,,0.0,0.0,,,0.0,0.0,,,,0.0,0.0,0.0,,,,,,,0.0,0.0,0.0,,0.0,0.0,0.0,,,,0.0,0.0,,0.0,0.0,,
Gluconic Acid_[M+Na],,,,,0.0,0.0,0.0,0.0,,,210.0,,389.0,0.0,59.0,0.0,,,,,256.0,65.0,279.0,,0.0,0.0,,,,,,227.0,68.0,421.0,,35.0,103.0,32.0,0.0,,,,233.0,102.0,191.0,98.0,544.0,68.0,,0.0,,,0.0,310.0,37.0,44.0,,196.0,256.0,0.0,,,,14.0,44.0,145.0,,,227.0,100.0,,,,,,30.0,25.0,269.0,0.0,30.0,90.0,0.0,,,0.0,,115.0,114.0,292.0,95.0,29.0,405.0,,,,0.0,0.0,70.0,,,,147.0,210.0,,,,,,21.0,67.0,,57.0,16.0,232.0,5.0,0.0,,,,,332.0,87.0,90.0,,371.0,0.0,,,0.0,0.0,,,,281.0,64.0,0.0,,,,,,,195.0,52.0,185.0,,27.0,0.0,0.0,,,,43.0,277.0,,0.0,0.0,,
Glucosamine 6-Phosphate_[M+H],,,0.0,,,,,,785.0,0.0,0.0,,,0.0,0.0,104.0,,,,1690.0,0.0,0.0,,0.0,,,443.0,0.0,,,1333.0,0.0,,,0.0,,0.0,62.0,20.0,,,177.0,0.0,0.0,,,,,398.0,,,,698.0,0.0,,,0.0,15.0,0.0,379.0,,0.0,,971.0,0.0,,,,,,292.0,,,,1021.0,2.0,,,0.0,,,516.0,,,,324.0,,,,5.0,,0.0,642.0,,,,529.0,,0.0,,8.0,0.0,,918.0,,,,805.0,0.0,4.0,0.0,0.0,,,467.0,,0.0,0.0,306.0,39.0,0.0,,,,,807.0,,,,326.0,0.0,,6.0,,0.0,20.0,145.0,,,,372.0,9.0,,0.0,,0.0,0.0,815.0,,,,416.0,,,244.0,,0.0,,
Glucosamine 6-Phosphate_[M+Na],,,0.0,,,,,,0.0,0.0,0.0,,,0.0,0.0,0.0,,,,0.0,0.0,0.0,,0.0,,,0.0,0.0,,,0.0,0.0,,,0.0,,0.0,0.0,0.0,,,0.0,0.0,0.0,,,,,0.0,,,,0.0,0.0,,,0.0,0.0,0.0,0.0,,0.0,,0.0,0.0,,,,,,0.0,,,,0.0,0.0,,,0.0,,,0.0,,,,0.0,,,,0.0,,0.0,0.0,,,,0.0,,0.0,,0.0,0.0,,0.0,,,,0.0,0.0,0.0,0.0,0.0,,,0.0,,10.0,10.0,0.0,0.0,0.0,,,,,0.0,,,,0.0,0.0,,0.0,,0.0,0.0,0.0,,,,0.0,0.0,,0.0,,0.0,0.0,0.0,,,,0.0,,,0.0,,11.0,,
Glucosamine_[M+H],,120.0,15.0,23.0,22.0,40.0,156.0,22.0,5808.0,7845.0,7845.0,4368.0,2675.0,7540.0,4478.0,5501.0,3829.0,1718.0,353.0,4976.0,7970.0,7806.0,2982.0,2580.0,4126.0,1097.0,5510.0,3522.0,1095.0,1269.0,7198.0,7402.0,8838.0,3989.0,3770.0,2851.0,5193.0,3677.0,2737.0,1478.0,,4368.0,3956.0,6545.0,1977.0,1388.0,3803.0,2715.0,4696.0,2169.0,798.0,301.0,4372.0,5383.0,2017.0,3700.0,6533.0,7283.0,5164.0,4595.0,3034.0,922.0,,6207.0,5797.0,3742.0,2856.0,3223.0,1368.0,2917.0,3875.0,1830.0,1022.0,21.0,4070.0,3334.0,2064.0,4442.0,5918.0,3943.0,3963.0,4018.0,2816.0,1216.0,117.0,3950.0,3035.0,5599.0,3119.0,5783.0,2210.0,5445.0,4943.0,2157.0,1426.0,234.0,3692.0,6961.0,5787.0,2971.0,4107.0,7142.0,2779.0,3871.0,2420.0,1289.0,177.0,2139.0,5502.0,1293.0,6554.0,3262.0,2587.0,3033.0,4028.0,3157.0,705.0,124.0,3292.0,8292.0,4938.0,4623.0,4987.0,1153.0,1115.0,1218.0,2007.0,849.0,122.0,3587.0,6508.0,2229.0,5405.0,858.0,3887.0,1337.0,3555.0,2660.0,863.0,12.0,3737.0,5181.0,1816.0,3351.0,4758.0,920.0,4185.0,4751.0,1609.0,1478.0,145.0,5161.0,936.0,3745.0,3928.0,1076.0,953.0,28.0,219.0
Glucosamine_[M+Na],,0.0,0.0,0.0,0.0,0.0,0.0,0.0,0.0,0.0,0.0,0.0,0.0,0.0,0.0,0.0,0.0,0.0,0.0,0.0,0.0,0.0,0.0,0.0,392.0,252.0,0.0,0.0,0.0,0.0,0.0,0.0,0.0,0.0,19.0,51.0,178.0,0.0,0.0,0.0,,0.0,0.0,250.0,0.0,29.0,0.0,0.0,0.0,0.0,0.0,0.0,0.0,0.0,0.0,0.0,0.0,0.0,0.0,0.0,0.0,0.0,,0.0,132.0,0.0,41.0,0.0,0.0,0.0,0.0,19.0,0.0,0.0,8.0,0.0,0.0,0.0,0.0,0.0,0.0,0.0,0.0,0.0,0.0,0.0,404.0,0.0,0.0,0.0,0.0,125.0,0.0,0.0,0.0,0.0,0.0,0.0,176.0,0.0,0.0,479.0,52.0,0.0,0.0,0.0,0.0,0.0,0.0,0.0,0.0,0.0,81.0,0.0,0.0,0.0,0.0,0.0,0.0,0.0,0.0,0.0,0.0,0.0,0.0,0.0,0.0,0.0,0.0,0.0,0.0,0.0,0.0,0.0,0.0,0.0,0.0,0.0,0.0,0.0,0.0,0.0,0.0,0.0,0.0,0.0,0.0,0.0,0.0,0.0,0.0,0.0,0.0,12.0,0.0,0.0,0.0,0.0,0.0
Glutamic Acid_[M+H],0.0,0.0,0.0,0.0,0.0,0.0,0.0,0.0,165.0,1435.0,739.0,2073.0,1058.0,594.0,171.0,924.0,249.0,62.0,0.0,34.0,285.0,427.0,1595.0,276.0,773.0,959.0,29.0,157.0,0.0,22.0,447.0,2558.0,793.0,511.0,438.0,236.0,538.0,767.0,39.0,0.0,0.0,150.0,219.0,223.0,3380.0,290.0,308.0,317.0,131.0,0.0,0.0,0.0,123.0,3929.0,3304.0,340.0,223.0,1127.0,1001.0,1387.0,456.0,37.0,0.0,37.0,33.0,316.0,302.0,1613.0,1018.0,172.0,139.0,52.0,242.0,0.0,245.0,1180.0,769.0,174.0,19.0,1320.0,125.0,291.0,26.0,351.0,0.0,0.0,1177.0,2358.0,638.0,572.0,177.0,155.0,1610.0,20.0,334.0,0.0,458.0,0.0,18.0,1054.0,950.0,69.0,919.0,1127.0,589.0,93.0,0.0,25.0,136.0,1115.0,316.0,1270.0,1200.0,167.0,84.0,189.0,10.0,0.0,199.0,561.0,285.0,1904.0,497.0,554.0,2701.0,1081.0,673.0,80.0,8.0,0.0,225.0,828.0,638.0,854.0,691.0,0.0,30.0,175.0,120.0,0.0,71.0,2434.0,829.0,2561.0,249.0,1044.0,1107.0,431.0,478.0,387.0,0.0,305.0,548.0,493.0,23.0,63.0,65.0,30.0,0.0
Glutamic Acid_[M+NH4],0.0,27.0,3.0,0.0,24.0,22.0,0.0,79.0,23.0,0.0,9.0,14.0,29.0,84.0,52.0,6.0,63.0,25.0,0.0,5.0,13.0,9.0,43.0,0.0,0.0,0.0,0.0,215.0,206.0,0.0,0.0,0.0,14.0,18.0,122.0,0.0,0.0,0.0,0.0,12.0,4.0,29.0,0.0,11.0,6.0,0.0,21.0,0.0,52.0,54.0,77.0,19.0,15.0,0.0,0.0,120.0,14.0,84.0,48.0,0.0,0.0,0.0,0.0,0.0,0.0,33.0,7.0,24.0,0.0,8.0,0.0,4.0,0.0,15.0,9.0,0.0,27.0,0.0,25.0,0.0,3.0,3.0,80.0,0.0,7.0,23.0,0.0,32.0,10.0,6.0,0.0,0.0,153.0,5.0,0.0,0.0,50.0,21.0,38.0,10.0,276.0,9.0,0.0,0.0,250.0,26.0,0.0,6.0,70.0,172.0,128.0,0.0,37.0,5.0,0.0,0.0,0.0,10.0,4.0,59.0,6.0,40.0,10.0,0.0,0.0,172.0,0.0,26.0,0.0,121.0,37.0,0.0,94.0,0.0,9.0,125.0,0.0,67.0,117.0,5.0,0.0,78.0,12.0,0.0,0.0,0.0,0.0,0.0,44.0,0.0,147.0,0.0,0.0,0.0,15.0,19.0,132.0,0.0,29.0
Glutamic Acid_[M+Na],0.0,0.0,0.0,0.0,0.0,0.0,0.0,0.0,0.0,0.0,0.0,0.0,0.0,0.0,0.0,0.0,0.0,0.0,0.0,0.0,0.0,0.0,0.0,0.0,0.0,0.0,0.0,0.0,0.0,0.0,0.0,0.0,0.0,0.0,0.0,0.0,0.0,0.0,0.0,0.0,0.0,0.0,0.0,0.0,0.0,0.0,0.0,0.0,0.0,0.0,0.0,0.0,0.0,0.0,0.0,0.0,0.0,0.0,0.0,0.0,0.0,0.0,0.0,0.0,0.0,0.0,0.0,0.0,0.0,0.0,0.0,0.0,0.0,0.0,0.0,0.0,0.0,0.0,0.0,0.0,0.0,0.0,0.0,0.0,0.0,0.0,0.0,0.0,0.0,0.0,0.0,0.0,0.0,0.0,0.0,0.0,0.0,0.0,0.0,0.0,0.0,0.0,0.0,0.0,0.0,0.0,0.0,0.0,0.0,0.0,0.0,0.0,0.0,0.0,0.0,0.0,0.0,0.0,0.0,0.0,0.0,0.0,0.0,0.0,0.0,0.0,0.0,0.0,0.0,0.0,0.0,0.0,0.0,0.0,0.0,0.0,0.0,0.0,0.0,0.0,0.0,0.0,0.0,0.0,0.0,0.0,0.0,0.0,0.0,0.0,0.0,0.0,0.0,0.0,0.0,0.0,0.0,0.0,0.0
Glutamic Acid_[M-H2O+H],0.0,0.0,0.0,0.0,0.0,0.0,0.0,0.0,140.0,15771.0,16349.0,12484.0,3764.0,13846.0,2170.0,1307.0,443.0,107.0,0.0,518.0,11493.0,16634.0,7440.0,881.0,650.0,1130.0,503.0,0.0,0.0,0.0,327.0,10670.0,22011.0,9421.0,307.0,1733.0,1955.0,556.0,92.0,0.0,0.0,958.0,9266.0,1648.0,9419.0,2221.0,15128.0,1038.0,197.0,0.0,0.0,0.0,1168.0,9385.0,10351.0,1599.0,15198.0,17009.0,13931.0,923.0,61.0,0.0,0.0,722.0,1616.0,13679.0,631.0,8919.0,8577.0,9730.0,302.0,361.0,261.0,0.0,673.0,10613.0,1767.0,4024.0,297.0,11093.0,11037.0,586.0,143.0,69.0,0.0,0.0,3073.0,11829.0,9539.0,11412.0,6914.0,13320.0,1394.0,15.0,20.0,68.0,553.0,17589.0,1235.0,7512.0,11208.0,1373.0,10497.0,295.0,58.0,50.0,0.0,880.0,2231.0,10815.0,11759.0,11803.0,1287.0,5953.0,396.0,483.0,170.0,0.0,216.0,3378.0,173.0,11900.0,14350.0,1669.0,10678.0,504.0,221.0,80.0,0.0,406.0,14458.0,8671.0,10001.0,8067.0,9448.0,675.0,342.0,293.0,48.0,0.0,0.0,13124.0,8253.0,12581.0,4045.0,9714.0,10793.0,1054.0,784.0,0.0,0.0,137.0,9275.0,1774.0,419.0,506.0,34.0,0.0,0.0
Glutathione_[M+H],,,,,,,,,10282.0,32903.0,37481.0,40569.0,16602.0,50980.0,55396.0,13028.0,9301.0,1690.0,121.0,11177.0,48296.0,43281.0,23124.0,32912.0,30113.0,33520.0,10770.0,5851.0,2234.0,,11349.0,19466.0,40005.0,13457.0,29027.0,24293.0,30509.0,11261.0,5835.0,1562.0,,10382.0,59271.0,31216.0,23337.0,39104.0,70199.0,28478.0,10794.0,8413.0,3325.0,87.0,10423.0,21541.0,13033.0,17299.0,43505.0,31036.0,25401.0,10813.0,8024.0,3164.0,,10361.0,26153.0,74007.0,28924.0,19662.0,23632.0,56880.0,11004.0,8448.0,5267.0,,9277.0,13565.0,26794.0,33716.0,25580.0,32107.0,51459.0,10445.0,8469.0,4061.0,96.0,11100.0,51807.0,20575.0,43613.0,29634.0,15235.0,25625.0,8283.0,8308.0,4178.0,305.0,11126.0,37184.0,36753.0,21405.0,63613.0,45203.0,22003.0,8383.0,8713.0,5580.0,,8687.0,21693.0,9895.0,27389.0,16684.0,53803.0,43268.0,10406.0,9385.0,6411.0,,9559.0,31083.0,22013.0,19323.0,60963.0,25293.0,17485.0,8325.0,7267.0,4151.0,160.0,9503.0,40917.0,23467.0,27942.0,16070.0,48460.0,15382.0,10358.0,5893.0,3245.0,,10370.0,25575.0,9623.0,21573.0,24499.0,12250.0,22957.0,9111.0,6797.0,3189.0,150.0,9219.0,13346.0,18231.0,9750.0,5990.0,2837.0,310.0,
Glutathione_[M+Na],,,,,,,,,0.0,49.0,0.0,80.0,351.0,76.0,1397.0,0.0,7.0,0.0,0.0,0.0,0.0,0.0,0.0,0.0,28.0,0.0,132.0,0.0,0.0,,0.0,237.0,0.0,0.0,0.0,0.0,0.0,0.0,0.0,0.0,,0.0,0.0,3.0,43.0,0.0,0.0,45.0,0.0,0.0,0.0,0.0,0.0,359.0,15.0,0.0,33.0,53.0,343.0,0.0,0.0,0.0,,0.0,0.0,151.0,0.0,326.0,0.0,0.0,0.0,0.0,0.0,,0.0,0.0,0.0,0.0,115.0,1029.0,0.0,0.0,0.0,0.0,0.0,0.0,58.0,87.0,0.0,143.0,0.0,296.0,0.0,0.0,0.0,0.0,0.0,45.0,0.0,99.0,329.0,0.0,0.0,0.0,0.0,0.0,,0.0,1221.0,0.0,441.0,411.0,0.0,0.0,0.0,0.0,0.0,,0.0,442.0,0.0,401.0,77.0,0.0,56.0,0.0,0.0,0.0,0.0,0.0,0.0,268.0,270.0,0.0,0.0,0.0,0.0,0.0,0.0,,0.0,1074.0,0.0,54.0,0.0,0.0,153.0,0.0,0.0,0.0,0.0,31.0,364.0,0.0,0.0,0.0,0.0,0.0,
Glycerol-2-Phosphate_[M+Na],,,,,,,,,,,,,,,,,,,,,,,,,,,,,,,,,,,,,,,,,,,,,,,,,,,,,,,,,,,,,,,,,,,,,,,,,,,,,,,,,,,,,,,,,,,,,,,,,,,,,,,,,,,,,,0.0,,10.0,,,,,,,,,,,,,,,,,,,,,,,12.0,0.0,,,,,,,,,,,,,,,,,,,,,,,12.0
Glycine_[M+H],,,,,,,,,0.0,,,,,0.0,,0.0,,,,0.0,0.0,0.0,,0.0,0.0,,0.0,,,,0.0,,0.0,,,0.0,,0.0,,,,0.0,0.0,,,,,0.0,0.0,,,,0.0,0.0,,0.0,,,,0.0,,,,0.0,,,0.0,,0.0,0.0,0.0,,,,0.0,,0.0,,0.0,,0.0,0.0,,,,0.0,0.0,,0.0,0.0,,,0.0,,,,0.0,0.0,0.0,,0.0,0.0,,0.0,,,,0.0,,,,0.0,,0.0,0.0,,,,0.0,,,,79.0,0.0,,0.0,,,,0.0,0.0,,0.0,,,0.0,0.0,,,,0.0,0.0,,,0.0,,,0.0,,,,0.0,,0.0,0.0,,,,
Glycine_[M+NH4],,,,,,,,,0.0,,,,,0.0,,0.0,,,,0.0,0.0,0.0,,0.0,0.0,,0.0,,,,0.0,,0.0,,,3.0,,0.0,,,,0.0,0.0,,,,,0.0,0.0,,,,0.0,18.0,,0.0,,,,0.0,,,,0.0,,,0.0,,0.0,0.0,0.0,,,,0.0,,0.0,,0.0,,0.0,0.0,,,,0.0,0.0,,0.0,0.0,,,0.0,,,,0.0,0.0,29.0,,0.0,0.0,,0.0,,,,0.0,,,,0.0,,0.0,0.0,,,,0.0,,,,0.0,0.0,,0.0,,,,0.0,0.0,,0.0,,,0.0,0.0,,,,21.0,0.0,,,0.0,,,0.0,,,,0.0,,0.0,0.0,,,,
Glycine_[M+Na],,,,,,,,,0.0,,,,,0.0,,0.0,,,,0.0,0.0,0.0,,0.0,0.0,,0.0,,,,0.0,,0.0,,,0.0,,0.0,,,,0.0,0.0,,,,,0.0,0.0,,,,0.0,0.0,,0.0,,,,0.0,,,,0.0,,,0.0,,0.0,0.0,0.0,,,,0.0,,0.0,,0.0,,0.0,0.0,,,,0.0,0.0,,0.0,0.0,,,0.0,,,,0.0,0.0,0.0,,0.0,0.0,,0.0,,,,0.0,,,,0.0,,0.0,0.0,,,,0.0,,,,0.0,0.0,,0.0,,,,0.0,0.0,,0.0,,,0.0,0.0,,,,0.0,0.0,,,0.0,,,0.0,,,,0.0,,0.0,0.0,,,,
Glycine_[M-H2O+H],,,,,,,,,0.0,,,,,0.0,,0.0,,,,0.0,0.0,0.0,,0.0,0.0,,0.0,,,,0.0,,0.0,,,0.0,,0.0,,,,0.0,0.0,,,,,0.0,0.0,,,,0.0,0.0,,0.0,,,,0.0,,,,0.0,,,0.0,,0.0,0.0,0.0,,,,0.0,,0.0,,0.0,,0.0,0.0,,,,0.0,0.0,,0.0,0.0,,,0.0,,,,0.0,0.0,0.0,,0.0,0.0,,0.0,,,,0.0,,,,0.0,,0.0,0.0,,,,0.0,,,,0.0,0.0,,0.0,,,,0.0,0.0,,0.0,,,0.0,0.0,,,,0.0,0.0,,,2.0,,,0.0,,,,0.0,,0.0,0.0,,,,
Guanine_[M+H],,,,,,0.0,,,0.0,380.0,0.0,0.0,0.0,0.0,,0.0,0.0,0.0,,,97.0,0.0,74.0,,,177.0,25.0,0.0,0.0,0.0,18.0,0.0,,,122.0,0.0,0.0,,41.0,29.0,,,0.0,34.0,,0.0,266.0,,0.0,0.0,0.0,95.0,76.0,48.0,,21.0,,96.0,56.0,0.0,0.0,0.0,,0.0,,32.0,0.0,0.0,0.0,0.0,0.0,0.0,0.0,0.0,0.0,0.0,,,45.0,,4.0,0.0,0.0,,5.0,33.0,53.0,0.0,0.0,0.0,,0.0,0.0,95.0,0.0,0.0,0.0,0.0,0.0,0.0,,0.0,,0.0,0.0,43.0,,,0.0,0.0,,13.0,360.0,0.0,,0.0,0.0,,,,0.0,0.0,0.0,0.0,,0.0,0.0,,0.0,,129.0,0.0,0.0,,0.0,0.0,0.0,45.0,,,0.0,27.0,0.0,,0.0,0.0,,,115.0,0.0,,0.0,0.0,,0.0,,,0.0,0.0
Guanine_[M+K],,,,,,0.0,,,0.0,0.0,0.0,0.0,0.0,0.0,,0.0,0.0,0.0,,,0.0,0.0,0.0,,,0.0,0.0,0.0,0.0,0.0,0.0,0.0,,,0.0,0.0,0.0,,0.0,0.0,,,0.0,0.0,,0.0,0.0,,0.0,0.0,0.0,0.0,0.0,0.0,,0.0,,0.0,0.0,0.0,0.0,0.0,,0.0,,0.0,0.0,0.0,0.0,0.0,0.0,0.0,0.0,0.0,0.0,0.0,,,0.0,,0.0,0.0,0.0,,0.0,0.0,0.0,0.0,0.0,0.0,,0.0,0.0,0.0,0.0,0.0,0.0,0.0,0.0,0.0,,0.0,,0.0,0.0,0.0,,,0.0,0.0,,0.0,0.0,0.0,,0.0,0.0,,,,0.0,0.0,0.0,0.0,,0.0,0.0,,0.0,,0.0,0.0,0.0,,0.0,0.0,0.0,0.0,,,0.0,0.0,0.0,,0.0,0.0,,,0.0,0.0,,0.0,0.0,,0.0,,,0.0,0.0
Guanine_[M+Na],,,,,,0.0,,,0.0,0.0,0.0,0.0,0.0,0.0,,0.0,0.0,0.0,,,0.0,0.0,0.0,,,0.0,0.0,0.0,0.0,0.0,0.0,0.0,,,0.0,0.0,0.0,,0.0,0.0,,,0.0,0.0,,0.0,0.0,,0.0,0.0,0.0,0.0,0.0,0.0,,0.0,,0.0,0.0,0.0,0.0,0.0,,0.0,,0.0,0.0,0.0,0.0,0.0,0.0,0.0,0.0,0.0,0.0,0.0,,,0.0,,0.0,0.0,0.0,,0.0,0.0,0.0,0.0,0.0,0.0,,0.0,0.0,0.0,0.0,0.0,0.0,0.0,0.0,0.0,,0.0,,0.0,0.0,0.0,,,0.0,0.0,,0.0,0.0,0.0,,0.0,0.0,,,,0.0,0.0,0.0,0.0,,0.0,0.0,,0.0,,0.0,0.0,0.0,,0.0,0.0,0.0,0.0,,,0.0,0.0,0.0,,0.0,0.0,,,0.0,0.0,,0.0,0.0,,0.0,,,0.0,0.0
Guanosine diphosphate mannose_[M+H],,,,,,,,,,,,,0.0,,,0.0,,,,,,,,,,,0.0,,,,,,,,,,,0.0,,,,,,,,,,,,,,,,,,,,,,,,,,,0.0,,0.0,,,,,14.0,,,0.0,,,,,,,,,,,,0.0,,0.0,,,0.0,,,,,,,,,,0.0,,0.0,0.0,,,,,0.0,0.0,,,,,,,,0.0,,,,0.0,,,,,,,,,,0.0,,0.0,,,,,,,,,,0.0,,,,,,,,,0.0,0.0,,,,
Guanosine diphosphate mannose_[M+Na],,,,,,,,,,,,,0.0,,,0.0,,,,,,,,,,,0.0,,,,,,,,,,,0.0,,,,,,,,,,,,,,,,,,,,,,,,,,,0.0,,0.0,,,,,0.0,,,0.0,,,,,,,,,,,,0.0,,0.0,,,0.0,,,,,,,,,,0.0,,0.0,0.0,,,,,0.0,0.0,,,,,,,,0.0,,,,0.0,,,,,,,,,,0.0,,0.0,,,,,,,,,,0.0,,,,,,,,,0.0,0.0,,,,
Guanosine-5'-Diphosphate_[M+H],,,,,,,,,,0.0,0.0,,6.0,0.0,275.0,60.0,0.0,,,,,78.0,,17.0,0.0,,,,,,,,,,,14.0,,515.0,,,,,0.0,0.0,,,0.0,,,,,,39.0,29.0,,,61.0,10.0,6.0,0.0,,,,43.0,,186.0,,,20.0,,,,,,0.0,,,,13.0,419.0,29.0,48.0,,,,48.0,15.0,,,182.0,,180.0,0.0,,,,,,17.0,,32.0,39.0,,15.0,,,,,319.0,0.0,189.0,242.0,609.0,,29.0,,,,161.0,53.0,,37.0,98.0,83.0,,,,,,38.0,207.0,,210.0,0.0,,0.0,36.0,14.0,,,,8.0,164.0,68.0,,,88.0,577.0,,,,132.0,34.0,0.0,267.0,,,,
Guanosine-5'-Diphosphate_[M+Na],,,,,,,,,,0.0,0.0,,0.0,0.0,0.0,0.0,37.0,,,,,0.0,,12.0,0.0,,,,,,,,,,,0.0,,0.0,,,,,0.0,0.0,,,0.0,,,,,,0.0,0.0,,,0.0,0.0,0.0,0.0,,,,0.0,,0.0,,,0.0,,,,,,0.0,,,,0.0,0.0,0.0,0.0,,,,0.0,0.0,,,0.0,,0.0,0.0,,,,,,0.0,,0.0,0.0,,0.0,,,,,0.0,0.0,0.0,0.0,0.0,,0.0,,,,0.0,0.0,,0.0,0.0,0.0,,,,,,0.0,0.0,,0.0,0.0,,0.0,0.0,0.0,,,,0.0,0.0,0.0,,,0.0,0.0,,,,0.0,0.0,0.0,0.0,,,,
Guanosine-5'-Monophosphate_[M+H],,,,,,,,,,230.0,,,,,,15.0,,,,,,,,,,,,0.0,,,,,40.0,,,,,,,,,,,50.0,,,10.0,,,,,,,,,,,,30.0,,,,,,,,,,,,,,,,,,0.0,,,267.0,,,,,,,57.0,12.0,,,,,,,,,,,97.0,,51.0,0.0,,,,,,,81.0,,,0.0,,,,,,,,,,14.0,,,60.0,,,,,,,,,,,,,,,,,,,,,,,,,,,,,,,16.0,,,
Guanosine-5'-Monophosphate_[M+Na],,,,,,,,,,0.0,,,,,,0.0,,,,,,,,,,,,0.0,,,,,0.0,,,,,,,,,,,0.0,,,0.0,,,,,,,,,,,,0.0,,,,,,,,,,,,,,,,,,5.0,,,0.0,,,,,,,0.0,0.0,,,,,,,,,,,0.0,,0.0,0.0,,,,,,,0.0,,,78.0,,,,,,,,,,0.0,,,0.0,,,,,,,,,,,,,,,,,,,,,,,,,,,,,,,0.0,,,
Guanosine_[M+H],,,,,,,,,0.0,0.0,0.0,0.0,0.0,39.0,0.0,0.0,0.0,24.0,32.0,0.0,0.0,0.0,0.0,0.0,0.0,0.0,0.0,,,,0.0,0.0,0.0,0.0,0.0,0.0,0.0,0.0,50.0,,,0.0,0.0,0.0,0.0,0.0,0.0,0.0,0.0,0.0,11.0,0.0,0.0,0.0,0.0,0.0,0.0,0.0,0.0,24.0,0.0,,0.0,0.0,0.0,0.0,0.0,0.0,0.0,0.0,9.0,0.0,5.0,,0.0,0.0,0.0,0.0,0.0,0.0,0.0,0.0,0.0,,0.0,0.0,0.0,0.0,0.0,0.0,0.0,0.0,0.0,0.0,0.0,,0.0,0.0,0.0,0.0,25.0,0.0,0.0,0.0,0.0,0.0,,0.0,0.0,0.0,0.0,0.0,0.0,0.0,0.0,0.0,0.0,,0.0,0.0,0.0,0.0,0.0,0.0,0.0,0.0,0.0,0.0,,0.0,0.0,0.0,0.0,0.0,0.0,0.0,0.0,0.0,0.0,,0.0,0.0,0.0,0.0,0.0,0.0,0.0,0.0,0.0,0.0,,0.0,0.0,0.0,0.0,0.0,0.0,,
Guanosine_[M+K],,,,,,,,,0.0,0.0,0.0,0.0,0.0,0.0,0.0,0.0,0.0,0.0,0.0,0.0,0.0,0.0,0.0,0.0,0.0,0.0,0.0,,,,0.0,0.0,0.0,0.0,0.0,0.0,0.0,0.0,0.0,,,0.0,0.0,0.0,0.0,0.0,0.0,0.0,0.0,0.0,0.0,0.0,0.0,0.0,0.0,0.0,0.0,0.0,0.0,0.0,0.0,,0.0,0.0,0.0,0.0,0.0,0.0,0.0,0.0,0.0,0.0,0.0,,0.0,0.0,0.0,0.0,0.0,0.0,0.0,0.0,0.0,,0.0,0.0,0.0,0.0,0.0,0.0,0.0,0.0,0.0,0.0,0.0,,0.0,0.0,0.0,0.0,0.0,0.0,0.0,0.0,0.0,0.0,,0.0,0.0,0.0,0.0,0.0,0.0,0.0,0.0,0.0,0.0,,0.0,0.0,0.0,0.0,0.0,0.0,0.0,0.0,0.0,0.0,,0.0,0.0,0.0,0.0,0.0,0.0,0.0,0.0,0.0,0.0,,0.0,0.0,0.0,0.0,0.0,0.0,0.0,0.0,0.0,0.0,,0.0,0.0,0.0,0.0,0.0,0.0,,
Guanosine_[M+Na],,,,,,,,,0.0,0.0,0.0,0.0,0.0,0.0,0.0,0.0,0.0,0.0,0.0,0.0,0.0,0.0,0.0,0.0,0.0,0.0,0.0,,,,0.0,0.0,0.0,0.0,0.0,0.0,0.0,0.0,0.0,,,0.0,0.0,0.0,0.0,0.0,0.0,0.0,0.0,0.0,0.0,0.0,0.0,0.0,0.0,0.0,0.0,0.0,0.0,0.0,0.0,,5.0,0.0,0.0,0.0,0.0,0.0,0.0,0.0,0.0,0.0,0.0,,0.0,0.0,0.0,0.0,0.0,0.0,0.0,0.0,0.0,,0.0,0.0,0.0,0.0,0.0,0.0,0.0,0.0,0.0,0.0,0.0,,0.0,0.0,0.0,0.0,0.0,0.0,0.0,0.0,0.0,0.0,,0.0,0.0,0.0,0.0,0.0,0.0,0.0,0.0,0.0,0.0,,0.0,0.0,0.0,0.0,0.0,0.0,0.0,0.0,0.0,0.0,,0.0,0.0,0.0,0.0,0.0,0.0,0.0,0.0,0.0,0.0,,0.0,0.0,0.0,0.0,0.0,0.0,0.0,0.0,0.0,0.0,,0.0,0.0,0.0,0.0,0.0,0.0,,
Histidine_[M+H],0.0,0.0,0.0,0.0,0.0,0.0,0.0,0.0,719.0,266.0,547.0,315.0,47.0,450.0,232.0,194.0,542.0,136.0,0.0,252.0,1849.0,1583.0,0.0,548.0,46.0,176.0,0.0,129.0,7.0,0.0,691.0,161.0,610.0,467.0,333.0,11.0,785.0,379.0,0.0,0.0,0.0,487.0,34.0,316.0,24.0,359.0,816.0,736.0,209.0,68.0,93.0,0.0,219.0,206.0,399.0,54.0,957.0,621.0,205.0,0.0,269.0,0.0,0.0,240.0,482.0,987.0,170.0,143.0,86.0,201.0,549.0,235.0,34.0,79.0,476.0,14.0,17.0,1534.0,574.0,538.0,665.0,199.0,26.0,0.0,0.0,114.0,700.0,451.0,120.0,193.0,391.0,954.0,699.0,10.0,0.0,0.0,541.0,894.0,402.0,0.0,24.0,398.0,178.0,22.0,0.0,0.0,0.0,342.0,299.0,81.0,285.0,31.0,0.0,203.0,247.0,649.0,129.0,0.0,494.0,257.0,38.0,126.0,852.0,606.0,165.0,331.0,105.0,0.0,25.0,173.0,160.0,587.0,76.0,121.0,238.0,0.0,306.0,101.0,7.0,23.0,524.0,0.0,127.0,120.0,199.0,0.0,113.0,679.0,210.0,0.0,0.0,274.0,0.0,0.0,973.0,74.0,0.0,0.0,0.0
Histidine_[M+NH4],23.0,54.0,80.0,48.0,128.0,47.0,62.0,28.0,49.0,0.0,0.0,37.0,91.0,46.0,19.0,6.0,71.0,0.0,30.0,19.0,0.0,121.0,74.0,0.0,18.0,15.0,9.0,7.0,116.0,2.0,0.0,0.0,6.0,29.0,442.0,54.0,8.0,2.0,0.0,35.0,19.0,2.0,0.0,0.0,32.0,5.0,5.0,7.0,0.0,28.0,17.0,18.0,0.0,0.0,0.0,19.0,0.0,5.0,2.0,90.0,4.0,25.0,14.0,1.0,0.0,40.0,46.0,4.0,9.0,36.0,0.0,8.0,3.0,145.0,12.0,108.0,79.0,0.0,0.0,0.0,163.0,0.0,0.0,15.0,30.0,4.0,1.0,14.0,0.0,0.0,12.0,0.0,42.0,2.0,37.0,89.0,0.0,3.0,164.0,22.0,2.0,12.0,0.0,0.0,3.0,66.0,33.0,20.0,98.0,5.0,0.0,1.0,17.0,12.0,3.0,3.0,10.0,11.0,25.0,0.0,0.0,3.0,3.0,10.0,0.0,0.0,38.0,41.0,0.0,0.0,31.0,0.0,0.0,16.0,10.0,25.0,2.0,1.0,6.0,0.0,17.0,6.0,2.0,0.0,25.0,2.0,166.0,4.0,70.0,70.0,129.0,4.0,49.0,39.0,23.0,78.0,4.0,29.0,78.0
Histidine_[M+Na],0.0,17.0,0.0,0.0,0.0,0.0,0.0,0.0,87.0,0.0,0.0,0.0,0.0,0.0,0.0,0.0,0.0,0.0,0.0,0.0,0.0,0.0,0.0,0.0,0.0,0.0,0.0,42.0,0.0,14.0,0.0,0.0,2.0,0.0,0.0,0.0,0.0,0.0,0.0,0.0,0.0,91.0,14.0,0.0,0.0,0.0,0.0,9.0,17.0,0.0,0.0,0.0,9.0,0.0,0.0,0.0,0.0,0.0,0.0,0.0,0.0,0.0,0.0,0.0,0.0,0.0,0.0,0.0,0.0,0.0,0.0,0.0,0.0,0.0,81.0,0.0,0.0,0.0,0.0,0.0,0.0,66.0,0.0,0.0,0.0,0.0,0.0,0.0,0.0,0.0,0.0,0.0,0.0,0.0,0.0,0.0,55.0,0.0,0.0,0.0,0.0,9.0,0.0,32.0,0.0,0.0,0.0,70.0,0.0,0.0,0.0,0.0,0.0,0.0,59.0,0.0,0.0,0.0,0.0,0.0,0.0,0.0,0.0,0.0,0.0,50.0,0.0,0.0,0.0,13.0,0.0,0.0,0.0,0.0,0.0,0.0,98.0,0.0,0.0,0.0,41.0,0.0,0.0,0.0,9.0,8.0,0.0,0.0,0.0,0.0,0.0,84.0,0.0,0.0,0.0,0.0,0.0,0.0,0.0
Histidine_[M-H2O+H],0.0,0.0,0.0,0.0,0.0,0.0,0.0,0.0,0.0,0.0,0.0,0.0,0.0,16.0,0.0,0.0,0.0,0.0,0.0,0.0,14.0,0.0,0.0,0.0,77.0,0.0,0.0,0.0,0.0,0.0,0.0,0.0,0.0,0.0,0.0,0.0,0.0,0.0,62.0,0.0,0.0,0.0,13.0,0.0,0.0,0.0,5.0,0.0,0.0,0.0,0.0,0.0,0.0,0.0,0.0,0.0,0.0,0.0,0.0,0.0,0.0,0.0,0.0,0.0,0.0,31.0,0.0,0.0,0.0,0.0,0.0,29.0,0.0,0.0,0.0,0.0,0.0,0.0,0.0,0.0,0.0,0.0,32.0,0.0,0.0,0.0,41.0,0.0,0.0,17.0,0.0,0.0,0.0,5.0,0.0,0.0,0.0,8.0,0.0,0.0,14.0,0.0,0.0,0.0,0.0,0.0,0.0,0.0,0.0,0.0,19.0,0.0,0.0,0.0,0.0,0.0,0.0,0.0,0.0,0.0,0.0,0.0,0.0,0.0,0.0,0.0,0.0,0.0,0.0,0.0,0.0,0.0,0.0,17.0,0.0,0.0,0.0,12.0,0.0,0.0,0.0,0.0,0.0,0.0,0.0,0.0,0.0,0.0,0.0,0.0,0.0,0.0,0.0,0.0,0.0,0.0,0.0,0.0,0.0
Homocitrate_[M+Na],,,,,,,,,,,,,,,,,,,,109.0,66.0,511.0,22.0,,,,,,,,,,,127.0,,0.0,0.0,0.0,,,,,0.0,,,,0.0,63.0,42.0,,,,,,,0.0,20.0,,,230.0,0.0,,,,140.0,252.0,38.0,5.0,,,,63.0,,,,,,0.0,0.0,,105.0,,,,,,,,,,,,,14.0,7.0,,,,,34.0,,,,,27.0,,,,61.0,,,,,131.0,,34.0,,,,,,,,,,127.0,,,,,,,,,,78.0,,,,,,,,,0.0,,,,,,,126.0,,30.0,,,,,
Hydroquinone_[M+H],,,,,,,,,,,,,,,,,,,,,,,,,,,,0.0,,,,,,,,,10.0,,,,,,,,,,,,,,,,,,,,,,,,,,53.0,,,,,,,,,,,,,,,,,,,,,,,,,,,,,,,,,,,,,,,,,,,,,,,,,,,,,,,,,,,,,,,,,,,,,,,,,,,,,,,,,,,,,,,,,,,,,,,,
Hydroxyproline_[M+H],,,,,,,,,0.0,0.0,0.0,0.0,0.0,0.0,0.0,,,,,0.0,0.0,0.0,0.0,,0.0,,,,0.0,0.0,,,0.0,0.0,,,,,,,,,0.0,,,,,,,0.0,,,,0.0,0.0,0.0,0.0,0.0,0.0,,,,,,0.0,,,0.0,0.0,0.0,,,,0.0,,0.0,,0.0,0.0,0.0,0.0,,,,,,,9.0,0.0,0.0,0.0,,,,0.0,,,0.0,,0.0,0.0,,0.0,0.0,,,,,,0.0,0.0,0.0,,,,,,,,0.0,,0.0,0.0,,6.0,,,,,,,0.0,0.0,,0.0,,,,,,0.0,0.0,9.0,0.0,,,0.0,,,,,,0.0,,,,,,
Hydroxyproline_[M+Na],,,,,,,,,0.0,0.0,0.0,0.0,0.0,0.0,0.0,,,,,0.0,0.0,0.0,0.0,,0.0,,,,0.0,0.0,,,0.0,0.0,,,,,,,,,0.0,,,,,,,0.0,,,,0.0,0.0,0.0,0.0,0.0,0.0,,,,,,0.0,,,0.0,0.0,0.0,,,,0.0,,0.0,,0.0,0.0,5.0,0.0,,,,,,,0.0,0.0,0.0,0.0,,,,0.0,,,0.0,,0.0,0.0,,0.0,0.0,,,,,,0.0,0.0,0.0,,,,,,,,0.0,,0.0,0.0,,0.0,,,,,,,0.0,0.0,,0.0,,,,,,0.0,0.0,0.0,0.0,,,0.0,,,,,,0.0,,,,,,
Hypoxanthine_[M+H],,,,,,,,,,,,,,,,,,,,,,0.0,,,,,,,,,,,,,,,0.0,,0.0,,,,,,,,,,,,,,,,0.0,,,88.0,,,0.0,,,,,,,,,,,,,,,,0.0,,,,,,,,,,,,12.0,,,,,,,,,,,,15.0,0.0,,,0.0,,,,,,,,,,,0.0,,,,,,,,0.0,,,,,,,0.0,,,,,,0.0,0.0,0.0,,,,,,,,,,,,,,,,,,,,
Hypoxanthine_[M+Na],,,,,,,,,,,,,,,,,,,,,,0.0,,,,,,,,,,,,,,,0.0,,0.0,,,,,,,,,,,,,,,,0.0,,,0.0,,,0.0,,,,,,,,,,,,,,,,0.0,,,,,,,,,,,,0.0,,,,,,,,,,,,0.0,0.0,,,0.0,,,,,,,,,,,0.0,,,,,,,,0.0,,,,,,,0.0,,,,,,17.0,0.0,0.0,,,,,,,,,,,,,,,,,,,,
Imidazoleacetic acid_[M+H],,,0.0,0.0,23.0,126.0,32.0,51.0,59.0,227.0,161.0,37.0,73.0,501.0,142.0,336.0,507.0,55.0,17.0,111.0,343.0,246.0,206.0,491.0,137.0,51.0,28.0,97.0,24.0,0.0,60.0,27.0,225.0,91.0,178.0,191.0,27.0,177.0,31.0,12.0,0.0,22.0,189.0,33.0,51.0,23.0,229.0,136.0,50.0,111.0,25.0,47.0,25.0,61.0,450.0,526.0,524.0,256.0,330.0,88.0,343.0,68.0,87.0,37.0,194.0,102.0,29.0,222.0,89.0,280.0,160.0,142.0,374.0,120.0,409.0,46.0,50.0,393.0,95.0,86.0,113.0,95.0,86.0,123.0,127.0,43.0,0.0,61.0,340.0,104.0,54.0,150.0,110.0,337.0,62.0,0.0,104.0,147.0,302.0,244.0,680.0,554.0,252.0,155.0,71.0,8.0,101.0,91.0,245.0,173.0,231.0,187.0,112.0,312.0,270.0,178.0,178.0,0.0,246.0,147.0,321.0,62.0,388.0,589.0,173.0,361.0,141.0,272.0,116.0,285.0,169.0,394.0,44.0,167.0,74.0,170.0,186.0,83.0,36.0,241.0,151.0,184.0,24.0,220.0,74.0,74.0,49.0,592.0,502.0,271.0,145.0,342.0,122.0,392.0,103.0,88.0,10.0,5.0,26.0
Indole-3-Ethanol_[M+H],19.0,12.0,110.0,,10.0,0.0,,,,,48.0,0.0,,131.0,,0.0,0.0,36.0,,,60.0,0.0,0.0,,101.0,23.0,0.0,0.0,15.0,,,29.0,78.0,,30.0,10.0,261.0,0.0,,45.0,0.0,,,,11.0,219.0,21.0,0.0,,6.0,15.0,0.0,,,,50.0,0.0,72.0,0.0,45.0,15.0,0.0,0.0,4.0,,128.0,140.0,38.0,261.0,269.0,34.0,,21.0,4.0,,,0.0,0.0,13.0,39.0,24.0,11.0,49.0,17.0,8.0,14.0,,,,0.0,0.0,0.0,0.0,214.0,,,,21.0,15.0,13.0,,640.0,32.0,,0.0,72.0,27.0,,,182.0,208.0,161.0,161.0,94.0,0.0,129.0,0.0,0.0,7.0,43.0,44.0,0.0,177.0,107.0,,,0.0,0.0,73.0,,442.0,112.0,,,38.0,,,29.0,,,0.0,34.0,14.0,42.0,26.0,26.0,,348.0,,0.0,,13.0,,17.0,15.0,71.0,233.0,124.0,178.0
Indoleacetaldehyde_[M+H],,,,,,,,,,0.0,,0.0,,16.0,0.0,,,29.0,,0.0,0.0,0.0,0.0,0.0,45.0,68.0,,,,,,0.0,0.0,44.0,0.0,4.0,,,,,0.0,0.0,,0.0,,0.0,,0.0,,,,,0.0,0.0,0.0,0.0,0.0,0.0,25.0,,,14.0,,,,0.0,,,,0.0,59.0,,,,,0.0,,,0.0,,0.0,,,0.0,,,4.0,25.0,70.0,0.0,0.0,0.0,23.0,,,,0.0,0.0,32.0,0.0,0.0,0.0,,,,,,,0.0,12.0,0.0,0.0,,0.0,0.0,,,,,0.0,0.0,0.0,0.0,,0.0,,,,,,0.0,20.0,0.0,0.0,0.0,,,,,,,0.0,,0.0,,0.0,0.0,0.0,11.0,,0.0,,,7.0,,,,,
Indoleacetic acid_[M+H],,,,,,0.0,,,,0.0,0.0,11.0,0.0,,,,,,,0.0,0.0,,,,39.0,,0.0,,,,,4.0,,0.0,,,0.0,,231.0,,0.0,,,19.0,19.0,,,0.0,0.0,,,,,,,0.0,,0.0,172.0,,,,0.0,,,,,,,,,12.0,47.0,,,130.0,130.0,,,18.0,,0.0,,16.0,,235.0,,,,,4.0,,,,,,41.0,,,,,0.0,127.0,,,240.0,58.0,0.0,126.0,401.0,587.0,107.0,,,0.0,11.0,,,,,,27.0,,,26.0,62.0,21.0,,4.0,,,,41.0,60.0,62.0,,,,,45.0,,66.0,,0.0,,,38.0,,,,,,,0.0,8.0,0.0,,,94.0
Indoleacetic acid_[M+Na],,,,,,0.0,,,,0.0,0.0,0.0,0.0,,,,,,,0.0,0.0,,,,0.0,,0.0,,,,,0.0,,0.0,,,0.0,,0.0,,0.0,,,0.0,0.0,,,0.0,0.0,,,,,,,0.0,,0.0,0.0,,,,0.0,,,,,,,,,0.0,0.0,,,0.0,0.0,,,0.0,,0.0,,0.0,,0.0,,,,,0.0,,,,,,0.0,,,,,0.0,0.0,,,0.0,0.0,0.0,0.0,0.0,0.0,0.0,,,42.0,0.0,,,,,,0.0,,,0.0,0.0,0.0,,0.0,,,,0.0,0.0,0.0,,,,,0.0,,0.0,,0.0,,,0.0,,,,,,,0.0,0.0,0.0,,,0.0
Inosine 5'-Diphosphate_[M+H],,,,,,,,,0.0,0.0,0.0,0.0,0.0,0.0,0.0,0.0,0.0,,,0.0,0.0,0.0,0.0,0.0,0.0,0.0,0.0,0.0,,,0.0,0.0,0.0,,0.0,0.0,,0.0,,,,0.0,0.0,0.0,,0.0,,,0.0,0.0,,,0.0,0.0,0.0,,0.0,0.0,0.0,0.0,0.0,,,0.0,0.0,0.0,0.0,,,0.0,0.0,0.0,,,,0.0,,,0.0,0.0,0.0,0.0,0.0,,,0.0,0.0,11.0,0.0,0.0,0.0,0.0,0.0,0.0,,,0.0,,0.0,0.0,0.0,0.0,,0.0,0.0,,,0.0,0.0,0.0,0.0,0.0,0.0,0.0,0.0,0.0,0.0,,0.0,0.0,0.0,0.0,0.0,0.0,0.0,46.0,0.0,0.0,,0.0,0.0,0.0,0.0,0.0,0.0,0.0,0.0,,,,0.0,0.0,0.0,0.0,0.0,,0.0,0.0,0.0,,,0.0,0.0,0.0,75.0,0.0,,,
Inosine 5'-Diphosphate_[M+Na],,,,,,,,,0.0,0.0,0.0,0.0,0.0,0.0,0.0,0.0,0.0,,,0.0,0.0,0.0,0.0,0.0,0.0,0.0,0.0,0.0,,,0.0,0.0,0.0,,0.0,0.0,,0.0,,,,0.0,0.0,0.0,,0.0,,,0.0,0.0,,,0.0,0.0,0.0,,0.0,0.0,0.0,0.0,0.0,,,0.0,0.0,0.0,0.0,,,0.0,0.0,0.0,,,,0.0,,,0.0,0.0,0.0,0.0,0.0,,,0.0,0.0,0.0,0.0,0.0,0.0,0.0,0.0,0.0,,,0.0,,0.0,0.0,0.0,0.0,,0.0,0.0,,,0.0,0.0,0.0,0.0,0.0,0.0,0.0,0.0,0.0,0.0,,0.0,0.0,0.0,0.0,0.0,0.0,0.0,0.0,0.0,0.0,,0.0,0.0,0.0,0.0,0.0,0.0,0.0,0.0,,,,0.0,0.0,0.0,0.0,0.0,,0.0,0.0,0.0,,,0.0,0.0,0.0,0.0,0.0,,,
Inosine triphosphate_[M+H],,,,,,,,,0.0,381.0,1231.0,288.0,67.0,210.0,739.0,,,,,,1810.0,,225.0,,845.0,41.0,0.0,0.0,,,0.0,,515.0,324.0,195.0,682.0,300.0,0.0,0.0,,,0.0,90.0,353.0,164.0,44.0,,168.0,,0.0,0.0,,0.0,591.0,,904.0,,,462.0,0.0,,,,0.0,,442.0,498.0,,103.0,227.0,,,,0.0,0.0,512.0,293.0,87.0,0.0,653.0,,,,,,0.0,1994.0,0.0,568.0,,,657.0,0.0,,,,0.0,405.0,640.0,164.0,374.0,608.0,,0.0,0.0,,,0.0,162.0,51.0,94.0,,989.0,,,,,,,86.0,37.0,151.0,495.0,,0.0,0.0,0.0,,,0.0,198.0,168.0,,362.0,,411.0,,,,,0.0,,342.0,156.0,,28.0,0.0,,0.0,,,0.0,61.0,468.0,0.0,,,,
Inosine triphosphate_[M+Na],,,,,,,,,0.0,0.0,0.0,0.0,0.0,0.0,0.0,,,,,,0.0,,0.0,,0.0,0.0,10.0,0.0,,,0.0,,0.0,0.0,0.0,0.0,0.0,0.0,0.0,,,0.0,0.0,0.0,0.0,0.0,,0.0,,0.0,0.0,,0.0,0.0,,0.0,,,0.0,0.0,,,,0.0,,0.0,0.0,,0.0,0.0,,,,0.0,0.0,0.0,0.0,0.0,0.0,0.0,,,,,,0.0,0.0,0.0,0.0,,,0.0,0.0,,,,0.0,0.0,0.0,0.0,0.0,0.0,,0.0,0.0,,,0.0,0.0,0.0,0.0,,0.0,,,,,,,0.0,0.0,0.0,0.0,,0.0,0.0,0.0,,,0.0,0.0,0.0,,0.0,,0.0,,,,,0.0,,0.0,0.0,,0.0,0.0,,0.0,,,0.0,0.0,0.0,0.0,,,,
Inosine_[M+H],,,,,,,,,39.0,0.0,0.0,0.0,0.0,0.0,0.0,0.0,,,,,0.0,0.0,0.0,26.0,0.0,0.0,0.0,0.0,,,0.0,0.0,0.0,27.0,0.0,0.0,0.0,2.0,,0.0,,24.0,0.0,0.0,0.0,0.0,0.0,0.0,13.0,,,,,0.0,39.0,83.0,0.0,0.0,0.0,0.0,0.0,,,0.0,40.0,0.0,0.0,0.0,0.0,0.0,,,,,0.0,0.0,0.0,0.0,0.0,0.0,0.0,46.0,,,,23.0,0.0,0.0,0.0,0.0,0.0,0.0,0.0,,,,0.0,0.0,,0.0,0.0,0.0,0.0,3.0,0.0,,0.0,30.0,0.0,0.0,0.0,0.0,0.0,0.0,0.0,0.0,,,0.0,0.0,0.0,0.0,0.0,0.0,0.0,0.0,,0.0,,14.0,0.0,67.0,0.0,0.0,0.0,,0.0,,,,0.0,0.0,0.0,0.0,0.0,0.0,0.0,0.0,,,,0.0,0.0,,0.0,9.0,,,
Inosine_[M+Na],,,,,,,,,0.0,101.0,140.0,370.0,60.0,36.0,0.0,0.0,,,,,85.0,88.0,0.0,16.0,55.0,0.0,0.0,0.0,,,0.0,0.0,0.0,0.0,0.0,0.0,0.0,0.0,,0.0,,0.0,57.0,89.0,0.0,72.0,95.0,0.0,0.0,,,,,0.0,0.0,7.0,0.0,0.0,37.0,0.0,0.0,,,30.0,0.0,260.0,0.0,0.0,0.0,126.0,,,,,0.0,0.0,0.0,0.0,0.0,0.0,393.0,0.0,,,,0.0,188.0,0.0,107.0,36.0,7.0,25.0,0.0,,,,0.0,0.0,,0.0,32.0,28.0,45.0,0.0,0.0,,0.0,102.0,0.0,0.0,23.0,0.0,245.0,59.0,0.0,0.0,,,0.0,73.0,0.0,0.0,463.0,0.0,0.0,0.0,,0.0,,0.0,72.0,0.0,73.0,0.0,91.0,,0.0,,,,0.0,0.0,0.0,0.0,0.0,0.0,0.0,0.0,,,,0.0,41.0,,0.0,0.0,,,
Inosinic Acid_[M+H],,,,,,,,,0.0,5.0,88.0,0.0,0.0,88.0,66.0,,0.0,,,0.0,80.0,102.0,0.0,22.0,0.0,37.0,0.0,0.0,,,,0.0,56.0,,141.0,54.0,99.0,,,,,0.0,199.0,69.0,0.0,0.0,304.0,6.0,,,,,0.0,0.0,0.0,,0.0,46.0,0.0,,,,,0.0,0.0,32.0,57.0,0.0,0.0,72.0,0.0,11.0,,,,0.0,0.0,0.0,18.0,0.0,132.0,0.0,0.0,,,,148.0,0.0,0.0,7.0,0.0,0.0,,,,,,63.0,33.0,60.0,0.0,22.0,0.0,,,0.0,,0.0,12.0,0.0,0.0,,93.0,103.0,,64.0,0.0,,,0.0,0.0,0.0,12.0,61.0,0.0,,,0.0,,,26.0,25.0,103.0,0.0,23.0,0.0,,0.0,0.0,,,128.0,0.0,0.0,0.0,0.0,0.0,,,,,,20.0,0.0,0.0,,,,0.0
Inosinic Acid_[M+Na],,,,,,,,,0.0,0.0,0.0,0.0,0.0,0.0,0.0,,0.0,,,0.0,22.0,0.0,0.0,0.0,0.0,0.0,0.0,0.0,,,,0.0,0.0,,0.0,0.0,0.0,,,,,0.0,0.0,0.0,0.0,0.0,0.0,0.0,,,,,0.0,0.0,0.0,,0.0,0.0,0.0,,,,,0.0,0.0,0.0,0.0,0.0,0.0,0.0,0.0,0.0,,,,0.0,0.0,0.0,0.0,0.0,0.0,0.0,0.0,,,,0.0,0.0,0.0,0.0,0.0,0.0,,,,,,0.0,0.0,0.0,17.0,0.0,0.0,,,0.0,,0.0,0.0,0.0,0.0,,0.0,0.0,,0.0,0.0,,,0.0,0.0,0.0,0.0,0.0,0.0,,,0.0,,,0.0,0.0,7.0,0.0,0.0,0.0,,0.0,0.0,,,0.0,13.0,0.0,3.0,0.0,0.0,,,,,,0.0,0.0,0.0,,,,0.0
Inositol_[M+Na],,,,,,,,,116.0,5136.0,92.0,2367.0,5178.0,972.0,2195.0,115.0,,,,,1902.0,2129.0,2515.0,605.0,1354.0,273.0,,,,11.0,,2599.0,1232.0,6281.0,1785.0,737.0,1402.0,,,,,44.0,1045.0,2463.0,1581.0,424.0,2234.0,948.0,43.0,,,,87.0,3222.0,4761.0,1813.0,2425.0,2544.0,1316.0,,,,,32.0,879.0,1202.0,363.0,1741.0,1590.0,904.0,,,,,123.0,3371.0,235.0,601.0,1213.0,20.0,1664.0,0.0,,,,518.0,39.0,1944.0,1179.0,995.0,1912.0,1079.0,,,,,205.0,1149.0,244.0,1901.0,42.0,1046.0,1736.0,,,,,141.0,1193.0,10122.0,2193.0,3426.0,,3516.0,150.0,,,,,429.0,2319.0,4426.0,231.0,1908.0,2230.0,18.0,,,62.0,45.0,1208.0,4993.0,1096.0,132.0,743.0,330.0,,,,,,9849.0,1734.0,1730.0,635.0,6215.0,534.0,32.0,,,,57.0,4397.0,463.0,,,,,
Isocitrate_[M+Na],,,,,,,,,,,,,,,,,,,,,,,,,,,,,,,,,,,,,,,,,,,,,,,,,,,,,,,,,,,,,,,,,37.0,,,,,,,,,,,,,,,,,,,,,,,,26.0,,,,,,,,37.0,,,,,,,,,,,,,,,,,,,,,,,,,,,,,,,,,,146.0,,,,,,,,,,,,,,,,,,,,,,,,,,,,
Isoleucine_[M+H],,,,,0.0,0.0,,,0.0,,0.0,0.0,0.0,0.0,,0.0,0.0,,0.0,0.0,0.0,0.0,0.0,,0.0,0.0,0.0,0.0,,,,0.0,0.0,,0.0,,0.0,0.0,0.0,,,,0.0,0.0,0.0,0.0,,0.0,0.0,0.0,,,,0.0,0.0,,0.0,0.0,,0.0,0.0,,,0.0,0.0,0.0,,0.0,,0.0,0.0,,,,0.0,0.0,,0.0,0.0,0.0,0.0,,0.0,,,0.0,0.0,,0.0,0.0,,,0.0,0.0,0.0,,,,0.0,0.0,0.0,0.0,,0.0,0.0,,,0.0,0.0,,0.0,0.0,0.0,,,0.0,,,0.0,,,0.0,0.0,,0.0,0.0,0.0,,,0.0,0.0,0.0,0.0,0.0,0.0,0.0,0.0,0.0,0.0,0.0,0.0,0.0,,,0.0,,0.0,,,,,0.0,,0.0,0.0,0.0,0.0,0.0,0.0
Isoleucine_[M+NH4],,,,,28.0,82.0,,,0.0,,0.0,0.0,0.0,0.0,,0.0,0.0,,0.0,0.0,0.0,0.0,0.0,,0.0,0.0,0.0,0.0,,,,0.0,0.0,,0.0,,0.0,0.0,0.0,,,,15.0,0.0,0.0,0.0,,0.0,0.0,0.0,,,,0.0,0.0,,0.0,0.0,,0.0,0.0,,,0.0,0.0,0.0,,0.0,,0.0,0.0,,,,0.0,0.0,,0.0,0.0,0.0,0.0,,0.0,,,0.0,0.0,,0.0,0.0,,,0.0,0.0,0.0,,,,0.0,0.0,0.0,0.0,,0.0,0.0,,,0.0,69.0,,0.0,0.0,0.0,,,0.0,,,0.0,,,0.0,0.0,,0.0,0.0,0.0,,,5.0,0.0,0.0,0.0,0.0,0.0,0.0,0.0,0.0,0.0,0.0,0.0,0.0,,,0.0,,0.0,,,,,0.0,,0.0,0.0,39.0,0.0,0.0,0.0
Isoleucine_[M+Na],,,,,0.0,0.0,,,0.0,,0.0,0.0,0.0,0.0,,0.0,0.0,,0.0,0.0,0.0,0.0,0.0,,0.0,0.0,0.0,0.0,,,,0.0,0.0,,0.0,,0.0,0.0,0.0,,,,0.0,0.0,0.0,0.0,,0.0,0.0,0.0,,,,0.0,0.0,,0.0,0.0,,0.0,0.0,,,0.0,10.0,0.0,,0.0,,0.0,0.0,,,,0.0,0.0,,0.0,0.0,0.0,0.0,,0.0,,,0.0,0.0,,0.0,35.0,,,0.0,0.0,0.0,,,,0.0,0.0,0.0,0.0,,0.0,0.0,,,0.0,0.0,,0.0,0.0,0.0,,,0.0,,,0.0,,,0.0,0.0,,0.0,0.0,0.0,,,0.0,0.0,0.0,0.0,0.0,0.0,0.0,0.0,0.0,0.0,0.0,0.0,0.0,,,0.0,,0.0,,,,,0.0,,0.0,0.0,0.0,0.0,0.0,0.0
Isoleucine_[M-H2O+H],,,,,0.0,0.0,,,0.0,,0.0,0.0,0.0,0.0,,0.0,0.0,,0.0,0.0,0.0,0.0,0.0,,0.0,0.0,0.0,0.0,,,,0.0,0.0,,0.0,,0.0,0.0,0.0,,,,0.0,0.0,0.0,0.0,,0.0,0.0,0.0,,,,0.0,0.0,,0.0,0.0,,0.0,0.0,,,0.0,0.0,0.0,,0.0,,0.0,0.0,,,,0.0,0.0,,0.0,0.0,0.0,0.0,,0.0,,,0.0,0.0,,0.0,0.0,,,0.0,0.0,0.0,,,,0.0,0.0,0.0,0.0,,0.0,0.0,,,0.0,0.0,,0.0,0.0,0.0,,,0.0,,,0.0,,,0.0,0.0,,0.0,0.0,0.0,,,0.0,0.0,0.0,0.0,0.0,0.0,0.0,0.0,0.0,0.0,0.0,0.0,0.0,,,0.0,,0.0,,,,,0.0,,0.0,0.0,0.0,0.0,0.0,0.0
Isomaltose_[M+Na],,,,,,,,,2069.0,6855.0,483.0,4623.0,4036.0,3095.0,1652.0,1751.0,,,,2700.0,2420.0,4819.0,823.0,4644.0,2086.0,2746.0,2938.0,,,,2342.0,2331.0,2925.0,4373.0,3267.0,1197.0,2033.0,1678.0,,,,2216.0,5583.0,1722.0,1841.0,561.0,3209.0,2049.0,1377.0,,,,3324.0,2061.0,2874.0,3216.0,4706.0,3856.0,743.0,921.0,,,,2383.0,2273.0,524.0,1200.0,2957.0,2036.0,3948.0,2226.0,,,,3784.0,3643.0,1512.0,1765.0,1643.0,403.0,3919.0,2394.0,,,,3905.0,170.0,2121.0,2960.0,1567.0,2203.0,729.0,1394.0,,,,3484.0,2763.0,810.0,3885.0,121.0,834.0,1527.0,1945.0,,,,3192.0,428.0,5217.0,1666.0,2437.0,398.0,4521.0,470.0,,,,2273.0,946.0,2205.0,2544.0,542.0,3390.0,1694.0,1086.0,,,,3032.0,1381.0,4460.0,970.0,203.0,1666.0,766.0,1556.0,,,,2600.0,4906.0,1309.0,1561.0,2109.0,4667.0,737.0,1986.0,,,,3106.0,1656.0,483.0,2168.0,,,,
Itaconate_[M+Na],,,,,,,,,,,,,,,,,,,,,,,,,,,,,,,,,,,,,,,,0.0,,,,,,,,,,,,,,,,,,,,,,,,,,,,,,,,,,,,,,,,,,,,,,,,,,,,,,,,,,,,,,,,,,,,,,,,,,,,,,,,,,,,,,,,,,,,,,,,,,,,,,,,,,,,,,,,,,,,,,,
Kynurenic Acid_[M+H],,,,,,,,,,,,,,,,,,,,,,,,,,,,,,,,,,,,,,,,,,,0.0,0.0,,,,,,,50.0,,,0.0,0.0,,,,,,,,,,,,,,,,,,,,,,,,,,,,,,,,,,,,,,,,,,,,,,0.0,,,,,,,,0.0,,,,,,,,,,,,,,,,,,14.0,,,,,,53.0,,,0.0,,,,,,,,,,,,,,,,,,,,,,,
Kynurenic Acid_[M+Na],,,,,,,,,,,,,,,,,,,,,,,,,,,,,,,,,,,,,,,,,,,0.0,0.0,,,,,,,0.0,,,0.0,0.0,,,,,,,,,,,,,,,,,,,,,,,,,,,,,,,,,,,,,,,,,,,,,,0.0,,,,,,,,0.0,,,,,,,,,,,,,,,,,,0.0,,,,,,0.0,,,0.0,,,,,,,,,,,,,,,,,,,,,,,
L-2-Amino-4-[2-Aminophenyl]-4-Oxobutanoic Acid_[M+H],,,,,0.0,0.0,,,,58.0,0.0,0.0,,0.0,0.0,,,0.0,0.0,,0.0,0.0,0.0,,0.0,0.0,0.0,0.0,0.0,,17.0,,0.0,5.0,,0.0,,,136.0,70.0,0.0,,0.0,72.0,72.0,0.0,0.0,0.0,,9.0,0.0,,44.0,0.0,0.0,0.0,0.0,0.0,0.0,0.0,0.0,21.0,0.0,0.0,0.0,0.0,0.0,,0.0,0.0,25.0,0.0,0.0,0.0,0.0,0.0,0.0,0.0,0.0,46.0,0.0,17.0,12.0,0.0,0.0,0.0,0.0,,0.0,18.0,0.0,,,0.0,0.0,0.0,,0.0,0.0,0.0,0.0,0.0,0.0,0.0,0.0,0.0,,0.0,0.0,0.0,0.0,0.0,4.0,0.0,0.0,0.0,0.0,,0.0,0.0,0.0,25.0,0.0,0.0,0.0,0.0,0.0,0.0,0.0,4.0,0.0,0.0,0.0,0.0,0.0,,0.0,0.0,0.0,0.0,0.0,0.0,0.0,,0.0,0.0,0.0,0.0,0.0,,0.0,0.0,0.0,0.0,0.0,12.0,,0.0,0.0
L-2-Amino-4-[2-Aminophenyl]-4-Oxobutanoic Acid_[M+Na],,,,,0.0,0.0,,,,0.0,0.0,0.0,,0.0,0.0,,,21.0,0.0,,0.0,0.0,21.0,,0.0,0.0,46.0,0.0,0.0,,0.0,,38.0,0.0,,65.0,,,0.0,29.0,14.0,,0.0,0.0,0.0,0.0,0.0,38.0,,94.0,23.0,,0.0,0.0,0.0,277.0,0.0,120.0,0.0,0.0,37.0,0.0,0.0,15.0,0.0,121.0,0.0,,0.0,41.0,32.0,0.0,14.0,0.0,99.0,0.0,124.0,0.0,12.0,0.0,0.0,0.0,97.0,16.0,178.0,146.0,28.0,,31.0,0.0,32.0,,,28.0,128.0,0.0,,0.0,0.0,0.0,0.0,27.0,52.0,52.0,204.0,18.0,,74.0,0.0,0.0,0.0,0.0,37.0,161.0,0.0,45.0,0.0,,0.0,0.0,27.0,178.0,70.0,105.0,0.0,12.0,27.0,0.0,22.0,21.0,119.0,22.0,0.0,83.0,7.0,,82.0,112.0,54.0,16.0,0.0,0.0,49.0,,53.0,0.0,0.0,111.0,257.0,,44.0,0.0,42.0,55.0,12.0,0.0,,24.0,37.0
L-Alanine_[M+H],,,,,,,,,,0.0,,,,,,,,,,,,0.0,,,151.0,70.0,,,,,,,0.0,,286.0,1115.0,97.0,,,,,,,753.0,0.0,52.0,,216.0,0.0,,0.0,0.0,,,,2746.0,0.0,,,0.0,,,,,1207.0,0.0,423.0,0.0,,,0.0,,,,,,215.0,34.0,33.0,,,,,0.0,,,,0.0,,,,,,,,,0.0,0.0,870.0,,,174.0,0.0,,,,,,0.0,,,,662.0,0.0,,0.0,,,,,,,,83.0,,,,0.0,0.0,0.0,,0.0,,,,0.0,,,,,,,,,652.0,,,16.0,,,,,,784.0,,,,,
L-Alanine_[M+NH4],,,,,,,,,,0.0,,,,,,,,,,,,0.0,,,0.0,0.0,,,,,,,0.0,,0.0,0.0,0.0,,,,,,,0.0,0.0,0.0,,0.0,0.0,,0.0,0.0,,,,0.0,0.0,,,0.0,,,,,0.0,0.0,0.0,10.0,,,0.0,,,,,,0.0,0.0,0.0,,,,,0.0,,,,0.0,,,,,,,,,0.0,0.0,0.0,,,0.0,0.0,,,,,,0.0,,,,0.0,0.0,,0.0,,,,,,,,0.0,,,,19.0,0.0,0.0,,0.0,,,,0.0,,,,,,,,,0.0,,,0.0,,,,,,0.0,,,,,
L-Alanine_[M+Na],,,,,,,,,,0.0,,,,,,,,,,,,0.0,,,0.0,0.0,,,,,,,0.0,,0.0,0.0,0.0,,,,,,,0.0,0.0,0.0,,0.0,0.0,,0.0,0.0,,,,0.0,0.0,,,0.0,,,,,0.0,0.0,0.0,0.0,,,0.0,,,,,,0.0,0.0,0.0,,,,,0.0,,,,0.0,,,,,,,,,0.0,0.0,0.0,,,0.0,0.0,,,,,,0.0,,,,0.0,0.0,,0.0,,,,,,,,0.0,,,,0.0,0.0,0.0,,0.0,,,,0.0,,,,,,,,,0.0,,,0.0,,,,,,0.0,,,,,
L-Alanine_[M-H2O+H],,,,,,,,,,0.0,,,,,,,,,,,,0.0,,,0.0,0.0,,,,,,,0.0,,0.0,0.0,0.0,,,,,,,0.0,0.0,0.0,,0.0,0.0,,0.0,0.0,,,,0.0,0.0,,,0.0,,,,,0.0,0.0,0.0,0.0,,,0.0,,,,,,0.0,0.0,0.0,,,,,0.0,,,,0.0,,,,,,,,,0.0,0.0,0.0,,,0.0,0.0,,,,,,0.0,,,,0.0,0.0,,0.0,,,,,,,,0.0,,,,0.0,0.0,0.0,,0.0,,,,0.0,,,,,,,,,0.0,,,0.0,,,,,,0.0,,,,,
L-Anserine_[M+H],,,0.0,0.0,0.0,,0.0,,22.0,0.0,26.0,0.0,0.0,0.0,0.0,251.0,45.0,0.0,0.0,26.0,0.0,0.0,0.0,0.0,20.0,19.0,115.0,0.0,0.0,,89.0,26.0,0.0,0.0,0.0,0.0,0.0,93.0,22.0,0.0,,45.0,0.0,0.0,50.0,19.0,12.0,0.0,72.0,110.0,0.0,0.0,27.0,53.0,0.0,0.0,7.0,0.0,0.0,63.0,0.0,,0.0,140.0,0.0,0.0,0.0,0.0,0.0,0.0,204.0,,0.0,,69.0,85.0,0.0,12.0,0.0,36.0,0.0,267.0,,0.0,0.0,55.0,0.0,0.0,0.0,0.0,0.0,0.0,13.0,0.0,0.0,0.0,45.0,0.0,14.0,0.0,0.0,0.0,0.0,12.0,0.0,0.0,0.0,5.0,0.0,0.0,0.0,0.0,0.0,0.0,56.0,0.0,0.0,0.0,85.0,0.0,41.0,0.0,0.0,0.0,0.0,48.0,21.0,0.0,0.0,131.0,0.0,6.0,0.0,0.0,21.0,0.0,52.0,,0.0,0.0,138.0,0.0,0.0,0.0,0.0,12.0,0.0,30.0,0.0,0.0,0.0,16.0,4.0,0.0,45.0,,63.0,0.0,0.0
L-Anserine_[M+Na],,,0.0,0.0,0.0,,0.0,,2.0,0.0,0.0,0.0,0.0,0.0,6.0,0.0,0.0,0.0,0.0,0.0,0.0,0.0,0.0,0.0,0.0,0.0,0.0,30.0,0.0,,0.0,0.0,14.0,0.0,0.0,0.0,0.0,28.0,0.0,0.0,,0.0,5.0,0.0,0.0,0.0,0.0,0.0,0.0,0.0,0.0,0.0,0.0,0.0,0.0,0.0,0.0,0.0,0.0,29.0,4.0,,0.0,0.0,0.0,38.0,0.0,0.0,0.0,0.0,0.0,,0.0,,8.0,0.0,0.0,0.0,0.0,0.0,8.0,0.0,,0.0,0.0,0.0,0.0,0.0,0.0,0.0,0.0,7.0,20.0,0.0,0.0,0.0,0.0,0.0,7.0,0.0,0.0,18.0,0.0,0.0,0.0,0.0,0.0,0.0,0.0,0.0,0.0,0.0,53.0,0.0,0.0,0.0,0.0,0.0,0.0,0.0,0.0,0.0,0.0,0.0,0.0,0.0,0.0,0.0,0.0,0.0,0.0,26.0,0.0,0.0,0.0,0.0,0.0,,0.0,0.0,0.0,0.0,0.0,4.0,0.0,0.0,0.0,0.0,0.0,0.0,0.0,0.0,0.0,0.0,9.0,,2.0,0.0,0.0
L-Arabinose_[M+Na],,,,,,,,,,,,,,,,,,,,,,,,,,,,,,,,,,,,,,,,,,,,,,,,,,,,,,,,,,,,,,,,,,,,,,,,,,,,,,,,,,,,,,,,,,,,,,,,,,,,,,,,,,,,,,,,,,,,,,,,,,,,,,,,,,,,,,,,,,,,,,,,,,,,,0.0,,,,,,,,,,
L-Arginine_[M+H],,2806.0,32.0,0.0,0.0,94.0,235.0,15.0,15119.0,2998.0,8184.0,3202.0,3770.0,5172.0,2835.0,14815.0,3102.0,2327.0,547.0,16275.0,14022.0,9503.0,1752.0,2896.0,1271.0,1159.0,12490.0,4631.0,1832.0,871.0,15529.0,2482.0,9027.0,1980.0,957.0,1261.0,855.0,13141.0,3285.0,1420.0,951.0,13902.0,3461.0,1930.0,1159.0,1709.0,6586.0,1557.0,12249.0,7131.0,2917.0,1450.0,13191.0,2560.0,1383.0,1255.0,6351.0,4087.0,3970.0,10340.0,3953.0,1854.0,822.0,17403.0,2736.0,4528.0,1161.0,1870.0,2151.0,2754.0,11097.0,4254.0,2894.0,1884.0,14443.0,2441.0,1754.0,7849.0,1862.0,7100.0,2685.0,12369.0,4584.0,2019.0,474.0,13195.0,3627.0,4393.0,2498.0,4342.0,2012.0,4130.0,8774.0,4183.0,2730.0,1742.0,14590.0,11638.0,1963.0,1753.0,3747.0,2523.0,843.0,10125.0,2317.0,2282.0,1767.0,14906.0,5615.0,2024.0,4335.0,2168.0,411.0,1958.0,10477.0,4910.0,3185.0,2742.0,14854.0,5881.0,2792.0,2233.0,5300.0,2251.0,941.0,8900.0,4403.0,2044.0,1628.0,11361.0,5957.0,537.0,4255.0,1883.0,3602.0,1110.0,12326.0,5772.0,3175.0,1290.0,15671.0,4205.0,555.0,2921.0,815.0,7.0,2297.0,11101.0,2513.0,1997.0,118.0,13249.0,1357.0,1659.0,14083.0,4397.0,1969.0,2184.0,68.0
L-Arginine_[M+NH4],,0.0,0.0,8.0,13.0,0.0,0.0,0.0,5.0,0.0,0.0,0.0,42.0,0.0,0.0,0.0,8.0,0.0,5.0,0.0,0.0,0.0,0.0,0.0,16.0,0.0,0.0,0.0,24.0,11.0,0.0,0.0,4.0,0.0,0.0,0.0,0.0,21.0,0.0,0.0,0.0,0.0,0.0,0.0,15.0,0.0,0.0,5.0,39.0,0.0,4.0,0.0,0.0,7.0,96.0,0.0,0.0,0.0,0.0,0.0,122.0,145.0,0.0,0.0,0.0,3.0,0.0,5.0,12.0,0.0,8.0,0.0,40.0,42.0,8.0,0.0,0.0,0.0,0.0,53.0,23.0,0.0,0.0,0.0,7.0,5.0,0.0,0.0,0.0,0.0,26.0,0.0,12.0,0.0,0.0,1.0,0.0,9.0,26.0,40.0,0.0,0.0,19.0,4.0,27.0,12.0,0.0,0.0,0.0,116.0,22.0,3.0,55.0,8.0,20.0,0.0,76.0,0.0,5.0,0.0,0.0,58.0,54.0,0.0,0.0,0.0,8.0,10.0,0.0,19.0,0.0,0.0,7.0,73.0,0.0,12.0,0.0,0.0,0.0,0.0,0.0,0.0,0.0,0.0,0.0,17.0,0.0,6.0,0.0,0.0,28.0,11.0,0.0,0.0,0.0,0.0,0.0,0.0,0.0
L-Arginine_[M+Na],,0.0,0.0,0.0,0.0,0.0,0.0,0.0,0.0,0.0,66.0,0.0,0.0,0.0,0.0,0.0,0.0,0.0,0.0,0.0,0.0,0.0,0.0,0.0,0.0,11.0,54.0,0.0,0.0,0.0,0.0,0.0,20.0,0.0,0.0,0.0,0.0,0.0,9.0,0.0,0.0,0.0,0.0,0.0,0.0,0.0,0.0,0.0,39.0,11.0,0.0,0.0,0.0,0.0,0.0,0.0,22.0,0.0,0.0,12.0,0.0,0.0,0.0,0.0,0.0,0.0,0.0,0.0,0.0,0.0,0.0,37.0,0.0,0.0,0.0,0.0,0.0,15.0,0.0,0.0,0.0,0.0,0.0,0.0,0.0,0.0,0.0,0.0,0.0,0.0,0.0,0.0,0.0,0.0,0.0,0.0,0.0,0.0,0.0,0.0,0.0,12.0,76.0,0.0,0.0,0.0,0.0,0.0,0.0,0.0,0.0,0.0,0.0,0.0,0.0,0.0,0.0,0.0,0.0,0.0,28.0,0.0,3.0,0.0,0.0,0.0,0.0,0.0,0.0,0.0,0.0,0.0,0.0,0.0,0.0,0.0,0.0,0.0,0.0,0.0,0.0,0.0,0.0,0.0,20.0,0.0,0.0,49.0,0.0,0.0,0.0,60.0,0.0,0.0,0.0,0.0,0.0,0.0,12.0
L-Arginine_[M-H2O+H],,0.0,0.0,34.0,0.0,0.0,0.0,0.0,0.0,0.0,0.0,0.0,0.0,0.0,0.0,0.0,0.0,0.0,0.0,18.0,0.0,0.0,0.0,0.0,0.0,0.0,0.0,0.0,0.0,0.0,0.0,87.0,31.0,0.0,44.0,0.0,0.0,0.0,0.0,0.0,0.0,26.0,0.0,0.0,0.0,43.0,0.0,0.0,0.0,0.0,0.0,0.0,0.0,0.0,0.0,0.0,0.0,0.0,0.0,0.0,0.0,0.0,0.0,0.0,0.0,0.0,0.0,0.0,0.0,7.0,0.0,0.0,14.0,9.0,0.0,0.0,0.0,0.0,0.0,0.0,6.0,0.0,0.0,0.0,0.0,0.0,7.0,0.0,0.0,7.0,29.0,33.0,0.0,0.0,0.0,0.0,61.0,0.0,0.0,0.0,18.0,0.0,0.0,0.0,0.0,0.0,0.0,12.0,0.0,0.0,0.0,15.0,0.0,0.0,0.0,0.0,0.0,0.0,0.0,0.0,0.0,40.0,9.0,0.0,0.0,0.0,0.0,0.0,0.0,0.0,0.0,0.0,0.0,0.0,0.0,0.0,0.0,0.0,0.0,0.0,0.0,0.0,0.0,0.0,0.0,0.0,0.0,11.0,0.0,0.0,0.0,0.0,0.0,0.0,0.0,0.0,0.0,0.0,0.0
L-Aspartic Acid_[M+H],,,,0.0,0.0,0.0,0.0,0.0,0.0,0.0,,0.0,,0.0,,,0.0,,0.0,0.0,3.0,284.0,,0.0,0.0,0.0,,0.0,,,,,,,41.0,0.0,,,0.0,,0.0,0.0,0.0,70.0,,0.0,0.0,,,0.0,0.0,,61.0,0.0,0.0,,0.0,,0.0,44.0,0.0,,0.0,0.0,0.0,92.0,,0.0,0.0,43.0,0.0,,,,0.0,,,64.0,0.0,,0.0,0.0,0.0,,0.0,,,,0.0,,,,0.0,,0.0,,0.0,,0.0,0.0,0.0,,,,,,,,,,0.0,0.0,0.0,0.0,0.0,0.0,,,,0.0,,,,0.0,0.0,,0.0,0.0,0.0,,0.0,34.0,,,,0.0,,,0.0,,0.0,0.0,0.0,0.0,0.0,0.0,0.0,0.0,0.0,0.0,0.0,,,,0.0,0.0,0.0,,0.0
L-Aspartic Acid_[M+NH4],,,,0.0,0.0,0.0,0.0,0.0,0.0,0.0,,0.0,,0.0,,,0.0,,0.0,0.0,0.0,0.0,,0.0,0.0,0.0,,0.0,,,,,,,0.0,0.0,,,0.0,,0.0,0.0,16.0,0.0,,0.0,0.0,,,0.0,0.0,,0.0,0.0,0.0,,0.0,,14.0,0.0,0.0,,0.0,0.0,0.0,0.0,,0.0,0.0,0.0,0.0,,,,0.0,,,0.0,0.0,,0.0,0.0,0.0,,0.0,,,,0.0,,,,0.0,,0.0,,0.0,,0.0,0.0,0.0,,,,,,,,,,0.0,0.0,0.0,0.0,0.0,0.0,,,,0.0,,,,0.0,0.0,,0.0,0.0,0.0,,0.0,0.0,,,,0.0,,,0.0,,0.0,0.0,0.0,0.0,0.0,0.0,0.0,0.0,0.0,0.0,0.0,,,,0.0,0.0,0.0,,0.0
L-Aspartic Acid_[M+Na],,,,0.0,0.0,0.0,0.0,0.0,0.0,0.0,,0.0,,0.0,,,0.0,,0.0,0.0,0.0,0.0,,0.0,0.0,0.0,,0.0,,,,,,,0.0,0.0,,,0.0,,0.0,0.0,0.0,0.0,,0.0,0.0,,,0.0,0.0,,0.0,0.0,0.0,,0.0,,0.0,0.0,0.0,,0.0,0.0,0.0,0.0,,0.0,0.0,0.0,0.0,,,,0.0,,,0.0,0.0,,0.0,0.0,0.0,,0.0,,,,0.0,,,,0.0,,0.0,,0.0,,0.0,0.0,8.0,,,,,,,,,,0.0,0.0,0.0,0.0,0.0,0.0,,,,0.0,,,,0.0,0.0,,0.0,0.0,0.0,,0.0,0.0,,,,0.0,,,0.0,,0.0,0.0,0.0,0.0,0.0,0.0,0.0,0.0,0.0,0.0,0.0,,,,0.0,0.0,0.0,,0.0
L-Aspartic Acid_[M-H2O+H],,,,0.0,0.0,0.0,0.0,0.0,0.0,0.0,,0.0,,0.0,,,0.0,,0.0,0.0,0.0,0.0,,0.0,0.0,0.0,,0.0,,,,,,,0.0,0.0,,,0.0,,0.0,0.0,0.0,0.0,,0.0,0.0,,,0.0,0.0,,0.0,0.0,15.0,,0.0,,0.0,0.0,0.0,,0.0,0.0,0.0,0.0,,0.0,0.0,0.0,0.0,,,,0.0,,,0.0,0.0,,0.0,0.0,69.0,,0.0,,,,0.0,,,,0.0,,0.0,,0.0,,0.0,0.0,0.0,,,,,,,,,,0.0,0.0,17.0,0.0,0.0,0.0,,,,0.0,,,,0.0,0.0,,0.0,0.0,0.0,,0.0,0.0,,,,0.0,,,0.0,,0.0,0.0,0.0,0.0,0.0,0.0,0.0,0.0,0.0,0.0,0.0,,,,0.0,56.0,0.0,,0.0
L-Citrulline_[M+H],,0.0,191.0,,0.0,,,,23.0,1022.0,940.0,1309.0,0.0,631.0,2515.0,90.0,23.0,0.0,34.0,161.0,252.0,373.0,747.0,410.0,213.0,453.0,0.0,0.0,11.0,,124.0,695.0,590.0,632.0,71.0,32.0,67.0,31.0,50.0,,11.0,408.0,396.0,128.0,444.0,130.0,547.0,170.0,358.0,0.0,8.0,0.0,114.0,1069.0,366.0,24.0,740.0,1145.0,579.0,299.0,0.0,0.0,0.0,356.0,604.0,710.0,481.0,24.0,546.0,437.0,246.0,53.0,,0.0,117.0,616.0,270.0,314.0,552.0,2588.0,359.0,52.0,0.0,0.0,,420.0,367.0,984.0,797.0,984.0,392.0,1376.0,139.0,22.0,74.0,0.0,65.0,240.0,29.0,646.0,756.0,886.0,288.0,51.0,67.0,0.0,,100.0,1037.0,39.0,1635.0,1056.0,825.0,246.0,261.0,38.0,0.0,59.0,28.0,1337.0,539.0,1503.0,950.0,169.0,15.0,,97.0,59.0,0.0,238.0,277.0,186.0,504.0,256.0,444.0,14.0,245.0,14.0,14.0,0.0,223.0,1111.0,,382.0,55.0,156.0,163.0,462.0,4.0,17.0,0.0,410.0,369.0,278.0,95.0,29.0,63.0,0.0,0.0
L-Cystathionine_[M+H],,,,,,4.0,,,,0.0,,,,12.0,0.0,,25.0,0.0,,8.0,0.0,,7.0,,,,,0.0,48.0,0.0,0.0,,,43.0,,0.0,,32.0,0.0,7.0,10.0,0.0,0.0,44.0,176.0,117.0,,0.0,,,58.0,0.0,0.0,0.0,,29.0,,,13.0,,14.0,,,,,,,,0.0,0.0,,,0.0,5.0,,,0.0,0.0,0.0,,,,,0.0,0.0,,0.0,,,0.0,,,,0.0,,,,0.0,257.0,,0.0,278.0,,,,0.0,0.0,10.0,0.0,,,,15.0,0.0,12.0,,0.0,,16.0,0.0,,,,,,0.0,,172.0,4.0,,,20.0,20.0,0.0,0.0,,0.0,32.0,0.0,16.0,11.0,0.0,56.0,,,24.0,,,0.0,,,29.0,,,,103.0,,,0.0
L-Cystathionine_[M+Na],,,,,,0.0,,,,35.0,,,,0.0,20.0,,0.0,13.0,,0.0,34.0,,0.0,,,,,0.0,0.0,545.0,91.0,,,0.0,,0.0,,0.0,0.0,171.0,19.0,0.0,0.0,0.0,0.0,0.0,,0.0,,,0.0,526.0,0.0,63.0,,0.0,,,0.0,,0.0,,,,,,,,45.0,0.0,,,0.0,0.0,,,0.0,0.0,134.0,,,,,23.0,0.0,,10.0,,,66.0,,,,7.0,,,,80.0,5.0,,68.0,0.0,,,,0.0,51.0,0.0,0.0,,,,548.0,29.0,0.0,,107.0,,0.0,0.0,,,,,,0.0,,0.0,0.0,,,0.0,0.0,0.0,34.0,,0.0,0.0,25.0,0.0,0.0,0.0,0.0,,,0.0,,,0.0,,,0.0,,,,0.0,,,0.0
L-Cysteine_[M+H],,,,,,,,,,,0.0,0.0,,0.0,,,,,,,0.0,0.0,,0.0,,,0.0,,,,,0.0,,,,,,,0.0,,,,,,,0.0,0.0,0.0,0.0,0.0,,,,,,,,0.0,,0.0,,,,,0.0,0.0,0.0,,,,,,,,,,0.0,0.0,,,0.0,,,,0.0,,,,43.0,,,0.0,,,,,,,,,,0.0,,0.0,,,,0.0,,,,,0.0,0.0,,,,0.0,0.0,,,,,,,,,,,0.0,0.0,,,,0.0,,,,,,,,,0.0,,,,0.0,,,,0.0,,,,,,,
L-Cysteine_[M+NH4],,,,,,,,,,,0.0,0.0,,0.0,,,,,,,0.0,0.0,,0.0,,,0.0,,,,,0.0,,,,,,,0.0,,,,,,,0.0,0.0,0.0,0.0,17.0,,,,,,,,0.0,,0.0,,,,,0.0,0.0,0.0,,,,,,,,,,0.0,0.0,,,16.0,,,,0.0,,,,0.0,,,0.0,,,,,,,,,,0.0,,0.0,,,,0.0,,,,,0.0,0.0,,,,0.0,0.0,,,,,,,,,,,0.0,0.0,,,,0.0,,,,,,,,,0.0,,,,0.0,,,,0.0,,,,,,,
L-Cysteine_[M+Na],,,,,,,,,,,0.0,0.0,,0.0,,,,,,,0.0,0.0,,0.0,,,0.0,,,,,0.0,,,,,,,0.0,,,,,,,0.0,0.0,0.0,0.0,0.0,,,,,,,,0.0,,0.0,,,,,0.0,0.0,0.0,,,,,,,,,,0.0,0.0,,,0.0,,,,0.0,,,,0.0,,,0.0,,,,,,,,,,0.0,,0.0,,,,0.0,,,,,0.0,0.0,,,,0.0,0.0,,,,,,,,,,,0.0,0.0,,,,0.0,,,,,,,,,0.0,,,,0.0,,,,0.0,,,,,,,
L-Cysteine_[M-H2O+H],,,,,,,,,,,0.0,0.0,,0.0,,,,,,,0.0,0.0,,0.0,,,0.0,,,,,0.0,,,,,,,0.0,,,,,,,0.0,0.0,0.0,0.0,0.0,,,,,,,,0.0,,0.0,,,,,0.0,0.0,0.0,,,,,,,,,,0.0,0.0,,,0.0,,,,0.0,,,,0.0,,,0.0,,,,,,,,,,0.0,,0.0,,,,0.0,,,,,0.0,0.0,,,,0.0,0.0,,,,,,,,,,,0.0,10.0,,,,0.0,,,,,,,,,0.0,,,,0.0,,,,0.0,,,,,,,
L-Glutamine_[M+H],,0.0,0.0,0.0,0.0,0.0,0.0,0.0,0.0,503.0,254.0,252.0,47.0,16.0,566.0,0.0,0.0,0.0,0.0,0.0,320.0,43.0,288.0,0.0,0.0,20.0,57.0,0.0,0.0,0.0,41.0,70.0,108.0,74.0,40.0,42.0,0.0,0.0,0.0,0.0,41.0,0.0,105.0,0.0,190.0,11.0,46.0,0.0,15.0,0.0,11.0,0.0,0.0,93.0,125.0,0.0,196.0,140.0,563.0,47.0,0.0,0.0,0.0,2.0,0.0,309.0,92.0,24.0,227.0,38.0,0.0,4.0,7.0,0.0,0.0,36.0,0.0,151.0,334.0,195.0,178.0,0.0,0.0,0.0,0.0,112.0,15.0,323.0,0.0,904.0,70.0,367.0,39.0,0.0,0.0,0.0,26.0,438.0,0.0,5.0,612.0,0.0,15.0,70.0,0.0,0.0,0.0,0.0,19.0,46.0,46.0,90.0,0.0,0.0,3.0,0.0,0.0,0.0,35.0,366.0,260.0,250.0,103.0,29.0,127.0,45.0,0.0,0.0,0.0,128.0,95.0,234.0,606.0,352.0,26.0,10.0,0.0,151.0,0.0,0.0,24.0,180.0,36.0,309.0,0.0,0.0,161.0,0.0,0.0,0.0,0.0,0.0,75.0,7.0,0.0,0.0,0.0,0.0,0.0
L-Glutamine_[M+NH4],,0.0,0.0,0.0,0.0,0.0,41.0,0.0,0.0,0.0,0.0,0.0,0.0,4.0,0.0,71.0,153.0,318.0,215.0,133.0,0.0,100.0,0.0,86.0,0.0,0.0,16.0,408.0,240.0,21.0,0.0,0.0,13.0,9.0,199.0,31.0,0.0,0.0,41.0,643.0,17.0,0.0,0.0,21.0,26.0,7.0,203.0,272.0,40.0,6.0,41.0,0.0,27.0,0.0,61.0,67.0,0.0,47.0,0.0,95.0,194.0,206.0,70.0,43.0,0.0,0.0,19.0,39.0,28.0,60.0,92.0,0.0,16.0,126.0,22.0,52.0,0.0,23.0,78.0,0.0,104.0,22.0,81.0,227.0,0.0,17.0,50.0,0.0,0.0,0.0,13.0,0.0,5.0,153.0,57.0,7.0,0.0,0.0,0.0,0.0,0.0,119.0,0.0,0.0,213.0,0.0,47.0,17.0,163.0,0.0,45.0,11.0,190.0,125.0,239.0,37.0,373.0,0.0,21.0,0.0,0.0,0.0,22.0,0.0,0.0,0.0,405.0,514.0,56.0,0.0,0.0,97.0,8.0,435.0,35.0,13.0,99.0,395.0,577.0,227.0,57.0,0.0,0.0,10.0,80.0,86.0,33.0,125.0,517.0,705.0,255.0,278.0,8.0,53.0,91.0,466.0,736.0,92.0,65.0
L-Glutamine_[M+Na],,0.0,0.0,0.0,0.0,0.0,0.0,0.0,0.0,0.0,0.0,0.0,66.0,0.0,0.0,0.0,0.0,0.0,0.0,0.0,0.0,0.0,0.0,0.0,0.0,0.0,0.0,0.0,0.0,0.0,0.0,0.0,0.0,0.0,0.0,0.0,0.0,0.0,0.0,0.0,0.0,0.0,0.0,0.0,0.0,65.0,0.0,0.0,0.0,0.0,0.0,0.0,0.0,0.0,0.0,0.0,0.0,0.0,0.0,0.0,0.0,0.0,0.0,0.0,0.0,22.0,0.0,0.0,0.0,0.0,0.0,0.0,0.0,0.0,0.0,0.0,0.0,0.0,0.0,0.0,0.0,0.0,0.0,0.0,0.0,0.0,0.0,0.0,0.0,0.0,0.0,24.0,0.0,0.0,0.0,0.0,0.0,0.0,0.0,0.0,86.0,0.0,15.0,0.0,0.0,0.0,0.0,0.0,0.0,0.0,0.0,0.0,0.0,0.0,0.0,0.0,0.0,0.0,0.0,0.0,0.0,0.0,0.0,0.0,0.0,0.0,0.0,0.0,0.0,0.0,0.0,0.0,0.0,0.0,0.0,0.0,0.0,0.0,0.0,0.0,0.0,18.0,0.0,0.0,0.0,0.0,0.0,0.0,0.0,0.0,0.0,0.0,0.0,0.0,0.0,0.0,0.0,0.0,0.0
L-Glutamine_[M-H2O+H],,0.0,0.0,0.0,0.0,0.0,0.0,0.0,0.0,0.0,0.0,0.0,0.0,0.0,0.0,0.0,0.0,0.0,0.0,0.0,0.0,0.0,0.0,0.0,0.0,0.0,0.0,0.0,0.0,0.0,0.0,0.0,0.0,0.0,0.0,0.0,0.0,0.0,0.0,6.0,0.0,0.0,0.0,0.0,0.0,0.0,0.0,0.0,0.0,0.0,0.0,0.0,0.0,0.0,0.0,0.0,0.0,0.0,0.0,0.0,0.0,0.0,0.0,0.0,0.0,0.0,0.0,0.0,0.0,0.0,0.0,0.0,0.0,0.0,0.0,0.0,0.0,0.0,0.0,0.0,0.0,0.0,0.0,0.0,0.0,0.0,0.0,0.0,0.0,0.0,0.0,0.0,0.0,0.0,0.0,0.0,0.0,0.0,0.0,0.0,0.0,0.0,0.0,0.0,0.0,0.0,0.0,0.0,0.0,0.0,0.0,0.0,0.0,0.0,0.0,0.0,0.0,0.0,0.0,0.0,0.0,0.0,0.0,0.0,0.0,0.0,0.0,0.0,0.0,0.0,0.0,0.0,0.0,0.0,0.0,0.0,0.0,0.0,0.0,0.0,0.0,0.0,0.0,0.0,0.0,0.0,0.0,0.0,0.0,0.0,0.0,0.0,0.0,0.0,0.0,0.0,0.0,0.0,0.0
L-Histidinol_[M+H],,0.0,23.0,0.0,0.0,0.0,0.0,0.0,172.0,47.0,0.0,0.0,0.0,0.0,0.0,0.0,10.0,0.0,0.0,0.0,0.0,0.0,0.0,,0.0,0.0,0.0,18.0,0.0,0.0,,0.0,0.0,0.0,0.0,0.0,0.0,0.0,0.0,0.0,0.0,0.0,0.0,0.0,0.0,97.0,0.0,,0.0,2.0,0.0,0.0,0.0,0.0,0.0,12.0,0.0,0.0,0.0,0.0,12.0,0.0,0.0,0.0,0.0,0.0,14.0,16.0,75.0,0.0,30.0,0.0,0.0,0.0,0.0,0.0,0.0,0.0,0.0,443.0,0.0,6.0,0.0,0.0,,6.0,58.0,10.0,0.0,0.0,0.0,93.0,0.0,0.0,0.0,0.0,0.0,0.0,11.0,0.0,0.0,0.0,0.0,0.0,0.0,0.0,0.0,29.0,0.0,0.0,0.0,9.0,53.0,0.0,0.0,0.0,0.0,0.0,0.0,0.0,0.0,0.0,0.0,0.0,23.0,0.0,0.0,0.0,33.0,0.0,29.0,0.0,24.0,0.0,0.0,0.0,0.0,0.0,0.0,0.0,124.0,36.0,0.0,0.0,15.0,0.0,0.0,0.0,0.0,0.0,0.0,0.0,0.0,0.0,943.0,0.0,0.0,15.0,0.0
L-Histidinol_[M+Na],,0.0,0.0,0.0,0.0,0.0,0.0,0.0,21.0,0.0,0.0,0.0,3.0,0.0,0.0,0.0,0.0,0.0,20.0,24.0,0.0,0.0,13.0,,0.0,7.0,0.0,0.0,0.0,0.0,,0.0,0.0,0.0,0.0,0.0,0.0,0.0,0.0,0.0,0.0,23.0,11.0,6.0,49.0,0.0,0.0,,0.0,0.0,0.0,29.0,0.0,4.0,0.0,0.0,0.0,13.0,20.0,0.0,0.0,0.0,21.0,0.0,45.0,7.0,0.0,18.0,0.0,65.0,0.0,0.0,0.0,0.0,0.0,0.0,0.0,29.0,0.0,0.0,0.0,0.0,0.0,57.0,,12.0,0.0,0.0,0.0,51.0,65.0,0.0,6.0,0.0,20.0,11.0,15.0,0.0,0.0,0.0,38.0,90.0,62.0,0.0,0.0,63.0,19.0,0.0,0.0,0.0,25.0,0.0,0.0,46.0,13.0,0.0,0.0,0.0,0.0,48.0,19.0,24.0,51.0,32.0,0.0,34.0,34.0,0.0,0.0,0.0,0.0,0.0,0.0,0.0,50.0,0.0,0.0,11.0,294.0,82.0,66.0,0.0,0.0,8.0,0.0,0.0,140.0,0.0,0.0,35.0,143.0,51.0,21.0,11.0,34.0,0.0,0.0,0.0,118.0
L-Homoserine_[M+H],,,,,,,17.0,,,,,,,55.0,,,,,8.0,,,15.0,,,,,,,,,,,0.0,,,,,,,,,,,,,,,0.0,,,,,,,,36.0,,,,,,,,,,,,,,,,,,,,,44.0,,,,,,,,,,,,,,,,,,,,,,,,8.0,,,,17.0,,,,,,,,,,,,,51.0,,,,,,,,,,,,,,,,,,,,,21.0,,,,,,,,,,,,0.0,,,,,16.0,95.0,,
L-Iditol_[M+Na],,,,,,,,,0.0,0.0,,0.0,0.0,0.0,0.0,0.0,0.0,,,0.0,0.0,0.0,0.0,0.0,0.0,0.0,,,,,0.0,0.0,0.0,0.0,0.0,,0.0,,,,,0.0,0.0,0.0,0.0,0.0,0.0,0.0,0.0,0.0,,,0.0,0.0,0.0,4.0,0.0,0.0,0.0,0.0,0.0,,,0.0,0.0,,0.0,,0.0,,0.0,,,0.0,0.0,0.0,61.0,,0.0,,0.0,0.0,72.0,0.0,9.0,0.0,,,,,,,,0.0,,,0.0,,0.0,,0.0,0.0,24.0,0.0,,,,0.0,,0.0,0.0,0.0,0.0,0.0,0.0,0.0,,,0.0,,0.0,0.0,57.0,0.0,0.0,0.0,0.0,59.0,0.0,,0.0,27.0,,,0.0,0.0,0.0,,,0.0,,0.0,0.0,0.0,0.0,0.0,0.0,0.0,0.0,,,0.0,0.0,0.0,0.0,,,,
L-Leucine_[M+H],,,,,,0.0,,,0.0,,0.0,0.0,0.0,0.0,,0.0,0.0,,,0.0,0.0,0.0,0.0,,0.0,,0.0,,,,,0.0,0.0,,0.0,,0.0,0.0,0.0,,,,0.0,0.0,0.0,0.0,,,0.0,0.0,,,,0.0,0.0,,0.0,0.0,,0.0,0.0,,,0.0,0.0,0.0,,0.0,,0.0,0.0,,,,0.0,0.0,,0.0,0.0,0.0,0.0,,0.0,,,0.0,0.0,,0.0,0.0,,,0.0,0.0,0.0,,,,0.0,0.0,0.0,0.0,,0.0,0.0,,,0.0,0.0,,0.0,0.0,0.0,,,0.0,,,0.0,,,0.0,0.0,,0.0,0.0,0.0,,,,0.0,0.0,0.0,0.0,0.0,0.0,0.0,0.0,,0.0,0.0,0.0,,,0.0,,0.0,0.0,,,,0.0,,0.0,0.0,,0.0,,0.0
L-Leucine_[M+NH4],,,,,,0.0,,,0.0,,0.0,0.0,0.0,0.0,,0.0,0.0,,,0.0,0.0,0.0,0.0,,0.0,,0.0,,,,,0.0,0.0,,0.0,,0.0,0.0,0.0,,,,15.0,0.0,0.0,0.0,,,0.0,0.0,,,,0.0,0.0,,0.0,0.0,,0.0,0.0,,,0.0,0.0,0.0,,0.0,,0.0,0.0,,,,0.0,0.0,,0.0,0.0,0.0,0.0,,0.0,,,0.0,0.0,,0.0,0.0,,,0.0,0.0,0.0,,,,0.0,0.0,0.0,0.0,,0.0,0.0,,,0.0,0.0,,0.0,0.0,0.0,,,0.0,,,0.0,,,0.0,0.0,,0.0,0.0,0.0,,,,0.0,0.0,0.0,0.0,0.0,0.0,0.0,0.0,,0.0,0.0,0.0,,,0.0,,0.0,0.0,,,,0.0,,0.0,0.0,,0.0,,0.0
L-Leucine_[M+Na],,,,,,0.0,,,0.0,,0.0,0.0,0.0,0.0,,0.0,0.0,,,0.0,0.0,0.0,0.0,,0.0,,0.0,,,,,0.0,0.0,,0.0,,0.0,0.0,0.0,,,,0.0,0.0,0.0,0.0,,,0.0,0.0,,,,0.0,0.0,,0.0,0.0,,0.0,0.0,,,0.0,10.0,0.0,,0.0,,0.0,0.0,,,,0.0,0.0,,0.0,0.0,0.0,0.0,,0.0,,,0.0,0.0,,0.0,35.0,,,0.0,0.0,0.0,,,,0.0,0.0,0.0,0.0,,0.0,0.0,,,0.0,0.0,,0.0,0.0,0.0,,,0.0,,,0.0,,,0.0,0.0,,0.0,0.0,0.0,,,,0.0,0.0,0.0,0.0,0.0,0.0,0.0,0.0,,0.0,0.0,0.0,,,0.0,,0.0,0.0,,,,0.0,,0.0,0.0,,0.0,,0.0
L-Leucine_[M-H2O+H],,,,,,0.0,,,0.0,,0.0,0.0,0.0,0.0,,0.0,0.0,,,0.0,0.0,0.0,0.0,,0.0,,0.0,,,,,0.0,0.0,,0.0,,0.0,0.0,0.0,,,,0.0,0.0,0.0,0.0,,,0.0,0.0,,,,0.0,0.0,,0.0,0.0,,0.0,0.0,,,0.0,0.0,0.0,,0.0,,0.0,0.0,,,,0.0,0.0,,0.0,0.0,0.0,0.0,,0.0,,,0.0,0.0,,0.0,0.0,,,0.0,0.0,0.0,,,,0.0,0.0,0.0,0.0,,0.0,0.0,,,0.0,0.0,,0.0,0.0,0.0,,,0.0,,,0.0,,,0.0,0.0,,0.0,0.0,0.0,,,,0.0,0.0,0.0,0.0,0.0,0.0,0.0,0.0,,0.0,0.0,0.0,,,0.0,,0.0,0.0,,,,0.0,,0.0,0.0,,0.0,,0.0
L-Lysine_[M+H],0.0,0.0,0.0,0.0,30.0,61.0,30.0,0.0,0.0,14.0,97.0,0.0,0.0,60.0,0.0,4.0,251.0,0.0,7.0,23.0,25.0,24.0,0.0,32.0,0.0,11.0,0.0,144.0,0.0,0.0,22.0,25.0,14.0,0.0,0.0,23.0,2.0,12.0,0.0,0.0,0.0,27.0,60.0,45.0,0.0,0.0,29.0,0.0,68.0,4.0,0.0,0.0,0.0,205.0,0.0,32.0,41.0,0.0,30.0,0.0,0.0,0.0,0.0,0.0,0.0,131.0,33.0,0.0,88.0,20.0,0.0,0.0,0.0,0.0,0.0,44.0,0.0,350.0,21.0,44.0,40.0,0.0,0.0,0.0,41.0,0.0,0.0,48.0,24.0,7.0,0.0,4.0,0.0,49.0,35.0,0.0,0.0,51.0,14.0,0.0,0.0,0.0,4.0,33.0,94.0,0.0,0.0,66.0,0.0,116.0,25.0,0.0,41.0,33.0,28.0,0.0,60.0,0.0,57.0,0.0,37.0,0.0,0.0,0.0,0.0,0.0,0.0,0.0,6.0,0.0,0.0,0.0,0.0,69.0,0.0,0.0,0.0,18.0,20.0,0.0,5.0,31.0,10.0,179.0,21.0,11.0,69.0,117.0,54.0,0.0,0.0,30.0,0.0,143.0,0.0,0.0,0.0,0.0,0.0
L-Lysine_[M+NH4],19.0,20.0,9.0,6.0,0.0,14.0,16.0,42.0,2.0,0.0,0.0,13.0,9.0,4.0,12.0,4.0,0.0,3.0,46.0,0.0,4.0,4.0,0.0,2.0,37.0,2.0,13.0,54.0,18.0,8.0,37.0,0.0,0.0,4.0,0.0,0.0,0.0,0.0,4.0,0.0,29.0,1.0,0.0,0.0,0.0,0.0,0.0,0.0,0.0,0.0,26.0,2.0,13.0,0.0,0.0,5.0,31.0,8.0,0.0,10.0,13.0,4.0,0.0,21.0,0.0,0.0,0.0,20.0,0.0,0.0,0.0,0.0,0.0,0.0,12.0,0.0,9.0,0.0,0.0,0.0,0.0,0.0,7.0,3.0,16.0,4.0,0.0,0.0,12.0,5.0,3.0,0.0,2.0,9.0,8.0,4.0,2.0,0.0,13.0,0.0,0.0,5.0,9.0,2.0,0.0,0.0,4.0,0.0,21.0,0.0,0.0,0.0,12.0,0.0,16.0,40.0,0.0,12.0,0.0,12.0,33.0,12.0,14.0,0.0,0.0,0.0,22.0,0.0,0.0,34.0,2.0,6.0,185.0,53.0,0.0,0.0,11.0,7.0,0.0,0.0,0.0,0.0,2.0,0.0,4.0,0.0,11.0,0.0,0.0,29.0,0.0,9.0,19.0,0.0,9.0,45.0,0.0,78.0,18.0
L-Lysine_[M+Na],0.0,28.0,0.0,0.0,0.0,0.0,0.0,0.0,78.0,0.0,34.0,0.0,0.0,0.0,21.0,0.0,18.0,5.0,0.0,0.0,31.0,0.0,57.0,0.0,31.0,175.0,0.0,0.0,6.0,4.0,19.0,0.0,0.0,12.0,173.0,0.0,57.0,114.0,0.0,19.0,8.0,65.0,0.0,91.0,146.0,0.0,19.0,49.0,0.0,180.0,13.0,22.0,9.0,0.0,23.0,126.0,0.0,138.0,32.0,0.0,0.0,167.0,0.0,3.0,66.0,0.0,12.0,0.0,0.0,0.0,0.0,0.0,87.0,22.0,4.0,0.0,30.0,0.0,0.0,21.0,104.0,19.0,42.0,6.0,19.0,0.0,13.0,0.0,0.0,58.0,0.0,72.0,45.0,0.0,0.0,0.0,8.0,41.0,113.0,19.0,9.0,61.0,71.0,0.0,20.0,0.0,12.0,0.0,0.0,0.0,32.0,0.0,0.0,0.0,0.0,10.0,0.0,0.0,23.0,0.0,21.0,0.0,0.0,58.0,8.0,69.0,175.0,53.0,155.0,20.0,0.0,78.0,0.0,43.0,24.0,18.0,8.0,4.0,30.0,38.0,0.0,0.0,0.0,0.0,0.0,6.0,0.0,6.0,0.0,0.0,0.0,0.0,0.0,0.0,0.0,0.0,3.0,0.0,0.0
L-Lysine_[M-H2O+H],0.0,0.0,0.0,0.0,0.0,0.0,0.0,0.0,0.0,0.0,0.0,0.0,0.0,0.0,0.0,0.0,0.0,0.0,0.0,0.0,0.0,0.0,0.0,0.0,0.0,0.0,0.0,0.0,0.0,0.0,0.0,0.0,0.0,0.0,0.0,0.0,0.0,0.0,0.0,0.0,0.0,0.0,0.0,0.0,0.0,0.0,0.0,0.0,0.0,0.0,0.0,0.0,0.0,0.0,0.0,0.0,0.0,0.0,0.0,0.0,0.0,0.0,0.0,0.0,0.0,0.0,0.0,0.0,0.0,0.0,0.0,0.0,0.0,0.0,0.0,0.0,0.0,0.0,0.0,0.0,0.0,0.0,0.0,0.0,0.0,17.0,0.0,0.0,0.0,0.0,0.0,0.0,0.0,0.0,0.0,0.0,0.0,0.0,0.0,0.0,0.0,0.0,0.0,0.0,0.0,0.0,0.0,0.0,0.0,0.0,0.0,0.0,0.0,0.0,0.0,0.0,0.0,0.0,0.0,0.0,0.0,0.0,0.0,0.0,0.0,0.0,0.0,0.0,0.0,0.0,0.0,0.0,0.0,0.0,0.0,0.0,0.0,0.0,0.0,0.0,0.0,0.0,0.0,0.0,0.0,0.0,0.0,0.0,0.0,0.0,0.0,0.0,0.0,0.0,0.0,0.0,0.0,0.0,0.0
L-Phenylalanine_[M+H],0.0,22.0,0.0,64.0,353.0,0.0,0.0,23.0,0.0,91.0,0.0,359.0,0.0,12.0,19.0,29.0,66.0,6.0,0.0,15.0,74.0,289.0,0.0,88.0,17.0,0.0,64.0,32.0,0.0,30.0,0.0,12.0,47.0,16.0,98.0,0.0,0.0,81.0,0.0,0.0,0.0,7.0,0.0,0.0,14.0,0.0,18.0,29.0,99.0,18.0,90.0,0.0,21.0,0.0,0.0,60.0,25.0,0.0,74.0,0.0,0.0,23.0,73.0,132.0,0.0,0.0,0.0,0.0,0.0,0.0,7.0,36.0,0.0,0.0,0.0,23.0,0.0,0.0,48.0,0.0,0.0,37.0,0.0,0.0,0.0,25.0,0.0,0.0,0.0,0.0,0.0,0.0,6.0,0.0,8.0,14.0,14.0,19.0,0.0,5.0,17.0,9.0,0.0,0.0,29.0,0.0,6.0,45.0,0.0,21.0,0.0,5.0,20.0,9.0,12.0,39.0,0.0,64.0,4.0,0.0,0.0,5.0,21.0,105.0,44.0,5.0,13.0,0.0,0.0,0.0,0.0,22.0,0.0,0.0,0.0,0.0,11.0,0.0,57.0,0.0,35.0,21.0,32.0,0.0,0.0,0.0,0.0,0.0,0.0,0.0,0.0,0.0,24.0,0.0,0.0,0.0,0.0,31.0,26.0
L-Phenylalanine_[M+NH4],0.0,41.0,9.0,0.0,0.0,9.0,0.0,6.0,20.0,0.0,0.0,7.0,9.0,86.0,15.0,71.0,254.0,13.0,0.0,28.0,18.0,0.0,43.0,34.0,14.0,0.0,0.0,61.0,0.0,82.0,0.0,12.0,0.0,65.0,12.0,166.0,26.0,8.0,0.0,4.0,28.0,0.0,0.0,34.0,20.0,3.0,0.0,12.0,12.0,0.0,0.0,188.0,0.0,8.0,0.0,172.0,4.0,0.0,0.0,26.0,0.0,0.0,64.0,45.0,0.0,0.0,0.0,12.0,0.0,0.0,54.0,0.0,0.0,32.0,35.0,0.0,50.0,0.0,0.0,0.0,232.0,3.0,0.0,0.0,0.0,0.0,0.0,0.0,4.0,0.0,0.0,74.0,0.0,0.0,0.0,0.0,0.0,0.0,0.0,0.0,19.0,7.0,0.0,0.0,0.0,37.0,11.0,0.0,0.0,0.0,0.0,0.0,0.0,74.0,0.0,82.0,0.0,0.0,0.0,208.0,60.0,17.0,0.0,0.0,0.0,0.0,0.0,5.0,86.0,0.0,55.0,5.0,0.0,0.0,0.0,15.0,27.0,0.0,29.0,0.0,0.0,27.0,20.0,0.0,116.0,0.0,0.0,0.0,7.0,0.0,6.0,26.0,0.0,0.0,50.0,0.0,0.0,0.0,0.0
L-Phenylalanine_[M+Na],0.0,0.0,0.0,0.0,0.0,0.0,0.0,0.0,0.0,49.0,0.0,0.0,0.0,0.0,14.0,0.0,0.0,17.0,17.0,0.0,0.0,36.0,0.0,11.0,0.0,84.0,0.0,0.0,0.0,0.0,0.0,0.0,0.0,0.0,38.0,0.0,0.0,0.0,0.0,0.0,0.0,41.0,0.0,0.0,0.0,0.0,130.0,0.0,0.0,0.0,0.0,0.0,0.0,46.0,0.0,0.0,0.0,21.0,21.0,0.0,0.0,0.0,0.0,0.0,0.0,0.0,33.0,16.0,0.0,0.0,0.0,0.0,0.0,0.0,0.0,7.0,0.0,22.0,0.0,0.0,0.0,0.0,0.0,0.0,0.0,0.0,0.0,12.0,0.0,0.0,0.0,0.0,0.0,0.0,0.0,0.0,0.0,0.0,0.0,0.0,0.0,21.0,0.0,0.0,44.0,0.0,0.0,0.0,0.0,0.0,0.0,0.0,30.0,0.0,0.0,0.0,0.0,0.0,0.0,196.0,145.0,0.0,0.0,21.0,0.0,0.0,8.0,0.0,0.0,0.0,0.0,59.0,0.0,0.0,34.0,0.0,0.0,19.0,0.0,0.0,0.0,0.0,0.0,0.0,0.0,60.0,0.0,0.0,0.0,0.0,0.0,0.0,0.0,0.0,0.0,0.0,0.0,14.0,0.0
L-Phenylalanine_[M-H2O+H],0.0,0.0,0.0,0.0,0.0,0.0,0.0,0.0,0.0,448.0,350.0,405.0,695.0,17.0,714.0,173.0,119.0,0.0,0.0,67.0,36.0,9.0,232.0,26.0,326.0,209.0,14.0,61.0,0.0,0.0,73.0,206.0,138.0,0.0,50.0,5.0,104.0,12.0,58.0,2.0,0.0,59.0,139.0,2.0,84.0,171.0,42.0,144.0,26.0,29.0,0.0,0.0,23.0,52.0,999.0,11.0,70.0,184.0,249.0,162.0,105.0,7.0,0.0,11.0,47.0,48.0,118.0,77.0,342.0,237.0,129.0,0.0,12.0,0.0,83.0,22.0,133.0,221.0,129.0,723.0,10.0,63.0,14.0,25.0,0.0,0.0,169.0,258.0,155.0,72.0,139.0,289.0,382.0,151.0,108.0,4.0,3.0,213.0,170.0,485.0,119.0,102.0,376.0,56.0,41.0,0.0,0.0,35.0,286.0,12.0,215.0,219.0,70.0,43.0,132.0,0.0,0.0,0.0,38.0,623.0,498.0,337.0,120.0,145.0,225.0,132.0,144.0,23.0,0.0,48.0,0.0,171.0,84.0,272.0,293.0,13.0,17.0,31.0,0.0,0.0,58.0,575.0,148.0,1070.0,125.0,118.0,134.0,113.0,90.0,114.0,4.0,222.0,284.0,63.0,15.0,90.0,0.0,0.0,0.0
L-Threonine_[M+H],,0.0,0.0,0.0,0.0,0.0,0.0,0.0,0.0,,0.0,0.0,0.0,0.0,0.0,0.0,0.0,0.0,0.0,0.0,0.0,0.0,0.0,0.0,0.0,0.0,0.0,0.0,0.0,,0.0,0.0,0.0,0.0,0.0,0.0,0.0,0.0,0.0,0.0,0.0,0.0,15.0,0.0,0.0,,0.0,0.0,0.0,0.0,0.0,0.0,0.0,0.0,0.0,0.0,0.0,0.0,0.0,0.0,0.0,0.0,0.0,0.0,0.0,0.0,0.0,0.0,0.0,0.0,0.0,0.0,,0.0,0.0,0.0,44.0,,0.0,0.0,0.0,0.0,0.0,0.0,0.0,0.0,0.0,0.0,0.0,0.0,,0.0,,0.0,,0.0,,0.0,0.0,0.0,0.0,0.0,0.0,0.0,17.0,0.0,0.0,0.0,0.0,0.0,0.0,,0.0,0.0,0.0,0.0,0.0,0.0,0.0,0.0,,0.0,0.0,0.0,0.0,0.0,0.0,0.0,,0.0,0.0,,0.0,0.0,0.0,0.0,0.0,,,0.0,0.0,,,0.0,0.0,0.0,0.0,0.0,0.0,0.0,0.0,0.0,0.0,0.0,0.0,16.0,95.0,0.0,0.0
L-Threonine_[M+NH4],,39.0,0.0,0.0,80.0,0.0,0.0,13.0,32.0,,0.0,0.0,37.0,0.0,6.0,43.0,0.0,0.0,22.0,30.0,31.0,0.0,22.0,0.0,26.0,0.0,29.0,0.0,0.0,,29.0,0.0,29.0,29.0,0.0,0.0,73.0,0.0,0.0,0.0,0.0,25.0,0.0,66.0,0.0,,0.0,17.0,86.0,0.0,0.0,0.0,112.0,14.0,0.0,26.0,29.0,0.0,0.0,52.0,0.0,0.0,0.0,0.0,0.0,37.0,0.0,47.0,16.0,35.0,0.0,0.0,,0.0,0.0,31.0,0.0,,0.0,54.0,22.0,0.0,20.0,33.0,0.0,109.0,0.0,0.0,0.0,0.0,,0.0,,63.0,,11.0,,0.0,145.0,0.0,24.0,0.0,0.0,0.0,0.0,0.0,155.0,0.0,0.0,0.0,22.0,,0.0,29.0,103.0,0.0,12.0,0.0,0.0,0.0,,0.0,0.0,0.0,0.0,32.0,0.0,0.0,,0.0,83.0,,8.0,8.0,38.0,0.0,0.0,,,0.0,0.0,,,51.0,0.0,0.0,12.0,54.0,0.0,78.0,0.0,76.0,150.0,0.0,32.0,41.0,0.0,38.0,0.0
L-Threonine_[M+Na],,0.0,0.0,0.0,0.0,0.0,0.0,0.0,0.0,,0.0,0.0,0.0,0.0,0.0,0.0,0.0,0.0,0.0,85.0,0.0,0.0,0.0,0.0,0.0,0.0,0.0,21.0,0.0,,0.0,0.0,0.0,0.0,0.0,0.0,0.0,0.0,0.0,0.0,0.0,0.0,0.0,0.0,0.0,,0.0,0.0,0.0,0.0,0.0,0.0,0.0,0.0,0.0,0.0,0.0,0.0,0.0,0.0,0.0,0.0,0.0,0.0,0.0,37.0,0.0,0.0,0.0,0.0,0.0,0.0,,0.0,0.0,0.0,0.0,,0.0,0.0,0.0,0.0,0.0,0.0,0.0,0.0,0.0,0.0,0.0,0.0,,0.0,,0.0,,0.0,,0.0,0.0,0.0,0.0,0.0,0.0,0.0,0.0,0.0,0.0,0.0,0.0,0.0,0.0,,0.0,0.0,0.0,0.0,0.0,0.0,0.0,0.0,,0.0,0.0,0.0,0.0,0.0,0.0,0.0,,0.0,0.0,,0.0,0.0,0.0,0.0,0.0,,,0.0,0.0,,,0.0,0.0,0.0,0.0,0.0,0.0,0.0,0.0,0.0,0.0,0.0,0.0,0.0,0.0,0.0,0.0
L-Threonine_[M-H2O+H],,0.0,0.0,0.0,0.0,0.0,0.0,0.0,0.0,,0.0,0.0,0.0,0.0,0.0,0.0,0.0,0.0,0.0,0.0,0.0,88.0,0.0,0.0,0.0,0.0,0.0,0.0,0.0,,0.0,0.0,0.0,0.0,0.0,0.0,0.0,0.0,0.0,0.0,0.0,0.0,0.0,0.0,0.0,,0.0,0.0,0.0,0.0,0.0,0.0,0.0,0.0,0.0,0.0,0.0,0.0,0.0,0.0,0.0,0.0,0.0,0.0,0.0,0.0,111.0,0.0,0.0,0.0,0.0,0.0,,0.0,0.0,0.0,0.0,,0.0,0.0,0.0,0.0,0.0,0.0,0.0,0.0,0.0,0.0,0.0,0.0,,0.0,,0.0,,0.0,,0.0,0.0,0.0,0.0,0.0,0.0,0.0,0.0,0.0,0.0,0.0,0.0,0.0,0.0,,0.0,0.0,0.0,0.0,0.0,0.0,0.0,0.0,,0.0,0.0,0.0,0.0,0.0,0.0,0.0,,0.0,0.0,,0.0,0.0,0.0,0.0,0.0,,,0.0,0.0,,,0.0,0.0,0.0,0.0,0.0,0.0,0.0,0.0,0.0,0.0,0.0,0.0,0.0,0.0,0.0,0.0
L-Tryptophan_[M+H],0.0,0.0,0.0,0.0,0.0,0.0,0.0,0.0,0.0,0.0,0.0,0.0,0.0,0.0,0.0,0.0,0.0,0.0,0.0,0.0,0.0,0.0,0.0,0.0,0.0,0.0,0.0,0.0,0.0,0.0,0.0,0.0,0.0,0.0,0.0,0.0,0.0,0.0,0.0,0.0,0.0,0.0,0.0,0.0,0.0,0.0,0.0,0.0,0.0,0.0,0.0,0.0,0.0,0.0,0.0,0.0,0.0,0.0,0.0,20.0,0.0,0.0,0.0,0.0,0.0,0.0,0.0,0.0,0.0,0.0,0.0,0.0,0.0,0.0,0.0,0.0,0.0,0.0,0.0,0.0,0.0,0.0,0.0,0.0,0.0,0.0,0.0,0.0,0.0,0.0,0.0,0.0,0.0,0.0,0.0,0.0,0.0,0.0,0.0,0.0,0.0,0.0,0.0,0.0,0.0,0.0,0.0,0.0,0.0,27.0,0.0,0.0,0.0,0.0,0.0,0.0,0.0,0.0,0.0,0.0,0.0,0.0,0.0,0.0,0.0,0.0,0.0,0.0,0.0,0.0,0.0,11.0,0.0,30.0,0.0,0.0,0.0,0.0,0.0,0.0,0.0,0.0,0.0,0.0,0.0,0.0,0.0,0.0,0.0,0.0,0.0,0.0,0.0,0.0,0.0,0.0,0.0,0.0,0.0
L-Tryptophan_[M+NH4],193.0,310.0,958.0,630.0,1142.0,508.0,617.0,497.0,725.0,442.0,935.0,544.0,624.0,937.0,580.0,323.0,509.0,394.0,521.0,361.0,551.0,433.0,337.0,417.0,402.0,768.0,754.0,8.0,1245.0,581.0,1022.0,644.0,542.0,385.0,757.0,298.0,29.0,626.0,258.0,437.0,489.0,577.0,776.0,846.0,529.0,364.0,461.0,758.0,36.0,1243.0,189.0,840.0,1183.0,619.0,629.0,660.0,599.0,1073.0,65.0,1097.0,651.0,543.0,546.0,535.0,409.0,483.0,363.0,278.0,425.0,383.0,1058.0,1193.0,648.0,433.0,569.0,486.0,315.0,555.0,409.0,454.0,460.0,765.0,42.0,789.0,418.0,264.0,373.0,647.0,400.0,120.0,385.0,490.0,381.0,586.0,369.0,917.0,381.0,512.0,416.0,652.0,400.0,672.0,715.0,552.0,723.0,597.0,1054.0,692.0,53.0,522.0,584.0,491.0,464.0,408.0,623.0,927.0,774.0,789.0,531.0,500.0,531.0,752.0,668.0,634.0,363.0,1015.0,421.0,732.0,784.0,735.0,481.0,65.0,614.0,507.0,371.0,247.0,954.0,603.0,860.0,468.0,412.0,700.0,407.0,219.0,340.0,491.0,419.0,694.0,660.0,1020.0,477.0,605.0,230.0,612.0,219.0,512.0,790.0,420.0,1487.0
L-Tryptophan_[M+Na],0.0,0.0,0.0,0.0,0.0,0.0,0.0,0.0,0.0,0.0,0.0,0.0,0.0,0.0,0.0,0.0,0.0,0.0,0.0,8.0,0.0,0.0,0.0,0.0,0.0,0.0,0.0,0.0,0.0,0.0,0.0,0.0,6.0,0.0,0.0,50.0,0.0,0.0,0.0,0.0,0.0,0.0,6.0,0.0,0.0,0.0,0.0,0.0,0.0,0.0,12.0,16.0,0.0,0.0,0.0,0.0,0.0,33.0,0.0,96.0,0.0,0.0,0.0,0.0,0.0,0.0,0.0,0.0,0.0,0.0,0.0,6.0,0.0,0.0,0.0,0.0,0.0,0.0,0.0,0.0,0.0,0.0,0.0,0.0,0.0,0.0,0.0,0.0,0.0,0.0,0.0,0.0,0.0,0.0,0.0,0.0,0.0,0.0,0.0,0.0,0.0,0.0,0.0,0.0,0.0,0.0,0.0,0.0,0.0,0.0,0.0,0.0,0.0,0.0,0.0,0.0,22.0,0.0,0.0,0.0,0.0,0.0,0.0,0.0,0.0,0.0,0.0,5.0,0.0,0.0,0.0,0.0,0.0,0.0,0.0,0.0,0.0,7.0,7.0,0.0,0.0,0.0,0.0,0.0,0.0,0.0,0.0,3.0,6.0,0.0,0.0,0.0,0.0,0.0,0.0,6.0,68.0,0.0,0.0
L-Tryptophan_[M-H2O+H],0.0,0.0,0.0,0.0,14.0,0.0,0.0,0.0,0.0,0.0,0.0,0.0,0.0,194.0,0.0,0.0,0.0,11.0,0.0,0.0,0.0,0.0,142.0,48.0,0.0,0.0,24.0,92.0,169.0,0.0,58.0,0.0,0.0,0.0,0.0,0.0,45.0,0.0,52.0,52.0,0.0,11.0,0.0,9.0,39.0,39.0,14.0,28.0,36.0,47.0,37.0,0.0,10.0,0.0,21.0,0.0,159.0,0.0,98.0,0.0,0.0,0.0,17.0,45.0,33.0,68.0,4.0,0.0,9.0,0.0,0.0,35.0,4.0,0.0,0.0,0.0,167.0,29.0,110.0,11.0,39.0,53.0,58.0,0.0,0.0,0.0,36.0,5.0,22.0,30.0,15.0,24.0,54.0,0.0,0.0,89.0,94.0,0.0,133.0,0.0,0.0,0.0,0.0,44.0,0.0,56.0,0.0,169.0,22.0,77.0,0.0,0.0,0.0,13.0,0.0,516.0,0.0,21.0,34.0,0.0,13.0,0.0,0.0,0.0,48.0,45.0,0.0,0.0,0.0,174.0,12.0,0.0,56.0,58.0,9.0,39.0,0.0,14.0,0.0,16.0,7.0,0.0,0.0,61.0,82.0,0.0,0.0,114.0,127.0,162.0,0.0,54.0,20.0,72.0,26.0,37.0,0.0,83.0,6.0
L-Tyrosine_[M+H],,,,,0.0,,,,0.0,0.0,0.0,0.0,0.0,0.0,0.0,0.0,0.0,,0.0,0.0,0.0,0.0,0.0,0.0,0.0,0.0,0.0,0.0,,,,0.0,0.0,0.0,0.0,0.0,0.0,0.0,0.0,,0.0,0.0,0.0,0.0,0.0,0.0,0.0,0.0,0.0,0.0,0.0,0.0,0.0,0.0,0.0,0.0,0.0,0.0,0.0,,0.0,0.0,0.0,0.0,0.0,0.0,0.0,0.0,0.0,0.0,,0.0,0.0,,0.0,0.0,0.0,0.0,0.0,0.0,0.0,0.0,0.0,0.0,0.0,0.0,0.0,0.0,0.0,0.0,0.0,0.0,0.0,0.0,0.0,,0.0,0.0,0.0,0.0,12.0,0.0,0.0,0.0,0.0,0.0,0.0,0.0,0.0,0.0,0.0,0.0,0.0,0.0,0.0,0.0,0.0,,0.0,0.0,0.0,0.0,0.0,0.0,0.0,,0.0,,0.0,0.0,0.0,0.0,0.0,0.0,0.0,0.0,0.0,0.0,,0.0,,0.0,0.0,0.0,0.0,0.0,0.0,0.0,0.0,0.0,0.0,0.0,0.0,0.0,0.0,0.0,0.0,,0.0
L-Tyrosine_[M+NH4],,,,,9.0,,,,0.0,0.0,0.0,0.0,0.0,12.0,0.0,0.0,140.0,,0.0,0.0,0.0,171.0,0.0,0.0,46.0,0.0,140.0,0.0,,,,0.0,0.0,0.0,169.0,0.0,13.0,16.0,144.0,,0.0,0.0,0.0,0.0,61.0,0.0,0.0,0.0,0.0,0.0,34.0,65.0,0.0,0.0,0.0,84.0,17.0,70.0,0.0,,17.0,0.0,40.0,84.0,0.0,0.0,0.0,0.0,0.0,0.0,,35.0,12.0,,169.0,43.0,28.0,9.0,0.0,0.0,41.0,0.0,27.0,0.0,0.0,0.0,74.0,0.0,3.0,20.0,0.0,0.0,0.0,0.0,20.0,,0.0,12.0,0.0,45.0,0.0,0.0,58.0,44.0,11.0,132.0,59.0,13.0,0.0,0.0,0.0,11.0,46.0,121.0,265.0,145.0,99.0,,0.0,13.0,0.0,5.0,22.0,79.0,0.0,,0.0,,0.0,0.0,0.0,103.0,24.0,28.0,0.0,36.0,0.0,178.0,,45.0,,126.0,12.0,0.0,0.0,7.0,0.0,161.0,0.0,0.0,37.0,93.0,0.0,96.0,86.0,79.0,0.0,,57.0
L-Tyrosine_[M+Na],,,,,0.0,,,,0.0,235.0,0.0,333.0,92.0,110.0,48.0,0.0,47.0,,0.0,0.0,103.0,19.0,309.0,419.0,65.0,471.0,0.0,0.0,,,,67.0,222.0,62.0,0.0,46.0,75.0,0.0,0.0,,0.0,0.0,131.0,63.0,478.0,167.0,295.0,241.0,0.0,4.0,0.0,0.0,0.0,77.0,248.0,17.0,19.0,42.0,286.0,,0.0,0.0,0.0,0.0,88.0,0.0,109.0,56.0,51.0,0.0,,0.0,0.0,,0.0,152.0,0.0,0.0,0.0,0.0,169.0,3.0,0.0,56.0,0.0,0.0,0.0,37.0,0.0,0.0,0.0,0.0,0.0,0.0,0.0,,0.0,0.0,87.0,0.0,0.0,94.0,23.0,0.0,0.0,0.0,0.0,0.0,0.0,189.0,56.0,10.0,0.0,0.0,0.0,0.0,0.0,,137.0,0.0,0.0,461.0,0.0,0.0,293.0,,34.0,,0.0,0.0,0.0,18.0,0.0,0.0,24.0,0.0,11.0,0.0,,0.0,,4.0,60.0,16.0,11.0,216.0,79.0,0.0,40.0,0.0,0.0,0.0,109.0,0.0,0.0,0.0,0.0,,0.0
L-Tyrosine_[M-H2O+H],,,,,0.0,,,,0.0,0.0,0.0,0.0,0.0,0.0,0.0,0.0,0.0,,0.0,0.0,0.0,0.0,0.0,0.0,0.0,0.0,0.0,0.0,,,,0.0,0.0,0.0,0.0,0.0,0.0,0.0,0.0,,0.0,0.0,32.0,0.0,0.0,0.0,0.0,0.0,0.0,0.0,0.0,0.0,0.0,0.0,0.0,0.0,0.0,0.0,0.0,,0.0,0.0,0.0,0.0,0.0,0.0,0.0,0.0,0.0,0.0,,0.0,0.0,,0.0,0.0,0.0,0.0,11.0,0.0,0.0,0.0,0.0,0.0,0.0,0.0,0.0,0.0,0.0,0.0,0.0,0.0,0.0,0.0,0.0,,0.0,0.0,0.0,0.0,8.0,0.0,0.0,0.0,0.0,0.0,0.0,0.0,0.0,0.0,0.0,0.0,0.0,0.0,0.0,0.0,0.0,,0.0,0.0,0.0,0.0,0.0,0.0,0.0,,0.0,,0.0,0.0,0.0,0.0,0.0,0.0,0.0,0.0,0.0,0.0,,0.0,,0.0,0.0,0.0,0.0,0.0,0.0,0.0,0.0,0.0,0.0,0.0,0.0,0.0,0.0,0.0,0.0,,15.0
L-Valine_[M+H],171.0,2028.0,2706.0,2117.0,377.0,1000.0,62.0,2932.0,1911.0,419.0,728.0,365.0,1253.0,113.0,692.0,2999.0,579.0,1325.0,1038.0,1381.0,314.0,715.0,1415.0,1699.0,1225.0,1750.0,1612.0,1875.0,87.0,704.0,1363.0,1701.0,2075.0,1590.0,1924.0,880.0,906.0,1721.0,983.0,1318.0,1630.0,684.0,480.0,1202.0,386.0,2042.0,552.0,250.0,562.0,2003.0,1649.0,1362.0,1584.0,663.0,500.0,847.0,924.0,102.0,957.0,1977.0,849.0,327.0,796.0,1193.0,1732.0,1210.0,268.0,1527.0,1334.0,237.0,2216.0,976.0,893.0,1265.0,41.0,963.0,1084.0,862.0,710.0,1060.0,828.0,1686.0,1523.0,799.0,346.0,2364.0,660.0,1504.0,1294.0,1543.0,458.0,1485.0,786.0,297.0,1181.0,,989.0,198.0,209.0,569.0,1020.0,51.0,752.0,473.0,517.0,1386.0,827.0,375.0,1805.0,796.0,1608.0,650.0,612.0,634.0,637.0,979.0,577.0,1391.0,680.0,939.0,1272.0,906.0,783.0,778.0,1276.0,1435.0,351.0,2165.0,1614.0,1202.0,429.0,789.0,,1111.0,466.0,1014.0,1477.0,230.0,675.0,1208.0,625.0,1699.0,1333.0,380.0,933.0,320.0,1364.0,1737.0,1115.0,2926.0,867.0,41.0,868.0,791.0,891.0,1268.0,1177.0,1156.0,1985.0
L-Valine_[M+NH4],0.0,0.0,0.0,0.0,0.0,0.0,0.0,0.0,0.0,0.0,0.0,0.0,0.0,0.0,0.0,0.0,0.0,0.0,0.0,0.0,0.0,0.0,0.0,0.0,0.0,0.0,0.0,0.0,0.0,0.0,0.0,0.0,0.0,0.0,0.0,0.0,0.0,0.0,0.0,0.0,0.0,0.0,0.0,0.0,0.0,0.0,0.0,0.0,0.0,0.0,0.0,0.0,0.0,0.0,0.0,0.0,0.0,0.0,0.0,0.0,0.0,0.0,0.0,0.0,0.0,0.0,0.0,0.0,0.0,0.0,0.0,0.0,0.0,0.0,0.0,0.0,3.0,0.0,0.0,0.0,0.0,0.0,0.0,0.0,0.0,0.0,0.0,0.0,0.0,0.0,0.0,0.0,0.0,0.0,0.0,,0.0,0.0,0.0,0.0,0.0,0.0,0.0,0.0,0.0,0.0,0.0,0.0,0.0,0.0,0.0,0.0,0.0,0.0,0.0,0.0,0.0,0.0,0.0,0.0,0.0,0.0,0.0,0.0,0.0,0.0,0.0,0.0,0.0,0.0,0.0,0.0,,0.0,0.0,0.0,0.0,0.0,0.0,0.0,0.0,0.0,0.0,0.0,0.0,0.0,0.0,0.0,0.0,0.0,0.0,0.0,0.0,0.0,0.0,0.0,0.0,0.0,0.0
L-Valine_[M+Na],0.0,0.0,106.0,278.0,221.0,370.0,160.0,211.0,106.0,89.0,97.0,235.0,72.0,39.0,114.0,241.0,275.0,217.0,403.0,109.0,16.0,206.0,0.0,39.0,24.0,6.0,0.0,0.0,20.0,150.0,168.0,0.0,58.0,0.0,0.0,34.0,0.0,42.0,41.0,16.0,37.0,37.0,42.0,301.0,0.0,0.0,0.0,66.0,0.0,0.0,0.0,48.0,30.0,82.0,62.0,0.0,20.0,142.0,52.0,0.0,709.0,52.0,62.0,21.0,142.0,103.0,118.0,17.0,78.0,49.0,18.0,8.0,30.0,12.0,141.0,38.0,0.0,47.0,18.0,51.0,0.0,38.0,0.0,74.0,645.0,83.0,415.0,240.0,0.0,4.0,0.0,4.0,87.0,43.0,56.0,,197.0,29.0,409.0,53.0,0.0,115.0,157.0,1.0,36.0,0.0,22.0,34.0,60.0,72.0,0.0,0.0,0.0,0.0,0.0,32.0,79.0,0.0,96.0,47.0,0.0,35.0,5.0,29.0,88.0,43.0,40.0,35.0,0.0,55.0,21.0,46.0,,0.0,37.0,0.0,43.0,295.0,186.0,73.0,104.0,29.0,66.0,0.0,0.0,118.0,17.0,0.0,0.0,163.0,42.0,232.0,40.0,30.0,330.0,137.0,33.0,54.0,16.0
L-Valine_[M-H2O+H],0.0,0.0,0.0,0.0,0.0,0.0,0.0,0.0,0.0,0.0,0.0,0.0,0.0,0.0,0.0,0.0,0.0,0.0,0.0,0.0,0.0,0.0,0.0,0.0,0.0,0.0,0.0,0.0,0.0,0.0,0.0,0.0,0.0,0.0,0.0,0.0,0.0,0.0,0.0,0.0,0.0,0.0,0.0,0.0,0.0,35.0,0.0,0.0,0.0,0.0,0.0,0.0,0.0,0.0,0.0,0.0,0.0,0.0,0.0,0.0,0.0,0.0,0.0,0.0,0.0,0.0,0.0,0.0,0.0,0.0,0.0,0.0,0.0,0.0,0.0,0.0,0.0,0.0,0.0,0.0,0.0,0.0,0.0,0.0,0.0,0.0,0.0,0.0,0.0,0.0,0.0,0.0,0.0,0.0,0.0,,0.0,0.0,0.0,0.0,0.0,0.0,0.0,0.0,0.0,0.0,0.0,0.0,0.0,22.0,0.0,0.0,0.0,0.0,0.0,0.0,0.0,0.0,0.0,0.0,0.0,0.0,0.0,0.0,0.0,0.0,0.0,0.0,0.0,0.0,0.0,0.0,,0.0,0.0,0.0,0.0,0.0,0.0,0.0,0.0,0.0,0.0,0.0,0.0,0.0,0.0,0.0,0.0,0.0,0.0,0.0,0.0,0.0,0.0,0.0,0.0,0.0,0.0
Lanosterol_[M-H2O+H],,,,,,,,,,,,,,,,,,,,0.0,,,,,,,,,,,,,,,,,,,,,,,,,,,,,,,,,,,,,,,,,,,,,,,,,,,,,,,,,,,,,,,,,,,,,,,,,,,,,,,,,,,,,,,,,,18.0,,,,,,,,9.0,,,,,,,,41.0,,,,0.0,,,,,,,,,,,,,,,,,,,,,,,,,,,,,
Leukotriene B4_[M+Na],,,,,,,,,,,,,,,,,,,,,,,,,,,,7.0,,,,,,,,,,,,,,,,,,,,,,,,,,,,,,,,,10.0,,,,,,,,,,,,,,,,,,,,,,,6.0,,,,,,,,,,,,,,,,,,,,,,,,,,,,,,,,,,,,,,,,,5.0,,,,,,,,,,,,,,,,,,,,,,,0.0,,,,,,,,,,,
Levocarnitine_[M+H],59.0,48.0,44.0,0.0,11.0,0.0,24.0,54.0,258.0,,78.0,0.0,0.0,36.0,0.0,37.0,0.0,24.0,0.0,95.0,29.0,0.0,16.0,0.0,3.0,0.0,7.0,69.0,67.0,76.0,155.0,24.0,28.0,15.0,0.0,12.0,0.0,73.0,31.0,226.0,0.0,413.0,0.0,0.0,0.0,93.0,40.0,0.0,38.0,20.0,38.0,0.0,484.0,14.0,13.0,47.0,33.0,0.0,10.0,68.0,0.0,12.0,87.0,328.0,0.0,51.0,30.0,295.0,89.0,138.0,0.0,0.0,0.0,150.0,542.0,0.0,0.0,73.0,0.0,0.0,38.0,70.0,0.0,5.0,5.0,74.0,12.0,12.0,4.0,15.0,19.0,0.0,104.0,0.0,14.0,39.0,0.0,76.0,0.0,22.0,7.0,0.0,0.0,468.0,176.0,157.0,70.0,161.0,0.0,,49.0,,0.0,0.0,0.0,7.0,0.0,36.0,187.0,15.0,0.0,0.0,0.0,31.0,24.0,,0.0,15.0,0.0,299.0,0.0,186.0,49.0,0.0,0.0,27.0,133.0,32.0,0.0,0.0,,86.0,0.0,0.0,0.0,0.0,21.0,21.0,0.0,,72.0,41.0,0.0,146.0,160.0,29.0,30.0,6.0,44.0
Levomefolic acid_[M+H],,,,,,,,,,,,24.0,50.0,19.0,,,,,,,,7.0,10.0,,0.0,33.0,,0.0,,,,,,,,32.0,0.0,,,,,,,4.0,,,37.0,16.0,,,,,,,,0.0,,0.0,0.0,,,,,,10.0,0.0,0.0,,7.0,0.0,0.0,,0.0,,,,21.0,,5.0,,,,,0.0,,,89.0,,13.0,36.0,71.0,,,,,,,0.0,103.0,24.0,16.0,0.0,19.0,,0.0,,,,7.0,,0.0,,16.0,52.0,0.0,,0.0,,,,0.0,0.0,6.0,,0.0,,,,,,14.0,0.0,0.0,,0.0,,,,,,,,0.0,,4.0,3.0,0.0,,,,,,,0.0,,,,,
Linoleic acid_[M+Na],,,,,0.0,,,,,,,,,,,,,,,,,,,75.0,,,,,,,,,,,,0.0,,,,0.0,,11.0,,,,,0.0,,,,,,0.0,,,0.0,,,,,,,,,,,,,,,,0.0,,,,,,,,,,26.0,,,,90.0,,,,,62.0,,,,,,6.0,0.0,0.0,0.0,,,,,,,,,,,,,,,,,0.0,,8.0,,,,,,0.0,,,,,,,,,0.0,,,19.0,,,,,,,,,,,,0.0,,,9.0,5.0,,4.0,,,,
Lipoamide_[M+H],,,,,,,,,192.0,16.0,,,,,,32.0,0.0,,,235.0,0.0,,0.0,65.0,,33.0,5.0,10.0,,,96.0,0.0,,0.0,,,,141.0,,,,102.0,,33.0,,94.0,,,101.0,14.0,,,139.0,,,9.0,0.0,21.0,,124.0,10.0,,,88.0,60.0,,0.0,0.0,,,22.0,,,0.0,140.0,,0.0,,,0.0,,39.0,0.0,,0.0,305.0,26.0,0.0,0.0,,,,4.0,39.0,,,110.0,12.0,,9.0,0.0,,12.0,92.0,,7.0,,,0.0,,,0.0,0.0,0.0,160.0,,,,30.0,,0.0,,,38.0,0.0,86.0,,,0.0,97.0,16.0,,0.0,,,87.0,10.0,,,,116.0,21.0,,3.0,,,,126.0,56.0,,,124.0,0.0,,119.0,,,,
Lipoamide_[M+Na],,,,,,,,,0.0,0.0,,,,,,0.0,0.0,,,0.0,0.0,,0.0,0.0,,0.0,0.0,0.0,,,0.0,0.0,,0.0,,,,0.0,,,,0.0,,0.0,,0.0,,,0.0,0.0,,,0.0,,,0.0,0.0,0.0,,0.0,0.0,,,0.0,0.0,,0.0,0.0,,,0.0,,,0.0,0.0,,0.0,,,0.0,,0.0,0.0,,0.0,0.0,0.0,0.0,0.0,,,,0.0,0.0,,,0.0,0.0,,0.0,0.0,,0.0,0.0,,0.0,,,0.0,,,0.0,0.0,0.0,0.0,,,,0.0,,0.0,,,0.0,0.0,0.0,,,0.0,0.0,0.0,,0.0,,,0.0,0.0,,,,0.0,0.0,,0.0,,,,0.0,0.0,,,0.0,0.0,,0.0,,,,
Lipoic Acid_[M-H2O+H],,,,,,,,,,116.0,,23.0,,,,,,,,,,,,,,0.0,,,,29.0,15.0,,,,0.0,0.0,,,,,,,,,,0.0,,,0.0,,,,,,,0.0,,,,,,,,,,,,,,,,,,,,10.0,,,,,,,,,,,,,,,,,,,,,,,0.0,,,0.0,,,,,,,,,,,,,,,,,,,,,,,,,,,,,,,,,,,,,,,,,,,0.0,,9.0,,,,,,,,,,,,
Maltose_[M+K],,,,,,,,,840.0,2021.0,344.0,0.0,21.0,1468.0,190.0,582.0,,,,162.0,1111.0,986.0,249.0,2308.0,994.0,645.0,340.0,,,,162.0,231.0,3236.0,0.0,1743.0,1353.0,1089.0,731.0,,,,2032.0,1823.0,976.0,259.0,716.0,2076.0,231.0,655.0,,,,246.0,119.0,41.0,1007.0,1799.0,1444.0,10.0,628.0,,,,1945.0,1002.0,1160.0,1288.0,382.0,163.0,2042.0,635.0,,,,852.0,121.0,88.0,481.0,84.0,0.0,1730.0,1501.0,,,,739.0,0.0,68.0,1888.0,327.0,677.0,0.0,1012.0,,,,1557.0,1795.0,1177.0,16.0,465.0,727.0,63.0,797.0,,,,256.0,0.0,86.0,230.0,90.0,968.0,2113.0,153.0,,,,152.0,229.0,269.0,0.0,771.0,1126.0,34.0,665.0,,,,1354.0,652.0,746.0,13.0,0.0,854.0,0.0,823.0,,,,1318.0,1094.0,0.0,78.0,1037.0,642.0,0.0,153.0,,,,1154.0,368.0,407.0,1090.0,,,,
Maltose_[M+Na],,,,,,,,,2069.0,6772.0,483.0,4453.0,3920.0,2977.0,1611.0,1751.0,,,,2688.0,2420.0,4699.0,823.0,4562.0,2086.0,2606.0,2938.0,,,,2342.0,2331.0,2900.0,4341.0,3066.0,1023.0,2033.0,1678.0,,,,2216.0,5542.0,1649.0,1841.0,536.0,3209.0,2049.0,1377.0,,,,3181.0,2061.0,2874.0,3070.0,4621.0,3856.0,743.0,921.0,,,,2383.0,2248.0,524.0,1167.0,2957.0,1963.0,3828.0,2226.0,,,,3842.0,3624.0,1512.0,1739.0,1643.0,403.0,3858.0,2386.0,,,,3905.0,170.0,2121.0,2774.0,1567.0,2203.0,729.0,1394.0,,,,3418.0,2763.0,789.0,3829.0,120.0,645.0,1500.0,1945.0,,,,3192.0,428.0,5108.0,1666.0,2437.0,356.0,4468.0,470.0,,,,2273.0,946.0,2135.0,2480.0,360.0,3318.0,1694.0,1086.0,,,,2862.0,1085.0,4351.0,970.0,203.0,1153.0,766.0,1598.0,,,,2557.0,4906.0,1309.0,1530.0,2109.0,4667.0,737.0,1986.0,,,,3106.0,1449.0,277.0,2168.0,,,,
Maltotriose_[M+Na],,,,,,,,,,,,,,,,,,,,,,,,0.0,,,,,,,,,,,73.0,,,,,,,,,,,,,,,,,,,,,0.0,,99.0,,,,,,,,,,,,,,,,,,,,,,,,,,,,,,,,,,,,,,,,,,,,,,,,,,,,46.0,,,,,,,,,,,,,6.0,,,,,,,,,,,,,,,,,,,,,31.0,,234.0,,,,,,,,,,,,,
Mannitol_[M+Na],,,,,,,,,0.0,,,0.0,0.0,,,0.0,0.0,,,0.0,,0.0,,0.0,0.0,0.0,,,,,0.0,0.0,0.0,0.0,0.0,0.0,0.0,,,,,0.0,0.0,0.0,0.0,0.0,0.0,,0.0,,,,0.0,0.0,0.0,4.0,0.0,0.0,0.0,0.0,0.0,,,0.0,0.0,,,,0.0,,0.0,,,0.0,0.0,0.0,61.0,,0.0,,0.0,0.0,72.0,0.0,9.0,0.0,,,,,,,,0.0,,,0.0,,,0.0,,0.0,24.0,0.0,,,,0.0,,0.0,0.0,0.0,0.0,0.0,0.0,0.0,,,0.0,,0.0,0.0,57.0,0.0,0.0,0.0,0.0,59.0,0.0,,0.0,,,,0.0,0.0,0.0,,,0.0,0.0,0.0,0.0,,0.0,0.0,0.0,0.0,0.0,,,0.0,0.0,,0.0,,,,
Mannose 6-Phosphate_[M+Na],,,,,,,,,,,,,,,,,,,,,,,,,,,,,,,,56.0,,,,,,,,,,,,,,,,,,,,,,50.0,23.0,,,,,,,,,,,,,,62.0,,,,,,,,,,,82.0,3.0,,,,,,,,,,,17.0,12.0,,,,,,14.0,11.0,,,,,,,,,372.0,,43.0,,,,,,,,,,,,,,,,,,,,,,,,,,,,,,,,,,,,60.0,,,,,,,,,,,,
Methionine_[M+H],,45.0,77.0,20.0,0.0,0.0,8.0,0.0,19.0,15.0,8.0,0.0,16.0,0.0,0.0,0.0,6.0,0.0,6.0,0.0,0.0,0.0,0.0,0.0,142.0,69.0,12.0,14.0,30.0,0.0,11.0,0.0,15.0,43.0,31.0,0.0,0.0,0.0,0.0,21.0,3.0,0.0,7.0,0.0,0.0,0.0,112.0,0.0,9.0,0.0,7.0,7.0,0.0,0.0,0.0,12.0,0.0,0.0,0.0,0.0,0.0,0.0,0.0,0.0,0.0,0.0,0.0,0.0,0.0,0.0,0.0,77.0,0.0,0.0,0.0,0.0,0.0,12.0,0.0,5.0,0.0,0.0,0.0,0.0,0.0,0.0,0.0,16.0,0.0,0.0,34.0,0.0,91.0,12.0,0.0,0.0,13.0,0.0,11.0,0.0,0.0,0.0,0.0,4.0,0.0,0.0,0.0,41.0,0.0,0.0,7.0,0.0,15.0,0.0,0.0,0.0,0.0,0.0,0.0,0.0,0.0,29.0,9.0,0.0,47.0,0.0,0.0,62.0,0.0,0.0,0.0,0.0,0.0,19.0,0.0,0.0,18.0,50.0,13.0,0.0,0.0,0.0,0.0,12.0,17.0,0.0,0.0,29.0,14.0,17.0,0.0,0.0,31.0,0.0,0.0,0.0,8.0,0.0,0.0
Methionine_[M+NH4],,0.0,0.0,18.0,0.0,131.0,0.0,16.0,0.0,0.0,26.0,93.0,0.0,55.0,0.0,11.0,0.0,12.0,0.0,0.0,67.0,30.0,40.0,31.0,0.0,0.0,23.0,136.0,0.0,92.0,45.0,0.0,0.0,0.0,0.0,8.0,0.0,0.0,41.0,70.0,62.0,9.0,0.0,0.0,0.0,0.0,0.0,0.0,29.0,0.0,0.0,0.0,0.0,0.0,0.0,99.0,0.0,0.0,0.0,18.0,45.0,38.0,19.0,0.0,0.0,31.0,0.0,48.0,0.0,0.0,67.0,134.0,21.0,25.0,13.0,0.0,0.0,0.0,25.0,0.0,59.0,0.0,23.0,12.0,0.0,21.0,0.0,21.0,28.0,28.0,0.0,18.0,0.0,16.0,40.0,0.0,7.0,0.0,0.0,0.0,0.0,25.0,5.0,30.0,0.0,53.0,0.0,0.0,0.0,0.0,0.0,0.0,0.0,95.0,40.0,146.0,39.0,13.0,0.0,0.0,65.0,0.0,0.0,0.0,0.0,45.0,0.0,0.0,0.0,19.0,0.0,9.0,6.0,0.0,0.0,0.0,0.0,8.0,229.0,29.0,44.0,43.0,0.0,22.0,0.0,0.0,23.0,12.0,24.0,37.0,17.0,0.0,0.0,0.0,18.0,55.0,22.0,87.0,28.0
Methionine_[M+Na],,0.0,0.0,0.0,0.0,0.0,0.0,0.0,0.0,0.0,0.0,0.0,0.0,0.0,0.0,0.0,0.0,0.0,0.0,0.0,0.0,0.0,0.0,0.0,0.0,0.0,0.0,0.0,0.0,0.0,0.0,0.0,0.0,0.0,0.0,0.0,0.0,0.0,0.0,0.0,0.0,0.0,0.0,0.0,0.0,0.0,0.0,0.0,0.0,0.0,0.0,0.0,0.0,0.0,0.0,0.0,0.0,0.0,0.0,0.0,0.0,0.0,0.0,0.0,0.0,0.0,0.0,0.0,0.0,0.0,0.0,0.0,0.0,0.0,0.0,0.0,0.0,0.0,0.0,0.0,0.0,0.0,0.0,0.0,0.0,0.0,0.0,0.0,0.0,0.0,0.0,0.0,0.0,0.0,0.0,0.0,0.0,0.0,0.0,0.0,0.0,0.0,0.0,0.0,0.0,0.0,0.0,0.0,0.0,0.0,0.0,0.0,0.0,0.0,0.0,0.0,0.0,0.0,0.0,0.0,0.0,0.0,0.0,0.0,0.0,0.0,0.0,0.0,0.0,0.0,0.0,0.0,0.0,0.0,0.0,0.0,0.0,0.0,0.0,0.0,0.0,0.0,0.0,0.0,0.0,0.0,0.0,0.0,0.0,0.0,0.0,0.0,0.0,0.0,0.0,0.0,0.0,0.0,0.0
Methionine_[M-H2O+H],,0.0,0.0,0.0,0.0,0.0,0.0,0.0,0.0,0.0,0.0,0.0,0.0,0.0,0.0,0.0,0.0,0.0,0.0,0.0,0.0,37.0,0.0,0.0,0.0,0.0,0.0,0.0,0.0,0.0,0.0,0.0,0.0,0.0,0.0,0.0,41.0,0.0,0.0,0.0,0.0,0.0,31.0,0.0,0.0,0.0,0.0,0.0,0.0,0.0,0.0,0.0,0.0,0.0,0.0,0.0,15.0,0.0,0.0,0.0,0.0,0.0,0.0,0.0,0.0,0.0,0.0,0.0,0.0,0.0,0.0,0.0,0.0,0.0,0.0,0.0,0.0,0.0,0.0,0.0,0.0,0.0,0.0,0.0,0.0,0.0,0.0,0.0,0.0,0.0,0.0,0.0,0.0,0.0,0.0,0.0,0.0,0.0,0.0,0.0,0.0,0.0,0.0,0.0,0.0,0.0,0.0,0.0,0.0,0.0,0.0,0.0,0.0,0.0,0.0,0.0,0.0,0.0,0.0,0.0,0.0,0.0,0.0,10.0,0.0,0.0,0.0,12.0,0.0,0.0,0.0,0.0,0.0,0.0,0.0,0.0,0.0,0.0,0.0,0.0,0.0,0.0,30.0,0.0,0.0,0.0,0.0,0.0,0.0,0.0,0.0,0.0,0.0,0.0,0.0,0.0,0.0,0.0,0.0
Mevalonic Acid 5-Phosphate_[M+Na],,,,,21.0,,,,,,,,,,,,,,,,,,,,12.0,,,,,,,,,,,,,,,,,,,,,,0.0,,,,,,,,,,,,,,,,12.0,,,,,,,,,,,,,,,,,,,,,,,,,,,,,,,,,,,,,,,,0.0,,,,,,,,,,,,,,,,,,,,,,,,,,,,,,,,69.0,,,,,,,,,,,,,,,,,,,,,,,,0.0
Mevalonic acid_[M+Na],,,,23.0,23.0,,,,,0.0,,0.0,,,0.0,0.0,,,,,,0.0,,,,0.0,,,,78.0,,,,,,,,,0.0,,,,,0.0,,,0.0,0.0,0.0,0.0,,,,,,,,,0.0,,,,,,,,,,0.0,0.0,,,,,,,,,0.0,0.0,,,,,,,,,,0.0,,,,,,,,,,,,,,,,,,,,,0.0,,0.0,,0.0,,,,,,,,,,,,,,,,,,0.0,,,,,,,,,,,,,,,,0.0,0.0,,,,0.0,0.0,,,,
N-(5-Amino-5-Carboxypentyl)Glutamic Acid_[M+H],252.0,81.0,34.0,0.0,0.0,0.0,0.0,104.0,36.0,1532.0,129.0,640.0,361.0,284.0,1940.0,404.0,180.0,0.0,0.0,34.0,217.0,470.0,407.0,36.0,473.0,493.0,74.0,43.0,0.0,0.0,0.0,739.0,165.0,420.0,300.0,82.0,58.0,32.0,171.0,0.0,0.0,4.0,309.0,44.0,620.0,818.0,730.0,409.0,0.0,155.0,24.0,39.0,19.0,2283.0,399.0,124.0,29.0,1753.0,1532.0,411.0,75.0,37.0,0.0,92.0,137.0,1171.0,904.0,795.0,470.0,740.0,0.0,67.0,0.0,0.0,42.0,834.0,112.0,321.0,1099.0,3203.0,887.0,154.0,23.0,0.0,0.0,18.0,305.0,2523.0,1024.0,3192.0,192.0,3450.0,260.0,25.0,0.0,22.0,0.0,541.0,851.0,297.0,1110.0,1651.0,177.0,13.0,0.0,221.0,0.0,0.0,2178.0,208.0,3034.0,2118.0,764.0,821.0,95.0,36.0,27.0,11.0,13.0,2317.0,1052.0,1296.0,1612.0,12.0,20.0,,0.0,0.0,49.0,0.0,640.0,154.0,3065.0,811.0,757.0,0.0,98.0,51.0,105.0,0.0,62.0,2711.0,27.0,1725.0,643.0,368.0,1082.0,282.0,12.0,28.0,0.0,4.0,287.0,365.0,271.0,0.0,177.0,0.0,19.0
N-Acetyl-D-glucosamine_[M+Na],,,,,,,,,,0.0,,284.0,,,279.0,,,,,,,0.0,,0.0,,,,,,,,,,148.0,,,,,,,,,,,0.0,0.0,,,,,,,,,49.0,,,37.0,,,,,,,,0.0,,,,,,,,,,,,,,,,,,,,,,,,,,,,,,,,,,,0.0,,,,,,,,,,0.0,,,,,,,,,0.0,,,,,,,,,,,0.0,,,11.0,0.0,,,,,,,,,,0.0,,,,,,,,,,,,,,
N-Acetyl-L-Glutamate_[M+H],,,,,0.0,,,,0.0,27.0,,,,0.0,,0.0,0.0,0.0,0.0,0.0,,0.0,0.0,,0.0,,,0.0,,,,,0.0,0.0,0.0,0.0,,0.0,0.0,0.0,0.0,0.0,,0.0,,0.0,0.0,28.0,0.0,0.0,0.0,0.0,0.0,0.0,0.0,0.0,0.0,0.0,0.0,0.0,,,0.0,0.0,0.0,,0.0,0.0,,0.0,0.0,0.0,27.0,,,0.0,,0.0,12.0,0.0,0.0,,0.0,0.0,,0.0,0.0,,,0.0,,0.0,0.0,0.0,0.0,,0.0,0.0,0.0,0.0,0.0,,,0.0,0.0,0.0,0.0,0.0,0.0,,0.0,0.0,124.0,0.0,0.0,0.0,0.0,0.0,0.0,,,0.0,0.0,,0.0,0.0,0.0,,0.0,25.0,0.0,0.0,0.0,0.0,,,0.0,0.0,0.0,0.0,0.0,0.0,0.0,0.0,,,,,0.0,0.0,,0.0,0.0,0.0,,0.0,,0.0,0.0
N-Acetyl-L-Glutamate_[M+Na],,,,,0.0,,,,0.0,0.0,,,,0.0,,0.0,0.0,0.0,0.0,0.0,,0.0,0.0,,0.0,,,0.0,,,,,0.0,0.0,0.0,0.0,,0.0,0.0,0.0,0.0,0.0,,0.0,,0.0,0.0,0.0,0.0,0.0,0.0,0.0,0.0,0.0,0.0,0.0,0.0,0.0,0.0,0.0,,,0.0,0.0,0.0,,0.0,0.0,,0.0,0.0,0.0,0.0,,,0.0,,0.0,0.0,0.0,0.0,,0.0,0.0,,0.0,0.0,,,0.0,,0.0,0.0,0.0,0.0,,0.0,0.0,0.0,0.0,0.0,,,0.0,0.0,0.0,0.0,0.0,0.0,,0.0,0.0,0.0,0.0,0.0,0.0,0.0,0.0,0.0,,,0.0,0.0,,0.0,25.0,0.0,,0.0,0.0,0.0,0.0,0.0,0.0,,,0.0,0.0,0.0,0.0,0.0,0.0,0.0,0.0,,,,,0.0,0.0,,0.0,0.0,0.0,,0.0,,0.0,0.0
N-Acetylmethionine_[M+Na],,,,,,,,,,,,,,,,,,,,,0.0,,,,0.0,,,,,,,,,0.0,0.0,,,,,,,,,,,0.0,,,,,,,,,,,,,,,,,,,,,,,0.0,,,,,,,,,,,,,,,,,,,,,,,,,,,,,,,,0.0,,,,,,,,,,,,,,,,,,,,,,,,,,,,,,,,,,,,,,,,,,,,,,,,,,,,11.0,,,,,,
N-Acetylputrescine_[M+H],,0.0,0.0,,0.0,0.0,0.0,0.0,0.0,0.0,0.0,0.0,0.0,0.0,0.0,0.0,0.0,0.0,0.0,0.0,0.0,0.0,0.0,,0.0,0.0,0.0,0.0,,0.0,0.0,0.0,0.0,0.0,,0.0,0.0,0.0,0.0,0.0,0.0,0.0,0.0,0.0,0.0,0.0,0.0,0.0,0.0,0.0,0.0,0.0,0.0,,0.0,0.0,,0.0,0.0,,0.0,0.0,0.0,,0.0,0.0,0.0,,,0.0,0.0,0.0,0.0,0.0,0.0,0.0,0.0,0.0,0.0,0.0,0.0,0.0,0.0,0.0,,0.0,0.0,0.0,0.0,0.0,0.0,0.0,0.0,0.0,0.0,0.0,0.0,0.0,0.0,0.0,0.0,0.0,0.0,0.0,0.0,0.0,0.0,,0.0,0.0,,0.0,0.0,0.0,0.0,0.0,0.0,0.0,0.0,0.0,0.0,0.0,0.0,0.0,,,0.0,,0.0,0.0,0.0,0.0,0.0,0.0,0.0,0.0,0.0,0.0,0.0,0.0,0.0,0.0,,0.0,0.0,0.0,0.0,0.0,0.0,0.0,0.0,0.0,0.0,0.0,,,0.0,0.0,0.0
N-Acetylputrescine_[M+Na],,152.0,142.0,,365.0,293.0,133.0,364.0,87.0,43.0,83.0,57.0,163.0,135.0,69.0,23.0,34.0,82.0,161.0,364.0,45.0,36.0,110.0,,157.0,80.0,21.0,136.0,,281.0,295.0,249.0,93.0,145.0,,252.0,115.0,0.0,85.0,66.0,30.0,26.0,301.0,52.0,68.0,94.0,146.0,33.0,212.0,140.0,101.0,32.0,163.0,,0.0,0.0,,146.0,120.0,,73.0,72.0,38.0,,85.0,108.0,330.0,,,37.0,37.0,152.0,50.0,329.0,96.0,32.0,7.0,50.0,160.0,53.0,132.0,67.0,225.0,23.0,,91.0,93.0,38.0,84.0,21.0,15.0,102.0,147.0,138.0,107.0,9.0,169.0,0.0,18.0,130.0,57.0,85.0,100.0,70.0,45.0,83.0,37.0,,0.0,73.0,,146.0,137.0,42.0,81.0,83.0,11.0,22.0,25.0,37.0,26.0,366.0,105.0,22.0,,,74.0,,130.0,90.0,16.0,91.0,10.0,57.0,52.0,0.0,188.0,55.0,171.0,47.0,49.0,61.0,,97.0,38.0,107.0,49.0,60.0,59.0,145.0,182.0,23.0,27.0,49.0,,,40.0,40.0,273.0
N-Carbamoyl-L-Aspartate_[M+Na],,,,,,,,,,,,,,,,,,,,,,,,,,,,,,,,,,,,,,,,,,,,,,,,,,,,,,,,,,,,,,,,,,,,,,,,,,,,,,,,,,,,,,,,,,,,,,,,,,,,,,,,,,,,,,,,,,,,,,,,,,,,,,,,,,,,,,,,,,,,,,,,,,,,,,,,,,0.0,,,,,
N-acetyl-D-glucosamine-6-phosphate_[M+Na],,,,,,,,,,0.0,,,,,,,,,,,0.0,,,,,,,,,,,,,,0.0,,,,,,,,,0.0,,,0.0,,,,,,,,,,,,,,,,,,,,,,,0.0,,,,,,,,,,0.0,,,,,,,0.0,0.0,,,,,,,,,,0.0,0.0,,,0.0,,0.0,,,,,,,0.0,,,,,0.0,,,,,,,,,,,,,,,,,,,0.0,,,,,,,,,,,,,,,,,,,,,,,,
N1-Acetylspermine_[M+H],,,0.0,0.0,0.0,0.0,,,0.0,,,,,0.0,,,,,,,0.0,,,,,,,,,,,,,,,,,,,,0.0,,,,,0.0,,,0.0,,,0.0,0.0,,,,,17.0,,,,,,,,,,,,,,0.0,,,,,,,,,0.0,,,,0.0,,0.0,,,,,10.0,,,,,,,,,,,,,,,,,,0.0,,,,,,,,,,,,,8.0,,,,,,,,,,,,,,0.0,,,,,,,,,,0.0,,,,,,,,,,,,
N1-Acetylspermine_[M+Na],,,0.0,0.0,0.0,0.0,,,2.0,,,,,32.0,,,,,,,0.0,,,,,,,,,,,,,,,,,,,,17.0,,,,,0.0,,,3.0,,,0.0,0.0,,,,,0.0,,,,,,,,,,,,,,0.0,,,,,,,,,6.0,,,,43.0,,5.0,,,,,0.0,,,,,,,,,,,,,,,,,,0.0,,,,,,,,,,,,,0.0,,,,,,,,,,,,,,0.0,,,,,,,,,,33.0,,,,,,,,,,,,
N2-Acetyl-L-ornithine_[M+H],,,0.0,24.0,,,0.0,,427.0,44.0,95.0,5.0,19.0,99.0,26.0,580.0,23.0,0.0,0.0,796.0,72.0,430.0,0.0,35.0,68.0,107.0,290.0,77.0,,,321.0,0.0,316.0,43.0,0.0,0.0,17.0,824.0,38.0,29.0,222.0,69.0,0.0,29.0,15.0,261.0,53.0,0.0,303.0,18.0,62.0,50.0,582.0,111.0,146.0,0.0,86.0,158.0,87.0,25.0,316.0,0.0,9.0,273.0,90.0,4.0,12.0,278.0,45.0,64.0,90.0,32.0,0.0,0.0,145.0,47.0,0.0,109.0,24.0,19.0,56.0,241.0,260.0,16.0,10.0,223.0,35.0,219.0,145.0,26.0,24.0,23.0,134.0,,33.0,14.0,313.0,369.0,55.0,187.0,27.0,145.0,4.0,240.0,9.0,61.0,71.0,607.0,10.0,22.0,28.0,78.0,0.0,18.0,330.0,40.0,104.0,153.0,410.0,125.0,0.0,56.0,91.0,77.0,22.0,70.0,102.0,32.0,0.0,128.0,162.0,0.0,0.0,70.0,77.0,84.0,0.0,93.0,166.0,,211.0,72.0,25.0,76.0,9.0,26.0,,17.0,171.0,22.0,,394.0,0.0,34.0,134.0,335.0,0.0,,23.0
Niacin_[M+H],,,,31.0,,,21.0,,41.0,,282.0,108.0,118.0,397.0,605.0,209.0,86.0,86.0,289.0,21.0,854.0,136.0,737.0,280.0,,958.0,77.0,,,,79.0,,25.0,36.0,880.0,169.0,53.0,4.0,14.0,,,21.0,304.0,583.0,114.0,169.0,894.0,113.0,,165.0,22.0,,40.0,,,,211.0,76.0,,55.0,27.0,,,0.0,,218.0,59.0,58.0,118.0,320.0,39.0,,61.0,,219.0,,45.0,111.0,,,167.0,125.0,,,29.0,58.0,1068.0,,531.0,,172.0,,0.0,,,,404.0,282.0,372.0,91.0,566.0,238.0,214.0,446.0,,,,262.0,63.0,,,86.0,680.0,435.0,71.0,27.0,27.0,,25.0,,35.0,,381.0,18.0,353.0,0.0,17.0,,71.0,46.0,,229.0,29.0,66.0,106.0,,,,,,0.0,67.0,,,,,,19.0,104.0,,,296.0,,62.0,88.0,,,114.0,18.0
Nicotinamide ribotide_[M+H],,,,,,,,,1810.0,,61.0,83.0,,313.0,85.0,3106.0,482.0,,,2780.0,145.0,60.0,,104.0,21.0,0.0,2567.0,291.0,,,3837.0,30.0,9.0,,108.0,22.0,301.0,3281.0,310.0,,0.0,3105.0,343.0,892.0,12.0,0.0,68.0,,3886.0,1103.0,25.0,,4050.0,,,,4.0,,,2247.0,717.0,,,2765.0,0.0,14.0,0.0,0.0,66.0,,3837.0,814.0,,,3346.0,171.0,0.0,231.0,47.0,421.0,0.0,2670.0,888.0,39.0,,2738.0,123.0,,196.0,,0.0,,1945.0,688.0,,,3552.0,20.0,22.0,0.0,129.0,387.0,0.0,2223.0,1335.0,,,3050.0,220.0,0.0,,,545.0,,2131.0,1217.0,,,2528.0,,,,62.0,,0.0,1941.0,294.0,,,3093.0,15.0,,,,157.0,38.0,1976.0,2372.0,,,3312.0,,,,245.0,,,2694.0,1356.0,,,2789.0,,238.0,1706.0,1573.0,410.0,,
Nicotinamide_[M+H],,,,,,,,,2325.0,754.0,2752.0,2644.0,769.0,1940.0,1528.0,3118.0,1315.0,372.0,611.0,2771.0,2560.0,780.0,906.0,1278.0,1051.0,731.0,3777.0,3006.0,378.0,167.0,3177.0,426.0,916.0,318.0,1260.0,978.0,1477.0,3150.0,2016.0,956.0,1028.0,1680.0,637.0,1954.0,869.0,475.0,1012.0,818.0,2523.0,830.0,1362.0,359.0,2865.0,1403.0,426.0,383.0,934.0,1905.0,1332.0,3530.0,2218.0,1235.0,251.0,3401.0,1513.0,2808.0,326.0,1218.0,2608.0,1302.0,2019.0,1602.0,477.0,500.0,3226.0,646.0,1092.0,1846.0,1125.0,1854.0,1385.0,2713.0,629.0,368.0,832.0,2931.0,2353.0,1600.0,54.0,1110.0,1218.0,1177.0,3343.0,2880.0,1344.0,384.0,3212.0,1943.0,1796.0,2162.0,887.0,615.0,1763.0,3326.0,3180.0,1254.0,1334.0,2764.0,2271.0,987.0,1170.0,889.0,1393.0,1138.0,1742.0,2930.0,979.0,1644.0,2824.0,779.0,1183.0,1233.0,4013.0,929.0,1018.0,2498.0,2456.0,1325.0,2156.0,2992.0,1781.0,1152.0,908.0,1253.0,1000.0,1498.0,3077.0,756.0,1181.0,794.0,1978.0,1742.0,1277.0,1092.0,1487.0,538.0,1059.0,2590.0,3289.0,756.0,1061.0,2242.0,1307.0,705.0,4274.0,574.0,2495.0,1089.0,1196.0
Nicotinamide_[M+Na],,,,,,,,,0.0,0.0,0.0,0.0,0.0,0.0,0.0,0.0,0.0,0.0,0.0,0.0,0.0,0.0,0.0,0.0,0.0,0.0,0.0,0.0,0.0,0.0,0.0,0.0,0.0,0.0,0.0,0.0,0.0,0.0,0.0,0.0,0.0,0.0,0.0,18.0,0.0,0.0,0.0,0.0,0.0,0.0,0.0,0.0,0.0,0.0,0.0,0.0,0.0,0.0,0.0,0.0,0.0,0.0,0.0,0.0,0.0,0.0,0.0,0.0,0.0,0.0,0.0,0.0,0.0,0.0,0.0,0.0,0.0,0.0,0.0,0.0,0.0,0.0,0.0,0.0,0.0,0.0,0.0,0.0,0.0,0.0,0.0,0.0,0.0,0.0,0.0,0.0,0.0,0.0,0.0,0.0,0.0,0.0,0.0,0.0,0.0,0.0,0.0,0.0,0.0,0.0,0.0,0.0,0.0,0.0,0.0,0.0,0.0,0.0,0.0,0.0,0.0,0.0,0.0,0.0,0.0,0.0,0.0,0.0,0.0,0.0,0.0,0.0,0.0,0.0,0.0,0.0,0.0,0.0,0.0,0.0,0.0,0.0,0.0,0.0,0.0,0.0,0.0,0.0,0.0,0.0,0.0,0.0,0.0,0.0,0.0,0.0,0.0,0.0,0.0
O-Phospho-L-homoserine_[M+Na],,,,,,,,,,,,,,,,,,,,,,,0.0,,0.0,,,,,,0.0,,,,,,,,,,,,,,,,,,,,,,,,,,,,,,,,,,,,,,,,0.0,,,,,,,,,,,,,,,,,,,,,,,,,,,,,,,,,,,,,0.0,,,,,,,,,,,,,,,,,,,,,,,,,,,,,,,,,,,,,,,0.0,,,,,,,,,,,,
O-Succinyl-L-homoserine_[M+H],,,,0.0,,,,,,,,0.0,,,,0.0,,,,0.0,,,29.0,0.0,,,0.0,0.0,0.0,0.0,,,,0.0,,0.0,0.0,0.0,0.0,,,0.0,,0.0,45.0,0.0,0.0,53.0,,,,,0.0,0.0,0.0,0.0,,0.0,0.0,0.0,0.0,,,0.0,0.0,0.0,,0.0,0.0,,0.0,22.0,,,0.0,,0.0,,0.0,387.0,0.0,0.0,0.0,0.0,,0.0,0.0,,,,,0.0,,0.0,,0.0,,0.0,0.0,28.0,,0.0,,0.0,77.0,0.0,,0.0,98.0,0.0,,0.0,0.0,0.0,0.0,0.0,0.0,,0.0,,0.0,0.0,0.0,0.0,,0.0,0.0,,,0.0,0.0,0.0,,0.0,,0.0,0.0,,,,,0.0,0.0,,51.0,0.0,,0.0,27.0,0.0,,0.0,0.0,,0.0,,,,0.0
O-Succinyl-L-homoserine_[M+Na],,,,0.0,,,,,,,,0.0,,,,0.0,,,,0.0,,,0.0,0.0,,,0.0,0.0,0.0,0.0,,,,0.0,,0.0,0.0,9.0,0.0,,,0.0,,0.0,0.0,0.0,0.0,0.0,,,,,0.0,0.0,0.0,0.0,,0.0,0.0,0.0,0.0,,,0.0,0.0,0.0,,0.0,4.0,,0.0,0.0,,,0.0,,0.0,,0.0,0.0,0.0,0.0,0.0,0.0,,0.0,0.0,,,,,0.0,,0.0,,0.0,,0.0,0.0,0.0,,0.0,,0.0,0.0,0.0,,0.0,0.0,0.0,,0.0,0.0,0.0,0.0,0.0,0.0,,0.0,,0.0,0.0,0.0,0.0,,0.0,0.0,,,0.0,0.0,0.0,,0.0,,0.0,0.0,,,,,0.0,0.0,,0.0,0.0,,0.0,0.0,0.0,,0.0,0.0,,0.0,,,,0.0
O-acetyl-L-serine_[M+H],0.0,,,0.0,0.0,0.0,0.0,0.0,163.0,1101.0,431.0,1986.0,3086.0,449.0,4884.0,1011.0,51.0,169.0,0.0,82.0,539.0,637.0,1848.0,997.0,1094.0,804.0,0.0,157.0,4.0,22.0,608.0,2631.0,818.0,418.0,490.0,189.0,459.0,514.0,271.0,,12.0,253.0,4.0,143.0,3607.0,317.0,,255.0,131.0,0.0,0.0,0.0,73.0,4206.0,3435.0,644.0,177.0,1050.0,853.0,1732.0,496.0,30.0,0.0,37.0,149.0,341.0,303.0,1714.0,1229.0,287.0,219.0,67.0,242.0,0.0,167.0,1407.0,1144.0,357.0,2416.0,1320.0,90.0,524.0,46.0,351.0,0.0,0.0,1177.0,2313.0,665.0,361.0,177.0,155.0,1541.0,144.0,58.0,0.0,458.0,0.0,465.0,879.0,567.0,187.0,919.0,1293.0,733.0,93.0,0.0,19.0,1013.0,951.0,202.0,759.0,1913.0,242.0,219.0,54.0,10.0,0.0,288.0,696.0,749.0,1904.0,559.0,855.0,3081.0,1282.0,629.0,0.0,8.0,0.0,493.0,1076.0,428.0,1263.0,710.0,130.0,30.0,243.0,86.0,0.0,126.0,1402.0,754.0,2647.0,111.0,1717.0,1128.0,608.0,626.0,305.0,0.0,305.0,1162.0,710.0,37.0,63.0,65.0,20.0,0.0
Oleic acid_[M+Na],,,,,,,,,,,,,,,,0.0,0.0,,,,,,,,,,,,,,,,,,,,,,,,,,,,,,,,,,,0.0,,,,,,,,,,0.0,,,,,,,,,,,,,,,,,,,,,,0.0,,,,,,,20.0,,,,,,,,,,,0.0,,,,,,,,,,,,,,,,2.0,,,4.0,,,,,,,,,,,,0.0,,,,,,,45.0,,,,,,,,,0.0,,,,,,,,,,
Orotic Acid_[M+H],,,,,,,,,,,,,,,,,,,,,,,,,,,,,,,,,,,,,,,,,,,,,,,,,,,,,,,,,,0.0,,,,,,,,,,,,,,,,,,,,,,,62.0,,,,,,,,,,,,,,,,,,,,,,,,,,,,,,,,,,,,,,,,,14.0,,,,,,,,,,,,,,,,,,,,,,,,,,,,,,,,,,,,,
P-Hydroxybenzoic Acid_[M-H2O+H],,171.0,241.0,217.0,54.0,245.0,109.0,78.0,471.0,36.0,317.0,279.0,86.0,50.0,53.0,185.0,384.0,293.0,302.0,30.0,342.0,204.0,425.0,122.0,485.0,44.0,312.0,290.0,387.0,36.0,,93.0,438.0,40.0,423.0,20.0,1070.0,469.0,175.0,190.0,389.0,657.0,121.0,353.0,435.0,671.0,330.0,517.0,986.0,376.0,150.0,172.0,488.0,186.0,409.0,135.0,6.0,335.0,298.0,517.0,486.0,307.0,93.0,43.0,143.0,262.0,84.0,168.0,82.0,105.0,240.0,237.0,172.0,72.0,,,410.0,165.0,,,254.0,296.0,576.0,106.0,41.0,386.0,235.0,293.0,243.0,42.0,145.0,,262.0,190.0,,,162.0,37.0,77.0,165.0,264.0,34.0,128.0,189.0,313.0,37.0,73.0,96.0,21.0,16.0,47.0,189.0,317.0,313.0,,806.0,1105.0,161.0,499.0,30.0,146.0,50.0,89.0,,147.0,132.0,140.0,649.0,21.0,,276.0,334.0,62.0,202.0,221.0,247.0,92.0,220.0,52.0,151.0,,,234.0,128.0,30.0,479.0,70.0,51.0,455.0,370.0,200.0,500.0,26.0,107.0,197.0,41.0,561.0,,291.0
Palatinose_[M+K],,,,,,,,,840.0,2021.0,344.0,0.0,21.0,1468.0,190.0,582.0,,,,162.0,1111.0,1014.0,249.0,2249.0,994.0,645.0,340.0,,,,162.0,231.0,3236.0,0.0,1743.0,1353.0,1089.0,731.0,,,,2060.0,2019.0,976.0,259.0,816.0,2285.0,315.0,655.0,,,,246.0,119.0,41.0,1007.0,1799.0,1444.0,10.0,628.0,,,,1945.0,1002.0,1160.0,1399.0,382.0,163.0,2108.0,635.0,,,,852.0,121.0,88.0,481.0,84.0,0.0,1803.0,1501.0,,,,739.0,0.0,68.0,1908.0,327.0,677.0,0.0,1012.0,,,,1557.0,1795.0,1177.0,16.0,465.0,727.0,63.0,797.0,,,,256.0,0.0,86.0,230.0,90.0,968.0,2149.0,153.0,,,,152.0,229.0,269.0,0.0,723.0,1126.0,34.0,665.0,,,,1354.0,652.0,746.0,13.0,0.0,854.0,0.0,823.0,,,,1318.0,1094.0,0.0,78.0,1037.0,642.0,0.0,153.0,,,,1154.0,368.0,407.0,1090.0,,,,
Palatinose_[M+Na],,,,,,,,,2069.0,6855.0,539.0,4686.0,4230.0,3120.0,1652.0,1751.0,,,,2700.0,2420.0,4876.0,823.0,4668.0,2086.0,2785.0,2938.0,,,,2342.0,2331.0,2966.0,4373.0,3275.0,1175.0,2033.0,1678.0,,,,2216.0,5715.0,1722.0,1841.0,577.0,3209.0,2049.0,1377.0,,,,3366.0,2061.0,2874.0,3070.0,4816.0,3856.0,743.0,921.0,,,,2383.0,2282.0,524.0,1230.0,2957.0,2036.0,3948.0,2226.0,,,,3438.0,3643.0,1512.0,1765.0,1643.0,403.0,3876.0,2394.0,,,,3905.0,170.0,2121.0,2874.0,1567.0,2203.0,729.0,1394.0,,,,3471.0,2929.0,810.0,3885.0,120.0,805.0,1527.0,1945.0,,,,3192.0,428.0,5230.0,1666.0,2437.0,356.0,4567.0,470.0,,,,2256.0,946.0,2205.0,2544.0,542.0,3390.0,1706.0,1167.0,,,,3032.0,1148.0,4472.0,970.0,203.0,1153.0,766.0,1556.0,,,,2600.0,4906.0,1309.0,1619.0,2109.0,4667.0,737.0,2018.0,,,,3106.0,1656.0,277.0,2168.0,,,,
Palmitic Acid_[M+Na],,,,,,,,,,,,,,,,0.0,,,,,,,,,,,0.0,,,,,,,,,,,,,,,,,,,,,,,,20.0,,40.0,,,,,,,,,,,,,,,,,,,,,,,,,,,,,,,,,,,,,,,,,,,,,,,,,,,,,,,,,,,,,,,,,,,,,,,,,,,,,,,,,,,,,,,,,,,,,,,,,,,,,,,,,,
Perillic Acid (-)_[M+H],,,,,,,,,,,,,,,,,,,,,,,,,,,0.0,,,,0.0,,,,,,,0.0,,,,,,,,,,,,0.0,,,,,,,,,,,,,,0.0,,,,,,,0.0,,,,0.0,,,,,,,,,,,,,,,,,,0.0,,,,,,,,,,,,,,,0.0,,,,,,,0.0,,,,,,,,,,,,,,,0.0,,,,,,,,,,,0.0,,,,,,,,,,,,,,,,,,
Phenylethyl alcohol_[M+H],,3019.0,1712.0,2104.0,2142.0,2039.0,1046.0,1596.0,4999.0,3116.0,2130.0,2576.0,1280.0,3690.0,2873.0,2393.0,4251.0,1257.0,3599.0,3085.0,2852.0,3715.0,4392.0,2826.0,2880.0,3073.0,6577.0,4380.0,2440.0,840.0,2364.0,1456.0,2651.0,2793.0,1891.0,1438.0,4415.0,5515.0,4454.0,6319.0,2306.0,5453.0,2693.0,1179.0,4021.0,2917.0,2968.0,1627.0,3519.0,4479.0,6870.0,4407.0,4816.0,3896.0,2356.0,2339.0,1563.0,2434.0,2736.0,3792.0,3372.0,6102.0,3014.0,5767.0,3542.0,2776.0,1957.0,2563.0,3672.0,3610.0,5127.0,4306.0,653.0,2278.0,2068.0,2649.0,568.0,4536.0,2779.0,2593.0,1973.0,2756.0,899.0,714.0,2531.0,5918.0,4177.0,3522.0,2323.0,2268.0,2058.0,2866.0,3102.0,4501.0,3002.0,1299.0,4075.0,2832.0,3224.0,3063.0,3207.0,1838.0,3195.0,2596.0,4822.0,906.0,3257.0,4983.0,2763.0,2400.0,1507.0,1874.0,2503.0,2102.0,5715.0,3367.0,1284.0,2275.0,5344.0,3310.0,1378.0,4355.0,3522.0,2260.0,3211.0,4447.0,4489.0,2255.0,756.0,3628.0,3575.0,1997.0,3407.0,1919.0,1822.0,3390.0,1469.0,2100.0,2649.0,5472.0,4811.0,2309.0,1317.0,1888.0,2932.0,3151.0,3832.0,5151.0,5044.0,4683.0,4361.0,3785.0,2722.0,1389.0,4380.0,3924.0,2250.0,3057.0,2558.0
Phosphonotyrosine_[M+H],,,,,,,,,,,,,,,,,,,,0.0,,,,,,,0.0,,,,,,,,,,,,,,,,,,,,,,,,,,,,,,,,,,0.0,,,7.0,,,,,,,,,,,0.0,,,,,,,0.0,,,,,,,,,,,,,,,0.0,,,,0.0,,,,,,,,,,,,,,,,,,,,,,,,,0.0,,,,0.0,,0.0,,,,,,,,,0.0,,,,,,,,,,,,,,0.0,,,,
Phytate_[M+H],,,,,,,,,,,,,,,,,,,,,,,,,,,,,,,,,12.0,,,,,,,,,,11.0,,,,13.0,,,,,,,,0.0,,,,,,,,,,,,,,,,,,,,,,,,,,60.0,,,,,,,,,,,,,,,,,,,,0.0,,0.0,,0.0,,,,,44.0,,,,0.0,,,,,,,,7.0,,,,,,4.0,,,,,,,,,,,,,,,,,,,,,,,,,88.0,,,,,28.0,
Phytosphingosine_[M+H],,,,,,,0.0,,,,,,,0.0,,0.0,,,0.0,32.0,,,,,,,140.0,,,,108.0,,,,0.0,,,,,,,34.0,,,,,,,59.0,,,,,,,,,,,,,,,0.0,,,,,,,,,,,,,0.0,,,0.0,,,,0.0,,,0.0,,,,,,,,,,,0.0,,,,,,,,,,,,,,,,,,,,,,,,,,,0.0,,,,,,,,,,,0.0,247.0,,0.0,,,,,,,,,,,,0.0,0.0,,,,5.0,0.0,,0.0
Pidolic Acid_[M+H],,,,,,,,,138.0,17960.0,14149.0,15697.0,13277.0,12825.0,16349.0,1503.0,413.0,180.0,,622.0,16000.0,13114.0,9620.0,2086.0,650.0,1110.0,503.0,,,,374.0,12482.0,18600.0,12303.0,1634.0,1632.0,2536.0,556.0,205.0,,,1215.0,8529.0,1662.0,11425.0,1935.0,11952.0,925.0,76.0,,,,838.0,11336.0,12924.0,2330.0,13220.0,15779.0,14306.0,1087.0,61.0,,,640.0,806.0,11823.0,925.0,8701.0,9953.0,8591.0,599.0,361.0,261.0,,642.0,11162.0,2671.0,11465.0,10943.0,12820.0,9699.0,256.0,661.0,74.0,,15.0,2191.0,13701.0,8003.0,11768.0,8761.0,14535.0,2136.0,659.0,88.0,68.0,611.0,13429.0,1149.0,9178.0,8998.0,1776.0,11677.0,497.0,290.0,82.0,,313.0,10401.0,16143.0,13964.0,13283.0,4455.0,5929.0,472.0,483.0,170.0,,210.0,11328.0,10996.0,14610.0,12639.0,1693.0,13259.0,514.0,329.0,80.0,21.0,491.0,11233.0,12444.0,10282.0,9976.0,8572.0,821.0,231.0,345.0,,,,16270.0,10398.0,12998.0,3750.0,12469.0,11261.0,1186.0,1623.0,102.0,109.0,292.0,11243.0,2091.0,772.0,790.0,59.0,,
Prephenate_[M+Na],0.0,0.0,0.0,0.0,0.0,0.0,0.0,0.0,0.0,313.0,0.0,0.0,0.0,29.0,0.0,0.0,0.0,0.0,0.0,0.0,0.0,0.0,0.0,127.0,0.0,0.0,0.0,0.0,0.0,0.0,0.0,0.0,0.0,0.0,0.0,0.0,169.0,0.0,0.0,0.0,0.0,0.0,70.0,136.0,49.0,32.0,39.0,97.0,0.0,0.0,0.0,0.0,0.0,0.0,10.0,89.0,27.0,0.0,105.0,0.0,0.0,0.0,0.0,0.0,108.0,135.0,15.0,0.0,116.0,23.0,0.0,0.0,0.0,0.0,0.0,0.0,0.0,0.0,220.0,0.0,32.0,0.0,0.0,0.0,,0.0,0.0,0.0,0.0,0.0,101.0,0.0,0.0,0.0,0.0,0.0,0.0,0.0,130.0,0.0,0.0,0.0,0.0,0.0,0.0,0.0,0.0,0.0,0.0,0.0,0.0,0.0,120.0,136.0,0.0,0.0,0.0,0.0,0.0,0.0,120.0,22.0,0.0,43.0,0.0,0.0,0.0,0.0,0.0,0.0,0.0,164.0,23.0,0.0,0.0,0.0,0.0,0.0,0.0,,0.0,0.0,0.0,0.0,32.0,111.0,31.0,0.0,0.0,0.0,0.0,0.0,8.0,0.0,0.0,0.0,0.0,0.0,0.0
Proline_[M+H],,0.0,0.0,,0.0,,,,66.0,0.0,0.0,30.0,0.0,0.0,0.0,0.0,0.0,0.0,0.0,0.0,0.0,0.0,,0.0,0.0,0.0,0.0,0.0,,,28.0,0.0,0.0,0.0,0.0,0.0,0.0,0.0,0.0,,,,33.0,0.0,0.0,0.0,41.0,0.0,0.0,0.0,0.0,,80.0,0.0,0.0,0.0,0.0,0.0,48.0,,0.0,0.0,,13.0,,0.0,,0.0,0.0,0.0,0.0,0.0,0.0,0.0,0.0,0.0,0.0,,,0.0,,34.0,0.0,0.0,,0.0,0.0,0.0,0.0,0.0,0.0,0.0,0.0,0.0,0.0,0.0,0.0,,0.0,0.0,0.0,0.0,0.0,,0.0,0.0,,0.0,113.0,4.0,0.0,0.0,0.0,,0.0,0.0,0.0,,0.0,,,,0.0,0.0,0.0,,,,0.0,0.0,0.0,,0.0,,0.0,0.0,0.0,0.0,0.0,0.0,0.0,0.0,,0.0,133.0,,0.0,0.0,,,,0.0,0.0,0.0,,0.0,0.0,0.0,
Proline_[M+NH4],,0.0,0.0,,25.0,,,,0.0,21.0,189.0,29.0,0.0,128.0,0.0,75.0,0.0,55.0,12.0,11.0,30.0,165.0,,0.0,126.0,57.0,228.0,396.0,,,15.0,70.0,169.0,41.0,45.0,24.0,9.0,256.0,0.0,,,,0.0,87.0,7.0,130.0,0.0,31.0,67.0,0.0,69.0,,0.0,140.0,93.0,29.0,86.0,0.0,36.0,,60.0,0.0,,0.0,,0.0,,60.0,0.0,142.0,116.0,0.0,31.0,0.0,575.0,176.0,0.0,,,209.0,,278.0,30.0,16.0,,125.0,203.0,34.0,418.0,0.0,24.0,0.0,64.0,266.0,528.0,0.0,0.0,,458.0,25.0,0.0,354.0,18.0,,124.0,128.0,,222.0,20.0,9.0,269.0,0.0,303.0,,0.0,342.0,23.0,,104.0,,,,9.0,0.0,0.0,,,,0.0,124.0,56.0,,73.0,,27.0,57.0,94.0,195.0,261.0,24.0,106.0,198.0,,324.0,107.0,,115.0,174.0,,,,165.0,33.0,113.0,,144.0,43.0,25.0,
Proline_[M+Na],,0.0,0.0,,0.0,,,,0.0,0.0,0.0,347.0,0.0,6.0,94.0,0.0,0.0,0.0,0.0,109.0,132.0,0.0,,121.0,180.0,0.0,0.0,0.0,,,25.0,0.0,0.0,0.0,0.0,0.0,0.0,24.0,268.0,,,,0.0,0.0,25.0,12.0,74.0,0.0,0.0,95.0,0.0,,19.0,0.0,0.0,0.0,0.0,5.0,23.0,,0.0,0.0,,0.0,,142.0,,0.0,62.0,0.0,0.0,240.0,0.0,0.0,0.0,0.0,27.0,,,0.0,,0.0,0.0,0.0,,0.0,45.0,0.0,79.0,123.0,0.0,0.0,0.0,0.0,0.0,0.0,61.0,,0.0,0.0,70.0,0.0,0.0,,0.0,0.0,,0.0,0.0,0.0,25.0,46.0,0.0,,0.0,107.0,0.0,,0.0,,,,35.0,44.0,0.0,,,,0.0,0.0,0.0,,0.0,,0.0,0.0,0.0,44.0,0.0,0.0,29.0,8.0,,86.0,0.0,,0.0,0.0,,,,0.0,0.0,0.0,,0.0,0.0,0.0,
Proline_[M-H2O+H],,0.0,0.0,,0.0,,,,0.0,52.0,0.0,0.0,0.0,0.0,22.0,0.0,101.0,0.0,0.0,0.0,0.0,0.0,,0.0,0.0,0.0,0.0,0.0,,,0.0,0.0,0.0,0.0,0.0,0.0,0.0,0.0,0.0,,,,0.0,0.0,0.0,0.0,0.0,72.0,0.0,0.0,0.0,,0.0,0.0,0.0,0.0,0.0,0.0,0.0,,0.0,43.0,,0.0,,0.0,,0.0,0.0,0.0,0.0,0.0,0.0,50.0,0.0,0.0,0.0,,,0.0,,0.0,0.0,0.0,,0.0,0.0,0.0,0.0,0.0,0.0,0.0,0.0,0.0,0.0,0.0,0.0,,0.0,0.0,0.0,0.0,0.0,,0.0,0.0,,0.0,0.0,0.0,0.0,0.0,0.0,,22.0,0.0,0.0,,23.0,,,,0.0,0.0,0.0,,,,0.0,0.0,0.0,,0.0,,0.0,0.0,0.0,0.0,0.0,0.0,0.0,0.0,,0.0,0.0,,0.0,0.0,,,,0.0,0.0,0.0,,0.0,0.0,0.0,
Pyridoxal phosphate_[M+H],,,,,,,,,163.0,0.0,,0.0,0.0,0.0,,,,,,,,21.0,0.0,0.0,,,,,,,17.0,0.0,0.0,0.0,,,0.0,0.0,,,,,0.0,0.0,0.0,0.0,0.0,0.0,,,,,49.0,0.0,0.0,0.0,0.0,0.0,0.0,,,,,,0.0,0.0,0.0,0.0,0.0,0.0,,,,,,0.0,,,0.0,0.0,0.0,,,,,,,0.0,,0.0,0.0,0.0,,,,,,,0.0,0.0,,,0.0,,,,,93.0,0.0,0.0,,0.0,0.0,0.0,,,,,,0.0,0.0,0.0,,0.0,0.0,,,,,,,0.0,0.0,0.0,,,,,,,,0.0,0.0,0.0,0.0,0.0,0.0,,,,,,0.0,,,,,,
Pyridoxal phosphate_[M+Na],,,,,,,,,0.0,0.0,,21.0,17.0,0.0,,,,,,,,0.0,0.0,0.0,,,,,,,0.0,41.0,0.0,55.0,,,0.0,3.0,,,,,0.0,0.0,58.0,0.0,0.0,0.0,,,,,0.0,104.0,70.0,0.0,0.0,27.0,0.0,,,,,,0.0,0.0,0.0,33.0,34.0,0.0,,,,,,8.0,,,0.0,0.0,0.0,,,,,,,0.0,,0.0,0.0,0.0,,,,,,,0.0,4.0,,,25.0,,,,,1.0,0.0,39.0,,111.0,0.0,0.0,,,,,,3.0,7.0,62.0,,0.0,57.0,,,,,,,17.0,13.0,57.0,,,,,,,,30.0,13.0,73.0,0.0,161.0,124.0,,,,,,27.0,,,,,,
Pyridoxal_[M+H],,1207.0,45.0,133.0,,,0.0,78.0,445.0,1727.0,1624.0,2804.0,1423.0,1168.0,1751.0,644.0,2446.0,1377.0,424.0,551.0,819.0,1189.0,825.0,1237.0,1242.0,1012.0,370.0,1999.0,555.0,419.0,246.0,129.0,378.0,372.0,524.0,384.0,608.0,84.0,972.0,239.0,472.0,270.0,271.0,483.0,223.0,462.0,191.0,319.0,300.0,811.0,675.0,239.0,128.0,76.0,46.0,814.0,221.0,11.0,0.0,61.0,849.0,76.0,46.0,78.0,162.0,440.0,142.0,,18.0,27.0,,1046.0,103.0,,26.0,0.0,,180.0,0.0,,514.0,0.0,1128.0,56.0,,,134.0,125.0,,14.0,,414.0,34.0,449.0,112.0,290.0,0.0,,47.0,44.0,32.0,37.0,45.0,45.0,566.0,120.0,53.0,0.0,23.0,0.0,21.0,39.0,20.0,,15.0,424.0,0.0,24.0,,,,,,31.0,0.0,,359.0,,0.0,16.0,169.0,0.0,,33.0,366.0,68.0,18.0,386.0,491.0,0.0,141.0,,48.0,0.0,,,0.0,,9.0,14.0,0.0,,,25.0,,91.0,110.0,0.0,0.0
Pyridoxamine-5'-Phosphate_[M+H],,0.0,0.0,0.0,,,0.0,0.0,8.0,10.0,,0.0,0.0,62.0,37.0,0.0,0.0,,,0.0,5.0,0.0,0.0,16.0,4.0,0.0,0.0,,0.0,,0.0,0.0,0.0,0.0,0.0,0.0,123.0,0.0,0.0,,0.0,0.0,24.0,9.0,44.0,48.0,33.0,165.0,,0.0,0.0,0.0,0.0,0.0,17.0,55.0,12.0,0.0,21.0,0.0,0.0,,,0.0,111.0,0.0,4.0,11.0,0.0,17.0,0.0,0.0,,0.0,0.0,0.0,0.0,,75.0,0.0,0.0,9.0,0.0,,,17.0,0.0,0.0,,0.0,36.0,64.0,,0.0,,0.0,,0.0,275.0,0.0,0.0,0.0,0.0,0.0,0.0,0.0,,0.0,0.0,7.0,0.0,0.0,111.0,99.0,,0.0,0.0,,0.0,0.0,51.0,5.0,0.0,64.0,0.0,0.0,0.0,0.0,0.0,0.0,0.0,32.0,24.0,,0.0,0.0,0.0,0.0,0.0,,0.0,0.0,0.0,0.0,81.0,0.0,129.0,29.0,0.0,,,,9.0,9.0,0.0,0.0,0.0,0.0,0.0
Pyridoxamine_[M+H],0.0,0.0,0.0,0.0,,0.0,8.0,8.0,12.0,0.0,0.0,0.0,0.0,0.0,40.0,0.0,3.0,25.0,11.0,0.0,21.0,0.0,44.0,0.0,75.0,149.0,0.0,0.0,22.0,4.0,0.0,0.0,0.0,27.0,93.0,21.0,0.0,77.0,0.0,10.0,18.0,65.0,0.0,77.0,103.0,0.0,38.0,49.0,0.0,135.0,15.0,22.0,0.0,25.0,0.0,34.0,0.0,91.0,32.0,,0.0,78.0,,0.0,25.0,14.0,,0.0,0.0,,,0.0,54.0,22.0,4.0,0.0,90.0,,0.0,,69.0,12.0,30.0,56.0,56.0,0.0,0.0,45.0,0.0,21.0,,30.0,45.0,13.0,0.0,0.0,13.0,41.0,21.0,19.0,9.0,0.0,36.0,0.0,0.0,,12.0,0.0,,0.0,10.0,,,0.0,,13.0,0.0,0.0,29.0,0.0,0.0,0.0,,34.0,0.0,17.0,18.0,53.0,11.0,,0.0,41.0,0.0,43.0,0.0,11.0,,0.0,38.0,29.0,0.0,0.0,0.0,,0.0,,20.0,22.0,21.0,,0.0,41.0,0.0,5.0,,0.0,3.0,5.0,0.0
Pyridoxamine_[M+Na],0.0,0.0,0.0,0.0,,0.0,0.0,0.0,0.0,0.0,0.0,0.0,0.0,0.0,0.0,0.0,0.0,0.0,0.0,0.0,0.0,0.0,0.0,0.0,0.0,0.0,0.0,0.0,0.0,0.0,0.0,0.0,0.0,0.0,0.0,0.0,0.0,0.0,0.0,0.0,0.0,0.0,0.0,0.0,0.0,0.0,0.0,0.0,0.0,0.0,0.0,0.0,0.0,0.0,0.0,0.0,0.0,0.0,0.0,,0.0,0.0,,0.0,0.0,0.0,,0.0,0.0,,,10.0,0.0,0.0,0.0,0.0,0.0,,0.0,,0.0,0.0,0.0,0.0,0.0,0.0,0.0,0.0,0.0,0.0,,0.0,0.0,0.0,0.0,0.0,0.0,0.0,0.0,0.0,0.0,0.0,0.0,4.0,0.0,,0.0,0.0,,0.0,0.0,,,0.0,,0.0,50.0,0.0,0.0,0.0,0.0,0.0,,0.0,0.0,0.0,10.0,0.0,0.0,,0.0,0.0,0.0,0.0,0.0,0.0,,0.0,0.0,0.0,0.0,0.0,0.0,,0.0,,0.0,0.0,0.0,,0.0,16.0,264.0,0.0,,0.0,0.0,0.0,0.0
Pyridoxine phosphate_[M+H],0.0,0.0,0.0,0.0,0.0,0.0,0.0,0.0,0.0,0.0,0.0,0.0,0.0,0.0,,0.0,0.0,0.0,0.0,0.0,0.0,,0.0,0.0,0.0,0.0,0.0,0.0,0.0,0.0,0.0,0.0,0.0,0.0,14.0,0.0,0.0,0.0,0.0,0.0,0.0,0.0,0.0,0.0,0.0,0.0,0.0,0.0,,0.0,0.0,0.0,0.0,0.0,0.0,0.0,0.0,0.0,0.0,0.0,0.0,0.0,0.0,0.0,0.0,0.0,0.0,0.0,0.0,0.0,0.0,0.0,0.0,0.0,0.0,0.0,0.0,,0.0,0.0,0.0,0.0,0.0,0.0,0.0,0.0,0.0,0.0,0.0,0.0,0.0,0.0,0.0,0.0,0.0,0.0,0.0,0.0,0.0,0.0,0.0,0.0,0.0,0.0,0.0,0.0,0.0,0.0,0.0,0.0,0.0,0.0,0.0,0.0,0.0,0.0,0.0,0.0,0.0,36.0,0.0,0.0,0.0,0.0,0.0,0.0,0.0,0.0,0.0,0.0,0.0,0.0,0.0,0.0,0.0,0.0,,0.0,0.0,0.0,0.0,0.0,0.0,0.0,0.0,0.0,0.0,0.0,0.0,0.0,,0.0,0.0,0.0,0.0,0.0,0.0,0.0,0.0
Pyridoxine_[M+H],,0.0,0.0,,,8.0,,0.0,18.0,0.0,27.0,48.0,12.0,0.0,0.0,28.0,0.0,0.0,0.0,46.0,0.0,,0.0,37.0,0.0,106.0,0.0,,23.0,0.0,0.0,0.0,,0.0,0.0,0.0,41.0,0.0,0.0,0.0,0.0,0.0,23.0,0.0,33.0,,,0.0,0.0,0.0,,,0.0,,0.0,0.0,13.0,11.0,,33.0,33.0,0.0,,24.0,,,0.0,,,,23.0,24.0,0.0,,0.0,0.0,0.0,,,33.0,0.0,0.0,0.0,0.0,,,0.0,0.0,,0.0,,0.0,0.0,0.0,0.0,,0.0,0.0,32.0,0.0,12.0,23.0,0.0,0.0,,,,,,45.0,30.0,0.0,0.0,,37.0,0.0,0.0,,0.0,15.0,0.0,,,,0.0,0.0,0.0,0.0,0.0,6.0,,0.0,6.0,0.0,0.0,,,,0.0,0.0,,,0.0,12.0,,,86.0,0.0,0.0,,,0.0,0.0,,0.0,,0.0,0.0,14.0
Pyridoxine_[M+Na],,0.0,0.0,,,0.0,,0.0,0.0,0.0,0.0,0.0,0.0,0.0,0.0,0.0,0.0,0.0,0.0,0.0,0.0,,0.0,0.0,12.0,0.0,0.0,,0.0,0.0,0.0,0.0,,0.0,0.0,0.0,0.0,0.0,0.0,0.0,0.0,0.0,0.0,0.0,0.0,,,0.0,0.0,0.0,,,0.0,,0.0,0.0,0.0,0.0,,0.0,0.0,0.0,,0.0,,,0.0,,,,0.0,0.0,0.0,,0.0,0.0,0.0,,,0.0,0.0,0.0,0.0,0.0,,,0.0,0.0,,0.0,,0.0,0.0,0.0,0.0,,0.0,0.0,0.0,0.0,0.0,0.0,0.0,0.0,,,,,,21.0,0.0,0.0,0.0,,0.0,0.0,0.0,,0.0,0.0,0.0,,,,0.0,0.0,0.0,0.0,0.0,0.0,,0.0,0.0,0.0,0.0,,,,0.0,0.0,,,0.0,0.0,,,0.0,0.0,0.0,,,0.0,0.0,,0.0,,0.0,0.0,0.0
Pyrophosphoric acid_[M+Na],,,,,,,,,,,,,,,,,,,,,,,,,,,,,,,,,,,,,,,,,,,,,,,0.0,,,,,,,,,,,,,,,,,,,,,,,,,,,,,,,,,,,,,,,,,,,,,,,,,,,,,,,,,,,,,,,,,,,,,,,,,,,,,,,,,,,,,,,,,,,,,,0.0,,,,,,,,,,,,,,,,,,
Quinaldic Acid_[M+H],,,,,,,,,0.0,,,,,,,,,,,,,,,,,,,,,,,,20.0,,,,,,,,,,,,,,,0.0,,,,,54.0,,,0.0,,,,,27.0,,,,,,,,,,,,,,,,,,,,,,,,,,,,58.0,,,,,,,,,,45.0,,,,,,,0.0,,,,,,,,,,,,,,,,,,,,,,,,,,,,,,,,,,,,,,,,13.0,,,,,,,,,,,,,
Quinolinic Acid_[M+H],,0.0,0.0,0.0,0.0,0.0,0.0,0.0,0.0,0.0,0.0,0.0,0.0,0.0,0.0,0.0,0.0,0.0,0.0,0.0,0.0,0.0,0.0,0.0,0.0,0.0,0.0,0.0,0.0,0.0,0.0,0.0,0.0,0.0,0.0,0.0,0.0,0.0,0.0,0.0,0.0,0.0,0.0,0.0,0.0,0.0,0.0,0.0,0.0,0.0,0.0,0.0,0.0,0.0,0.0,0.0,0.0,0.0,0.0,0.0,0.0,0.0,0.0,0.0,0.0,0.0,0.0,0.0,0.0,0.0,0.0,0.0,0.0,0.0,0.0,0.0,0.0,0.0,0.0,0.0,0.0,0.0,0.0,0.0,0.0,0.0,0.0,0.0,0.0,0.0,0.0,0.0,0.0,0.0,0.0,0.0,0.0,0.0,0.0,0.0,0.0,0.0,0.0,0.0,0.0,0.0,0.0,0.0,0.0,0.0,0.0,0.0,0.0,0.0,0.0,0.0,0.0,0.0,0.0,0.0,0.0,0.0,0.0,0.0,0.0,0.0,0.0,0.0,0.0,0.0,0.0,0.0,0.0,0.0,0.0,0.0,0.0,0.0,0.0,0.0,0.0,0.0,0.0,0.0,0.0,0.0,0.0,0.0,0.0,0.0,0.0,0.0,0.0,0.0,0.0,0.0,0.0,0.0,0.0
Quinolinic Acid_[M-H2O+H],,19.0,0.0,0.0,0.0,0.0,0.0,0.0,0.0,0.0,0.0,0.0,0.0,0.0,12.0,13.0,0.0,0.0,0.0,150.0,54.0,117.0,0.0,5.0,0.0,0.0,20.0,0.0,0.0,0.0,12.0,0.0,0.0,28.0,61.0,0.0,107.0,0.0,11.0,18.0,0.0,0.0,0.0,87.0,19.0,13.0,0.0,0.0,0.0,0.0,0.0,38.0,0.0,0.0,0.0,0.0,11.0,11.0,0.0,0.0,41.0,0.0,0.0,0.0,96.0,47.0,11.0,16.0,16.0,0.0,0.0,16.0,22.0,0.0,0.0,0.0,0.0,58.0,26.0,0.0,0.0,46.0,0.0,21.0,21.0,0.0,0.0,17.0,0.0,0.0,0.0,0.0,0.0,0.0,0.0,39.0,0.0,7.0,7.0,0.0,0.0,59.0,0.0,0.0,46.0,0.0,0.0,8.0,0.0,0.0,0.0,32.0,21.0,0.0,0.0,26.0,0.0,0.0,0.0,0.0,0.0,0.0,0.0,39.0,0.0,4.0,34.0,0.0,5.0,8.0,0.0,6.0,0.0,0.0,0.0,0.0,0.0,68.0,0.0,0.0,0.0,0.0,0.0,0.0,0.0,0.0,18.0,0.0,37.0,0.0,0.0,25.0,0.0,0.0,23.0,186.0,12.0,0.0,89.0
Raffinose_[M+Na],,,,,,,,,,,,,,,,,,,,,,,,,,,,,,,,,,67.0,73.0,,,,,,,,,,,,,,,,,,,,83.0,0.0,,99.0,,,,,,,,,29.0,,,,,,,,,,,,,,11.0,,,,,16.0,,,,,,,,,,,,,,,,,18.0,,,,,,,46.0,,,,,,,,,,,,,6.0,,33.0,,,,,,,,,,36.0,,,,,,,,,31.0,,234.0,,,,,,,,,,,,,
Riboflavin_[M+H],,,,,,,,,0.0,0.0,,,,,,,,,,0.0,0.0,,,5.0,,,,,,,,0.0,,,0.0,,0.0,0.0,,,,0.0,,0.0,,0.0,0.0,,,,11.0,,,0.0,0.0,,0.0,,,,0.0,,,,45.0,0.0,0.0,30.0,,,0.0,,,233.0,,,,0.0,,0.0,0.0,,,,,,0.0,,,16.0,,0.0,,,,,,,,,0.0,0.0,0.0,,,,,,,,,,0.0,0.0,,,,,,0.0,,,0.0,0.0,,,,,,,0.0,,0.0,,,,,,,,,0.0,,,,,,,0.0,,,,0.0,,,,,,
Riboflavin_[M+Na],,,,,,,,,0.0,0.0,,,,,,,,,,0.0,0.0,,,0.0,,,,,,,,0.0,,,0.0,,0.0,0.0,,,,0.0,,0.0,,0.0,0.0,,,,0.0,,,0.0,0.0,,0.0,,,,0.0,,,,0.0,0.0,0.0,0.0,,,0.0,,,0.0,,,,0.0,,0.0,0.0,,,,,,0.0,,,0.0,,0.0,,,,,,,,,0.0,0.0,0.0,,,,,,,,,,0.0,0.0,,,,,,0.0,,,0.0,0.0,,,,,,,0.0,,0.0,,,,,,,,,0.0,,,,,,,0.0,,,,0.0,,,,,,
S-Lactoylglutathione_[M+H],,,,,,,,,,,0.0,,,,,,,,,,,,,,0.0,,,,,,,,,,,,,,,,,0.0,,,17.0,,13.0,19.0,,,,,,,,,,,,,,0.0,,,,,,,,0.0,,,,,,,,26.0,,,,,,,,,,,,30.0,,,,,,,,,,,,,,,,,,,,,,,,5.0,,,,,0.0,,,,16.0,,,,11.0,,,,,,,,,,,,,,,,,,,,,,,,,,,,,,,,0.0
S-adenosyl-L-homocysteine_[M+H],,,,,0.0,0.0,,,0.0,0.0,127.0,685.0,112.0,1005.0,1033.0,110.0,0.0,,0.0,0.0,91.0,9.0,395.0,1039.0,698.0,2531.0,,,,,,0.0,45.0,0.0,1004.0,252.0,671.0,,0.0,,,0.0,459.0,227.0,293.0,2529.0,1920.0,336.0,0.0,0.0,0.0,0.0,0.0,0.0,215.0,22.0,54.0,12.0,306.0,0.0,0.0,0.0,0.0,,131.0,608.0,383.0,326.0,387.0,723.0,,0.0,,0.0,,60.0,178.0,68.0,105.0,278.0,711.0,,,0.0,0.0,,4099.0,46.0,80.0,278.0,670.0,84.0,0.0,0.0,0.0,0.0,0.0,791.0,1195.0,407.0,10.0,589.0,58.0,0.0,0.0,,,0.0,404.0,0.0,1013.0,105.0,3580.0,725.0,0.0,0.0,,,,421.0,0.0,0.0,624.0,188.0,275.0,0.0,0.0,0.0,,0.0,50.0,57.0,49.0,0.0,19.0,,,0.0,0.0,0.0,0.0,17.0,,0.0,620.0,,99.0,,0.0,17.0,0.0,0.0,342.0,17.0,0.0,0.0,0.0,,0.0
S-adenosyl-L-homocysteine_[M+Na],,,,,0.0,0.0,,,0.0,0.0,0.0,0.0,0.0,0.0,0.0,0.0,0.0,,0.0,0.0,0.0,0.0,0.0,0.0,0.0,0.0,,,,,,0.0,0.0,0.0,0.0,0.0,0.0,,0.0,,,0.0,0.0,0.0,0.0,0.0,0.0,0.0,0.0,0.0,0.0,0.0,0.0,0.0,0.0,0.0,0.0,0.0,0.0,0.0,0.0,0.0,0.0,,0.0,0.0,0.0,0.0,0.0,0.0,,0.0,,0.0,,0.0,0.0,0.0,0.0,0.0,0.0,,,0.0,0.0,,0.0,0.0,0.0,0.0,0.0,0.0,0.0,0.0,0.0,0.0,0.0,0.0,0.0,0.0,0.0,0.0,0.0,0.0,0.0,,,0.0,0.0,0.0,0.0,0.0,0.0,0.0,0.0,0.0,,,,0.0,0.0,0.0,0.0,0.0,0.0,0.0,0.0,0.0,,0.0,0.0,0.0,0.0,0.0,0.0,,,0.0,0.0,0.0,0.0,0.0,,0.0,0.0,,0.0,,0.0,0.0,0.0,0.0,0.0,0.0,0.0,0.0,0.0,,0.0
Serine_[M+H],,,,,0.0,,,,,,0.0,0.0,,0.0,0.0,0.0,,0.0,0.0,,,0.0,,0.0,12.0,,0.0,,,0.0,,0.0,,,,,0.0,,0.0,0.0,,,0.0,,,,0.0,,,,,,0.0,,,,,,0.0,0.0,0.0,,,,,,0.0,,,0.0,,0.0,0.0,,0.0,,0.0,,,0.0,0.0,0.0,,,,0.0,,,,0.0,,0.0,,,,,0.0,,,,,0.0,,,0.0,,,,12.0,0.0,,0.0,,,,,0.0,0.0,0.0,0.0,,,0.0,0.0,0.0,,,0.0,0.0,,0.0,0.0,,,,0.0,0.0,,0.0,0.0,0.0,,,,,,0.0,,,,,,,,,,,,
Serine_[M+NH4],,,,,0.0,,,,,,0.0,0.0,,5.0,0.0,0.0,,0.0,0.0,,,39.0,,21.0,0.0,,6.0,,,0.0,,0.0,,,,,0.0,,0.0,0.0,,,0.0,,,,1.0,,,,,,0.0,,,,,,0.0,0.0,0.0,,,,,,6.0,,,45.0,,4.0,0.0,,32.0,,0.0,,,4.0,0.0,0.0,,,,10.0,,,,0.0,,0.0,,,,,0.0,,,,,0.0,,,0.0,,,,0.0,0.0,,0.0,,,,,0.0,0.0,0.0,0.0,,,37.0,0.0,54.0,,,0.0,0.0,,0.0,0.0,,,,0.0,6.0,,0.0,0.0,0.0,,,,,,0.0,,,,,,,,,,,,
Serine_[M+Na],,,,,0.0,,,,,,0.0,0.0,,0.0,0.0,0.0,,0.0,0.0,,,0.0,,0.0,0.0,,0.0,,,0.0,,0.0,,,,,0.0,,0.0,0.0,,,0.0,,,,0.0,,,,,,0.0,,,,,,0.0,0.0,0.0,,,,,,0.0,,,0.0,,0.0,0.0,,0.0,,0.0,,,0.0,0.0,0.0,,,,0.0,,,,0.0,,0.0,,,,,0.0,,,,,0.0,,,0.0,,,,0.0,0.0,,0.0,,,,,0.0,0.0,0.0,0.0,,,0.0,0.0,0.0,,,0.0,0.0,,0.0,0.0,,,,0.0,0.0,,0.0,0.0,0.0,,,,,,0.0,,,,,,,,,,,,
Serine_[M-H2O+H],,,,,0.0,,,,,,0.0,0.0,,0.0,0.0,0.0,,0.0,0.0,,,0.0,,0.0,0.0,,0.0,,,0.0,,0.0,,,,,0.0,,0.0,0.0,,,0.0,,,,0.0,,,,,,0.0,,,,,,0.0,0.0,0.0,,,,,,0.0,,,0.0,,0.0,0.0,,0.0,,0.0,,,0.0,0.0,0.0,,,,0.0,,,,24.0,,0.0,,,,,0.0,,,,,0.0,,,0.0,,,,0.0,0.0,,0.0,,,,,0.0,0.0,0.0,0.0,,,0.0,0.0,0.0,,,0.0,0.0,,0.0,0.0,,,,0.0,0.0,,0.0,0.0,0.0,,,,,,0.0,,,,,,,,,,,,
Sorbitol_[M+Na],,,,,,,,,0.0,0.0,,0.0,0.0,0.0,0.0,0.0,0.0,,,0.0,0.0,0.0,0.0,0.0,0.0,0.0,,,,,0.0,0.0,0.0,0.0,0.0,,0.0,,,,,0.0,0.0,0.0,0.0,0.0,0.0,0.0,0.0,0.0,,,0.0,0.0,0.0,4.0,0.0,0.0,0.0,0.0,0.0,,,0.0,0.0,,0.0,,0.0,,0.0,,,0.0,0.0,0.0,61.0,,0.0,,0.0,0.0,72.0,0.0,9.0,0.0,,,,,,,,0.0,,,0.0,,0.0,,0.0,0.0,24.0,0.0,,,,0.0,,0.0,0.0,0.0,0.0,0.0,0.0,0.0,,,0.0,,0.0,0.0,57.0,0.0,0.0,0.0,0.0,59.0,0.0,,0.0,27.0,,,0.0,0.0,0.0,,,0.0,,0.0,0.0,0.0,0.0,0.0,0.0,0.0,0.0,,,0.0,0.0,0.0,0.0,,,,
Spermidine_[M+H],,,,,,,,,,18.0,0.0,,,,,,,,0.0,,,,,105.0,138.0,293.0,,78.0,,38.0,,0.0,245.0,8.0,166.0,142.0,172.0,,,39.0,9.0,,66.0,169.0,29.0,,0.0,121.0,151.0,,108.0,,,0.0,317.0,23.0,72.0,170.0,192.0,354.0,28.0,15.0,50.0,,124.0,39.0,36.0,,318.0,128.0,,,47.0,,,,,,,,0.0,,,,,,110.0,166.0,58.0,196.0,,103.0,,,49.0,,172.0,,,223.0,,16.0,585.0,40.0,108.0,186.0,34.0,,77.0,,162.0,165.0,293.0,33.0,136.0,36.0,,111.0,,486.0,172.0,117.0,137.0,21.0,19.0,62.0,93.0,137.0,97.0,0.0,0.0,31.0,,95.0,,,,,,34.0,0.0,,94.0,69.0,,83.0,19.0,,48.0,,,,,,14.0,,,114.0,62.0
Spermidine_[M+Na],,,,,,,,,,0.0,0.0,,,,,,,,0.0,,,,,0.0,0.0,0.0,,0.0,,0.0,,0.0,0.0,0.0,0.0,0.0,0.0,,,0.0,0.0,,0.0,0.0,0.0,,0.0,0.0,0.0,,0.0,,,0.0,0.0,0.0,0.0,0.0,0.0,0.0,0.0,0.0,0.0,,0.0,0.0,0.0,,0.0,0.0,,,0.0,,,,,,,,0.0,,,,,,0.0,0.0,0.0,0.0,,0.0,,,0.0,,0.0,,,0.0,,0.0,0.0,0.0,0.0,0.0,0.0,,0.0,,0.0,0.0,0.0,20.0,0.0,0.0,,0.0,,0.0,0.0,0.0,0.0,0.0,0.0,0.0,0.0,0.0,0.0,14.0,14.0,0.0,,0.0,,,,,,0.0,0.0,,0.0,0.0,,0.0,0.0,,0.0,,,,,,0.0,,,0.0,0.0
Spermine_[M+H],136.0,868.0,10465.0,11056.0,10761.0,11392.0,11488.0,10708.0,594.0,1195.0,2705.0,67671.0,72586.0,114705.0,78963.0,63367.0,38058.0,28119.0,37155.0,18258.0,12507.0,18766.0,71523.0,14465.0,61371.0,128352.0,94845.0,45174.0,50858.0,29551.0,35084.0,24412.0,30116.0,134858.0,94869.0,126853.0,78890.0,43011.0,31688.0,35834.0,35421.0,5343.0,124890.0,51744.0,105255.0,138723.0,172572.0,212036.0,83395.0,65787.0,63589.0,69320.0,37817.0,14266.0,104882.0,127688.0,38620.0,14691.0,27200.0,43931.0,32046.0,22372.0,29624.0,25905.0,27048.0,80202.0,132173.0,176166.0,161623.0,158159.0,148574.0,102691.0,89747.0,35073.0,46333.0,73798.0,165697.0,121267.0,70040.0,48856.0,145483.0,82625.0,83096.0,63742.0,49461.0,56232.0,43587.0,37274.0,127113.0,81604.0,153620.0,138950.0,60525.0,49070.0,26742.0,66750.0,42814.0,29908.0,29660.0,105727.0,129797.0,87857.0,149565.0,66305.0,84560.0,43147.0,70510.0,72492.0,29884.0,126305.0,73309.0,110383.0,93313.0,173317.0,119492.0,93744.0,82623.0,9408.0,35738.0,53464.0,27392.0,64150.0,79388.0,176023.0,153046.0,97883.0,92167.0,78539.0,59292.0,70526.0,16577.0,119484.0,106424.0,103897.0,158182.0,69704.0,22865.0,73806.0,62178.0,60084.0,56771.0,12960.0,153117.0,61050.0,61504.0,210942.0,115189.0,85329.0,78991.0,95634.0,57104.0,73876.0,71251.0,107657.0,96373.0,64759.0,69446.0,44906.0,67747.0
Spermine_[M+Na],0.0,6.0,0.0,84.0,17.0,0.0,0.0,0.0,4.0,4.0,0.0,641.0,1972.0,1793.0,1102.0,638.0,1539.0,1115.0,1927.0,480.0,241.0,472.0,814.0,132.0,995.0,1248.0,2453.0,1254.0,487.0,445.0,304.0,21.0,87.0,1034.0,1485.0,755.0,1099.0,508.0,372.0,813.0,310.0,374.0,1953.0,598.0,2093.0,729.0,2291.0,1906.0,2424.0,1788.0,753.0,607.0,140.0,4.0,1547.0,2110.0,105.0,156.0,612.0,595.0,189.0,616.0,1763.0,660.0,90.0,1139.0,1321.0,2346.0,1653.0,2514.0,3645.0,3526.0,3507.0,1023.0,3243.0,605.0,2933.0,1627.0,1073.0,169.0,1480.0,1393.0,2496.0,1788.0,3543.0,3065.0,561.0,723.0,2100.0,3219.0,1957.0,1396.0,1399.0,725.0,2801.0,1733.0,809.0,1514.0,23.0,1452.0,2193.0,999.0,2530.0,3490.0,1208.0,1389.0,2360.0,2283.0,640.0,1774.0,1467.0,3174.0,2328.0,2373.0,2749.0,3543.0,4186.0,259.0,2521.0,757.0,592.0,1031.0,1186.0,1440.0,2903.0,1284.0,2145.0,3391.0,1628.0,2862.0,622.0,2664.0,3119.0,1676.0,4450.0,3448.0,170.0,4053.0,1836.0,2357.0,1909.0,631.0,2909.0,761.0,2335.0,3622.0,1501.0,606.0,2208.0,4479.0,2527.0,2415.0,1176.0,2530.0,2949.0,2282.0,2495.0,3114.0,571.0
Sphinganine_[M+H],,,0.0,0.0,0.0,,,,,0.0,,0.0,0.0,,0.0,0.0,,,,,,0.0,,0.0,,0.0,,,0.0,0.0,,0.0,0.0,,,0.0,0.0,0.0,0.0,0.0,0.0,,0.0,0.0,0.0,0.0,,0.0,,,,0.0,,,0.0,0.0,0.0,0.0,0.0,0.0,0.0,,,,,0.0,,,,,,,0.0,,0.0,,,,,,,0.0,,,0.0,0.0,,,,,,0.0,,0.0,0.0,,0.0,0.0,,,,0.0,0.0,0.0,,0.0,,0.0,0.0,,,0.0,,17.0,0.0,,15.0,0.0,0.0,0.0,0.0,,,,,,,0.0,,0.0,,0.0,,0.0,0.0,0.0,0.0,,,,7.0,,0.0,0.0,,0.0,0.0,,0.0,0.0,,,0.0,0.0,,0.0,,,
Sphinganine_[M+Na],,,0.0,0.0,0.0,,,,,0.0,,0.0,0.0,,0.0,0.0,,,,,,0.0,,0.0,,0.0,,,0.0,0.0,,0.0,0.0,,,0.0,0.0,0.0,0.0,0.0,0.0,,0.0,0.0,0.0,0.0,,0.0,,,,0.0,,,0.0,0.0,0.0,0.0,0.0,0.0,0.0,,,,,0.0,,,,,,,0.0,,0.0,,,,,,,0.0,,,0.0,0.0,,,,,,0.0,,0.0,0.0,,0.0,0.0,,,,0.0,0.0,0.0,,0.0,,0.0,0.0,,,0.0,,0.0,0.0,,0.0,4.0,0.0,0.0,0.0,,,,,,,0.0,,0.0,,0.0,,0.0,0.0,0.0,0.0,,,,0.0,,0.0,0.0,,0.0,0.0,,0.0,0.0,,,0.0,0.0,,0.0,,,
Stachyose_[M+Na],,,0.0,,,,,,,0.0,23.0,16.0,5.0,59.0,0.0,,,,,,0.0,0.0,21.0,,95.0,33.0,,,,,,0.0,0.0,0.0,0.0,0.0,0.0,,,,,,0.0,0.0,0.0,46.0,,0.0,,,,,,0.0,45.0,0.0,,,,,,,,,0.0,8.0,0.0,7.0,0.0,0.0,,,,,,128.0,12.0,0.0,0.0,49.0,0.0,,,,,,103.0,0.0,5.0,0.0,75.0,0.0,,,,,,0.0,0.0,42.0,,,0.0,,,,,,349.0,,,0.0,79.0,0.0,0.0,,,,,0.0,0.0,,0.0,11.0,0.0,,,,,,28.0,13.0,21.0,12.0,0.0,201.0,,,,,,,0.0,0.0,0.0,0.0,0.0,,,,,,0.0,0.0,0.0,,,,
Stearic acid_[M+H],,,,87.0,,,,0.0,,,,,,,,,,,,,,,,,,,,,,,,,,,,,,,,,,,,17.0,,,,,,32.0,,,,,,,,,,,,,,0.0,,,,,,,,,,,,,,,,,,,,,,,,7.0,,,,0.0,,,,0.0,,,0.0,,,,,,,,,,,,,,,,,,,,,,,,,,,,,,,,,,,,0.0,,,,0.0,,0.0,,,,,,,,0.0,,,0.0,,18.0,,,,,0.0
Stearic acid_[M+Na],,,,0.0,,,,0.0,,,,,,,,,,,,,,,,,,,,,,,,,,,,,,,,,,,,0.0,,,,,,0.0,,,,,,,,,,,,,,0.0,,,,,,,,,,,,,,,,,,,,,,,,0.0,,,,11.0,,,,14.0,,,0.0,,,,,,,,,,,,,,,,,,,,,,,,,,,,,,,,,,,,19.0,,,,0.0,,20.0,,,,,,,,16.0,,,0.0,,0.0,,,,,0.0
Succinic acid_[M+H],,,,,,,,,,,,,,,,,,,,,,,,,,,,12.0,,,,,,,,,,,,,,,,,,,,,,,,,,,,,,,,,,,,,,,,,,,,,,,,0.0,27.0,,,,,,,,,,,,,,,,,,,,,,,,,,,,,,,,,,,,,,,,,,,,,,,,,,,,,,,,,,,,,,,,,,,,,,,7.0,,,,,,,,,,,
Sucrose_[M+K],,,,,,,,,840.0,1895.0,344.0,0.0,21.0,1460.0,190.0,582.0,,,,162.0,1031.0,961.0,249.0,2172.0,994.0,645.0,340.0,,,,162.0,231.0,3118.0,0.0,1743.0,1353.0,1089.0,731.0,,,,1718.0,2019.0,879.0,219.0,816.0,2233.0,315.0,637.0,,,,246.0,119.0,41.0,1007.0,1642.0,1369.0,10.0,628.0,,,,1945.0,961.0,1160.0,1366.0,382.0,69.0,2108.0,538.0,,,,740.0,121.0,88.0,481.0,84.0,0.0,1736.0,1458.0,,,,739.0,0.0,68.0,1962.0,327.0,677.0,0.0,931.0,,,,1387.0,1795.0,1177.0,16.0,465.0,727.0,63.0,797.0,,,,145.0,0.0,86.0,219.0,54.0,968.0,2053.0,153.0,,,,55.0,229.0,269.0,0.0,631.0,989.0,34.0,665.0,,,,1320.0,522.0,746.0,13.0,0.0,829.0,0.0,823.0,,,,1318.0,945.0,0.0,78.0,1037.0,642.0,0.0,140.0,,,,1154.0,368.0,407.0,1090.0,,,,
Sucrose_[M+Na],,,,,,,,,2069.0,6621.0,539.0,4351.0,4230.0,3120.0,1652.0,1751.0,,,,2661.0,2420.0,4876.0,823.0,4642.0,2086.0,2901.0,2938.0,,,,2342.0,2249.0,2966.0,4282.0,3275.0,1175.0,2033.0,1678.0,,,,2052.0,5728.0,1722.0,1841.0,577.0,3209.0,2049.0,1377.0,,,,3366.0,2022.0,2838.0,3070.0,4830.0,3584.0,743.0,921.0,,,,2360.0,2288.0,524.0,1039.0,2957.0,2036.0,3722.0,2177.0,,,,3186.0,3608.0,1512.0,1591.0,1643.0,403.0,3876.0,2394.0,,,,3905.0,170.0,2121.0,2810.0,1567.0,2203.0,729.0,1394.0,,,,3418.0,3002.0,810.0,3819.0,120.0,693.0,1504.0,1945.0,,,,3192.0,428.0,5126.0,1666.0,2437.0,356.0,4751.0,470.0,,,,2218.0,946.0,2205.0,2544.0,542.0,3390.0,1706.0,1167.0,,,,3032.0,1148.0,4472.0,970.0,203.0,1153.0,766.0,1443.0,,,,2600.0,4792.0,1309.0,1619.0,2109.0,4615.0,737.0,2006.0,,,,3106.0,1656.0,277.0,2157.0,,,,
Taurine_[M+H],,,,,,,,,0.0,,,,,,,,,,,,,,,,,,,,,,0.0,,,,,,,,,,,0.0,,,,,,,,,,,,,,,,,,,,,,,,,,,,,0.0,,,,,,,,,,,,,,,,,,,,,,,11.0,,,0.0,,,,,,,,,,,,,,,,,,,,,,,,,,,,,,,,,,,,,,,,,,,,0.0,,,,,,,0.0,,,,0.0,,,,,,,
Tetracosanoic acid_[M+Na],,,,,,,,,,0.0,,,,50.0,,,,,,,,,,,0.0,,,,,,,,,,,,,,,,,,,,,,,,,,,,,,,,,,,14.0,,,,,,,,,0.0,,,0.0,,,,,0.0,,0.0,,,,,0.0,,,,,,,,10.0,,,0.0,,,,,,,,,,,,,,,0.0,,,,,,,,,,,0.0,,,,,,,,,,,,,,,,,0.0,,,,,,5.0,,0.0,14.0,,,,,,,,,,,,
Thymidine monophosphate_[M+H],,,,,,,,,0.0,,0.0,,,,0.0,,,,,,,,,,0.0,,,,,,,,0.0,,,0.0,0.0,,,,,,0.0,0.0,,,,,,,,,,,,0.0,,0.0,0.0,,,,,,,,,0.0,0.0,,,,,,,,,,,,,,,,,,,0.0,,,,0.0,,,,,,,,,,,,,,,,0.0,,0.0,0.0,,,0.0,0.0,,,,,,,,,,,,,,,,,,,,9.0,,,,,,,,,,,,,,,,,,0.0,,,,,,
Thymidine monophosphate_[M+Na],,,,,,,,,0.0,,0.0,,,,0.0,,,,,,,,,,0.0,,,,,,,,0.0,,,0.0,0.0,,,,,,11.0,0.0,,,,,,,,,,,,0.0,,0.0,0.0,,,,,,,,,0.0,0.0,,,,,,,,,,,,,,,,,,,0.0,,,,0.0,,,,,,,,,,,,,,,,0.0,,0.0,0.0,,,0.0,0.0,,,,,,,,,,,,,,,,,,,,0.0,,,,,,,,,,,,,,,,,,0.0,,,,,,
Thymidine-5'- Diphosphate_[M+Na],,,,,,,,,,,,,,,,,,,,,,,4.0,,,,,,,,,,,,,,,,,,,,,,,,,,,,,,,,,,,,,,,,,,,,,,,,,,,,,,,,,,,,,,,,,,,,,,,,,,,,0.0,,0.0,,,,,,,,,,,,,,,,,,,0.0,,,,,,,,0.0,,,,,,,,,,,,,,,,,,,,,,0.0,,,,,,,,,
Thymidine-5'-Triphosphate_[M+Na],,,,,,,,,,,0.0,,0.0,,,,,,,,0.0,,0.0,,,,,,,,,,,,,,,,,,,,,,0.0,0.0,0.0,,,,,,,,0.0,,0.0,,,,,,,0.0,,0.0,,,0.0,0.0,,,,,,0.0,0.0,0.0,,,16.0,,,,,0.0,0.0,,,,0.0,0.0,,,,,,,,,,,,,,,,,0.0,0.0,0.0,0.0,,0.0,,,,,,0.0,0.0,0.0,,0.0,0.0,,,,,,,,0.0,8.0,0.0,0.0,,,,,,0.0,0.0,,,0.0,0.0,,,,,,0.0,0.0,,,,,
Thymine_[M+H],0.0,0.0,0.0,0.0,23.0,126.0,32.0,51.0,79.0,284.0,161.0,78.0,73.0,501.0,248.0,455.0,491.0,55.0,17.0,125.0,501.0,246.0,206.0,604.0,132.0,51.0,159.0,148.0,8.0,0.0,60.0,27.0,225.0,91.0,178.0,191.0,27.0,235.0,31.0,12.0,0.0,22.0,201.0,33.0,101.0,151.0,229.0,216.0,266.0,111.0,25.0,70.0,29.0,68.0,544.0,501.0,655.0,260.0,359.0,237.0,365.0,71.0,87.0,114.0,194.0,162.0,50.0,222.0,90.0,289.0,160.0,223.0,385.0,120.0,502.0,46.0,50.0,237.0,95.0,103.0,124.0,308.0,86.0,123.0,127.0,103.0,0.0,110.0,346.0,115.0,133.0,231.0,202.0,337.0,62.0,0.0,49.0,190.0,370.0,301.0,792.0,648.0,252.0,166.0,71.0,90.0,78.0,99.0,260.0,191.0,266.0,285.0,107.0,312.0,270.0,224.0,178.0,22.0,347.0,147.0,344.0,120.0,409.0,739.0,224.0,368.0,141.0,272.0,116.0,305.0,169.0,329.0,118.0,215.0,43.0,187.0,186.0,63.0,29.0,241.0,161.0,196.0,35.0,355.0,74.0,86.0,97.0,614.0,586.0,321.0,145.0,371.0,122.0,369.0,187.0,88.0,10.0,0.0,33.0
Trans-Aconitic Acid_[M+H],,,,,,,,,,,,,,,,,,,,,,,,,,,,,,,,,,,,,,,,,,,,,,,,,,,,,,,,,,,,,,0.0,,,,,,,,,,,,,,,,,,0.0,,,,,,,,,,,,,0.0,,,,,,,,,,,,,,,,,,,,0.0,,,,,,,,,,,,,,,,,,,,,,,,,,,,,,,,,,,,,,,,,,,,,,
Trans-Aconitic Acid_[M+Na],,,,,,,,,,,,,,,,,,,,,,,,,,,,,,,,,,,,,,,,,,,,,,,,,,,,,,,,,,,,,,8.0,,,,,,,,,,,,,,,,,,0.0,,,,,,,,,,,,,0.0,,,,,,,,,,,,,,,,,,,,15.0,,,,,,,,,,,,,,,,,,,,,,,,,,,,,,,,,,,,,,,,,,,,,,
Trehalose-6-Phosphate_[M+Na],,,,,,,,,,,,,,,,,,,,,,,,,,,,,,,,,,0.0,,,,,,,,,,,0.0,0.0,,,,,,,,,,,,0.0,,,,,,,,,,,,,,,,,,,12.0,,,,12.0,,,,,,,,,,,,,,,,,,,,0.0,,,,,,,,,,,,,,,,,,,,,,,,,,,,,,,,,,,,,,,,,,,,,,,,16.0,,,,,,0.0,,,,
Trehalose_[M+K],,,,,,,,,840.0,2021.0,344.0,0.0,21.0,1468.0,190.0,582.0,,,,162.0,1111.0,1014.0,249.0,2308.0,994.0,645.0,340.0,,,,162.0,231.0,3236.0,0.0,1743.0,1353.0,1089.0,731.0,,,,2060.0,2019.0,976.0,259.0,816.0,2265.0,315.0,655.0,,,,246.0,119.0,41.0,1007.0,1799.0,1444.0,10.0,628.0,,,,1945.0,1002.0,1160.0,1399.0,382.0,163.0,2108.0,635.0,,,,852.0,121.0,88.0,481.0,84.0,0.0,1730.0,1501.0,,,,739.0,0.0,68.0,1908.0,327.0,677.0,0.0,1012.0,,,,1557.0,1795.0,1177.0,16.0,465.0,727.0,63.0,797.0,,,,256.0,0.0,86.0,230.0,90.0,968.0,2149.0,153.0,,,,152.0,229.0,269.0,0.0,723.0,1126.0,34.0,665.0,,,,1354.0,652.0,746.0,13.0,0.0,854.0,0.0,823.0,,,,1318.0,1094.0,0.0,78.0,1037.0,642.0,0.0,153.0,,,,1154.0,368.0,407.0,1090.0,,,,
Trehalose_[M+Na],,,,,,,,,2069.0,6855.0,539.0,4571.0,4230.0,3120.0,1652.0,1751.0,,,,2700.0,2420.0,4876.0,823.0,4668.0,2086.0,2858.0,2938.0,,,,2342.0,2331.0,2966.0,4373.0,3275.0,1175.0,2033.0,1678.0,,,,2172.0,5715.0,1722.0,1841.0,577.0,3209.0,2049.0,1377.0,,,,3366.0,2061.0,2874.0,3070.0,4830.0,3856.0,743.0,921.0,,,,2383.0,2282.0,524.0,1230.0,2957.0,2036.0,3851.0,2226.0,,,,3186.0,3643.0,1512.0,1663.0,1643.0,403.0,3876.0,2394.0,,,,3905.0,170.0,2121.0,2874.0,1567.0,2203.0,729.0,1394.0,,,,3471.0,3002.0,810.0,3864.0,120.0,805.0,1504.0,1945.0,,,,3192.0,428.0,5182.0,1666.0,2437.0,356.0,4698.0,470.0,,,,2231.0,946.0,2205.0,2544.0,542.0,3390.0,1706.0,1167.0,,,,3032.0,1148.0,4472.0,970.0,203.0,1153.0,766.0,1556.0,,,,2600.0,4853.0,1309.0,1619.0,2109.0,4654.0,737.0,2018.0,,,,3106.0,1656.0,277.0,2168.0,,,,
Uracil_[M+H],,,,,,,,,,,,,,,,,,,,,0.0,0.0,,0.0,0.0,,,,,,,,0.0,,,,0.0,,,,,,,,,,,,,,,,,,,,0.0,,,,,,,,0.0,,34.0,,,,,,,,,,,0.0,,,0.0,,,,,,,,,,,,,,,,,,0.0,,,0.0,,,,,,,,,,,,,,,,,,,38.0,,,,,,,,,,,,,,,,,0.0,,,,,,0.0,,,,,,,,,,,,,,,
Uridine 5'-triphosphate_[M+H],,,,,,,,,,,,,,,,,,,,,23.0,0.0,0.0,,,0.0,,,,,,,,0.0,,0.0,,,0.0,,,,,,20.0,,,,,,,,,,,,,0.0,,,,,,,,0.0,,,,,,,,,21.0,,,,,,,,,,,,,,,,,,304.0,,,,,219.0,,,10.0,,,,,,,,0.0,,,,,,,,,,,80.0,,0.0,,,,,,,,,,,,0.0,,,,,,,23.0,,,12.0,43.0,,,,,,,,,,,,,,0.0
Uridine 5'-triphosphate_[M+Na],,,,,,,,,,,,,,,,,,,,,0.0,0.0,0.0,,,4.0,,,,,,,,0.0,,101.0,,,0.0,,,,,,0.0,,,,,,,,,,,,,29.0,,,,,,,,0.0,,,,,,,,,0.0,,,,,,,,,,,,,,,,,,0.0,,,,,0.0,,,0.0,,,,,,,,0.0,,,,,,,,,,,0.0,,0.0,,,,,,,,,,,,0.0,,,,,,,0.0,,,0.0,0.0,,,,,,,,,,,,,,9.0
Uridine Diphosphategalactose_[M+Na],,,,,,,,,,,,,,,,,,,,,,,,,,,,,,,,,,,,,,,,,,,,,,,,,,,,,,,,,,,,,,,,,21.0,,,,,,,,,,,,,,,,,,,,,,,,,,,,,,,,,11.0,,,,,,,,,,,,,,0.0,,,,,,,,,,,,,,,,,,,,,,,,,,,,,,,,,,,,,,,,,,,,,,,
Uridine diphosphate glucose_[M+Na],,,,,,,,,,,,,,,,,,,,,,,,,,,,,,,,,,,,,,,,,,,,,,,,,,,,,,,,,,,,,,,,,21.0,,,,,,,,,,,,,,,,,,,,,,,,,,,,,,,,,11.0,,,,,,,,,,,,,,0.0,,,,,,,,,,,,,,,,,,,,,,,,,,,,,,,,,,,,,,,,,,,,,,,
Uridine monophosphate_[M+H],,,,,,,,,,45.0,0.0,,,,,,,,,,0.0,,,,,,,,,,,,,,23.0,,,,,,,,,,,,12.0,,,,,,,,,,,,,,,,,,,0.0,,,,,,,,0.0,,,,,,,,,,,,,29.0,23.0,,,,,,,,,,,,,,,,,8.0,,,,,,,,,,,,,,,,,,,,,,,,,,,,,,,,,,,,,,,,,,,,,,,,10.0,,,,,,
Uridine monophosphate_[M+Na],,,,,,,,,,0.0,0.0,,,,,,,,,,0.0,,,,,,,,,,,,,,0.0,,,,,,,,,,,,0.0,,,,,,,,,,,,,,,,,,,0.0,,,,,,,,0.0,,,,,,,,,,,,,0.0,0.0,,,,,,,,,,,,,,,,,0.0,,,,,,,,,,,,,,,,,,,,,,,,,,,,,,,,,,,,,,,,,,,,,,,,0.0,,,,,,
Uridine-5'-Diphosphate_[M+H],,,,,,,,,,23.0,,106.0,,,,,,,,,,,,,,,,,,,,12.0,,,,,,,,,,114.0,,0.0,,,,34.0,,,,,,,,,,,,,,,,,,,9.0,,,,,,,,11.0,,,,,102.0,,12.0,,,,22.0,,,,,,,,,,,,,95.0,,15.0,26.0,,,,,,,,,7.0,55.0,,,,,,,,,,,35.0,,,188.0,,,,,34.0,,,,,,,,,,,,,,,,4.0,,,,,,,,,,,,
Uridine-Diphosphate-N-Acetylglucosamine_[M+H],,,,,,,,,,,,,,,,0.0,,,,,,,0.0,,,,0.0,,,,,,,,0.0,,,0.0,,,,,,,0.0,,,,8.0,,,,,,0.0,,,,,0.0,,,,,,,0.0,,,,126.0,0.0,,,0.0,,,,,,,,,,,148.0,,,0.0,,,0.0,,,,,,,,,,66.0,,2.0,0.0,,,38.0,,0.0,0.0,,,,,,,,,,,,0.0,,,20.0,,,,,,,0.0,,,,,,,,,,,,0.0,,,,,,,193.0,,,0.0,,,,
Uridine-Diphosphate-N-Acetylglucosamine_[M+Na],,,,,,,,,,,,,,,,55.0,,,,,,,0.0,,,,45.0,,,,,,,,0.0,,,20.0,,,,,,,0.0,,,,0.0,,,,,,0.0,,,,,0.0,,,,,,,0.0,,,,0.0,61.0,,,71.0,,,,,,,,,,,0.0,,,4.0,,,42.0,,,,,,,,,,0.0,,203.0,25.0,,,0.0,,4.0,156.0,,,,,,,,,,,,4.0,,,0.0,,,,,,,12.0,,,,,,,,,,,,62.0,,,,,,,0.0,,,23.0,,,,
Uridine_[M+Na],,,,,,,,,,,,,,,,,,,,0.0,,0.0,,,,,,,,,0.0,,,,,,,0.0,,,5.0,0.0,,,,,,,,,,,,,,,,,,4.0,,,,,,,,,0.0,,7.0,,,,0.0,,,,,43.0,,,,,,,,0.0,,,,,,,,,,,,,,,,,,,,,29.0,,,,,,,,,,,,,,,,,,,,,,,,,,,,0.0,,,,,,,,,,,,,,,,,,,,,,
Xanthine_[M+H],,,,,,,,,,,,,,,,,,,,,,,,,0.0,,,,,,,,,,,,,,,,,,,,,,,,,,,,,,,,71.0,,,,,,,,,,,,,,,,,,,,,,,0.0,,,,,,,,,,,,,0.0,,,,,,,,,,,,,,,,,,,,,,,,,,,,,,,,,,,,,,,,,,,,,,,,,,,,,,,,,,,,,,,,,,
Xanthine_[M+Na],,,,,,,,,,,,,,,,,,,,,,,,,0.0,,,,,,,,,,,,,,,,,,,,,,,,,,,,,,,,0.0,,,,,,,,,,,,,,,,,,,,,,,0.0,,,,,,,,,,,,,0.0,,,,,,,,,,,,,,,,,,,,,,,,,,,,,,,,,,,,,,,,,,,,,,,,,,,,,,,,,,,,,,,,,,
Xanthosine_[M+H],,,,0.0,,,,,,,,0.0,,0.0,0.0,,,,,,0.0,,,,0.0,0.0,,0.0,,,,,,,,,0.0,,,,,,0.0,,,,0.0,,,,,,,,,,0.0,,,,,,,,,,,,,0.0,,,,,,,,0.0,0.0,0.0,0.0,,,,,,,,,,,,,,,,,,,,0.0,0.0,,,,,,,,,,0.0,,,,0.0,,,,,,,,,,,,,,,,0.0,,,0.0,,,,,,,,,,,,0.0,,,,,,0.0,,,,,,0.0
Xanthosine_[M+K],,,,0.0,,,,,,,,0.0,,0.0,0.0,,,,,,0.0,,,,0.0,0.0,,0.0,,,,,,,,,0.0,,,,,,0.0,,,,0.0,,,,,,,,,,0.0,,,,,,,,,,,,,0.0,,,,,,,,0.0,0.0,0.0,0.0,,,,,,,,,,,,,,,,,,,,0.0,0.0,,,,,,,,,,0.0,,,,0.0,,,,,,,,,,,,,,,,0.0,,,0.0,,,,,,,,,,,,0.0,,,,,,0.0,,,,,,0.0
Xanthosine_[M+Na],,,,0.0,,,,,,,,0.0,,0.0,0.0,,,,,,0.0,,,,0.0,0.0,,0.0,,,,,,,,,0.0,,,,,,0.0,,,,0.0,,,,,,,,,,0.0,,,,,,,,,,,,,0.0,,,,,,,,0.0,0.0,0.0,0.0,,,,,,,,,,,,,,,,,,,,0.0,0.0,,,,,,,,,,0.0,,,,0.0,,,,,,,,,,,,,,,,0.0,,,0.0,,,,,,,,,,,,0.0,,,,,,0.0,,,,,,0.0
Xanthurenic acid_[M+H],,,,,,,,,2228.0,691.0,29.0,125.0,10.0,208.0,91.0,1504.0,,,,2433.0,93.0,153.0,255.0,727.0,209.0,497.0,1089.0,29.0,,,1382.0,,178.0,23.0,,303.0,135.0,1558.0,17.0,,,1256.0,42.0,396.0,67.0,16.0,31.0,268.0,1717.0,,,,2192.0,283.0,18.0,574.0,291.0,,,1634.0,260.0,,,1964.0,854.0,0.0,278.0,,40.0,71.0,1056.0,0.0,,,1714.0,,20.0,0.0,0.0,0.0,59.0,980.0,,,,2341.0,171.0,,71.0,,,,671.0,87.0,0.0,,1541.0,,117.0,270.0,,87.0,305.0,1469.0,20.0,,,1573.0,0.0,,16.0,,,0.0,977.0,0.0,,,1503.0,63.0,0.0,,,550.0,18.0,1115.0,,,,1145.0,,0.0,10.0,,,1590.0,508.0,,,,1717.0,37.0,,276.0,,24.0,,466.0,102.0,,,1731.0,29.0,103.0,1664.0,0.0,,,0.0
Xanthurenic acid_[M+Na],,,,,,,,,0.0,0.0,0.0,0.0,0.0,0.0,0.0,0.0,,,,0.0,0.0,0.0,0.0,0.0,0.0,0.0,0.0,0.0,,,0.0,,0.0,0.0,,0.0,0.0,0.0,0.0,,,0.0,0.0,0.0,0.0,0.0,0.0,0.0,0.0,,,,0.0,0.0,0.0,0.0,0.0,,,0.0,0.0,,,0.0,0.0,0.0,0.0,,0.0,0.0,0.0,0.0,,,0.0,,0.0,0.0,0.0,0.0,0.0,0.0,,,,0.0,0.0,,0.0,,,,0.0,0.0,0.0,,0.0,,0.0,0.0,,0.0,0.0,0.0,0.0,,,0.0,0.0,,0.0,,,0.0,0.0,0.0,,,0.0,0.0,0.0,,,0.0,0.0,0.0,,,,0.0,,0.0,0.0,,,0.0,0.0,,,,0.0,0.0,,0.0,,0.0,,0.0,0.0,,,0.0,0.0,0.0,0.0,0.0,,,0.0
Xanthylic acid （XMP)_[M+H],,,,,,,,,,,,,,,,,,,,,,,,,,,,,,,,,,,,,,,,,,,0.0,,,0.0,,,,,,,,,,,,,0.0,,,,,,,,,,,,,,,,,,0.0,,,,,,,,,,,,,,,,,,,,,,,,0.0,,,,,,,,,,,,,,,,,,,,,,,,,,,,,,,,,,,,,,,,,,,,,,,,,,,,,,,,,,
Xanthylic acid （XMP)_[M+Na],,,,,,,,,,,,,,,,,,,,,,,,,,,,,,,,,,,,,,,,,,,0.0,,,0.0,,,,,,,,,,,,,0.0,,,,,,,,,,,,,,,,,,0.0,,,,,,,,,,,,,,,,,,,,,,,,0.0,,,,,,,,,,,,,,,,,,,,,,,,,,,,,,,,,,,,,,,,,,,,,,,,,,,,,,,,,,
Xylitol_[M+Na],,,,,,,,,,,,,,,,0.0,,,,,,,,,,,,0.0,,,,,,,,,,,,0.0,,,,,,,,,,,,,0.0,,,,,,,,0.0,,,,,,,,,,,,,,,,,,,,,,,,0.0,,,,,,,,,,,,,,,,,,0.0,,0.0,,,,,,,,,,,,,,0.0,,,,,,,0.0,,,,,,,,,,,,,,0.0,,,,,,,,,0.0,,,,,,,,,,
alpha-D-glucose-1-phosphate_[M+Na],,,,,,,,,,,,,,,,,,,,,51.0,,,,,,,,,,,78.0,,,,,,,,,,,,,,,,,,,,,,50.0,23.0,,,,,,,,,,,,,,62.0,,,,,,,,39.0,,,82.0,3.0,,,,,,,,,,,17.0,12.0,,,,,,,11.0,,,,,,,,,372.0,,43.0,,,,,,,,,,,,,,,,,,,,,,,,,,,,,,,,,,,,60.0,,,,,,,,,,,,
d-Desthiobiotin_[M+H],295.0,721.0,597.0,541.0,91.0,926.0,736.0,521.0,856.0,942.0,626.0,489.0,957.0,829.0,793.0,823.0,101.0,76.0,741.0,305.0,10.0,727.0,914.0,1184.0,814.0,914.0,706.0,653.0,656.0,984.0,868.0,1009.0,817.0,335.0,395.0,999.0,870.0,533.0,1242.0,678.0,679.0,756.0,109.0,717.0,780.0,446.0,678.0,1119.0,741.0,928.0,715.0,784.0,328.0,1023.0,379.0,1064.0,227.0,1256.0,821.0,633.0,936.0,798.0,1150.0,828.0,971.0,180.0,915.0,774.0,988.0,907.0,1094.0,1000.0,185.0,743.0,448.0,197.0,853.0,1002.0,755.0,664.0,901.0,854.0,1082.0,1377.0,181.0,1101.0,952.0,1011.0,587.0,791.0,1273.0,13.0,826.0,994.0,618.0,68.0,1123.0,322.0,1206.0,49.0,1061.0,812.0,934.0,957.0,644.0,769.0,1121.0,1332.0,914.0,629.0,946.0,611.0,608.0,1012.0,838.0,739.0,858.0,768.0,964.0,1055.0,967.0,716.0,1333.0,680.0,691.0,944.0,133.0,847.0,795.0,727.0,743.0,251.0,844.0,853.0,703.0,941.0,975.0,740.0,478.0,785.0,551.0,590.0,941.0,912.0,740.0,514.0,1012.0,1070.0,670.0,920.0,638.0,1083.0,698.0,713.0,872.0,1136.0,126.0,495.0,1316.0
d-Desthiobiotin_[M+K],0.0,0.0,0.0,0.0,0.0,0.0,0.0,0.0,0.0,0.0,0.0,5.0,0.0,0.0,0.0,0.0,0.0,0.0,30.0,33.0,0.0,0.0,0.0,0.0,0.0,0.0,0.0,0.0,0.0,0.0,0.0,0.0,0.0,0.0,0.0,0.0,0.0,0.0,0.0,0.0,0.0,0.0,0.0,16.0,0.0,0.0,0.0,0.0,0.0,0.0,0.0,0.0,78.0,69.0,77.0,0.0,1.0,0.0,0.0,0.0,0.0,0.0,0.0,0.0,0.0,0.0,0.0,0.0,0.0,0.0,0.0,0.0,0.0,0.0,0.0,0.0,0.0,0.0,0.0,0.0,0.0,0.0,0.0,0.0,0.0,0.0,0.0,0.0,0.0,0.0,0.0,0.0,0.0,0.0,14.0,0.0,0.0,0.0,0.0,0.0,0.0,0.0,0.0,0.0,0.0,0.0,0.0,0.0,0.0,0.0,0.0,0.0,0.0,0.0,0.0,0.0,0.0,0.0,0.0,0.0,0.0,0.0,0.0,0.0,0.0,0.0,9.0,0.0,0.0,36.0,45.0,0.0,0.0,9.0,0.0,0.0,0.0,0.0,0.0,0.0,0.0,0.0,0.0,0.0,0.0,0.0,0.0,0.0,0.0,0.0,5.0,0.0,0.0,0.0,0.0,0.0,12.0,0.0,0.0
d-Desthiobiotin_[M+Na],101.0,8.0,0.0,3.0,0.0,0.0,50.0,0.0,22.0,0.0,29.0,37.0,0.0,0.0,0.0,110.0,121.0,34.0,0.0,11.0,12.0,29.0,0.0,7.0,7.0,5.0,2.0,36.0,21.0,0.0,5.0,20.0,0.0,37.0,113.0,0.0,0.0,0.0,0.0,18.0,46.0,0.0,9.0,0.0,0.0,17.0,8.0,0.0,8.0,0.0,10.0,14.0,0.0,0.0,0.0,0.0,2.0,0.0,0.0,0.0,0.0,0.0,0.0,0.0,0.0,12.0,0.0,31.0,10.0,53.0,0.0,109.0,9.0,0.0,8.0,16.0,87.0,0.0,0.0,0.0,0.0,13.0,0.0,0.0,0.0,0.0,0.0,0.0,38.0,0.0,0.0,13.0,0.0,0.0,0.0,92.0,30.0,0.0,0.0,18.0,0.0,0.0,0.0,14.0,9.0,12.0,25.0,0.0,0.0,0.0,0.0,0.0,14.0,5.0,6.0,0.0,0.0,7.0,16.0,0.0,0.0,0.0,0.0,0.0,0.0,106.0,0.0,0.0,0.0,0.0,0.0,13.0,14.0,39.0,0.0,0.0,0.0,0.0,0.0,62.0,18.0,4.0,0.0,0.0,12.0,13.0,0.0,0.0,75.0,0.0,0.0,53.0,12.0,0.0,0.0,0.0,14.0,12.0,56.0
dATP_[M+H],,,,,,,,,,0.0,0.0,0.0,0.0,0.0,0.0,,,,,,0.0,0.0,0.0,,0.0,0.0,0.0,0.0,,,,0.0,0.0,0.0,0.0,0.0,0.0,,,,,100.0,0.0,0.0,0.0,0.0,0.0,0.0,,,,,0.0,0.0,0.0,0.0,0.0,0.0,0.0,,,,,,0.0,0.0,0.0,0.0,0.0,0.0,,,,,,0.0,0.0,0.0,0.0,0.0,0.0,0.0,,,,,0.0,0.0,0.0,0.0,0.0,0.0,,,,,,0.0,0.0,0.0,0.0,0.0,0.0,0.0,,,,,0.0,0.0,0.0,0.0,0.0,0.0,0.0,,,,,0.0,0.0,0.0,0.0,0.0,0.0,,,,,,0.0,0.0,0.0,0.0,0.0,0.0,,,,,35.0,,0.0,0.0,0.0,0.0,0.0,,,,,,2.0,0.0,,,,,
dATP_[M+Na],,,,,,,,,,0.0,0.0,0.0,0.0,0.0,0.0,,,,,,0.0,0.0,0.0,,0.0,0.0,41.0,0.0,,,,0.0,0.0,0.0,0.0,0.0,0.0,,,,,8.0,0.0,0.0,0.0,0.0,0.0,0.0,,,,,0.0,0.0,0.0,0.0,0.0,0.0,0.0,,,,,,0.0,0.0,0.0,0.0,0.0,0.0,,,,,,0.0,0.0,0.0,0.0,0.0,0.0,23.0,,,,,0.0,0.0,0.0,0.0,0.0,0.0,,,,,,0.0,0.0,0.0,0.0,0.0,0.0,54.0,,,,,0.0,0.0,0.0,0.0,0.0,0.0,4.0,,,,,0.0,0.0,0.0,0.0,0.0,0.0,,,,,,0.0,0.0,0.0,0.0,0.0,0.0,,,,,2.0,,0.0,0.0,0.0,0.0,0.0,,,,,,0.0,0.0,,,,,
gamma-Glutamylcysteine_[M+H],21.0,62.0,26.0,91.0,86.0,50.0,68.0,93.0,74.0,469.0,773.0,933.0,492.0,1808.0,1888.0,461.0,698.0,36.0,17.0,305.0,1559.0,2412.0,54.0,863.0,658.0,1120.0,91.0,6.0,131.0,19.0,521.0,401.0,600.0,85.0,805.0,546.0,732.0,334.0,269.0,118.0,122.0,933.0,1791.0,1216.0,232.0,572.0,3181.0,750.0,355.0,178.0,389.0,55.0,636.0,453.0,213.0,745.0,1901.0,2033.0,1189.0,694.0,354.0,88.0,67.0,541.0,816.0,2988.0,226.0,111.0,133.0,886.0,351.0,63.0,,42.0,500.0,37.0,827.0,620.0,634.0,1580.0,1681.0,,153.0,110.0,120.0,804.0,1685.0,469.0,912.0,814.0,194.0,767.0,119.0,338.0,,187.0,183.0,1069.0,871.0,805.0,1986.0,1083.0,724.0,1006.0,72.0,276.0,94.0,863.0,861.0,95.0,822.0,80.0,1867.0,1970.0,420.0,142.0,112.0,38.0,230.0,1319.0,1479.0,277.0,957.0,425.0,138.0,388.0,444.0,128.0,44.0,63.0,506.0,880.0,272.0,314.0,2333.0,188.0,,152.0,163.0,33.0,58.0,913.0,28.0,1094.0,2021.0,453.0,388.0,564.0,120.0,207.0,72.0,381.0,226.0,858.0,397.0,225.0,,81.0,173.0
